"SYMBOL","COMPANY NAME","SUBJECT","DETAILS","BROADCAST DATE/TIME","RECEIPT","DISSEMINATION","DIFFERENCE","ATTACHMENT"
"TCS","Tata Consultancy Services Limited","Analysts/Institutional Investor Meet/Con. Call Updates","Tata Consultancy Services Limited has informed the Exchange about Schedule of meet","31-Dec-2025 18:24:36","2025-12-31 18:24:36","31-Dec-2025 18:24:37","00:00:01","https://nsearchives.nseindia.com/corporate/TCS_CORPCS_31122025182420_SEIntimation.pdf"
"TCS","Tata Consultancy Services Limited","Analysts/Institutional Investor Meet/Con. Call Updates","Tata Consultancy Services Limited has informed the Exchange about Transcript","23-Dec-2025 19:57:28","2025-12-23 19:57:28","23-Dec-2025 19:57:29","00:00:01","https://nsearchives.nseindia.com/corporate/TCS_CORPCS_23122025195649_Signed_SEInt_letter.pdf"
"TCS","Tata Consultancy Services Limited","Record Date","Tata Consultancy Services Limited has informed the Exchange that Record date for the purpose of Dividend  is 17-Jan-2026.","23-Dec-2025 19:18:51","2025-12-23 19:18:51","23-Dec-2025 19:18:52","00:00:01","https://nsearchives.nseindia.com/corporate/TCS_CORPCS_23122025191627_PreBMSEIntsigned.pdf"
"TCS","Tata Consultancy Services Limited","Updates","Tata Consultancy Services Limited has informed the Exchange regarding 'Press Release - TCS BaNCS Gets AI Upgrade: New Core Tool to Supercharge Innovation'.","19-Dec-2025 11:41:19","2025-12-19 11:41:19","19-Dec-2025 11:41:20","00:00:01","https://nsearchives.nseindia.com/corporate/TCS_CORPCS_19122025114100_Ltr_19Dec25signed.pdf"
"TCS","Tata Consultancy Services Limited","Incorporation","Tata Consultancy Services Limited has informed the Exchange about Incorporation","18-Dec-2025 19:36:35","2025-12-18 19:36:35","18-Dec-2025 19:36:36","00:00:01","https://nsearchives.nseindia.com/corporate/TCS_CORPCS_18122025193553_Signed_Final_SE_Intimation.pdf"
"TCS","Tata Consultancy Services Limited","Updates","Tata Consultancy Services Limited has informed the Exchange regarding 'Press Release - TCS Strengthens Partnership with Aviva UK to Enhance Life and Pensions Customer Experience'.","18-Dec-2025 15:00:49","2025-12-18 15:00:49","18-Dec-2025 15:00:51","00:00:02","https://nsearchives.nseindia.com/corporate/TCS_CORPCS_18122025150036_Ltr_18Dec25signed.pdf"
"TCS","Tata Consultancy Services Limited","Analysts/Institutional Investor Meet/Con. Call Updates","Tata Consultancy Services Limited has informed the Exchange about Presentation","17-Dec-2025 15:52:24","2025-12-17 15:52:24","17-Dec-2025 15:52:25","00:00:01","https://nsearchives.nseindia.com/corporate/TCS_CORPCS_17122025155131_Signed_SE_Int.pdf"
"TCS","Tata Consultancy Services Limited","Incorporation","Tata Consultancy Services Limited has informed the Exchange about Incorporation","17-Dec-2025 11:34:44","2025-12-17 11:34:44","17-Dec-2025 11:34:46","00:00:02","https://nsearchives.nseindia.com/corporate/TCS_CORPCS_17122025113408_SEDisclsoure-Bhutanfinal.pdf"
"TCS","Tata Consultancy Services Limited","Incorporation","Tata Consultancy Services Limited has informed the Exchange about Update on Incorporation","16-Dec-2025 19:59:08","2025-12-16 19:59:08","16-Dec-2025 19:59:09","00:00:01","https://nsearchives.nseindia.com/corporate/TCS_CORPCS_16122025195847_SE_Letter_incorporation.pdf"
"TCS","Tata Consultancy Services Limited","Updates","Tata Consultancy Services Limited has informed the Exchange regarding 'Press Release - TCS and CII unveil the 2025 Artificial Intelligence & IP Report for India'.","16-Dec-2025 16:04:23","2025-12-16 16:04:23","16-Dec-2025 16:04:23","00:00:00","https://nsearchives.nseindia.com/corporate/TCS_CORPCS_16122025160357_Ltr_16Dec25signed.pdf"
"TCS","Tata Consultancy Services Limited","Updates","Tata Consultancy Services Limited has informed the Exchange regarding 'Press Release - TCS Opens New Office in Romania to Power Up its European Delivery Network'.","15-Dec-2025 14:34:25","2025-12-15 14:34:25","15-Dec-2025 14:34:26","00:00:01","https://nsearchives.nseindia.com/corporate/TCS_CORPCS_15122025143415_PR_15Dec25_signed.pdf"
"TCS","Tata Consultancy Services Limited","Analysts/Institutional Investor Meet/Con. Call Updates","Tata Consultancy Services Limited has informed the Exchange about Link to access webcast of TCS Analyst Day 2025 scheduled on December 17, 2025","12-Dec-2025 18:56:25","2025-12-12 18:56:25","12-Dec-2025 18:56:26","00:00:01","https://nsearchives.nseindia.com/corporate/TCS_CORPCS_12122025185413_SE_letter_link_Signed.pdf"
"TCS","Tata Consultancy Services Limited","Credit Rating","Tata Consultancy Services Limited has informed the Exchange about Credit Rating","12-Dec-2025 11:45:10","2025-12-12 11:45:10","12-Dec-2025 11:45:10","00:00:00","https://nsearchives.nseindia.com/corporate/TCS_CORPCS_12122025114411_SEInt_12122025.pdf"
"TCS","Tata Consultancy Services Limited","Analysts/Institutional Investor Meet/Con. Call Updates","Tata Consultancy Services Limited has informed the Exchange about Schedule of meet","11-Dec-2025 18:33:50","2025-12-11 18:33:50","11-Dec-2025 18:33:50","00:00:00","https://nsearchives.nseindia.com/corporate/TCS_CORPCS_11122025183212_Signed_SE_Intimation.pdf"
"TCS","Tata Consultancy Services Limited","Press Release","Tata Consultancy Services Limited has informed the Exchange regarding a press release dated December 10, 2025, titled ""TCS Acquires Coastal Cloud, a Leading US Salesforce Consulting Firm"".","10-Dec-2025 21:16:28","2025-12-10 21:16:28","10-Dec-2025 21:16:29","00:00:01","https://nsearchives.nseindia.com/corporate/TCS_CORPCS_10122025211605_SE_disclosure_Finalsigned.pdf"
"TCS","Tata Consultancy Services Limited","Acquisition","Tata Consultancy Services Limited has informed the Exchange about Acquisition","10-Dec-2025 21:14:48","2025-12-10 21:14:48","10-Dec-2025 21:14:49","00:00:01","https://nsearchives.nseindia.com/corporate/TCS_CORPCS_10122025211428_SE_disclosure_Finalsigned.pdf"
"TCS","Tata Consultancy Services Limited","Outcome of Board Meeting","Tata Consultancy Services Limited has informed the Exchange regarding Outcome of Board Meeting held on December 10, 2025.","10-Dec-2025 21:13:44","2025-12-10 21:13:44","10-Dec-2025 21:13:45","00:00:01","https://nsearchives.nseindia.com/corporate/TCS_CORPCS_10122025211214_SE_disclosure_Finalsigned.pdf"
"TCS","Tata Consultancy Services Limited","Analysts/Institutional Investor Meet/Con. Call Updates","Tata Consultancy Services Limited has informed the Exchange about Schedule of meet","04-Dec-2025 18:55:37","2025-12-04 18:55:37","04-Dec-2025 18:55:38","00:00:01","https://nsearchives.nseindia.com/corporate/TCS_CORPCS_04122025185255_SEInt04112025_signed.pdf"
"TCS","Tata Consultancy Services Limited","Updates","Tata Consultancy Services Limited has informed the Exchange regarding 'Press Release - AI Will Be Key Driver for Margin Gains in 2026 finds TCS Future-Ready Manufacturing Study'.","03-Dec-2025 18:34:07","2025-12-03 18:34:07","03-Dec-2025 18:34:07","00:00:00","https://nsearchives.nseindia.com/corporate/TCS_CORPCS_03122025183359_PR_03Dec25_signed.pdf"
"TCS","Tata Consultancy Services Limited","Updates","Tata Consultancy Services Limited has informed the Exchange regarding 'Press Release - SAP Selects TCS in 5-Year Deal to Transform its IT Landscape'.","27-Nov-2025 13:30:11","2025-11-27 13:30:11","27-Nov-2025 13:30:11","00:00:00","https://nsearchives.nseindia.com/corporate/TCS_CORPCS_27112025132657_PR_27Nov25_signed.pdf"
"TCS","Tata Consultancy Services Limited","Updates","Tata Consultancy Services Limited has informed the Exchange regarding 'Press Release - TCS to Power ALDI SOUTH's Digital Transformation Across Continents with AI-Enabled Cloud Solutions'.","26-Nov-2025 11:00:07","2025-11-26 11:00:07","26-Nov-2025 11:00:08","00:00:01","https://nsearchives.nseindia.com/corporate/TCS_CORPCS_26112025105504_PR_26Nov25_signed.pdf"
"TCS","Tata Consultancy Services Limited","General Updates","Tata Consultancy Services Limited has informed the Exchange about General Updates","22-Nov-2025 23:01:35","2025-11-22 23:01:35","22-Nov-2025 23:01:37","00:00:02","https://nsearchives.nseindia.com/corporate/TCS_CORPCS_22112025230104_SEint22112025.pdf"
"TCS","Tata Consultancy Services Limited","Agreements","Tata Consultancy Services Limited has informed the Exchange about Agreements","20-Nov-2025 17:08:10","2025-11-20 17:08:10","20-Nov-2025 17:08:11","00:00:01","https://nsearchives.nseindia.com/corporate/TCS_CORPCS_20112025170749_SE_letter_201125_signed.pdf"
"TCS","Tata Consultancy Services Limited","Press Release","Tata Consultancy Services Limited has informed the Exchange regarding a press release dated November 20, 2025, titled ""TCS Secures $1Bn Investment from TPG to Accelerate AI Data Center Business HyperVault"".","20-Nov-2025 17:04:33","2025-11-20 17:04:33","20-Nov-2025 17:04:34","00:00:01","https://nsearchives.nseindia.com/corporate/TCS_CORPCS_20112025170413_SE_letter_201125_signed.pdf"
"TCS","Tata Consultancy Services Limited","Outcome of Board Meeting","Tata Consultancy Services Limited has informed the Exchange regarding Outcome of the meeting of Investment Committee of the Board held on November 20, 2025.","20-Nov-2025 16:59:53","2025-11-20 16:59:53","20-Nov-2025 16:59:54","00:00:01","https://nsearchives.nseindia.com/corporate/TCS_CORPCS_20112025165913_SE_letter_201125_signed.pdf"
"TCS","Tata Consultancy Services Limited","Copy of Newspaper Publication","Tata Consultancy Services Limited has informed the Exchange about Copy of Newspaper Publication regarding the opening of special window for re-lodgement of transfer requests of physical shares","19-Nov-2025 17:19:14","2025-11-19 17:19:14","19-Nov-2025 17:19:14","00:00:00","https://nsearchives.nseindia.com/corporate/TCS_CORPCS_19112025171844_SEInt19112025.pdf"
"TCS","Tata Consultancy Services Limited","Updates","Tata Consultancy Services Limited has informed the Exchange regarding 'Press Release -  TCS recognized as the Most Valuable IT Services Brand in Asia'.","19-Nov-2025 11:21:39","2025-11-19 11:21:39","19-Nov-2025 11:21:40","00:00:01","https://nsearchives.nseindia.com/corporate/TCS_CORPCS_19112025112118_PR_19Nov25_signed.pdf"
"TCS","Tata Consultancy Services Limited","Updates","Tata Consultancy Services Limited has informed the Exchange regarding 'Press Release - NHS Supply Chain Selects TCS to Transform Healthcare Delivery using AI & Cloud in a 5 Year Deal'.","18-Nov-2025 15:30:28","2025-11-18 15:30:28","18-Nov-2025 15:30:29","00:00:01","https://nsearchives.nseindia.com/corporate/TCS_CORPCS_18112025152519_PR_18Nov25_signed.pdf"
"TCS","Tata Consultancy Services Limited","Analysts/Institutional Investor Meet/Con. Call Updates","Tata Consultancy Services Limited has informed the Exchange about Schedule of meet","17-Nov-2025 16:50:42","2025-11-17 16:50:42","17-Nov-2025 16:50:43","00:00:01","https://nsearchives.nseindia.com/corporate/TCS_CORPCS_17112025165000_SEInt17112025_signed.pdf"
"TCS","Tata Consultancy Services Limited","Updates","Tata Consultancy Services Limited has informed the Exchange regarding 'Press Release -  TCS, Sybyl, and iXAfrica Partner to Accelerate Sovereign Cloud Adoption in East Africa'.","13-Nov-2025 12:00:07","2025-11-13 12:00:07","13-Nov-2025 12:00:08","00:00:01","https://nsearchives.nseindia.com/corporate/TCS_CORPCS_13112025115636_PR_13Nov25_1_signed.pdf"
"TCS","Tata Consultancy Services Limited","Updates","Tata Consultancy Services Limited has informed the Exchange regarding 'Tata Consultancy Services Limited has informed the Exchange regarding 'Press Release - Lion Selects TCS to drive AI-Powered Transformation and Business Growth''.","13-Nov-2025 08:05:15","2025-11-13 08:05:15","13-Nov-2025 08:05:16","00:00:01","https://nsearchives.nseindia.com/corporate/TCS_CORPCS_13112025080442_Ltr_13Nov25_signed.pdf"
"TCS","Tata Consultancy Services Limited","Copy of Newspaper Publication","Tata Consultancy Services Limited has informed the Exchange about Copy of Newspaper Publication","12-Nov-2025 18:15:05","2025-11-12 18:15:05","12-Nov-2025 18:15:06","00:00:01","https://nsearchives.nseindia.com/corporate/TCS_CORPCS_12112025181354_SEInt12112025_signed.pdf"
"TCS","Tata Consultancy Services Limited","Updates","Tata Consultancy Services Limited has informed the Exchange regarding 'Press Release - TCS and SINTEF Forge Partnership to Deploy Artificial Intelligence for Improving Elderly Care'.","11-Nov-2025 15:00:06","2025-11-11 15:00:06","11-Nov-2025 15:00:07","00:00:01","https://nsearchives.nseindia.com/corporate/TCS_CORPCS_11112025145208_PR_11Nov25_signed.pdf"
"TCS","Tata Consultancy Services Limited","Updates","Tata Consultancy Services Limited has informed the Exchange regarding 'Press Release - ABB Extends 18-year Partnership with TCS to Implement AI-driven IT Operations'.","05-Nov-2025 11:00:05","2025-11-05 11:00:05","05-Nov-2025 11:00:06","00:00:01","https://nsearchives.nseindia.com/corporate/TCS_CORPCS_05112025105039_PR_05Nov25_signed.pdf"
"TCS","Tata Consultancy Services Limited","Analysts/Institutional Investor Meet/Con. Call Updates","Tata Consultancy Services Limited has informed the Exchange about Transcript","04-Nov-2025 16:54:49","2025-11-04 16:54:49","04-Nov-2025 16:54:50","00:00:01","https://nsearchives.nseindia.com/corporate/TCS_CORPCS_04112025165310_SEInt04112025.pdf"
"TCS","Tata Consultancy Services Limited","Updates","Tata Consultancy Services Limited has informed the Exchange regarding 'Press Release - Leading UK Supermarket Chain Morrisons Partners with TCS to Transform the Customer Experience'.","04-Nov-2025 15:30:06","2025-11-04 15:30:06","04-Nov-2025 15:30:08","00:00:02","https://nsearchives.nseindia.com/corporate/TCS_CORPCS_04112025152142_PR_04Nov25_signed.pdf"
"TCS","Tata Consultancy Services Limited","Analysts/Institutional Investor Meet/Con. Call Updates","Tata Consultancy Services Limited has informed the Exchange about Link of Recording","01-Nov-2025 12:13:16","2025-11-01 12:13:16","01-Nov-2025 12:13:17","00:00:01","https://nsearchives.nseindia.com/corporate/TCS_CORPCS_01112025121233_SEInt01112025_signed.pdf"
"TCS","Tata Consultancy Services Limited","Updates","Tata Consultancy Services Limited has informed the Exchange regarding 'Press Release -  TCS Partners with Tata Motors to Power Future-Ready Sustainability Reporting and Reduce Environmental Impact'.","30-Oct-2025 16:10:05","2025-10-30 16:10:05","30-Oct-2025 16:10:06","00:00:01","https://nsearchives.nseindia.com/corporate/TCS_CORPCS_30102025160909_SignedLtr_30Oct25.pdf"
"TCS","Tata Consultancy Services Limited","Incorporation","Tata Consultancy Services Limited has informed the Exchange about update on Incorporation","30-Oct-2025 15:23:20","2025-10-30 15:23:20","30-Oct-2025 15:23:21","00:00:01","https://nsearchives.nseindia.com/corporate/TCS_CORPCS_30102025152254_SE_Letter_301025_signed.pdf"
"TCS","Tata Consultancy Services Limited","Analysts/Institutional Investor Meet/Con. Call Updates","Tata Consultancy Services Limited has informed the Exchange about Link for Investor Call scheduled for October 31, 2025","30-Oct-2025 10:19:51","2025-10-30 10:19:51","30-Oct-2025 10:19:52","00:00:01","https://nsearchives.nseindia.com/corporate/TCS_CORPCS_30102025101903_SEint30102025_signed.pdf"
"TCS","Tata Consultancy Services Limited","Analysts/Institutional Investor Meet/Con. Call Updates","Tata Consultancy Services Limited has informed the Exchange about Schedule of meet","27-Oct-2025 20:28:32","2025-10-27 20:28:32","27-Oct-2025 20:28:32","00:00:00","https://nsearchives.nseindia.com/corporate/TCS_CORPCS_27102025202758_SEInt27102025_signed.pdf"
"TCS","Tata Consultancy Services Limited","Rumour Verification - Regulation 30(11)","Tata Consultancy Services Limited has informed the Exchange about Rumour Verification - Regulation 30(11)","26-Oct-2025 23:25:37","2025-10-26 23:25:37","26-Oct-2025 23:25:38","00:00:01","https://nsearchives.nseindia.com/corporate/TCS_CORPCS_26102025232441_Reg_30_Signed_letter.pdf"
"TCS","Tata Consultancy Services Limited","Action(s) taken or orders passed","Tata Consultancy Services Limited has informed the Exchange about Action(s) taken or orders passed","17-Oct-2025 12:50:06","2025-10-17 12:50:06","17-Oct-2025 12:50:07","00:00:01","https://nsearchives.nseindia.com/corporate/TCS_CORPCS_17102025124902_SEInt17102025.pdf"
"TCS","Tata Consultancy Services Limited","Updates","Tata Consultancy Services Limited has informed the Exchange regarding 'Press Release - TCS Conducts the World''s Largest AI Hackathon'.","16-Oct-2025 11:15:29","2025-10-16 11:15:29","16-Oct-2025 11:15:30","00:00:01","https://nsearchives.nseindia.com/corporate/TCS_CORPCS_16102025111454_PR16Oct25final_signed.pdf"
"TCS","Tata Consultancy Services Limited","Analysts/Institutional Investor Meet/Con. Call Updates","Tata Consultancy Services Limited has informed the Exchange about Transcript","15-Oct-2025 15:18:29","2025-10-15 15:18:29","15-Oct-2025 15:18:30","00:00:01","https://nsearchives.nseindia.com/corporate/TCS_CORPCS_15102025151659_SE_Intimation_signed.pdf"
"TCS","Tata Consultancy Services Limited","Updates","Tata Consultancy Services Limited has informed the Exchange regarding 'Press Release - UK Retailer Kingfisher Plc Deepens Partnership with TCS to Drive AI-Powered Transformation Across Operations'.","15-Oct-2025 15:00:23","2025-10-15 15:00:23","15-Oct-2025 15:00:24","00:00:01","https://nsearchives.nseindia.com/corporate/TCS_CORPCS_15102025145834_PR_15Oct25_signed.pdf"
"TCS","Tata Consultancy Services Limited","Updates","Tata Consultancy Services Limited has informed the Exchange regarding 'Press Release - TCS Partners with Google Cloud to Integrate Gemini Enterprise for its Workforce and Customers'.","14-Oct-2025 11:00:09","2025-10-14 11:00:09","14-Oct-2025 11:00:10","00:00:01","https://nsearchives.nseindia.com/corporate/TCS_CORPCS_14102025105302_PR_14Oct25_signed.pdf"
"TCS","Tata Consultancy Services Limited","Copy of Newspaper Publication","Tata Consultancy Services Limited has informed the Exchange about Copy of Newspaper Publication","11-Oct-2025 15:50:36","2025-10-11 15:50:36","11-Oct-2025 15:50:37","00:00:01","https://nsearchives.nseindia.com/corporate/TCS_CORPCS_11102025154942_SE11102025s.pdf"
"TCS","Tata Consultancy Services Limited","Copy of Newspaper Publication","Tata Consultancy Services Limited has informed the Exchange about Copy of Newspaper Publication","10-Oct-2025 17:36:10","2025-10-10 17:36:10","10-Oct-2025 17:36:11","00:00:01","https://nsearchives.nseindia.com/corporate/TCS_CORPCS_10102025173454_SEint10102025_signed.pdf"
"TCS","Tata Consultancy Services Limited","Updates","Tata Consultancy Services Limited has informed the Exchange regarding 'Press Release -  TCS to Create 5,000 New Jobs in the UK Over the Next 3 Years'.","10-Oct-2025 12:15:01","2025-10-10 12:15:01","10-Oct-2025 12:15:03","00:00:02","https://nsearchives.nseindia.com/corporate/TCS_CORPCS_10102025121443_PR_10Oct25_signed.pdf"
"TCS","Tata Consultancy Services Limited","Analysts/Institutional Investor Meet/Con. Call Updates","Tata Consultancy Services Limited has informed the Exchange about Link of Recording","09-Oct-2025 21:21:30","2025-10-09 21:21:30","09-Oct-2025 21:21:31","00:00:01","https://nsearchives.nseindia.com/corporate/TCS_CORPCS_09102025212112_SEInt09102025_signed.pdf"
"TCS","Tata Consultancy Services Limited","Press Release","Tata Consultancy Services Limited has informed the Exchange regarding a press release dated October 9, 2025, titled ""TCS Acquires US-based ListEngage; Boosts Salesforce Practice and Agentic AI Capabilities"".","09-Oct-2025 16:25:25","2025-10-09 16:25:25","09-Oct-2025 16:25:26","00:00:01","https://nsearchives.nseindia.com/corporate/TCS_CORPCS_09102025162500_SE_Acq.pdf"
"TCS","Tata Consultancy Services Limited","Incorporation","Tata Consultancy Services Limited has informed the Exchange about Incorporation","09-Oct-2025 16:23:28","2025-10-09 16:23:28","09-Oct-2025 16:23:29","00:00:01","https://nsearchives.nseindia.com/corporate/TCS_CORPCS_09102025162257_SE_Letter_Data_Center.pdf"
"TCS","Tata Consultancy Services Limited","Acquisition","Tata Consultancy Services Limited has informed the Exchange about Acquisition","09-Oct-2025 16:21:59","2025-10-09 16:21:59","09-Oct-2025 16:22:00","00:00:01","https://nsearchives.nseindia.com/corporate/TCS_CORPCS_09102025162129_SE_Acq.pdf"
"TCS","Tata Consultancy Services Limited","General Updates","Tata Consultancy Services Limited has informed the Exchange about Date of Payment of Dividend.","09-Oct-2025 15:59:19","2025-10-09 15:59:19","09-Oct-2025 15:59:20","00:00:01","https://nsearchives.nseindia.com/corporate/TCS_CORPCS_09102025155851_PostBMSELetter.pdf"
"TCS","Tata Consultancy Services Limited","Press Release","Tata Consultancy Services Limited has informed the Exchange regarding a press release dated October 9, 2025, titled ""TCS sets course to become the world s largest AI-led technology services company"".","09-Oct-2025 15:57:14","2025-10-09 15:57:14","09-Oct-2025 15:57:15","00:00:01","https://nsearchives.nseindia.com/corporate/TCS_CORPCS_09102025155609_PressReleaseletter.pdf"
"TCS","Tata Consultancy Services Limited","Dividend","Tata Consultancy Services Limited has informed the Exchange that Board of Directors at its meeting held on October 9, 2025, declared Interim Dividend of Rs. 11 per equity share.","09-Oct-2025 15:54:25","2025-10-09 15:54:25","09-Oct-2025 15:54:26","00:00:01","https://nsearchives.nseindia.com/corporate/TCS_CORPCS_09102025155328_PostBMSELetter.pdf"
"TCS","Tata Consultancy Services Limited","Outcome of Board Meeting","Tata Consultancy Services Limited has submitted to the Exchange, the financial results for the period ended September 30, 2025.","09-Oct-2025 15:52:18","2025-10-09 15:52:18","09-Oct-2025 15:52:19","00:00:01","https://nsearchives.nseindia.com/corporate/TCS_CORPCS_09102025154951_PostBMSELetter.pdf"
"TCS","Tata Consultancy Services Limited","Updates","Tata Consultancy Services Limited has informed the Exchange regarding cancellation of Press Conference.","09-Oct-2025 15:48:18","2025-10-09 15:48:18","09-Oct-2025 15:48:19","00:00:01","https://nsearchives.nseindia.com/corporate/TCS_CORPCS_09102025154743_SEint09102025_Cancellation_of_press_conf.pdf"
"TCS","Tata Consultancy Services Limited","Updates","Tata Consultancy Services Limited has informed the Exchange regarding ' Intimation Of Change In Email ID Of Company S Registrar And Share Transfer Agent'.","30-Sep-2025 19:51:10","2025-09-30 19:51:10","30-Sep-2025 19:51:11","00:00:01","https://nsearchives.nseindia.com/corporate/TCS_CORPCS_30092025195051_signedSEInt30092025.pdf"
"TCS","Tata Consultancy Services Limited","Change in Management","Tata Consultancy Services Limited has informed the Exchange about change in Management","30-Sep-2025 16:51:32","2025-09-30 16:51:32","30-Sep-2025 16:51:33","00:00:01","https://nsearchives.nseindia.com/corporate/TCS_CORPCS_30092025164634_SE_letter_SMP_signed.pdf"
"TCS","Tata Consultancy Services Limited","Copy of Newspaper Publication","Tata Consultancy Services Limited has informed the Exchange about Copy of Newspaper Publication","25-Sep-2025 19:21:27","2025-09-25 19:21:27","25-Sep-2025 19:21:28","00:00:01","https://nsearchives.nseindia.com/corporate/TCS_CORPCS_25092025192118_SEInt25092025.pdf"
"TCS","Tata Consultancy Services Limited","Analysts/Institutional Investor Meet/Con. Call Updates","Tata Consultancy Services Limited has informed the Exchange about Schedule of meet","23-Sep-2025 19:57:21","2025-09-23 19:57:21","23-Sep-2025 19:57:22","00:00:01","https://nsearchives.nseindia.com/corporate/TCS_CORPCS_23092025195511_SEintimation_signed.pdf"
"TCS","Tata Consultancy Services Limited","Record Date","Tata Consultancy Services Limited has informed the Exchange that Record date for the purpose of Dividend  is 15-Oct-2025.","22-Sep-2025 17:07:22","2025-09-22 17:07:22","22-Sep-2025 17:07:24","00:00:02","https://nsearchives.nseindia.com/corporate/TCS_CORPCS_22092025170425_Pre_Board_meeting_intimation_-_October_2025_signed.pdf"
"TCS","Tata Consultancy Services Limited","Copy of Newspaper Publication","Tata Consultancy Services Limited has informed the Exchange about Copy of Newspaper Publication","19-Sep-2025 19:02:04","2025-09-19 19:02:04","19-Sep-2025 19:02:06","00:00:02","https://nsearchives.nseindia.com/corporate/TCS_CORPCS_19092025190058_SEInt19092025s.pdf"
"TCS","Tata Consultancy Services Limited","Updates","Tata Consultancy Services Limited has informed the Exchange regarding 'Press Release - TCS to Power Retailers with NVIDIA Accelerated Computing'.","19-Sep-2025 13:35:03","2025-09-19 13:35:03","19-Sep-2025 13:35:04","00:00:01","https://nsearchives.nseindia.com/corporate/TCS_CORPCS_19092025133429_PR_19Sep25_1_signed.pdf"
"TCS","Tata Consultancy Services Limited","Updates","Tata Consultancy Services Limited has informed the Exchange regarding 'Press Release - TCS Recognised in Everest Group's 2025 Elevate Honors for Market-Leading Growth'.","18-Sep-2025 15:00:10","2025-09-18 15:00:10","18-Sep-2025 15:00:11","00:00:01","https://nsearchives.nseindia.com/corporate/TCS_CORPCS_18092025145201_PR_18Sep25_1_signed.pdf"
"TCS","Tata Consultancy Services Limited","Updates","Tata Consultancy Services Limited has informed the Exchange regarding 'Press Release - Vodafone Idea-TCS Deepen Collaboration with AI-Powered Customer Experience Platform'.","18-Sep-2025 11:00:06","2025-09-18 11:00:06","18-Sep-2025 11:00:07","00:00:01","https://nsearchives.nseindia.com/corporate/TCS_CORPCS_18092025105141_PR_18Sep25_signed.pdf"
"TCS","Tata Consultancy Services Limited","Updates","Tata Consultancy Services Limited has informed the Exchange regarding 'Press Release - TCS and Qualcomm Collaborate to Develop AI-Driven Smart, Sustainable Capabilities for Industries'.","17-Sep-2025 11:18:29","2025-09-17 11:18:29","17-Sep-2025 11:18:31","00:00:02","https://nsearchives.nseindia.com/corporate/TCS_CORPCS_17092025111740_PR_17Sep25_finalsigned.pdf"
"TCS","Tata Consultancy Services Limited","Updates","Tata Consultancy Services Limited has informed the Exchange regarding 'Press Release -  ARN Media Partners with TCS to Modernize Operations, Scale Digital Engagement in Australia'.","16-Sep-2025 11:00:06","2025-09-16 11:00:06","16-Sep-2025 11:00:06","00:00:00","https://nsearchives.nseindia.com/corporate/TCS_CORPCS_16092025105132_PR_16Sep25_signed.pdf"
"TCS","Tata Consultancy Services Limited","Updates","Tata Consultancy Services Limited has informed the Exchange regarding 'Press Release -  The Warehouse Group Selects TCS to Lead Strategic IT Transformation Initiatives'.","15-Sep-2025 10:00:15","2025-09-15 10:00:15","15-Sep-2025 10:00:16","00:00:01","https://nsearchives.nseindia.com/corporate/TCS_CORPCS_15092025095415_PR_15Sep25_signed.pdf"
"TCS","Tata Consultancy Services Limited","Updates","Tata Consultancy Services Limited has informed the Exchange regarding 'Press Release - TCS Signs Landmark MoU with C-DAC to Strengthen India's Sovereign Cloud Infrastructure'.","12-Sep-2025 11:00:06","2025-09-12 11:00:06","12-Sep-2025 11:00:06","00:00:00","https://nsearchives.nseindia.com/corporate/TCS_CORPCS_12092025105325_PR_12Sep25_signed.pdf"
"TCS","Tata Consultancy Services Limited","Updates","Tata Consultancy Services Limited has informed the Exchange regarding 'Press Release -   TCS Unveils Chiplet-Based System Engineering Services to Accelerate Semiconductor Innovation'.","11-Sep-2025 11:00:03","2025-09-11 11:00:03","11-Sep-2025 11:00:04","00:00:01","https://nsearchives.nseindia.com/corporate/TCS_CORPCS_11092025105102_PR_11Sep25_signed.pdf"
"TCS","Tata Consultancy Services Limited","Updates","Tata Consultancy Services Limited has informed the Exchange regarding 'Press Release - AI and Digital Twins Set to Redefine Aerospace by 2035, reveals TCS Study'.","10-Sep-2025 18:11:14","2025-09-10 18:11:14","10-Sep-2025 18:11:14","00:00:00","https://nsearchives.nseindia.com/corporate/TCS_CORPCS_10092025181058_PR_10Sep25_signed.pdf"
"TCS","Tata Consultancy Services Limited","Updates","Tata Consultancy Services Limited has informed the Exchange regarding 'Press Release - TCS and CEA Partner to Advance Physical AI Research and Innovation in France'.","09-Sep-2025 11:00:07","2025-09-09 11:00:07","09-Sep-2025 11:00:08","00:00:01","https://nsearchives.nseindia.com/corporate/TCS_CORPCS_09092025105130_PR_09Sep25_signed.pdf"
"TCS","Tata Consultancy Services Limited","Updates","Tata Consultancy Services Limited has informed the Exchange regarding 'Intimation under Regulation 30 of the Securities and Exchange Board of India (Listing Obligations and Disclosure Requirements) Regulations, 2015'.","06-Sep-2025 11:59:04","2025-09-06 11:59:04","06-Sep-2025 11:59:06","00:00:02","https://nsearchives.nseindia.com/corporate/TCS_CORPCS_06092025115729_SEInt06092025_signed.pdf"
"TCS","Tata Consultancy Services Limited","Updates","Tata Consultancy Services Limited has informed the Exchange regarding 'Press Release - TCS Selected by the Government of Odisha to Build Next-Gen, AI-enabled Integrated Financial Management System'.","05-Sep-2025 10:30:06","2025-09-05 10:30:06","05-Sep-2025 10:30:07","00:00:01","https://nsearchives.nseindia.com/corporate/TCS_CORPCS_05092025101905_PR_05Sep25_signed.pdf"
"TCS","Tata Consultancy Services Limited","Updates","Tata Consultancy Services Limited has informed the Exchange regarding 'Press Release - TCS, IIT Kanpur Partner to Pioneer AI-Powered Urban Planning for Sustainable Cities'.","03-Sep-2025 13:19:27","2025-09-03 13:19:27","03-Sep-2025 13:19:28","00:00:01","https://nsearchives.nseindia.com/corporate/TCS_CORPCS_03092025131916_PR_03Sep25_signed.pdf"
"TCS","Tata Consultancy Services Limited","Updates","Tata Consultancy Services Limited has informed the Exchange regarding 'Press Release- TCS partners with Tryg on a   550M Deal to Propel Growth with Comprehensive Digital Transformation Over the Next 7 Years'.","02-Sep-2025 15:36:47","2025-09-02 15:36:47","02-Sep-2025 15:36:48","00:00:01","https://nsearchives.nseindia.com/corporate/TCS_CORPCS_02092025153636_PR_02Sep25_signed.pdf"
"TCS","Tata Consultancy Services Limited","Updates","Tata Consultancy Services Limited has informed the Exchange regarding 'Press Release -  TCS Completes One of UK's Largest Policy Migrations for Lloyds Banking Group's Scottish Widows'.","01-Sep-2025 11:00:12","2025-09-01 11:00:12","01-Sep-2025 11:00:13","00:00:01","https://nsearchives.nseindia.com/corporate/TCS_CORPCS_01092025105133_PR_01Sep25_signed.pdf"
"TCS","Tata Consultancy Services Limited","Updates","Tata Consultancy Services Limited has informed the Exchange regarding 'Press Release-Philippines Pharma Major, Unilab, Selects TCS for Cloud-Led Enterprise Modernization'.","28-Aug-2025 11:00:43","2025-08-28 11:00:43","28-Aug-2025 11:00:44","00:00:01","https://nsearchives.nseindia.com/corporate/TCS_CORPCS_28082025105333_PR_28Aug25_signed.pdf"
"TCS","Tata Consultancy Services Limited","Analysts/Institutional Investor Meet/Con. Call Updates","Tata Consultancy Services Limited has informed the Exchange about Schedule of meet","25-Aug-2025 17:30:41","2025-08-25 17:30:41","25-Aug-2025 17:30:42","00:00:01","https://nsearchives.nseindia.com/corporate/TCS_CORPCS_25082025172751_SEint25082025.pdf"
"TCS","Tata Consultancy Services Limited","Updates","Tata Consultancy Services Limited has informed the Exchange regarding 'Press Release - TCS enables ICICI Lombard to Deliver a Fully Automated Multi-Region Disaster Recovery on AWS Cloud'.","25-Aug-2025 11:00:07","2025-08-25 11:00:07","25-Aug-2025 11:00:08","00:00:01","https://nsearchives.nseindia.com/corporate/TCS_CORPCS_25082025105158_PR_25Aug25_signed.pdf"
"TCS","Tata Consultancy Services Limited","Updates","Tata Consultancy Services Limited has informed the Exchange regarding 'Press Release-Finnish Retailer Kesko Partners with TCS to Drive AI-Powered Retail Transformation'.","20-Aug-2025 14:30:12","2025-08-20 14:30:12","20-Aug-2025 14:30:13","00:00:01","https://nsearchives.nseindia.com/corporate/TCS_CORPCS_20082025142506_PR_20Aug25_signed.pdf"
"TCS","Tata Consultancy Services Limited","Copy of Newspaper Publication","Tata Consultancy Services Limited has informed the Exchange about Copy of Newspaper Publication","19-Aug-2025 18:16:38","2025-08-19 18:16:38","19-Aug-2025 18:16:39","00:00:01","https://nsearchives.nseindia.com/corporate/TCS_CORPCS_19082025181538_SE_Intimation19082025_signed.pdf"
"TCS","Tata Consultancy Services Limited","Updates","Tata Consultancy Services Limited has informed the Exchange regarding 'Press Release-TCS Launches New AI-enhanced Operations Center in Latin America'.","19-Aug-2025 11:00:07","2025-08-19 11:00:07","19-Aug-2025 11:00:07","00:00:00","https://nsearchives.nseindia.com/corporate/TCS_CORPCS_19082025105223_PR_19Aug25_signed.pdf"
"TCS","Tata Consultancy Services Limited","Copy of Newspaper Publication","Tata Consultancy Services Limited has informed the Exchange about Copy of Newspaper Publication","13-Aug-2025 19:03:41","2025-08-13 19:03:41","13-Aug-2025 19:03:42","00:00:01","https://nsearchives.nseindia.com/corporate/TCS_CORPCS_13082025185750_SEInt13082025s.pdf"
"TCS","Tata Consultancy Services Limited","Updates","Tata Consultancy Services Limited has informed the Exchange regarding 'Press Release - TCS Partners with Now Corporation to Power Philippines' Sovereign Data Cloud and Financial Inclusivity'.","11-Aug-2025 13:59:58","2025-08-11 13:59:58","11-Aug-2025 13:59:59","00:00:01","https://nsearchives.nseindia.com/corporate/TCS_CORPCS_11082025135238_PR_11Aug25_signed.pdf"
"TCS","Tata Consultancy Services Limited","Updates","Tata Consultancy Services Limited has informed the Exchange regarding 'Press Release-TCS Extends Partnership with Weatherford International to Enable AI Driven Business Transformation'.","05-Aug-2025 10:59:40","2025-08-05 10:59:40","05-Aug-2025 10:59:41","00:00:01","https://nsearchives.nseindia.com/corporate/TCS_CORPCS_05082025105112_PR_05Aug25_signed.pdf"
"TCS","Tata Consultancy Services Limited","Analysts/Institutional Investor Meet/Con. Call Updates","Tata Consultancy Services Limited has informed the Exchange about Schedule of meet","31-Jul-2025 16:55:02","2025-07-31 16:55:02","31-Jul-2025 16:55:03","00:00:01","https://nsearchives.nseindia.com/corporate/TCS_CORPCS_31072025165352_SEInt31072025.pdf"
"TCS","Tata Consultancy Services Limited","Copy of Newspaper Publication","Tata Consultancy Services Limited has informed the Exchange about Copy of Newspaper Publication","19-Jul-2025 19:39:37","2025-07-19 19:39:37","19-Jul-2025 19:39:38","00:00:01","https://nsearchives.nseindia.com/corporate/TCS_CORPCS_19072025193826_SE_Intimation_19072025.pdf"
"TCS","Tata Consultancy Services Limited","Updates","Tata Consultancy Services Limited has informed the Exchange regarding 'Press Release - TCS Ranked Among Top 20 Global Technology Brands in Brand Finance Tech 100 2025 List'.","17-Jul-2025 12:11:06","2025-07-17 12:11:06","17-Jul-2025 12:11:07","00:00:01","https://nsearchives.nseindia.com/corporate/TCS_CORPCS_17072025121041_PR17Jul25signed.pdf"
"TCS","Tata Consultancy Services Limited","Updates","Tata Consultancy Services Limited has informed the Exchange regarding 'Press Release - TCS & MIT Sloan Management Review Launch New Research Series; Unveil Roadmap for Human-AI collaboration in Enterprises'.","15-Jul-2025 18:31:28","2025-07-15 18:31:28","15-Jul-2025 18:31:28","00:00:00","https://nsearchives.nseindia.com/corporate/TCS_CORPCS_15072025183052_SEint15072025_signed.pdf"
"TCS","Tata Consultancy Services Limited","Analysts/Institutional Investor Meet/Con. Call Updates","Tata Consultancy Services Limited has informed the Exchange about Transcript","14-Jul-2025 19:08:14","2025-07-14 19:08:14","14-Jul-2025 19:08:15","00:00:01","https://nsearchives.nseindia.com/corporate/TCS_CORPCS_14072025190635_SEint14172025_signed.pdf"
"TCS","Tata Consultancy Services Limited","Copy of Newspaper Publication","Tata Consultancy Services Limited has informed the Exchange about Copy of Newspaper Publication","12-Jul-2025 15:56:35","2025-07-12 15:56:35","12-Jul-2025 15:56:36","00:00:01","https://nsearchives.nseindia.com/corporate/TCS_CORPCS_12072025155621_SE_Intimation_Newpaper_Advt_Financials_Q1_signed.pdf"
"TCS","Tata Consultancy Services Limited","Copy of Newspaper Publication","Tata Consultancy Services Limited has informed the Exchange about Copy of Newspaper Publication","11-Jul-2025 19:56:29","2025-07-11 19:56:29","11-Jul-2025 19:56:30","00:00:01","https://nsearchives.nseindia.com/corporate/TCS_CORPCS_11072025195559_SEint11072025_signed.pdf"
"TCS","Tata Consultancy Services Limited","Analysts/Institutional Investor Meet/Con. Call Updates","Tata Consultancy Services Limited has informed the Exchange about Link of Recording","10-Jul-2025 23:16:47","2025-07-10 23:16:47","10-Jul-2025 23:16:49","00:00:02","https://nsearchives.nseindia.com/corporate/TCS_CORPCS_10072025231618_SEint10072025.pdf"
"TCS","Tata Consultancy Services Limited","General Updates","Tata Consultancy Services Limited has informed the Exchange about Date of Payment of Dividend","10-Jul-2025 16:03:11","2025-07-10 16:03:11","10-Jul-2025 16:03:12","00:00:01","https://nsearchives.nseindia.com/corporate/TCS_CORPCS_10072025160231_SEIntfinancials.pdf"
"TCS","Tata Consultancy Services Limited","Press Release","Tata Consultancy Services Limited has informed the Exchange regarding a press release dated July 10, 2025, titled ""Robust Order Book and Operational Resilience mark TCS  Q1"".","10-Jul-2025 16:01:19","2025-07-10 16:01:19","10-Jul-2025 16:01:21","00:00:02","https://nsearchives.nseindia.com/corporate/TCS_CORPCS_10072025160055_BM_Outcome_-_July_2025__pressrelease.pdf"
"TCS","Tata Consultancy Services Limited","Dividend","Tata Consultancy Services Limited has informed the Exchange that Board of Directors at its meeting held on July 10, 2025, declared Interim Dividend of Rs. 11 per equity share.","10-Jul-2025 15:59:34","2025-07-10 15:59:34","10-Jul-2025 15:59:35","00:00:01","https://nsearchives.nseindia.com/corporate/TCS_CORPCS_10072025155909_SEIntfinancials.pdf"
"TCS","Tata Consultancy Services Limited","Outcome of Board Meeting","Tata Consultancy Services Limited has submitted to the Exchange, the financial results for the period ended Jun 30, 2025.","10-Jul-2025 15:57:29","2025-07-10 15:57:29","10-Jul-2025 15:57:31","00:00:02","https://nsearchives.nseindia.com/corporate/TCS_CORPCS_10072025155700_SEIntfinancials.pdf"
"TCS","Tata Consultancy Services Limited","Credit Rating- Revision","Tata Consultancy Services Limited has informed the Exchange about Credit Rating- Revision","04-Jul-2025 18:49:20","2025-07-04 18:49:20","04-Jul-2025 18:49:21","00:00:01","https://nsearchives.nseindia.com/corporate/TCS_CORPCS_04072025184735_SEint04072025_signed.pdf"
"TCS","Tata Consultancy Services Limited","Analysts/Institutional Investor Meet/Con. Call Updates","Tata Consultancy Services Limited has informed the Exchange about Schedule of meet","30-Jun-2025 19:13:30","2025-06-30 19:13:30","30-Jun-2025 19:13:32","00:00:02","https://nsearchives.nseindia.com/corporate/TCS_CORPCS_30062025191154_signedSEint30062025.pdf"
"TCS","Tata Consultancy Services Limited","Copy of Newspaper Publication","Tata Consultancy Services Limited has informed the Exchange about Copy of Newspaper Publication","28-Jun-2025 16:36:55","2025-06-28 16:36:55","28-Jun-2025 16:36:56","00:00:01","https://nsearchives.nseindia.com/corporate/TCS_CORPCS_28062025163553_SEInt28062025_signed.pdf"
"TCS","Tata Consultancy Services Limited","Record Date","Tata Consultancy Services Limited has informed the Exchange that Record date for the purpose of Dividend  is 16-Jul-2025.","27-Jun-2025 18:49:53","2025-06-27 18:49:53","27-Jun-2025 18:49:54","00:00:01","https://nsearchives.nseindia.com/corporate/TCS_CORPCS_27062025184839_Pre_Board_meeting_intimation_-_July_2025_signed.pdf"
"TCS","Tata Consultancy Services Limited","Updates","Tata Consultancy Services Limited has informed the Exchange regarding 'Press Release-TCS Accelerates Software-Defined Vehicle Innovation in Europe with Launch of Three New Hubs'.","20-Jun-2025 16:00:06","2025-06-20 16:00:06","20-Jun-2025 16:00:07","00:00:01","https://nsearchives.nseindia.com/corporate/TCS_CORPCS_20062025155539_PR_20June25_signed.pdf"
"TCS","Tata Consultancy Services Limited","Shareholders meeting","Tata Consultancy Services Limited has informed the Exchange regarding Proceedings of Annual General Meeting held on June 19, 2025. Further, the Company has submitted the Exchange a copy of Srutinizers report along with voting results.","19-Jun-2025 22:19:35","2025-06-19 22:19:35","19-Jun-2025 22:19:36","00:00:01","https://nsearchives.nseindia.com/corporate/TCS_CORPCS_19062025221526_SEINT19062025_signed.pdf"
"TCS","Tata Consultancy Services Limited","Updates","Tata Consultancy Services Limited has informed the Exchange regarding 'Press Release-Council of Europe Development Bank Partners with TCS to Transform Reconciliation Processes'.","16-Jun-2025 16:00:19","2025-06-16 16:00:19","16-Jun-2025 16:00:19","00:00:00","https://nsearchives.nseindia.com/corporate/TCS_CORPCS_16062025155252_PR_16June25_4pm_signed.pdf"
"TCS","Tata Consultancy Services Limited","Updates","Tata Consultancy Services Limited has informed the Exchange regarding 'Press Release-TCS Partners with Denmark's Largest Retailer, Salling Group, to Drive Digital Transformation and AI Enabled Cloud Migration'.","16-Jun-2025 11:05:46","2025-06-16 11:05:46","16-Jun-2025 11:05:47","00:00:01","https://nsearchives.nseindia.com/corporate/TCS_CORPCS_16062025110528_PR_16June25_final_signed.pdf"
"TCS","Tata Consultancy Services Limited","Analysts/Institutional Investor Meet/Con. Call Updates","Tata Consultancy Services Limited has informed the Exchange about Schedule of meet","09-Jun-2025 18:41:15","2025-06-09 18:41:15","09-Jun-2025 18:41:16","00:00:01","https://nsearchives.nseindia.com/corporate/TCS_CORPCS_09062025184050_SEInt09062025_signed.pdf"
"TCS","Tata Consultancy Services Limited","Credit Rating- New","Tata Consultancy Services Limited has informed the Exchange about Credit Rating- New","06-Jun-2025 19:21:27","2025-06-06 19:21:27","06-Jun-2025 19:21:27","00:00:00","https://nsearchives.nseindia.com/corporate/TCS_CORPCS_06062025192058_SEint06062025_signed.pdf"
"TCS","Tata Consultancy Services Limited","Updates","Tata Consultancy Services Limited has informed the Exchange regarding 'Press Release - Virgin Atlantic and TCS Extend Two-Decade Partnership to Modernize Airline Operations with AI-led Solutions'.","03-Jun-2025 13:00:47","2025-06-03 13:00:47","03-Jun-2025 13:00:49","00:00:02","https://nsearchives.nseindia.com/corporate/TCS_CORPCS_03062025125319_PR_3June25_signed.pdf"
"TCS","Tata Consultancy Services Limited","Analysts/Institutional Investor Meet/Con. Call Updates","Tata Consultancy Services Limited has informed the Exchange about Schedule of meet","02-Jun-2025 18:43:04","2025-06-02 18:43:04","02-Jun-2025 18:43:06","00:00:02","https://nsearchives.nseindia.com/corporate/TCS_CORPCS_02062025184110_SEint02062025_signed.pdf"
"TCS","Tata Consultancy Services Limited","Copy of Newspaper Publication","Tata Consultancy Services Limited has informed Stock Exchange about the copy of newspaper publication regarding e-voting information for 30th Annual General Meeting of the Company.","28-May-2025 17:06:34","2025-05-28 17:06:34","28-May-2025 17:06:34","00:00:00","https://nsearchives.nseindia.com/corporate/TCS_CORPCS_28052025170625_SEInt28052025_signed.pdf"
"TCS","Tata Consultancy Services Limited","General Updates","Tata Consultancy Services Limited has informed the Exchange about letter sent to Members providing web link of Integrated Annual Report 2024-25.","28-May-2025 17:00:10","2025-05-28 17:00:10","28-May-2025 17:00:11","00:00:01","https://nsearchives.nseindia.com/corporate/TCS_CORPCS_28052025170000_SE_Letter_Final_signed.pdf"
"TCS","Tata Consultancy Services Limited","Updates","Tata Consultancy Services Limited has informed the Exchange regarding 'Business Responsibility and Sustainability Report for the financial year 2024-25'.","27-May-2025 23:37:22","2025-05-27 23:37:22","27-May-2025 23:37:24","00:00:02","https://nsearchives.nseindia.com/corporate/TCS_CORPCS_27052025233643_BRSRSEint27052025_signed.pdf"
"TCS","Tata Consultancy Services Limited","Shareholders meeting","Tata Consultancy Services Limited has informed the Exchange regarding Notice of Annual General Meeting to be held on Jun 19, 2025","27-May-2025 23:29:56","2025-05-27 23:29:56","27-May-2025 23:29:56","00:00:00","https://nsearchives.nseindia.com/corporate/TCS_CORPCS_27052025232337_ARSEint27052025_signed.pdf"
"TCS","Tata Consultancy Services Limited","Updates","Tata Consultancy Services Limited has informed the Exchange regarding 'Press Release-TCS to Steer Cloud Migration Program for Finnish Telecom Leader DNA in a Five-Year Partnership'.","22-May-2025 10:59:40","2025-05-22 10:59:40","22-May-2025 10:59:41","00:00:01","https://nsearchives.nseindia.com/corporate/TCS_CORPCS_22052025105202_PR_22May25_final_signed.pdf"
"TCS","Tata Consultancy Services Limited","Updates","Tata Consultancy Services Limited has informed the Exchange regarding 'Intimation under Regulation 30 of the SEBI (Listing Obligations and Disclosure Requirements) Regulations, 2015'.","21-May-2025 09:15:20","2025-05-21 09:15:20","21-May-2025 09:15:21","00:00:01","https://nsearchives.nseindia.com/corporate/TCS_CORPCS_21052025091507_SEReg30_21052025.pdf"
"TCS","Tata Consultancy Services Limited","Copy of Newspaper Publication","Tata Consultancy Services Limited has informed the Exchange about Copy of Newspaper Publication","20-May-2025 19:51:12","2025-05-20 19:51:12","20-May-2025 19:51:13","00:00:01","https://nsearchives.nseindia.com/corporate/TCS_CORPCS_20052025195052_SEInt20052025.pdf"
"TCS","Tata Consultancy Services Limited","Updates","Tata Consultancy Services Limited has informed the Exchange regarding 'Press Release-TCS Recognized as One of the World's Top 50 Brands by Kantar BrandZ; Brand Value Soars 28% YoY to $57.3Bn'.","15-May-2025 10:30:09","2025-05-15 10:30:09","15-May-2025 10:30:10","00:00:01","https://nsearchives.nseindia.com/corporate/TCS_CORPCS_15052025102327_PR_15May25_final_signed.pdf"
"TCS","Tata Consultancy Services Limited","Updates","Tata Consultancy Services Limited has informed the Exchange regarding 'Press Release-TCS Partners with Khan Bank to Future-Proof its Operations, Enhance Customer Experience and Propel Innovation leveraging AI and ML'.","14-May-2025 09:29:52","2025-05-14 09:29:52","14-May-2025 09:29:53","00:00:01","https://nsearchives.nseindia.com/corporate/TCS_CORPCS_14052025092409_PR14May25signed.pdf"
"TCS","Tata Consultancy Services Limited","Updates","Tata Consultancy Services Limited has informed the Exchange regarding 'Press Release-TCS Partners with Dhofar Insurance Company to Transform its Core Insurance Platform'.","12-May-2025 11:00:27","2025-05-12 11:00:27","12-May-2025 11:00:28","00:00:01","https://nsearchives.nseindia.com/corporate/TCS_CORPCS_12052025105301_PR_12May25_final_signed.pdf"
"TCS","Tata Consultancy Services Limited","Copy of Newspaper Publication","Tata Consultancy Services Limited has informed the Exchange about Copy of Newspaper Publication","08-May-2025 19:51:13","2025-05-08 19:51:13","08-May-2025 19:51:14","00:00:01","https://nsearchives.nseindia.com/corporate/TCS_CORPCS_08052025195104_SEInt16042025v1_signed.pdf"
"TCS","Tata Consultancy Services Limited","Updates","Tata Consultancy Services Limited has informed the Exchange regarding 'Press Release-TCS Launches GenAI and Agentic AI-Powered TCS MasterCraft TM to Help Enterprises Swiftly Modernize Legacy Systems'.","06-May-2025 12:00:13","2025-05-06 12:00:13","06-May-2025 12:00:13","00:00:00","https://nsearchives.nseindia.com/corporate/TCS_CORPCS_06052025115345_PR_06May25_final_signed.pdf"
"TCS","Tata Consultancy Services Limited","Updates","Tata Consultancy Services Limited has informed the Exchange regarding 'Press Release - Jazeera Airways Partners with Tata Consultancy Services to Power AI-led Transformation, Reimagine Digital Customer Experience'.","03-May-2025 14:31:10","2025-05-03 14:31:10","03-May-2025 14:31:10","00:00:00","https://nsearchives.nseindia.com/corporate/TCS_CORPCS_03052025142856_signedPR03May25.pdf"
"TCS","Tata Consultancy Services Limited","Updates","Tata Consultancy Services Limited has informed the Exchange regarding 'Press Release - IBM, Tata Consultancy Services and Government of Andhra Pradesh to Deploy India s Largest Quantum Computer in the Country s First Quantum Valley Tech Park'.","02-May-2025 12:09:37","2025-05-02 12:09:37","02-May-2025 12:09:38","00:00:01","https://nsearchives.nseindia.com/corporate/TCS_CORPCS_02052025120857_Press_Release-2nd_May_25.pdf"
"TCS","Tata Consultancy Services Limited","Updates","Tata Consultancy Services Limited has informed the Exchange regarding 'Disclosure under Regulation 30(5) of SEBI (Listing Obligations and Disclosure Requirements) Regulations, 2015'.","01-May-2025 11:58:41","2025-05-01 11:58:41","01-May-2025 11:58:42","00:00:01","https://nsearchives.nseindia.com/corporate/TCS_CORPCS_01052025115818_Reg_30_5__disclosure_signed.pdf"
"TCS","Tata Consultancy Services Limited","General Updates","Tata Consultancy Services Limited has informed the Exchange about General Updates","30-Apr-2025 23:13:06","2025-04-30 23:13:06","30-Apr-2025 23:13:06","00:00:00","https://nsearchives.nseindia.com/corporate/TCS_CORPCS_30042025231231_SE_Disclosure_TRIL_Update_v2_signed.pdf"
"TCS","Tata Consultancy Services Limited","Analysts/Institutional Investor Meet/Con. Call Updates","Tata Consultancy Services Limited has informed the Exchange about Schedule of meet","30-Apr-2025 21:39:50","2025-04-30 21:39:50","30-Apr-2025 21:39:50","00:00:00","https://nsearchives.nseindia.com/corporate/TCS_CORPCS_30042025213941_SEInt30042025_signed.pdf"
"TCS","Tata Consultancy Services Limited","General Updates","Tata Consultancy Services Limited has informed the Exchange about intimation of payment date for Final Dividend on Equity Shares for the Financial Year 2024-25","30-Apr-2025 21:32:20","2025-04-30 21:32:20","30-Apr-2025 21:32:20","00:00:00","https://nsearchives.nseindia.com/corporate/TCS_CORPCS_30042025213149_Record_Date_Intimation_signed.pdf"
"TCS","Tata Consultancy Services Limited","Record Date","Tata Consultancy Services Limited has informed the Exchange that Record date for the purpose of Final Dividend  is 04-Jun-2025.","30-Apr-2025 21:30:15","2025-04-30 21:30:15","30-Apr-2025 21:30:15","00:00:00","https://nsearchives.nseindia.com/corporate/TCS_CORPCS_30042025212952_Record_Date_Intimation_signed.pdf"
"TCS","Tata Consultancy Services Limited","Updates","Tata Consultancy Services Limited has informed the Exchange regarding 'Intimation Of Date of Annual General Meeting of the Company'.","30-Apr-2025 21:27:22","2025-04-30 21:27:22","30-Apr-2025 21:27:22","00:00:00","https://nsearchives.nseindia.com/corporate/TCS_CORPCS_30042025212703_Record_Date_Intimation_signed.pdf"
"TCS","Tata Consultancy Services Limited","Copy of Newspaper Publication","Tata Consultancy Services Limited has informed the Exchange about Copy of Newspaper Publication","30-Apr-2025 19:53:59","2025-04-30 19:53:59","30-Apr-2025 19:54:00","00:00:01","https://nsearchives.nseindia.com/corporate/TCS_CORPCS_30042025195331_SEInt30042025_signed.pdf"
"TCS","Tata Consultancy Services Limited","Updates","Tata Consultancy Services Limited has informed the Exchange regarding 'Press Release- TCS Collaborates with SAP to Enable Enterprise-wide GenAI and Cloud Adoption For its Customers'.","30-Apr-2025 11:06:43","2025-04-30 11:06:43","30-Apr-2025 11:06:43","00:00:00","https://nsearchives.nseindia.com/corporate/TCS_CORPCS_30042025110616_FinalsignedPR30APR2025.pdf"
"TCS","Tata Consultancy Services Limited","Updates","Tata Consultancy Services Limited has informed the Exchange regarding 'Press Release - Accelerating India: TCS Launches Next-Gen Capabilities to Power the Country s Ambitions toward Leadership in Deep-Tech'.","24-Apr-2025 15:35:55","2025-04-24 15:35:55","24-Apr-2025 15:35:55","00:00:00","https://nsearchives.nseindia.com/corporate/TCS_CORPCS_24042025153502_PR24AprilTCSsigned.pdf"
"TCS","Tata Consultancy Services Limited","Updates","Tata Consultancy Services Limited has informed the Exchange regarding 'Press release - TCS Sponsored Marathons Generate $2.25 Billion for Local Economies and Spark $279 Million in Donations to Charity; Boosts the TCS Brand Globally '.","24-Apr-2025 13:31:00","2025-04-24 13:31:00","24-Apr-2025 13:31:00","00:00:00","https://nsearchives.nseindia.com/corporate/TCS_CORPCS_24042025133026_PR24Apr25130pm_signed.pdf"
"TCS","Tata Consultancy Services Limited","Updates","Tata Consultancy Services Limited has informed the Exchange regarding 'Press Release-ICICI Securities Partners with TCS to upgrade its Retail Trading Platform'.","22-Apr-2025 12:00:11","2025-04-22 12:00:11","22-Apr-2025 12:00:11","00:00:00","https://nsearchives.nseindia.com/corporate/TCS_CORPCS_22042025115048_PR_22Apr25_final_signed.pdf"
"TCS","Tata Consultancy Services Limited","Updates","Tata Consultancy Services Limited has informed the Exchange regarding ''.","18-Apr-2025 19:34:10","2025-04-18 19:34:10","18-Apr-2025 19:34:10","00:00:00","https://nsearchives.nseindia.com/corporate/TCS_CORPCS_18042025193304_SEInt18042025signed.pdf"
"TCS","Tata Consultancy Services Limited","Credit Rating- New","Tata Consultancy Services Limited has informed the Exchange about Credit Rating- New","18-Apr-2025 17:57:58","2025-04-18 17:57:58","18-Apr-2025 17:57:58","00:00:00","https://nsearchives.nseindia.com/corporate/TCS_CORPCS_18042025175730_SEInt18042025.pdf"
"TCS","Tata Consultancy Services Limited","Updates","Tata Consultancy Services Limited has informed the Exchange regarding 'Press Release - TCS and Vianai Reimagine the Future of Decision Intelligence with Conversational AI'.","17-Apr-2025 16:04:13","2025-04-17 16:04:13","17-Apr-2025 16:04:14","00:00:01","https://nsearchives.nseindia.com/corporate/TCS_CORPCS_17042025160332_PR_17Apr25_final_signedv1.pdf"
"TCS","Tata Consultancy Services Limited","Copy of Newspaper Publication","Tata Consultancy Services Limited has informed the Exchange about Copy of Newspaper Publication","16-Apr-2025 20:25:33","2025-04-16 20:25:33","16-Apr-2025 20:25:34","00:00:01","https://nsearchives.nseindia.com/corporate/TCS_CORPCS_16042025202307_SEINT16042025.pdf"
"TCS","Tata Consultancy Services Limited","Analysts/Institutional Investor Meet/Con. Call Updates","Tata Consultancy Services Limited has informed the Exchange about Transcript","12-Apr-2025 17:48:29","2025-04-12 17:48:29","12-Apr-2025 17:48:29","00:00:00","https://nsearchives.nseindia.com/corporate/TCS_CORPCS_12042025174801_SEInt12042025TRsigned.pdf"
"TCS","Tata Consultancy Services Limited","Copy of Newspaper Publication","Tata Consultancy Services Limited has informed the Exchange about Copy of Newspaper Publication","12-Apr-2025 17:27:15","2025-04-12 17:27:15","12-Apr-2025 17:27:15","00:00:00","https://nsearchives.nseindia.com/corporate/TCS_CORPCS_12042025172642_SEInt12042025_signed.pdf"
"TCS","Tata Consultancy Services Limited","Analysts/Institutional Investor Meet/Con. Call Updates","Tata Consultancy Services Limited has informed the Exchange about Link of Recording","10-Apr-2025 23:09:47","2025-04-10 23:09:47","10-Apr-2025 23:09:48","00:00:01","https://nsearchives.nseindia.com/corporate/TCS_CORPCS_10042025230926_SEInt10042025signed.pdf"
"TCS","Tata Consultancy Services Limited","Updates","Tata Consultancy Services Limited has informed the Exchange regarding 'Adoption of revised TCS Code of Corporate Disclosure Practices and Policy for determination of Legitimate Purpose'.","10-Apr-2025 17:36:18","2025-04-10 17:36:18","10-Apr-2025 17:36:19","00:00:01","https://nsearchives.nseindia.com/corporate/TCS_CORPCS_10042025173555_SE_Int_Code_Covering_Letter_signed.pdf"
"TCS","Tata Consultancy Services Limited","General Updates","Tata Consultancy Services Limited has informed the Exchange about appointment of Secretarial Auditors of the Company","10-Apr-2025 17:20:13","2025-04-10 17:20:13","10-Apr-2025 17:20:14","00:00:01","https://nsearchives.nseindia.com/corporate/TCS_CORPCS_10042025171938_SE_Int_Outcome_of_BM_Secretarial_Auditor_signed.pdf"
"TCS","Tata Consultancy Services Limited","Press Release","Tata Consultancy Services Limited has informed the Exchange regarding a press release dated April 10, 2025, titled ""Tata Consultancy Services announces the appointment of Ms. Aarthi Subramanian as President and Chief Operating Officer and Mr. Mangesh Sathe as Chief Strategy Officer"".","10-Apr-2025 17:07:06","2025-04-10 17:07:06","10-Apr-2025 17:07:07","00:00:01","https://nsearchives.nseindia.com/corporate/TCS_CORPCS_10042025170656_BM_appointment_pressrelease_signed.pdf"
"TCS","Tata Consultancy Services Limited","Change in Management","Tata Consultancy Services Limited has informed the Exchange about appointment of Mr. Mangesh Sathe as Chief Strategy Officer","10-Apr-2025 17:04:18","2025-04-10 17:04:18","10-Apr-2025 17:04:18","00:00:00","https://nsearchives.nseindia.com/corporate/TCS_CORPCS_10042025170356_SE_letter_Outcome_of_BM_SMP_signed.pdf"
"TCS","Tata Consultancy Services Limited","Appointment","Tata Consultancy Services Limited has informed the Exchange regarding Appointment of Ms Aarthi Subramanian as Executive Director   President and Chief Operating Officer of the company w.e.f. May 01, 2025.","10-Apr-2025 16:56:07","2025-04-10 16:56:07","10-Apr-2025 16:56:07","00:00:00","https://nsearchives.nseindia.com/corporate/TCS_CORPCS_10042025165535_SE_Int_Outcome_of_BM_ED_signed.pdf"
"TCS","Tata Consultancy Services Limited","Press Release","Tata Consultancy Services Limited has informed the Exchange regarding a press release dated April 10, 2025, titled ""TCS Crosses $30 Billion Revenue Milestone, Strong Order Book Reinforces Confidence in Long-Term Resilience"".","10-Apr-2025 16:10:50","2025-04-10 16:10:50","10-Apr-2025 16:10:51","00:00:01","https://nsearchives.nseindia.com/corporate/TCS_CORPCS_10042025161039_BM_Outcome_-_April_2025__pressrelease_signed.pdf"
"TCS","Tata Consultancy Services Limited","Dividend","Tata Consultancy Services Limited has informed the Exchange that Board of Directors at its meeting held on April 10, 2025, recommended Final Dividend of Rs. 30 per equity share.","10-Apr-2025 16:08:22","2025-04-10 16:08:22","10-Apr-2025 16:08:23","00:00:01","https://nsearchives.nseindia.com/corporate/TCS_CORPCS_10042025160739_BM_Outcome_financials_signed.pdf"
"TCS","Tata Consultancy Services Limited","Outcome of Board Meeting","Tata Consultancy Services Limited has informed the Exchange regarding Outcome of Board Meeting held on April 10, 2025.","10-Apr-2025 16:05:24","2025-04-10 16:05:24","10-Apr-2025 16:05:25","00:00:01","https://nsearchives.nseindia.com/corporate/TCS_CORPCS_10042025160349_BM_Outcome_financials_signed.pdf"
"TCS","Tata Consultancy Services Limited","Updates","Tata Consultancy Services Limited has informed the Exchange regarding 'Press Release-TCS appointed as the Official AI & Technology Partner for the Schneider Electric Marathon de Paris in France'.","01-Apr-2025 11:00:41","2025-04-01 11:00:41","01-Apr-2025 11:00:42","00:00:01","https://nsearchives.nseindia.com/corporate/TCS_CORPCS_01042025105652_PR_01Apr25_signed.pdf"
"TCS","Tata Consultancy Services Limited","Analysts/Institutional Investor Meet/Con. Call Updates","Tata Consultancy Services Limited has informed the Exchange about Schedule of meet","28-Mar-2025 18:57:56","2025-03-28 18:57:56","28-Mar-2025 18:57:58","00:00:02","https://nsearchives.nseindia.com/corporate/TCS_CORPCS_28032025185711_SEInt28032025_v1signed.pdf"
"TCS","Tata Consultancy Services Limited","Copy of Newspaper Publication","Tata Consultancy Services Limited has informed the Exchange about Copy of Newspaper Publication","26-Mar-2025 17:12:49","2025-03-26 17:12:49","26-Mar-2025 17:12:50","00:00:01","https://nsearchives.nseindia.com/corporate/TCS_CORPCS_26032025171232_SEINT26032025.pdf"
"TCS","Tata Consultancy Services Limited","Shareholders meeting","Tata Consultancy Services Limited has informed the Exchange regarding Notice of Postal Ballot","25-Mar-2025 20:01:43","2025-03-25 20:01:43","25-Mar-2025 20:01:43","00:00:00","https://nsearchives.nseindia.com/corporate/TCS_CORPCS_25032025200121_SE_Letter_Merged_signed.pdf"
"TCS","Tata Consultancy Services Limited","Updates","Tata Consultancy Services Limited has informed the Exchange regarding 'Press Release-24-year-old Taiwanese Student wins the title of `World's Best Coder' at TCS CodeVita 2025'.","24-Mar-2025 15:59:58","2025-03-24 15:59:58","24-Mar-2025 15:59:59","00:00:01","https://nsearchives.nseindia.com/corporate/TCS_CORPCS_24032025155546_PR_24Mar25_signed.pdf"
"TCS","Tata Consultancy Services Limited","Updates","Tata Consultancy Services Limited has informed the Exchange regarding 'Press Release-TCS Partners with The Cumberland Building Society to Transform its Core Banking Solution'.","20-Mar-2025 16:03:45","2025-03-20 16:03:45","20-Mar-2025 16:03:46","00:00:01","https://nsearchives.nseindia.com/corporate/TCS_CORPCS_20032025160244_PR_20Mar25_signed.pdf"
"TCS","Tata Consultancy Services Limited","Updates","Tata Consultancy Services Limited has informed the Exchange regarding 'Press Release' - TCS Partners with Air New Zealand to Drive AI-Led Transformation, Enhance Passenger Experience","19-Mar-2025 13:33:17","2025-03-19 13:33:17","19-Mar-2025 13:33:17","00:00:00","https://nsearchives.nseindia.com/corporate/TCS_CORPCS_19032025133151_Ltr_19Mar25signed.pdf"
"TCS","Tata Consultancy Services Limited","Change in Management","Tata Consultancy Services Limited has informed the Exchange about change in Management","13-Mar-2025 19:46:47","2025-03-13 19:46:47","13-Mar-2025 19:46:47","00:00:00","https://nsearchives.nseindia.com/corporate/TCS_CORPCS_13032025194552_SELetter_signed.pdf"
"TCS","Tata Consultancy Services Limited","Updates","Tata Consultancy Services Limited has informed the Exchange regarding 'Press Release-TCS Extends Partnership with Coop Danmark to Enhance Operations & Customer Shopping Experience '.","12-Mar-2025 14:30:15","2025-03-12 14:30:15","12-Mar-2025 14:30:15","00:00:00","https://nsearchives.nseindia.com/corporate/TCS_CORPCS_12032025142555_PR_12Mar25_signed.pdf"
"TCS","Tata Consultancy Services Limited","Acquisition","Tata Consultancy Services Limited has informed the Exchange about Acquisition","11-Mar-2025 20:20:04","2025-03-11 20:20:04","11-Mar-2025 20:20:05","00:00:01","https://nsearchives.nseindia.com/corporate/TCS_CORPCS_11032025201952_SELetter_signed.pdf"
"TCS","Tata Consultancy Services Limited","Updates","Tata Consultancy Services Limited has informed the Exchange regarding 'Press Release - Northern Trust Expands Collaboration with TCS to Transform its Securities Services Offering Across 99 Markets'.","06-Mar-2025 21:00:12","2025-03-06 21:00:12","06-Mar-2025 21:00:13","00:00:01","https://nsearchives.nseindia.com/corporate/TCS_CORPCS_06032025205945_PR06MAR25_Signed.pdf"
"TCS","Tata Consultancy Services Limited","Updates","Tata Consultancy Services Limited has informed the Exchange regarding 'Press Release-TCS Partners with Vantage Towers to Revolutionize Telecom Site Management Across Europe '.","05-Mar-2025 17:00:18","2025-03-05 17:00:18","05-Mar-2025 17:00:19","00:00:01","https://nsearchives.nseindia.com/corporate/TCS_CORPCS_05032025165520_PR_05Mar25_signed.pdf"
"TCS","Tata Consultancy Services Limited","Appointment","Tata Consultancy Services Limited has informed the Exchange regarding Appointment of Mr Sanjay V. Bhandarkar as Non- Executive Independent Director of the company w.e.f. March 04, 2025.","03-Mar-2025 22:13:25","2025-03-03 22:13:25","03-Mar-2025 22:13:26","00:00:01","https://nsearchives.nseindia.com/corporate/TCS_CORPCS_03032025221208_SEInt_signed.pdf"
"TCS","Tata Consultancy Services Limited","Updates","Tata Consultancy Services Limited has informed the Exchange regarding 'Press Release-TCS Extends Partnership with DNB Bank ASA by 5 Years to Power Next-Gen Banking Innovation'.","28-Feb-2025 11:00:25","2025-02-28 11:00:25","28-Feb-2025 11:00:25","00:00:00","https://nsearchives.nseindia.com/corporate/TCS_CORPCS_28022025105047_PR_28Feb25_signed.pdf"
"TCS","Tata Consultancy Services Limited","Updates","Tata Consultancy Services Limited has informed the Exchange regarding 'Press Release-TCS Ranked Europe s #1 IT Services Provider for Customer Satisfaction'.","20-Feb-2025 16:00:02","2025-02-20 16:00:02","20-Feb-2025 16:00:02","00:00:00","https://nsearchives.nseindia.com/corporate/TCS_CORPCS_20022025154923_PR_20Feb25_1_Sgn.pdf"
"TCS","Tata Consultancy Services Limited","Updates","Tata Consultancy Services Limited has informed the Exchange regarding 'Press Release-TCS Partners with Salesforce to Unlock the Power of AI for Manufacturers, Semiconductor Suppliers'.","20-Feb-2025 11:00:11","2025-02-20 11:00:11","20-Feb-2025 11:00:12","00:00:01","https://nsearchives.nseindia.com/corporate/TCS_CORPCS_20022025105410_PR_20Feb25_signed.pdf"
"TCS","Tata Consultancy Services Limited","Updates","Tata Consultancy Services Limited has informed the Exchange regarding 'Press Release-TCS Collaborates with MassRobotics in North America to Accelerate Innovation in the Robotics Sector'.","19-Feb-2025 11:05:35","2025-02-19 11:05:35","19-Feb-2025 11:05:36","00:00:01","https://nsearchives.nseindia.com/corporate/TCS_CORPCS_19022025105403_PR_19Feb25_signed.pdf"
"TCS","Tata Consultancy Services Limited","Updates","Tata Consultancy Services Limited has informed the Exchange regarding 'TCS Named Global Top Employer for 2025, Achieves New Milestone with Enterprise-Wide Top Employer Certification'.","18-Feb-2025 16:01:40","2025-02-18 16:01:40","18-Feb-2025 16:01:40","00:00:00","https://nsearchives.nseindia.com/corporate/TCS_CORPCS_18022025160057_Ltr_18Feb25_signed.pdf"
"TCS","Tata Consultancy Services Limited","Updates","Tata Consultancy Services Limited has informed the Exchange regarding 'TCS Named Among the World s Most Admired Companies by FORTUNE? for 2025'.","18-Feb-2025 10:05:42","2025-02-18 10:05:42","18-Feb-2025 10:05:43","00:00:01","https://nsearchives.nseindia.com/corporate/TCS_CORPCS_18022025100448_PR18Feb25.pdf"
"TCS","Tata Consultancy Services Limited","Updates","Tata Consultancy Services Limited has informed the Exchange regarding 'Press Release - AI-Led IT Transformation: TCS Partners with UPM to Modernize its IT Landscape'.","13-Feb-2025 16:00:14","2025-02-13 16:00:14","13-Feb-2025 16:00:14","00:00:00","https://nsearchives.nseindia.com/corporate/TCS_CORPCS_13022025155811_PR_13Feb25_signed.pdf"
"TCS","Tata Consultancy Services Limited","Updates","Tata Consultancy Services Limited has informed the Exchange regarding 'Press Release-Muscat Clearing and Depository Partners with TCS to Modernize its Operations, Transform Customer Experience'.","11-Feb-2025 12:00:07","2025-02-11 12:00:07","11-Feb-2025 12:00:08","00:00:01","https://nsearchives.nseindia.com/corporate/TCS_CORPCS_11022025115424_PR_11Feb25_signed.pdf"
"TCS","Tata Consultancy Services Limited","General Updates","Tata Consultancy Services Limited has informed the Exchange about Update on Acquisition","29-Jan-2025 22:48:03","2025-01-29 22:48:03","29-Jan-2025 22:48:04","00:00:01","https://nsearchives.nseindia.com/corporate/TCS_CORPCS_29012025224658_SE_Disclosure_TRIL_Update_v1_signed.pdf"
"TCS","Tata Consultancy Services Limited","Analysts/Institutional Investor Meet/Con. Call Updates","Tata Consultancy Services Limited has informed the Exchange about Schedule of meet","22-Jan-2025 19:54:21","2025-01-22 19:54:21","22-Jan-2025 19:54:22","00:00:01","https://nsearchives.nseindia.com/corporate/TCS_CORPCS_22012025195401_SEInt22012025v1-signed.pdf"
"TCS","Tata Consultancy Services Limited","Press Release","Tata Consultancy Services Limited has informed the Exchange regarding a press release dated January 21, 2025, titled ""TCS Achieves Major Milestone Becoming the 2nd Global IT Services Brand to Cross $20Bn In Brand Value"".","21-Jan-2025 13:31:01","2025-01-21 13:31:01","21-Jan-2025 13:31:02","00:00:01","https://nsearchives.nseindia.com/corporate/TCS_CORPCS_21012025132929_PR_21Jan25_final1.pdf"
"TCS","Tata Consultancy Services Limited","Press Release","Tata Consultancy Services Limited has informed the Exchange regarding a press release dated January 20, 2025, titled ""TCS Opens New Delivery Centre in France to Drive AI-Powered Transformation for the Aerospace and Defence Industries"".","20-Jan-2025 16:00:28","2025-01-20 16:00:28","20-Jan-2025 16:00:28","00:00:00","https://nsearchives.nseindia.com/corporate/TCS_CORPCS_20012025155726_PR_20Jan25_signed.pdf"
"TCS","Tata Consultancy Services Limited","Press Release","Tata Consultancy Services Limited has informed the Exchange regarding a press release dated January 14, 2025, titled ""2025 to be the year of electric vehicles: 64% of Consumers Likely to Choose EV as Their Next Vehicle, reveals TCS global Study"".","14-Jan-2025 10:29:49","2025-01-14 10:29:49","14-Jan-2025 10:29:49","00:00:00","https://nsearchives.nseindia.com/corporate/TCS_CORPCS_14012025102118_PR_14Jan25_signed.pdf"
"TCS","Tata Consultancy Services Limited","Analysts/Institutional Investor Meet/Con. Call Updates","Tata Consultancy Services Limited has informed the Exchange about Transcript","13-Jan-2025 18:06:54","2025-01-13 18:06:54","13-Jan-2025 18:06:55","00:00:01","https://nsearchives.nseindia.com/corporate/TCS_CORPCS_13012025180506_SEInt13012025signed.pdf"
"TCS","Tata Consultancy Services Limited","Copy of Newspaper Publication","Tata Consultancy Services Limited has informed the Exchange about Copy of Newspaper Publication","11-Jan-2025 14:40:50","2025-01-11 14:40:50","11-Jan-2025 14:40:51","00:00:01","https://nsearchives.nseindia.com/corporate/TCS_CORPCS_11012025143952_SEInt11012025_signed.pdf"
"TCS","Tata Consultancy Services Limited","Copy of Newspaper Publication","Tata Consultancy Services Limited has informed the Exchange about Copy of Newspaper Publication","10-Jan-2025 19:44:35","2025-01-10 19:44:35","10-Jan-2025 19:44:36","00:00:01","https://nsearchives.nseindia.com/corporate/TCS_CORPCS_10012025194415_SEInt10012025_signed.pdf"
"TCS","Tata Consultancy Services Limited","Integrated Filing- Financial","Integrated Filing (Financial) for the quarter and nine-month period ended December 31, 2024","10-Jan-2025 15:25:51","2025-01-10 15:25:51","10-Jan-2025 15:25:52","00:00:01","https://nsearchives.nseindia.com/corporate/TCS_CORPCS_10012025152454_Integrated_Filing__Financials__signed.pdf"
"TCS","Tata Consultancy Services Limited","Analysts/Institutional Investor Meet/Con. Call Updates","Tata Consultancy Services Limited has informed the Exchange about Link of Recording","09-Jan-2025 21:04:01","2025-01-09 21:04:01","09-Jan-2025 21:04:03","00:00:02","https://nsearchives.nseindia.com/corporate/TCS_CORPCS_09012025210311_SEInt09012025_signed.pdf"
"TCS","Tata Consultancy Services Limited","Change in Management","Disclosure under Regulation 30 of SEBI (Listing Obligations and Disclosure Requirements) Regulations, 2015","09-Jan-2025 18:52:09","2025-01-09 18:52:09","09-Jan-2025 18:52:10","00:00:01","https://nsearchives.nseindia.com/corporate/TCS_CORPCS_09012025185030_SE_LetterSMPsigned.pdf"
"TCS","Tata Consultancy Services Limited","General Updates","Tata Consultancy Services Limited has informed the Exchange about the Date of Payment of Dividend","09-Jan-2025 16:27:34","2025-01-09 16:27:34","09-Jan-2025 16:27:35","00:00:01","https://nsearchives.nseindia.com/corporate/TCS_CORPCS_09012025162718_SE_Letter-_financialssigned.pdf"
"TCS","Tata Consultancy Services Limited","Outcome of Board Meeting","Tata Consultancy Services Limited has informed the Exchange regarding Outcome of Board Meeting held on January 09, 2025.","09-Jan-2025 16:25:44","2025-01-09 16:25:44","09-Jan-2025 16:25:45","00:00:01","https://nsearchives.nseindia.com/corporate/TCS_CORPCS_09012025162515_SE_Letter-_financialssigned.pdf"
"TCS","Tata Consultancy Services Limited","Acquisition","Tata Consultancy Services Limited has informed the Exchange about Acquisition","09-Jan-2025 16:23:18","2025-01-09 16:23:18","09-Jan-2025 16:23:19","00:00:01","https://nsearchives.nseindia.com/corporate/TCS_CORPCS_09012025162221_SE_DisclsoureTRILsigned.pdf"
"TCS","Tata Consultancy Services Limited","Press Release","Tata Consultancy Services Limited has informed the Exchange regarding a press release dated January 09, 2025, titled ""Strong TCV in a seasonally challenging Q3 positions TCS for Long-Term growth"".","09-Jan-2025 16:18:12","2025-01-09 16:18:12","09-Jan-2025 16:18:13","00:00:01","https://nsearchives.nseindia.com/corporate/TCS_CORPCS_09012025161752_SE_Letter_-_press_releasesigned.pdf"
"TCS","Tata Consultancy Services Limited","Dividend","Tata Consultancy Services Limited has informed the Exchange that Board of Directors at its meeting held on January 09, 2025, declared Special Dividend of Rs. 66 per equity share.","09-Jan-2025 16:15:51","2025-01-09 16:15:51","09-Jan-2025 16:15:52","00:00:01","https://nsearchives.nseindia.com/corporate/TCS_CORPCS_09012025161504_SE_Letter-_financialssigned.pdf"
"TCS","Tata Consultancy Services Limited","Dividend","Tata Consultancy Services Limited has informed the Exchange that Board of Directors at its meeting held on January 09, 2025, declared Interim Dividend of Rs. 10 per equity share.","09-Jan-2025 16:13:46","2025-01-09 16:13:46","09-Jan-2025 16:13:46","00:00:00","https://nsearchives.nseindia.com/corporate/TCS_CORPCS_09012025161251_SE_Letter-_financialssigned.pdf"
"TCS","Tata Consultancy Services Limited","Financial Result Updates"," Tata Consultancy Services Limited has submitted to the Exchange, the financial results for the period ended December 31, 2024.","09-Jan-2025 16:10:53","2025-01-09 16:10:53","09-Jan-2025 16:10:53","00:00:00","https://nsearchives.nseindia.com/corporate/SE_Letter-_financialssigned_09012025161053.pdf"
"TCS","Tata Consultancy Services Limited","Copy of Newspaper Publication","Tata Consultancy Services Limited has informed the Exchange about Copy of Newspaper Publication","01-Jan-2025 16:35:47","2025-01-01 16:35:47","01-Jan-2025 16:35:48","00:00:01","https://nsearchives.nseindia.com/corporate/TCS_CORPCS_01012025163108_SE01012025_signed.pdf"
"TCS","Tata Consultancy Services Limited","Updates","Tata Consultancy Services Limited has informed the Exchange regarding 'Intimation of Change in name of Company's Registrar and Share Transfer Agent'.","01-Jan-2025 16:27:31","2025-01-01 16:27:31","01-Jan-2025 16:27:31","00:00:00","https://nsearchives.nseindia.com/corporate/TCS_CORPCS_01012025162635_SE01012025_signed.pdf"
"TCS","Tata Consultancy Services Limited","Analysts/Institutional Investor Meet/Con. Call Updates","Tata Consultancy Services Limited has informed the Exchange about Schedule of meet","31-Dec-2024 18:19:32","2024-12-31 18:19:32","31-Dec-2024 18:19:33","00:00:01","https://nsearchives.nseindia.com/corporate/TCS_CORPCS_31122024181907_SEInt31122024_signed.pdf"
"TCS","Tata Consultancy Services Limited","Record Date","Tata Consultancy Services Limited has informed the Exchange that Record date for the purpose of Dividend  is 17-Jan-2025.","31-Dec-2024 16:27:24","2024-12-31 16:27:24","31-Dec-2024 16:27:25","00:00:01","https://nsearchives.nseindia.com/corporate/TCS_CORPCS_31122024162324_Pre_board_meeting_Intimation_signed.pdf"
"TCS","Tata Consultancy Services Limited","Action(s) taken or orders passed","Tata Consultancy Services Limited has informed the Exchange about Action(s) taken or orders passed","27-Dec-2024 20:01:48","2024-12-27 20:01:48","27-Dec-2024 20:01:48","00:00:00","https://nsearchives.nseindia.com/corporate/TCS_CORPCS_27122024200031_SE_Intimation_-_Regulation_30_Disclosure.pdf"
"TCS","Tata Consultancy Services Limited","General Updates","Tata Consultancy Services Limited has informed the Exchange about General Updates","20-Dec-2024 20:19:57","2024-12-20 20:19:57","20-Dec-2024 20:19:57","00:00:00","https://nsearchives.nseindia.com/corporate/TCS_20122024201957_Reg30disclosureSEfinal20122024.pdf"
"TCS","Tata Consultancy Services Limited","Press Release","Tata Consultancy Services Limited has informed the Exchange regarding a press release dated December 20, 2024, titled ""TCS Expands Deal with Bank of Baroda to Bring Banking to the Doorsteps of the Unbanked"".","20-Dec-2024 11:00:21","2024-12-20 11:00:21","20-Dec-2024 11:00:22","00:00:01","https://nsearchives.nseindia.com/corporate/TCS_20122024110021_PR_20Dec24_signed.pdf"
"TCS","Tata Consultancy Services Limited","Analysts/Institutional Investor Meet/Con. Call Updates","Tata Consultancy Services Limited has informed the Exchange about Schedule of meet","16-Dec-2024 20:50:32","2024-12-16 20:50:32","16-Dec-2024 20:50:32","00:00:00","https://nsearchives.nseindia.com/corporate/TCS_16122024205032_Finalinvestormeet16022024.pdf"
"TCS","Tata Consultancy Services Limited","Press Release","Tata Consultancy Services Limited has informed the Exchange regarding a press release dated December 13, 2024, titled ""TCS Partners With Landis+Gyr to Deliver Next-Generation Energy Efficiency Solutions "".","13-Dec-2024 11:00:20","2024-12-13 11:00:20","13-Dec-2024 11:00:20","00:00:00","https://nsearchives.nseindia.com/corporate/TCS_13122024110020_PR_13Dec24_signed.pdf"
"TCS","Tata Consultancy Services Limited","Press Release","Tata Consultancy Services Limited has informed the Exchange regarding a press release dated December 12, 2024, titled ""TCS Signs Five-Year Deal with Telenor Denmark to Deliver IT Infrastructure Services"".","12-Dec-2024 10:59:57","2024-12-12 10:59:57","12-Dec-2024 10:59:57","00:00:00","https://nsearchives.nseindia.com/corporate/TCS_12122024105957_PR_12Dec24_signed.pdf"
"TCS","Tata Consultancy Services Limited","Action(s) taken or orders passed","Tata Consultancy Services Limited has informed the Exchange about Action(s) taken or orders passed","03-Dec-2024 16:48:37","2024-12-03 16:48:37","03-Dec-2024 16:48:38","00:00:01","https://nsearchives.nseindia.com/corporate/TCS_03122024164838_SEint03122024_signed.pdf"
"TCS","Tata Consultancy Services Limited","Loss of Share Certificates","Tata Consultancy Services Limited has informed the Exchange about Loss of Share Certificates","03-Dec-2024 13:39:45","2024-12-03 13:39:45","03-Dec-2024 13:39:46","00:00:01","https://nsearchives.nseindia.com/corporate/TCS_03122024133945_SEInt03122024_signed.pdf"
"TCS","Tata Consultancy Services Limited","Press Release","Tata Consultancy Services Limited has informed the Exchange regarding a press release dated December 03, 2024, titled ""TCS Inks Deal with Bank of Bhutan to Modernize Digital Core, Enhance Customer Experience"".","03-Dec-2024 11:00:18","2024-12-03 11:00:18","03-Dec-2024 11:00:19","00:00:01","https://nsearchives.nseindia.com/corporate/TCS_03122024110018_PR_03Dec24_signed.pdf"
"TCS","Tata Consultancy Services Limited","Analysts/Institutional Investor Meet/Con. Call Updates","Tata Consultancy Services Limited has informed the Exchange about Schedule of meet","30-Nov-2024 18:58:23","2024-11-30 18:58:23","30-Nov-2024 18:58:23","00:00:00","https://nsearchives.nseindia.com/corporate/TCS_30112024185823_SEintimationinvestormeetsigned.pdf"
"TCS","Tata Consultancy Services Limited","Loss of Share Certificates","Tata Consultancy Services Limited has informed the Exchange about Loss of Share Certificates","29-Nov-2024 20:13:30","2024-11-29 20:13:30","29-Nov-2024 20:13:31","00:00:01","https://nsearchives.nseindia.com/corporate/TCS_29112024201330_SEInt29112024final29112024.pdf"
"TCS","Tata Consultancy Services Limited","Press Release","Tata Consultancy Services Limited has informed the Exchange regarding a press release dated November 29, 2024, titled ""TCS Awarded India s Best Employer Brand by LinkedIn"".","29-Nov-2024 15:31:33","2024-11-29 15:31:33","29-Nov-2024 15:31:34","00:00:01","https://nsearchives.nseindia.com/corporate/TCS_29112024153133_PR_29Nov24signed.pdf"
"TCS","Tata Consultancy Services Limited","Press Release","Tata Consultancy Services Limited has informed the Exchange regarding a press release dated November 28, 2024, titled ""TCS Partners With IIT KGP to Launch Advanced Research Center for Innovation in Digital Health, Robotics & Intelligent Systems"".","28-Nov-2024 11:01:02","2024-11-28 11:01:02","28-Nov-2024 11:01:03","00:00:01","https://nsearchives.nseindia.com/corporate/TCS_28112024110102_PR_28Nov24_signed.pdf"
"TCS","Tata Consultancy Services Limited","Press Release","Tata Consultancy Services Limited has informed the Exchange regarding a press release dated November 26, 2024, titled ""TCS Expands Partnership with SPARSH, India s Pension System for Defence Personnel, by Three Years"".","26-Nov-2024 11:00:47","2024-11-26 11:00:47","26-Nov-2024 11:00:47","00:00:00","https://nsearchives.nseindia.com/corporate/TCS_26112024110047_PR_26Nov24_signed.pdf"
"TCS","Tata Consultancy Services Limited","Action(s) taken or orders passed","Tata Consultancy Services Limited has informed the Exchange about Action(s) taken or orders passed","15-Nov-2024 22:15:00","2024-11-15 22:15:00","15-Nov-2024 22:15:01","00:00:01","https://nsearchives.nseindia.com/corporate/TCS_15112024221500_SEInt15112024.pdf"
"TCS","Tata Consultancy Services Limited","Action(s) taken or orders passed","Tata Consultancy Services Limited has informed the Exchange about Action(s) taken or orders passed","15-Nov-2024 15:22:20","2024-11-15 15:22:20","15-Nov-2024 15:22:21","00:00:01","https://nsearchives.nseindia.com/corporate/TCS_15112024152220_SEint15112024_Final.pdf"
"TCS","Tata Consultancy Services Limited","Loss of Share Certificates","Tata Consultancy Services Limited has informed the Exchange about Loss of Share Certificates","14-Nov-2024 14:41:23","2024-11-14 14:41:23","14-Nov-2024 14:41:24","00:00:01","https://nsearchives.nseindia.com/corporate/TCS_14112024144123_SEInt14112024_signed.pdf"
"TCS","Tata Consultancy Services Limited","Action(s) taken or orders passed","Tata Consultancy Services Limited has informed the Exchange about Action(s) taken or orders passed","11-Nov-2024 19:16:39","2024-11-11 19:16:39","11-Nov-2024 19:16:40","00:00:01","https://nsearchives.nseindia.com/corporate/TCS_11112024191639_SEint11112024final.pdf"
"TCS","Tata Consultancy Services Limited","Press Release","Tata Consultancy Services Limited has informed the Exchange regarding a press release dated November 07, 2024, titled ""TCS Signs Multi-Year Deal with Air France-KLM to Accelerate Data-Driven Aviation"".","07-Nov-2024 11:00:43","2024-11-07 11:00:43","07-Nov-2024 11:00:44","00:00:01","https://nsearchives.nseindia.com/corporate/TCS_07112024110043_PR_07Nov24_signed.pdf"
"TCS","Tata Consultancy Services Limited","Updates","Tata Consultancy Services Limited has informed the Exchange regarding 'Disclosure under Regulation 30(5) of SEBI (Listing Obligations and DisclosureRequirements) Regulations, 2015'.","04-Nov-2024 20:37:35","2024-11-04 20:37:35","04-Nov-2024 20:37:36","00:00:01","https://nsearchives.nseindia.com/corporate/TCS_04112024203735_SEltrSEIntKMP04112024signed.pdf"
"TCS","Tata Consultancy Services Limited","Press Release","Tata Consultancy Services Limited has informed the Exchange regarding a press release dated November 04, 2024, titled ""TCS Sydney Marathon Becomes One of the Seven Most Prominent Races on the Planet"".","04-Nov-2024 09:59:50","2024-11-04 09:59:50","04-Nov-2024 09:59:51","00:00:01","https://nsearchives.nseindia.com/corporate/TCS_04112024095951_PR_04Nov24_signed.pdf"
"TCS","Tata Consultancy Services Limited","Analysts/Institutional Investor Meet/Con. Call Updates","Tata Consultancy Services Limited has informed the Exchange about Schedule of meet","30-Oct-2024 18:09:23","2024-10-30 18:09:23","30-Oct-2024 18:09:24","00:00:01","https://nsearchives.nseindia.com/corporate/TCS_30102024180923_SEInt30102024.pdf"
"TCS","Tata Consultancy Services Limited","Copy of Newspaper Publication","Tata Consultancy Services Limited has informed the Exchange about Copy of Newspaper Publication","30-Oct-2024 18:03:17","2024-10-30 18:03:17","30-Oct-2024 18:03:17","00:00:00","https://nsearchives.nseindia.com/corporate/TCS_30102024180317_SEInt10082024.pdf"
"TCS","Tata Consultancy Services Limited","Loss of Share Certificates","Tata Consultancy Services Limited has informed the Exchange about Loss of Share Certificates","30-Oct-2024 13:00:30","2024-10-30 13:00:30","30-Oct-2024 13:00:31","00:00:01","https://nsearchives.nseindia.com/corporate/TCS_30102024130030_SEInt30102024_signed.pdf"
"TCS","Tata Consultancy Services Limited","Press Release","Tata Consultancy Services Limited has informed the Exchange regarding a press release dated October 30, 2024, titled ""TCS Partners with Insper in Brazil, Invests R$ 50Mn to Accelerate Innovation Across South America"".","30-Oct-2024 11:00:32","2024-10-30 11:00:32","30-Oct-2024 11:00:33","00:00:01","https://nsearchives.nseindia.com/corporate/TCS_30102024110032_PR_30Oct24_signed.pdf"
"TCS","Tata Consultancy Services Limited","Loss of Share Certificates","Tata Consultancy Services Limited has informed the Exchange about Loss of Share Certificates","29-Oct-2024 16:59:34","2024-10-29 16:59:34","29-Oct-2024 16:59:35","00:00:01","https://nsearchives.nseindia.com/corporate/TCS_29102024165934_SEInt29102024_signed.pdf"
"TCS","Tata Consultancy Services Limited","Press Release","Tata Consultancy Services Limited has informed the Exchange regarding a press release dated October 29, 2024, titled ""TCS Signs 15-Yr Deal with Department of Social Protection to Transform Ireland s Pensions System, Aiding 800K Workers"".","29-Oct-2024 11:00:26","2024-10-29 11:00:26","29-Oct-2024 11:00:27","00:00:01","https://nsearchives.nseindia.com/corporate/TCS_29102024110026_PR_29Oct24_signed.pdf"
"TCS","Tata Consultancy Services Limited","Press Release","Tata Consultancy Services Limited has informed the Exchange regarding a press release dated October 24, 2024, titled ""TCS Launches NVIDIA Business Unit to Accelerate AI Adoption for Customers Across Industries"".","24-Oct-2024 11:00:20","2024-10-24 11:00:20","24-Oct-2024 11:00:21","00:00:01","https://nsearchives.nseindia.com/corporate/TCS_24102024110020_PR_24Oct24_signed.pdf"
"TCS","Tata Consultancy Services Limited","Loss of Share Certificates","Tata Consultancy Services Limited has informed the Exchange about Loss of Share Certificates","23-Oct-2024 17:57:15","2024-10-23 17:57:15","23-Oct-2024 17:57:16","00:00:01","https://nsearchives.nseindia.com/corporate/TCS_23102024175715_SEINT23102024_SIGNED.pdf"
"TCS","Tata Consultancy Services Limited","Loss of Share Certificates","Tata Consultancy Services Limited has informed the Exchange about Loss of Share Certificates","22-Oct-2024 16:33:55","2024-10-22 16:33:55","22-Oct-2024 16:33:55","00:00:00","https://nsearchives.nseindia.com/corporate/TCS_22102024163355_SEInt22102024_signed.pdf"
"TCS","Tata Consultancy Services Limited","Loss of Share Certificates","Tata Consultancy Services Limited has informed the Exchange about Loss of Share Certificates","17-Oct-2024 15:00:17","2024-10-17 15:00:17","17-Oct-2024 15:00:18","00:00:01","https://nsearchives.nseindia.com/corporate/TCS_17102024150017_SEInt17102024_signed.pdf"
"TCS","Tata Consultancy Services Limited","Loss of Share Certificates","Tata Consultancy Services Limited has informed the Exchange about Loss of Share Certificates","16-Oct-2024 11:27:01","2024-10-16 11:27:01","16-Oct-2024 11:27:02","00:00:01","https://nsearchives.nseindia.com/corporate/TCS_16102024112701_SEInt16102024_signed.pdf"
"TCS","Tata Consultancy Services Limited","Analysts/Institutional Investor Meet/Con. Call Updates","Tata Consultancy Services Limited has informed the Exchange about Transcript","14-Oct-2024 19:04:05","2024-10-14 19:04:05","14-Oct-2024 19:04:06","00:00:01","https://nsearchives.nseindia.com/corporate/TCS_14102024190406_SEInt14102024_signed.pdf"
"TCS","Tata Consultancy Services Limited","Copy of Newspaper Publication","Tata Consultancy Services Limited has informed the Exchange about Copy of Newspaper Publication for Financial Results of the Company for quarter and six-month period ended September 30, 2024","12-Oct-2024 15:25:18","2024-10-12 15:25:18","12-Oct-2024 15:25:19","00:00:01","https://nsearchives.nseindia.com/corporate/TCS_12102024152518_SEInt12102024_signed.pdf"
"TCS","Tata Consultancy Services Limited","Analysts/Institutional Investor Meet/Con. Call Updates","Tata Consultancy Services Limited has informed the Exchange about Schedule of meet","11-Oct-2024 19:37:24","2024-10-11 19:37:24","11-Oct-2024 19:37:24","00:00:00","https://nsearchives.nseindia.com/corporate/TCS_11102024193724_SEInt11102024_signed.pdf"
"TCS","Tata Consultancy Services Limited","Copy of Newspaper Publication","Tata Consultancy Services Limited has informed the Exchange about Copy of Newspaper Publication","11-Oct-2024 13:31:22","2024-10-11 13:31:22","11-Oct-2024 13:31:22","00:00:00","https://nsearchives.nseindia.com/corporate/TCS_11102024133122_SEInt11102024_signed.pdf"
"TCS","Tata Consultancy Services Limited","Analysts/Institutional Investor Meet/Con. Call Updates","Tata Consultancy Services Limited has informed the Exchange about Link of Recording","10-Oct-2024 22:48:23","2024-10-10 22:48:23","10-Oct-2024 22:48:24","00:00:01","https://nsearchives.nseindia.com/corporate/TCS_10102024224824_SEInt10102024_signed.pdf"
"TCS","Tata Consultancy Services Limited","General Updates","Tata Consultancy Services Limited has informed the Exchange about Date of Payment of Second Interim Dividend.","10-Oct-2024 16:13:31","2024-10-10 16:13:31","10-Oct-2024 16:13:32","00:00:01","https://nsearchives.nseindia.com/corporate/TCS_10102024161331_SEIntfinancials.pdf"
"TCS","Tata Consultancy Services Limited","Press Release","Tata Consultancy Services Limited has informed the Exchange regarding a press release dated October 10, 2024, titled ""TCS  Stable Q2 Demonstrates the Resilience of its Diversified Portfolio"".","10-Oct-2024 16:11:15","2024-10-10 16:11:15","10-Oct-2024 16:11:15","00:00:00","https://nsearchives.nseindia.com/corporate/TCS_10102024161115_PressReleaseletter.pdf"
"TCS","Tata Consultancy Services Limited","Outcome of Board Meeting","Tata Consultancy Services Limited has informed the Exchange regarding Outcome of Board Meeting held on October 10, 2024.","10-Oct-2024 16:09:39","2024-10-10 16:09:39","10-Oct-2024 16:09:40","00:00:01","https://nsearchives.nseindia.com/corporate/TCS_10102024160940_SEIntfinancials.pdf"
"TCS","Tata Consultancy Services Limited","Dividend","Tata Consultancy Services Limited has informed the Exchange that Board of Directors at its meeting held on October 10, 2024, declared Interim Dividend of Rs. 10 per equity share.","10-Oct-2024 16:08:25","2024-10-10 16:08:25","10-Oct-2024 16:08:26","00:00:01","https://nsearchives.nseindia.com/corporate/TCS_10102024160825_SEIntfinancials.pdf"
"TCS","Tata Consultancy Services Limited","Financial Result Updates"," Tata Consultancy Services Limited has submitted to the Exchange, the financial results for the period ended September 30, 2024.","10-Oct-2024 16:06:39","2024-10-10 16:06:39","10-Oct-2024 16:06:39","00:00:00","https://nsearchives.nseindia.com/corporate/SEIntfinancials_10102024160639.pdf"
"TCS","Tata Consultancy Services Limited","Updates","' Tata Consultancy Services Limited has informed the Exchange regarding cancellation of Press Conference.'.","10-Oct-2024 15:25:18","2024-10-10 15:25:18","10-Oct-2024 15:25:19","00:00:01","https://nsearchives.nseindia.com/corporate/TCS_10102024152518_SEIntsigned.pdf"
"TCS","Tata Consultancy Services Limited","Loss of Share Certificates","Tata Consultancy Services Limited has informed the Exchange about Loss of Share Certificates","07-Oct-2024 17:59:39","2024-10-07 17:59:39","07-Oct-2024 17:59:40","00:00:01","https://nsearchives.nseindia.com/corporate/TCS_07102024175939_SEInt07102024_signed.pdf"
"TCS","Tata Consultancy Services Limited","Copy of Newspaper Publication","Tata Consultancy Services Limited has informed the Exchange about Copy of Newspaper Publication","01-Oct-2024 16:54:30","2024-10-01 16:54:30","01-Oct-2024 16:54:31","00:00:01","https://nsearchives.nseindia.com/corporate/TCS_01102024165430_SEInt01102024_signed.pdf"
"TCS","Tata Consultancy Services Limited","Loss of Share Certificates","Tata Consultancy Services Limited has informed the Exchange about Loss of Share Certificates","01-Oct-2024 13:58:09","2024-10-01 13:58:09","01-Oct-2024 13:58:10","00:00:01","https://nsearchives.nseindia.com/corporate/TCS_01102024135809_SEInt01102024_signed.pdf"
"TCS","Tata Consultancy Services Limited","Loss of Share Certificates","Tata Consultancy Services Limited has informed the Exchange about Loss of Share Certificates","30-Sep-2024 18:55:40","2024-09-30 18:55:40","30-Sep-2024 18:55:41","00:00:01","https://nsearchives.nseindia.com/corporate/TCS_30092024185540_SEInt30092024_signed.pdf"
"TCS","Tata Consultancy Services Limited","Analysts/Institutional Investor Meet/Con. Call Updates","Tata Consultancy Services Limited has informed the Exchange about Schedule of meet","30-Sep-2024 18:42:07","2024-09-30 18:42:07","30-Sep-2024 18:42:08","00:00:01","https://nsearchives.nseindia.com/corporate/TCS_30092024184207_SEInt30092024_signed.pdf"
"TCS","Tata Consultancy Services Limited","Record Date","Tata Consultancy Services Limited has informed the Exchange that Record date for the purpose of Dividend  is 18-Oct-2024.","30-Sep-2024 18:16:35","2024-09-30 18:16:35","30-Sep-2024 18:16:36","00:00:01","https://nsearchives.nseindia.com/corporate/TCS_30092024181635_Pre-Board_Meeting_Intimation_October_2024_signed.pdf"
"TCS","Tata Consultancy Services Limited","Loss of Share Certificates","Tata Consultancy Services Limited has informed the Exchange about Loss of Share Certificates","25-Sep-2024 19:11:25","2024-09-25 19:11:25","25-Sep-2024 19:11:25","00:00:00","https://nsearchives.nseindia.com/corporate/TCS_25092024191125_Covering_Letter1.pdf"
"TCS","Tata Consultancy Services Limited","Loss of Share Certificates","Tata Consultancy Services Limited has informed the Exchange about Loss of Share Certificates","24-Sep-2024 12:44:54","2024-09-24 12:44:54","24-Sep-2024 12:44:55","00:00:01","https://nsearchives.nseindia.com/corporate/TCS_24092024124454_SEInt24092024_signed.pdf"
"TCS","Tata Consultancy Services Limited","Press Release","Tata Consultancy Services Limited has informed the Exchange regarding a press release dated September 20, 2024, titled ""TCS Expands Operations in Poland, Opens New Global Delivery Centre in Warsaw "".","20-Sep-2024 12:30:22","2024-09-20 12:30:22","20-Sep-2024 12:30:23","00:00:01","https://nsearchives.nseindia.com/corporate/TCS_20092024123022_PR_20Sep24_signed.pdf"
"TCS","Tata Consultancy Services Limited","Press Release","Tata Consultancy Services Limited has informed the Exchange regarding a press release dated September 19, 2024, titled ""TCS Ranks #1 in Kantar BrandZ's List of India s Most Valuable Brands 2024 With 16% YoY Growth in Brand Value"".","19-Sep-2024 19:05:16","2024-09-19 19:05:16","19-Sep-2024 19:05:17","00:00:01","https://nsearchives.nseindia.com/corporate/TCS_19092024190516_PR_19Sep24_signed.pdf"
"TCS","Tata Consultancy Services Limited","Press Release","Tata Consultancy Services Limited has informed the Exchange regarding a press release dated September 18, 2024, titled ""TCS Signs Deal with McDonald s Philippines to Modernize IT Landscape for its 760+ Restaurants"".","18-Sep-2024 12:00:21","2024-09-18 12:00:21","18-Sep-2024 12:00:22","00:00:01","https://nsearchives.nseindia.com/corporate/TCS_18092024120021_PR_18Sep24_signed.pdf"
"TCS","Tata Consultancy Services Limited","Updates","Tata Consultancy Services Limited has informed the Exchange regarding 'Disclosure under Regulation 30 of the SEBI (Listing Obligations and Disclosure Requirements) Regulations, 2015'.","16-Sep-2024 17:09:55","2024-09-16 17:09:55","16-Sep-2024 17:09:56","00:00:01","https://nsearchives.nseindia.com/corporate/TCS_16092024170956_SEInt16092024Signed.pdf"
"TCS","Tata Consultancy Services Limited","Updates","Tata Consultancy Services Limited has informed the Exchange regarding 'Disclosure under Regulation 30 of the SEBI (Listing Obligations and Disclosure Requirements) Regulations, 2015'.","12-Sep-2024 18:37:03","2024-09-12 18:37:03","12-Sep-2024 18:37:04","00:00:01","https://nsearchives.nseindia.com/corporate/TCS_12092024183703_SEInt12092024Signed.pdf"
"TCS","Tata Consultancy Services Limited","Press Release","Tata Consultancy Services Limited has informed the Exchange regarding a press release dated September 10, 2024, titled ""TCS Signs Strategic Deal to Digitally Transform Mansfield Building Society s Services in the UK"".","10-Sep-2024 11:00:09","2024-09-10 11:00:09","10-Sep-2024 11:00:10","00:00:01","https://nsearchives.nseindia.com/corporate/TCS_10092024110009_PR_10Sep24_signed.pdf"
"TCS","Tata Consultancy Services Limited","Press Release","Tata Consultancy Services Limited has informed the Exchange regarding a press release dated September 03, 2024, titled ""TCS Partners with Google Cloud to Launch AI-Powered Cybersecurity Solutions to Deal with Advanced Threats"".","03-Sep-2024 11:01:46","2024-09-03 11:01:46","03-Sep-2024 11:01:47","00:00:01","https://nsearchives.nseindia.com/corporate/TCS_03092024110146_PR_03Sep24_signed.pdf"
"TCS","Tata Consultancy Services Limited","Analysts/Institutional Investor Meet/Con. Call Updates","Tata Consultancy Services Limited has informed the Exchange about Schedule of meet","02-Sep-2024 20:22:11","2024-09-02 20:22:11","02-Sep-2024 20:22:12","00:00:01","https://nsearchives.nseindia.com/corporate/TCS_02092024202211_SEint02092024Signed.pdf"
"TCS","Tata Consultancy Services Limited","Updates","Tata Consultancy Services Limited has informed the Exchange regarding 'Disclosure under Regulation 30 of the SEBI (Listing Obligations and Disclosure Requirements) Regulations, 2015'.","02-Sep-2024 20:15:59","2024-09-02 20:15:59","02-Sep-2024 20:16:00","00:00:01","https://nsearchives.nseindia.com/corporate/TCS_02092024201559_SEint02092024signed.pdf"
"TCS","Tata Consultancy Services Limited","Loss of Share Certificates","Tata Consultancy Services Limited has informed the Exchange about Loss of Share Certificates","30-Aug-2024 18:46:28","2024-08-30 18:46:28","30-Aug-2024 18:46:29","00:00:01","https://nsearchives.nseindia.com/corporate/TCS_30082024184628_SEInt30082024_signed.pdf"
"TCS","Tata Consultancy Services Limited","Updates","Tata Consultancy Services Limited has informed the Exchange regarding 'Disclosure under Regulation 30 of the SEBI (Listing Obligations and Disclosure Requirements) Regulations, 2015'.","30-Aug-2024 16:18:38","2024-08-30 16:18:38","30-Aug-2024 16:18:39","00:00:01","https://nsearchives.nseindia.com/corporate/TCS_30082024161838_SEInt30082024Signed.pdf"
"TCS","Tata Consultancy Services Limited","Press Release","Tata Consultancy Services Limited has informed the Exchange regarding a press release dated August 29, 2024, titled ""TCS to Fashion New Partner Landscape for Primark to Transform and Grow its Operations"".","29-Aug-2024 12:01:21","2024-08-29 12:01:21","29-Aug-2024 12:01:21","00:00:00","https://nsearchives.nseindia.com/corporate/TCS_29082024120121_PR_29Aug24_signed.pdf"
"TCS","Tata Consultancy Services Limited","Updates","Tata Consultancy Services Limited has informed the Exchange regarding 'Disclosure under Regulation 30 of the SEBI (Listing Obligations and Disclosure Requirements) Regulations, 2015'.","28-Aug-2024 19:20:49","2024-08-28 19:20:49","28-Aug-2024 19:20:50","00:00:01","https://nsearchives.nseindia.com/corporate/TCS_28082024192049_SEInt28082024Signed.pdf"
"TCS","Tata Consultancy Services Limited","Press Release","Tata Consultancy Services Limited has informed the Exchange regarding a press release dated August 27, 2024, titled ""TCS Pace Studio Launches in Philippines to Accelerate Digital Innovation for Clients Across the Asia Pacific Region"".","27-Aug-2024 11:01:21","2024-08-27 11:01:21","27-Aug-2024 11:01:22","00:00:01","https://nsearchives.nseindia.com/corporate/TCS_27082024110121_PR_27Aug24_signed.pdf"
"TCS","Tata Consultancy Services Limited","Updates","Tata Consultancy Services Limited has informed the Exchange regarding 'Disclosure under Regulation 30 of the SEBI (Listing Obligations and Disclosure Requirements) Regulations, 2015'.","26-Aug-2024 18:29:48","2024-08-26 18:29:48","26-Aug-2024 18:29:49","00:00:01","https://nsearchives.nseindia.com/corporate/TCS_26082024182948_SEInt26082024Final.pdf"
"TCS","Tata Consultancy Services Limited","Loss of Share Certificates","Tata Consultancy Services Limited has informed the Exchange about Loss of Share Certificates","22-Aug-2024 19:20:03","2024-08-22 19:20:03","22-Aug-2024 19:20:03","00:00:00","https://nsearchives.nseindia.com/corporate/TCS_22082024192003_SEInt22082024.pdf"
"TCS","Tata Consultancy Services Limited","Updates","Tata Consultancy Services Limited has informed the Exchange regarding 'Disclosure under Regulation 30 of the SEBI (Listing Obligations and Disclosure Requirements) Regulations, 2015'.","22-Aug-2024 19:04:02","2024-08-22 19:04:02","22-Aug-2024 19:04:03","00:00:01","https://nsearchives.nseindia.com/corporate/TCS_22082024190402_SEint22082024signed.pdf"
"TCS","Tata Consultancy Services Limited","Press Release","Tata Consultancy Services Limited has informed the Exchange regarding a press release dated August 20, 2024, titled ""TCS Pace Studio Launches in Stockholm, Expands Innovation in the Nordic Region "".","20-Aug-2024 11:01:12","2024-08-20 11:01:12","20-Aug-2024 11:01:14","00:00:02","https://nsearchives.nseindia.com/corporate/TCS_20082024110112_PR_20Aug24_signed.pdf"
"TCS","Tata Consultancy Services Limited","Loss of Share Certificates","Tata Consultancy Services Limited has informed the Exchange about Loss of Share Certificates","19-Aug-2024 16:38:23","2024-08-19 16:38:23","19-Aug-2024 16:38:24","00:00:01","https://nsearchives.nseindia.com/corporate/TCS_19082024163823_SEInt19082024signed.pdf"
"TCS","Tata Consultancy Services Limited","Press Release","Tata Consultancy Services Limited has informed the Exchange regarding a press release dated August 12, 2024, titled ""TCS OmniStore  Enables 100% In-Store Mobile Checkout for Leading Electronics Retailer Croma"".","12-Aug-2024 11:01:25","2024-08-12 11:01:25","12-Aug-2024 11:01:26","00:00:01","https://nsearchives.nseindia.com/corporate/TCS_12082024110126_PR_12Aug24_signed.pdf"
"TCS","Tata Consultancy Services Limited","Analysts/Institutional Investor Meet/Con. Call Updates","Tata Consultancy Services Limited has informed the Exchange about Presentation","10-Aug-2024 17:00:57","2024-08-10 17:00:57","10-Aug-2024 17:00:57","00:00:00","https://nsearchives.nseindia.com/corporate/TCS_10082024170057_SEInt10082024_signed.pdf"
"TCS","Tata Consultancy Services Limited","Copy of Newspaper Publication","Tata Consultancy Services Limited has informed the Exchange about Copy of Newspaper Publication","10-Aug-2024 16:18:33","2024-08-10 16:18:33","10-Aug-2024 16:18:34","00:00:01","https://nsearchives.nseindia.com/corporate/TCS_10082024161833_SEInt10082024_signed.pdf"
"TCS","Tata Consultancy Services Limited","Updates","Tata Consultancy Services Limited has informed the Exchange regarding 'Disclosure under Regulation 30 of the SEBI (Listing Obligations and Disclosure Requirements) Regulations, 2015'.","09-Aug-2024 20:48:07","2024-08-09 20:48:07","09-Aug-2024 20:48:08","00:00:01","https://nsearchives.nseindia.com/corporate/TCS_09082024204807_SEIntreg3009082024_Signed.pdf"
"TCS","Tata Consultancy Services Limited","Loss of Share Certificates","Tata Consultancy Services Limited has informed the Exchange about Loss of Share Certificates","09-Aug-2024 19:53:01","2024-08-09 19:53:01","09-Aug-2024 19:53:01","00:00:00","https://nsearchives.nseindia.com/corporate/TCS_09082024195301_SEInt09082024updated.pdf"
"TCS","Tata Consultancy Services Limited","Analysts/Institutional Investor Meet/Con. Call Updates","Tata Consultancy Services Limited has informed the Exchange about Schedule of meet","01-Aug-2024 19:29:38","2024-08-01 19:29:38","01-Aug-2024 19:29:39","00:00:01","https://nsearchives.nseindia.com/corporate/TCS_01082024192938_SEint01082024Signed.pdf"
"TCS","Tata Consultancy Services Limited","Updates","Tata Consultancy Services Limited has informed the Exchange regarding 'Disclosure under Regulation 30 of the SEBI (Listing Obligations and Disclosure Requirements) Regulations, 2015'.","31-Jul-2024 19:04:57","2024-07-31 19:04:57","31-Jul-2024 19:04:57","00:00:00","https://nsearchives.nseindia.com/corporate/TCS_31072024190457_SEInt31072024Signed.pdf"
"TCS","Tata Consultancy Services Limited","Press Release","Tata Consultancy Services Limited has informed the Exchange regarding a press release dated July 30, 2024, titled ""Follett Higher Education Selects TCS to Build a Future-Ready, Cloud-Based IT Infrastructure"".","30-Jul-2024 10:58:37","2024-07-30 10:58:37","30-Jul-2024 10:58:38","00:00:01","https://nsearchives.nseindia.com/corporate/TCS_30072024105837_Ltr_30July24signed.pdf"
"TCS","Tata Consultancy Services Limited","Press Release","Tata Consultancy Services Limited has informed the Exchange regarding a press release dated July 22, 2024, titled ""Rolls-Royce and TCS Collaborate on Hydrogen Research Programme"".","22-Jul-2024 10:12:31","2024-07-22 10:12:31","22-Jul-2024 10:12:32","00:00:01","https://nsearchives.nseindia.com/corporate/TCS_22072024101231_PR_22July24_signed.pdf"
"TCS","Tata Consultancy Services Limited","Updates","Tata Consultancy Services Limited has informed the Exchange regarding 'Intimation under Regulation 30 of the Securities and Exchange Board of India (Listing Obligations and Disclosure Requirements) Regulations, 2015'.","17-Jul-2024 20:07:00","2024-07-17 20:07:00","17-Jul-2024 20:07:01","00:00:01","https://nsearchives.nseindia.com/corporate/TCS_17072024200700_SEintimation170724.pdf"
"TCS","Tata Consultancy Services Limited","Analysts/Institutional Investor Meet/Con. Call Updates","Tata Consultancy Services Limited has informed the Exchange about Transcript","16-Jul-2024 20:03:01","2024-07-16 20:03:01","16-Jul-2024 20:03:02","00:00:01","https://nsearchives.nseindia.com/corporate/TCS_16072024200301_SEInt16072024Signed.pdf"
"TCS","Tata Consultancy Services Limited","Copy of Newspaper Publication","Tata Consultancy Services Limited has informed the Exchange about Copy of Newspaper Publication","13-Jul-2024 14:42:55","2024-07-13 14:42:55","13-Jul-2024 14:42:56","00:00:01","https://nsearchives.nseindia.com/corporate/TCS_13072024144255_SEInt13072024signed.pdf"
"TCS","Tata Consultancy Services Limited","Copy of Newspaper Publication","Tata Consultancy Services Limited has informed the Exchange about Copy of Newspaper Publication","12-Jul-2024 19:27:46","2024-07-12 19:27:46","12-Jul-2024 19:27:46","00:00:00","https://nsearchives.nseindia.com/corporate/TCS_12072024192746_SEINT12724signed.pdf"
"TCS","Tata Consultancy Services Limited","Analysts/Institutional Investor Meet/Con. Call Updates","Tata Consultancy Services Limited has informed the Exchange about Link of Recording","11-Jul-2024 22:55:09","2024-07-11 22:55:09","11-Jul-2024 22:55:10","00:00:01","https://nsearchives.nseindia.com/corporate/TCS_11072024225509_SEInt11072024.pdf"
"TCS","Tata Consultancy Services Limited","Date of payment of dividend","Tata Consultancy Services Limited has informed the Exchange about Date of payment of dividend","11-Jul-2024 15:45:50","2024-07-11 15:45:50","11-Jul-2024 15:45:50","00:00:00","https://nsearchives.nseindia.com/corporate/TCS_11072024154550_SELetterFin_signed.pdf"
"TCS","Tata Consultancy Services Limited","Outcome of Board Meeting","Tata Consultancy Services Limited has informed the Exchange regarding Outcome of Board Meeting held on July 11, 2024.","11-Jul-2024 15:44:58","2024-07-11 15:44:58","11-Jul-2024 15:44:59","00:00:01","https://nsearchives.nseindia.com/corporate/TCS_11072024154458_SELetterFin_signed.pdf"
"TCS","Tata Consultancy Services Limited","Press Release","Tata Consultancy Services Limited has informed the Exchange regarding a press release dated July 11, 2024, titled ""TCS Starts FY2025 on a Strong Note with Broad-Based Growth"".","11-Jul-2024 15:43:24","2024-07-11 15:43:24","11-Jul-2024 15:43:26","00:00:02","https://nsearchives.nseindia.com/corporate/TCS_11072024154324_BMoutcomeJuly2024pressrelease_signed.pdf"
"TCS","Tata Consultancy Services Limited","Change in Company Secretary/Compliance Officer","Tata Consultancy Services Limited has informed the Exchange about Change in Company Secretary/Compliance Officer","11-Jul-2024 15:41:42","2024-07-11 15:41:42","11-Jul-2024 15:41:43","00:00:01","https://nsearchives.nseindia.com/corporate/TCS_11072024154142_SELetterCS_signed.pdf"
"TCS","Tata Consultancy Services Limited","Dividend","Tata Consultancy Services Limited has informed the Exchange that Board of Directors at its meeting held on July 11, 2024, declared Interim Dividend of Rs. 10 per equity share.","11-Jul-2024 15:40:39","2024-07-11 15:40:39","11-Jul-2024 15:40:40","00:00:01","https://nsearchives.nseindia.com/corporate/TCS_11072024154039_SELetterFin_signed.pdf"
"TCS","Tata Consultancy Services Limited","Financial Result Updates","Tata Consultancy Services Limited has submitted to the Exchange, the financial results for the period ended June 30, 2024.","11-Jul-2024 15:38:49","2024-07-11 15:38:49","11-Jul-2024 15:38:57","00:00:08","https://nsearchives.nseindia.com/corporate/SELetterFin_signed_11072024153849.pdf"
"TCS","Tata Consultancy Services Limited","Loss of Share Certificates","Tata Consultancy Services Limited has informed the Exchange about Loss of Share Certificates","02-Jul-2024 15:22:50","2024-07-02 15:22:50","02-Jul-2024 15:22:51","00:00:01","https://nsearchives.nseindia.com/corporate/TCS_02072024152250_LossInt02072024.pdf"
"TCS","Tata Consultancy Services Limited","Press Release","Tata Consultancy Services Limited has informed the Exchange regarding a press release dated July 02, 2024, titled ""TCS Signs Title Partnership with Sydney Marathon, Australia s Largest and Most Iconic Race"".","02-Jul-2024 09:30:38","2024-07-02 09:30:38","02-Jul-2024 09:30:39","00:00:01","https://nsearchives.nseindia.com/corporate/TCS_02072024093038_PR_02July24_signed.pdf"
"TCS","Tata Consultancy Services Limited","Copy of Newspaper Publication","Tata Consultancy Services Limited has informed the Exchange about Copy of Newspaper Publication","29-Jun-2024 17:27:10","2024-06-29 17:27:10","29-Jun-2024 17:27:11","00:00:01","https://nsearchives.nseindia.com/corporate/TCS_29062024172710_SEInt29062024signed.pdf"
"TCS","Tata Consultancy Services Limited","Analysts/Institutional Investor Meet/Con. Call Updates","Tata Consultancy Services Limited has informed the Exchange about Schedule of meet","28-Jun-2024 20:16:28","2024-06-28 20:16:28","28-Jun-2024 20:16:29","00:00:01","https://nsearchives.nseindia.com/corporate/TCS_28062024201628_SEInt28062024signed.pdf"
"TCS","Tata Consultancy Services Limited","Record Date","Tata Consultancy Services Limited has informed the Exchange that Record date for the purpose of Dividend  is 20-Jul-2024.","28-Jun-2024 17:04:54","2024-06-28 17:04:54","28-Jun-2024 17:04:55","00:00:01","https://nsearchives.nseindia.com/corporate/TCS_28062024170454_SEINT28062024.pdf"
"TCS","Tata Consultancy Services Limited","Change in Director(s)","Tata Consultancy Services Limited has informed the Exchange regarding Change in Director(s) of the company.","27-Jun-2024 11:49:04","2024-06-27 11:49:04","27-Jun-2024 11:49:05","00:00:01","https://nsearchives.nseindia.com/corporate/TCS_27062024114904_SEInt27062024.pdf"
"TCS","Tata Consultancy Services Limited","Loss of Share Certificates","Tata Consultancy Services Limited has informed the Exchange about Loss of Share Certificates","25-Jun-2024 18:00:32","2024-06-25 18:00:32","25-Jun-2024 18:00:33","00:00:01","https://nsearchives.nseindia.com/corporate/TCS_25062024180032_Coveringletter25062024.pdf"
"TCS","Tata Consultancy Services Limited","Press Release","Tata Consultancy Services Limited has informed the Exchange regarding a press release dated Jun 21, 2024, titled ""Xerox Signs Deal with TCS to Transform its IT Technology Using Cloud and GenAI"".","21-Jun-2024 10:00:30","2024-06-21 10:00:30","21-Jun-2024 10:00:30","00:00:00","https://nsearchives.nseindia.com/corporate/TCS_21062024100030_PR_21June24_signed.pdf"
"TCS","Tata Consultancy Services Limited","Updates","Tata Consultancy Services Limited has informed the Exchange regarding ''Disclosure under Regulation 30 of the SEBI (Listing Obligations and Disclosure Requirements) Regulations, 2015""","14-Jun-2024 21:09:54","2024-06-14 21:09:54","14-Jun-2024 21:09:55","00:00:01","https://nsearchives.nseindia.com/corporate/TCS_14062024210954_SELettersigned.pdf"
"TCS","Tata Consultancy Services Limited","Press Release","Tata Consultancy Services Limited has informed the Exchange regarding a press release dated Jun 11, 2024, titled ""TCS Launches New IoT Engineering Lab in Ohio to Accelerate Innovation for Clients"".","11-Jun-2024 18:00:25","2024-06-11 18:00:25","11-Jun-2024 18:00:26","00:00:01","https://nsearchives.nseindia.com/corporate/TCS_11062024180025_PR_11June24_signed.pdf"
"TCS","Tata Consultancy Services Limited","Press Release","Tata Consultancy Services Limited has informed the Exchange regarding a press release dated Jun 07, 2024, titled ""TCS Launches WisdomNextTM, an industry-first GenAI Aggregation Platform"".","07-Jun-2024 10:45:21","2024-06-07 10:45:21","07-Jun-2024 10:45:22","00:00:01","https://nsearchives.nseindia.com/corporate/TCS_07062024104521_PR_07June24_signed.pdf"
"TCS","Tata Consultancy Services Limited","Analysts/Institutional Investor Meet/Con. Call Updates","Tata Consultancy Services Limited has informed the Exchange about Schedule of meet","05-Jun-2024 12:45:48","2024-06-05 12:45:48","05-Jun-2024 12:45:49","00:00:01","https://nsearchives.nseindia.com/corporate/TCS_05062024124548_SEInt05062024signed.pdf"
"TCS","Tata Consultancy Services Limited","Shareholders meeting","Tata Consultancy Services Limited has submitted to the Exchange a copy of its Scrutinizer's Report along with voting results of the twenty nineth Annual General Meeting held on Friday, May 31, 2024.","03-Jun-2024 17:43:47","2024-06-03 17:43:47","03-Jun-2024 17:43:48","00:00:01","https://nsearchives.nseindia.com/corporate/TCS_03062024174348_SEInt03062024signed.pdf"
"TCS","Tata Consultancy Services Limited","Shareholders meeting","Tata Consultancy Services Limited has informed the Exchange regarding Proceedings of Annual General Meeting held on May 31, 2024","01-Jun-2024 02:13:47","2024-06-01 02:13:47","01-Jun-2024 02:13:48","00:00:01","https://nsearchives.nseindia.com/corporate/TCS_01062024021347_31052024_AGM2024.pdf"
"TCS","Tata Consultancy Services Limited","Loss of Share Certificates","Tata Consultancy Services Limited has informed the Exchange about Loss of Share Certificates","28-May-2024 18:55:29","2024-05-28 18:55:29","28-May-2024 18:55:30","00:00:01","https://nsearchives.nseindia.com/corporate/TCS_28052024185529_SEInt28052024.pdf"
"TCS","Tata Consultancy Services Limited","Press Release","Tata Consultancy Services Limited has informed the Exchange regarding a press release dated May 28, 2024, titled ""TCS & IIT-Bombay to Build India s First Quantum Diamond Microchip Imager"".","28-May-2024 11:00:13","2024-05-28 11:00:13","28-May-2024 11:00:13","00:00:00","https://nsearchives.nseindia.com/corporate/TCS_28052024110013_PR_28May24_signed.pdf"
"TCS","Tata Consultancy Services Limited","Analysts/Institutional Investor Meet/Con. Call Updates","Tata Consultancy Services Limited has informed the Exchange about Schedule of meet","27-May-2024 20:11:47","2024-05-27 20:11:47","27-May-2024 20:11:47","00:00:00","https://nsearchives.nseindia.com/corporate/TCS_27052024201147_SEInt27052024signed.pdf"
"TCS","Tata Consultancy Services Limited","Analysts/Institutional Investor Meet/Con. Call Updates","Tata Consultancy Services Limited has informed the Exchange about Schedule of meet","23-May-2024 16:53:35","2024-05-23 16:53:35","23-May-2024 16:53:36","00:00:01","https://nsearchives.nseindia.com/corporate/TCS_23052024165336_SEInt23052024signed.pdf"
"TCS","Tata Consultancy Services Limited","Loss of Share Certificates","Tata Consultancy Services Limited has informed the Exchange about Loss of Share Certificates","22-May-2024 19:37:10","2024-05-22 19:37:10","22-May-2024 19:37:11","00:00:01","https://nsearchives.nseindia.com/corporate/TCS_22052024193710_Finalsignedversion.pdf"
"TCS","Tata Consultancy Services Limited","Press Release","Tata Consultancy Services Limited has informed the Exchange regarding a press release dated May 22, 2024, titled ""Burgan Bank Selects TCS BaNCS to Transform its Core Banking"".","22-May-2024 14:14:32","2024-05-22 14:14:32","22-May-2024 14:14:32","00:00:00","https://nsearchives.nseindia.com/corporate/TCS_22052024141432_PR_22May24_signed.pdf"
"TCS","Tata Consultancy Services Limited","Updates","Tata Consultancy Services Limited has informed the Exchange regarding 'Disclosure under Regulation 30(5) of SEBI (Listing Obligations and Disclosure Requirements) Regulations, 2015'.","19-May-2024 18:14:25","2024-05-19 18:14:25","19-May-2024 18:14:26","00:00:01","https://nsearchives.nseindia.com/corporate/TCS_19052024181425_SEIntKMP190502024.pdf"
"TCS","Tata Consultancy Services Limited","Retirement","Pursuant to Regulation 30 of SEBI (Listing Obligations and Disclosure Requirements) Regulations, 2015, we hereby inform you that the term of office of Mr. N. Ganapathy Subramaniam (DIN: 07006215), Chief Operating Officer and Executive Director (COO & ED) of the Company, ends on May 19, 2024.Accordingly, he ceases to be COO & ED of the Company with effect from May 20, 2024.","19-May-2024 17:49:52","2024-05-19 17:49:52","19-May-2024 17:49:53","00:00:01","https://nsearchives.nseindia.com/corporate/TCS_19052024174952_SEInt19052024.pdf"
"TCS","Tata Consultancy Services Limited","Press Release","Tata Consultancy Services Limited has informed the Exchange regarding a press release dated May 15, 2024, titled ""86% of Executives have already deployed Artificial Intelligence to enhance revenue, reveals TCS Global AI Study"".","15-May-2024 11:01:19","2024-05-15 11:01:19","15-May-2024 11:02:23","00:01:04","https://nsearchives.nseindia.com/corporate/TCS_15052024110119_PR_15May24_signed.pdf"
"TCS","Tata Consultancy Services Limited","Copy of Newspaper Publication","Tata Consultancy Services Limited has informed the Exchange about Copy of Newspaper Publication pursuant to Regulation 30 read with Schedule III Part A Para A and Regulation 47 of SEBI (Listing Obligations and Disclosure Requirements) Regulations, 2015, we enclose the following documents:1. Copies of newspaper advertisement published in Business Standard (English),Free Press Journal (English) and Navshakti (Marathi).2. Copy of reminder letter to shareholders.The above reminder letters were sent to the shareholders who have not claimed their dividends for seven or more consecutive years and whose shares are liable for transfer to the IEPF Authority. This is pursuant to Section 124(6) of the Companies Act, 2013 read with the Investor Education and Protection Fund Authority (Accounting, Audit, Transfer and Refund) Rules, 2016, as amended.This is for your information and records.","14-May-2024 20:53:52","2024-05-14 20:53:52","14-May-2024 20:54:03","00:00:11","https://nsearchives.nseindia.com/corporate/TCS_14052024205352_SEletterIEPFREM.pdf"
"TCS","Tata Consultancy Services Limited","Press Release","Tata Consultancy Services Limited has informed the Exchange regarding a press release dated May 13, 2024, titled ""TCS To Set Up First-of-its-Kind Human-Centric AI Center of Excellence in France"".","13-May-2024 19:32:01","2024-05-13 19:32:01","13-May-2024 19:32:05","00:00:04","https://nsearchives.nseindia.com/corporate/TCS_13052024193201_PR_13May24_signed.pdf"
"TCS","Tata Consultancy Services Limited","Loss of Share Certificates","Tata Consultancy Services Limited has informed the Exchange about Loss of Share Certificates","10-May-2024 19:13:23","2024-05-10 19:13:23","10-May-2024 19:13:33","00:00:10","https://nsearchives.nseindia.com/corporate/TCS_10052024191323_SEIint10052024_signed.pdf"
"TCS","Tata Consultancy Services Limited","Loss of Share Certificates","Tata Consultancy Services Limited has informed the Exchange about Loss of Share Certificates","09-May-2024 18:15:07","2024-05-09 18:15:07","09-May-2024 18:15:12","00:00:05","https://nsearchives.nseindia.com/corporate/TCS_09052024181507_LossInt09052024.pdf"
"TCS","Tata Consultancy Services Limited","Copy of Newspaper Publication","Tata Consultancy Services Limited has informed the Exchange about Copy of Newspaper Publication","09-May-2024 16:28:18","2024-05-09 16:28:18","09-May-2024 16:28:24","00:00:06","https://nsearchives.nseindia.com/corporate/TCS_09052024162818_SEINT09052024.pdf"
"TCS","Tata Consultancy Services Limited","Updates","Tata Consultancy Services Limited has informed the Exchange regarding 'Business Responsibility and Sustainability Report for the financial year 2023-24'.","09-May-2024 00:44:59","2024-05-09 00:44:59","09-May-2024 00:45:04","00:00:05","https://nsearchives.nseindia.com/corporate/TCS_09052024004459_SEIntBRSRsigned.pdf"
"TCS","Tata Consultancy Services Limited","Shareholders meeting","Tata Consultancy Services Limited has informed the Exchange regarding Notice of Annual General Meeting to be held on May 31, 2024","09-May-2024 00:13:33","2024-05-09 00:13:33","09-May-2024 00:13:38","00:00:05","https://nsearchives.nseindia.com/corporate/TCS_09052024001333_SEIntNotice08052024.pdf"
"TCS","Tata Consultancy Services Limited","Loss of Share Certificates","Tata Consultancy Services Limited has informed the Exchange about Loss of Share Certificates","08-May-2024 21:17:30","2024-05-08 21:17:30","08-May-2024 21:17:34","00:00:04","https://nsearchives.nseindia.com/corporate/TCS_08052024211730_SEINT08052024signed.pdf"
"TCS","Tata Consultancy Services Limited","Date of payment of dividend","Tata Consultancy Services Limited has informed the Exchange about Date of payment of dividend","06-May-2024 18:22:59","2024-05-06 18:22:59","06-May-2024 18:23:03","00:00:04","https://nsearchives.nseindia.com/corporate/TCS_06052024182259_SEInt06052024signed.pdf"
"TCS","Tata Consultancy Services Limited","Record Date","Tata Consultancy Services Limited has informed the Exchange that Record date for the purpose of Dividend  is 16-May-2024.","06-May-2024 18:11:12","2024-05-06 18:11:12","06-May-2024 18:11:18","00:00:06","https://nsearchives.nseindia.com/corporate/TCS_06052024181112_SEInt06052024signed.pdf"
"TCS","Tata Consultancy Services Limited","Copy of Newspaper Publication","Tata Consultancy Services Limited has informed the Exchange about Copy of Newspaper Publication","06-May-2024 17:52:52","2024-05-06 17:52:52","06-May-2024 17:52:57","00:00:05","https://nsearchives.nseindia.com/corporate/TCS_06052024175252_SEInt06052024Advertisementsigned.pdf"
"TCS","Tata Consultancy Services Limited","Updates","Tata Consultancy Services Limited has informed the Exchange regarding 'Disclosure under Regulation 30 of the SEBI (Listing Obligations and Disclosure Requirements) Regulations, 2015'.","02-May-2024 22:43:18","2024-05-02 22:43:18","02-May-2024 22:43:24","00:00:06","https://nsearchives.nseindia.com/corporate/TCS_02052024224318_SEInt02052024signed.pdf"
"TCS","Tata Consultancy Services Limited","Analysts/Institutional Investor Meet/Con. Call Updates","Tata Consultancy Services Limited has informed the Exchange about Schedule of meet","01-May-2024 15:54:43","2024-05-01 15:54:43","01-May-2024 15:54:48","00:00:05","https://nsearchives.nseindia.com/corporate/TCS_01052024155443_SEIntimation01052024signed.pdf"
"TCS","Tata Consultancy Services Limited","Updates","Tata Consultancy Services Limited has informed the Exchange regarding 'Disclosure under Regulation 30 of the SEBI (Listing Obligations and Disclosure Requirements) Regulations, 2015'.","30-Apr-2024 19:23:24","2024-04-30 19:23:24","30-Apr-2024 19:23:31","00:00:07","https://nsearchives.nseindia.com/corporate/TCS_30042024192324_SEIntimation30042024Final.pdf"
"TCS","Tata Consultancy Services Limited","Loss of Share Certificates","Tata Consultancy Services Limited has informed the Exchange about Loss of Share Certificates","25-Apr-2024 18:27:15","2024-04-25 18:27:15","25-Apr-2024 18:27:26","00:00:11","https://nsearchives.nseindia.com/corporate/TCS_25042024182715_SEintimation.pdf"
"TCS","Tata Consultancy Services Limited","Press Release","Tata Consultancy Services Limited has informed the Exchange regarding a press release dated April 24, 2024, titled ""TCS and AWS Sign Strategic Agreement to Accelerate Cloud Transformations, Offer Access to GenAI Solutions to Customers"".","24-Apr-2024 16:01:58","2024-04-24 16:01:58","24-Apr-2024 16:02:05","00:00:07","https://nsearchives.nseindia.com/corporate/TCS_24042024160158_PR_24April24_signed.pdf"
"TCS","Tata Consultancy Services Limited","Loss of Share Certificates","Tata Consultancy Services Limited has informed the Exchange about Loss of Share Certificates","22-Apr-2024 19:20:23","2024-04-22 19:20:23","22-Apr-2024 19:20:29","00:00:06","https://nsearchives.nseindia.com/corporate/TCS_22042024192023_SEInt22042024.pdf"
"TCS","Tata Consultancy Services Limited","Copy of Newspaper Publication","Tata Consultancy Services Limited has informed the Exchange about Copy of Newspaper Publication","22-Apr-2024 18:55:30","2024-04-22 18:55:30","22-Apr-2024 18:55:39","00:00:09","https://nsearchives.nseindia.com/corporate/TCS_22042024185530_SEDividendAdvertisement.pdf"
"TCS","Tata Consultancy Services Limited","Updates","Tata Consultancy Services Limited has informed the Exchange regarding 'Disclosure under Regulation 30 of the SEBI (Listing Obligations and Disclosure Requirements) Regulations, 2015'.","19-Apr-2024 18:46:41","2024-04-19 18:46:41","19-Apr-2024 18:46:46","00:00:05","https://nsearchives.nseindia.com/corporate/TCS_19042024184641_SEInt19042024Signed.pdf"
"TCS","Tata Consultancy Services Limited","Loss of Share Certificates","Tata Consultancy Services Limited has informed the Exchange about Loss of Share Certificates","18-Apr-2024 19:53:35","2024-04-18 19:53:35","18-Apr-2024 19:53:47","00:00:12","https://nsearchives.nseindia.com/corporate/TCS_18042024195335_SEINT18042024.pdf"
"TCS","Tata Consultancy Services Limited","Updates","Tata Consultancy Services Limited has informed the Exchange regarding 'Disclosure under Regulation 30'.","18-Apr-2024 16:39:04","2024-04-18 16:39:04","18-Apr-2024 16:39:20","00:00:16","https://nsearchives.nseindia.com/corporate/TCS_18042024163904_SEInt18042024Signed.pdf"
"TCS","Tata Consultancy Services Limited","Analysts/Institutional Investor Meet/Con. Call Updates","Tata Consultancy Services Limited has informed the Exchange about Transcript","17-Apr-2024 20:20:49","2024-04-17 20:20:49","17-Apr-2024 20:20:54","00:00:05","https://nsearchives.nseindia.com/corporate/TCS_17042024202049_SEInt17042024.pdf"
"TCS","Tata Consultancy Services Limited","Press Release","Tata Consultancy Services Limited has informed the Exchange regarding a press release dated April 15, 2024, titled ""TCS Announces New Delivery Center in Londrina, Brazil"".","15-Apr-2024 16:01:26","2024-04-15 16:01:26","15-Apr-2024 16:01:33","00:00:07","https://nsearchives.nseindia.com/corporate/TCS_15042024160126_PR_15April24_signed.pdf"
"TCS","Tata Consultancy Services Limited","Disclosure under SEBI Takeover Regulations","Tata Sons Pvt Ltd��has Submitted to the Exchange a copy of Disclosure under Regulation 31(4) of the Securities and Exchange Board of India��(Substantial Acquisition of Shares and Takeovers) Regulations, 2011","15-Apr-2024 15:05:20","2024-04-15 15:05:20","15-Apr-2024 15:05:25","00:00:05","https://nsearchives.nseindia.com/corporate/TCS_15042024150520_TCS.pdf"
"TCS","Tata Consultancy Services Limited","Copy of Newspaper Publication","Tata Consultancy Services Limited has informed the Exchange about Copy of Newspaper Publication","14-Apr-2024 14:46:46","2024-04-14 14:46:46","14-Apr-2024 16:44:17","01:57:31","https://nsearchives.nseindia.com/corporate/TCS_14042024144646_SEInt14042024signed.pdf"
"TCS","Tata Consultancy Services Limited","Analysts/Institutional Investor Meet/Con. Call Updates","Tata Consultancy Services Limited has informed the Exchange about Link of Recording","12-Apr-2024 23:35:13","2024-04-12 23:35:13","12-Apr-2024 23:35:20","00:00:07","https://nsearchives.nseindia.com/corporate/TCS_12042024233513_SEINT12042024.pdf"
"TCS","Tata Consultancy Services Limited","Loss of Share Certificates","Tata Consultancy Services Limited has informed the Exchange about Loss of Share Certificates","12-Apr-2024 18:41:59","2024-04-12 18:41:59","12-Apr-2024 18:42:05","00:00:06","https://nsearchives.nseindia.com/corporate/TCS_12042024184159_SEInt12042024signed.pdf"
"TCS","Tata Consultancy Services Limited","Press Release","Tata Consultancy Services Limited has informed the Exchange regarding a press release dated April 12, 2024, titled ""Record Deal Wins and Robust Margins Mark Strong Finish to TCS  FY24"".","12-Apr-2024 15:43:56","2024-04-12 15:43:56","12-Apr-2024 15:44:06","00:00:10","https://nsearchives.nseindia.com/corporate/TCS_12042024154356_SELetterPressRelease.pdf"
"TCS","Tata Consultancy Services Limited","Dividend","Tata Consultancy Services Limited has informed the Exchange that Board of Directors at its meeting held on April 12, 2024, recommended Final Dividend of Rs. 28 per equity share.","12-Apr-2024 15:41:55","2024-04-12 15:41:55","12-Apr-2024 15:41:59","00:00:04","https://nsearchives.nseindia.com/corporate/TCS_12042024154155_SELetterFinancialResults.pdf"
"TCS","Tata Consultancy Services Limited","Outcome of Board Meeting","Tata Consultancy Services Limited has informed the Exchange regarding Outcome of Board Meeting held on April 12, 2024.","12-Apr-2024 15:40:05","2024-04-12 15:40:05","12-Apr-2024 15:40:34","00:00:29","https://nsearchives.nseindia.com/corporate/TCS_12042024154005_SELetterFinancialResults.pdf"
"TCS","Tata Consultancy Services Limited","Financial Result Updates","Tata Consultancy Services Limited has submitted to the Exchange, the financial results for the period ended March 31, 2024.","12-Apr-2024 15:36:45","2024-04-12 15:36:45","12-Apr-2024 15:36:49","00:00:04","https://nsearchives.nseindia.com/corporate/SELetterFinancialResults_12042024153645.pdf"
"TCS","Tata Consultancy Services Limited","Copy of Newspaper Publication","Tata Consultancy Services Limited has informed the Exchange about Copy of Newspaper Publication","11-Apr-2024 19:03:26","2024-04-11 19:03:26","11-Apr-2024 19:03:33","00:00:07","https://nsearchives.nseindia.com/corporate/TCS_11042024190326_SELetter11042024.pdf"
"TCS","Tata Consultancy Services Limited","Analysts/Institutional Investor Meet/Con. Call Updates","Tata Consultancy Services Limited has informed the Exchange about Schedule of meet","11-Apr-2024 18:59:36","2024-04-11 18:59:36","11-Apr-2024 18:59:41","00:00:05","https://nsearchives.nseindia.com/corporate/TCS_11042024185936_SEInt11042024_signed.pdf"
"TCS","Tata Consultancy Services Limited","Loss of Share Certificates","Tata Consultancy Services Limited has informed the Exchange about Loss of Share Certificates","09-Apr-2024 16:11:56","2024-04-09 16:11:56","09-Apr-2024 16:12:02","00:00:06","https://nsearchives.nseindia.com/corporate/TCS_09042024161156_SEInt09042024.pdf"
"TCS","Tata Consultancy Services Limited","Updates","Tata Consultancy Services Limited has informed the Exchange regarding 'Disclosure under Regulation 30 of the SEBI (Listing Obligations and Disclosure Requirements) Regulations, 2015'.","03-Apr-2024 16:49:14","2024-04-03 16:49:14","03-Apr-2024 16:49:22","00:00:08","https://nsearchives.nseindia.com/corporate/TCS_03042024164914_SEInt03042024.pdf"
"TCS","Tata Consultancy Services Limited","Press Release","Tata Consultancy Services Limited has informed the Exchange regarding a press release dated April 01, 2024, titled ""TCS Ranks #1 in Customer Satisfaction in Nordics for 15th Year"".","01-Apr-2024 16:06:44","2024-04-01 16:06:44","01-Apr-2024 16:06:49","00:00:05","https://nsearchives.nseindia.com/corporate/TCS_01042024160644_PR_01April24_signed.pdf"
"TCS","Tata Consultancy Services Limited","Analysts/Institutional Investor Meet/Con. Call Updates","Tata Consultancy Services Limited has informed the Exchange about Schedule of meet","29-Mar-2024 20:05:41","2024-03-29 20:05:41","29-Mar-2024 20:05:55","00:00:14","https://nsearchives.nseindia.com/corporate/TCS_29032024200542_SEInt29032024_signed.pdf"
"TCS","Tata Consultancy Services Limited","Press Release","Tata Consultancy Services Limited has informed the Exchange regarding a press release dated March 29, 2024, titled ""AWS Recognizes TCS with New  Generative AI Competency  Partner Status"".","29-Mar-2024 10:32:48","2024-03-29 10:32:48","29-Mar-2024 10:32:53","00:00:05","https://nsearchives.nseindia.com/corporate/TCS_29032024103248_Ltr_29Mar24signed.pdf"
"TCS","Tata Consultancy Services Limited","Loss of Share Certificates","Tata Consultancy Services Limited has informed the Exchange about Loss of Share Certificates","22-Mar-2024 18:55:51","2024-03-22 18:55:51","22-Mar-2024 18:56:09","00:00:18","https://nsearchives.nseindia.com/corporate/TCS_22032024185551_SEInt22032024signed.pdf"
"TCS","Tata Consultancy Services Limited","Press Release","Tata Consultancy Services Limited has informed the Exchange regarding a press release dated March 22, 2024, titled ""23-yr-old Chilean student wins  World s Best Coder  title at TCS CodeVita 2024"".","22-Mar-2024 18:22:00","2024-03-22 18:22:00","22-Mar-2024 18:22:13","00:00:13","https://nsearchives.nseindia.com/corporate/TCS_22032024182200_PR_22Mar24_signed.pdf"
"TCS","Tata Consultancy Services Limited","Press Release","Tata Consultancy Services Limited has informed the Exchange regarding a press release dated March 21, 2024, titled ""TCS Signs 7-year deal to transform Global IT Infrastructure for Ramboll "".","21-Mar-2024 15:00:29","2024-03-21 15:00:29","21-Mar-2024 15:00:38","00:00:09","https://nsearchives.nseindia.com/corporate/TCS_21032024150029_PR_21Mar24_signed.pdf"
"TCS","Tata Consultancy Services Limited","Loss of Share Certificates","Tata Consultancy Services Limited has informed the Exchange about Loss of Share Certificates","20-Mar-2024 18:53:20","2024-03-20 18:53:20","20-Mar-2024 18:53:27","00:00:07","https://nsearchives.nseindia.com/corporate/TCS_20032024185320_SEINT20032024.pdf"
"TCS","Tata Consultancy Services Limited","Press Release","Tata Consultancy Services Limited has informed the Exchange regarding a press release dated March 20, 2024, titled ""TCS  Pace Port  in London to help Foster Innovation-led Growth in the UK "".","20-Mar-2024 12:00:35","2024-03-20 12:00:35","20-Mar-2024 12:00:40","00:00:05","https://nsearchives.nseindia.com/corporate/TCS_20032024120035_PR_20Mar24_signed.pdf"
"TCS","Tata Consultancy Services Limited","Press Release","Tata Consultancy Services Limited has informed the Exchange regarding a press release dated March 19, 2024, titled ""Central Bank in US Selects TCS BaNCS  to Modernize its Core Technology"".","19-Mar-2024 17:30:45","2024-03-19 17:30:45","19-Mar-2024 17:31:06","00:00:21","https://nsearchives.nseindia.com/corporate/TCS_19032024173045_PR_19Mar24_signed.pdf"
"TCS","Tata Consultancy Services Limited","Press Release","Tata Consultancy Services Limited has informed the Exchange regarding a press release dated March 18, 2024, titled ""TCS Ranked #1 for Customer Satisfaction by European Companies for the 11th Year"".","18-Mar-2024 11:00:53","2024-03-18 11:00:53","18-Mar-2024 11:00:58","00:00:05","https://nsearchives.nseindia.com/corporate/TCS_18032024110053_PR_18Mar24_signed.pdf"
"TCS","Tata Consultancy Services Limited","Loss of Share Certificates","Tata Consultancy Services Limited has informed the Exchange about Loss of Share Certificates","14-Mar-2024 18:47:03","2024-03-14 18:47:03","14-Mar-2024 18:47:10","00:00:07","https://nsearchives.nseindia.com/corporate/TCS_14032024184703_SEINT14032024.pdf"
"TCS","Tata Consultancy Services Limited","Press Release","Tata Consultancy Services Limited has informed the Exchange regarding a press release dated March 14, 2024, titled "" Nuuday Signs Major Cloud Transformation Deal with TCS "".","14-Mar-2024 11:12:53","2024-03-14 11:12:53","14-Mar-2024 11:12:57","00:00:04","https://nsearchives.nseindia.com/corporate/TCS_14032024111253_Ltr_14Mar24.pdf"
"TCS","Tata Consultancy Services Limited","Press Release","Tata Consultancy Services Limited has informed the Exchange regarding a press release dated March 07, 2024, titled ""TCS Named Global Top Employer for 2024"".","07-Mar-2024 11:00:16","2024-03-07 11:00:16","07-Mar-2024 11:00:23","00:00:07","https://nsearchives.nseindia.com/corporate/TCS_07032024110016_PR_07Mar24_signed.pdf"
"TCS","Tata Consultancy Services Limited","Change in Management","Tata Consultancy Services Limited has informed the Exchange about change in Management","05-Mar-2024 19:46:53","2024-03-05 19:46:53","05-Mar-2024 19:47:00","00:00:07","https://nsearchives.nseindia.com/corporate/TCS_05032024194653_SEInt05032024signed.pdf"
"TCS","Tata Consultancy Services Limited","Loss of Share Certificates","Tata Consultancy Services Limited has informed the Exchange about Loss of Share Certificates","29-Feb-2024 20:09:40","2024-02-29 20:09:40","29-Feb-2024 20:09:44","00:00:04","https://nsearchives.nseindia.com/corporate/TCS_29022024200940_SEINT29022024_signed.pdf"
"TCS","Tata Consultancy Services Limited","Analysts/Institutional Investor Meet/Con. Call Updates","Tata Consultancy Services Limited has informed the Exchange about Schedule of meet","29-Feb-2024 19:57:03","2024-02-29 19:57:03","29-Feb-2024 19:57:09","00:00:06","https://nsearchives.nseindia.com/corporate/TCS_29022024195703_SEInt29022024signed.pdf"
"TCS","Tata Consultancy Services Limited","Loss of Share Certificates","Tata Consultancy Services Limited has informed the Exchange about Loss of Share Certificates","23-Feb-2024 17:46:31","2024-02-23 17:46:31","23-Feb-2024 17:46:41","00:00:10","https://nsearchives.nseindia.com/corporate/TCS_23022024174631_SEInt23022024.pdf"
"TCS","Tata Consultancy Services Limited","Press Release","Tata Consultancy Services Limited has informed the Exchange regarding a press release dated February 21, 2024, titled ""Co-op Expands Partnership with TCS with a Cloud-First Strategy to Support its Business Growth and Sustainability Roadmap"".","21-Feb-2024 12:30:24","2024-02-21 12:30:24","21-Feb-2024 12:30:28","00:00:04","https://nsearchives.nseindia.com/corporate/TCS_21022024123024_PR_21Feb24_signed.pdf"
"TCS","Tata Consultancy Services Limited","Press Release","Tata Consultancy Services Limited has informed the Exchange regarding a press release dated February 08, 2024, titled ""TCS to Modernize Enento Group s IT Infrastructure, Digital Workplace"".","08-Feb-2024 11:00:12","2024-02-08 11:00:12","08-Feb-2024 11:00:51","00:00:39","https://nsearchives.nseindia.com/corporate/TCS_08022024110012_PR_08Feb24_signed.pdf"
"TCS","Tata Consultancy Services Limited","Press Release","Tata Consultancy Services Limited has informed the Exchange regarding a press release dated February 05, 2024, titled ""TCS to Transform Europ Assistance s IT Operating Model Using Artificial Intelligence and Machine Learning"".","05-Feb-2024 13:30:16","2024-02-05 13:30:16","05-Feb-2024 13:30:26","00:00:10","https://nsearchives.nseindia.com/corporate/TCS_05022024133016_PR_05Feb24_signed.pdf"
"TCS","Tata Consultancy Services Limited","Loss of Share Certificates","Tata Consultancy Services Limited has informed the Exchange about Loss of Share Certificates","02-Feb-2024 19:41:50","2024-02-02 19:41:50","02-Feb-2024 19:41:56","00:00:06","https://nsearchives.nseindia.com/corporate/TCS_02022024194150_SEINT02022024.pdf"
"TCS","Tata Consultancy Services Limited","Press Release","Tata Consultancy Services Limited has informed the Exchange regarding a press release dated February 01, 2024, titled ""TCS Named One of World s Most Admired Companies by FORTUNE�� Magazine "".","01-Feb-2024 18:48:07","2024-02-01 18:48:07","01-Feb-2024 18:48:14","00:00:07","https://nsearchives.nseindia.com/corporate/TCS_01022024184807_PR_01Feb24_signed.pdf"
"TCS","Tata Consultancy Services Limited","Analysts/Institutional Investor Meet/Con. Call Updates","Tata Consultancy Services Limited has informed the Exchange about Schedule of meet","01-Feb-2024 16:33:50","2024-02-01 16:33:50","01-Feb-2024 16:33:56","00:00:06","https://nsearchives.nseindia.com/corporate/TCS_01022024163350_SEInt01022024_Signed.pdf"
"TCS","Tata Consultancy Services Limited","Press Release","Tata Consultancy Services Limited has informed the Exchange regarding a press release dated January 30, 2024, titled ""TCS Expands Strategic Partnership with Aviva with a new 15-year agreement in the UK"".","30-Jan-2024 16:04:58","2024-01-30 16:04:58","30-Jan-2024 16:05:05","00:00:07","https://nsearchives.nseindia.com/corporate/TCS_30012024160458_PR_30Jan24_signed.pdf"
"TCS","Tata Consultancy Services Limited","Press Release","Tata Consultancy Services Limited has informed the Exchange regarding a press release dated January 23, 2024, titled ""TCS Ranks No. 1 in Customer Satisfaction in France for 5th year "".","23-Jan-2024 17:52:55","2024-01-23 17:52:55","23-Jan-2024 17:53:00","00:00:05","https://nsearchives.nseindia.com/corporate/TCS_23012024175255_PR_23Jan24_signed.pdf"
"TCS","Tata Consultancy Services Limited","Press Release","Tata Consultancy Services Limited has informed the Exchange regarding a press release dated January 22, 2024, titled ""TCS creates Europe's most modern post-trade platform with Euroclear Finland"".","22-Jan-2024 11:19:10","2024-01-22 11:19:10","22-Jan-2024 11:19:17","00:00:07","https://nsearchives.nseindia.com/corporate/TCS_22012024111910_Ltr22Jan202411amsigned.pdf"
"TCS","Tata Consultancy Services Limited","Press Release","Tata Consultancy Services Limited has informed the Exchange regarding a press release dated January 18, 2024, titled ""TCS Recognized as Top Employer in Europe by Top Employers Institute"".","18-Jan-2024 11:00:21","2024-01-18 11:00:21","18-Jan-2024 11:01:11","00:00:50","https://nsearchives.nseindia.com/corporate/TCS_18012024110021_PR_18Jan24_signed.pdf"
"TCS","Tata Consultancy Services Limited","Press Release","Tata Consultancy Services Limited has informed the Exchange regarding a press release dated January 17, 2024, titled ""TCS and Macquarie University launch new Australian research hub to guide organisations in their net-zero journeys  "".","17-Jan-2024 10:00:15","2024-01-17 10:00:15","17-Jan-2024 10:00:20","00:00:05","https://nsearchives.nseindia.com/corporate/TCS_17012024100015_PR_17Jan24_final1_signed.pdf"
"TCS","Tata Consultancy Services Limited","Press Release","Tata Consultancy Services Limited has informed the Exchange regarding a press release dated January 17, 2024, titled ""TCS gains US$ 2 billion in Brand Value, highest value growth across the global IT Services Industry for the year"".","17-Jan-2024 07:09:22","2024-01-17 07:09:22","17-Jan-2024 07:09:29","00:00:07","https://nsearchives.nseindia.com/corporate/TCS_17012024070922_PR_17Jan24_signed.pdf"
"TCS","Tata Consultancy Services Limited","Analysts/Institutional Investor Meet/Con. Call Updates","Tata Consultancy Services Limited has informed the Exchange about Transcript","16-Jan-2024 20:44:42","2024-01-16 20:44:42","16-Jan-2024 20:44:49","00:00:07","https://nsearchives.nseindia.com/corporate/TCS_16012024204442_SEInt16012024.pdf"
"TCS","Tata Consultancy Services Limited","Analysts/Institutional Investor Meet/Con. Call Updates","Tata Consultancy Services Limited has informed the Exchange about Schedule of meet","15-Jan-2024 12:44:19","2024-01-15 12:44:19","15-Jan-2024 12:44:25","00:00:06","https://nsearchives.nseindia.com/corporate/TCS_15012024124419_SEInt15012024signed.pdf"
"TCS","Tata Consultancy Services Limited","Copy of Newspaper Publication","Tata Consultancy Services Limited has informed the Exchange about Copy of Newspaper Publication","13-Jan-2024 14:43:34","2024-01-13 14:43:34","13-Jan-2024 14:43:41","00:00:07","https://nsearchives.nseindia.com/corporate/TCS_13012024144334_SEInt13012024signed.pdf"
"TCS","Tata Consultancy Services Limited","Copy of Newspaper Publication","Tata Consultancy Services Limited has informed the Exchange about Copy of Newspaper Publication","12-Jan-2024 16:35:43","2024-01-12 16:35:43","12-Jan-2024 16:35:48","00:00:05","https://nsearchives.nseindia.com/corporate/TCS_12012024163543_SEInt12012024.pdf"
"TCS","Tata Consultancy Services Limited","Press Release","Tata Consultancy Services Limited has informed the Exchange regarding a press release dated January 12, 2024, titled ""TCS strengthens AI readiness, launches new AI Experience Zone"".","12-Jan-2024 11:27:07","2024-01-12 11:27:07","12-Jan-2024 11:27:12","00:00:05","https://nsearchives.nseindia.com/corporate/TCS_12012024112707_PR_12Jan24_final1_signed.pdf"
"TCS","Tata Consultancy Services Limited","Analysts/Institutional Investor Meet/Con. Call Updates","Tata Consultancy Services Limited has informed the Exchange about Link of Recording","11-Jan-2024 23:15:27","2024-01-11 23:15:27","11-Jan-2024 23:15:33","00:00:06","https://nsearchives.nseindia.com/corporate/TCS_11012024231527_SEINT11012024.pdf"
"TCS","Tata Consultancy Services Limited","Date of payment of dividend","Tata Consultancy Services Limited has informed the Exchange about Date of payment of dividend","11-Jan-2024 16:01:11","2024-01-11 16:01:11","11-Jan-2024 16:01:18","00:00:07","https://nsearchives.nseindia.com/corporate/TCS_11012024160111_SELetter_signed.pdf"
"TCS","Tata Consultancy Services Limited","Press Release","Tata Consultancy Services Limited has informed the Exchange regarding a press release dated January 11, 2024, titled ""Sustained Cloud Demand and Operational Excellence Marks TCS  Q3"".","11-Jan-2024 15:58:59","2024-01-11 15:58:59","11-Jan-2024 15:59:03","00:00:04","https://nsearchives.nseindia.com/corporate/TCS_11012024155859_BMoutcomeJan2024pressrelease_signed.pdf"
"TCS","Tata Consultancy Services Limited","Outcome of Board Meeting","Tata Consultancy Services Limited has informed the Exchange regarding Outcome of Board Meeting held on January 11, 2024.","11-Jan-2024 15:56:39","2024-01-11 15:56:39","11-Jan-2024 15:56:43","00:00:04","https://nsearchives.nseindia.com/corporate/TCS_11012024155639_SELetter_signed.pdf"
"TCS","Tata Consultancy Services Limited","Dividend","Tata Consultancy Services Limited has informed the Exchange that Board of Directors at its meeting held on January 11, 2024, declared Special Dividend of Rs. 18 per equity share.","11-Jan-2024 15:56:39","2024-01-11 15:56:39","11-Jan-2024 15:56:58","00:00:19","https://nsearchives.nseindia.com/corporate/TCS_11012024155641_SELetter_signed.pdf"
"TCS","Tata Consultancy Services Limited","Dividend","Tata Consultancy Services Limited has informed the Exchange that Board of Directors at its meeting held on January 11, 2024, declared Interim Dividend of Rs. 9 per equity share.","11-Jan-2024 15:56:39","2024-01-11 15:56:39","11-Jan-2024 15:56:51","00:00:12","https://nsearchives.nseindia.com/corporate/TCS_11012024155640_SELetter_signed.pdf"
"TCS","Tata Consultancy Services Limited","Financial Result Updates","Tata Consultancy Services Limited has submitted to the Exchange, the financial results for the period ended December 31, 2023.","11-Jan-2024 15:53:19","2024-01-11 15:53:19","11-Jan-2024 15:53:23","00:00:04","https://nsearchives.nseindia.com/corporate/SELetter_signed_11012024155319.pdf"
"TCS","Tata Consultancy Services Limited","Loss of Share Certificates","Tata Consultancy Services Limited has informed the Exchange about Loss of Share Certificates","10-Jan-2024 20:34:23","2024-01-10 20:34:23","10-Jan-2024 20:34:29","00:00:06","https://nsearchives.nseindia.com/corporate/TCS_10012024203423_SEInt10012024_signed.pdf"
"TCS","Tata Consultancy Services Limited","Retirement","Tata Consultancy Services Limited has informed the Exchange about Retirement","09-Jan-2024 21:53:49","2024-01-09 21:53:49","09-Jan-2024 21:53:54","00:00:05","https://nsearchives.nseindia.com/corporate/TCS_09012024215349_SEINT09012024.pdf"
"TCS","Tata Consultancy Services Limited","Updates","Tata Consultancy Services Limited has informed the Exchange regarding 'Intimation of merger of TSR Consultants Private Limited (Registrar and TransferAgents of the Company) with Link Intime India Private Limited'.","31-Dec-2023 19:59:30","2023-12-31 19:59:30","31-Dec-2023 19:59:36","00:00:06","https://nsearchives.nseindia.com/corporate/TCS_31122023195931_SEINT30122023.pdf"
"TCS","Tata Consultancy Services Limited","Copy of Newspaper Publication","Tata Consultancy Services Limited has informed the Exchange about Copy of Newspaper Publication","31-Dec-2023 16:23:00","2023-12-31 16:23:00","31-Dec-2023 16:23:07","00:00:07","https://nsearchives.nseindia.com/corporate/TCS_31122023162300_CoveringLetterSEintsigned.pdf"
"TCS","Tata Consultancy Services Limited","Analysts/Institutional Investor Meet/Con. Call Updates","Tata Consultancy Services Limited has informed the Exchange about Schedule of meet","29-Dec-2023 19:59:39","2023-12-29 19:59:39","29-Dec-2023 19:59:45","00:00:06","https://nsearchives.nseindia.com/corporate/TCS_29122023195939_SEINT29122023.pdf"
"TCS","Tata Consultancy Services Limited","Record Date","Tata Consultancy Services Limited has informed the Exchange that Record date for the purpose of Dividend  is 19-Jan-2024.","29-Dec-2023 16:26:25","2023-12-29 16:26:25","29-Dec-2023 16:26:36","00:00:11","https://nsearchives.nseindia.com/corporate/TCS_29122023162625_SEInt_signed.pdf"
"TCS","Tata Consultancy Services Limited","Loss of Share Certificates","Tata Consultancy Services Limited has informed the Exchange about Loss of Share Certificates","28-Dec-2023 18:57:13","2023-12-28 18:57:13","28-Dec-2023 18:57:25","00:00:12","https://nsearchives.nseindia.com/corporate/TCS_28122023185713_SEInt28122023signed.pdf"
"TCS","Tata Consultancy Services Limited","Loss of Share Certificates","Tata Consultancy Services Limited has informed the Exchange about Loss of Share Certificates","21-Dec-2023 19:09:45","2023-12-21 19:09:45","21-Dec-2023 19:09:52","00:00:07","https://nsearchives.nseindia.com/corporate/TCS_21122023190946_SEInt21122023_signed.pdf"
"TCS","Tata Consultancy Services Limited","Loss of Share Certificates","Tata Consultancy Services Limited has informed the Exchange about Loss of Share Certificates","19-Dec-2023 19:04:20","2023-12-19 19:04:20","19-Dec-2023 19:04:26","00:00:06","https://nsearchives.nseindia.com/corporate/TCS_19122023190420_SEInt19122023signed.pdf"
"TCS","Tata Consultancy Services Limited","Press Release","Tata Consultancy Services Limited has informed the Exchange regarding a press release dated December 18, 2023, titled ""SIX Partners with TCS to Transform its Swiss Post Trade Market Infrastructure "".","18-Dec-2023 11:02:28","2023-12-18 11:02:28","18-Dec-2023 11:02:34","00:00:06","https://nsearchives.nseindia.com/corporate/TCS_18122023110228_PR_18Dec23_signed.pdf"
"TCS","Tata Consultancy Services Limited","Loss of Share Certificates","Tata Consultancy Services Limited has informed the Exchange about Loss of Share Certificates","15-Dec-2023 19:37:30","2023-12-15 19:37:30","15-Dec-2023 19:37:36","00:00:06","https://nsearchives.nseindia.com/corporate/TCS_15122023193730_SEInt15122023signed.pdf"
"TCS","Tata Consultancy Services Limited","Closure of Buy Back","Tata Consultancy Services Limited has informed the Exchange regarding Closure of Buy Back with effect from December 13, 2023","13-Dec-2023 21:56:52","2023-12-13 21:56:52","13-Dec-2023 21:56:57","00:00:05","https://nsearchives.nseindia.com/corporate/TCS_13122023215652_SELetter.pdf"
"TCS","Tata Consultancy Services Limited","Post Buyback Public Announcement","Tata Consultancy Services Limited has informed the Exchange about post Buyback Public Announcement","13-Dec-2023 16:23:02","2023-12-13 16:23:02","13-Dec-2023 16:23:06","00:00:04","https://nsearchives.nseindia.com/corporate/TCS_13122023162302_SEIntsigned.pdf"
"TCS","Tata Consultancy Services Limited","Analysts/Institutional Investor Meet/Con. Call Updates","Tata Consultancy Services Limited has informed the Exchange about Schedule of meet","08-Dec-2023 20:06:55","2023-12-08 20:06:55","08-Dec-2023 20:07:00","00:00:05","https://nsearchives.nseindia.com/corporate/TCS_08122023200655_SEInt08122023_signed.pdf"
"TCS","Tata Consultancy Services Limited","Analysts/Institutional Investor Meet/Con. Call Updates","Tata Consultancy Services Limited has informed the Exchange about Schedule of meet","30-Nov-2023 18:00:31","2023-11-30 18:00:31","30-Nov-2023 18:00:39","00:00:08","https://nsearchives.nseindia.com/corporate/TCS_30112023180031_SEInt30112023signed.pdf"
"TCS","Tata Consultancy Services Limited","Copy of Newspaper Publication","Tata Consultancy Services Limited has informed the Exchange about Copy of Newspaper Publication","29-Nov-2023 15:51:44","2023-11-29 15:51:44","29-Nov-2023 15:51:51","00:00:07","https://nsearchives.nseindia.com/corporate/TCS_29112023155144_SELettersigned.pdf"
"TCS","Tata Consultancy Services Limited","Buyback","Tata Consultancy Services Limited has informed the Exchange about update on Buyback- Letter of Offer for Buyback of Equity Shares.","28-Nov-2023 15:03:06","2023-11-28 15:03:06","28-Nov-2023 15:03:17","00:00:11","https://nsearchives.nseindia.com/corporate/TCS_28112023150306_SELetterLOF.pdf"
"TCS","Tata Consultancy Services Limited","Press Release","Tata Consultancy Services Limited has informed the Exchange regarding a press release dated November 27, 2023, titled ""TCS launches new Generative AI practice in partnership with AWS"".","27-Nov-2023 16:02:27","2023-11-27 16:02:27","27-Nov-2023 16:02:33","00:00:06","https://nsearchives.nseindia.com/corporate/TCS_27112023160227_PR_27Nov23_signed.pdf"
"TCS","Tata Consultancy Services Limited","Analysts/Institutional Investor Meet/Con. Call Updates","Tata Consultancy Services Limited has informed the Exchange about Schedule of meet","22-Nov-2023 19:54:13","2023-11-22 19:54:13","22-Nov-2023 19:54:20","00:00:07","https://nsearchives.nseindia.com/corporate/TCS_22112023195413_SEInt22112023_Signed.pdf"
"TCS","Tata Consultancy Services Limited","Press Release","Tata Consultancy Services Limited has informed the Exchange regarding a press release dated November 22, 2023, titled ""TCS Ranked #1 in Spain for Customer Satisfaction in Service Delivery Among IT and Cloud Services Providers "".","22-Nov-2023 15:56:00","2023-11-22 15:56:00","22-Nov-2023 15:56:20","00:00:20","https://nsearchives.nseindia.com/corporate/TCS_22112023155601_PR_22Nov23_signed.pdf"
"TCS","Tata Consultancy Services Limited","Updates","Tata Consultancy Services Limited has informed the Exchange regarding 'EPIC Matter update'.","21-Nov-2023 17:28:18","2023-11-21 17:28:18","21-Nov-2023 17:28:23","00:00:05","https://nsearchives.nseindia.com/corporate/TCS_21112023172818_EPICMatter21112023.pdf"
"TCS","Tata Consultancy Services Limited","Press Release","Tata Consultancy Services Limited has informed the Exchange regarding a press release dated November 20, 2023, titled ""ASX signs agreement with TCS to replace its cash equities clearing and settlement platform"".","20-Nov-2023 10:35:26","2023-11-20 10:35:26","20-Nov-2023 10:35:31","00:00:05","https://nsearchives.nseindia.com/corporate/TCS_20112023103526_PR_20Nov23_Signed.pdf"
"TCS","Tata Consultancy Services Limited","Public Announcement - Buyback of Shares","Tata Consultancy Services Limited has informed the Exchange about public Announcement - Buyback of Shares","17-Nov-2023 17:34:03","2023-11-17 17:34:03","17-Nov-2023 17:34:10","00:00:07","https://nsearchives.nseindia.com/corporate/TCS_17112023173403_SELetterforPublicAnnouncement_signed.pdf"
"TCS","Tata Consultancy Services Limited","Loss of Share Certificates","Tata Consultancy Services Limited has informed the Exchange about Loss of Share Certificates","17-Nov-2023 16:19:03","2023-11-17 16:19:03","17-Nov-2023 16:19:15","00:00:12","https://nsearchives.nseindia.com/corporate/TCS_17112023161904_SEInt17112023.pdf"
"TCS","Tata Consultancy Services Limited","Record Date","Tata Consultancy Services Limited has informed the Exchange that Record date for the purpose of Buyback  is 25-Nov-2023.","15-Nov-2023 21:26:11","2023-11-15 21:26:11","15-Nov-2023 21:26:17","00:00:06","https://nsearchives.nseindia.com/corporate/TCS_15112023212612_SELetterRDsigned.pdf"
"TCS","Tata Consultancy Services Limited","Updates","Tata Consultancy Services Limited has informed the Exchange regarding 'Buyback of Equity Shares'.","15-Nov-2023 21:22:51","2023-11-15 21:22:51","15-Nov-2023 21:22:59","00:00:08","https://nsearchives.nseindia.com/corporate/TCS_15112023212251_SELetterSRsigned.pdf"
"TCS","Tata Consultancy Services Limited","Shareholders meeting","Tata Consultancy Services Limited has submitted the Exchange a copy Srutinizers report of  Postal Ballot. Further, the company has informed the Exchange regarding voting results.","15-Nov-2023 21:19:57","2023-11-15 21:19:57","15-Nov-2023 21:20:01","00:00:04","https://nsearchives.nseindia.com/corporate/TCS_15112023211957_SEVR15112023.pdf"
"TCS","Tata Consultancy Services Limited","Press Release","Tata Consultancy Services Limited has informed the Exchange regarding a press release dated November 14, 2023, titled ""Munch Museum Partners with TCS to Create Pioneering Immersive and AI-driven Drawing Experience "".","14-Nov-2023 11:06:12","2023-11-14 11:06:12","14-Nov-2023 11:06:18","00:00:06","https://nsearchives.nseindia.com/corporate/TCS_14112023110612_PR_14Nov23_signed.pdf"
"TCS","Tata Consultancy Services Limited","Copy of Newspaper Publication","Tata Consultancy Services Limited has informed the Exchange about Copy of Newspaper Publication","10-Nov-2023 19:05:43","2023-11-10 19:05:43","10-Nov-2023 19:05:49","00:00:06","https://nsearchives.nseindia.com/corporate/TCS_10112023190543_SEINT10112023.pdf"
"TCS","Tata Consultancy Services Limited","Loss of Share Certificates","Tata Consultancy Services Limited has informed the Exchange about Loss of Share Certificates","10-Nov-2023 18:54:31","2023-11-10 18:54:31","10-Nov-2023 18:54:39","00:00:08","https://nsearchives.nseindia.com/corporate/TCS_10112023185431_SEInt10112023.pdf"
"TCS","Tata Consultancy Services Limited","Loss of Share Certificates","Tata Consultancy Services Limited has informed the Exchange about Loss of Share Certificates","06-Nov-2023 18:46:58","2023-11-06 18:46:58","06-Nov-2023 18:47:07","00:00:09","https://nsearchives.nseindia.com/corporate/TCS_06112023184658_SEInt06112023signed.pdf"
"TCS","Tata Consultancy Services Limited","Loss of Share Certificates","Tata Consultancy Services Limited has informed the Exchange about Loss of Share Certificates","03-Nov-2023 19:15:23","2023-11-03 19:15:23","03-Nov-2023 19:15:34","00:00:11","https://nsearchives.nseindia.com/corporate/TCS_03112023191523_SEInt03112023signed.pdf"
"TCS","Tata Consultancy Services Limited","Loss of Share Certificates","Tata Consultancy Services Limited has informed the Exchange about Loss of Share Certificates","03-Nov-2023 19:14:01","2023-11-03 19:14:01","03-Nov-2023 19:14:06","00:00:05","https://nsearchives.nseindia.com/corporate/TCS_03112023191401_SEInt03112023signed.pdf"
"TCS","Tata Consultancy Services Limited","Press Release","Tata Consultancy Services Limited has informed the Exchange regarding a press release dated November 02, 2023, titled ""TCS Launches New Gen AI-Powered Cyber Insights Platform on Amazon Security Lake "".","02-Nov-2023 10:56:27","2023-11-02 10:56:27","02-Nov-2023 10:56:32","00:00:05","https://nsearchives.nseindia.com/corporate/TCS_02112023105627_PR_02Nov23_signed.pdf"
"TCS","Tata Consultancy Services Limited","Analysts/Institutional Investor Meet/Con. Call Updates","Tata Consultancy Services Limited has informed the Exchange about Schedule of meet","31-Oct-2023 19:30:02","2023-10-31 19:30:02","31-Oct-2023 19:30:37","00:00:35","https://nsearchives.nseindia.com/corporate/TCS_31102023193002_SEInt31102023signed.pdf"
"TCS","Tata Consultancy Services Limited","Loss of Share Certificates","Tata Consultancy Services Limited has informed the Exchange about Loss of Share Certificates","31-Oct-2023 17:47:41","2023-10-31 17:47:41","31-Oct-2023 17:47:52","00:00:11","https://nsearchives.nseindia.com/corporate/TCS_31102023174742_SEInt31102023signed.pdf"
"TCS","Tata Consultancy Services Limited","Loss of Share Certificates","Tata Consultancy Services Limited has informed the Exchange about Loss of Share Certificates","27-Oct-2023 19:39:16","2023-10-27 19:39:16","27-Oct-2023 19:39:21","00:00:05","https://nsearchives.nseindia.com/corporate/TCS_27102023193916_SEINT27102023.pdf"
"TCS","Tata Consultancy Services Limited","Loss of Share Certificates","Tata Consultancy Services Limited has informed the Exchange about Loss of Share Certificates","26-Oct-2023 20:52:53","2023-10-26 20:52:53","26-Oct-2023 20:52:59","00:00:06","https://nsearchives.nseindia.com/corporate/TCS_26102023205254_SEINT26102023.pdf"
"TCS","Tata Consultancy Services Limited","Analysts/Institutional Investor Meet/Con. Call Updates","Tata Consultancy Services Limited has informed the Exchange about Schedule of meet","26-Oct-2023 17:57:14","2023-10-26 17:57:14","26-Oct-2023 17:57:19","00:00:05","https://nsearchives.nseindia.com/corporate/TCS_26102023175714_SEInt26102023.pdf"
"TCS","Tata Consultancy Services Limited","Press Release","Tata Consultancy Services Limited has informed the Exchange regarding a press release dated October 26, 2023, titled ""TCS Helps VIAVI Build O-RAN Test Solutions to Accelerate Launch of Innovative New 5G Products "".","26-Oct-2023 10:57:13","2023-10-26 10:57:13","26-Oct-2023 10:57:24","00:00:11","https://nsearchives.nseindia.com/corporate/TCS_26102023105713_PR_26Oct23_signed.pdf"
"TCS","Tata Consultancy Services Limited","Loss of Share Certificates","Tata Consultancy Services Limited has informed the Exchange about Loss of Share Certificates","23-Oct-2023 18:51:43","2023-10-23 18:51:43","23-Oct-2023 18:51:49","00:00:06","https://nsearchives.nseindia.com/corporate/TCS_23102023185143_SEINT23102023signed.pdf"
"TCS","Tata Consultancy Services Limited","Press Release","Tata Consultancy Services Limited has informed the Exchange regarding a press release dated October 19, 2023, titled ""TCS Named a Leader in Healthcare Data and Analytics Services by Everest Group"".","19-Oct-2023 15:56:19","2023-10-19 15:56:19","19-Oct-2023 15:56:26","00:00:07","https://nsearchives.nseindia.com/corporate/TCS_19102023155620_PR_19Oct23_signed.pdf"
"TCS","Tata Consultancy Services Limited","Analysts/Institutional Investor Meet/Con. Call Updates","Tata Consultancy Services Limited has informed the Exchange about Schedule of meet","18-Oct-2023 18:39:40","2023-10-18 18:39:40","18-Oct-2023 18:39:48","00:00:08","https://nsearchives.nseindia.com/corporate/TCS_18102023183940_SEInt18102023_signed.pdf"
"TCS","Tata Consultancy Services Limited","Press Release","Tata Consultancy Services Limited has informed the Exchange regarding a press release dated October 18, 2023, titled ""TCS Wins the National Intellectual Property Award 2023 and WIPO Users Trophy "".","18-Oct-2023 17:02:47","2023-10-18 17:02:47","18-Oct-2023 17:02:53","00:00:06","https://nsearchives.nseindia.com/corporate/TCS_18102023170247_PR_18Oct23_5pm_signed.pdf"
"TCS","Tata Consultancy Services Limited","Press Release","Tata Consultancy Services Limited has informed the Exchange regarding a press release dated October 18, 2023, titled ""TCS Ranked as #1 Engineering Services Provider of the Year by Everest Group"".","18-Oct-2023 15:56:56","2023-10-18 15:56:56","18-Oct-2023 15:57:05","00:00:09","https://nsearchives.nseindia.com/corporate/TCS_18102023155656_PR_18Oct23_signed.pdf"
"TCS","Tata Consultancy Services Limited","Copy of Newspaper Publication","Tata Consultancy Services Limited has informed the Exchange about Copy of Newspaper Publication","17-Oct-2023 16:02:30","2023-10-17 16:02:30","17-Oct-2023 16:02:42","00:00:12","https://nsearchives.nseindia.com/corporate/TCS_17102023160230_SEInt17102023_signed.pdf"
"TCS","Tata Consultancy Services Limited","Shareholders meeting","Tata Consultancy Services Limited has informed the Exchange regarding Notice of Postal Ballot","16-Oct-2023 20:22:26","2023-10-16 20:22:26","16-Oct-2023 20:22:31","00:00:05","https://nsearchives.nseindia.com/corporate/TCS_16102023202226_SEIntsigned.pdf"
"TCS","Tata Consultancy Services Limited","Updates","Tata Consultancy Services Limited has informed the Exchange regarding 'Update - Investigation Closure Report'.","15-Oct-2023 21:19:00","2023-10-15 21:19:00","15-Oct-2023 21:19:07","00:00:07","https://nsearchives.nseindia.com/corporate/TCS_15102023211900_SEInt15102023.pdf"
"TCS","Tata Consultancy Services Limited","Analysts/Institutional Investor Meet/Con. Call Updates","Tata Consultancy Services Limited has informed the Exchange about Transcript","13-Oct-2023 19:02:20","2023-10-13 19:02:20","13-Oct-2023 19:02:28","00:00:08","https://nsearchives.nseindia.com/corporate/TCS_13102023190220_SEINT13102023Finalsigned.pdf"
"TCS","Tata Consultancy Services Limited","Copy of Newspaper Publication","Tata Consultancy Services Limited has informed the Exchange about Copy of Newspaper Publication","13-Oct-2023 18:50:19","2023-10-13 18:50:19","13-Oct-2023 18:50:32","00:00:13","https://nsearchives.nseindia.com/corporate/TCS_13102023185019_SEINT13102023_signed.pdf"
"TCS","Tata Consultancy Services Limited","Loss of Share Certificates","Tata Consultancy Services Limited has informed the Exchange about Loss of Share Certificates","13-Oct-2023 18:23:37","2023-10-13 18:23:37","13-Oct-2023 18:23:43","00:00:06","https://nsearchives.nseindia.com/corporate/TCS_13102023182337_SEInt13102023signed.pdf"
"TCS","Tata Consultancy Services Limited","Copy of Newspaper Publication","Tata Consultancy Services Limited has informed the Exchange about Copy of Newspaper Publication","12-Oct-2023 19:17:59","2023-10-12 19:17:59","12-Oct-2023 19:18:10","00:00:11","https://nsearchives.nseindia.com/corporate/TCS_12102023191800_SEInt12102023_signed.pdf"
"TCS","Tata Consultancy Services Limited","Analysts/Institutional Investor Meet/Con. Call Updates","Tata Consultancy Services Limited has informed the Exchange about Link of Recording","11-Oct-2023 21:54:51","2023-10-11 21:54:51","11-Oct-2023 21:54:57","00:00:06","https://nsearchives.nseindia.com/corporate/TCS_11102023215451_Audiocallint11102023.pdf"
"TCS","Tata Consultancy Services Limited","Date of payment of dividend","Tata Consultancy Services Limited has informed the Exchange about Date of payment of dividend","11-Oct-2023 17:24:03","2023-10-11 17:24:03","11-Oct-2023 17:24:11","00:00:08","https://nsearchives.nseindia.com/corporate/TCS_11102023172403_SEFinsignedprinttopdf.pdf"
"TCS","Tata Consultancy Services Limited","Buyback","Tata Consultancy Services Limited has informed the Exchange about Buyback","11-Oct-2023 17:22:45","2023-10-11 17:22:45","11-Oct-2023 17:22:52","00:00:07","https://nsearchives.nseindia.com/corporate/TCS_11102023172245_SEIntimationBBsigned.pdf"
"TCS","Tata Consultancy Services Limited","Press Release","Tata Consultancy Services Limited has informed the Exchange regarding a press release dated October 11, 2023, titled ""TCS Posts Strong Earnings Growth and Large Order Book in Q2"".","11-Oct-2023 17:21:01","2023-10-11 17:21:01","11-Oct-2023 17:21:10","00:00:09","https://nsearchives.nseindia.com/corporate/TCS_11102023172101_PRsigned.pdf"
"TCS","Tata Consultancy Services Limited","Change in Management","Tata Consultancy Services Limited has informed the Exchange about change in Management","11-Oct-2023 17:19:30","2023-10-11 17:19:30","11-Oct-2023 17:19:39","00:00:09","https://nsearchives.nseindia.com/corporate/TCS_11102023171930_SEltrSMPsigned.pdf"
"TCS","Tata Consultancy Services Limited","Appointment","Tata Consultancy Services Limited has informed the Exchange regarding re-appointment of Mr Keki Minoo Mistry  as Non- Executive Independent Director of the company w.e.f. December 18, 2023.","11-Oct-2023 17:18:09","2023-10-11 17:18:09","11-Oct-2023 17:18:33","00:00:24","https://nsearchives.nseindia.com/corporate/TCS_11102023171809_SEIDsigned.pdf"
"TCS","Tata Consultancy Services Limited","Appointment","Tata Consultancy Services Limited has informed the Exchange regarding re-appointment of Ms Hanne Birgitte Breinbjerg Sorensen  as Non- Executive Independent Director of the company w.e.f. December 18, 2023.","11-Oct-2023 17:18:09","2023-10-11 17:18:09","11-Oct-2023 17:18:26","00:00:17","https://nsearchives.nseindia.com/corporate/TCS_11102023171809_SEIDsigned.pdf"
"TCS","Tata Consultancy Services Limited","Appointment","Tata Consultancy Services Limited has informed the Exchange regarding Appointment of Mr Al-Noor Ramji  as Non- Executive Independent Director of the company w.e.f. October 12, 2023.","11-Oct-2023 17:18:09","2023-10-11 17:18:09","11-Oct-2023 17:18:39","00:00:30","https://nsearchives.nseindia.com/corporate/TCS_11102023171810_SEIDsigned.pdf"
"TCS","Tata Consultancy Services Limited","Outcome of Board Meeting","Tata Consultancy Services Limited has informed the Exchange regarding  Board meeting held on October 11, 2023 for proposal for buyback of equity shares of the Company","11-Oct-2023 17:13:21","2023-10-11 17:13:21","11-Oct-2023 17:13:29","00:00:08","https://nsearchives.nseindia.com/corporate/TCS_11102023171321_SEIntimationBBsigned.pdf"
"TCS","Tata Consultancy Services Limited","Dividend","Tata Consultancy Services Limited has informed the Exchange that Board of Directors at its meeting held on October 11, 2023, declared Interim Dividend of 9 per equity share.","11-Oct-2023 17:11:42","2023-10-11 17:11:42","11-Oct-2023 17:11:49","00:00:07","https://nsearchives.nseindia.com/corporate/TCS_11102023171142_SEFinsignedprinttopdf.pdf"
"TCS","Tata Consultancy Services Limited","Outcome of Board Meeting","Tata Consultancy Services Limited has informed the Exchange regarding  Board meeting held on October 11, 2023.","11-Oct-2023 17:05:52","2023-10-11 17:05:52","11-Oct-2023 17:05:58","00:00:06","https://nsearchives.nseindia.com/corporate/TCS_11102023170552_SEFinsignedprinttopdf.pdf"
"TCS","Tata Consultancy Services Limited","Financial Result Updates","Tata Consultancy Services Limited has submitted to the Exchange, the financial results for the period ended September 30, 2023.","11-Oct-2023 17:03:52","2023-10-11 17:03:52","11-Oct-2023 17:03:59","00:00:07","https://nsearchives.nseindia.com/corporate/SEFinsignedprinttopdf_11102023170352.pdf"
"TCS","Tata Consultancy Services Limited","Press Release","Tata Consultancy Services Limited has informed the Exchange regarding a press release dated October 10, 2023, titled ""TCS Recognized as a Leader in 5G Engineering Services by Everest Group"".","10-Oct-2023 15:56:11","2023-10-10 15:56:11","10-Oct-2023 15:56:16","00:00:05","https://nsearchives.nseindia.com/corporate/TCS_10102023155611_PR_10Oct23_signed.pdf"
"TCS","Tata Consultancy Services Limited","Press Release","Tata Consultancy Services Limited has informed the Exchange regarding a press release dated October 09, 2023, titled ""TCS Recognized as a Leader in Net Zero Consulting Services by Everest Group"".","09-Oct-2023 16:01:51","2023-10-09 16:01:51","09-Oct-2023 16:01:56","00:00:05","https://nsearchives.nseindia.com/corporate/TCS_09102023160151_PR_9Oct23_signed.pdf"
"TCS","Tata Consultancy Services Limited","Loss of Share Certificates","Tata Consultancy Services Limited has informed the Exchange about Loss of Share Certificates","06-Oct-2023 18:56:18","2023-10-06 18:56:18","06-Oct-2023 18:56:26","00:00:08","https://nsearchives.nseindia.com/corporate/TCS_06102023185618_SEInt06102023signed.pdf"
"TCS","Tata Consultancy Services Limited","Press Release","Tata Consultancy Services Limited has informed the Exchange regarding a press release dated October 05, 2023, titled ""TCS a Market Leader in Supply Chain Services: HFS Research "".","05-Oct-2023 15:56:11","2023-10-05 15:56:11","05-Oct-2023 15:56:23","00:00:12","https://nsearchives.nseindia.com/corporate/TCS_05102023155611_PR_5Oct23_4pm_signed.pdf"
"TCS","Tata Consultancy Services Limited","Loss of Share Certificates","Tata Consultancy Services Limited has informed the Exchange about Loss of Share Certificates","05-Oct-2023 15:02:18","2023-10-05 15:02:18","05-Oct-2023 15:02:25","00:00:07","https://nsearchives.nseindia.com/corporate/TCS_05102023150218_SEINT05102023.pdf"
"TCS","Tata Consultancy Services Limited","Press Release","Tata Consultancy Services Limited has informed the Exchange regarding a press release dated October 05, 2023, titled ""Georgia Taps TCS to Transform State s Unemployment Insurance System"".","05-Oct-2023 10:57:01","2023-10-05 10:57:01","05-Oct-2023 10:57:07","00:00:06","https://nsearchives.nseindia.com/corporate/TCS_05102023105701_PR_5Oct23_signed.pdf"
"TCS","Tata Consultancy Services Limited","Press Release","Tata Consultancy Services Limited has informed the Exchange regarding a press release dated October 04, 2023, titled ""Asda Signs Multi-Year Partnership with TCS in Divestiture and Digital Transformation Deal"".","04-Oct-2023 10:55:13","2023-10-04 10:55:13","04-Oct-2023 10:55:18","00:00:05","https://nsearchives.nseindia.com/corporate/TCS_04102023105513_PR_4Oct23_signed.pdf"
"TCS","Tata Consultancy Services Limited","Loss of Share Certificates","Tata Consultancy Services Limited has informed the Exchange about Loss of Share Certificates","03-Oct-2023 19:42:44","2023-10-03 19:42:44","03-Oct-2023 19:42:49","00:00:05","https://nsearchives.nseindia.com/corporate/TCS_03102023194244_SEInt03102023_signed.pdf"
"TCS","Tata Consultancy Services Limited","Copy of Newspaper Publication","Tata Consultancy Services Limited has informed the Exchange about Copy of Newspaper Publication","30-Sep-2023 19:40:03","2023-09-30 19:40:03","30-Sep-2023 19:40:18","00:00:15","https://nsearchives.nseindia.com/corporate/TCS_30092023194004_CoveringLetterSEintsigned.pdf"
"TCS","Tata Consultancy Services Limited","Analysts/Institutional Investor Meet/Con. Call Updates","Tata Consultancy Services Limited has informed the Exchange about Schedule of meet","29-Sep-2023 19:10:30","2023-09-29 19:10:30","29-Sep-2023 19:10:36","00:00:06","https://nsearchives.nseindia.com/corporate/TCS_29092023191030_SEint29092023signed.pdf"
"TCS","Tata Consultancy Services Limited","Loss of Share Certificates","Tata Consultancy Services Limited has informed the Exchange about Loss of Share Certificates","29-Sep-2023 18:39:27","2023-09-29 18:39:27","29-Sep-2023 18:39:29","00:00:02","https://nsearchives.nseindia.com/corporate/TCS_29092023183927_SEInt29092023signed.pdf"
"TCS","Tata Consultancy Services Limited","Record Date","Tata Consultancy Services Limited has informed the Exchange that Record date for the purpose of Dividend  is 19-Oct-2023.","29-Sep-2023 16:42:09","2023-09-29 16:42:09","29-Sep-2023 16:42:17","00:00:08","https://nsearchives.nseindia.com/corporate/TCS_29092023164210_SEintsigned.pdf"
"TCS","Tata Consultancy Services Limited","Loss of Share Certificates","Tata Consultancy Services Limited has informed the Exchange about Loss of Share Certificates","27-Sep-2023 18:37:30","2023-09-27 18:37:30","27-Sep-2023 18:37:34","00:00:04","https://nsearchives.nseindia.com/corporate/TCS_27092023183730_SEInt27092023.pdf"
"TCS","Tata Consultancy Services Limited","Press Release","Tata Consultancy Services Limited has informed the Exchange regarding a press release dated September 27, 2023, titled ""TCS Survey of CxOs Finds Digital and Data-Driven Operations are #1 Priority for a Future-Ready Organization"".","27-Sep-2023 10:57:15","2023-09-27 10:57:15","27-Sep-2023 10:57:34","00:00:19","https://nsearchives.nseindia.com/corporate/TCS_27092023105716_PR_27Sep23_signed.pdf"
"TCS","Tata Consultancy Services Limited","Loss of Share Certificates","Tata Consultancy Services Limited has informed the Exchange about Loss of Share Certificates","26-Sep-2023 19:36:39","2023-09-26 19:36:39","26-Sep-2023 19:36:42","00:00:03","https://nsearchives.nseindia.com/corporate/TCS_26092023193639_SEInt26092023_signed.pdf"
"TCS","Tata Consultancy Services Limited","Press Release","Tata Consultancy Services Limited has informed the Exchange regarding a press release dated September 25, 2023, titled ""TCS is a Leader in Banking Operations Services: Everest Group"".","25-Sep-2023 15:59:11","2023-09-25 15:59:11","25-Sep-2023 15:59:16","00:00:05","https://nsearchives.nseindia.com/corporate/TCS_25092023155911_PR_25Sep23_4pm_signed.pdf"
"TCS","Tata Consultancy Services Limited","Press Release","Tata Consultancy Services Limited has informed the Exchange regarding a press release dated September 25, 2023, titled ""TCS BaNCS Transforms Standard Bank s Custody and Settlement Operations for Enhanced Customer Experience"".","25-Sep-2023 11:08:33","2023-09-25 11:08:33","25-Sep-2023 11:08:38","00:00:05","https://nsearchives.nseindia.com/corporate/TCS_25092023110833_PR_25Sep23_signed.pdf"
"TCS","Tata Consultancy Services Limited","Press Release","Tata Consultancy Services Limited has informed the Exchange regarding a press release dated September 21, 2023, titled ""European Home Improvement Company Kingfisher Plc Drives Frictionless Customer Experience Using TCS OmniStore "".","21-Sep-2023 10:56:49","2023-09-21 10:56:49","21-Sep-2023 10:56:53","00:00:04","https://nsearchives.nseindia.com/corporate/TCS_21092023105649_PR_21Sep23_signed.pdf"
"TCS","Tata Consultancy Services Limited","Press Release","Tata Consultancy Services Limited has informed the Exchange regarding a press release dated September 20, 2023, titled ""TCS Recognized as a Leader in Asset and Wealth Management IT Services by Everest Group"".","20-Sep-2023 15:56:31","2023-09-20 15:56:31","20-Sep-2023 15:56:35","00:00:04","https://nsearchives.nseindia.com/corporate/TCS_20092023155632_PR_20Sep23_4pm_signed.pdf"
"TCS","Tata Consultancy Services Limited","Press Release","Tata Consultancy Services Limited has informed the Exchange regarding a press release dated September 20, 2023, titled ""BankID BankAxept AS Selects TCS to Enhance Norway s National Payments and Electronic Identity Verification System"".","20-Sep-2023 10:50:51","2023-09-20 10:50:51","20-Sep-2023 10:50:56","00:00:05","https://nsearchives.nseindia.com/corporate/TCS_20092023105051_PR_20Sep23_signed.pdf"
"TCS","Tata Consultancy Services Limited","Loss of Share Certificates","Tata Consultancy Services Limited has informed the Exchange about Loss of Share Certificates","18-Sep-2023 21:00:26","2023-09-18 21:00:26","18-Sep-2023 21:00:37","00:00:11","https://nsearchives.nseindia.com/corporate/TCS_18092023210026_SeInt18092023_signed.pdf"
"TCS","Tata Consultancy Services Limited","Press Release","Tata Consultancy Services Limited has informed the Exchange regarding a press release dated September 18, 2023, titled ""TCS Achieves AWS Automotive Competency"".","18-Sep-2023 15:52:49","2023-09-18 15:52:49","18-Sep-2023 15:52:54","00:00:05","https://nsearchives.nseindia.com/corporate/TCS_18092023155249_PR_18Sep23_4pm_signed.pdf"
"TCS","Tata Consultancy Services Limited","Press Release","Tata Consultancy Services Limited has informed the Exchange regarding a press release dated September 18, 2023, titled ""TCS Launches Innovative Digital Solution for Life Cycle Assessment and Reporting "".","18-Sep-2023 10:52:02","2023-09-18 10:52:02","18-Sep-2023 10:52:06","00:00:04","https://nsearchives.nseindia.com/corporate/TCS_18092023105202_PR_18Sep23_signed.pdf"
"TCS","Tata Consultancy Services Limited","Loss of Share Certificates","Tata Consultancy Services Limited has informed the Exchange about Loss of Share Certificates","13-Sep-2023 18:18:21","2023-09-13 18:18:21","13-Sep-2023 18:18:38","00:00:17","https://nsearchives.nseindia.com/corporate/TCS_13092023181821_SEInt13092023_signed.pdf"
"TCS","Tata Consultancy Services Limited","Press Release","Tata Consultancy Services Limited has informed the Exchange regarding a press release dated September 11, 2023, titled ""TCS Joins The Living Heart Project to Create Accurate Digital Human Heart Models"".","11-Sep-2023 10:54:16","2023-09-11 10:54:16","11-Sep-2023 10:54:24","00:00:08","https://nsearchives.nseindia.com/corporate/TCS_11092023105416_PR_11Sep23_signed.pdf"
"TCS","Tata Consultancy Services Limited","Press Release","Tata Consultancy Services Limited has informed the Exchange regarding a press release dated September 06, 2023, titled ""TCS Selected as JLR s Transformation Partner to Build Future-Ready Digital Services for their Clients"".","06-Sep-2023 15:56:38","2023-09-06 15:56:38","06-Sep-2023 15:56:41","00:00:03","https://nsearchives.nseindia.com/corporate/TCS_06092023155638_PR_6Sep23_signed.pdf"
"TCS","Tata Consultancy Services Limited","Press Release","Tata Consultancy Services Limited has informed the Exchange regarding a press release dated September 05, 2023, titled ""Lantm��nnen Partners with TCS to Transform its IT Infrastructure for Greater Business Resilience "".","05-Sep-2023 10:58:33","2023-09-05 10:58:33","05-Sep-2023 10:58:36","00:00:03","https://nsearchives.nseindia.com/corporate/TCS_05092023105833_PR_5Sep23_signed.pdf"
"TCS","Tata Consultancy Services Limited","Press Release","Tata Consultancy Services Limited has informed the Exchange regarding a press release dated September 04, 2023, titled ""TCS Digital Commerce Platform Helps Banner Solutions Reimagine Customer Experience "".","04-Sep-2023 10:54:29","2023-09-04 10:54:29","04-Sep-2023 10:54:35","00:00:06","https://nsearchives.nseindia.com/corporate/TCS_04092023105429_PR_4Sep23_signed.pdf"
"TCS","Tata Consultancy Services Limited","Analysts/Institutional Investor Meet/Con. Call Updates","Tata Consultancy Services Limited has informed the Exchange about Schedule of meet","01-Sep-2023 17:41:56","2023-09-01 17:41:56","01-Sep-2023 17:42:06","00:00:10","https://nsearchives.nseindia.com/corporate/TCS_01092023174156_SEint01092023.pdf"
"TCS","Tata Consultancy Services Limited","Loss of Share Certificates","Tata Consultancy Services Limited has informed the Exchange about Loss of Share Certificates","31-Aug-2023 18:52:27","2023-08-31 18:52:27","31-Aug-2023 18:52:32","00:00:05","https://nsearchives.nseindia.com/corporate/TCS_31082023185227_SEINT31082023signed.pdf"
"TCS","Tata Consultancy Services Limited","Press Release","Tata Consultancy Services Limited has informed the Exchange regarding a press release dated August 31, 2023, titled ""Athora Netherlands Expands Strategic Partnership with TCS "".","31-Aug-2023 12:41:16","2023-08-31 12:41:16","31-Aug-2023 12:41:22","00:00:06","https://nsearchives.nseindia.com/corporate/TCS_31082023124116_Ltr_31Aug231230pmsigned.pdf"
"TCS","Tata Consultancy Services Limited","Press Release","Tata Consultancy Services Limited has informed the Exchange regarding a press release dated August 30, 2023, titled ""TCS Wins Three 2023 Google Cloud Partner of the Year Awards "".","30-Aug-2023 10:31:11","2023-08-30 10:31:11","30-Aug-2023 10:31:14","00:00:03","https://nsearchives.nseindia.com/corporate/TCS_30082023103111_Ltr_30Aug23signed1030am.pdf"
"TCS","Tata Consultancy Services Limited","Press Release","Tata Consultancy Services Limited has informed the Exchange regarding a press release dated August 29, 2023, titled ""TCS Recognized as a Leader in Gartner�� Magic Quadrant  for Data Center Outsourcing and Hybrid Infrastructure Managed Services, Worldwide "".","29-Aug-2023 16:13:18","2023-08-29 16:13:18","29-Aug-2023 16:13:21","00:00:03","https://nsearchives.nseindia.com/corporate/TCS_29082023161318_Ltr_29Aug23signed.pdf"
"TCS","Tata Consultancy Services Limited","Press Release","Tata Consultancy Services Limited has informed the Exchange regarding a press release dated August 28, 2023, titled ""TCS Positioned as a Leader in Identity and Access Management Services by Everest Group"".","28-Aug-2023 16:52:45","2023-08-28 16:52:45","28-Aug-2023 16:52:51","00:00:06","https://nsearchives.nseindia.com/corporate/TCS_28082023165245_Ltr_28Aug23signed.pdf"
"TCS","Tata Consultancy Services Limited","Loss of Share Certificates","Tata Consultancy Services Limited has informed the Exchange about Loss of Share Certificates","24-Aug-2023 19:53:37","2023-08-24 19:53:37","24-Aug-2023 19:53:44","00:00:07","https://nsearchives.nseindia.com/corporate/TCS_24082023195337_SEInt24082023signed.pdf"
"TCS","Tata Consultancy Services Limited","Loss of Share Certificates","Tata Consultancy Services Limited has informed the Exchange about Loss of Share Certificates","23-Aug-2023 19:14:21","2023-08-23 19:14:21","23-Aug-2023 19:14:28","00:00:07","https://nsearchives.nseindia.com/corporate/TCS_23082023191421_SEINT23082023.pdf"
"TCS","Tata Consultancy Services Limited","Press Release","Tata Consultancy Services Limited has informed the Exchange regarding a press release dated August 21, 2023, titled ""TCS Recognized as a Leader in Gartner�� Magic Quadrant  for Finance and Accounting Business Process Outsourcing"".","21-Aug-2023 16:25:39","2023-08-21 16:25:39","21-Aug-2023 16:25:49","00:00:10","https://nsearchives.nseindia.com/corporate/TCS_21082023162539_Ltr_21Aug234pmsigned.pdf"
"TCS","Tata Consultancy Services Limited","Loss of Share Certificates","Tata Consultancy Services Limited has informed the Exchange about Loss of Share Certificates","18-Aug-2023 20:10:41","2023-08-18 20:10:41","18-Aug-2023 20:10:53","00:00:12","https://nsearchives.nseindia.com/corporate/TCS_18082023201042_SEINt1808023signed.pdf"
"TCS","Tata Consultancy Services Limited","Loss of Share Certificates","Tata Consultancy Services Limited has informed the Exchange about Loss of Share Certificates","17-Aug-2023 17:25:35","2023-08-17 17:25:35","17-Aug-2023 17:25:59","00:00:24","https://nsearchives.nseindia.com/corporate/TCS_17082023172535_SEInt17082023.pdf"
"TCS","Tata Consultancy Services Limited","Press Release","Tata Consultancy Services Limited has informed the Exchange regarding a press release dated August 17, 2023, titled ""TCS Positioned as a Leader in Medical Devices Digital Services by Everest Group"".","17-Aug-2023 15:52:28","2023-08-17 15:52:28","17-Aug-2023 15:52:37","00:00:09","https://nsearchives.nseindia.com/corporate/TCS_17082023155228_PR_17Aug23_signed.pdf"
"TCS","Tata Consultancy Services Limited","Press Release","Tata Consultancy Services Limited has informed the Exchange regarding a press release dated August 16, 2023, titled ""TCS Recognized as a Leader in Digital Services for Higher Education by Avasant"".","16-Aug-2023 15:52:50","2023-08-16 15:52:50","16-Aug-2023 15:53:01","00:00:11","https://nsearchives.nseindia.com/corporate/TCS_16082023155250_PR_16Aug23_signed.pdf"
"TCS","Tata Consultancy Services Limited","Copy of Newspaper Publication","Tata Consultancy Services Limited has informed the Exchange about Copy of Newspaper Publication","16-Aug-2023 12:37:55","2023-08-16 12:37:55","16-Aug-2023 12:38:10","00:00:15","https://nsearchives.nseindia.com/corporate/TCS_16082023123755_SEInt16082023.pdf"
"TCS","Tata Consultancy Services Limited","Analysts/Institutional Investor Meet/Con. Call Updates","Tata Consultancy Services Limited has informed the Exchange about Schedule of meet","14-Aug-2023 16:50:36","2023-08-14 16:50:36","14-Aug-2023 16:53:07","00:02:31","https://nsearchives.nseindia.com/corporate/TCS_14082023165037_Seint14082023.pdf"
"TCS","Tata Consultancy Services Limited","Press Release","Tata Consultancy Services Limited has informed the Exchange regarding a press release dated August 14, 2023, titled ""TCS Named a Leader in Enterprise Blockchain Services by Everest Group"".","14-Aug-2023 16:06:43","2023-08-14 16:06:43","14-Aug-2023 16:07:22","00:00:39","https://nsearchives.nseindia.com/corporate/TCS_14082023160643_Ltr_14Aug234pmsigned.pdf"
"TCS","Tata Consultancy Services Limited","Press Release","Tata Consultancy Services Limited has informed the Exchange regarding a press release dated August 14, 2023, titled ""Lexmark Selects TCS to Transform its Digital Core to Deliver Faster Time to Market"".","14-Aug-2023 11:13:36","2023-08-14 11:13:36","14-Aug-2023 11:13:47","00:00:11","https://nsearchives.nseindia.com/corporate/TCS_14082023111336_Ltr_14Aug2311amsigned.pdf"
"TCS","Tata Consultancy Services Limited","Press Release","Tata Consultancy Services Limited has informed the Exchange regarding a press release dated August 04, 2023, titled ""TCS and Marks & Spencer Win the Retail Partnership of the Year Award"".","04-Aug-2023 11:00:25","2023-08-04 11:00:25","04-Aug-2023 11:00:45","00:00:20","https://nsearchives.nseindia.com/corporate/TCS_04082023110025_Ltr_4Aug2311amsigned.pdf"
"TCS","Tata Consultancy Services Limited","Press Release","Tata Consultancy Services Limited has informed the Exchange regarding a press release dated August 03, 2023, titled ""TCS to Help Manufacturers Drive Growth and Transformation with Microsoft Cloud for Manufacturing"".","03-Aug-2023 11:04:32","2023-08-03 11:04:32","03-Aug-2023 11:04:46","00:00:14","https://nsearchives.nseindia.com/corporate/TCS_03082023110432_Ltr_3Aug2311amsigned.pdf"
"TCS","Tata Consultancy Services Limited","Press Release","Tata Consultancy Services Limited has informed the Exchange regarding a press release dated July 31, 2023, titled ""Aviva Wins Celent Model Insurer Award for Data and Analytics Transformation by TCS"".","31-Jul-2023 16:10:25","2023-07-31 16:10:25","31-Jul-2023 16:10:37","00:00:12","https://nsearchives.nseindia.com/corporate/TCS_31072023161025_Ltr_31Jul234pmsigned.pdf"
"TCS","Tata Consultancy Services Limited","Change in Management","Tata Consultancy Services Limited has informed the Exchange about change in Senior Management Personnel (SMP)","29-Jul-2023 00:32:16","2023-07-29 00:32:16","29-Jul-2023 00:32:40","00:00:24","https://nsearchives.nseindia.com/corporate/TCS_29072023003216_SE29Jul23.pdf"
"TCS","Tata Consultancy Services Limited","Loss of Share Certificates","Tata Consultancy Services Limited has informed the Exchange about Loss of Share Certificates","28-Jul-2023 18:44:21","2023-07-28 18:44:21","28-Jul-2023 18:44:30","00:00:09","https://nsearchives.nseindia.com/corporate/TCS_28072023184422_SEINT28072023signed.pdf"
"TCS","Tata Consultancy Services Limited","Analysts/Institutional Investor Meet/Con. Call Updates","Tata Consultancy Services Limited has informed the Exchange about Schedule of meet","27-Jul-2023 20:00:53","2023-07-27 20:00:53","27-Jul-2023 20:01:05","00:00:12","https://nsearchives.nseindia.com/corporate/TCS_27072023200053_SEInt27072023signed.pdf"
"TCS","Tata Consultancy Services Limited","Press Release","Tata Consultancy Services Limited has informed the Exchange regarding a press release dated July 27, 2023, titled ""TCS Named a Leader and a Star Performer in Microsoft Dynamics 365 Services by Everest Group"".","27-Jul-2023 16:08:33","2023-07-27 16:08:33","27-Jul-2023 16:08:50","00:00:17","https://nsearchives.nseindia.com/corporate/TCS_27072023160833_Ltr_27Jul234pmsd.pdf"
"TCS","Tata Consultancy Services Limited","Press Release","Tata Consultancy Services Limited has informed the Exchange regarding a press release dated July 26, 2023, titled ""TCS Positioned as a Market Leader in Data Modernization Services by HFS Research "".","26-Jul-2023 16:13:13","2023-07-26 16:13:13","26-Jul-2023 16:13:19","00:00:06","https://nsearchives.nseindia.com/corporate/TCS_26072023161313_Ltr_26Jul23sd.pdf"
"TCS","Tata Consultancy Services Limited","Press Release","Tata Consultancy Services Limited has informed the Exchange regarding a press release dated July 25, 2023, titled ""Great Southern Bank Wins Model Bank Award with TCS"".","25-Jul-2023 16:02:43","2023-07-25 16:02:43","25-Jul-2023 16:02:52","00:00:09","https://nsearchives.nseindia.com/corporate/TCS_25072023160244_Ltr_25Jul23sd.pdf"
"TCS","Tata Consultancy Services Limited","Press Release","Tata Consultancy Services Limited has informed the Exchange regarding a press release dated July 24, 2023, titled ""TCS Named a Leader in Low-Code Application Development Services for Appian, Mendix and OutSystems by Everest Group"".","24-Jul-2023 16:19:18","2023-07-24 16:19:18","24-Jul-2023 16:19:27","00:00:09","https://nsearchives.nseindia.com/corporate/TCS_24072023161918_Ltr_24Jul234pmsd.pdf"
"TCS","Tata Consultancy Services Limited","Press Release","Tata Consultancy Services Limited has informed the Exchange regarding a press release dated July 24, 2023, titled ""TCS Helps AIB life Launch Operations in Ireland with a Digital-First Platform Powered by TCS BaNCS "".","24-Jul-2023 12:52:29","2023-07-24 12:52:29","24-Jul-2023 12:52:53","00:00:24","https://nsearchives.nseindia.com/corporate/TCS_24072023125229_Ltr_24July1230pmsd.pdf"
"TCS","Tata Consultancy Services Limited","Loss of Share Certificates","Tata Consultancy Services Limited has informed the Exchange about Loss of Share Certificates","21-Jul-2023 18:43:29","2023-07-21 18:43:29","21-Jul-2023 18:43:38","00:00:09","https://nsearchives.nseindia.com/corporate/TCS_21072023184330_SEINT21072023.pdf"
"TCS","Tata Consultancy Services Limited","Press Release","Tata Consultancy Services Limited has informed the Exchange regarding a press release dated July 20, 2023, titled ""TCS Recognized as a Leader in Healthcare Provider Digital Services by Everest Group"".","20-Jul-2023 16:14:40","2023-07-20 16:14:40","20-Jul-2023 16:14:57","00:00:17","https://nsearchives.nseindia.com/corporate/TCS_20072023161440_Ltr_20July4pmsd.pdf"
"TCS","Tata Consultancy Services Limited","Press Release","Tata Consultancy Services Limited has informed the Exchange regarding a press release dated July 20, 2023, titled ""TCS selected as a Strategic Partner of British broadcaster to Transform its Finance and Payroll Function "".","20-Jul-2023 12:11:32","2023-07-20 12:11:32","20-Jul-2023 12:11:39","00:00:07","https://nsearchives.nseindia.com/corporate/TCS_20072023121132_Ltr_20July12noon.pdf"
"TCS","Tata Consultancy Services Limited","Press Release","Tata Consultancy Services Limited has informed the Exchange regarding a press release dated July 19, 2023, titled ""GE HealthCare Expands Partnership with TCS to Transform IT Operating Model and Accelerate Technological Innovation"".","19-Jul-2023 11:10:17","2023-07-19 11:10:17","19-Jul-2023 11:10:30","00:00:13","https://nsearchives.nseindia.com/corporate/TCS_19072023111017_Ltr_19July11amsd.pdf"
"TCS","Tata Consultancy Services Limited","Press Release","Tata Consultancy Services Limited has informed the Exchange regarding a press release dated July 18, 2023, titled ""TCS a Leader in L&A Insurance BPS and Third-Party Administration Services: Everest Group"".","18-Jul-2023 16:15:21","2023-07-18 16:15:21","18-Jul-2023 16:15:29","00:00:08","https://nsearchives.nseindia.com/corporate/TCS_18072023161521_Ltr_18July234pmsigned.pdf"
"TCS","Tata Consultancy Services Limited","Press Release","Tata Consultancy Services Limited has informed the Exchange regarding a press release dated July 17, 2023, titled ""TCS Named a Leader in Multi-Cloud Managed Services by Independent Research Firm"".","17-Jul-2023 16:47:06","2023-07-17 16:47:06","17-Jul-2023 16:47:14","00:00:08","https://nsearchives.nseindia.com/corporate/TCS_17072023164706_Ltr_17July234pmsd.pdf"
"TCS","Tata Consultancy Services Limited","Press Release","Tata Consultancy Services Limited has informed the Exchange regarding a press release dated July 17, 2023, titled ""TCS BaNCS Powers Payments Transformation at Banque Saudi Fransi "".","17-Jul-2023 11:12:54","2023-07-17 11:12:54","17-Jul-2023 11:13:12","00:00:18","https://nsearchives.nseindia.com/corporate/TCS_17072023111254_PR17July23sd.pdf"
"TCS","Tata Consultancy Services Limited","Copy of Newspaper Publication","Tata Consultancy Services Limited has informed the Exchange about Copy of Newspaper Publication","14-Jul-2023 16:30:10","2023-07-14 16:30:10","14-Jul-2023 16:30:13","00:00:03","https://nsearchives.nseindia.com/corporate/TCS_14072023163011_SEINT14072023_Finalsigned.pdf"
"TCS","Tata Consultancy Services Limited","Analysts/Institutional Investor Meet/Con. Call Updates","Tata Consultancy Services Limited has informed the Exchange about Transcript","14-Jul-2023 16:20:47","2023-07-14 16:20:47","14-Jul-2023 16:20:51","00:00:04","https://nsearchives.nseindia.com/corporate/TCS_14072023162047_SEINT14072023signed.pdf"
"TCS","Tata Consultancy Services Limited","Loss of Share Certificates","Tata Consultancy Services Limited has informed the Exchange about Loss of Share Certificates","13-Jul-2023 21:13:44","2023-07-13 21:13:44","13-Jul-2023 21:13:50","00:00:06","https://nsearchives.nseindia.com/corporate/TCS_13072023211344_SEint13072023signed.pdf"
"TCS","Tata Consultancy Services Limited","Copy of Newspaper Publication","Tata Consultancy Services Limited has informed the Exchange about Copy of Newspaper Publication","13-Jul-2023 18:36:11","2023-07-13 18:36:11","13-Jul-2023 18:36:20","00:00:09","https://nsearchives.nseindia.com/corporate/TCS_13072023183611_SEDIVAD13072023.pdf"
"TCS","Tata Consultancy Services Limited","Analysts/Institutional Investor Meet/Con. Call Updates","Tata Consultancy Services Limited has informed the Exchange about Link of Recording","12-Jul-2023 23:27:44","2023-07-12 23:27:44","12-Jul-2023 23:27:51","00:00:07","https://nsearchives.nseindia.com/corporate/TCS_12072023232744_SEINT12072023finalsigned.pdf"
"TCS","Tata Consultancy Services Limited","Date of payment of dividend","Tata Consultancy Services Limited has informed the Exchange about Date of payment of dividend","12-Jul-2023 16:16:17","2023-07-12 16:16:17","12-Jul-2023 16:16:33","00:00:16","https://nsearchives.nseindia.com/corporate/TCS_12072023161617_SEFinancials.pdf"
"TCS","Tata Consultancy Services Limited","Press Release","Tata Consultancy Services Limited has informed the Exchange regarding a press release dated July 12, 2023, titled ""Robust Order Book and Transformational Deals Mark TCS  Q1"".","12-Jul-2023 16:01:41","2023-07-12 16:01:41","12-Jul-2023 16:01:54","00:00:13","https://nsearchives.nseindia.com/corporate/TCS_12072023160141_SEPressRelease.pdf"
"TCS","Tata Consultancy Services Limited","Dividend","Tata Consultancy Services Limited has informed the Exchange that Board of Directors at its meeting held on July 12, 2023, declared Interim Dividend of 9 per equity share.","12-Jul-2023 15:58:07","2023-07-12 15:58:07","12-Jul-2023 15:58:15","00:00:08","https://nsearchives.nseindia.com/corporate/TCS_12072023155807_SEFinancials.pdf"
"TCS","Tata Consultancy Services Limited","Outcome of Board Meeting","Tata Consultancy Services Limited has informed the Exchange regarding  Board meeting held on July 12, 2023.","12-Jul-2023 15:56:36","2023-07-12 15:56:36","12-Jul-2023 15:56:44","00:00:08","https://nsearchives.nseindia.com/corporate/TCS_12072023155636_SEFinancials.pdf"
"TCS","Tata Consultancy Services Limited","Financial Result Updates","Tata Consultancy Services Limited has submitted to the Exchange, the financial results for the period ended June 30, 2023.","12-Jul-2023 15:54:53","2023-07-12 15:54:53","12-Jul-2023 15:54:59","00:00:06","https://nsearchives.nseindia.com/corporate/SEFinancials_12072023155453.pdf"
"TCS","Tata Consultancy Services Limited","Press Release","Tata Consultancy Services Limited has informed the Exchange regarding a press release dated July 11, 2023, titled ""TCS Recognized as a Leader in the IDC MarketScape for Worldwide Finance and Accounting Business Process Services in the Cloud"".","11-Jul-2023 15:54:33","2023-07-11 15:54:33","11-Jul-2023 15:54:42","00:00:09","https://nsearchives.nseindia.com/corporate/TCS_11072023155433_PR_11July23_final.pdf"
"TCS","Tata Consultancy Services Limited","Loss of Share Certificates","Tata Consultancy Services Limited has informed the Exchange about Loss of Share Certificates","07-Jul-2023 19:08:56","2023-07-07 19:08:56","07-Jul-2023 19:09:03","00:00:07","https://nsearchives.nseindia.com/corporate/TCS_07072023190856_SEINT07072023.pdf"
"TCS","Tata Consultancy Services Limited","Press Release","Tata Consultancy Services Limited has informed the Exchange regarding a press release dated July 06, 2023, titled ""TCS Bets Big on Azure Open AI: Plans to Train 25,000 Engineers; Launches New Generative AI Offering for Clients"".","06-Jul-2023 10:54:16","2023-07-06 10:54:16","06-Jul-2023 10:54:23","00:00:07","https://nsearchives.nseindia.com/corporate/TCS_06072023105416_PR_6July23_final.pdf"
"TCS","Tata Consultancy Services Limited","Loss of Share Certificates","Tata Consultancy Services Limited has informed the Exchange about Loss of Share Certificates","05-Jul-2023 19:59:39","2023-07-05 19:59:39","05-Jul-2023 19:59:46","00:00:07","https://nsearchives.nseindia.com/corporate/TCS_05072023195939_SEINT05072023signed.pdf"
"TCS","Tata Consultancy Services Limited","Press Release","Tata Consultancy Services Limited has informed the Exchange regarding a press release dated July 04, 2023, titled ""TCS Recognized as a Leader in IDC MarketScape for Asia-Pacific Oracle Application Implementation Services "".","04-Jul-2023 16:26:32","2023-07-04 16:26:32","04-Jul-2023 16:26:40","00:00:08","https://nsearchives.nseindia.com/corporate/TCS_04072023162632_PR_4July23_final.pdf"
"TCS","Tata Consultancy Services Limited","Copy of Newspaper Publication","Tata Consultancy Services Limited has informed the Exchange about Copy of Newspaper Publication","03-Jul-2023 19:54:52","2023-07-03 19:54:52","03-Jul-2023 19:55:00","00:00:08","https://nsearchives.nseindia.com/corporate/TCS_03072023195452_SELettersigned.pdf"
"TCS","Tata Consultancy Services Limited","Analysts/Institutional Investor Meet/Con. Call Updates","Tata Consultancy Services Limited has informed the Exchange about Schedule of meet","30-Jun-2023 23:02:00","2023-06-30 23:02:00","30-Jun-2023 23:02:05","00:00:05","https://nsearchives.nseindia.com/corporate/TCS_30062023230200_SEint30062023signed.pdf"
"TCS","Tata Consultancy Services Limited","Loss of Share Certificates","Tata Consultancy Services Limited has informed the Exchange about Loss of Share Certificates","30-Jun-2023 22:59:40","2023-06-30 22:59:40","30-Jun-2023 22:59:43","00:00:03","https://nsearchives.nseindia.com/corporate/TCS_30062023225940_CoveringLetter_v1_signed.pdf"
"TCS","Tata Consultancy Services Limited","Record Date","Tata Consultancy Services Limited has informed the Exchange that Record date for the purpose of Dividend  is 20-Jul-2023.","30-Jun-2023 17:24:11","2023-06-30 17:24:11","30-Jun-2023 17:24:15","00:00:04","https://nsearchives.nseindia.com/corporate/TCS_30062023172411_PreboardIntimation_June2023.pdf"
"TCS","Tata Consultancy Services Limited","Shareholders meeting","Tata Consultancy Services Limited has informed the Exchange regarding Proceedings of Annual General Meeting held on Jun 29, 2023. Further, the company has submitted the Exchange a copy of Srutinizers report along with voting results.","30-Jun-2023 15:44:52","2023-06-30 15:44:52","30-Jun-2023 15:44:56","00:00:04","https://nsearchives.nseindia.com/corporate/TCS_30062023154453_SEINT30062023.pdf"
"TCS","Tata Consultancy Services Limited","Press Release","Tata Consultancy Services Limited has informed the Exchange regarding a press release dated Jun 28, 2023, titled ""TCS Wins Five 2023 Microsoft Partner of the Year Awards "".","28-Jun-2023 10:55:11","2023-06-28 10:55:11","28-Jun-2023 10:55:15","00:00:04","https://nsearchives.nseindia.com/corporate/TCS_28062023105511_PR_28June23_final.pdf"
"TCS","Tata Consultancy Services Limited","Press Release","Tata Consultancy Services Limited has informed the Exchange regarding a press release dated Jun 26, 2023, titled ""Standard Life Partners with TCS to Transform Customer Experience for European Policyholders"".","26-Jun-2023 10:55:13","2023-06-26 10:55:13","26-Jun-2023 10:55:18","00:00:05","https://nsearchives.nseindia.com/corporate/TCS_26062023105513_PR_26June23_final.pdf"
"TCS","Tata Consultancy Services Limited","Updates","Tata Consultancy Services Limited has informed the Exchange regarding clarification with reference to an article published in a media publication.","23-Jun-2023 23:20:52","2023-06-23 23:20:52","23-Jun-2023 23:20:56","00:00:04","https://nsearchives.nseindia.com/corporate/TCS_23062023232052_TCS.pdf"
"TCS","Tata Consultancy Services Limited","Loss of Share Certificates","Tata Consultancy Services Limited has informed the Exchange about Loss of Share Certificates","23-Jun-2023 20:40:11","2023-06-23 20:40:11","23-Jun-2023 20:40:15","00:00:04","https://nsearchives.nseindia.com/corporate/TCS_23062023204011_SEInt2362023_signed.pdf"
"TCS","Tata Consultancy Services Limited","Press Release (Revised)","Tata Consultancy Services Limited has informed the Exchange regarding a revised press release dated Jun 21, 2023, titled ""In continuation of our letter with reference no. TCS/PR/SE-25/2023-24 dated June 21, 2023,  titled  Nest and TCS Expand Strategic Partnership to Provide Enhanced Member Experience , we wish to inform that the contract value was signed for ��840 million with an initial tenure of 10 years. The total maximum estimated value of the contract, if extended to the entirety of its eighteen-year tenure, will be ��1.5 billion. "".","21-Jun-2023 19:56:32","2023-06-21 19:56:32","21-Jun-2023 19:56:42","00:00:10","https://nsearchives.nseindia.com/corporate/TCS_21062023195632_Ltr_21June23_revfinal21June.pdf"
"TCS","Tata Consultancy Services Limited","Press Release","Tata Consultancy Services Limited has informed the Exchange regarding a press release dated Jun 21, 2023, titled ""Nest and TCS Expand Strategic Partnership to Provide Enhanced Member Experience"".","21-Jun-2023 16:45:09","2023-06-21 16:45:09","21-Jun-2023 16:45:14","00:00:05","https://nsearchives.nseindia.com/corporate/TCS_21062023164509_PR_21June23_final.pdf"
"TCS","Tata Consultancy Services Limited","Press Release","Tata Consultancy Services Limited has informed the Exchange regarding a press release dated Jun 15, 2023, titled ""TCS Cloud Study: Betting on AI, Global C-Suite Sticking with Cloud, Despite Macro Headwinds "".","15-Jun-2023 11:23:23","2023-06-15 11:23:23","15-Jun-2023 11:23:27","00:00:04","https://nsearchives.nseindia.com/corporate/TCS_15062023112323_PR_15June23_final.pdf"
"TCS","Tata Consultancy Services Limited","Updates","Tata Consultancy Services Limited has informed the Exchange regarding 'Intimation under Regulation 34 of SEBI (Listing Obligations and DisclosureRequirements) Regulations, 2015'.","09-Jun-2023 19:06:04","2023-06-09 19:06:04","09-Jun-2023 19:06:10","00:00:06","https://nsearchives.nseindia.com/corporate/TCS_09062023190604_SEAR09062023.pdf"
"TCS","Tata Consultancy Services Limited","Copy of Newspaper Publication","Tata Consultancy Services Limited has informed the Exchange about Copy of Newspaper Publication","08-Jun-2023 20:22:40","2023-06-08 20:22:40","08-Jun-2023 20:22:44","00:00:04","https://nsearchives.nseindia.com/corporate/TCS_08062023202240_SEINT08062023.pdf"
"TCS","Tata Consultancy Services Limited","Analysts/Institutional Investor Meet/Con. Call Updates","Tata Consultancy Services Limited has informed the Exchange about Schedule of meet","08-Jun-2023 19:57:17","2023-06-08 19:57:17","08-Jun-2023 19:57:24","00:00:07","https://nsearchives.nseindia.com/corporate/TCS_08062023195717_SEINT08062023.pdf"
"TCS","Tata Consultancy Services Limited","Updates","Tata Consultancy Services Limited has informed the Exchange regarding 'Business Responsibility and Sustainability Report for the financial year 2022-23'.","07-Jun-2023 03:20:27","2023-06-07 03:20:27","07-Jun-2023 03:20:30","00:00:03","https://nsearchives.nseindia.com/corporate/TCS_07062023032027_SELetterBRSRsigned.pdf"
"TCS","Tata Consultancy Services Limited","Shareholders meeting","Tata Consultancy Services Limited has informed the Exchange regarding Notice of Annual General Meeting to be held on Jun 29, 2023","07-Jun-2023 03:15:41","2023-06-07 03:15:41","07-Jun-2023 03:15:46","00:00:05","https://nsearchives.nseindia.com/corporate/TCS_07062023031541_SEIntimationsigned.pdf"
"TCS","Tata Consultancy Services Limited","Press Release","Tata Consultancy Services Limited has informed the Exchange regarding a press release dated Jun 06, 2023, titled ""TCS Launches its Data Exchange and Marketplace Platform on Google Cloud "".","06-Jun-2023 10:51:48","2023-06-06 10:51:48","06-Jun-2023 10:51:53","00:00:05","https://nsearchives.nseindia.com/corporate/TCS_06062023105148_PR_6June23_final.pdf"
"TCS","Tata Consultancy Services Limited","Press Release","Tata Consultancy Services Limited has informed the Exchange regarding a press release dated Jun 05, 2023, titled ""TCS Recognized as a Leader in the IDC MarketScape for ESG/Sustainability Strategy Consulting Services "".","05-Jun-2023 17:01:06","2023-06-05 17:01:06","05-Jun-2023 17:01:11","00:00:05","https://nsearchives.nseindia.com/corporate/TCS_05062023170106_PR_5June23_4pm_final.pdf"
"TCS","Tata Consultancy Services Limited","Press Release","Tata Consultancy Services Limited has informed the Exchange regarding a press release dated Jun 05, 2023, titled ""TCS Selected as Strategic Partner to Administer the Teachers  Pension Scheme in England and Wales"".","05-Jun-2023 11:02:16","2023-06-05 11:02:16","05-Jun-2023 11:02:22","00:00:06","https://nsearchives.nseindia.com/corporate/TCS_05062023110216_PR_5June23_final.pdf"
"TCS","Tata Consultancy Services Limited","Loss of Share Certificates","Tata Consultancy Services Limited has informed the Exchange about Loss of Share Certificates","03-Jun-2023 18:35:16","2023-06-03 18:35:16","03-Jun-2023 18:35:19","00:00:03","https://nsearchives.nseindia.com/corporate/TCS_03062023183516_SEintduplicate03062023.pdf"
"TCS","Tata Consultancy Services Limited","Date of payment of dividend","Tata Consultancy Services Limited has informed the Exchange about Date of payment of dividend","03-Jun-2023 18:07:43","2023-06-03 18:07:43","03-Jun-2023 18:07:47","00:00:04","https://nsearchives.nseindia.com/corporate/TCS_03062023180743_SEintrecorddate0306023.pdf"
"TCS","Tata Consultancy Services Limited","Record Date","Tata Consultancy Services Limited has informed the Exchange that Record date for the purpose of Dividend  is 15-Jun-2023.","03-Jun-2023 17:55:42","2023-06-03 17:55:42","03-Jun-2023 17:55:46","00:00:04","https://nsearchives.nseindia.com/corporate/TCS_03062023175542_SEintrecorddate0306023.pdf"
"TCS","Tata Consultancy Services Limited","Copy of Newspaper Publication","Tata Consultancy Services Limited has informed the Exchange about Copy of Newspaper Publication","03-Jun-2023 17:41:32","2023-06-03 17:41:32","03-Jun-2023 17:41:38","00:00:06","https://nsearchives.nseindia.com/corporate/TCS_03062023174132_SEintagmadvt03062023.pdf"
"TCS","Tata Consultancy Services Limited","Loss of Share Certificates","Tata Consultancy Services Limited has informed the Exchange about Loss of Share Certificates","02-Jun-2023 21:13:02","2023-06-02 21:13:02","02-Jun-2023 21:13:05","00:00:03","https://nsearchives.nseindia.com/corporate/TCS_02062023211302_SEint02062023.pdf"
"TCS","Tata Consultancy Services Limited","Updates","Tata Consultancy Services Limited has informed the Exchange regarding 'Disclosure Under Regulation 30(5) of SEBI (Listing Obligations and Disclosure Requirements) Regulations, 2015'.","01-Jun-2023 16:06:39","2023-06-01 16:06:39","01-Jun-2023 16:06:44","00:00:05","https://nsearchives.nseindia.com/corporate/TCS_01062023160639_SEint01062023.pdf"
"TCS","Tata Consultancy Services Limited","Loss of Share Certificates","Tata Consultancy Services Limited has informed the Exchange about Loss of Share Certificates","30-May-2023 20:31:02","2023-05-30 20:31:02","30-May-2023 20:31:10","00:00:08","https://nsearchives.nseindia.com/corporate/TCS_30052023203102_SEint30052023.pdf"
"TCS","Tata Consultancy Services Limited","Press Release","Tata Consultancy Services Limited has informed the Exchange regarding a press release dated May 30, 2023, titled ""Ikano Bank Selects TCS BaNCS to Build a Bank for the Future"".","30-May-2023 11:00:54","2023-05-30 11:00:54","30-May-2023 11:00:57","00:00:03","https://nsearchives.nseindia.com/corporate/TCS_30052023110054_PR_30May23_final.pdf"
"TCS","Tata Consultancy Services Limited","Annual Secretarial Compliance Report","Pursuant to Regulation 24A of Listing Regulations read with SEBI Circular No  CIR/CFD/CMD1/27/2019 dated February 8, 2019 and circulars issued by NSE and BSE dated March 16, 2023 and April 10, 2023, please find enclosed the Annual Secretarial Compliance Report issued by Parikh & Associates, Practicing Company Secretaries, for the year endedMarch 31, 2023.","29-May-2023 19:11:29","2023-05-29 19:11:29","29-May-2023 19:11:45","00:00:16","https://nsearchives.nseindia.com/corporate/TCS_29052023191129_SEINT29052023_signed.pdf"
"TCS","Tata Consultancy Services Limited","Updates","Tata Consultancy Services Limited has informed the Exchange regarding 'Intimation letters sent to the identified shareholders pursuant to SEBI Circular No.SEBI/HO/MIRSD/MIRSD-PoD-1/P/CIR/2023/37 dated March 16, 2023.'.","26-May-2023 21:12:23","2023-05-26 21:12:23","26-May-2023 21:12:29","00:00:06","https://nsearchives.nseindia.com/corporate/TCS_26052023211224_SELetter_signed.pdf"
"TCS","Tata Consultancy Services Limited","Press Release","Tata Consultancy Services Limited has informed the Exchange regarding a press release dated May 25, 2023, titled ""TCS Positioned as a Leader in Intelligent Process Automation by Everest Group"".","25-May-2023 15:53:48","2023-05-25 15:53:48","25-May-2023 15:53:54","00:00:06","https://nsearchives.nseindia.com/corporate/TCS_25052023155348_PR_25May23_final.pdf"
"TCS","Tata Consultancy Services Limited","Press Release","Tata Consultancy Services Limited has informed the Exchange regarding a press release dated May 24, 2023, titled ""TCS Positioned as a Market Leader in Digital Engineering by HFS Research"".","24-May-2023 15:53:52","2023-05-24 15:53:52","24-May-2023 15:53:56","00:00:04","https://nsearchives.nseindia.com/corporate/TCS_24052023155352_PR_24May23_final.pdf"
"TCS","Tata Consultancy Services Limited","Press Release","Tata Consultancy Services Limited has informed the Exchange regarding a press release dated May 23, 2023, titled ""Zurich DIFC Transforms its Business Operations with TCS BaNCS  "".","23-May-2023 10:51:34","2023-05-23 10:51:34","23-May-2023 10:51:37","00:00:03","https://nsearchives.nseindia.com/corporate/TCS_23052023105134_PR_23May23_1_final.pdf"
"TCS","Tata Consultancy Services Limited","Press Release","Tata Consultancy Services Limited has informed the Exchange regarding a press release dated May 23, 2023, titled ""Jaguar Land Rover Partners with TCS to Launch its Open Innovation Programme in Israel to Co-Create Mobility Solutions with Start Ups"".","23-May-2023 09:53:04","2023-05-23 09:53:04","23-May-2023 09:53:09","00:00:05","https://nsearchives.nseindia.com/corporate/TCS_23052023095304_PR_23May23_final.pdf"
"TCS","Tata Consultancy Services Limited","Press Release","Tata Consultancy Services Limited has informed the Exchange regarding a press release dated May 22, 2023, titled ""TCS Recognized as a Leader in the IDC MarketScapes for Worldwide Manufacturing Intelligence Transformation and Strategic Consulting"".","22-May-2023 16:10:13","2023-05-22 16:10:13","22-May-2023 16:10:16","00:00:03","https://nsearchives.nseindia.com/corporate/TCS_22052023161013_PR_22May23_4_final.pdf"
"TCS","Tata Consultancy Services Limited","Press Release","Tata Consultancy Services Limited has informed the Exchange regarding a press release dated May 22, 2023, titled ""TCS Announces Generative AI Partnership with Google Cloud and New Offering for Enterprise Customers"".","22-May-2023 14:00:16","2023-05-22 14:00:16","22-May-2023 14:00:25","00:00:09","https://nsearchives.nseindia.com/corporate/TCS_22052023140016_PR_22May23_3_final.pdf"
"TCS","Tata Consultancy Services Limited","Press Release","Tata Consultancy Services Limited has informed the Exchange regarding a press release dated May 22, 2023, titled ""TCS Lays Foundation for Versuni to Become a Digital-First, Insights-led Company "".","22-May-2023 11:11:30","2023-05-22 11:11:30","22-May-2023 11:11:34","00:00:04","https://nsearchives.nseindia.com/corporate/TCS_22052023111130_PR_22May23_2_final.pdf"
"TCS","Tata Consultancy Services Limited","Updates","Tata Consultancy Services Limited has informed the Exchange regarding 'Intimation under Regulation 30 of the SEBI (Listing Obligations and Disclosure Requirements) Regulations, 2015'.","22-May-2023 09:02:36","2023-05-22 09:02:36","22-May-2023 09:02:39","00:00:03","https://nsearchives.nseindia.com/corporate/TCS_22052023090236_PR_22May23_1.pdf"
"TCS","Tata Consultancy Services Limited","Loss of Share Certificates","Tata Consultancy Services Limited has informed the Exchange about Loss of Share Certificates","19-May-2023 19:51:20","2023-05-19 19:51:20","19-May-2023 19:51:28","00:00:08","https://nsearchives.nseindia.com/corporate/TCS_19052023195120_LossInt19052023.pdf"
"TCS","Tata Consultancy Services Limited","Loss of Share Certificates","Tata Consultancy Services Limited has informed the Exchange about Loss of Share Certificates","19-May-2023 19:48:47","2023-05-19 19:48:47","19-May-2023 19:48:51","00:00:04","https://nsearchives.nseindia.com/corporate/TCS_19052023194847_SELOSSINT190523.pdf"
"TCS","Tata Consultancy Services Limited","Press Release","Tata Consultancy Services Limited has informed the Exchange regarding a press release dated May 18, 2023, titled ""TCS Positioned as a Leader in Advanced Analytics and Insights  Services by Everest Group "".","18-May-2023 16:42:11","2023-05-18 16:42:11","18-May-2023 16:42:25","00:00:14","https://nsearchives.nseindia.com/corporate/TCS_18052023164211_PR_18May23_signed.pdf"
"TCS","Tata Consultancy Services Limited","Press Release","Tata Consultancy Services Limited has informed the Exchange regarding a press release dated May 17, 2023, titled ""TCS Named a Leader in IDC MarketScape for Life Sciences Sales and Marketing Strategic Consulting Services "".","17-May-2023 16:02:28","2023-05-17 16:02:28","17-May-2023 16:02:38","00:00:10","https://nsearchives.nseindia.com/corporate/TCS_17052023160228_PR_17May23_signed.pdf"
"TCS","Tata Consultancy Services Limited","Press Release","Tata Consultancy Services Limited has informed the Exchange regarding a press release dated May 16, 2023, titled ""TCS New York City Marathon App Wins Leading International Award for New Second Screen Video Feature"".","16-May-2023 16:02:51","2023-05-16 16:02:51","16-May-2023 16:02:55","00:00:04","https://nsearchives.nseindia.com/corporate/TCS_16052023160251_PR_16May23_signed.pdf"
"TCS","Tata Consultancy Services Limited","Press Release","Tata Consultancy Services Limited has informed the Exchange regarding a press release dated May 12, 2023, titled ""TCS UK Ranked #1 in Customer Satisfaction for the Eighth Year"".","12-May-2023 11:00:56","2023-05-12 11:00:56","12-May-2023 11:00:59","00:00:03","https://nsearchives.nseindia.com/corporate/TCS_12052023110056_PR_12May23_signed.pdf"
"TCS","Tata Consultancy Services Limited","Loss of Share Certificates","Tata Consultancy Services Limited has informed the Exchange about Loss of Share Certificates","10-May-2023 19:29:27","2023-05-10 19:29:27","10-May-2023 19:29:32","00:00:05","https://nsearchives.nseindia.com/corporate/TCS_10052023192927_SEintLoss10052023_signed.pdf"
"TCS","Tata Consultancy Services Limited","Press Release","Tata Consultancy Services Limited has informed the Exchange regarding a press release dated May 02, 2023, titled ""TCS Named a Leader in the IDC MarketScape for Intelligent Digital Workplace Services, Asia/Pacific "".","02-May-2023 16:03:41","2023-05-02 16:03:41","02-May-2023 16:03:45","00:00:04","https://nsearchives.nseindia.com/corporate/TCS_02052023160341_PR_2May23_signed.pdf"
"TCS","Tata Consultancy Services Limited","Analysts/Institutional Investor Meet/Con. Call Updates","Tata Consultancy Services Limited has informed the Exchange about Schedule of meet","28-Apr-2023 17:52:18","2023-04-28 17:52:18","28-Apr-2023 17:52:22","00:00:04","https://nsearchives.nseindia.com/corporate/TCS_28042023175219_SEintAnalystmeet28042023.pdf"
"TCS","Tata Consultancy Services Limited","Disclosure under SEBI Takeover Regulations","Tata Son Private Limited��has Submitted to the Exchange a copy of Disclosure under Regulation 31(4) of the Securities and Exchange Board of India��(Substantial Acquisition of Shares and Takeovers) Regulations, 2011.","25-Apr-2023 14:10:47","2023-04-25 14:10:47","25-Apr-2023 14:10:53","00:00:06","https://nsearchives.nseindia.com/corporate/TCS_25042023141047_TCS.pdf"
"TCS","Tata Consultancy Services Limited","Press Release","Tata Consultancy Services Limited has informed the Exchange regarding a press release dated April 25, 2023, titled ""M&S Extends its Partnership with TCS as it Reshapes for Growth and Value Creation"".","25-Apr-2023 10:58:54","2023-04-25 10:58:54","25-Apr-2023 10:58:58","00:00:04","https://nsearchives.nseindia.com/corporate/TCS_25042023105854_PR_25Apr23_signed.pdf"
"TCS","Tata Consultancy Services Limited","Press Release","Tata Consultancy Services Limited has informed the Exchange regarding a press release dated April 20, 2023, titled ""TCS Recognized as a Leader in Capital Markets Operations by Everest Group"".","20-Apr-2023 16:07:55","2023-04-20 16:07:55","20-Apr-2023 16:07:59","00:00:04","https://nsearchives.nseindia.com/corporate/TCS_20042023160755_PR_20Apr23_signed1.pdf"
"TCS","Tata Consultancy Services Limited","Press Release","Tata Consultancy Services Limited has informed the Exchange regarding a press release dated April 20, 2023, titled ""TCS Expands in Israel s Public Sector: Hosts Minister of Economy at Mumbai Campus"".","20-Apr-2023 14:02:12","2023-04-20 14:02:12","20-Apr-2023 14:02:15","00:00:03","https://nsearchives.nseindia.com/corporate/TCS_20042023140212_PR_20Apr23_signed.pdf"
"TCS","Tata Consultancy Services Limited","Copy of Newspaper Publication","Tata Consultancy Services Limited has informed the Exchange about Copy of Newspaper Publication","19-Apr-2023 20:14:37","2023-04-19 20:14:37","19-Apr-2023 20:14:43","00:00:06","https://nsearchives.nseindia.com/corporate/TCS_19042023201437_Stockexchangeletterv2signed.pdf"
"TCS","Tata Consultancy Services Limited","Loss of Share Certificates","Tata Consultancy Services Limited has informed the Exchange about Loss of Share Certificates","18-Apr-2023 18:58:06","2023-04-18 18:58:06","18-Apr-2023 18:58:09","00:00:03","https://nsearchives.nseindia.com/corporate/TCS_18042023185806_SEintLoss18042023_signed.pdf"
"TCS","Tata Consultancy Services Limited","Press Release","Tata Consultancy Services Limited has informed the Exchange regarding a press release dated April 18, 2023, titled ""TCS a Market Leader Among Healthcare Payer Service Providers: HFS Research"".","18-Apr-2023 15:59:50","2023-04-18 15:59:50","18-Apr-2023 15:59:54","00:00:04","https://nsearchives.nseindia.com/corporate/TCS_18042023155950_PR_18Apr23_signed.pdf"
"TCS","Tata Consultancy Services Limited","Copy of Newspaper Publication","Tata Consultancy Services Limited has informed the Exchange about Copy of Newspaper Publication","14-Apr-2023 16:51:34","2023-04-14 16:51:34","14-Apr-2023 16:51:37","00:00:03","https://nsearchives.nseindia.com/corporate/TCS_14042023165134_SENP14042023signed.pdf"
"TCS","Tata Consultancy Services Limited","Analysts/Institutional Investor Meet/Con. Call Updates","Tata Consultancy Services Limited has informed the Exchange about Transcript","13-Apr-2023 19:38:23","2023-04-13 19:38:23","13-Apr-2023 19:38:26","00:00:03","https://nsearchives.nseindia.com/corporate/TCS_13042023193823_SEinttranscript13042023signed.pdf"
"TCS","Tata Consultancy Services Limited","Copy of Newspaper Publication","Tata Consultancy Services Limited has informed the Exchange about Copy of Newspaper Publication","13-Apr-2023 19:07:45","2023-04-13 19:07:45","13-Apr-2023 19:07:49","00:00:04","https://nsearchives.nseindia.com/corporate/TCS_13042023190746_SEDividendAdvertisementsigned.pdf"
"TCS","Tata Consultancy Services Limited","Related Party Transactions","Tata Consultancy Services Limited has informed the Exchange about related Party Transactions","12-Apr-2023 23:58:43","2023-04-12 23:58:43","12-Apr-2023 23:58:46","00:00:03","https://nsearchives.nseindia.com/corporate/TCS_12042023235843_SEIntRPT12042023signedFinal.pdf"
"TCS","Tata Consultancy Services Limited","Analysts/Institutional Investor Meet/Con. Call Updates","Tata Consultancy Services Limited has informed the Exchange about Link of Recording","12-Apr-2023 23:11:52","2023-04-12 23:11:52","12-Apr-2023 23:11:54","00:00:02","https://nsearchives.nseindia.com/corporate/TCS_12042023231152_SEintimation12042023signed.pdf"
"TCS","Tata Consultancy Services Limited","Change in Directors/ Key Managerial Personnel/ Auditor/ Compliance Officer/ Share Transfer Agent","Pursuant to Regulation 30 of SEBI (Listing Obligations and Disclosure Requirements) Regulations, 2015, we wish to inform that the Board of Directors of the Company have, at its meeting held today, appointed Mr. K. Krithivasan as the Chief Executive Officer and Managing Director of the Company to take over from Mr. Rajesh Gopinathan with effect from June 1, 2023, subject to approval of the shareholders. The term of his appointment is for a period of 5 years.","12-Apr-2023 17:35:41","2023-04-12 17:35:41","12-Apr-2023 17:35:48","00:00:07","https://nsearchives.nseindia.com/corporate/TCS_12042023173541_SEPressReleasesigned.pdf"
"TCS","Tata Consultancy Services Limited","Press Release","Tata Consultancy Services Limited has informed the Exchange regarding a press release dated April 12, 2023, titled ""TCS Reports Resilient Demand with Strong Order Book and 13.7% CC Growth in FY 23"".","12-Apr-2023 17:33:38","2023-04-12 17:33:38","12-Apr-2023 17:33:40","00:00:02","https://nsearchives.nseindia.com/corporate/TCS_12042023173338_SEPressReleasesigned.pdf"
"TCS","Tata Consultancy Services Limited","Dividend","Tata Consultancy Services Limited has informed the Exchange that Board of Directors at its meeting held on April 12, 2023, recommended Final Dividend of Rs. 24 per equity share.","12-Apr-2023 17:22:22","2023-04-12 17:22:22","12-Apr-2023 17:22:26","00:00:04","https://nsearchives.nseindia.com/corporate/TCS_12042023172222_BMFinancialresultssignedprint.pdf"
"TCS","Tata Consultancy Services Limited","Outcome of Board Meeting","Tata Consultancy Services Limited has informed the Exchange regarding  Board meeting held on April 12, 2023.","12-Apr-2023 17:20:00","2023-04-12 17:20:00","12-Apr-2023 17:20:12","00:00:12","https://nsearchives.nseindia.com/corporate/TCS_12042023172000_BMFinancialresultssignedprint.pdf"
"TCS","Tata Consultancy Services Limited","Financial Result Updates","Tata Consultancy Services Limited has submitted to the Exchange, the financial results for the period ended March 31, 2023.","12-Apr-2023 17:17:07","2023-04-12 17:17:07","12-Apr-2023 17:17:11","00:00:04","https://nsearchives.nseindia.com/corporate/BMFinancialresultssignedprint_12042023171707.pdf"
"TCS","Tata Consultancy Services Limited","Loss of Share Certificates","Tata Consultancy Services Limited has informed the Exchange about Loss of Share Certificates","11-Apr-2023 19:52:26","2023-04-11 19:52:26","11-Apr-2023 19:52:33","00:00:07","https://nsearchives.nseindia.com/corporate/TCS_11042023195226_SEintDu11042023_signed.pdf"
"TCS","Tata Consultancy Services Limited","Press Release","Tata Consultancy Services Limited has informed the Exchange regarding a press release dated April 06, 2023, titled ""TCS Recognized as a Leader in Gartner�� Magic Quadrant  For Global Outsourced Digital Workplace Services"".","06-Apr-2023 16:16:44","2023-04-06 16:16:44","06-Apr-2023 16:16:52","00:00:08","https://nsearchives.nseindia.com/corporate/TCS_06042023161644_PR_6Apr23_signed.pdf"
"TCS","Tata Consultancy Services Limited","Press Release","Tata Consultancy Services Limited has informed the Exchange regarding a press release dated April 03, 2023, titled ""Bane NOR Selects TCS to Strengthen Identity and Access Management Across its Digital Landscape "".","03-Apr-2023 11:40:38","2023-04-03 11:40:38","03-Apr-2023 11:40:46","00:00:08","https://nsearchives.nseindia.com/corporate/TCS_03042023114038_PR_03Apr23_signed.pdf"
"TCS","Tata Consultancy Services Limited","Analysts/Institutional Investor Meet/Con. Call Updates","Tata Consultancy Services Limited has informed the Exchange about Schedule of meet","31-Mar-2023 20:43:56","2023-03-31 20:43:56","31-Mar-2023 20:44:01","00:00:05","https://nsearchives.nseindia.com/corporate/TCS_31032023204356_SEintAnalystmeet31032023signed.pdf"
"TCS","Tata Consultancy Services Limited","Loss of Share Certificates","Tata Consultancy Services Limited has informed the Exchange about Loss of Share Certificates","31-Mar-2023 20:35:28","2023-03-31 20:35:28","31-Mar-2023 20:35:31","00:00:03","https://nsearchives.nseindia.com/corporate/TCS_31032023203528_SEintDu31032023signed.pdf"
"TCS","Tata Consultancy Services Limited","Copy of Newspaper Publication","Tata Consultancy Services Limited has informed the Exchange about Copy of Newspaper Publication","31-Mar-2023 20:15:39","2023-03-31 20:15:39","31-Mar-2023 20:15:43","00:00:04","https://nsearchives.nseindia.com/corporate/TCS_31032023201539_Stockexchangeletterv1signed2.pdf"
"TCS","Tata Consultancy Services Limited","Press Release","Tata Consultancy Services Limited has informed the Exchange regarding a press release dated March 31, 2023, titled ""TCS Ranked Number One for Customer Satisfaction in the Nordics"".","31-Mar-2023 11:23:39","2023-03-31 11:23:39","31-Mar-2023 11:23:45","00:00:06","https://nsearchives.nseindia.com/corporate/TCS_31032023112338_PR_31Mar23_signed.pdf"
"TCS","Tata Consultancy Services Limited","Press Release","Tata Consultancy Services Limited has informed the Exchange regarding a press release dated March 30, 2023, titled ""TCS Named a Leader in Cognitive and Self-Healing IT Infrastructure Management Services by NelsonHall"".","30-Mar-2023 11:06:33","2023-03-30 11:06:33","30-Mar-2023 11:06:38","00:00:05","https://nsearchives.nseindia.com/corporate/TCS_30032023110633_PR_30Mar23_signed.pdf"
"TCS","Tata Consultancy Services Limited","Loss of Share Certificates","Tata Consultancy Services Limited has informed the Exchange about Loss of Share Certificates","28-Mar-2023 18:16:22","2023-03-28 18:16:22","28-Mar-2023 18:16:26","00:00:04","https://nsearchives.nseindia.com/corporate/TCS_28032023181622_SEintLoss28032023_signed.pdf"
"TCS","Tata Consultancy Services Limited","Press Release","Tata Consultancy Services Limited has informed the Exchange regarding a press release dated March 28, 2023, titled ""TCS Positioned as a Leader in Software Product Engineering Services by Everest Group"".","28-Mar-2023 16:00:28","2023-03-28 16:00:28","28-Mar-2023 16:00:43","00:00:15","https://nsearchives.nseindia.com/corporate/TCS_28032023160028_PR_28Mar23_signed.pdf"
"TCS","Tata Consultancy Services Limited","Press Release","Tata Consultancy Services Limited has informed the Exchange regarding a press release dated March 27, 2023, titled ""A Decade at the Top: TCS Ranked #1 in Customer Satisfaction by European CXOs for the Tenth Consecutive Year"".","27-Mar-2023 16:01:35","2023-03-27 16:01:35","27-Mar-2023 16:01:38","00:00:03","https://nsearchives.nseindia.com/corporate/TCS_27032023160135_PR_27Mar23_signed.pdf"
"TCS","Tata Consultancy Services Limited","Change in Director(s)","Tata Consultancy Services Limited has informed the Exchange regarding Change in Director(s) of the company.","16-Mar-2023 19:49:37","2023-03-16 19:49:37","16-Mar-2023 19:49:41","00:00:04","https://nsearchives.nseindia.com/corporate/TCS_16032023194937_SEIntimationF.pdf"
"TCS","Tata Consultancy Services Limited","Press Release","Tata Consultancy Services Limited has informed the Exchange regarding a press release dated March 15, 2023, titled ""Envestnet Data and Analytics Selects TCS to Accelerate its Digital Transformation Journey"".","15-Mar-2023 11:01:54","2023-03-15 11:01:54","15-Mar-2023 11:01:58","00:00:04","https://nsearchives.nseindia.com/corporate/TCS_15032023110154_PR_15Mar23_signed.pdf"
"TCS","Tata Consultancy Services Limited","Press Release","Tata Consultancy Services Limited has informed the Exchange regarding a press release dated March 14, 2023, titled ""TCS Launches 5G-Enabled Cognitive Plant Operations Adviser to Help Transform Plant Operations"".","14-Mar-2023 11:03:32","2023-03-14 11:03:32","14-Mar-2023 11:03:44","00:00:12","https://nsearchives.nseindia.com/corporate/TCS_14032023110332_PR_14Mar23_signed.pdf"
"TCS","Tata Consultancy Services Limited","Press Release","Tata Consultancy Services Limited has informed the Exchange regarding a press release dated March 13, 2023, titled ""TCS Debuts on Forbes List of America s Best Large Employers"".","13-Mar-2023 11:34:46","2023-03-13 11:34:46","13-Mar-2023 11:35:12","00:00:26","https://nsearchives.nseindia.com/corporate/TCS_13032023113446_PR_13Mar23_signed.pdf"
"TCS","Tata Consultancy Services Limited","Loss of Share Certificates","Tata Consultancy Services Limited has informed the Exchange about Loss of Share Certificates","09-Mar-2023 20:05:05","2023-03-09 20:05:05","09-Mar-2023 20:05:10","00:00:05","https://nsearchives.nseindia.com/corporate/TCS_09032023200505_SEintDu09032023_signed.pdf"
"TCS","Tata Consultancy Services Limited","Loss of Share Certificates","Tata Consultancy Services Limited has informed the Exchange about Loss of Share Certificates","06-Mar-2023 20:10:20","2023-03-06 20:10:20","06-Mar-2023 20:10:23","00:00:03","https://nsearchives.nseindia.com/corporate/TCS_06032023201020_SEintDu06032023signed.pdf"
"TCS","Tata Consultancy Services Limited","Press Release","Tata Consultancy Services Limited has informed the Exchange regarding a press release dated March 06, 2023, titled ""TCS Named a Top Employer in the UAE, Saudi Arabia and South Africa "".","06-Mar-2023 11:01:38","2023-03-06 11:01:38","06-Mar-2023 11:01:47","00:00:09","https://nsearchives.nseindia.com/corporate/TCS_06032023110138_PR_6Mar23_signed.pdf"
"TCS","Tata Consultancy Services Limited","Analysts/Institutional Investor Meet/Con. Call Updates","Tata Consultancy Services Limited has informed the Exchange about Schedule of meet","28-Feb-2023 20:06:56","2023-02-28 20:06:56","28-Feb-2023 20:06:59","00:00:03","https://nsearchives.nseindia.com/corporate/TCS_28022023200656_SEintAnalystmeet28022023signed.pdf"
"TCS","Tata Consultancy Services Limited","Press Release","Tata Consultancy Services Limited has informed the Exchange regarding a press release dated February 27, 2023, titled ""TCS Positioned as a Leader in Procurement Outsourcing by Everest Group"".","27-Feb-2023 16:01:14","2023-02-27 16:01:14","27-Feb-2023 16:01:19","00:00:05","https://nsearchives.nseindia.com/corporate/TCS_27022023160114_PR_27Feb23_signed.pdf"
"TCS","Tata Consultancy Services Limited","Loss of Share Certificates","Tata Consultancy Services Limited has informed the Exchange about Loss of Share Certificates","24-Feb-2023 17:15:47","2023-02-24 17:15:47","24-Feb-2023 17:15:51","00:00:04","https://nsearchives.nseindia.com/corporate/TCS_24022023171547_SEintLoss24022023.pdf"
"TCS","Tata Consultancy Services Limited","Press Release","Tata Consultancy Services Limited has informed the Exchange regarding a press release dated February 24, 2023, titled ""TCS a Leader in Open Finance IT Services: Everest Group"".","24-Feb-2023 16:05:30","2023-02-24 16:05:30","24-Feb-2023 16:05:33","00:00:03","https://nsearchives.nseindia.com/corporate/TCS_24022023160530_PR_24Feb23_signed.pdf"
"TCS","Tata Consultancy Services Limited","Press Release","Tata Consultancy Services Limited has informed the Exchange regarding a press release dated February 20, 2023, titled ""TCS Positioned as a Leader in IDC MarketScape for Worldwide Manufacturing PLM System Integrator and BPO Services "".","20-Feb-2023 16:31:20","2023-02-20 16:31:20","20-Feb-2023 16:31:22","00:00:02","https://nsearchives.nseindia.com/corporate/TCS_20022023163120_PR_20Feb23_1_signed.pdf"
"TCS","Tata Consultancy Services Limited","Press Release","Tata Consultancy Services Limited has informed the Exchange regarding a press release dated February 20, 2023, titled ""Telef��nica Germany Selects TCS as Transformation Partner to Build Future-Ready Operations Support Systems"".","20-Feb-2023 11:00:10","2023-02-20 11:00:10","20-Feb-2023 11:00:19","00:00:09","https://nsearchives.nseindia.com/corporate/TCS_20022023110010_PR_20Feb23_signed.pdf"
"TCS","Tata Consultancy Services Limited","Loss of Share Certificates","Tata Consultancy Services Limited has informed the Exchange about Loss of Share Certificates","17-Feb-2023 19:46:50","2023-02-17 19:46:50","17-Feb-2023 19:46:54","00:00:04","https://nsearchives.nseindia.com/corporate/TCS_17022023194650_SEintLoss17022023.pdf"
"TCS","Tata Consultancy Services Limited","Press Release","Tata Consultancy Services Limited has informed the Exchange regarding a press release dated February 16, 2023, titled ""TCS Named a Leader and Star Performer in Guidewire Services by Everest Group"".","16-Feb-2023 16:03:08","2023-02-16 16:03:08","16-Feb-2023 16:03:13","00:00:05","https://nsearchives.nseindia.com/corporate/TCS_16022023160308_PR_16Feb23_signed.pdf"
"TCS","Tata Consultancy Services Limited","Press Release","Tata Consultancy Services Limited has informed the Exchange regarding a press release dated February 15, 2023, titled ""TCS Named a Leader in IDC MarketScapes for Worldwide Manufacturing Service Life-Cycle Management Strategic Consulting and Systems Integrators/BPO"".","15-Feb-2023 15:59:26","2023-02-15 15:59:26","15-Feb-2023 15:59:29","00:00:03","https://nsearchives.nseindia.com/corporate/TCS_15022023155926_PR_15Feb23_signed.pdf"
"TCS","Tata Consultancy Services Limited","Press Release","Tata Consultancy Services Limited has informed the Exchange regarding a press release dated February 14, 2023, titled ""TCS Recognized as a Leader in Risk and Compliance in BFS by Everest Group"".","14-Feb-2023 16:11:23","2023-02-14 16:11:23","14-Feb-2023 16:11:28","00:00:05","https://nsearchives.nseindia.com/corporate/TCS_14022023161123_PR14FebFinal.pdf"
"TCS","Tata Consultancy Services Limited","Shareholders meeting","Tata Consultancy Services Limited has informed the Exchange regarding Proceedings of Postal Ballot. Further, the company has submitted the Exchange a copy of Srutinizers report along with voting results.","13-Feb-2023 19:04:27","2023-02-13 19:04:27","13-Feb-2023 19:04:31","00:00:04","https://nsearchives.nseindia.com/corporate/TCS_13022023190427_SELettervotingresultsfinal.pdf"
"TCS","Tata Consultancy Services Limited","Press Release","Tata Consultancy Services Limited has informed the Exchange regarding a press release dated February 13, 2023, titled ""TCS Recognized as a Leader in IDC MarketScape for Worldwide Manufacturing PLM Strategic Consulting Services "".","13-Feb-2023 16:05:14","2023-02-13 16:05:14","13-Feb-2023 16:05:20","00:00:06","https://nsearchives.nseindia.com/corporate/TCS_13022023160514_PR_13Feb23_4pm_signed.pdf"
"TCS","Tata Consultancy Services Limited","Press Release","Tata Consultancy Services Limited has informed the Exchange regarding a press release dated February 13, 2023, titled ""Keysight Selects TCS to Architect a Business-Centric IT Operating Model for Improved Resilience and Agility"".","13-Feb-2023 11:00:32","2023-02-13 11:00:32","13-Feb-2023 11:00:39","00:00:07","https://nsearchives.nseindia.com/corporate/TCS_13022023110032_PR_13Feb23_signed.pdf"
"TCS","Tata Consultancy Services Limited","Press Release","Tata Consultancy Services Limited has informed the Exchange regarding a press release dated February 09, 2023, titled ""TCS Recognized as a Leader in Managed Detection and Response Services by Everest Group"".","09-Feb-2023 16:00:41","2023-02-09 16:00:41","09-Feb-2023 16:00:45","00:00:04","https://nsearchives.nseindia.com/corporate/TCS_09022023160041_PR_9Feb23_signed.pdf"
"TCS","Tata Consultancy Services Limited","Loss of Share Certificates","Tata Consultancy Services Limited has informed the Exchange about Loss of Share Certificates","08-Feb-2023 17:17:33","2023-02-08 17:17:33","08-Feb-2023 17:17:38","00:00:05","https://nsearchives.nseindia.com/corporate/TCS_08022023171733_SEintLoss08022023_signed.pdf"
"TCS","Tata Consultancy Services Limited","Press Release","Tata Consultancy Services Limited has informed the Exchange regarding a press release dated February 08, 2023, titled ""TCS Recognized as a Leader in Gartner�� Magic Quadrant  for Custom Software Development Services "".","08-Feb-2023 15:59:05","2023-02-08 15:59:05","08-Feb-2023 15:59:08","00:00:03","https://nsearchives.nseindia.com/corporate/TCS_08022023155905_PR_8Feb23_4pm_signed.pdf"
"TCS","Tata Consultancy Services Limited","Press Release","Tata Consultancy Services Limited has informed the Exchange regarding a press release dated February 08, 2023, titled ""Phoenix Group Expands Strategic Partnership with TCS to Transform Customer Experience"".","08-Feb-2023 09:00:02","2023-02-08 09:00:02","08-Feb-2023 09:00:08","00:00:06","https://nsearchives.nseindia.com/corporate/TCS_08022023090002_PR_8Feb23_signed.pdf"
"TCS","Tata Consultancy Services Limited","Press Release","Tata Consultancy Services Limited has informed the Exchange regarding a press release dated February 06, 2023, titled ""TCS Named a Leader in Application and Digital Services in Life & Annuity Insurance by Everest Group"".","06-Feb-2023 15:54:46","2023-02-06 15:54:46","06-Feb-2023 15:54:49","00:00:03","https://nsearchives.nseindia.com/corporate/TCS_06022023155446_PR_6Feb23_signed.pdf"
"TCS","Tata Consultancy Services Limited","Press Release","Tata Consultancy Services Limited has informed the Exchange regarding a press release dated February 03, 2023, titled ""TCS Named to World s Most Admired Companies List by FORTUNE�� Magazine "".","03-Feb-2023 18:33:35","2023-02-03 18:33:35","03-Feb-2023 18:33:40","00:00:05","https://nsearchives.nseindia.com/corporate/TCS_03022023183335_PR_3Feb23_signed.pdf"
"TCS","Tata Consultancy Services Limited","Loss of Share Certificates","Tata Consultancy Services Limited has informed the Exchange about Loss of Share Certificates","03-Feb-2023 18:01:06","2023-02-03 18:01:06","03-Feb-2023 18:01:12","00:00:06","https://nsearchives.nseindia.com/corporate/TCS_03022023180106_SEintLoss03022023_signed.pdf"
"TCS","Tata Consultancy Services Limited","Analysts/Institutional Investor Meet/Con. Call Updates","Tata Consultancy Services Limited has informed the Exchange about Schedule of meet","03-Feb-2023 17:54:28","2023-02-03 17:54:28","03-Feb-2023 17:54:32","00:00:04","https://nsearchives.nseindia.com/corporate/TCS_03022023175428_SEintAnalystmeet03022023.pdf"
"TCS","Tata Consultancy Services Limited","Press Release","Tata Consultancy Services Limited has informed the Exchange regarding a press release dated February 02, 2023, titled ""TCS Positioned as a Leader in IDC MarketScape for GCC Business and Industrial IoT Services"".","02-Feb-2023 18:19:32","2023-02-02 18:19:32","02-Feb-2023 18:19:35","00:00:03","https://nsearchives.nseindia.com/corporate/TCS_02022023181932_PR_2Feb23_signed.pdf"
"TCS","Tata Consultancy Services Limited","Press Release","Tata Consultancy Services Limited has informed the Exchange regarding a press release dated February 01, 2023, titled ""TCS and Virgin Media O2 Win the GSA Professional Award 2022"".","01-Feb-2023 15:58:23","2023-02-01 15:58:23","01-Feb-2023 15:58:27","00:00:04","https://nsearchives.nseindia.com/corporate/TCS_01022023155823_PR_1Feb23_4pm_finalsigned.pdf"
"TCS","Tata Consultancy Services Limited","Press Release","Tata Consultancy Services Limited has informed the Exchange regarding a press release dated February 01, 2023, titled ""TCS Launches Clever Energy  Solution on Google Cloud to Help Organizations Achieve their Net Zero Goals"".","01-Feb-2023 12:56:42","2023-02-01 12:56:42","01-Feb-2023 12:56:57","00:00:15","https://nsearchives.nseindia.com/corporate/TCS_01022023125642_PR_1Feb23_finalsigned.pdf"
"TCS","Tata Consultancy Services Limited","Press Release","Tata Consultancy Services Limited has informed the Exchange regarding a press release dated January 31, 2023, titled ""TCS a Leader in Application and Digital Services in P&C Insurance: Everest Group"".","31-Jan-2023 16:02:21","2023-01-31 16:02:21","31-Jan-2023 16:02:23","00:00:02","https://nsearchives.nseindia.com/corporate/TCS_31012023160221_PR_31Jan23_sign1.pdf"
"TCS","Tata Consultancy Services Limited","Press Release","Tata Consultancy Services Limited has informed the Exchange regarding a press release dated January 30, 2023, titled ""German CxOs Rank TCS #1 in Customer Satisfaction in Independent Survey"".","30-Jan-2023 15:57:15","2023-01-30 15:57:15","30-Jan-2023 15:57:19","00:00:04","https://nsearchives.nseindia.com/corporate/TCS_30012023155715_PR_30Jan23_final_signed.pdf"
"TCS","Tata Consultancy Services Limited","Loss of Share Certificates","Tata Consultancy Services Limited has informed the Exchange about Loss of Share Certificates","27-Jan-2023 18:53:03","2023-01-27 18:53:03","27-Jan-2023 18:53:07","00:00:04","https://nsearchives.nseindia.com/corporate/TCS_27012023185303_SEintLoss27012023.pdf"
"TCS","Tata Consultancy Services Limited","Press Release","Tata Consultancy Services Limited has informed the Exchange regarding a press release dated January 25, 2023, titled ""TCS Recognized as a Leader in Digital Workplace Services in Europe by Everest Group"".","25-Jan-2023 15:59:37","2023-01-25 15:59:37","25-Jan-2023 15:59:46","00:00:09","https://nsearchives.nseindia.com/corporate/TCS_25012023155937_PR_25Jan23_signed.pdf"
"TCS","Tata Consultancy Services Limited","Press Release","Tata Consultancy Services Limited has informed the Exchange regarding a press release dated January 24, 2023, titled ""TCS Positioned as a Leader and Star Performer in Finance and Accounting Outsourcing by Everest Group"".","24-Jan-2023 15:56:53","2023-01-24 15:56:53","24-Jan-2023 15:57:01","00:00:08","https://nsearchives.nseindia.com/corporate/TCS_24012023155653_PR_24Jan23_signed.pdf"
"TCS","Tata Consultancy Services Limited","Press Release","Tata Consultancy Services Limited has informed the Exchange regarding a press release dated January 23, 2023, titled ""TCS France Ranks #1 in Customer Satisfaction in Independent Survey"".","23-Jan-2023 16:00:52","2023-01-23 16:00:52","23-Jan-2023 16:00:56","00:00:04","https://nsearchives.nseindia.com/corporate/TCS_23012023160052_PR_23Jan23_4pm_signed.pdf"
"TCS","Tata Consultancy Services Limited","Press Release","Tata Consultancy Services Limited has informed the Exchange regarding a press release dated January 23, 2023, titled ""TCS BaNCS Helps Bitcoin Suisse AG Transform its Core Business"".","23-Jan-2023 11:02:54","2023-01-23 11:02:54","23-Jan-2023 11:02:58","00:00:04","https://nsearchives.nseindia.com/corporate/TCS_23012023110254_PR_23Jan23_signed.pdf"
"TCS","Tata Consultancy Services Limited","Press Release","Tata Consultancy Services Limited has informed the Exchange regarding a press release dated January 19, 2023, titled ""Bombardier Selects TCS as Key Strategic IT Partner  "".","19-Jan-2023 16:50:58","2023-01-19 16:50:58","19-Jan-2023 16:51:04","00:00:06","https://nsearchives.nseindia.com/corporate/TCS_19012023165058_PR19Jan.pdf"
"TCS","Tata Consultancy Services Limited","Press Release","Tata Consultancy Services Limited has informed the Exchange regarding a press release dated January 19, 2023, titled ""TCS Named a Leader in Digital Workplace Services in North America by Everest Group"".","19-Jan-2023 16:02:30","2023-01-19 16:02:30","19-Jan-2023 16:02:33","00:00:03","https://nsearchives.nseindia.com/corporate/TCS_19012023160230_PR_19Jan23_4pm_signed.pdf"
"TCS","Tata Consultancy Services Limited","Press Release","Tata Consultancy Services Limited has informed the Exchange regarding a press release dated January 19, 2023, titled ""TCS  New MarTech Software Helps Retailers Hyper-Personalize Customer Experiences and Enhance Loyalty"".","19-Jan-2023 11:02:35","2023-01-19 11:02:35","19-Jan-2023 11:02:44","00:00:09","https://nsearchives.nseindia.com/corporate/TCS_19012023110235_PR_19Jan23_signed.pdf"
"TCS","Tata Consultancy Services Limited","Press Release","Tata Consultancy Services Limited has informed the Exchange regarding a press release dated January 18, 2023, titled ""TCS Europe Listed as a 2023 Top Employer by Top Employers Institute"".","18-Jan-2023 16:20:56","2023-01-18 16:20:56","18-Jan-2023 16:20:59","00:00:03","https://nsearchives.nseindia.com/corporate/TCS_18012023162056_PR_18Jan23_signed.pdf"
"TCS","Tata Consultancy Services Limited","Press Release","Tata Consultancy Services Limited has informed the Exchange regarding a press release dated January 17, 2023, titled ""TCS Named a Leader in Next-Gen Salesforce Services by NelsonHall"".","17-Jan-2023 15:58:18","2023-01-17 15:58:18","17-Jan-2023 15:58:21","00:00:03","https://nsearchives.nseindia.com/corporate/TCS_17012023155818_PR_17Jan23_signed.pdf"
"TCS","Tata Consultancy Services Limited","Press Release","Tata Consultancy Services Limited has informed the Exchange regarding a press release dated January 16, 2023, titled ""TCS BaNCS Named a Leader in Wealth Management by Everest Group "".","16-Jan-2023 15:58:28","2023-01-16 15:58:28","16-Jan-2023 15:58:32","00:00:04","https://nsearchives.nseindia.com/corporate/TCS_16012023155828_PR_16Jan23_4pm_signed.pdf"
"TCS","Tata Consultancy Services Limited","Press Release","Tata Consultancy Services Limited has informed the Exchange regarding a press release dated January 16, 2023, titled ""Scotwest Credit Union Partners with TCS to Improve Customer Retention Using AI-led Personalization  "".","16-Jan-2023 11:05:00","2023-01-16 11:05:00","16-Jan-2023 11:05:08","00:00:08","https://nsearchives.nseindia.com/corporate/TCS_16012023110500_PR_16Jan23_signed.pdf"
"TCS","Tata Consultancy Services Limited","Copy of Newspaper Publication","Tata Consultancy Services Limited has informed the Exchange about Copy of Newspaper Publication","13-Jan-2023 18:06:45","2023-01-13 18:06:45","13-Jan-2023 18:06:51","00:00:06","https://nsearchives.nseindia.com/corporate/TCS_13012023180645_SEletteradvtsigned.pdf"
"TCS","Tata Consultancy Services Limited","Shareholders meeting","Tata Consultancy Services Limited has informed the Exchange regarding Notice of Postal Ballot","12-Jan-2023 22:09:24","2023-01-12 22:09:24","12-Jan-2023 22:09:27","00:00:03","https://nsearchives.nseindia.com/corporate/TCS_12012023220924_SEInt_signed.pdf"
"TCS","Tata Consultancy Services Limited","Analysts/Institutional Investor Meet/Con. Call Updates","Tata Consultancy Services Limited has informed the Exchange about Transcript","11-Jan-2023 21:46:41","2023-01-11 21:46:41","11-Jan-2023 21:46:43","00:00:02","https://nsearchives.nseindia.com/corporate/TCS_11012023214641_SEinttranscript11012023Signed.pdf"
"TCS","Tata Consultancy Services Limited","Copy of Newspaper Publication","Tata Consultancy Services Limited has informed the Exchange about Copy of Newspaper Publication","11-Jan-2023 21:31:44","2023-01-11 21:31:44","11-Jan-2023 21:31:46","00:00:02","https://nsearchives.nseindia.com/corporate/TCS_11012023213144_SEINTNP11012023Signed.pdf"
"TCS","Tata Consultancy Services Limited","Copy of Newspaper Publication","Tata Consultancy Services Limited has informed the Exchange about Copy of Newspaper Publication","10-Jan-2023 19:10:30","2023-01-10 19:10:30","10-Jan-2023 19:10:35","00:00:05","https://nsearchives.nseindia.com/corporate/TCS_10012023191030_SE_covering_letter_DividendAD_Q3_FY23_Signedv1.pdf"
"TCS","Tata Consultancy Services Limited","Updates","Tata Consultancy Services Limited has informed the Exchange regarding 'Audio and video recording of the press conference and audio recording of earnings conference call for the Quarter Ended December 31, 2022'.","09-Jan-2023 23:44:59","2023-01-09 23:44:59","09-Jan-2023 23:45:02","00:00:03","https://nsearchives.nseindia.com/corporate/TCS_09012023234459_SEintimation09012023signed.pdf"
"TCS","Tata Consultancy Services Limited","Updates","This is to inform you that based on the recommendations of the Nomination and Remuneration Committee, the Board of Directors, at its meeting held today, has approved the appointment of Dr Pradeep Kumar Khosla as an Additional Director and re-appointment as a Non-Executive Independent Director for a second consecutive term of 5 years from January 11, 2023 up to January 10, 2028, subject to approval of the Members. Dr Pradeep Kumar Khosla has not been debarred from holding office of Director by virtue of any Order passed by Securities and Exchange Board of India or any other authority. There is no inter-se relationship between Dr. Pradeep Kumar Khosla and any other member of the Board.Brief profile of Dr Pradeep Kumar Khosla is enclosed herewith.","09-Jan-2023 17:52:55","2023-01-09 17:52:55","09-Jan-2023 17:52:59","00:00:04","https://nsearchives.nseindia.com/corporate/TCS_09012023175255_SE_Int.pdf"
"TCS","Tata Consultancy Services Limited","Date of payment of dividend","Tata Consultancy Services Limited has informed the Exchange about Date of payment of dividend","09-Jan-2023 17:26:06","2023-01-09 17:26:06","09-Jan-2023 17:26:10","00:00:04","https://nsearchives.nseindia.com/corporate/TCS_09012023172606_SEINT_final.pdf"
"TCS","Tata Consultancy Services Limited","Dividend","We would like to inform you that at the Board Meeting held today, the Directors have declared a third interim dividend of &#8377;8 and a special dividend of &#8377;67 per Equity Share of &#8377;1 each of the Company.The third interim dividend and the special dividend shall be paid on Friday, February 3, 2023, to the equity shareholders of the Company, whose names appear on the Register of Members of theCompany or in the records of the Depositories as beneficial owners of the shares as on Tuesday, January 17, 2023, which is the Record Date fixed for the purpose.","09-Jan-2023 17:23:40","2023-01-09 17:23:40","09-Jan-2023 17:23:44","00:00:04","https://nsearchives.nseindia.com/corporate/TCS_09012023172340_SEINT_final.pdf"
"TCS","Tata Consultancy Services Limited","Outcome of Board Meeting","Tata Consultancy Services Limited has informed the Exchange regarding  Board meeting held on January 09, 2023.","09-Jan-2023 17:19:07","2023-01-09 17:19:07","09-Jan-2023 17:19:10","00:00:03","https://nsearchives.nseindia.com/corporate/TCS_09012023171907_SEINT_final.pdf"
"TCS","Tata Consultancy Services Limited","Financial Result Updates","Tata Consultancy Services Limited has submitted to the Exchange, the financial results for the period ended December 31, 2022.","09-Jan-2023 17:14:35","2023-01-09 17:14:35","09-Jan-2023 17:14:39","00:00:04","https://nsearchives.nseindia.com/corporate/SEINT_final_09012023171435.pdf"
"TCS","Tata Consultancy Services Limited","Loss of Share Certificates","Tata Consultancy Services Limited has informed the Exchange about Loss of Share Certificates","07-Jan-2023 12:21:58","2023-01-07 12:21:58","07-Jan-2023 12:22:03","00:00:05","https://nsearchives.nseindia.com/corporate/TCS_07012023122158_SEintLoss06012023_signed.pdf"
"TCS","Tata Consultancy Services Limited","Press Release","Tata Consultancy Services Limited has informed the Exchange regarding a press release dated January 05, 2023, titled ""TCS Research Scholar Program Expanded to Reach PhD Aspirants in India s Top 100 Institutes"".","05-Jan-2023 11:12:23","2023-01-05 11:12:23","05-Jan-2023 11:12:27","00:00:04","https://nsearchives.nseindia.com/corporate/TCS_05012023111223_PR_5Jan23_signed.pdf"
"TCS","Tata Consultancy Services Limited","Press Release","Tata Consultancy Services Limited has informed the Exchange regarding a press release dated January 04, 2023, titled ""CTBC Bank Selects TCS BaNCS to Digitally Transform its Banking and Wealth Landscape"".","04-Jan-2023 12:53:57","2023-01-04 12:53:57","04-Jan-2023 12:54:00","00:00:03","https://nsearchives.nseindia.com/corporate/TCS_04012023125357_PR_4Jan23_signed.pdf"