"SYMBOL","COMPANY NAME","SUBJECT","DETAILS","BROADCAST DATE/TIME","RECEIPT","DISSEMINATION","DIFFERENCE","ATTACHMENT"
"HDFCBANK","HDFC Bank Limited","ESOP/ESOS/ESPS","HDFC Bank Limited has informed the Exchange regarding Allotment of 2066610  Shares.","18-Dec-2025 16:09:34","2025-12-18 16:09:34","18-Dec-2025 16:09:35","00:00:01","https://nsearchives.nseindia.com/corporate/HDFCBANK_18122025160703_SELetterESOP18122025.pdf"
"HDFCBANK","HDFC Bank Limited","Copy of Newspaper Publication","HDFC Bank Limited has informed the Exchange about Copy of Newspaper Publication","18-Dec-2025 15:49:34","2025-12-18 15:49:34","18-Dec-2025 15:49:34","00:00:00","https://nsearchives.nseindia.com/corporate/HDFCBANK_18122025154856_SEintimation_Newspaperadv.pdf"
"HDFCBANK","HDFC Bank Limited","General Updates","HDFC Bank Limited has informed the Exchange about General Updates","15-Dec-2025 23:19:39","2025-12-15 23:19:39","15-Dec-2025 23:19:41","00:00:02","https://nsearchives.nseindia.com/corporate/HDFCBANK_15122025231922_Reg30intimation-RBIapproval_investment_in_other_bank.pdf"
"HDFCBANK","HDFC Bank Limited","Change in Management","HDFC Bank Limited has informed the Exchange about change in Management","11-Dec-2025 23:43:24","2025-12-11 23:43:24","11-Dec-2025 23:43:25","00:00:01","https://nsearchives.nseindia.com/corporate/HDFCBANK_11122025234301_SE_Intimation_-_SMP_Appt.pdf"
"HDFCBANK","HDFC Bank Limited","Analysts/Institutional Investor Meet/Con. Call Updates","HDFC Bank Limited has informed the Exchange about Schedule of meet","09-Dec-2025 17:44:15","2025-12-09 17:44:15","09-Dec-2025 17:44:16","00:00:01","https://nsearchives.nseindia.com/corporate/HDFCBANK_09122025174349_SE_Intimation_Analyst_meet_December_9_2025.pdf"
"HDFCBANK","HDFC Bank Limited","General Updates","HDFC Bank Limited has informed the Exchange about ESG Ratings","09-Dec-2025 16:56:09","2025-12-09 16:56:09","09-Dec-2025 16:56:10","00:00:01","https://nsearchives.nseindia.com/corporate/HDFCBANK_09122025165519_SE_Intimation_December_9_2025.pdf"
"HDFCBANK","HDFC Bank Limited","General Updates","HDFC Bank Limited has informed the Exchange about Intimation under Regulation 30 of SEBI (Listing Obligations and Disclosure Requirements) Regulations, 2015 ( SEBI Listing Regulations )","28-Nov-2025 20:49:38","2025-11-28 20:49:38","28-Nov-2025 20:49:39","00:00:01","https://nsearchives.nseindia.com/corporate/HDFCBANK_28112025204843_RBI_Penalty_-_November_28_2025.pdf"
"HDFCBANK","HDFC Bank Limited","News Verification","The Exchange has sought clarification from HDFC Bank Limited with respect to recent news item captioned RBI imposes monetary penalty on HDFC Bank for lapses in KYC, interest rate and outsourcing compliance.  The response from the Company is attached.","28-Nov-2025 20:44:12","2025-11-28 20:44:12","28-Nov-2025 20:44:12","00:00:00","https://nsearchives.nseindia.com/corporate/HDFCBANK_28112025204119_RBI_Penalty_-_November_28_2025.pdf"
"HDFCBANK","HDFC Bank Limited","Appointment","HDFC Bank Limited has informed the Exchange regarding Appointment of Mr Vibhash Naik as Chief Human Resource Officer of the Bank w.e.f. February 01, 2026.","28-Nov-2025 18:55:36","2025-11-28 18:55:36","28-Nov-2025 18:55:37","00:00:01","https://nsearchives.nseindia.com/corporate/HDFCBANK_28112025185240_SEIntimation_App_of_CHRO.pdf"
"HDFCBANK","HDFC Bank Limited","News Verification","The Exchange has sought clarification from HDFC Bank Limited with respect to recent news item captioned RBI imposes monetary penalty on HDFC Bank for lapses in KYC, interest rate and outsourcing compliance.  The response from the Company is awaited.","28-Nov-2025 18:13:23","2025-11-28 18:13:23","28-Nov-2025 18:13:24","00:00:01","-"
"HDFCBANK","HDFC Bank Limited","ESOP/ESOS/ESPS","HDFC Bank Limited has informed the Exchange regarding Allotment of 2732374  Shares.","27-Nov-2025 14:24:12","2025-11-27 14:24:12","27-Nov-2025 14:24:14","00:00:02","https://nsearchives.nseindia.com/corporate/HDFCBANK_27112025141209_SELetterESOP27112025.pdf"
"HDFCBANK","HDFC Bank Limited","Analysts/Institutional Investor Meet/Con. Call Updates","HDFC Bank Limited has informed the Exchange about Schedule of meet","25-Nov-2025 16:03:31","2025-11-25 16:03:31","25-Nov-2025 16:03:32","00:00:01","https://nsearchives.nseindia.com/corporate/HDFCBANK_25112025155515_Analystmeetintimation_25112025.pdf"
"HDFCBANK","HDFC Bank Limited","Copy of Newspaper Publication","HDFC Bank Limited has informed the Exchange about Copy of Newspaper Publication","21-Nov-2025 16:34:33","2025-11-21 16:34:33","21-Nov-2025 16:34:34","00:00:01","https://nsearchives.nseindia.com/corporate/HDFCBANK_21112025163240_SESpecialWindowTransfer21112025.pdf"
"HDFCBANK","HDFC Bank Limited","Credit Rating","HDFC Bank Limited has informed the Exchange about Credit Rating","18-Nov-2025 15:25:21","2025-11-18 15:25:21","18-Nov-2025 15:25:22","00:00:01","https://nsearchives.nseindia.com/corporate/HDFCBANK_18112025152058_Credit_rating_17Nov2025.pdf"
"HDFCBANK","HDFC Bank Limited","ESOP/ESOS/ESPS","HDFC Bank Limited has informed the Exchange regarding Allotment of 3084680  Shares.","14-Nov-2025 16:50:55","2025-11-14 16:50:55","14-Nov-2025 16:50:56","00:00:01","https://nsearchives.nseindia.com/corporate/HDFCBANK_14112025164629_SELetterESOP14092025.pdf"
"HDFCBANK","HDFC Bank Limited","Analysts/Institutional Investor Meet/Con. Call Updates","HDFC Bank Limited has informed the Exchange about Schedule of meet","11-Nov-2025 19:47:35","2025-11-11 19:47:35","11-Nov-2025 19:47:37","00:00:02","https://nsearchives.nseindia.com/corporate/HDFCBANK_11112025194717_Analystmeetintimation11112025.pdf"
"HDFCBANK","HDFC Bank Limited","Analysts/Institutional Investor Meet/Con. Call Updates","HDFC Bank Limited has informed the Exchange about Schedule of meet","06-Nov-2025 18:39:12","2025-11-06 18:39:12","06-Nov-2025 18:39:12","00:00:00","https://nsearchives.nseindia.com/corporate/HDFCBANK_06112025183859_Analystmeetintimation_06112025.pdf"
"HDFCBANK","HDFC Bank Limited","Outcome of Board Meeting","HDFC Bank Limited has informed the Exchange regarding Re-appointment of Mr. Kaizad Bharucha as Deputy Managing Director of HDFC Bank Limited.","30-Oct-2025 11:16:51","2025-10-30 11:16:51","30-Oct-2025 11:16:53","00:00:02","https://nsearchives.nseindia.com/corporate/HDFCBANK_30102025111505_BMOutcome_30Oct2025.pdf"
"HDFCBANK","HDFC Bank Limited","Analysts/Institutional Investor Meet/Con. Call Updates","HDFC Bank Limited has informed the Exchange about Schedule of meet","28-Oct-2025 16:53:41","2025-10-28 16:53:41","28-Oct-2025 16:53:42","00:00:01","https://nsearchives.nseindia.com/corporate/HDFCBANK_28102025165300_Analystmeetintimation_03112025.pdf"
"HDFCBANK","HDFC Bank Limited","ESOP/ESOS/ESPS","HDFC Bank Limited has informed the Exchange regarding Allotment of  12994998  Shares.","28-Oct-2025 15:53:57","2025-10-28 15:53:57","28-Oct-2025 15:53:58","00:00:01","https://nsearchives.nseindia.com/corporate/HDFCBANK_28102025155302_SELetterESOP28102025.pdf"
"HDFCBANK","HDFC Bank Limited","Analysts/Institutional Investor Meet/Con. Call Updates","HDFC Bank Limited has informed the Exchange about Transcript","27-Oct-2025 18:52:24","2025-10-27 18:52:24","27-Oct-2025 18:52:26","00:00:02","https://nsearchives.nseindia.com/corporate/HDFCBANK_27102025185000_Transcript.pdf"
"HDFCBANK","HDFC Bank Limited","Analysts/Institutional Investor Meet/Con. Call Updates","HDFC Bank Limited has informed the Exchange about Link of Recording","18-Oct-2025 22:09:39","2025-10-18 22:09:39","18-Oct-2025 22:09:40","00:00:01","https://nsearchives.nseindia.com/corporate/HDFCBANK_18102025220726_SEintimationRECORDING18Oct2025.pdf"
"HDFCBANK","HDFC Bank Limited","Investor Presentation","HDFC Bank Limited has informed the Exchange about Investor Presentation","18-Oct-2025 15:48:45","2025-10-18 15:48:45","18-Oct-2025 15:48:46","00:00:01","https://nsearchives.nseindia.com/corporate/HDFCBANK_18102025154503_SE_Intimation_earningcall_presentation.pdf"
"HDFCBANK","HDFC Bank Limited","Outcome of Board Meeting","HDFC Bank Limited has submitted to the Exchange, the financial results for the period ended September 30, 2025.","18-Oct-2025 14:08:44","2025-10-18 14:08:44","18-Oct-2025 14:08:45","00:00:01","https://nsearchives.nseindia.com/corporate/HDFCBANK_18102025140719_SEintimationBMFinancialResults18102025.pdf"
"HDFCBANK","HDFC Bank Limited","Certificate under SEBI (Depositories and Participants) Regulations, 2018","HDFC Bank Limited has informed the Exchange about Certificate under SEBI (Depositories and Participants) Regulations, 2018","17-Oct-2025 14:31:51","2025-10-17 14:31:51","17-Oct-2025 14:31:53","00:00:02","https://nsearchives.nseindia.com/corporate/HDFCBANK_17102025143120_Reg74_530sep2025.pdf"
"HDFCBANK","HDFC Bank Limited","Analysts/Institutional Investor Meet/Con. Call Updates","HDFC Bank Limited has informed the Exchange about Schedule of meet","13-Oct-2025 16:08:03","2025-10-13 16:08:03","13-Oct-2025 16:08:04","00:00:01","https://nsearchives.nseindia.com/corporate/HDFCBANK_13102025160557_SEintimationEarningsCall18oct2025.pdf"
"HDFCBANK","HDFC Bank Limited","Updates","HDFC Bank Limited has informed the Exchange regarding 'Intimation of ESG rating'.","10-Oct-2025 23:00:28","2025-10-10 23:00:28","10-Oct-2025 23:00:29","00:00:01","https://nsearchives.nseindia.com/corporate/HDFCBANK_10102025225939_IntimationNSEESG.pdf"
"HDFCBANK","HDFC Bank Limited","Updates","HDFC Bank Limited has informed the Exchange regarding 'Intimation under SEBI (Listing Obligations and Disclosure Requirements) Regulations, 2015'.","04-Oct-2025 09:34:03","2025-10-04 09:34:03","04-Oct-2025 09:34:04","00:00:01","https://nsearchives.nseindia.com/corporate/HDFCBANK_04102025093023_FR_Initial_Disclosure.pdf"
"HDFCBANK","HDFC Bank Limited","Resignation","HDFC Bank Limited has informed the Exchange regarding Resignation of Mr Rahul Shyam Shukla w.e.f. October 01, 2025.","01-Oct-2025 19:29:20","2025-10-01 19:29:20","01-Oct-2025 19:29:21","00:00:01","https://nsearchives.nseindia.com/corporate/HDFCBANK_01102025192350_SE_Intimation-_Rahul_Shyam_Shukla.pdf"
"HDFCBANK","HDFC Bank Limited","Retirement","HDFC Bank Limited has informed the Exchange about Retirement","30-Sep-2025 18:52:38","2025-09-30 18:52:38","30-Sep-2025 18:52:39","00:00:01","https://nsearchives.nseindia.com/corporate/HDFCBANK_30092025185216_SE_Intimation_-_Parag_Rao.pdf"
"HDFCBANK","HDFC Bank Limited","ESOP/ESOS/ESPS","HDFC Bank Limited has informed the Exchange regarding Allotment of 3350606   Shares.","30-Sep-2025 15:54:05","2025-09-30 15:54:05","30-Sep-2025 15:54:06","00:00:01","https://nsearchives.nseindia.com/corporate/HDFCBANK_30092025155149_SELetterESOP30092025.pdf"
"HDFCBANK","HDFC Bank Limited","General Updates","HDFC Bank Limited has informed the Exchange about General Updates","26-Sep-2025 21:33:28","2025-09-26 21:33:28","26-Sep-2025 21:33:29","00:00:01","https://nsearchives.nseindia.com/corporate/HDFCBANK_26092025213257_SE_Intimation-DFSA_final.pdf"
"HDFCBANK","HDFC Bank Limited","Copy of Newspaper Publication","HDFC Bank Limited has informed the Exchange about Copy of Newspaper Publication","23-Sep-2025 16:39:22","2025-09-23 16:39:22","23-Sep-2025 16:39:23","00:00:01","https://nsearchives.nseindia.com/corporate/HDFCBANK_23092025163859_Intimation.pdf"
"HDFCBANK","HDFC Bank Limited","ESOP/ESOS/ESPS","HDFC Bank Limited has informed the Exchange regarding Grant of Options.","18-Sep-2025 22:54:24","2025-09-18 22:54:24","18-Sep-2025 22:54:26","00:00:02","https://nsearchives.nseindia.com/corporate/HDFCBANK_18092025225324_SE_intimation-_ESOP_61_RSU_013_to_016.pdf"
"HDFCBANK","HDFC Bank Limited","ESOP/ESOS/ESPS","HDFC Bank Limited has informed the Exchange regarding Allotment of  6268426  Shares.","16-Sep-2025 17:12:10","2025-09-16 17:12:10","16-Sep-2025 17:12:10","00:00:00","https://nsearchives.nseindia.com/corporate/HDFCBANK_16092025170139_SELetterESOP16092025.pdf"
"HDFCBANK","HDFC Bank Limited","Copy of Newspaper Publication","HDFC Bank Limited has informed the Exchange about Copy of Newspaper Publication","15-Sep-2025 17:31:10","2025-09-15 17:31:10","15-Sep-2025 17:31:12","00:00:02","https://nsearchives.nseindia.com/corporate/HDFCBANK_15092025173053_SE_Dividend_saksham_niveshakmerged.pdf"
"HDFCBANK","HDFC Bank Limited","Analysts/Institutional Investor Meet/Con. Call Updates","HDFC Bank Limited has informed the Exchange about Schedule of meet","11-Sep-2025 17:09:53","2025-09-11 17:09:53","11-Sep-2025 17:09:54","00:00:01","https://nsearchives.nseindia.com/corporate/HDFCBANK_11092025170931_Analyst_meeting.pdf"
"HDFCBANK","HDFC Bank Limited","Analysts/Institutional Investor Meet/Con. Call Updates","HDFC Bank Limited has informed the Exchange about Schedule of meet","09-Sep-2025 16:37:13","2025-09-09 16:37:13","09-Sep-2025 16:37:14","00:00:01","https://nsearchives.nseindia.com/corporate/HDFCBANK_09092025163621_Analystmeetintimation_09092025.pdf"
"HDFCBANK","HDFC Bank Limited","Resignation","HDFC Bank Limited has informed the Exchange regarding Resignation of Mr Sachin Rane as Other of the company w.e.f. September 01, 2025.","01-Sep-2025 17:50:41","2025-09-01 17:50:41","01-Sep-2025 17:50:42","00:00:01","https://nsearchives.nseindia.com/corporate/HDFCBANK_01092025175020_SE_Intimation_-_Sachin_Rane.pdf"
"HDFCBANK","HDFC Bank Limited","Allotment of Securities","HDFC Bank Limited has informed the Exchange regarding allotment of 7677039761 securities pursuant to Bonus  on August 28, 2025","28-Aug-2025 11:33:07","2025-08-28 11:33:07","28-Aug-2025 11:33:08","00:00:01","https://nsearchives.nseindia.com/corporate/HDFCBANK_28082025112521_SE_Disclosure_-_Allotment-_Aug_28_2025.pdf"
"HDFCBANK","HDFC Bank Limited","Analysts/Institutional Investor Meet/Con. Call Updates","HDFC Bank Limited has informed the Exchange about Schedule of meet","26-Aug-2025 15:41:27","2025-08-26 15:41:27","26-Aug-2025 15:41:28","00:00:01","https://nsearchives.nseindia.com/corporate/HDFCBANK_26082025153945_Analystmeetintimation_26082025.pdf"
"HDFCBANK","HDFC Bank Limited","Shareholders meeting","HDFC Bank Limited has submitted the Exchange a copy Srutinizers report of  Postal Ballot. Further, the company has informed the Exchange regarding voting results.","21-Aug-2025 20:43:08","2025-08-21 20:43:08","21-Aug-2025 20:43:10","00:00:02","https://nsearchives.nseindia.com/corporate/HDFCBANK_21082025203800_SE_Intimation_-_PB_Results_-21082025.pdf"
"HDFCBANK","HDFC Bank Limited","Credit Rating- Revision","HDFC Bank Limited has informed the Exchange about Credit Rating- Revision","19-Aug-2025 18:40:38","2025-08-19 18:40:38","19-Aug-2025 18:40:39","00:00:01","https://nsearchives.nseindia.com/corporate/HDFCBANK_19082025183205_SEDisclosureCredit_RatingrevisionSPGlobal.pdf"
"HDFCBANK","HDFC Bank Limited","ESOP/ESOS/ESPS","HDFC Bank Limited has informed the Exchange regarding Allotment of 2102087  Shares.","19-Aug-2025 13:24:47","2025-08-19 13:24:47","19-Aug-2025 13:24:48","00:00:01","https://nsearchives.nseindia.com/corporate/HDFCBANK_19082025131944_SELetterESOP19082025.pdf"
"HDFCBANK","HDFC Bank Limited","General Updates","HDFC Bank Limited has informed the Exchange about update on the issuance of Bonus Shares","13-Aug-2025 18:44:40","2025-08-13 18:44:40","13-Aug-2025 18:44:40","00:00:00","https://nsearchives.nseindia.com/corporate/HDFCBANK_13082025183928_SE_Disclosure_-_RBI_approval_-_13Aug2025.pdf"
"HDFCBANK","HDFC Bank Limited","Analysts/Institutional Investor Meet/Con. Call Updates","HDFC Bank Limited has informed the Exchange about Schedule of meet","13-Aug-2025 14:21:16","2025-08-13 14:21:16","13-Aug-2025 14:21:16","00:00:00","https://nsearchives.nseindia.com/corporate/HDFCBANK_13082025141625_Analystmeetintimation_13082025.pdf"
"HDFCBANK","HDFC Bank Limited","Shareholders meeting","HDFC Bank Limited has informed the Exchange regarding Proceedings of Annual General Meeting held on August 08, 2025. Further, the company has submitted the Exchange a copy of Srutinizers report along with voting results.","08-Aug-2025 20:31:48","2025-08-08 20:31:48","08-Aug-2025 20:31:49","00:00:01","https://nsearchives.nseindia.com/corporate/HDFCBANK_08082025203055_AGMOutcome08082025.pdf"
"HDFCBANK","HDFC Bank Limited","Updates","HDFC Bank Limited has informed the Exchange regarding update on the issuance of Bonus Shares.","01-Aug-2025 17:34:31","2025-08-01 17:34:31","01-Aug-2025 17:34:32","00:00:01","https://nsearchives.nseindia.com/corporate/HDFCBANK_01082025173236_SEDisclosure01Aug2025.pdf"
"HDFCBANK","HDFC Bank Limited","ESOP/ESOS/ESPS","HDFC Bank Limited has informed the Exchange regarding Allotment of 1807481  Shares.","31-Jul-2025 16:10:35","2025-07-31 16:10:35","31-Jul-2025 16:10:36","00:00:01","https://nsearchives.nseindia.com/corporate/HDFCBANK_31072025160753_SELetterESOP31072025.pdf"
"HDFCBANK","HDFC Bank Limited","Analysts/Institutional Investor Meet/Con. Call Updates","HDFC Bank Limited has informed the Exchange about Transcript","25-Jul-2025 21:47:33","2025-07-25 21:47:33","25-Jul-2025 21:47:33","00:00:00","https://nsearchives.nseindia.com/corporate/HDFCBANK_25072025214442_SEintimationTranscriptofearningscall19jul2025Cover.pdf"
"HDFCBANK","HDFC Bank Limited","Copy of Newspaper Publication","HDFC Bank Limited has informed the Exchange about Copy of Newspaper Publication","23-Jul-2025 15:35:40","2025-07-23 15:35:40","23-Jul-2025 15:35:41","00:00:01","https://nsearchives.nseindia.com/corporate/HDFCBANK_23072025153452_SE_23jul2025Dividend_special_window_for_transfer_Adv.pdf"
"HDFCBANK","HDFC Bank Limited","Copy of Newspaper Publication","HDFC Bank Limited has informed the Exchange about Copy of Newspaper Publication","23-Jul-2025 15:32:21","2025-07-23 15:32:21","23-Jul-2025 15:32:22","00:00:01","https://nsearchives.nseindia.com/corporate/HDFCBANK_23072025153141_SE_Intimation_-_Newspaper_advt_PB_notice.pdf"
"HDFCBANK","HDFC Bank Limited","ESOP/ESOS/ESPS","HDFC Bank Limited has informed the Exchange regarding Allotment of 5216547  Shares.","22-Jul-2025 21:04:47","2025-07-22 21:04:47","22-Jul-2025 21:04:49","00:00:02","https://nsearchives.nseindia.com/corporate/HDFCBANK_22072025210430_SELetterESOP22072025.pdf"
"HDFCBANK","HDFC Bank Limited","Shareholders meeting","HDFC Bank Limited has informed the Exchange regarding Notice of Postal Ballot","22-Jul-2025 07:59:12","2025-07-22 07:59:12","22-Jul-2025 07:59:13","00:00:01","https://nsearchives.nseindia.com/corporate/HDFCBANK_22072025075809_FINAL-_SE_Intimation_-_dispatch_of_postal_ballot_notice_-_22jul2025.pdf"
"HDFCBANK","HDFC Bank Limited","Copy of Newspaper Publication","HDFC Bank Limited has informed the Exchange about Copy of Newspaper Publication","21-Jul-2025 15:42:18","2025-07-21 15:42:18","21-Jul-2025 15:42:19","00:00:01","https://nsearchives.nseindia.com/corporate/HDFCBANK_21072025153910_SEintimation_advertisement_21072024.pdf"
"HDFCBANK","HDFC Bank Limited","Analysts/Institutional Investor Meet/Con. Call Updates","HDFC Bank Limited has informed the Exchange about Link of Recording","19-Jul-2025 22:16:06","2025-07-19 22:16:06","19-Jul-2025 22:16:07","00:00:01","https://nsearchives.nseindia.com/corporate/HDFCBANK_19072025221540_Earnings_Call_recording.pdf"
"HDFCBANK","HDFC Bank Limited","Investor Presentation","HDFC Bank Limited has informed the Exchange about Investor Presentation","19-Jul-2025 16:16:42","2025-07-19 16:16:42","19-Jul-2025 16:16:43","00:00:01","https://nsearchives.nseindia.com/corporate/HDFCBANK_19072025161614_SE_Intimation_earningcall_presentation.pdf"
"HDFCBANK","HDFC Bank Limited","Record Date","HDFC Bank Limited has informed the Exchange that Record date for the purpose of Bonus  is 27-Aug-2025.","19-Jul-2025 15:03:08","2025-07-19 15:03:08","19-Jul-2025 15:03:10","00:00:02","https://nsearchives.nseindia.com/corporate/HDFCBANK_19072025150252_SEintimationBMFinancial_Results19jul2025_FINAL.pdf"
"HDFCBANK","HDFC Bank Limited","Record Date","HDFC Bank Limited has informed the Exchange that Record date for the purpose of Dividend  is 25-Jul-2025.","19-Jul-2025 15:01:52","2025-07-19 15:01:52","19-Jul-2025 15:01:53","00:00:01","https://nsearchives.nseindia.com/corporate/HDFCBANK_19072025150131_SEintimationBMFinancial_Results19jul2025_FINAL.pdf"
"HDFCBANK","HDFC Bank Limited","Bonus","HDFC Bank Limited has informed the Exchange that the Board of Directors at its meeting held on July 19, 2025, have considered and approved bonus at the ratio of 1 : 1, i.e 1 Equity Shares for every 1 Equity Shares held.","19-Jul-2025 14:56:32","2025-07-19 14:56:32","19-Jul-2025 14:56:33","00:00:01","https://nsearchives.nseindia.com/corporate/HDFCBANK_19072025145605_SEintimationBMFinancial_Results19jul2025_FINAL.pdf"
"HDFCBANK","HDFC Bank Limited","Dividend","HDFC Bank Limited has informed the Exchange that Board of Directors at its meeting held on July 19, 2025, declared Special Interim Dividend of Rs. 5 per equity share.","19-Jul-2025 14:53:37","2025-07-19 14:53:37","19-Jul-2025 14:53:38","00:00:01","https://nsearchives.nseindia.com/corporate/HDFCBANK_19072025145303_SEintimationBMFinancial_Results19jul2025_FINAL.pdf"
"HDFCBANK","HDFC Bank Limited","Outcome of Board Meeting","HDFC Bank Limited has submitted to the Exchange, the financial results for the period ended Jun 30, 2025.","19-Jul-2025 14:51:02","2025-07-19 14:51:02","19-Jul-2025 14:51:03","00:00:01","https://nsearchives.nseindia.com/corporate/HDFCBANK_19072025144748_SEintimationBMFinancial_Results19jul2025_FINAL.pdf"
"HDFCBANK","HDFC Bank Limited","Certificate under SEBI (Depositories and Participants) Regulations, 2018","HDFC Bank Limited has informed the Exchange about Certificate under SEBI (Depositories and Participants) Regulations, 2018","17-Jul-2025 14:40:42","2025-07-17 14:40:42","17-Jul-2025 14:40:43","00:00:01","https://nsearchives.nseindia.com/corporate/HDFCBANK_17072025143634_Reg_74_certificate.pdf"
"HDFCBANK","HDFC Bank Limited","Copy of Newspaper Publication","HDFC Bank Limited has informed the Exchange about Copy of Newspaper Publication","15-Jul-2025 15:34:52","2025-07-15 15:34:52","15-Jul-2025 15:34:53","00:00:01","https://nsearchives.nseindia.com/corporate/HDFCBANK_15072025153316_SEintimation_advertisement_15072024.pdf"
"HDFCBANK","HDFC Bank Limited","Analysts/Institutional Investor Meet/Con. Call Updates","HDFC Bank Limited has informed the Exchange about Schedule of meet","14-Jul-2025 15:37:04","2025-07-14 15:37:04","14-Jul-2025 15:37:05","00:00:01","https://nsearchives.nseindia.com/corporate/HDFCBANK_14072025152805_SEintimationEarningsCall19jul2025.pdf"
"HDFCBANK","HDFC Bank Limited","Shareholders meeting","HDFC Bank Limited has informed the Exchange regarding Notice of Annual General Meeting to be held on August 08, 2025","14-Jul-2025 08:03:55","2025-07-14 08:03:55","14-Jul-2025 08:03:56","00:00:01","https://nsearchives.nseindia.com/corporate/HDFCBANK_14072025080321_AGM_Notice_AR2025.pdf"
"HDFCBANK","HDFC Bank Limited","General Updates","HDFC Bank Limited has informed the Exchange regarding intimation under Regulation 30 of SEBI (Listing Obligations and Disclosure Requirements) Regulations, 2015","11-Jul-2025 20:38:23","2025-07-11 20:38:23","11-Jul-2025 20:38:24","00:00:01","https://nsearchives.nseindia.com/corporate/HDFCBANK_11072025203507_RBIPenalty11July2025.pdf"
"HDFCBANK","HDFC Bank Limited","Copy of Newspaper Publication","HDFC Bank Limited has informed the Exchange about Copy of Newspaper Publication","08-Jul-2025 16:40:58","2025-07-08 16:40:58","08-Jul-2025 16:40:58","00:00:00","https://nsearchives.nseindia.com/corporate/HDFCBANK_08072025164025_SESpecialWindow08072025.pdf"
"HDFCBANK","HDFC Bank Limited","General Updates","HDFC Bank Limited has informed the Exchange about General Updates","04-Jul-2025 08:37:08","2025-07-04 08:37:08","04-Jul-2025 08:37:09","00:00:01","https://nsearchives.nseindia.com/corporate/HDFCBANK_04072025083605_SE_intimation-_Quarterly_Updates.pdf"
"HDFCBANK","HDFC Bank Limited","Updates","HDFC Bank Limited has informed the Exchange regarding 'Sale of shares of HDB Financial Services Limited in its Initial Public Offering'.","02-Jul-2025 22:22:57","2025-07-02 22:22:57","02-Jul-2025 22:22:58","00:00:01","https://nsearchives.nseindia.com/corporate/HDFCBANK_02072025222143_HDBFS_-_sale_of_shares_-_detailed.pdf"
"HDFCBANK","HDFC Bank Limited","Copy of Newspaper Publication","HDFC Bank Limited has informed the Exchange about Copy of Newspaper Publication","25-Jun-2025 13:53:21","2025-06-25 13:53:21","25-Jun-2025 13:53:22","00:00:01","https://nsearchives.nseindia.com/corporate/HDFCBANK_25062025134926_Adv_AGM_pre_dispatch_25jun2025.pdf"
"HDFCBANK","HDFC Bank Limited","General Updates","HDFC Bank Limited has informed the Exchange about General Updates","20-Jun-2025 15:42:20","2025-06-20 15:42:20","20-Jun-2025 15:42:21","00:00:01","https://nsearchives.nseindia.com/corporate/HDFCBANK_20062025154207_Board_Meeting_outcome-_June_20_2025.pdf"
"HDFCBANK","HDFC Bank Limited","General Updates","HDFC Bank Limited has informed the Exchange about General Updates","19-Jun-2025 21:33:18","2025-06-19 21:33:18","19-Jun-2025 21:33:19","00:00:01","https://nsearchives.nseindia.com/corporate/HDFCBANK_19062025213256_SE_Intimation_19062025_-_price_band.pdf"
"HDFCBANK","HDFC Bank Limited","General Updates","HDFC Bank Limited has informed the Exchange about General Updates","19-Jun-2025 16:04:26","2025-06-19 16:04:26","19-Jun-2025 16:04:26","00:00:00","https://nsearchives.nseindia.com/corporate/HDFCBANK_19062025160408_SE_Intimation_19062025_-_RHP.pdf"
"HDFCBANK","HDFC Bank Limited","Change in Management","HDFC Bank Limited has informed the Exchange about change in Management","18-Jun-2025 18:44:05","2025-06-18 18:44:05","18-Jun-2025 18:44:06","00:00:01","https://nsearchives.nseindia.com/corporate/HDFCBANK_18062025184303_SE_Intimation-_Resignation_of_VR-v1.pdf"
"HDFCBANK","HDFC Bank Limited","ESOP/ESOS/ESPS","HDFC Bank Limited has informed the Exchange regarding Allotment of 7056247  Shares.","17-Jun-2025 18:40:42","2025-06-17 18:40:42","17-Jun-2025 18:40:43","00:00:01","https://nsearchives.nseindia.com/corporate/HDFCBANK_17062025183625_SELetterESOP17062025.pdf"
"HDFCBANK","HDFC Bank Limited","Copy of Newspaper Publication","HDFC Bank Limited has informed the Exchange about Copy of Newspaper Publication","12-Jun-2025 15:40:55","2025-06-12 15:40:55","12-Jun-2025 15:40:56","00:00:01","https://nsearchives.nseindia.com/corporate/HDFCBANK_12062025153802_SE_Dividend_TDS_newspaper_Adv_2025.pdf"
"HDFCBANK","HDFC Bank Limited","Press Release","HDFC Bank Limited has informed the Exchange regarding a press release dated Jun 11, 2025, titled ""Media statement issued by the Bank in response to the repeated false, malicious and defamatory allegations and insinuations being made by the trustees of Lilavati Kirtilal Mehta Medical Trust (LKMMT) against the Bank and its MD and CEO"".","11-Jun-2025 22:02:26","2025-06-11 22:02:26","11-Jun-2025 22:02:27","00:00:01","https://nsearchives.nseindia.com/corporate/HDFCBANK_11062025220209_Covering-_Press_Release-_June_112025.pdf"
"HDFCBANK","HDFC Bank Limited","Analysts/Institutional Investor Meet/Con. Call Updates","HDFC Bank Limited has informed the Exchange about Schedule of meet","11-Jun-2025 20:06:24","2025-06-11 20:06:24","11-Jun-2025 20:06:25","00:00:01","https://nsearchives.nseindia.com/corporate/HDFCBANK_11062025200439_Analyst_Intimation-_June_11_2025.pdf"
"HDFCBANK","HDFC Bank Limited","Press Release (Revised)","HDFC Bank Limited has informed the Exchange regarding a revised press release dated Jun 08, 2025, titled ""Frivolous FIR against MD & CEO of HDFC Bank"".","08-Jun-2025 21:07:37","2025-06-08 21:07:37","08-Jun-2025 21:07:39","00:00:02","https://nsearchives.nseindia.com/corporate/HDFCBANK_08062025210718_SE_Intimation-_Press_Release-_Revised.pdf"
"HDFCBANK","HDFC Bank Limited","Press Release","HDFC Bank Limited has informed the Exchange regarding a press release dated Jun 08, 2025, titled ""FIR against MD & CEO of the Bank"".","08-Jun-2025 18:10:42","2025-06-08 18:10:42","08-Jun-2025 18:10:44","00:00:02","https://nsearchives.nseindia.com/corporate/HDFCBANK_08062025180929_SE_Intimation-_Press_Release.pdf"
"HDFCBANK","HDFC Bank Limited","ESOP/ESOS/ESPS","HDFC Bank Limited has informed the Exchange regarding Allotment of 2801134  Shares.","28-May-2025 19:40:27","2025-05-28 19:40:27","28-May-2025 19:40:27","00:00:00","https://nsearchives.nseindia.com/corporate/HDFCBANK_28052025194001_SELetterESOP28052025.pdf"
"HDFCBANK","HDFC Bank Limited","Copy of Newspaper Publication","HDFC Bank Limited has informed the Exchange about Publication of Notice in newspapers for transfer of equity shares to Investor Education and Protection Fund (IEPF) Authority","22-May-2025 16:35:05","2025-05-22 16:35:05","22-May-2025 16:35:06","00:00:01","https://nsearchives.nseindia.com/corporate/HDFCBANK_22052025163120_SEintimation_Newspaperadv_signed.pdf"
"HDFCBANK","HDFC Bank Limited","Analysts/Institutional Investor Meet/Con. Call Updates","HDFC Bank Limited has informed the Exchange about Schedule of meet","21-May-2025 17:31:15","2025-05-21 17:31:15","21-May-2025 17:31:16","00:00:01","https://nsearchives.nseindia.com/corporate/HDFCBANK_21052025173101_Analystmeetintimation_21052025.pdf"
"HDFCBANK","HDFC Bank Limited","ESOP/ESOS/ESPS","HDFC Bank Limited has informed the Exchange regarding Allotment of 2464321  Shares.","15-May-2025 20:28:18","2025-05-15 20:28:18","15-May-2025 20:28:18","00:00:00","https://nsearchives.nseindia.com/corporate/HDFCBANK_15052025202452_SELetterESOP15052025.pdf"
"HDFCBANK","HDFC Bank Limited","Analysts/Institutional Investor Meet/Con. Call Updates","HDFC Bank Limited has informed the Exchange about Schedule of meet","15-May-2025 18:44:24","2025-05-15 18:44:24","15-May-2025 18:44:26","00:00:02","https://nsearchives.nseindia.com/corporate/HDFCBANK_15052025182752_Analystmeetintimation_15052025_signed.pdf"
"HDFCBANK","HDFC Bank Limited","ESOP/ESOS/ESPS","HDFC Bank Limited has informed the Exchange regarding Grant of stock options under Employee Stock Option Scheme - ESOS 60 and Restricted Stock Units under Employees Stock Incentive Master Scheme - 2022 RSU 012","10-May-2025 22:52:46","2025-05-10 22:52:46","10-May-2025 22:52:47","00:00:01","https://nsearchives.nseindia.com/corporate/HDFCBANK_10052025224550_SEgrantstock_optionsand_RSUsto_HIA_signed.pdf"
"HDFCBANK","HDFC Bank Limited","ESOP/ESOS/ESPS","HDFC Bank Limited has informed the Exchange regarding Allotment of 46824  Shares.","25-Apr-2025 20:42:23","2025-04-25 20:42:23","25-Apr-2025 20:42:24","00:00:01","https://nsearchives.nseindia.com/corporate/HDFCBANK_25042025204103_SELetterESOP25042025.pdf"
"HDFCBANK","HDFC Bank Limited","Analysts/Institutional Investor Meet/Con. Call Updates","HDFC Bank Limited has informed the Exchange about Transcript","24-Apr-2025 17:56:57","2025-04-24 17:56:57","24-Apr-2025 17:56:57","00:00:00","https://nsearchives.nseindia.com/corporate/HDFCBANK_24042025175629_SETranscript19042025.pdf"
"HDFCBANK","HDFC Bank Limited","ESOP/ESOS/ESPS","HDFC Bank Limited has informed the Exchange regarding Allotment of 3323446  Shares.","23-Apr-2025 21:22:14","2025-04-23 21:22:14","23-Apr-2025 21:22:15","00:00:01","https://nsearchives.nseindia.com/corporate/HDFCBANK_23042025212004_SELetterESOP23042025.pdf"
"HDFCBANK","HDFC Bank Limited","Analysts/Institutional Investor Meet/Con. Call Updates","HDFC Bank Limited has informed the Exchange about Link of Recording","20-Apr-2025 12:46:17","2025-04-20 12:46:17","20-Apr-2025 12:46:18","00:00:01","https://nsearchives.nseindia.com/corporate/HDFCBANK_20042025124325_SEintimationRECORDING19042025.pdf"
"HDFCBANK","HDFC Bank Limited","Related Party Transactions","HDFC Bank Limited has informed the Exchange about related Party Transactions","19-Apr-2025 22:48:04","2025-04-19 22:48:04","19-Apr-2025 22:48:04","00:00:00","https://nsearchives.nseindia.com/corporate/HDFCBANK_19042025224539_SERPT31032025.pdf"
"HDFCBANK","HDFC Bank Limited","Outcome of Board Meeting","HDFC Bank Limited has informed the Exchange regarding Outcome of Board Meeting held on April 19, 2025.","19-Apr-2025 16:55:38","2025-04-19 16:55:38","19-Apr-2025 16:55:38","00:00:00","https://nsearchives.nseindia.com/corporate/HDFCBANK_19042025165520_Outcome_of_BM_19042025.pdf"
"HDFCBANK","HDFC Bank Limited","Updates","HDFC Bank Limited has informed the Exchange regarding Intimation under Regulation 8(2) of the Securities and Exchange Board of India (Prohibition of Insider Trading) Regulations, 2015 (SEBI PIT Regulations)","19-Apr-2025 16:51:04","2025-04-19 16:51:04","19-Apr-2025 16:51:05","00:00:01","https://nsearchives.nseindia.com/corporate/HDFCBANK_19042025165045_Code_of_Practices_and_Procedures_for_Fair_Disclosure_19042025__2___1_.pdf"
"HDFCBANK","HDFC Bank Limited","Investor Presentation","HDFC Bank Limited has informed the Exchange about Investor Presentation","19-Apr-2025 16:04:06","2025-04-19 16:04:06","19-Apr-2025 16:04:07","00:00:01","https://nsearchives.nseindia.com/corporate/HDFCBANK_19042025160318_SEpresentation19042025.pdf"
"HDFCBANK","HDFC Bank Limited","Record Date","HDFC Bank Limited has informed the Exchange that Record date for the purpose of Dividend  is 27-Jun-2025.","19-Apr-2025 15:08:47","2025-04-19 15:08:47","19-Apr-2025 15:08:47","00:00:00","https://nsearchives.nseindia.com/corporate/HDFCBANK_19042025150831_SEintimationDividend31032025.pdf"
"HDFCBANK","HDFC Bank Limited","Dividend","HDFC Bank Limited has informed the Exchange that Board of Directors at its meeting held on April 19, 2025, recommended Final Dividend of Rs. 22 per equity share.","19-Apr-2025 15:06:44","2025-04-19 15:06:44","19-Apr-2025 15:06:44","00:00:00","https://nsearchives.nseindia.com/corporate/HDFCBANK_19042025150612_SEintimationDividend31032025.pdf"
"HDFCBANK","HDFC Bank Limited","Outcome of Board Meeting","HDFC Bank Limited has informed the Exchange regarding Outcome of Board Meeting held on April 19, 2025.","19-Apr-2025 15:02:02","2025-04-19 15:02:02","19-Apr-2025 15:02:03","00:00:01","https://nsearchives.nseindia.com/corporate/HDFCBANK_19042025150107_SERsultMRF31032025.pdf"
"HDFCBANK","HDFC Bank Limited","Certificate under SEBI (Depositories and Participants) Regulations, 2018","HDFC Bank Limited has informed the Exchange about Certificate under SEBI (Depositories and Participants) Regulations, 2018","16-Apr-2025 15:36:13","2025-04-16 15:36:13","16-Apr-2025 15:36:14","00:00:01","https://nsearchives.nseindia.com/corporate/HDFCBANK_16042025153217_FinalReg74_5.pdf"
"HDFCBANK","HDFC Bank Limited","Analysts/Institutional Investor Meet/Con. Call Updates","HDFC Bank Limited has informed the Exchange about Schedule of meet","15-Apr-2025 16:34:13","2025-04-15 16:34:13","15-Apr-2025 16:34:13","00:00:00","https://nsearchives.nseindia.com/corporate/HDFCBANK_15042025163302_SEintimationEarningsCall19Apr2025.pdf"
"HDFCBANK","HDFC Bank Limited","Appointment","HDFC Bank Limited has informed the Exchange regarding Appointment of Mr Sanjay Dsouza as Group Head-Emerging & Informal Micro Enterprises Group of the company w.e.f. April 08, 2025.","08-Apr-2025 19:38:19","2025-04-08 19:38:19","08-Apr-2025 19:38:20","00:00:01","https://nsearchives.nseindia.com/corporate/HDFCBANK_08042025193422_SE_Intimation_Sanjay_Dsouza.pdf"
"HDFCBANK","HDFC Bank Limited","Updates","HDFC Bank Limited has informed the Exchange regarding 'Intimation under SEBI (Listing Obligations and Disclosure Requirements) Regulations, 2015'.","03-Apr-2025 20:37:58","2025-04-03 20:37:58","03-Apr-2025 20:37:59","00:00:01","https://nsearchives.nseindia.com/corporate/HDFCBANK_03042025203448_Initial_Financial_Disclosure_Mar2025.pdf"
"HDFCBANK","HDFC Bank Limited","General Updates","HDFC Bank Limited has informed the Exchange about Intimation under Regulation 30 of SEBI (Listing Obligations and Disclosure Requirements) Regulations, 2015","02-Apr-2025 19:38:11","2025-04-02 19:38:11","02-Apr-2025 19:38:11","00:00:00","https://nsearchives.nseindia.com/corporate/HDFCBANK_02042025193212_SEIntimation_SEBI_Administrative_Warning.pdf"
"HDFCBANK","HDFC Bank Limited","Shareholders meeting","HDFC Bank Limited has submitted to the Exchange a copy of Srutinizers report of  Postal Ballot. Further, the company has informed the Exchange regarding voting results.","27-Mar-2025 16:03:19","2025-03-27 16:03:19","27-Mar-2025 16:03:20","00:00:01","https://nsearchives.nseindia.com/corporate/HDFCBANK_27032025160154_SEPBResult27032025.pdf"
"HDFCBANK","HDFC Bank Limited","General Updates","HDFC Bank Limited has informed the Exchange about General Updates","26-Mar-2025 21:42:53","2025-03-26 21:42:53","26-Mar-2025 21:42:54","00:00:01","https://nsearchives.nseindia.com/corporate/HDFCBANK_26032025214235_RBI_Penalty.pdf"
"HDFCBANK","HDFC Bank Limited","ESOP/ESOS/ESPS","HDFC Bank Limited has informed the Exchange regarding Allotment of 301384   Shares.","26-Mar-2025 20:38:06","2025-03-26 20:38:06","26-Mar-2025 20:38:06","00:00:00","https://nsearchives.nseindia.com/corporate/HDFCBANK_26032025203531_SELetterESOP26032025.pdf"
"HDFCBANK","HDFC Bank Limited","ESOP/ESOS/ESPS","HDFC Bank Limited has informed the Exchange regarding Allotment of 554417  Shares.","13-Mar-2025 21:31:53","2025-03-13 21:31:53","13-Mar-2025 21:31:54","00:00:01","https://nsearchives.nseindia.com/corporate/HDFCBANK_13032025213115_SELetterESOP013032025.pdf"
"HDFCBANK","HDFC Bank Limited","Analysts/Institutional Investor Meet/Con. Call Updates","HDFC Bank Limited has informed the Exchange about Schedule of meet","11-Mar-2025 12:25:27","2025-03-11 12:25:27","11-Mar-2025 12:25:28","00:00:01","https://nsearchives.nseindia.com/corporate/HDFCBANK_11032025122515_SE_Intimation-_Analyst-_March_112025.pdf"
"HDFCBANK","HDFC Bank Limited","Copy of Newspaper Publication","HDFC Bank Limited has informed the Exchange about Copy of Newspaper Publication w.r.t. Notice of transfer of equity shares to Investor Education and Protection Fund (IEPF) Authority","05-Mar-2025 12:02:31","2025-03-05 12:02:31","05-Mar-2025 12:02:31","00:00:00","https://nsearchives.nseindia.com/corporate/HDFCBANK_05032025120209_SEIEPF.pdf"
"HDFCBANK","HDFC Bank Limited","ESOP/ESOS/ESPS","HDFC Bank Limited has informed the Exchange regarding Allotment of 30200  Shares.","01-Mar-2025 16:43:22","2025-03-01 16:43:22","01-Mar-2025 16:43:23","00:00:01","https://nsearchives.nseindia.com/corporate/HDFCBANK_01032025164251_SELetterESOP01032025.pdf"
"HDFCBANK","HDFC Bank Limited","ESOP/ESOS/ESPS","HDFC Bank Limited has informed the Exchange regarding Allotment of 643570  Shares.","28-Feb-2025 22:04:12","2025-02-28 22:04:12","28-Feb-2025 22:04:13","00:00:01","https://nsearchives.nseindia.com/corporate/HDFCBANK_28022025215931_SELetterESOP28022025.pdf"
"HDFCBANK","HDFC Bank Limited","Updates","HDFC Bank Limited has informed the Exchange regarding ' Newspaper publication confirming the dispatch of Postal Ballot Notice '.","25-Feb-2025 15:30:41","2025-02-25 15:30:41","25-Feb-2025 15:30:42","00:00:01","https://nsearchives.nseindia.com/corporate/HDFCBANK_25022025152823_Intimation-_Newspaper_Advertisement.pdf"
"HDFCBANK","HDFC Bank Limited","Shareholders meeting","HDFC Bank Limited has informed the Exchange regarding Notice of Postal Ballot","24-Feb-2025 18:31:12","2025-02-24 18:31:12","24-Feb-2025 18:31:13","00:00:01","https://nsearchives.nseindia.com/corporate/HDFCBANK_24022025183046_Postal_Ballot-_Intimation.pdf"
"HDFCBANK","HDFC Bank Limited","Analysts/Institutional Investor Meet/Con. Call Updates","HDFC Bank Limited has informed the Exchange about Schedule of meet","20-Feb-2025 17:33:04","2025-02-20 17:33:04","20-Feb-2025 17:33:05","00:00:01","https://nsearchives.nseindia.com/corporate/HDFCBANK_20022025172933_Analystmeetintimation_20022025.pdf"
"HDFCBANK","HDFC Bank Limited","ESOP/ESOS/ESPS","HDFC Bank Limited has informed the Exchange regarding Allotment of 495356  Shares.","14-Feb-2025 21:01:25","2025-02-14 21:01:25","14-Feb-2025 21:01:26","00:00:01","https://nsearchives.nseindia.com/corporate/HDFCBANK_14022025205833_SELetterESOP14022025.pdf"
"HDFCBANK","HDFC Bank Limited","Analysts/Institutional Investor Meet/Con. Call Updates","HDFC Bank Limited has informed the Exchange about Schedule of meet","05-Feb-2025 16:44:56","2025-02-05 16:44:56","05-Feb-2025 16:44:57","00:00:01","https://nsearchives.nseindia.com/corporate/HDFCBANK_05022025164420_SE_Intimation-05022025.pdf"
"HDFCBANK","HDFC Bank Limited","Change in Management","HDFC Bank Limited has informed the Exchange about change in Management","31-Jan-2025 09:21:33","2025-01-31 09:21:33","31-Jan-2025 09:21:34","00:00:01","https://nsearchives.nseindia.com/corporate/HDFCBANK_31012025092106_SE_Intimation-_Chakrapani.pdf"
"HDFCBANK","HDFC Bank Limited","ESOP/ESOS/ESPS","HDFC Bank Limited has informed the Exchange regarding Grant of 416630  Options.","30-Jan-2025 15:48:57","2025-01-30 15:48:57","30-Jan-2025 15:48:58","00:00:01","https://nsearchives.nseindia.com/corporate/HDFCBANK_30012025154252_Draft_SE_intimation__grant_of_stock_options_to_WTDs.pdf"
"HDFCBANK","HDFC Bank Limited","ESOP/ESOS/ESPS","HDFC Bank Limited has informed the Exchange regarding Allotment of 1881203  Shares.","29-Jan-2025 20:47:07","2025-01-29 20:47:07","29-Jan-2025 20:47:08","00:00:01","https://nsearchives.nseindia.com/corporate/HDFCBANK_29012025204420_SELetterESOP29012025.pdf"
"HDFCBANK","HDFC Bank Limited","Analysts/Institutional Investor Meet/Con. Call Updates","HDFC Bank Limited has informed the Exchange about Transcript","29-Jan-2025 15:50:00","2025-01-29 15:50:00","29-Jan-2025 15:50:01","00:00:01","https://nsearchives.nseindia.com/corporate/HDFCBANK_29012025154923_SE_Intimation_Earnings_call.pdf"
"HDFCBANK","HDFC Bank Limited","Updates","HDFC Bank Limited has informed the Exchange regarding Unaudited Financial Results of HDFC Bank Limited (""the Bank"") for the quarter and nine months ended December 31, 2024 in machine-readable form.","28-Jan-2025 21:20:37","2025-01-28 21:20:37","28-Jan-2025 21:20:38","00:00:01","https://nsearchives.nseindia.com/corporate/HDFCBANK_28012025211711_SE_Intimation-_MRF.pdf"
"HDFCBANK","HDFC Bank Limited","Analysts/Institutional Investor Meet/Con. Call Updates","HDFC Bank Limited has informed the Exchange about Link of Recording","22-Jan-2025 22:58:45","2025-01-22 22:58:45","22-Jan-2025 22:58:46","00:00:01","https://nsearchives.nseindia.com/corporate/HDFCBANK_22012025225818_SEintimationRECORDING22january2025.pdf"
"HDFCBANK","HDFC Bank Limited","Investor Presentation","HDFC Bank Limited has informed the Exchange about Investor Presentation","22-Jan-2025 16:00:58","2025-01-22 16:00:58","22-Jan-2025 16:00:59","00:00:01","https://nsearchives.nseindia.com/corporate/HDFCBANK_22012025155839_SEIntimationearningcallpresentation.pdf"
"HDFCBANK","HDFC Bank Limited","Press Release","HDFC Bank Limited has informed the Exchange regarding a press release dated January 22, 2025, titled Press Release on Unaudited Financial Results of HDFC Bank Limited (""the Bank"") for the quarter and nine-months ended December 31, 2024.","22-Jan-2025 14:34:43","2025-01-22 14:34:43","22-Jan-2025 14:34:44","00:00:01","https://nsearchives.nseindia.com/corporate/HDFCBANK_22012025143401_SEPressRelease31122024.pdf"
"HDFCBANK","HDFC Bank Limited","Integrated Filing- Financial","HDFC Bank Limited has informed the Exchange about Integrated Filing (Financial)- Unaudited Financial Results of HDFC Bank Limited (""the Bank"") for the quarter and nine-months ended December 31, 2024","22-Jan-2025 14:24:06","2025-01-22 14:24:06","22-Jan-2025 14:24:07","00:00:01","https://nsearchives.nseindia.com/corporate/HDFCBANK_22012025142017_SEResult31122024.pdf"
"HDFCBANK","HDFC Bank Limited","Financial Result Updates"," HDFC Bank Limited has submitted to the Exchange, the financial results for the period ended December 31, 2024.","22-Jan-2025 14:07:25","2025-01-22 14:07:25","22-Jan-2025 14:07:25","00:00:00","https://nsearchives.nseindia.com/corporate/SEResult31122024_22012025140725.pdf"
"HDFCBANK","HDFC Bank Limited","Certificate under SEBI (Depositories and Participants) Regulations, 2018","HDFC Bank Limited has informed the Exchange about Certificate under SEBI (Depositories and Participants) Regulations, 2018","17-Jan-2025 17:17:19","2025-01-17 17:17:19","17-Jan-2025 17:17:19","00:00:00","https://nsearchives.nseindia.com/corporate/HDFCBANK_17012025171704_Certificate_under_Reg_74_5__final.pdf"
"HDFCBANK","HDFC Bank Limited","Analysts/Institutional Investor Meet/Con. Call Updates","HDFC Bank Limited has informed the Exchange about Schedule of meet","16-Jan-2025 16:06:35","2025-01-16 16:06:35","16-Jan-2025 16:06:36","00:00:01","https://nsearchives.nseindia.com/corporate/HDFCBANK_16012025160519_SE_intimation-_Earnings_call__1_.pdf"
"HDFCBANK","HDFC Bank Limited","Shareholders meeting","HDFC Bank Limited has submitted the Exchange a copy of  Srutinizers report of Postal Ballot. Further, the company has informed the Exchange regarding voting results.","11-Jan-2025 23:14:41","2025-01-11 23:14:41","11-Jan-2025 23:14:42","00:00:01","https://nsearchives.nseindia.com/corporate/HDFCBANK_11012025231411_SEPBResultJan2025.pdf"
"HDFCBANK","HDFC Bank Limited","Updates","HDFC Bank Limited has informed the Exchange regarding Intimation under SEBI (Listing Obligations and Disclosure Requirements) Regulations, 2015","04-Jan-2025 18:23:55","2025-01-04 18:23:55","04-Jan-2025 18:23:56","00:00:01","https://nsearchives.nseindia.com/corporate/HDFCBANK_04012025182116_SEINITIALDIS04012025.pdf"
"HDFCBANK","HDFC Bank Limited","Updates","HDFC Bank Limited has informed the Exchange regarding 'Receipt of approval from Reserve Bank of India to HDFC Bank Group for making investments in Kotak Mahindra Bank Limited, AU Small Finance Bank Limited and Capital Small Finance Bank Limited'.","03-Jan-2025 22:20:49","2025-01-03 22:20:49","03-Jan-2025 22:20:50","00:00:01","https://nsearchives.nseindia.com/corporate/HDFCBANK_03012025221902_Reg30intimation-RBIapproval_investment_in_other_bank.pdf"
"HDFCBANK","HDFC Bank Limited","ESOP/ESOS/ESPS","HDFC Bank Limited has informed the Exchange regarding Allotment of 595745  Shares.","30-Dec-2024 21:07:46","2024-12-30 21:07:46","30-Dec-2024 21:07:47","00:00:01","https://nsearchives.nseindia.com/corporate/HDFCBANK_30122024210314_SELetterESOP30122024.pdf"
"HDFCBANK","HDFC Bank Limited","General Updates","HDFC Bank Limited has informed the Exchange about General Updates","20-Dec-2024 21:24:08","2024-12-20 21:24:08","20-Dec-2024 21:24:10","00:00:02","https://nsearchives.nseindia.com/corporate/HDFCBANK_20122024212408_SE_Intimation_HEADS_second_closing.pdf"
"HDFCBANK","HDFC Bank Limited","ESOP/ESOS/ESPS","HDFC Bank Limited has informed the Exchange regarding Allotment of 2848896  Shares.","17-Dec-2024 20:45:24","2024-12-17 20:45:24","17-Dec-2024 20:45:25","00:00:01","https://nsearchives.nseindia.com/corporate/HDFCBANK_17122024204524_SELetterESOP17122024.pdf"
"HDFCBANK","HDFC Bank Limited","Copy of Newspaper Publication","HDFC Bank Limited has informed the Exchange about Copy of Newspaper Publication","17-Dec-2024 18:12:58","2024-12-17 18:12:58","17-Dec-2024 18:12:59","00:00:01","https://nsearchives.nseindia.com/corporate/HDFCBANK_17122024181258_SEIntimation.pdf"
"HDFCBANK","HDFC Bank Limited","Action(s) taken or orders passed","HDFC Bank Limited has informed the Exchange about Action(s) taken or orders passed","16-Dec-2024 18:00:28","2024-12-16 18:00:28","16-Dec-2024 18:00:29","00:00:01","https://nsearchives.nseindia.com/corporate/HDFCBANK_16122024180028_SE_Intimation-_Admin_Warning.pdf"
"HDFCBANK","HDFC Bank Limited","Copy of Newspaper Publication","HDFC Bank Limited has informed the Exchange about Copy of Newspaper Publication","13-Dec-2024 11:34:17","2024-12-13 11:34:17","13-Dec-2024 11:34:18","00:00:01","https://nsearchives.nseindia.com/corporate/HDFCBANK_13122024113417_HDFCBANKNEWSPAPERADV13122024.pdf"
"HDFCBANK","HDFC Bank Limited","Action(s) taken or orders passed","HDFC Bank Limited has informed the Exchange about Action(s) taken or orders passed","12-Dec-2024 13:11:36","2024-12-12 13:11:36","12-Dec-2024 13:11:37","00:00:01","https://nsearchives.nseindia.com/corporate/HDFCBANK_12122024131136_SE_Intimation-SEBI_Administrative_Warning.pdf"
"HDFCBANK","HDFC Bank Limited","Shareholders meeting","HDFC Bank Limited has informed the Exchange regarding Notice of Postal Ballot","10-Dec-2024 23:44:49","2024-12-10 23:44:49","10-Dec-2024 23:44:50","00:00:01","https://nsearchives.nseindia.com/corporate/HDFCBANK_10122024234449_SE_Intimation_-_dispatch_of_postal_ballot_notice_final.pdf"
"HDFCBANK","HDFC Bank Limited","Loss of Share Certificates","HDFC Bank Limited has informed the Exchange about Loss of Share Certificates","10-Dec-2024 17:56:02","2024-12-10 17:56:02","10-Dec-2024 17:56:03","00:00:01","https://nsearchives.nseindia.com/corporate/HDFCBANK_10122024175602_SEintimation_Noticeforlossofshares_10122024.pdf"
"HDFCBANK","HDFC Bank Limited","Analysts/Institutional Investor Meet/Con. Call Updates","HDFC Bank Limited has informed the Exchange about Schedule of meet","10-Dec-2024 17:53:14","2024-12-10 17:53:14","10-Dec-2024 17:53:15","00:00:01","https://nsearchives.nseindia.com/corporate/HDFCBANK_10122024175314_Analystmeetintimation_10122024.pdf"
"HDFCBANK","HDFC Bank Limited","Loss of Share Certificates","HDFC Bank Limited has informed the Exchange about Loss of Share Certificates","03-Dec-2024 11:34:49","2024-12-03 11:34:49","03-Dec-2024 11:34:50","00:00:01","https://nsearchives.nseindia.com/corporate/HDFCBANK_03122024113449_SEintimation_Noticeforlossofshares_03122024.pdf"
"HDFCBANK","HDFC Bank Limited","Loss of Share Certificates","HDFC Bank Limited has informed the Exchange about Loss of Share Certificates","02-Dec-2024 14:50:43","2024-12-02 14:50:43","02-Dec-2024 14:50:44","00:00:01","https://nsearchives.nseindia.com/corporate/HDFCBANK_02122024145043_SELossofSC02122024.pdf"
"HDFCBANK","HDFC Bank Limited","Analysts/Institutional Investor Meet/Con. Call Updates","HDFC Bank Limited has informed the Exchange about Schedule of meet","29-Nov-2024 15:39:38","2024-11-29 15:39:38","29-Nov-2024 15:39:39","00:00:01","https://nsearchives.nseindia.com/corporate/HDFCBANK_29112024153938_SE_Analyst__29112024.pdf"
"HDFCBANK","HDFC Bank Limited","Analysts/Institutional Investor Meet/Con. Call Updates","HDFC Bank Limited has informed the Exchange about Schedule of meet","28-Nov-2024 20:50:47","2024-11-28 20:50:47","28-Nov-2024 20:50:48","00:00:01","https://nsearchives.nseindia.com/corporate/HDFCBANK_28112024205047_SE_Analyst_28112024.pdf"
"HDFCBANK","HDFC Bank Limited","ESOP/ESOS/ESPS","HDFC Bank Limited has informed the Exchange regarding  of 1936462  Options.","28-Nov-2024 20:32:25","2024-11-28 20:32:25","28-Nov-2024 20:32:26","00:00:01","https://nsearchives.nseindia.com/corporate/HDFCBANK_28112024203225_SELetterESOP28Nov2024.pdf"
"HDFCBANK","HDFC Bank Limited","General Updates","HDFC Bank Limited has informed the Exchange about General Updates","26-Nov-2024 16:14:00","2024-11-26 16:14:00","26-Nov-2024 16:14:01","00:00:01","https://nsearchives.nseindia.com/corporate/HDFCBANK_26112024161400_SE_Intimation_Penalty_November262024.pdf"
"HDFCBANK","HDFC Bank Limited","Loss of Share Certificates","HDFC Bank Limited has informed the Exchange about Loss of Share Certificates","26-Nov-2024 16:12:42","2024-11-26 16:12:42","26-Nov-2024 16:12:42","00:00:00","https://nsearchives.nseindia.com/corporate/HDFCBANK_26112024161242_SE_Intimation_Loss_26112024.pdf"
"HDFCBANK","HDFC Bank Limited","Loss of Share Certificates","HDFC Bank Limited has informed the Exchange about Loss of Share Certificates","25-Nov-2024 17:26:28","2024-11-25 17:26:28","25-Nov-2024 17:26:28","00:00:00","https://nsearchives.nseindia.com/corporate/HDFCBANK_25112024172628_SE_Intimation_Loss_25112024.pdf"
"HDFCBANK","HDFC Bank Limited","Analysts/Institutional Investor Meet/Con. Call Updates","HDFC Bank Limited has informed the Exchange about Schedule of meet","25-Nov-2024 17:24:26","2024-11-25 17:24:26","25-Nov-2024 17:24:26","00:00:00","https://nsearchives.nseindia.com/corporate/HDFCBANK_25112024172426_SE_Analyst_25112024.pdf"
"HDFCBANK","HDFC Bank Limited","Loss of Share Certificates","HDFC Bank Limited has informed the Exchange about Loss of Share Certificates","19-Nov-2024 21:24:11","2024-11-19 21:24:11","19-Nov-2024 21:24:12","00:00:01","https://nsearchives.nseindia.com/corporate/HDFCBANK_19112024212412_SE_Intimation_Loss_19112024.pdf"
"HDFCBANK","HDFC Bank Limited","Change in Director(s)","HDFC Bank Limited has informed the Exchange regarding Change in Director(s) of the company.","18-Nov-2024 09:48:24","2024-11-18 09:48:24","18-Nov-2024 09:48:25","00:00:01","https://nsearchives.nseindia.com/corporate/HDFCBANK_18112024094824_SE_Intimation_Appointment_Santhosh_Keshavan.pdf"
"HDFCBANK","HDFC Bank Limited","ESOP/ESOS/ESPS","HDFC Bank Limited has informed the Exchange regarding Allotment of 1346935  Shares.","12-Nov-2024 21:08:52","2024-11-12 21:08:52","12-Nov-2024 21:08:52","00:00:00","https://nsearchives.nseindia.com/corporate/HDFCBANK_12112024210852_SELetterESOP12Nov2024.pdf"
"HDFCBANK","HDFC Bank Limited","Analysts/Institutional Investor Meet/Con. Call Updates","HDFC Bank Limited has informed the Exchange about Schedule of meet","12-Nov-2024 15:48:16","2024-11-12 15:48:16","12-Nov-2024 15:48:16","00:00:00","https://nsearchives.nseindia.com/corporate/HDFCBANK_12112024154816_Analystmeetintimation_12112024.pdf"
"HDFCBANK","HDFC Bank Limited","Analysts/Institutional Investor Meet/Con. Call Updates","HDFC Bank Limited has informed the Exchange about Schedule of meet","06-Nov-2024 19:36:54","2024-11-06 19:36:54","06-Nov-2024 19:36:54","00:00:00","https://nsearchives.nseindia.com/corporate/HDFCBANK_06112024193654_SE_Intimation_Analyst_06112024.pdf"
"HDFCBANK","HDFC Bank Limited","General Updates","HDFC Bank Limited has informed the Exchange about General Updates","06-Nov-2024 19:34:05","2024-11-06 19:34:05","06-Nov-2024 19:34:06","00:00:01","https://nsearchives.nseindia.com/corporate/HDFCBANK_06112024193405_SE_Intimation_06112024.pdf"
"HDFCBANK","HDFC Bank Limited","Loss of Share Certificates","HDFC Bank Limited has informed the Exchange about Loss of Share Certificates","04-Nov-2024 16:56:51","2024-11-04 16:56:51","04-Nov-2024 16:56:52","00:00:01","https://nsearchives.nseindia.com/corporate/HDFCBANK_04112024165651_SE_Intimation_04112024.pdf"
"HDFCBANK","HDFC Bank Limited","General Updates","HDFC Bank Limited has informed the Exchange about General Updates","31-Oct-2024 12:17:12","2024-10-31 12:17:12","31-Oct-2024 12:17:13","00:00:01","https://nsearchives.nseindia.com/corporate/HDFCBANK_31102024121712_St_Ex_Intimation_final.pdf"
"HDFCBANK","HDFC Bank Limited","General Updates","HDFC Bank Limited has informed the Exchange about General Updates","31-Oct-2024 09:19:12","2024-10-31 09:19:12","31-Oct-2024 09:19:13","00:00:01","https://nsearchives.nseindia.com/corporate/HDFCBANK_31102024091913_SE_Intimation_final.pdf"
"HDFCBANK","HDFC Bank Limited","ESOP/ESOS/ESPS","HDFC Bank Limited has informed the Exchange regarding Allotment of 10809197  Shares.","29-Oct-2024 20:42:05","2024-10-29 20:42:05","29-Oct-2024 20:42:06","00:00:01","https://nsearchives.nseindia.com/corporate/HDFCBANK_29102024204205_SELetterESOP29Oct2024.pdf"
"HDFCBANK","HDFC Bank Limited","Analysts/Institutional Investor Meet/Con. Call Updates","HDFC Bank Limited has informed the Exchange about Schedule of meet","29-Oct-2024 16:06:53","2024-10-29 16:06:53","29-Oct-2024 16:06:55","00:00:02","https://nsearchives.nseindia.com/corporate/HDFCBANK_29102024160654_Analystmeetintimation_29102024.pdf"
"HDFCBANK","HDFC Bank Limited","Loss of Share Certificates","HDFC Bank Limited has informed the Exchange about Loss of Share Certificates","29-Oct-2024 15:58:03","2024-10-29 15:58:03","29-Oct-2024 15:58:04","00:00:01","https://nsearchives.nseindia.com/corporate/HDFCBANK_29102024155803_SEintimation_Noticeforlossofshares_29102024.pdf"
"HDFCBANK","HDFC Bank Limited","ESOP/ESOS/ESPS","HDFC Bank Limited has informed the Exchange regarding Grant of stock options under Employee Stock Option Scheme - ESOS 58 and Restricted Stock Units under Employees  Stock Incentive Master Scheme - 2022   RSU 009, RSU 010 and RSU 011","29-Oct-2024 09:22:29","2024-10-29 09:22:29","29-Oct-2024 09:22:30","00:00:01","https://nsearchives.nseindia.com/corporate/HDFCBANK_29102024092229_SEGrant29102024ESOP58RSU009to11.pdf"
"HDFCBANK","HDFC Bank Limited","Loss of Share Certificates","HDFC Bank Limited has informed the Exchange about Loss of Share Certificates","28-Oct-2024 19:54:05","2024-10-28 19:54:05","28-Oct-2024 19:54:06","00:00:01","https://nsearchives.nseindia.com/corporate/HDFCBANK_28102024195405_SELossofSC28102024.pdf"
"HDFCBANK","HDFC Bank Limited","Analysts/Institutional Investor Meet/Con. Call Updates","HDFC Bank Limited has informed the Exchange about  the Transcript of Earnings Call for the quarter and half year ended September 30, 2024","25-Oct-2024 16:03:34","2024-10-25 16:03:34","25-Oct-2024 16:03:35","00:00:01","https://nsearchives.nseindia.com/corporate/HDFCBANK_25102024160334_SETranscriptofEarnings19102024.pdf"
"HDFCBANK","HDFC Bank Limited","Updates","HDFC Bank Limited has informed the Exchange regarding Unaudited Financial Results of HDFC Bank Limited (""the Bank"") for the quarter and half-year ended September 30, 2024 in machine-readable form","23-Oct-2024 15:36:25","2024-10-23 15:36:25","23-Oct-2024 15:36:26","00:00:01","https://nsearchives.nseindia.com/corporate/HDFCBANK_23102024153625_SEResultSept2024MRF.pdf"
"HDFCBANK","HDFC Bank Limited","Analysts/Institutional Investor Meet/Con. Call Updates","HDFC Bank Limited has informed the Exchange about Link of Recording","20-Oct-2024 14:08:54","2024-10-20 14:08:54","20-Oct-2024 14:08:55","00:00:01","https://nsearchives.nseindia.com/corporate/HDFCBANK_20102024140854_SEINTIMATION20102024.pdf"
"HDFCBANK","HDFC Bank Limited","General Updates","HDFC Bank Limited has informed the Exchange about General Updates","19-Oct-2024 17:50:12","2024-10-19 17:50:12","19-Oct-2024 17:50:13","00:00:01","https://nsearchives.nseindia.com/corporate/HDFCBANK_19102024175013_SEintimation_OFSinHDB_IPO.pdf"
"HDFCBANK","HDFC Bank Limited","Related Party Transactions","HDFC Bank Limited has informed the Exchange about related Party Transactions","19-Oct-2024 14:44:54","2024-10-19 14:44:54","19-Oct-2024 14:44:55","00:00:01","https://nsearchives.nseindia.com/corporate/HDFCBANK_19102024144454_SERPTSept2024.pdf"
"HDFCBANK","HDFC Bank Limited","Press Release","HDFC Bank Limited has informed the Exchange regarding a press release dated October 19, 2024, titled ""Financial Results  (INDIAN GAAP) for the quarter and half year ended september 30, 2024"".","19-Oct-2024 14:27:27","2024-10-19 14:27:27","19-Oct-2024 14:27:28","00:00:01","https://nsearchives.nseindia.com/corporate/HDFCBANK_19102024142728_SEPressReleaseSept2024.pdf"
"HDFCBANK","HDFC Bank Limited","Financial Result Updates"," HDFC Bank Limited has submitted to the Exchange, the financial results for the period ended September 30, 2024.","19-Oct-2024 14:12:47","2024-10-19 14:12:47","19-Oct-2024 14:12:47","00:00:00","https://nsearchives.nseindia.com/corporate/SEResultSept2024_19102024141247.pdf"
"HDFCBANK","HDFC Bank Limited","Sale or disposal","HDFC Bank Limited has informed the Exchange about Sale of shares of HDFC Education and Development Services Private Limited ( HDFC Edu ) by HDFC Bank Limited","18-Oct-2024 19:29:49","2024-10-18 19:29:49","18-Oct-2024 19:29:49","00:00:00","https://nsearchives.nseindia.com/corporate/HDFCBANK_18102024192949_HEADS_Disclsoure.pdf"
"HDFCBANK","HDFC Bank Limited","Certificate under SEBI (Depositories and Participants) Regulations, 2018","HDFC Bank Limited has informed the Exchange about Certificate under SEBI (Depositories and Participants) Regulations, 2018","17-Oct-2024 14:44:15","2024-10-17 14:44:15","17-Oct-2024 14:44:16","00:00:01","https://nsearchives.nseindia.com/corporate/HDFCBANK_17102024144415_SEReg74530092024.pdf"
"HDFCBANK","HDFC Bank Limited","Analysts/Institutional Investor Meet/Con. Call Updates","HDFC Bank Limited has informed the Exchange about Earnings call for the unaudited financial results for the quarter and half year ended September 30, 2024","15-Oct-2024 18:25:17","2024-10-15 18:25:17","15-Oct-2024 18:25:17","00:00:00","https://nsearchives.nseindia.com/corporate/HDFCBANK_15102024182517_SEintimationEarningsCall19Oct024.pdf"
"HDFCBANK","HDFC Bank Limited","Loss of Share Certificates","HDFC Bank Limited has informed the Exchange about Loss of Share Certificates","08-Oct-2024 17:28:28","2024-10-08 17:28:28","08-Oct-2024 17:28:29","00:00:01","https://nsearchives.nseindia.com/corporate/HDFCBANK_08102024172828_SEintimation_Noticeforlossofshares_08102024.pdf"
"HDFCBANK","HDFC Bank Limited","Sale or disposal","HDFC Bank Limited has informed the Exchange about Sale of shares of HDFC Education and Development Services Private Limited ( HDFC Edu ) by HDFC Bank Limited","07-Oct-2024 16:46:11","2024-10-07 16:46:11","07-Oct-2024 16:46:12","00:00:01","https://nsearchives.nseindia.com/corporate/HDFCBANK_07102024164611_SE_intimation_HEADS_Oct_7_2024.pdf"
"HDFCBANK","HDFC Bank Limited","General Updates","HDFC Bank Limited has informed the Exchange about Intimation under SEBI (Listing Obligations and Disclosure Requirements) Regulations, 2015","04-Oct-2024 08:38:05","2024-10-04 08:38:05","04-Oct-2024 08:38:06","00:00:01","https://nsearchives.nseindia.com/corporate/HDFCBANK_04102024083806_SEINITIALDIS04102024.pdf"
"HDFCBANK","HDFC Bank Limited","Incorporation","HDFC Bank Limited has informed the Exchange about Incorporation of HDFC Securities IFSC Limited, a wholly owned subsidiary of HDFC Securities Limited, (subsidiary of HDFC Bank Limited)","01-Oct-2024 21:55:53","2024-10-01 21:55:53","01-Oct-2024 21:55:54","00:00:01","https://nsearchives.nseindia.com/corporate/HDFCBANK_01102024215553_SE_Intimation_HSL.pdf"
"HDFCBANK","HDFC Bank Limited","Loss of Share Certificates","HDFC Bank Limited has informed the Exchange about Loss of Share Certificates","01-Oct-2024 15:52:26","2024-10-01 15:52:26","01-Oct-2024 15:52:27","00:00:01","https://nsearchives.nseindia.com/corporate/HDFCBANK_01102024155226_SEintimation_Noticeforlossofshares_01102024.pdf"
"HDFCBANK","HDFC Bank Limited","Loss of Share Certificates","HDFC Bank Limited has informed the Exchange about Loss of Share Certificates","30-Sep-2024 16:56:40","2024-09-30 16:56:40","30-Sep-2024 16:56:41","00:00:01","https://nsearchives.nseindia.com/corporate/HDFCBANK_30092024165640_SE_Intimation_Loss_30092024.pdf"
"HDFCBANK","HDFC Bank Limited","ESOP/ESOS/ESPS","HDFC Bank Limited has informed the Exchange regarding Allotment of 2133913  Shares.","27-Sep-2024 20:47:55","2024-09-27 20:47:55","27-Sep-2024 20:47:55","00:00:00","https://nsearchives.nseindia.com/corporate/HDFCBANK_27092024204755_SELetterESOP127Sep2024.pdf"
"HDFCBANK","HDFC Bank Limited","Loss of Share Certificates","HDFC Bank Limited has informed the Exchange about Loss of Share Certificates","24-Sep-2024 16:12:38","2024-09-24 16:12:38","24-Sep-2024 16:12:39","00:00:01","https://nsearchives.nseindia.com/corporate/HDFCBANK_24092024161238_SE_Lossintimation_24092024__1_.pdf"
"HDFCBANK","HDFC Bank Limited","Loss of Share Certificates","HDFC Bank Limited has informed the Exchange about Loss of Share Certificates","23-Sep-2024 18:25:08","2024-09-23 18:25:08","23-Sep-2024 18:25:09","00:00:01","https://nsearchives.nseindia.com/corporate/HDFCBANK_23092024182508_SE_Loss_September232024.pdf"
"HDFCBANK","HDFC Bank Limited","Updates","HDFC Bank Limited has informed the Exchange regarding 'Intimation under Regulation 30 of the Securities and Exchange Board of India (Listing Obligations and Disclosure Requirements) Regulations, 2015'.","20-Sep-2024 16:08:34","2024-09-20 16:08:34","20-Sep-2024 16:08:35","00:00:01","https://nsearchives.nseindia.com/corporate/HDFCBANK_20092024160834_SE_intimation_final_20092024.pdf"
"HDFCBANK","HDFC Bank Limited","ESOP/ESOS/ESPS","HDFC Bank Limited has informed the Exchange regarding Allotment of 2405036  Shares.","18-Sep-2024 20:29:29","2024-09-18 20:29:29","18-Sep-2024 20:29:29","00:00:00","https://nsearchives.nseindia.com/corporate/HDFCBANK_18092024202929_SELetterESOP18Sep2024.pdf"
"HDFCBANK","HDFC Bank Limited","Loss of Share Certificates","HDFC Bank Limited has informed the Exchange about Loss of Share Certificates","17-Sep-2024 12:20:00","2024-09-17 12:20:00","17-Sep-2024 12:20:06","00:00:06","https://nsearchives.nseindia.com/corporate/HDFCBANK_17092024122000_SE_LossIntimation_17092024.pdf"
"HDFCBANK","HDFC Bank Limited","Loss of Share Certificates","HDFC Bank Limited has informed the Exchange about Loss of Share Certificates","16-Sep-2024 21:31:24","2024-09-16 21:31:24","16-Sep-2024 21:31:25","00:00:01","https://nsearchives.nseindia.com/corporate/HDFCBANK_16092024213124_SEIntimation_Loss_16092024.pdf"
"HDFCBANK","HDFC Bank Limited","Analysts/Institutional Investor Meet/Con. Call Updates","HDFC Bank Limited has informed the Exchange about Schedule of meet","13-Sep-2024 20:02:02","2024-09-13 20:02:02","13-Sep-2024 20:02:02","00:00:00","https://nsearchives.nseindia.com/corporate/HDFCBANK_13092024200202_AnalystIntimation_13092024.pdf"
"HDFCBANK","HDFC Bank Limited","ESOP/ESOS/ESPS","HDFC Bank Limited has informed the Exchange regarding Allotment of 2893147  Shares.","11-Sep-2024 20:52:50","2024-09-11 20:52:50","11-Sep-2024 20:52:50","00:00:00","https://nsearchives.nseindia.com/corporate/HDFCBANK_11092024205250_SELetterESOP11Sep2024.pdf"
"HDFCBANK","HDFC Bank Limited","Analysts/Institutional Investor Meet/Con. Call Updates","HDFC Bank Limited has informed the Exchange about Schedule of meet","11-Sep-2024 17:54:05","2024-09-11 17:54:05","11-Sep-2024 17:54:06","00:00:01","https://nsearchives.nseindia.com/corporate/HDFCBANK_11092024175405_AnalystMeet_11092024.pdf"
"HDFCBANK","HDFC Bank Limited","Updates","HDFC Bank Limited has informed the Exchange regarding 'Intimation under Regulation 30 of SEBI (Listing Obligations and Disclosure Requirements) Regulations, 2015'.","10-Sep-2024 18:53:01","2024-09-10 18:53:01","10-Sep-2024 18:53:02","00:00:01","https://nsearchives.nseindia.com/corporate/HDFCBANK_10092024185301_SEintimation10092024.pdf"
"HDFCBANK","HDFC Bank Limited","Loss of Share Certificates","HDFC Bank Limited has informed the Exchange about Loss of Share Certificates","09-Sep-2024 15:17:17","2024-09-09 15:17:17","09-Sep-2024 15:17:18","00:00:01","https://nsearchives.nseindia.com/corporate/HDFCBANK_09092024151717_SE_Loss_09092024.pdf"
"HDFCBANK","HDFC Bank Limited","Analysts/Institutional Investor Meet/Con. Call Updates","HDFC Bank Limited has informed the Exchange about Schedule of meet","06-Sep-2024 21:58:39","2024-09-06 21:58:39","06-Sep-2024 21:58:40","00:00:01","https://nsearchives.nseindia.com/corporate/HDFCBANK_06092024215839_AnalystMeet_06092024.pdf"
"HDFCBANK","HDFC Bank Limited","Updates","HDFC Bank Limited has informed the Exchange regarding 'Intimation under Regulation 30 of SEBI (Listing Obligations and Disclosure Requirements) Regulations, 2015 '.","02-Sep-2024 22:33:01","2024-09-02 22:33:01","02-Sep-2024 22:33:02","00:00:01","https://nsearchives.nseindia.com/corporate/HDFCBANK_02092024223301_Penalty_02092024.pdf"
"HDFCBANK","HDFC Bank Limited","Loss of Share Certificates","HDFC Bank Limited has informed the Exchange about Loss of Share Certificates","02-Sep-2024 16:54:20","2024-09-02 16:54:20","02-Sep-2024 16:54:21","00:00:01","https://nsearchives.nseindia.com/corporate/HDFCBANK_02092024165421_SE_Loss_02092024.pdf"
"HDFCBANK","HDFC Bank Limited","Updates","HDFC Bank Limited has informed the Exchange regarding ' Intimation under Regulation 30 of SEBI (Listing Obligations and Disclosure Requirements) Regulations, 2015'.","01-Sep-2024 13:10:42","2024-09-01 13:10:42","01-Sep-2024 13:10:43","00:00:01","https://nsearchives.nseindia.com/corporate/HDFCBANK_01092024131042_Penalty_September12024.pdf"
"HDFCBANK","HDFC Bank Limited","Updates","HDFC Bank Limited has informed the Exchange regarding 'Intimation under Regulation 30 of SEBI (Listing Obligations and Disclosure Requirements) Regulations, 2015'.","31-Aug-2024 16:30:06","2024-08-31 16:30:06","31-Aug-2024 16:30:06","00:00:00","https://nsearchives.nseindia.com/corporate/HDFCBANK_31082024163006_Penalty_August312024.pdf"
"HDFCBANK","HDFC Bank Limited","Updates","HDFC Bank Limited has informed the Exchange regarding ': Intimation under Regulation 30 of SEBI (Listing Obligations and Disclosure Requirements) Regulations, 2015 ( SEBI LODR Regulations ) '.","30-Aug-2024 18:37:53","2024-08-30 18:37:53","30-Aug-2024 18:37:54","00:00:01","https://nsearchives.nseindia.com/corporate/HDFCBANK_30082024183753_Penalty_August302024.pdf"
"HDFCBANK","HDFC Bank Limited","ESOP/ESOS/ESPS","HDFC Bank Limited has informed the Exchange regarding Allotment of 3967607  Shares.","29-Aug-2024 21:12:34","2024-08-29 21:12:34","29-Aug-2024 21:12:35","00:00:01","https://nsearchives.nseindia.com/corporate/HDFCBANK_29082024211234_SELetterESOP29Aug2024.pdf"
"HDFCBANK","HDFC Bank Limited","Updates","HDFC Bank Limited has informed the Exchange regarding 'Intimation under Regulation 30 of SEBI (Listing Obligations and Disclosure Requirements)Regulations, 2015'.","28-Aug-2024 22:14:41","2024-08-28 22:14:41","28-Aug-2024 22:14:42","00:00:01","https://nsearchives.nseindia.com/corporate/HDFCBANK_28082024221441_SEINTIMATION28082024.pdf"
"HDFCBANK","HDFC Bank Limited","Updates","HDFC Bank Limited has informed the Exchange regarding 'Intimation under Regulation 30 of SEBI (Listing Obligations and Disclosure Requirements) Regulations, 2015 ( SEBI LODR Regulations )'.","27-Aug-2024 23:02:59","2024-08-27 23:02:59","27-Aug-2024 23:03:00","00:00:01","https://nsearchives.nseindia.com/corporate/HDFCBANK_27082024230259_Penalty_Combined.pdf"
"HDFCBANK","HDFC Bank Limited","Updates","HDFC Bank Limited has informed the Exchange regarding 'Intimation under Regulation 30 of the SEBI (Listing Obligations and Disclosure Requirements) Regulations, 2015'.","27-Aug-2024 10:53:24","2024-08-27 10:53:24","27-Aug-2024 10:53:25","00:00:01","https://nsearchives.nseindia.com/corporate/HDFCBANK_27082024105324_penalty_27082024.pdf"
"HDFCBANK","HDFC Bank Limited","Updates","HDFC Bank Limited has informed the Exchange regarding 'Intimation under Regulation 30 of SEBI (Listing Obligations and Disclosure Requirements) Regulations, 2015 ( SEBI LODR Regulations )'.","23-Aug-2024 10:33:57","2024-08-23 10:33:57","23-Aug-2024 10:33:58","00:00:01","https://nsearchives.nseindia.com/corporate/HDFCBANK_23082024103357_SEINTIMATION23082024.pdf"
"HDFCBANK","HDFC Bank Limited","Updates","HDFC Bank Limited has informed the Exchange regarding 'Intimation under Regulation 30 of SEBI (Listing Obligations and Disclosure Requirements)Regulations, 2015 ( SEBI LODR Regulations ) '.","22-Aug-2024 10:32:05","2024-08-22 10:32:05","22-Aug-2024 10:32:06","00:00:01","https://nsearchives.nseindia.com/corporate/HDFCBANK_22082024103205_Penalty_August22_2024.pdf"
"HDFCBANK","HDFC Bank Limited","Updates","HDFC Bank Limited has informed the Exchange regarding 'Intimation under Regulation 30 of SEBI (Listing Obligations and Disclosure Requirements) Regulations, 2015 ( SEBI LODR Regulations )'.","21-Aug-2024 19:36:03","2024-08-21 19:36:03","21-Aug-2024 19:36:04","00:00:01","https://nsearchives.nseindia.com/corporate/HDFCBANK_21082024193603_Penalty_August212024.pdf"
"HDFCBANK","HDFC Bank Limited","Updates","HDFC Bank Limited has informed the Exchange regarding 'Intimation under Regulation 30 of SEBI (Listing Obligations and Disclosure Requirements) Regulations, 2015 '.","20-Aug-2024 21:52:46","2024-08-20 21:52:46","20-Aug-2024 21:52:47","00:00:01","https://nsearchives.nseindia.com/corporate/HDFCBANK_20082024215247_SE_Penalty_August202024.pdf"
"HDFCBANK","HDFC Bank Limited","Loss of Share Certificates","HDFC Bank Limited has informed the Exchange about Loss of Share Certificates","19-Aug-2024 16:45:30","2024-08-19 16:45:30","19-Aug-2024 16:45:31","00:00:01","https://nsearchives.nseindia.com/corporate/HDFCBANK_19082024164530_SELossofSC19082024.pdf"
"HDFCBANK","HDFC Bank Limited","Updates","HDFC Bank Limited has informed the Exchange regarding 'Intimation under Regulation 30 of SEBI (Listing Obligations and Disclosure Requirements) Regulations, 2015 '.","14-Aug-2024 23:21:56","2024-08-14 23:21:56","14-Aug-2024 23:21:56","00:00:00","https://nsearchives.nseindia.com/corporate/HDFCBANK_14082024232156_SEINTIMATION14082024.pdf"
"HDFCBANK","HDFC Bank Limited","ESOP/ESOS/ESPS","HDFC Bank Limited has informed the Exchange regarding Allotment of 1885252  Shares.","13-Aug-2024 20:44:29","2024-08-13 20:44:29","13-Aug-2024 20:44:30","00:00:01","https://nsearchives.nseindia.com/corporate/HDFCBANK_13082024204429_SELetterESOP13Aug2024.pdf"
"HDFCBANK","HDFC Bank Limited","Loss of Share Certificates","HDFC Bank Limited has informed the Exchange about Loss of Share Certificates","12-Aug-2024 16:46:05","2024-08-12 16:46:05","12-Aug-2024 16:46:05","00:00:00","https://nsearchives.nseindia.com/corporate/HDFCBANK_12082024164605_SELossofSC12082024.pdf"
"HDFCBANK","HDFC Bank Limited","Shareholders meeting","HDFC Bank Limited has informed the Exchange regarding Proceedings of Annual General Meeting held on August 09, 2024. Further, the company has informed the Exchange regarding voting results along with copy of scrutinizers report.","09-Aug-2024 23:57:12","2024-08-09 23:57:12","09-Aug-2024 23:57:12","00:00:00","https://nsearchives.nseindia.com/corporate/HDFCBANK_09082024235712_SEAGMResult09Aug2024.pdf"
"HDFCBANK","HDFC Bank Limited","Updates","HDFC Bank Limited has informed the Exchange regarding 'Intimation under Regulation 30 of SEBI (Listing Obligations and Disclosure Requirements) Regulations, 2015 ( SEBI LODR Regulations )'.","09-Aug-2024 19:26:22","2024-08-09 19:26:22","09-Aug-2024 19:26:23","00:00:01","https://nsearchives.nseindia.com/corporate/HDFCBANK_09082024192622_penalty.pdf"
"HDFCBANK","HDFC Bank Limited","Analysts/Institutional Investor Meet/Con. Call Updates","HDFC Bank Limited has informed the Exchange about Schedule of meet","07-Aug-2024 15:35:38","2024-08-07 15:35:38","07-Aug-2024 15:35:38","00:00:00","https://nsearchives.nseindia.com/corporate/HDFCBANK_07082024153538_Analystmeetintimation_07082024.pdf"
"HDFCBANK","HDFC Bank Limited","Loss of Share Certificates","HDFC Bank Limited has informed the Exchange about Loss of Share Certificates","06-Aug-2024 14:33:44","2024-08-06 14:33:44","06-Aug-2024 14:33:45","00:00:01","https://nsearchives.nseindia.com/corporate/HDFCBANK_06082024143344_SEintimation_Noticeforlossofshares_06082024.pdf"
"HDFCBANK","HDFC Bank Limited","Loss of Share Certificates","HDFC Bank Limited has informed the Exchange about Loss of Share Certificates","05-Aug-2024 16:38:32","2024-08-05 16:38:32","05-Aug-2024 16:38:33","00:00:01","https://nsearchives.nseindia.com/corporate/HDFCBANK_05082024163832_SELossofSC05082024.pdf"
"HDFCBANK","HDFC Bank Limited","Updates","HDFC Bank Limited has informed the Exchange regarding 'Intimation under Regulation 30 of SEBI (Listing Obligations and Disclosure Requirements) Regulations, 2015 '.","02-Aug-2024 22:28:32","2024-08-02 22:28:32","02-Aug-2024 22:28:33","00:00:01","https://nsearchives.nseindia.com/corporate/HDFCBANK_02082024222832_SEIntimationGSTOrder02082024.pdf"
"HDFCBANK","HDFC Bank Limited","ESOP/ESOS/ESPS","HDFC Bank Limited has informed the Exchange regarding Allotment of 3372651  Shares.","30-Jul-2024 21:32:43","2024-07-30 21:32:43","30-Jul-2024 21:32:44","00:00:01","https://nsearchives.nseindia.com/corporate/HDFCBANK_30072024213243_SELetterESOP30Jul2024.pdf"
"HDFCBANK","HDFC Bank Limited","Updates","HDFC Bank Limited has informed the Exchange regarding 'Grant of stock options under Employee Stock Option Scheme   ESOS 57'.","30-Jul-2024 17:12:19","2024-07-30 17:12:19","30-Jul-2024 17:12:20","00:00:01","https://nsearchives.nseindia.com/corporate/HDFCBANK_30072024171219_SE_intimation_grantofstockoptions.pdf"
"HDFCBANK","HDFC Bank Limited","Loss of Share Certificates","HDFC Bank Limited has informed the Exchange about Loss of Share Certificates","29-Jul-2024 15:24:02","2024-07-29 15:24:02","29-Jul-2024 15:24:03","00:00:01","https://nsearchives.nseindia.com/corporate/HDFCBANK_29072024152402_SEIntimation_29072024.pdf"
"HDFCBANK","HDFC Bank Limited","Updates","HDFC Bank Limited has informed the Exchange regarding 'Clarification on an article '.","28-Jul-2024 20:48:41","2024-07-28 20:48:41","28-Jul-2024 20:48:42","00:00:01","https://nsearchives.nseindia.com/corporate/HDFCBANK_28072024204841_Morning_context_news_clarification_28072024.pdf"
"HDFCBANK","HDFC Bank Limited","Updates","HDFC Bank Limited has informed the Exchange regarding 'Intimation under Regulation 30 of the Securities and Exchange Board of India (Listing Obligations and Disclosure Requirements) Regulations, 2015 ( SEBI Listing Regulations ) '.","26-Jul-2024 12:36:17","2024-07-26 12:36:17","26-Jul-2024 12:36:18","00:00:01","https://nsearchives.nseindia.com/corporate/HDFCBANK_26072024123617_SE_Intimation_BullionExchange.pdf"
"HDFCBANK","HDFC Bank Limited","Analysts/Institutional Investor Meet/Con. Call Updates","HDFC Bank Limited has informed the Exchange about Transcript","25-Jul-2024 20:00:56","2024-07-25 20:00:56","25-Jul-2024 20:00:57","00:00:01","https://nsearchives.nseindia.com/corporate/HDFCBANK_25072024200056_SE_Intimatio_Transcript.pdf"
"HDFCBANK","HDFC Bank Limited","ESOP/ESOS/ESPS","HDFC Bank Limited has informed the Exchange regarding Allotment of 5998401  Shares.","23-Jul-2024 21:10:49","2024-07-23 21:10:49","23-Jul-2024 21:10:50","00:00:01","https://nsearchives.nseindia.com/corporate/HDFCBANK_23072024211049_SELetterESOP23Jul2024.pdf"
"HDFCBANK","HDFC Bank Limited","Loss of Share Certificates","HDFC Bank Limited has informed the Exchange about Loss of Share Certificates","23-Jul-2024 17:26:11","2024-07-23 17:26:11","23-Jul-2024 17:26:12","00:00:01","https://nsearchives.nseindia.com/corporate/HDFCBANK_23072024172611_SEintimation_Noticeforlossofshares_23072024.pdf"
"HDFCBANK","HDFC Bank Limited","Loss of Share Certificates","HDFC Bank Limited has informed the Exchange about Loss of Share Certificates","22-Jul-2024 14:46:45","2024-07-22 14:46:45","22-Jul-2024 14:46:47","00:00:02","https://nsearchives.nseindia.com/corporate/HDFCBANK_22072024144645_SEIntimation_Lossofsharecertifcates_22072024.pdf"
"HDFCBANK","HDFC Bank Limited","Analysts/Institutional Investor Meet/Con. Call Updates","HDFC Bank Limited has informed the Exchange about Link of Recording","21-Jul-2024 18:45:37","2024-07-21 18:45:37","21-Jul-2024 18:45:38","00:00:01","https://nsearchives.nseindia.com/corporate/HDFCBANK_21072024184537_SEIntimation_AudioRecording.pdf"
"HDFCBANK","HDFC Bank Limited","Updates","HDFC Bank Limited has informed the Exchange regarding Update on the process for sale of 100% equity shares held by HDFC Bank Limited (HDFC Bank) in HDFC Education and Development Services Private Limited (HDFC Edu)","20-Jul-2024 23:05:40","2024-07-20 23:05:40","20-Jul-2024 23:05:41","00:00:01","https://nsearchives.nseindia.com/corporate/HDFCBANK_20072024230540_SEintimationHEADSJuly202024.pdf"
"HDFCBANK","HDFC Bank Limited","Change in Company Secretary/Compliance Officer","HDFC Bank Limited has informed the Exchange about Change in Company Secretary/Compliance Officer","20-Jul-2024 17:13:31","2024-07-20 17:13:31","20-Jul-2024 17:13:31","00:00:00","https://nsearchives.nseindia.com/corporate/HDFCBANK_20072024171331_OutcomeofBM200720241.pdf"
"HDFCBANK","HDFC Bank Limited","Updates","HDFC Bank Limited has informed the Exchange regarding 'Outcome of Board meeting held on July 20, 2024'.","20-Jul-2024 16:53:55","2024-07-20 16:53:55","20-Jul-2024 16:53:56","00:00:01","https://nsearchives.nseindia.com/corporate/HDFCBANK_20072024165355_OutcomeofBM200720241.pdf"
"HDFCBANK","HDFC Bank Limited","Press Release","HDFC Bank Limited has informed the Exchange regarding a press release dated July 20, 2024, titled ""Press Release on Unaudited Financial Results of HDFC Bank Limited (""the Bank"") for thequarter ended June 30, 2024"".","20-Jul-2024 15:04:20","2024-07-20 15:04:20","20-Jul-2024 15:04:22","00:00:02","https://nsearchives.nseindia.com/corporate/HDFCBANK_20072024150420_SEPressRelease30062024.pdf"
"HDFCBANK","HDFC Bank Limited","Updates","HDFC Bank Limited has informed the Exchange regarding 'Unaudited Financial Results of HDFC Bank Limited (""the Bank"") for the quarter ended June 30, 2024 '.","20-Jul-2024 14:54:28","2024-07-20 14:54:28","20-Jul-2024 14:54:29","00:00:01","https://nsearchives.nseindia.com/corporate/HDFCBANK_20072024145428_SE30062024Revised.pdf"
"HDFCBANK","HDFC Bank Limited","Financial Result Updates","HDFC Bank Limited has submitted to the Exchange, the financial results for the period ended June 30, 2024.","20-Jul-2024 14:15:17","2024-07-20 14:15:17","20-Jul-2024 14:15:22","00:00:05","https://nsearchives.nseindia.com/corporate/SEResult30062024_20072024141517.pdf"
"HDFCBANK","HDFC Bank Limited","Copy of Newspaper Publication","HDFC Bank Limited has informed the Exchange about Copy of Newspaper Publication","19-Jul-2024 16:04:30","2024-07-19 16:04:30","19-Jul-2024 16:04:30","00:00:00","https://nsearchives.nseindia.com/corporate/HDFCBANK_19072024160430_Intimation_NewspaperAdvertisment_19072024.pdf"
"HDFCBANK","HDFC Bank Limited","Shareholders meeting","HDFC Bank Limited has informed the Exchange regarding Notice of Annual General Meeting to be held on August 09, 2024","18-Jul-2024 18:02:14","2024-07-18 18:02:14","18-Jul-2024 18:02:15","00:00:01","https://nsearchives.nseindia.com/corporate/HDFCBANK_18072024180214_Intimation_AR.pdf"
"HDFCBANK","HDFC Bank Limited","Analysts/Institutional Investor Meet/Con. Call Updates","HDFC Bank Limited has informed the Exchange about Schedule of meet","16-Jul-2024 19:50:33","2024-07-16 19:50:33","16-Jul-2024 19:50:34","00:00:01","https://nsearchives.nseindia.com/corporate/HDFCBANK_16072024195033_SE_intimation_Earnings_Call_for20jul2024.pdf"
"HDFCBANK","HDFC Bank Limited","Certificate under SEBI (Depositories and Participants) Regulations, 2018","HDFC Bank Limited has informed the Exchange about Certificate under SEBI (Depositories and Participants) Regulations, 2018","16-Jul-2024 14:53:56","2024-07-16 14:53:56","16-Jul-2024 14:53:57","00:00:01","https://nsearchives.nseindia.com/corporate/HDFCBANK_16072024145357_SEReg74June2024.pdf"
"HDFCBANK","HDFC Bank Limited","Loss of Share Certificates","HDFC Bank Limited has informed the Exchange about Loss of Share Certificates","16-Jul-2024 12:00:19","2024-07-16 12:00:19","16-Jul-2024 12:00:20","00:00:01","https://nsearchives.nseindia.com/corporate/HDFCBANK_16072024120019_SEIntimation_Lossofsharecertificate_July162024.pdf"
"HDFCBANK","HDFC Bank Limited","Loss of Share Certificates","HDFC Bank Limited has informed the Exchange about Loss of Share Certificates","15-Jul-2024 17:27:36","2024-07-15 17:27:36","15-Jul-2024 17:27:37","00:00:01","https://nsearchives.nseindia.com/corporate/HDFCBANK_15072024172736_SEIntimation_Lossofsharecertifcates_15072024.pdf"
"HDFCBANK","HDFC Bank Limited","Loss of Share Certificates","HDFC Bank Limited has informed the Exchange about Loss of Share Certificates","09-Jul-2024 20:48:01","2024-07-09 20:48:01","09-Jul-2024 20:48:02","00:00:01","https://nsearchives.nseindia.com/corporate/HDFCBANK_09072024204801_SEintimation_Noticeforlossofshares_9072024.pdf"
"HDFCBANK","HDFC Bank Limited","Updates","HDFC Bank Limited has informed the Exchange regarding 'Intimation under SEBI (Listing Obligations and Disclosure Requirements) Regulations, 2015 '.","04-Jul-2024 17:51:06","2024-07-04 17:51:06","04-Jul-2024 17:51:06","00:00:00","https://nsearchives.nseindia.com/corporate/HDFCBANK_04072024175106_Initial_Disclosure_June30_2024.pdf"
"HDFCBANK","HDFC Bank Limited","Loss of Share Certificates","HDFC Bank Limited has informed the Exchange about Loss of Share Certificates","01-Jul-2024 15:34:18","2024-07-01 15:34:18","01-Jul-2024 15:34:19","00:00:01","https://nsearchives.nseindia.com/corporate/HDFCBANK_01072024153418_SELossofSC01July2024.pdf"
"HDFCBANK","HDFC Bank Limited","Change in Company Secretary/Compliance Officer","HDFC Bank Limited has informed the Exchange about Change in Company Secretary/Compliance Officer","27-Jun-2024 18:47:53","2024-06-27 18:47:53","27-Jun-2024 18:47:53","00:00:00","https://nsearchives.nseindia.com/corporate/HDFCBANK_27062024184753_SEIntimationSantoshHaldankar.pdf"
"HDFCBANK","HDFC Bank Limited","Updates","HDFC Bank Limited has informed the Exchange regarding 'Intimation under Regulation 30 of SEBI (Listing Obligations and Disclosure Requirements) Regulations, 2015 '.","26-Jun-2024 13:31:17","2024-06-26 13:31:17","26-Jun-2024 13:31:18","00:00:01","https://nsearchives.nseindia.com/corporate/HDFCBANK_26062024133117_26June24_LODRDisclosure_KeralaNB.pdf"
"HDFCBANK","HDFC Bank Limited","Loss of Share Certificates","HDFC Bank Limited has informed the Exchange about Loss of Share Certificates","24-Jun-2024 12:35:18","2024-06-24 12:35:18","24-Jun-2024 12:35:18","00:00:00","https://nsearchives.nseindia.com/corporate/HDFCBANK_24062024123518_SELossofSC24jun2024.pdf"
"HDFCBANK","HDFC Bank Limited","Updates","HDFC Bank Limited has informed the Exchange regarding 'Adoption of Employee Stock Option Scheme 2024'.","20-Jun-2024 19:02:18","2024-06-20 19:02:18","20-Jun-2024 19:02:19","00:00:01","https://nsearchives.nseindia.com/corporate/HDFCBANK_20062024190218_ESOPschemeintimation.pdf"
"HDFCBANK","HDFC Bank Limited","Outcome of Board Meeting","HDFC Bank Limited has informed the Exchange regarding Outcome of Board Meeting held on Jun 20, 2024.","20-Jun-2024 18:56:47","2024-06-20 18:56:47","20-Jun-2024 18:56:48","00:00:01","https://nsearchives.nseindia.com/corporate/HDFCBANK_20062024185648_SEintimationOutcome20jun2024.pdf"
"HDFCBANK","HDFC Bank Limited","Loss of Share Certificates","HDFC Bank Limited has informed the Exchange about Loss of Share Certificates","19-Jun-2024 18:18:53","2024-06-19 18:18:53","19-Jun-2024 18:18:54","00:00:01","https://nsearchives.nseindia.com/corporate/HDFCBANK_19062024181853_SEintimationNoticeforlossofshares19jun2024.pdf"
"HDFCBANK","HDFC Bank Limited","Loss of Share Certificates","HDFC Bank Limited has informed the Exchange about Loss of Share Certificates","18-Jun-2024 14:25:23","2024-06-18 14:25:23","18-Jun-2024 14:25:24","00:00:01","https://nsearchives.nseindia.com/corporate/HDFCBANK_18062024142523_SELossofSC18jun2024.pdf"
"HDFCBANK","HDFC Bank Limited","ESOP/ESOS/ESPS","HDFC Bank Limited has informed the Exchange regarding Allotment of 2468735  Shares.","14-Jun-2024 20:50:28","2024-06-14 20:50:28","14-Jun-2024 20:50:30","00:00:02","https://nsearchives.nseindia.com/corporate/HDFCBANK_14062024205028_SELetterESOP14Jun2024.pdf"
"HDFCBANK","HDFC Bank Limited","ESOP/ESOS/ESPS","HDFC Bank Limited has informed the Exchange regarding Grant of 96650  Options.","10-Jun-2024 21:56:26","2024-06-10 21:56:26","10-Jun-2024 21:56:27","00:00:01","https://nsearchives.nseindia.com/corporate/HDFCBANK_10062024215626_ESOPSEintimation_June102024.pdf"
"HDFCBANK","HDFC Bank Limited","Loss of Share Certificates","HDFC Bank Limited has informed the Exchange about Loss of Share Certificates","10-Jun-2024 16:02:13","2024-06-10 16:02:13","10-Jun-2024 16:02:14","00:00:01","https://nsearchives.nseindia.com/corporate/HDFCBANK_10062024160213_SELossofSC10jun2024.pdf"
"HDFCBANK","HDFC Bank Limited","ESOP/ESOS/ESPS","HDFC Bank Limited has informed the Exchange regarding Allotment of 1486907  Shares.","07-Jun-2024 20:44:01","2024-06-07 20:44:01","07-Jun-2024 20:44:02","00:00:01","https://nsearchives.nseindia.com/corporate/HDFCBANK_07062024204401_SELetterESOP07Jun2024.pdf"
"HDFCBANK","HDFC Bank Limited","Analysts/Institutional Investor Meet/Con. Call Updates","HDFC Bank Limited has informed the Exchange about Schedule of meet","07-Jun-2024 11:47:56","2024-06-07 11:47:56","07-Jun-2024 11:47:56","00:00:00","https://nsearchives.nseindia.com/corporate/HDFCBANK_07062024114756_Scheduleofinvestoranalystmeetjune072024.pdf"
"HDFCBANK","HDFC Bank Limited","Analysts/Institutional Investor Meet/Con. Call Updates","HDFC Bank Limited has informed the Exchange about Schedule of meet","06-Jun-2024 16:31:42","2024-06-06 16:31:42","06-Jun-2024 16:31:43","00:00:01","https://nsearchives.nseindia.com/corporate/HDFCBANK_06062024163143_Scheduleofinvestoranalystmeetjune062024.pdf"
"HDFCBANK","HDFC Bank Limited","Loss of Share Certificates","HDFC Bank Limited has informed the Exchange about Loss of Share Certificates","04-Jun-2024 14:24:03","2024-06-04 14:24:03","04-Jun-2024 14:24:04","00:00:01","https://nsearchives.nseindia.com/corporate/HDFCBANK_04062024142403_SEintimationNoticeforlossofshares04jun2024.pdf"
"HDFCBANK","HDFC Bank Limited","Acquisition","HDFC Bank Limited has informed the Exchange about Acquisition","30-May-2024 23:21:59","2024-05-30 23:21:59","30-May-2024 23:22:00","00:00:01","https://nsearchives.nseindia.com/corporate/HDFCBANK_30052024232159_TruBoardDisclosure30052024.pdf"
"HDFCBANK","HDFC Bank Limited","Analysts/Institutional Investor Meet/Con. Call Updates","HDFC Bank Limited has informed the Exchange about Schedule of meet","30-May-2024 16:58:29","2024-05-30 16:58:29","30-May-2024 16:58:29","00:00:00","https://nsearchives.nseindia.com/corporate/HDFCBANK_30052024165829_Scheduleofinvestoranalystmeetmay2024.pdf"
"HDFCBANK","HDFC Bank Limited","Loss of Share Certificates","HDFC Bank Limited has informed the Exchange about Loss of Share Certificates","28-May-2024 11:41:32","2024-05-28 11:41:32","28-May-2024 11:41:33","00:00:01","https://nsearchives.nseindia.com/corporate/HDFCBANK_28052024114132_SEintimationNoticeforlossofshares28May2024.pdf"
"HDFCBANK","HDFC Bank Limited","Loss of Share Certificates","HDFC Bank Limited has informed the Exchange about Loss of Share Certificates","27-May-2024 17:05:11","2024-05-27 17:05:11","27-May-2024 17:05:12","00:00:01","https://nsearchives.nseindia.com/corporate/HDFCBANK_27052024170511_SELossofSC27May2024.pdf"
"HDFCBANK","HDFC Bank Limited","ESOP/ESOS/ESPS","HDFC Bank Limited has informed the Exchange regarding Allotment of 1032411  Shares.","24-May-2024 20:22:01","2024-05-24 20:22:01","24-May-2024 20:22:01","00:00:00","https://nsearchives.nseindia.com/corporate/HDFCBANK_24052024202201_SELetterESOP24May2024.pdf"
"HDFCBANK","HDFC Bank Limited","Loss of Share Certificates","HDFC Bank Limited has informed the Exchange about Loss of Share Certificates","22-May-2024 13:54:56","2024-05-22 13:54:56","22-May-2024 13:54:57","00:00:01","https://nsearchives.nseindia.com/corporate/HDFCBANK_22052024135456_SEintimationNoticeforlossofshares22May2024.pdf"
"HDFCBANK","HDFC Bank Limited","Updates","HDFC Bank Limited has informed the Exchange regarding 'Intimation under Regulation 30 of SEBI (Listing Obligations and Disclosure Requirements) Regulations, 2015'.","21-May-2024 17:18:09","2024-05-21 17:18:09","21-May-2024 17:18:09","00:00:00","https://nsearchives.nseindia.com/corporate/HDFCBANK_21052024171809_21May24LODRDisclosureTelangana.pdf"
"HDFCBANK","HDFC Bank Limited","Loss of Share Certificates","HDFC Bank Limited has informed the Exchange about Loss of Share Certificates","21-May-2024 14:07:31","2024-05-21 14:07:31","21-May-2024 14:07:31","00:00:00","https://nsearchives.nseindia.com/corporate/HDFCBANK_21052024140731_SELossofSC21May2024.pdf"
"HDFCBANK","HDFC Bank Limited","Updates","HDFC Bank Limited has informed the Exchange regarding 'Disclosure under Regulation 30 of the SEBI (Listing Obligations & Disclosure Requirements) Regulations, 2015'.","19-May-2024 21:01:11","2024-05-19 21:01:11","19-May-2024 21:01:12","00:00:01","https://nsearchives.nseindia.com/corporate/HDFCBANK_19052024210111_StockExchangedisclosureCCIL_revised.pdf"
"HDFCBANK","HDFC Bank Limited","Acquisition","HDFC Bank Limited has informed the Exchange about Acquisition","18-May-2024 00:42:38","2024-05-18 00:42:38","18-May-2024 00:42:42","00:00:04","https://nsearchives.nseindia.com/corporate/HDFCBANK_18052024004238_SewaDisclosure.pdf"
"HDFCBANK","HDFC Bank Limited","Acquisition","HDFC Bank Limited has informed the Exchange about Acquisition","17-May-2024 19:43:18","2024-05-17 19:43:18","17-May-2024 19:43:22","00:00:04","https://nsearchives.nseindia.com/corporate/HDFCBANK_17052024194318_StockExchangedisclosureCCIL_vF.pdf"
"HDFCBANK","HDFC Bank Limited","Loss of Share Certificates","HDFC Bank Limited has informed the Exchange about Loss of Share Certificates","14-May-2024 15:06:42","2024-05-14 15:06:42","14-May-2024 15:06:47","00:00:05","https://nsearchives.nseindia.com/corporate/HDFCBANK_14052024150642_SEintimationNoticeforlossofshares14May2024.pdf"
"HDFCBANK","HDFC Bank Limited","Loss of Share Certificates","HDFC Bank Limited has informed the Exchange about Loss of Share Certificates","13-May-2024 16:16:33","2024-05-13 16:16:33","13-May-2024 16:16:37","00:00:04","https://nsearchives.nseindia.com/corporate/HDFCBANK_13052024161633_SELossofSC13May2024.pdf"
"HDFCBANK","HDFC Bank Limited","Shareholders meeting","HDFC Bank Limited has submitted the Exchange a copy Srutinizers report of  Postal Ballot. Further, the company has informed the Exchange regarding voting results.","06-May-2024 17:10:45","2024-05-06 17:10:45","06-May-2024 17:10:49","00:00:04","https://nsearchives.nseindia.com/corporate/HDFCBANK_06052024171045_SEPBResultMay2024.pdf"
"HDFCBANK","HDFC Bank Limited","Loss of Share Certificates","HDFC Bank Limited has informed the Exchange about Loss of Share Certificates","06-May-2024 16:41:24","2024-05-06 16:41:24","06-May-2024 16:41:28","00:00:04","https://nsearchives.nseindia.com/corporate/HDFCBANK_06052024164124_SELossofSC06May2024.pdf"
"HDFCBANK","HDFC Bank Limited","ESOP/ESOS/ESPS","HDFC Bank Limited has informed the Exchange regarding Allotment of 1529461  Shares.","03-May-2024 21:04:58","2024-05-03 21:04:58","03-May-2024 21:05:06","00:00:08","https://nsearchives.nseindia.com/corporate/HDFCBANK_03052024210458_SELetterESOP03May2024.pdf"
"HDFCBANK","HDFC Bank Limited","Change in Management","HDFC Bank Limited has informed the Exchange about change in Management","03-May-2024 16:05:50","2024-05-03 16:05:50","03-May-2024 16:05:54","00:00:04","https://nsearchives.nseindia.com/corporate/HDFCBANK_03052024160550_SEIntimation03052024.pdf"
"HDFCBANK","HDFC Bank Limited","Copy of Newspaper Publication","HDFC Bank Limited has informed the Exchange about Copy of Newspaper Publication","03-May-2024 14:16:31","2024-05-03 14:16:31","03-May-2024 14:16:37","00:00:06","https://nsearchives.nseindia.com/corporate/HDFCBANK_03052024141631_Taxdeductionondividend2024.pdf"
"HDFCBANK","HDFC Bank Limited","Updates","HDFC Bank Limited has informed the Exchange regarding 'Intimation under Regulation 30 of SEBI (Listing Obligations and Disclosure Requirements) Regulations, 2015'.","01-May-2024 12:01:13","2024-05-01 12:01:13","01-May-2024 12:01:19","00:00:06","https://nsearchives.nseindia.com/corporate/HDFCBANK_01052024120114_01May24_LODRDisclosure_orders.pdf"
"HDFCBANK","HDFC Bank Limited","Change in Management","HDFC Bank Limited has informed the Exchange about change in Management","30-Apr-2024 23:21:25","2024-04-30 23:21:25","30-Apr-2024 23:21:30","00:00:05","https://nsearchives.nseindia.com/corporate/HDFCBANK_30042024232125_SE_Intimation.pdf"
"HDFCBANK","HDFC Bank Limited","Updates","HDFC Bank Limited has informed the Exchange regarding 'Intimation under Regulation 30 of SEBI (Listing Obligations and Disclosure Requirements) Regulations, 2015'.","30-Apr-2024 20:02:57","2024-04-30 20:02:57","30-Apr-2024 20:03:05","00:00:08","https://nsearchives.nseindia.com/corporate/HDFCBANK_30042024200257_30Apr24_LODR_Disclosure_orders.pdf"
"HDFCBANK","HDFC Bank Limited","Updates","HDFC Bank Limited has informed the Exchange regarding 'Intimation under Regulation 30 of SEBI (Listing Obligations and Disclosure Requirements) Regulations, 2015'.","30-Apr-2024 15:44:49","2024-04-30 15:44:49","30-Apr-2024 15:44:54","00:00:05","https://nsearchives.nseindia.com/corporate/HDFCBANK_30042024154449_29Apr24_LODRDisclosure_eHDFCPunjab_.pdf"
"HDFCBANK","HDFC Bank Limited","Loss of Share Certificates","HDFC Bank Limited has informed the Exchange about Loss of Share Certificates","30-Apr-2024 15:22:28","2024-04-30 15:22:28","30-Apr-2024 15:22:32","00:00:04","https://nsearchives.nseindia.com/corporate/HDFCBANK_30042024152228_SEintimation_Noticeforlossofshares_30Apr2024.pdf"
"HDFCBANK","HDFC Bank Limited","ESOP/ESOS/ESPS","HDFC Bank Limited has informed the Exchange regarding Allotment of 4694126  Shares.","29-Apr-2024 20:55:19","2024-04-29 20:55:19","29-Apr-2024 20:55:23","00:00:04","https://nsearchives.nseindia.com/corporate/HDFCBANK_29042024205519_SELetterESOP29Apr2024.pdf"
"HDFCBANK","HDFC Bank Limited","Loss of Share Certificates","HDFC Bank Limited has informed the Exchange about Loss of Share Certificates","29-Apr-2024 15:29:28","2024-04-29 15:29:28","29-Apr-2024 15:29:34","00:00:06","https://nsearchives.nseindia.com/corporate/HDFCBANK_29042024152928_SELossofSC29Apr2024.pdf"
"HDFCBANK","HDFC Bank Limited","Updates","HDFC Bank Limited has informed the Exchange regarding 'Disclosure under Clause 2.2(b) of Chapter-XIV'.","26-Apr-2024 17:38:37","2024-04-26 17:38:37","26-Apr-2024 17:38:41","00:00:04","https://nsearchives.nseindia.com/corporate/HDFCBANK_26042024173837_Yearly_debt_details_Centralized_database.pdf"
"HDFCBANK","HDFC Bank Limited","Analysts/Institutional Investor Meet/Con. Call Updates","HDFC Bank Limited has informed the Exchange about Transcript","26-Apr-2024 17:12:59","2024-04-26 17:12:59","26-Apr-2024 17:13:05","00:00:06","https://nsearchives.nseindia.com/corporate/HDFCBANK_26042024171259_SEIntimation_Transcript.pdf"
"HDFCBANK","HDFC Bank Limited","Updates","HDFC Bank Limited has informed the Exchange regarding 'Intimation under Regulation 30 of SEBI (Listing Obligations and Disclosure Requirements) Regulations, 2015'.","26-Apr-2024 15:45:44","2024-04-26 15:45:44","26-Apr-2024 15:45:50","00:00:06","https://nsearchives.nseindia.com/corporate/HDFCBANK_26042024154544_25Apr24_LODR_Disclosure_Haryana_NB.pdf"
"HDFCBANK","HDFC Bank Limited","Updates","HDFC Bank Limited has informed the Exchange regarding 'Intimation under Regulation 30 of SEBI (Listing Obligations and Disclosure Requirements)Regulations, 2015'.","25-Apr-2024 15:46:10","2024-04-25 15:46:10","25-Apr-2024 15:46:14","00:00:04","https://nsearchives.nseindia.com/corporate/HDFCBANK_25042024154610_24Apr24_LODRDisclosure_orders.pdf"
"HDFCBANK","HDFC Bank Limited","Updates","HDFC Bank Limited has informed the Exchange regarding 'Intimation under Regulation 30 of SEBI (Listing Obligations and Disclosure Requirements) Regulations, 2015'.","24-Apr-2024 17:35:21","2024-04-24 17:35:21","24-Apr-2024 17:35:34","00:00:13","https://nsearchives.nseindia.com/corporate/HDFCBANK_24042024173522_24Apr24_LODRDisclosure_Chattisgarh_NB.pdf"
"HDFCBANK","HDFC Bank Limited","Loss of Share Certificates","HDFC Bank Limited has informed the Exchange about Loss of Share Certificates","23-Apr-2024 16:42:03","2024-04-23 16:42:03","23-Apr-2024 16:42:09","00:00:06","https://nsearchives.nseindia.com/corporate/HDFCBANK_23042024164203_SEintimation_Noticeforlossofshares_23Apr2024.pdf"
"HDFCBANK","HDFC Bank Limited","Updates","HDFC Bank Limited has informed the Exchange regarding 'Intimation under Regulation 30 of SEBI (Listing Obligations and Disclosure Requirements) Regulations, 2015'.","23-Apr-2024 11:21:57","2024-04-23 11:21:57","23-Apr-2024 11:22:03","00:00:06","https://nsearchives.nseindia.com/corporate/HDFCBANK_23042024112157_23Apr24_LODRDisclosure_WB_e_HDFCLtd.pdf"
"HDFCBANK","HDFC Bank Limited","Updates","HDFC Bank Limited has informed the Exchange regarding 'Intimation under Regulation 30 of SEBI (Listing Obligations and Disclosure Requirements) Regulations, 2015'.","22-Apr-2024 23:08:37","2024-04-22 23:08:37","22-Apr-2024 23:08:44","00:00:07","https://nsearchives.nseindia.com/corporate/HDFCBANK_22042024230837_22_Apr_24_LODR_Disclosure_Bihar_NB_.pdf"
"HDFCBANK","HDFC Bank Limited","Loss of Share Certificates","HDFC Bank Limited has informed the Exchange about Loss of Share Certificates","22-Apr-2024 16:05:13","2024-04-22 16:05:13","22-Apr-2024 16:05:20","00:00:07","https://nsearchives.nseindia.com/corporate/HDFCBANK_22042024160513_SELossofSC22Apr2024.pdf"
"HDFCBANK","HDFC Bank Limited","Analysts/Institutional Investor Meet/Con. Call Updates","HDFC Bank Limited has informed the Exchange about Presentation and Link of Recording","21-Apr-2024 10:54:08","2024-04-21 10:54:08","21-Apr-2024 10:54:14","00:00:06","https://nsearchives.nseindia.com/corporate/HDFCBANK_21042024105408_SEintimation_Recording_Presentation.pdf"
"HDFCBANK","HDFC Bank Limited","Updates","HDFC Bank Limited has informed the Exchange regarding 'Intimation under Regulation 30 of SEBI (Listing Obligations and Disclosure Requirements) Regulations, 2015'.","21-Apr-2024 10:45:04","2024-04-21 10:45:04","21-Apr-2024 10:45:09","00:00:05","https://nsearchives.nseindia.com/corporate/HDFCBANK_21042024104504_20Apr24_LODRDisclosure_DelhiNB.pdf"
"HDFCBANK","HDFC Bank Limited","Outcome of Board Meeting","HDFC Bank Limited has informed the Exchange regarding Outcome of Board Meeting held on April 20, 2024.","20-Apr-2024 16:47:27","2024-04-20 16:47:27","20-Apr-2024 16:47:32","00:00:05","https://nsearchives.nseindia.com/corporate/HDFCBANK_20042024164727_Fundraise.pdf"
"HDFCBANK","HDFC Bank Limited","Related Party Transactions","HDFC Bank Limited has informed the Exchange about Related Party Transactions","20-Apr-2024 16:13:06","2024-04-20 16:13:06","20-Apr-2024 16:13:13","00:00:07","https://nsearchives.nseindia.com/corporate/HDFCBANK_20042024161306_SERPTMarch2024.pdf"
"HDFCBANK","HDFC Bank Limited","Record Date","HDFC Bank Limited has informed the Exchange that Record date for the purpose of DI  is 10-May-2024.","20-Apr-2024 15:54:54","2024-04-20 15:54:54","20-Apr-2024 15:55:00","00:00:06","https://nsearchives.nseindia.com/corporate/HDFCBANK_20042024155454_Dividend.pdf"
"HDFCBANK","HDFC Bank Limited","Dividend","HDFC Bank Limited has informed the Exchange that Board of Directors at its meeting held on April 20, 2024, recommended Final Dividend of Rs. 19.50 per equity share.","20-Apr-2024 14:47:56","2024-04-20 14:47:56","20-Apr-2024 14:48:03","00:00:07","https://nsearchives.nseindia.com/corporate/HDFCBANK_20042024144756_Dividend.pdf"
"HDFCBANK","HDFC Bank Limited","Press Release","HDFC Bank Limited has informed the Exchange regarding a press release dated April 20, 2024, titled ""Press Release on Audited Financial Results of HDFC Bank Limited for the quarter and year ended March 31, 2024"".","20-Apr-2024 14:38:52","2024-04-20 14:38:52","20-Apr-2024 14:38:58","00:00:06","https://nsearchives.nseindia.com/corporate/HDFCBANK_20042024143853_SEPressReleaseMarch2024.pdf"
"HDFCBANK","HDFC Bank Limited","Financial Result Updates","HDFC Bank Limited has submitted to the Exchange, the financial results for the period ended March 31, 2024.","20-Apr-2024 14:31:20","2024-04-20 14:31:20","20-Apr-2024 16:05:21","01:34:01","https://nsearchives.nseindia.com/corporate/SEResultMarch2024_20042024143120.pdf"
"HDFCBANK","HDFC Bank Limited","Analysts/Institutional Investor Meet/Con. Call Updates","HDFC Bank Limited has informed the Exchange about Schedule of meet","16-Apr-2024 19:44:49","2024-04-16 19:44:49","16-Apr-2024 19:44:59","00:00:10","https://nsearchives.nseindia.com/corporate/HDFCBANK_16042024194449_Earnings_call.pdf"
"HDFCBANK","HDFC Bank Limited","Certificate under SEBI (Depositories and Participants) Regulations, 2018","HDFC Bank Limited has informed the Exchange about Certificate under SEBI (Depositories and Participants) Regulations, 2018","16-Apr-2024 17:38:33","2024-04-16 17:38:33","16-Apr-2024 17:38:41","00:00:08","https://nsearchives.nseindia.com/corporate/HDFCBANK_16042024173833_SEIntimatio_Reg_74.pdf"
"HDFCBANK","HDFC Bank Limited","Loss of Share Certificates","HDFC Bank Limited has informed the Exchange about Loss of Share Certificates","16-Apr-2024 17:29:54","2024-04-16 17:29:54","16-Apr-2024 17:29:59","00:00:05","https://nsearchives.nseindia.com/corporate/HDFCBANK_16042024172954_LSCrevised16apr2024.pdf"
"HDFCBANK","HDFC Bank Limited","Loss of Share Certificates","HDFC Bank Limited has informed the Exchange about Loss of Share Certificates","16-Apr-2024 15:55:56","2024-04-16 15:55:56","16-Apr-2024 15:56:00","00:00:04","https://nsearchives.nseindia.com/corporate/HDFCBANK_16042024155556_SEintimation_Noticeforlossofshares_16Apr2024.pdf"
"HDFCBANK","HDFC Bank Limited","Loss of Share Certificates","HDFC Bank Limited has informed the Exchange about Loss of Share Certificates","10-Apr-2024 17:51:27","2024-04-10 17:51:27","10-Apr-2024 17:51:33","00:00:06","https://nsearchives.nseindia.com/corporate/HDFCBANK_10042024175127_SEintimation_Noticeforlossofshares_10Apr2024.pdf"
"HDFCBANK","HDFC Bank Limited","Updates","HDFC Bank Limited has informed the Exchange regarding 'Intimation under Regulation 30 of SEBI (Listing Obligations and Disclosure Requirements) Regulations, 2015 '.","09-Apr-2024 16:38:23","2024-04-09 16:38:23","09-Apr-2024 16:38:29","00:00:06","https://nsearchives.nseindia.com/corporate/HDFCBANK_09042024163824_09April2024_LODRDisclosure.pdf"
"HDFCBANK","HDFC Bank Limited","Updates","HDFC Bank Limited has informed the Exchange regarding 'Intimation under Regulation 30 of SEBI (Listing Obligations and Disclosure Requirements) Regulations,2015 ( SEBI LODR Regulations )'.","08-Apr-2024 21:15:51","2024-04-08 21:15:51","08-Apr-2024 21:15:55","00:00:04","https://nsearchives.nseindia.com/corporate/HDFCBANK_08042024211551_08April2024_LODR_Disclosure_MahPrepaid.pdf"
"HDFCBANK","HDFC Bank Limited","Loss of Share Certificates","HDFC Bank Limited has informed the Exchange about Loss of Share Certificates","08-Apr-2024 18:25:01","2024-04-08 18:25:01","08-Apr-2024 18:25:17","00:00:16","https://nsearchives.nseindia.com/corporate/HDFCBANK_08042024182501_SELossofSC8Apr2024SIGNED.pdf"
"HDFCBANK","HDFC Bank Limited","Updates","HDFC Bank Limited has informed the Exchange regarding 'Intimation under Regulation 30 of SEBI (Listing Obligations and Disclosure Requirements) Regulations, 2015 '.","06-Apr-2024 19:53:19","2024-04-06 19:53:19","06-Apr-2024 19:53:25","00:00:06","https://nsearchives.nseindia.com/corporate/HDFCBANK_06042024195319_06April2024_LODRDisclosure_GSTorder.pdf"
"HDFCBANK","HDFC Bank Limited","Updates","HDFC Bank Limited has informed the Exchange regarding ' Intimation under Regulation 30 of the Securities and Exchange Board of India (Listing Obligations and Disclosure Requirements) Regulations, 2015   Sale of shares of Indraprastha Medical Corporation Limited by HDFC Bank'.","04-Apr-2024 21:24:36","2024-04-04 21:24:36","04-Apr-2024 21:24:43","00:00:07","https://nsearchives.nseindia.com/corporate/HDFCBANK_04042024212436_SE_Intimation_Reg_30_Indraprastha.pdf"
"HDFCBANK","HDFC Bank Limited","Updates","HDFC Bank Limited has informed the Exchange regarding 'Intimation under SEBI (Listing Obligations and Disclosure Requirements) Regulations, 2015'.","04-Apr-2024 08:22:45","2024-04-04 08:22:45","04-Apr-2024 08:22:49","00:00:04","https://nsearchives.nseindia.com/corporate/HDFCBANK_04042024082245_Initial_fin_disclosure_mar2024.pdf"
"HDFCBANK","HDFC Bank Limited","Change in Management","HDFC Bank Limited has informed the Exchange about change in Management","01-Apr-2024 20:38:12","2024-04-01 20:38:12","01-Apr-2024 20:38:21","00:00:09","https://nsearchives.nseindia.com/corporate/HDFCBANK_01042024203812_HDFCBankChangeInSMP_final1.pdf"
"HDFCBANK","HDFC Bank Limited","Shareholders meeting","HDFC Bank Limited has informed the Exchange regarding Notice of Postal Ballot","01-Apr-2024 17:43:15","2024-04-01 17:43:15","01-Apr-2024 17:43:21","00:00:06","https://nsearchives.nseindia.com/corporate/HDFCBANK_01042024174315_PostalBallotIntimation01Apr2024Fnl.pdf"
"HDFCBANK","HDFC Bank Limited","Shareholders meeting","HDFC Bank Limited has submitted the Exchange a copy Srutinizers report of  Postal Ballot. Further, the company has informed the Exchange regarding voting results.","01-Apr-2024 15:57:40","2024-04-01 15:57:40","01-Apr-2024 15:57:47","00:00:07","https://nsearchives.nseindia.com/corporate/HDFCBANK_01042024155740_SEPBResultFeb2024.pdf"
"HDFCBANK","HDFC Bank Limited","Diversification/Disinvestment","HDFC Bank Limited has informed the Exchange about Execution of binding term sheet as part of the process for sale of 100% equity shares held by HDFC Bank Limited in HDFC Education and Development Services Private Limited","30-Mar-2024 19:05:14","2024-03-30 19:05:14","30-Mar-2024 19:05:19","00:00:05","https://nsearchives.nseindia.com/corporate/HDFCBANK_30032024190514_HDFCBank_StockExchangeIntimation_30032024.pdf"
"HDFCBANK","HDFC Bank Limited","Change in Management","HDFC Bank Limited has informed the Exchange about change in Management","28-Mar-2024 21:26:27","2024-03-28 21:26:27","28-Mar-2024 21:26:34","00:00:07","https://nsearchives.nseindia.com/corporate/HDFCBANK_28032024212627_SEIntimation28032024.pdf"
"HDFCBANK","HDFC Bank Limited","Loss of Share Certificates","HDFC Bank Limited has informed the Exchange about Loss of Share Certificates","27-Mar-2024 11:06:57","2024-03-27 11:06:57","27-Mar-2024 11:07:11","00:00:14","https://nsearchives.nseindia.com/corporate/HDFCBANK_27032024110657_SEintimation_Noticeforlossofshares_27Mar2024.pdf"
"HDFCBANK","HDFC Bank Limited","Loss of Share Certificates","HDFC Bank Limited has informed the Exchange about Loss of Share Certificates","26-Mar-2024 14:08:05","2024-03-26 14:08:05","26-Mar-2024 14:08:19","00:00:14","https://nsearchives.nseindia.com/corporate/HDFCBANK_26032024140805_SELossofSC26Mar2024.pdf"
"HDFCBANK","HDFC Bank Limited","Updates","HDFC Bank Limited has informed the Exchange regarding 'Intimation under Regulations 30, 51(1) and 51(2) of the SEBI (Listing Obligations and Disclosure Requirements) Regulations, 2015'.","20-Mar-2024 22:57:44","2024-03-20 22:57:44","20-Mar-2024 22:57:48","00:00:04","https://nsearchives.nseindia.com/corporate/HDFCBANK_20032024225744_SE_Disclosure_20mar2024.pdf"
"HDFCBANK","HDFC Bank Limited","Updates","HDFC Bank Limited has informed the Exchange regarding 'Intimation under Regulations 30, 51(1) and 51(2) of the SEBI (Listing Obligations and Disclosure Requirements) Regulations, 2015'.","20-Mar-2024 00:11:36","2024-03-20 00:11:36","20-Mar-2024 00:11:41","00:00:05","https://nsearchives.nseindia.com/corporate/HDFCBANK_20032024001136_SEDisclosure19032024.pdf"
"HDFCBANK","HDFC Bank Limited","ESOP/ESOS/ESPS","HDFC Bank Limited has informed the Exchange regarding Allotment of 286287  Shares.","19-Mar-2024 20:28:45","2024-03-19 20:28:45","19-Mar-2024 20:28:51","00:00:06","https://nsearchives.nseindia.com/corporate/HDFCBANK_19032024202845_SELetterESOP19mar2024.pdf"
"HDFCBANK","HDFC Bank Limited","Updates","HDFC Bank Limited has informed the Exchange regarding 'Intimation under Regulation 30 of SEBI (Listing Obligations and Disclosure Requirements) Regulations, 2015'.","19-Mar-2024 20:07:13","2024-03-19 20:07:13","19-Mar-2024 20:07:20","00:00:07","https://nsearchives.nseindia.com/corporate/HDFCBANK_19032024200713_19Mar2024_LODRDisclosure_TamilNadu.pdf"
"HDFCBANK","HDFC Bank Limited","Loss of Share Certificates","HDFC Bank Limited has informed the Exchange about Loss of Share Certificates","19-Mar-2024 17:06:08","2024-03-19 17:06:08","19-Mar-2024 17:06:15","00:00:07","https://nsearchives.nseindia.com/corporate/HDFCBANK_19032024170608_SEintimation_Noticeforlossofshares_19Mar2024.pdf"
"HDFCBANK","HDFC Bank Limited","Updates","HDFC Bank Limited has informed the Exchange regarding 'Disclosure'.","18-Mar-2024 22:12:10","2024-03-18 22:12:10","18-Mar-2024 22:12:16","00:00:06","https://nsearchives.nseindia.com/corporate/HDFCBANK_18032024221210_SEIntimationArvindKapil.pdf"
"HDFCBANK","HDFC Bank Limited","Loss of Share Certificates","HDFC Bank Limited has informed the Exchange about Loss of Share Certificates","18-Mar-2024 17:56:54","2024-03-18 17:56:54","18-Mar-2024 17:57:04","00:00:10","https://nsearchives.nseindia.com/corporate/HDFCBANK_18032024175655_SELossofSC18Mar2024.pdf"
"HDFCBANK","HDFC Bank Limited","ESOP/ESOS/ESPS","HDFC Bank Limited has informed the Exchange regarding Allotment of 206659  Shares.","13-Mar-2024 20:50:10","2024-03-13 20:50:10","13-Mar-2024 20:50:16","00:00:06","https://nsearchives.nseindia.com/corporate/HDFCBANK_13032024205011_SELetterESOP13mar2024.pdf"
"HDFCBANK","HDFC Bank Limited","Loss of Share Certificates","HDFC Bank Limited has informed the Exchange about Loss of Share Certificates","11-Mar-2024 16:43:58","2024-03-11 16:43:58","11-Mar-2024 16:44:09","00:00:11","https://nsearchives.nseindia.com/corporate/HDFCBANK_11032024164358_SELossofSC11Mar2024.pdf"
"HDFCBANK","HDFC Bank Limited","Updates","HDFC Bank Limited has informed the Exchange regarding 'Intimation under Regulation 30 of SEBI (Listing Obligations and Disclosure Requirements) Regulations, 2015'.","07-Mar-2024 22:08:54","2024-03-07 22:08:54","07-Mar-2024 22:08:59","00:00:05","https://nsearchives.nseindia.com/corporate/HDFCBANK_07032024220854_07Mar2024_LODRDisclosure.pdf"
"HDFCBANK","HDFC Bank Limited","Analysts/Institutional Investor Meet/Con. Call Updates","HDFC Bank Limited has informed the Exchange about Presentation","06-Mar-2024 18:23:27","2024-03-06 18:23:27","06-Mar-2024 18:23:34","00:00:07","https://nsearchives.nseindia.com/corporate/HDFCBANK_06032024182327_AnalystMeetPresentation06mar2024.pdf"
"HDFCBANK","HDFC Bank Limited","Updates","HDFC Bank Limited has informed the Exchange regarding 'Intimation under Regulation 30 of SEBI (Listing Obligations and Disclosure Requirements) Regulations, 2015 '.","06-Mar-2024 17:37:34","2024-03-06 17:37:34","06-Mar-2024 17:37:40","00:00:06","https://nsearchives.nseindia.com/corporate/HDFCBANK_06032024173734_06Mar2024_LODRDisclosure_GujaratNB.pdf"
"HDFCBANK","HDFC Bank Limited","Updates","HDFC Bank Limited has informed the Exchange regarding 'Intimation of Schedule of Analyst / Institutional Investor Meetings '.","05-Mar-2024 19:56:10","2024-03-05 19:56:10","05-Mar-2024 19:56:16","00:00:06","https://nsearchives.nseindia.com/corporate/HDFCBANK_05032024195610_Scheduleofinvestoranalystmeetmar2024.pdf"
"HDFCBANK","HDFC Bank Limited","Loss of Share Certificates","HDFC Bank Limited has informed the Exchange about Loss of Share Certificates","04-Mar-2024 15:04:27","2024-03-04 15:04:27","04-Mar-2024 15:04:32","00:00:05","https://nsearchives.nseindia.com/corporate/HDFCBANK_04032024150427_SELossofSC04mar2024.pdf"
"HDFCBANK","HDFC Bank Limited","Updates","HDFC Bank Limited has informed the Exchange regarding 'Intimation under Regulation 30 of SEBI (Listing Obligations and Disclosure Requirements) Regulations, 2015 '.","02-Mar-2024 14:18:44","2024-03-02 14:18:44","02-Mar-2024 14:18:51","00:00:07","https://nsearchives.nseindia.com/corporate/HDFCBANK_02032024141844_settlement_order_02mar2024.pdf"
"HDFCBANK","HDFC Bank Limited","Change in Director(s)","HDFC Bank Limited has informed the Exchange regarding Change in Director(s) of the company.","29-Feb-2024 18:03:11","2024-02-29 18:03:11","29-Feb-2024 18:03:18","00:00:07","https://nsearchives.nseindia.com/corporate/HDFCBANK_29022024180311_SEIntimation_UCS.pdf"
"HDFCBANK","HDFC Bank Limited","Analysts/Institutional Investor Meet/Con. Call Updates","HDFC Bank Limited has informed the Exchange about Schedule of meet","28-Feb-2024 21:15:05","2024-02-28 21:15:05","28-Feb-2024 21:15:12","00:00:07","https://nsearchives.nseindia.com/corporate/HDFCBANK_28022024211505_SEIntimation24022024.pdf"
"HDFCBANK","HDFC Bank Limited","Updates","HDFC Bank Limited has informed the Exchange regarding 'Intimation under Regulation 30 of the Securities and Exchange Board of India (Listing Obligations and Disclosure Requirements) Regulations, 2015   Sale of shares of _Indraprastha Medical Corporation Limited by HDFC Bank and erstwhile HDFC Ltd.'.","28-Feb-2024 21:00:32","2024-02-28 21:00:32","28-Feb-2024 21:00:38","00:00:06","https://nsearchives.nseindia.com/corporate/HDFCBANK_28022024210033_SEIntimation_Indraprastha_disclosure.pdf"
"HDFCBANK","HDFC Bank Limited","ESOP/ESOS/ESPS","HDFC Bank Limited has informed the Exchange regarding Allotment of 622794  Shares.","28-Feb-2024 20:32:27","2024-02-28 20:32:27","28-Feb-2024 20:32:32","00:00:05","https://nsearchives.nseindia.com/corporate/HDFCBANK_28022024203227_SELetterESOP28Feb2024.pdf"
"HDFCBANK","HDFC Bank Limited","Loss of Share Certificates","HDFC Bank Limited has informed the Exchange about Loss of Share Certificates","27-Feb-2024 17:09:06","2024-02-27 17:09:06","27-Feb-2024 17:09:11","00:00:05","https://nsearchives.nseindia.com/corporate/HDFCBANK_27022024170906_SEintimationNoticeforlossofshares27Feb2024.pdf"
"HDFCBANK","HDFC Bank Limited","Shareholders meeting","HDFC Bank Limited has informed the Exchange regarding Notice of Postal Ballot","26-Feb-2024 15:46:03","2024-02-26 15:46:03","26-Feb-2024 15:46:10","00:00:07","https://nsearchives.nseindia.com/corporate/HDFCBANK_26022024154603_SEIntimation_Postal_Ballot_Notice.pdf"
"HDFCBANK","HDFC Bank Limited","Loss of Share Certificates","HDFC Bank Limited has informed the Exchange about Loss of Share Certificates","26-Feb-2024 15:03:28","2024-02-26 15:03:28","26-Feb-2024 15:03:33","00:00:05","https://nsearchives.nseindia.com/corporate/HDFCBANK_26022024150328_SEIntimation_26Feb2024.pdf"
"HDFCBANK","HDFC Bank Limited","Copy of Newspaper Publication","HDFC Bank Limited has informed the Exchange about Copy of Newspaper Publication","25-Feb-2024 16:00:52","2024-02-25 16:00:52","25-Feb-2024 16:00:57","00:00:05","https://nsearchives.nseindia.com/corporate/HDFCBANK_25022024160052_SEIntimation25022024_Public_Notice_credila.pdf"
"HDFCBANK","HDFC Bank Limited","Updates","HDFC Bank Limited has informed the Exchange regarding 'Approval from Reserve Bank of India ( RBI ) for sale of equity shares of HDFC Credila Financial Services Limited '.","23-Feb-2024 22:58:46","2024-02-23 22:58:46","23-Feb-2024 22:58:53","00:00:07","https://nsearchives.nseindia.com/corporate/HDFCBANK_23022024225846_HDFCBankRBISEDisclosure230224.pdf"
"HDFCBANK","HDFC Bank Limited","Loss of Share Certificates","HDFC Bank Limited has informed the Exchange about Loss of Share Certificates","21-Feb-2024 17:27:26","2024-02-21 17:27:26","21-Feb-2024 17:27:30","00:00:04","https://nsearchives.nseindia.com/corporate/HDFCBANK_21022024172726_SEintimationNoticeforlossofshares21Feb2024signed.pdf"
"HDFCBANK","HDFC Bank Limited","Loss of Share Certificates","HDFC Bank Limited has informed the Exchange about Loss of Share Certificates","20-Feb-2024 14:45:29","2024-02-20 14:45:29","20-Feb-2024 14:45:35","00:00:06","https://nsearchives.nseindia.com/corporate/HDFCBANK_20022024144529_SELossofSC20Feb2024.pdf"
"HDFCBANK","HDFC Bank Limited","Updates","HDFC Bank Limited has informed the Exchange regarding 'Grant of stock options under Employee Stock Option Schemes   ESOS 54 (ESOS LIV) and ESOS 55 (ESOS LV) and Grant of units under Employees  Stock Incentive Master Scheme - 2022   RSU 007 and RSU 008'.","19-Feb-2024 13:53:03","2024-02-19 13:53:03","19-Feb-2024 13:53:10","00:00:07","https://nsearchives.nseindia.com/corporate/HDFCBANK_19022024135303_ESOP_SE_intimation_February_2024.pdf"
"HDFCBANK","HDFC Bank Limited","Analysts/Institutional Investor Meet/Con. Call Updates","HDFC Bank Limited has informed the Exchange about Schedule of meet","15-Feb-2024 14:25:12","2024-02-15 14:25:12","15-Feb-2024 14:25:17","00:00:05","https://nsearchives.nseindia.com/corporate/HDFCBANK_15022024142512_SEIntimation15feb2024.pdf"
"HDFCBANK","HDFC Bank Limited","Analysts/Institutional Investor Meet/Con. Call Updates","HDFC Bank Limited has informed the Exchange about Schedule of meet","13-Feb-2024 17:27:33","2024-02-13 17:27:33","13-Feb-2024 17:27:56","00:00:23","https://nsearchives.nseindia.com/corporate/HDFCBANK_13022024172733_SEIntimationAnalystmeetfeb132024.pdf"
"HDFCBANK","HDFC Bank Limited","Loss of Share Certificates","HDFC Bank Limited has informed the Exchange about Loss of Share Certificates","13-Feb-2024 15:57:35","2024-02-13 15:57:35","13-Feb-2024 15:57:43","00:00:08","https://nsearchives.nseindia.com/corporate/HDFCBANK_13022024155735_SEintimationNoticeforlossofshares13Feb2024.pdf"
"HDFCBANK","HDFC Bank Limited","Updates","HDFC Bank Limited has informed the Exchange regarding 'Intimation under Regulation 30 of SEBI (Listing Obligations and Disclosure Requirements) Regulations, 2015 ( SEBI LODR Regulations )'.","12-Feb-2024 22:52:38","2024-02-12 22:52:38","12-Feb-2024 22:52:44","00:00:06","https://nsearchives.nseindia.com/corporate/HDFCBANK_12022024225238_12Feb2024_LODRDisclosure_WestBengalNB.pdf"
"HDFCBANK","HDFC Bank Limited","Allotment of Securities","HDFC Bank Limited has informed the Exchange regarding allotment of 236822 securities pursuant to ESOP/ESPS at its meeting held on February 12, 2024","12-Feb-2024 20:43:20","2024-02-12 20:43:20","12-Feb-2024 20:43:26","00:00:06","https://nsearchives.nseindia.com/corporate/HDFCBANK_12022024204320_SELetterESOP12Feb2024.pdf"
"HDFCBANK","HDFC Bank Limited","Loss of Share Certificates","HDFC Bank Limited has informed the Exchange about Loss of Share Certificates","12-Feb-2024 16:33:24","2024-02-12 16:33:24","12-Feb-2024 16:33:30","00:00:06","https://nsearchives.nseindia.com/corporate/HDFCBANK_12022024163325_SEIntimatio_12022024.pdf"
"HDFCBANK","HDFC Bank Limited","Updates","HDFC Bank Limited has informed the Exchange regarding 'Intimation of Schedule of Analyst/ Institutional Investor Meetings'.","08-Feb-2024 15:27:01","2024-02-08 15:27:01","08-Feb-2024 15:27:08","00:00:07","https://nsearchives.nseindia.com/corporate/HDFCBANK_08022024152701_SEIntimation_Analystmeet_Feb8_2024.pdf"
"HDFCBANK","HDFC Bank Limited","Updates","HDFC Bank Limited has informed the Exchange regarding 'Intimation under Regulation 30 of the Securities and Exchange Board of India (Listing Obligations and Disclosure Requirements) Regulations, 2015'.","06-Feb-2024 21:50:39","2024-02-06 21:50:39","06-Feb-2024 21:50:47","00:00:08","https://nsearchives.nseindia.com/corporate/HDFCBANK_06022024215040_unsecuredbondissue06feb2024.pdf"
"HDFCBANK","HDFC Bank Limited","Updates","HDFC Bank Limited has informed the Exchange regarding 'Intimation under Regulation 30 of the SEBI (Listing Obligations and Disclosure Requirements) Regulations, 2015'.","06-Feb-2024 09:06:06","2024-02-06 09:06:06","06-Feb-2024 09:06:12","00:00:06","https://nsearchives.nseindia.com/corporate/HDFCBANK_06022024090606_RReg30intimationRBIapprovalforinvestmentinBanks.pdf"
"HDFCBANK","HDFC Bank Limited","Analysts/Institutional Investor Meet/Con. Call Updates","HDFC Bank Limited has informed the Exchange about Presentation","05-Feb-2024 18:58:42","2024-02-05 18:58:42","05-Feb-2024 18:58:56","00:00:14","https://nsearchives.nseindia.com/corporate/HDFCBANK_05022024185842_CovInvestorpresentation5feb2024.pdf"
"HDFCBANK","HDFC Bank Limited","Loss of Share Certificates","HDFC Bank Limited has informed the Exchange about Loss of Share Certificates","05-Feb-2024 14:50:37","2024-02-05 14:50:37","05-Feb-2024 14:50:44","00:00:07","https://nsearchives.nseindia.com/corporate/HDFCBANK_05022024145037_SEIntimation05042024loss.pdf"
"HDFCBANK","HDFC Bank Limited","Acquisition","HDFC Bank Limited has informed the Exchange about Acquisition under Regulation 30 of the SEBI (Listing Obligations and Disclosure Requirements) Regulations, 2015","02-Feb-2024 21:47:25","2024-02-02 21:47:25","02-Feb-2024 21:47:30","00:00:05","https://nsearchives.nseindia.com/corporate/HDFCBANK_02022024214725_SE_Intimation_RBMS.pdf"
"HDFCBANK","HDFC Bank Limited","Analysts/Institutional Investor Meet/Con. Call Updates","HDFC Bank Limited has informed the Exchange about Schedule of meet","31-Jan-2024 16:48:18","2024-01-31 16:48:18","31-Jan-2024 16:48:31","00:00:13","https://nsearchives.nseindia.com/corporate/HDFCBANK_31012024164818_Scheduleofinvestoranalystmeet6feb2024.pdf"
"HDFCBANK","HDFC Bank Limited","Analysts/Institutional Investor Meet/Con. Call Updates","HDFC Bank Limited has informed the Exchange about Schedule of meet","31-Jan-2024 12:20:18","2024-01-31 12:20:18","31-Jan-2024 12:20:24","00:00:06","https://nsearchives.nseindia.com/corporate/HDFCBANK_31012024122018_Scheduleofinvestoranalystmeet5feb2024.pdf"
"HDFCBANK","HDFC Bank Limited","ESOP/ESOS/ESPS","HDFC Bank Limited has informed the Exchange regarding Allotment of 1317822  Shares.","30-Jan-2024 20:50:58","2024-01-30 20:50:58","30-Jan-2024 20:51:02","00:00:04","https://nsearchives.nseindia.com/corporate/HDFCBANK_30012024205058_SELetterESOP30jan2024.pdf"
"HDFCBANK","HDFC Bank Limited","Loss of Share Certificates","HDFC Bank Limited has informed the Exchange about Loss of Share Certificates","29-Jan-2024 15:26:39","2024-01-29 15:26:39","29-Jan-2024 15:26:45","00:00:06","https://nsearchives.nseindia.com/corporate/HDFCBANK_29012024152639_SELossofSC29jan2024.pdf"
"HDFCBANK","HDFC Bank Limited","Updates","HDFC Bank Limited has informed the Exchange regarding 'Intimation under Regulation 30 of the Securities and Exchange Board of India (ListingObligations and Disclosure Requirements) Regulations, 2015'.","25-Jan-2024 20:41:29","2024-01-25 20:41:29","25-Jan-2024 20:41:34","00:00:05","https://nsearchives.nseindia.com/corporate/HDFCBANK_25012024204129_SEIntimationLIC25jan2024.pdf"
"HDFCBANK","HDFC Bank Limited","Loss of Share Certificates","HDFC Bank Limited has informed the Exchange about Loss of Share Certificates","24-Jan-2024 13:42:03","2024-01-24 13:42:03","24-Jan-2024 13:42:10","00:00:07","https://nsearchives.nseindia.com/corporate/HDFCBANK_24012024134203_SEintimation_Noticeforlossofshares_24jan2024.pdf"
"HDFCBANK","HDFC Bank Limited","Updates","HDFC Bank Limited has informed the Exchange regarding 'Sale of shares of Computer Age Management Services Limited by HDFC Bank Limited'.","23-Jan-2024 23:12:55","2024-01-23 23:12:55","23-Jan-2024 23:13:00","00:00:05","https://nsearchives.nseindia.com/corporate/HDFCBANK_23012024231255_SEintimation_23jan2023.pdf"
"HDFCBANK","HDFC Bank Limited","ESOP/ESOS/ESPS","HDFC Bank Limited has informed the Exchange regarding Grant of 429400  Options.","23-Jan-2024 13:09:10","2024-01-23 13:09:10","23-Jan-2024 13:09:15","00:00:05","https://nsearchives.nseindia.com/corporate/HDFCBANK_23012024130910_ESOPSEintimation_January2024.pdf"
"HDFCBANK","HDFC Bank Limited","Loss of Share Certificates","HDFC Bank Limited has informed the Exchange about Loss of Share Certificates","23-Jan-2024 12:54:35","2024-01-23 12:54:35","23-Jan-2024 12:54:42","00:00:07","https://nsearchives.nseindia.com/corporate/HDFCBANK_23012024125435_SELossofSC23jan2024.pdf"
"HDFCBANK","HDFC Bank Limited","Analysts/Institutional Investor Meet/Con. Call Updates","HDFC Bank Limited has informed the Exchange about Transcript","23-Jan-2024 12:50:03","2024-01-23 12:50:03","23-Jan-2024 12:50:08","00:00:05","https://nsearchives.nseindia.com/corporate/HDFCBANK_23012024125003_SEIntimationTranscriptofearningscall16Jan2024.pdf"
"HDFCBANK","HDFC Bank Limited","ESOP/ESOS/ESPS","HDFC Bank Limited has informed the Exchange regarding Allotment of 1755544  Shares.","19-Jan-2024 20:47:56","2024-01-19 20:47:56","19-Jan-2024 20:48:02","00:00:06","https://nsearchives.nseindia.com/corporate/HDFCBANK_19012024204756_SELetterESOP19jan2024.pdf"
"HDFCBANK","HDFC Bank Limited","Certificate under SEBI (Depositories and Participants) Regulations, 2018","HDFC Bank Limited has informed the Exchange about Certificate under SEBI (Depositories and Participants) Regulations, 2018","19-Jan-2024 16:01:17","2024-01-19 16:01:17","19-Jan-2024 16:01:28","00:00:11","https://nsearchives.nseindia.com/corporate/HDFCBANK_19012024160117_SEReg7431122023.pdf"
"HDFCBANK","HDFC Bank Limited","Analysts/Institutional Investor Meet/Con. Call Updates","HDFC Bank Limited has informed the Exchange about Presentation and Link of Recording","16-Jan-2024 22:21:04","2024-01-16 22:21:04","16-Jan-2024 22:21:10","00:00:06","https://nsearchives.nseindia.com/corporate/HDFCBANK_16012024222104_SEintimation_Recording_Presentation.pdf"
"HDFCBANK","HDFC Bank Limited","Press Release","HDFC Bank Limited has informed the Exchange regarding a press release dated January 16, 2024, titled ""Financial Results (Indian GAAP) for the quarter and nine months ended December 31, 2023"".","16-Jan-2024 16:01:06","2024-01-16 16:01:06","16-Jan-2024 16:01:13","00:00:07","https://nsearchives.nseindia.com/corporate/HDFCBANK_16012024160106_SEPressReleaseDec2023.pdf"
"HDFCBANK","HDFC Bank Limited","Financial Result Updates","HDFC Bank Limited has submitted to the Exchange, the financial results for the period ended December 31, 2023.","16-Jan-2024 15:53:02","2024-01-16 15:53:02","16-Jan-2024 15:53:07","00:00:05","https://nsearchives.nseindia.com/corporate/SEResultDec2023_16012024155302.pdf"
"HDFCBANK","HDFC Bank Limited","Loss of Share Certificates","HDFC Bank Limited has informed the Exchange about Loss of Share Certificates","15-Jan-2024 14:02:47","2024-01-15 14:02:47","15-Jan-2024 14:02:52","00:00:05","https://nsearchives.nseindia.com/corporate/HDFCBANK_15012024140247_SELossofSC08jan2024.pdf"
"HDFCBANK","HDFC Bank Limited","Shareholders meeting","HDFC Bank Limited has submitted the Exchange a copy Srutinizers report of  Postal Ballot. Further, the company has informed the Exchange regarding voting results.","11-Jan-2024 16:14:02","2024-01-11 16:14:02","11-Jan-2024 16:14:14","00:00:12","https://nsearchives.nseindia.com/corporate/HDFCBANK_11012024161402_SEintimation_VR_PB_11jan2024_update.pdf"
"HDFCBANK","HDFC Bank Limited","Analysts/Institutional Investor Meet/Con. Call Updates","HDFC Bank Limited has informed the Exchange about Schedule of meet","11-Jan-2024 14:53:00","2024-01-11 14:53:00","11-Jan-2024 14:53:06","00:00:06","https://nsearchives.nseindia.com/corporate/HDFCBANK_11012024145300_SEintimationEarningsCallfor16jan2024.pdf"
"HDFCBANK","HDFC Bank Limited","Shareholders meeting","HDFC Bank Limited has submitted the Exchange a copy Srutinizers report of  Postal Ballot. Further, the company has informed the Exchange regarding voting results.","11-Jan-2024 14:42:04","2024-01-11 14:42:04","11-Jan-2024 14:42:10","00:00:06","https://nsearchives.nseindia.com/corporate/HDFCBANK_11012024144204_SEintimation_VR_PB_11jan2024.pdf"
"HDFCBANK","HDFC Bank Limited","Loss of Share Certificates","HDFC Bank Limited has informed the Exchange about Loss of Share Certificates","09-Jan-2024 16:54:06","2024-01-09 16:54:06","09-Jan-2024 16:54:11","00:00:05","https://nsearchives.nseindia.com/corporate/HDFCBANK_09012024165406_SEintimation_Noticeforlossofshares_09jan2024.pdf"
"HDFCBANK","HDFC Bank Limited","Loss of Share Certificates","HDFC Bank Limited has informed the Exchange about Loss of Share Certificates","08-Jan-2024 14:02:07","2024-01-08 14:02:07","08-Jan-2024 14:02:12","00:00:05","https://nsearchives.nseindia.com/corporate/HDFCBANK_08012024140207_SELossofSC08jan2024.pdf"
"HDFCBANK","HDFC Bank Limited","Updates","HDFC Bank Limited has informed the Exchange regarding 'Intimation under SEBI (Listing Obligations and Disclosure Requirements) Regulations, 2015'.","05-Jan-2024 09:05:02","2024-01-05 09:05:02","05-Jan-2024 09:05:07","00:00:05","https://nsearchives.nseindia.com/corporate/HDFCBANK_05012024090502_initialfindisclosure_31dec2023.pdf"
"HDFCBANK","HDFC Bank Limited","Loss of Share Certificates","HDFC Bank Limited has informed the Exchange about Loss of Share Certificates","03-Jan-2024 11:41:57","2024-01-03 11:41:57","03-Jan-2024 11:42:02","00:00:05","https://nsearchives.nseindia.com/corporate/HDFCBANK_03012024114157_SEintimation_Noticeforlossofshares_03jan2024.pdf"
"HDFCBANK","HDFC Bank Limited","Loss of Share Certificates","HDFC Bank Limited has informed the Exchange about Loss of Share Certificates","02-Jan-2024 15:57:46","2024-01-02 15:57:46","02-Jan-2024 15:57:51","00:00:05","https://nsearchives.nseindia.com/corporate/HDFCBANK_02012024155746_SELossofSC02jan2024.pdf"
"HDFCBANK","HDFC Bank Limited","Updates","HDFC Bank Limited has informed the Exchange regarding 'Consideration of candidature of Head Internal Audit of HDFC Bank Limited '.","31-Dec-2023 17:20:11","2023-12-31 17:20:11","31-Dec-2023 17:20:27","00:00:16","https://nsearchives.nseindia.com/corporate/HDFCBANK_31122023172011_SEIntimation_HIA.pdf"
"HDFCBANK","HDFC Bank Limited","ESOP/ESOS/ESPS","HDFC Bank Limited has informed the Exchange regarding Allotment of 451072  Shares.","29-Dec-2023 20:04:05","2023-12-29 20:04:05","29-Dec-2023 20:04:18","00:00:13","https://nsearchives.nseindia.com/corporate/HDFCBANK_29122023200405_SELetterESOP29Dec2023.pdf"
"HDFCBANK","HDFC Bank Limited","Updates","HDFC Bank Limited has informed the Exchange regarding 'Intimation under Regulation 30 of SEBI (Listing Obligations and Disclosure Requirements) Regulations, 2015 '.","28-Dec-2023 09:32:21","2023-12-28 09:32:21","28-Dec-2023 09:32:27","00:00:06","https://nsearchives.nseindia.com/corporate/HDFCBANK_28122023093221_SEIntimation28122023.pdf"
"HDFCBANK","HDFC Bank Limited","Loss of Share Certificates","HDFC Bank Limited has informed the Exchange about Loss of Share Certificates","27-Dec-2023 21:03:10","2023-12-27 21:03:10","27-Dec-2023 21:03:15","00:00:05","https://nsearchives.nseindia.com/corporate/HDFCBANK_27122023210310_SEintimationNoticeforlossofshares27Dec2023.pdf"
"HDFCBANK","HDFC Bank Limited","Change in Director(s)","HDFC Bank Limited has informed the Exchange regarding Change in Director(s) of the company.","27-Dec-2023 13:04:18","2023-12-27 13:04:18","27-Dec-2023 13:04:28","00:00:10","https://nsearchives.nseindia.com/corporate/HDFCBANK_27122023130418_Boardoutcome27122023.pdf"
"HDFCBANK","HDFC Bank Limited","Loss of Share Certificates","HDFC Bank Limited has informed the Exchange about Loss of Share Certificates","26-Dec-2023 15:40:41","2023-12-26 15:40:41","26-Dec-2023 15:40:47","00:00:06","https://nsearchives.nseindia.com/corporate/HDFCBANK_26122023154041_SELossofSC26Dec2023.pdf"
"HDFCBANK","HDFC Bank Limited","Allotment of Securities","HDFC Bank Limited has informed the Exchange regarding allotment of 742500 securities pursuant to Non Convertible Securities at its meeting held on December 20, 2023","20-Dec-2023 13:35:33","2023-12-20 13:35:33","20-Dec-2023 13:35:39","00:00:06","https://nsearchives.nseindia.com/corporate/HDFCBANK_20122023133533_SE_Intimation_NCD_allotment_20122023.pdf"
"HDFCBANK","HDFC Bank Limited","Loss of Share Certificates","HDFC Bank Limited has informed the Exchange about Loss of Share Certificates","19-Dec-2023 14:44:37","2023-12-19 14:44:37","19-Dec-2023 14:44:49","00:00:12","https://nsearchives.nseindia.com/corporate/HDFCBANK_19122023144437_SEintimationNoticeforlossofshares19Dec2023.pdf"
"HDFCBANK","HDFC Bank Limited","ESOP/ESOS/ESPS","HDFC Bank Limited has informed the Exchange regarding  of 1543447  Options.","18-Dec-2023 20:37:38","2023-12-18 20:37:38","18-Dec-2023 20:37:44","00:00:06","https://nsearchives.nseindia.com/corporate/HDFCBANK_18122023203738_SELetterESOP18Dec2023.pdf"
"HDFCBANK","HDFC Bank Limited","Loss of Share Certificates","HDFC Bank Limited has informed the Exchange about Loss of Share Certificates","18-Dec-2023 15:13:13","2023-12-18 15:13:13","18-Dec-2023 15:13:19","00:00:06","https://nsearchives.nseindia.com/corporate/HDFCBANK_18122023151314_SELossofSC18Dec2023.pdf"
"HDFCBANK","HDFC Bank Limited","Updates","HDFC Bank Limited has informed the Exchange regarding 'Disclosure under Regulation 30 of the SEBI (Listing Obligations and Disclosure Requirements) Regulations, 2015 - Approval received from National Stock Exchange of India Limited and BSE Limited to HDFC Life Insurance Company Limited for reclassification of abrdn (Mauritius Holdings) 2006 Ltd. from ''Promoter'' to ''Public'' Category '.","13-Dec-2023 19:03:31","2023-12-13 19:03:31","13-Dec-2023 19:03:35","00:00:04","https://nsearchives.nseindia.com/corporate/HDFCBANK_13122023190331_HDFClifeIntimation.pdf"
"HDFCBANK","HDFC Bank Limited","Loss of Share Certificates","HDFC Bank Limited has informed the Exchange about Loss of Share Certificates","12-Dec-2023 16:08:03","2023-12-12 16:08:03","12-Dec-2023 16:08:07","00:00:04","https://nsearchives.nseindia.com/corporate/HDFCBANK_12122023160803_SEintimation12dec2023.pdf"
"HDFCBANK","HDFC Bank Limited","Loss of Share Certificates","HDFC Bank Limited has informed the Exchange about Loss of Share Certificates","11-Dec-2023 17:57:20","2023-12-11 17:57:20","11-Dec-2023 17:57:25","00:00:05","https://nsearchives.nseindia.com/corporate/HDFCBANK_11122023175720_SELossofSC11Dec2023.pdf"
"HDFCBANK","HDFC Bank Limited","ESOP/ESOS/ESPS","HDFC Bank Limited has informed the Exchange regarding Allotment of 721079  Shares.","11-Dec-2023 17:50:19","2023-12-11 17:50:19","11-Dec-2023 17:50:27","00:00:08","https://nsearchives.nseindia.com/corporate/HDFCBANK_11122023175019_SELetterESOP11Dec2023.pdf"
"HDFCBANK","HDFC Bank Limited","Shareholders meeting","HDFC Bank Limited has informed the Exchange regarding Notice of Postal Ballot","05-Dec-2023 18:49:48","2023-12-05 18:49:48","05-Dec-2023 18:49:53","00:00:05","https://nsearchives.nseindia.com/corporate/HDFCBANK_05122023184948_Intimationpostalballot_December2023.pdf"
"HDFCBANK","HDFC Bank Limited","Loss of Share Certificates","HDFC Bank Limited has informed the Exchange about Loss of Share Certificates","05-Dec-2023 16:38:41","2023-12-05 16:38:41","05-Dec-2023 16:38:47","00:00:06","https://nsearchives.nseindia.com/corporate/HDFCBANK_05122023163841_SEintimationNoticeforlossofshares05Dec2023.pdf"
"HDFCBANK","HDFC Bank Limited","Loss of Share Certificates","HDFC Bank Limited has informed the Exchange about Loss of Share Certificates","04-Dec-2023 16:34:16","2023-12-04 16:34:16","04-Dec-2023 16:34:21","00:00:05","https://nsearchives.nseindia.com/corporate/HDFCBANK_04122023163416_SEintimationLoss04122023.pdf"
"HDFCBANK","HDFC Bank Limited","Analysts/Institutional Investor Meet/Con. Call Updates","HDFC Bank Limited has informed the Exchange about Schedule of meet","01-Dec-2023 14:10:20","2023-12-01 14:10:20","01-Dec-2023 14:10:30","00:00:10","https://nsearchives.nseindia.com/corporate/HDFCBANK_01122023141020_Scheduleofinvestoranalystmeet01dec2023.pdf"
"HDFCBANK","HDFC Bank Limited","Updates","HDFC Bank Limited has informed the Exchange regarding 'Intimation under Regulation 30 of SEBI (Listing Obligations and Disclosure Requirements) Regulations, 2015'.","30-Nov-2023 17:50:27","2023-11-30 17:50:27","30-Nov-2023 17:50:35","00:00:08","https://nsearchives.nseindia.com/corporate/HDFCBANK_30112023175027_penaltybyRBI30nov2023.pdf"
"HDFCBANK","HDFC Bank Limited","Updates","HDFC Bank Limited has informed the Exchange regarding 'Intimation of Schedule of Analyst / Institutional Investor Meetings'.","29-Nov-2023 16:29:08","2023-11-29 16:29:08","29-Nov-2023 16:29:16","00:00:08","https://nsearchives.nseindia.com/corporate/HDFCBANK_29112023162908_Scheduleofinvestoranalystmeet29nov2023.pdf"
"HDFCBANK","HDFC Bank Limited","Loss of Share Certificates","HDFC Bank Limited has informed the Exchange about Loss of Share Certificates","28-Nov-2023 14:16:03","2023-11-28 14:16:03","28-Nov-2023 14:16:09","00:00:06","https://nsearchives.nseindia.com/corporate/HDFCBANK_28112023141603_SEintimation_Noticeforlossofshares.pdf"
"HDFCBANK","HDFC Bank Limited","Loss of Share Certificates","HDFC Bank Limited has informed the Exchange about Loss of Share Certificates","27-Nov-2023 17:45:25","2023-11-27 17:45:25","27-Nov-2023 17:45:32","00:00:07","https://nsearchives.nseindia.com/corporate/HDFCBANK_27112023174525_SELossofSC27nov2023.pdf"
"HDFCBANK","HDFC Bank Limited","Outcome of Board Meeting","HDFC Bank Limited has informed the Exchange regarding Outcome of Board Meeting held on November 27, 2023.","27-Nov-2023 09:06:10","2023-11-27 09:06:10","27-Nov-2023 09:06:16","00:00:06","https://nsearchives.nseindia.com/corporate/HDFCBANK_27112023090610_appointmentofDir_harshKumarBahnwalaandVSRangan.pdf"
"HDFCBANK","HDFC Bank Limited","Appointment","HDFC Bank Limited has informed the Exchange regarding Appointment of Mr V Srinivasa Rangan as Executive Director of the company w.e.f. November 23, 2023.","23-Nov-2023 22:57:29","2023-11-23 22:57:29","23-Nov-2023 22:57:34","00:00:05","https://nsearchives.nseindia.com/corporate/HDFCBANK_23112023225729_SEIntimation23112023RanganRBIapproval.pdf"
"HDFCBANK","HDFC Bank Limited","Updates","HDFC Bank Limited has informed the Exchange regarding 'Intimation of Schedule of Analyst / Institutional Investor Meetings'.","22-Nov-2023 16:51:43","2023-11-22 16:51:43","22-Nov-2023 16:51:51","00:00:08","https://nsearchives.nseindia.com/corporate/HDFCBANK_22112023165143_Scheduleofinvestoranalystmeet22nov2023.pdf"
"HDFCBANK","HDFC Bank Limited","ESOP/ESOS/ESPS","HDFC Bank Limited has informed the Exchange regarding Allotment of 547433  Shares.","21-Nov-2023 19:54:10","2023-11-21 19:54:10","21-Nov-2023 19:54:16","00:00:06","https://nsearchives.nseindia.com/corporate/HDFCBANK_21112023195410_SELetterESOP21Nov2023.pdf"
"HDFCBANK","HDFC Bank Limited","Updates","HDFC Bank Limited has informed the Exchange regarding 'Intimation of Schedule of Analyst / Institutional Investor Meetings'.","16-Nov-2023 17:49:12","2023-11-16 17:49:12","16-Nov-2023 17:49:17","00:00:05","https://nsearchives.nseindia.com/corporate/HDFCBANK_16112023174912_Scheduleofinvestoranalystmeet16nov2023.pdf"
"HDFCBANK","HDFC Bank Limited","Loss of Share Certificates","HDFC Bank Limited has informed the Exchange about Loss of Share Certificates","15-Nov-2023 13:36:55","2023-11-15 13:36:55","15-Nov-2023 13:37:00","00:00:05","https://nsearchives.nseindia.com/corporate/HDFCBANK_15112023133655_SEintimation_Noticeforlossofshares_15nov2023.pdf"
"HDFCBANK","HDFC Bank Limited","Loss of Share Certificates","HDFC Bank Limited has informed the Exchange about Loss of Share Certificates","13-Nov-2023 14:55:13","2023-11-13 14:55:13","13-Nov-2023 14:55:21","00:00:08","https://nsearchives.nseindia.com/corporate/HDFCBANK_13112023145513_SELossofSC13nov2023.pdf"
"HDFCBANK","HDFC Bank Limited","ESOP/ESOS/ESPS","HDFC Bank Limited has informed the Exchange regarding Allotment of 378092  Shares.","10-Nov-2023 20:23:52","2023-11-10 20:23:52","10-Nov-2023 20:24:00","00:00:08","https://nsearchives.nseindia.com/corporate/HDFCBANK_10112023202352_SELetterESOP10Nov2023.pdf"
"HDFCBANK","HDFC Bank Limited","Analysts/Institutional Investor Meet/Con. Call Updates","HDFC Bank Limited has informed the Exchange about Schedule of meet","09-Nov-2023 09:04:58","2023-11-09 09:04:58","09-Nov-2023 09:05:06","00:00:08","https://nsearchives.nseindia.com/corporate/HDFCBANK_09112023090459_Schedule_of_investor_analyst_meet_15Nov2023.pdf"
"HDFCBANK","HDFC Bank Limited","Loss of Share Certificates","HDFC Bank Limited has informed the Exchange about Loss of Share Certificates","07-Nov-2023 14:41:12","2023-11-07 14:41:12","07-Nov-2023 14:41:23","00:00:11","https://nsearchives.nseindia.com/corporate/HDFCBANK_07112023144112_SEintimation_Noticeforlossofshares_07nov2023.pdf"
"HDFCBANK","HDFC Bank Limited","Loss of Share Certificates","HDFC Bank Limited has informed the Exchange about Loss of Share Certificates","06-Nov-2023 15:02:03","2023-11-06 15:02:03","06-Nov-2023 15:02:13","00:00:10","https://nsearchives.nseindia.com/corporate/HDFCBANK_06112023150203_SELossofSC06nov2023.pdf"
"HDFCBANK","HDFC Bank Limited","Updates","HDFC Bank Limited has informed the Exchange regarding 'Intimation of Schedule of Analyst/Institutional Investor Meetings '.","01-Nov-2023 17:10:19","2023-11-01 17:10:19","01-Nov-2023 17:10:24","00:00:05","https://nsearchives.nseindia.com/corporate/HDFCBANK_01112023171019_SEintimation_analystmeetNov2023.pdf"
"HDFCBANK","HDFC Bank Limited","Updates","HDFC Bank Limited has informed the Exchange regarding 'Disclosure under Regulation 30 of SEBI( Listing Obligations and Disclosure Requirements) Regulations, 2015 - Appointment of Chief of Internal Vigilance of the Bank '.","01-Nov-2023 16:22:08","2023-11-01 16:22:08","01-Nov-2023 16:22:15","00:00:07","https://nsearchives.nseindia.com/corporate/HDFCBANK_01112023162208_SE_Chief_Vigilance_Officer_01112023.pdf"
"HDFCBANK","HDFC Bank Limited","Analysts/Institutional Investor Meet/Con. Call Updates","HDFC Bank Limited has informed the Exchange about Presentation","30-Oct-2023 20:58:27","2023-10-30 20:58:27","30-Oct-2023 20:58:32","00:00:05","https://nsearchives.nseindia.com/corporate/HDFCBANK_30102023205827_Outcome_of_investor_analyst_meet_buy_side_30102023.pdf"
"HDFCBANK","HDFC Bank Limited","Updates","HDFC Bank Limited has informed the Exchange regarding 'Grant of stock options under Employee Stock Option Schemes   ESOS 48, ESOS 49, ESOS50 and ESOS 51 and Grant of units under Employees  Stock Incentive Master Scheme - 2022  RSU 005 and RSU 006'.","25-Oct-2023 23:05:54","2023-10-25 23:05:54","25-Oct-2023 23:06:02","00:00:08","https://nsearchives.nseindia.com/corporate/HDFCBANK_25102023230554_SEintimationESOP48to51_RSU005_006.pdf"
"HDFCBANK","HDFC Bank Limited","ESOP/ESOS/ESPS","HDFC Bank Limited has informed the Exchange regarding Allotment of 7027573  Shares.","25-Oct-2023 21:27:29","2023-10-25 21:27:29","25-Oct-2023 21:27:34","00:00:05","https://nsearchives.nseindia.com/corporate/HDFCBANK_25102023212729_SEESOP25102023.pdf"
"HDFCBANK","HDFC Bank Limited","Analysts/Institutional Investor Meet/Con. Call Updates","HDFC Bank Limited has informed the Exchange about Schedule of meet","25-Oct-2023 17:58:54","2023-10-25 17:58:54","25-Oct-2023 17:58:59","00:00:05","https://nsearchives.nseindia.com/corporate/HDFCBANK_25102023175854_SE_Analystintimation_25102023.pdf"
"HDFCBANK","HDFC Bank Limited","Loss of Share Certificates","HDFC Bank Limited has informed the Exchange about Loss of Share Certificates","25-Oct-2023 14:37:43","2023-10-25 14:37:43","25-Oct-2023 14:37:54","00:00:11","https://nsearchives.nseindia.com/corporate/HDFCBANK_25102023143743_SEintimation_Noticeforlossofshares_25102023.pdf"
"HDFCBANK","HDFC Bank Limited","Loss of Share Certificates","HDFC Bank Limited has informed the Exchange about Loss of Share Certificates","23-Oct-2023 14:56:19","2023-10-23 14:56:19","23-Oct-2023 14:56:24","00:00:05","https://nsearchives.nseindia.com/corporate/HDFCBANK_23102023145619_SELossofSC23102023.pdf"
"HDFCBANK","HDFC Bank Limited","Analysts/Institutional Investor Meet/Con. Call Updates","HDFC Bank Limited has informed the Exchange about Transcript","21-Oct-2023 22:07:38","2023-10-21 22:07:38","21-Oct-2023 22:07:53","00:00:15","https://nsearchives.nseindia.com/corporate/HDFCBANK_21102023220738_SEIntimationEarning21102023.pdf"
"HDFCBANK","HDFC Bank Limited","Updates","HDFC Bank Limited has informed the Exchange regarding 'Report Of The Audit Committee And Independent Directors Of HDFC Bank Limited Certifying Distribution Of Proceeds To Eligible Shareholders Of Fractional Shares In Accordance With The Composite Scheme Of Amalgamation'.","19-Oct-2023 18:44:08","2023-10-19 18:44:08","19-Oct-2023 18:44:19","00:00:11","https://nsearchives.nseindia.com/corporate/HDFCBANK_19102023184408_Intimation_Fractional_Entitlement.pdf"
"HDFCBANK","HDFC Bank Limited","Loss of Share Certificates","HDFC Bank Limited has informed the Exchange about Loss of Share Certificates","18-Oct-2023 16:53:52","2023-10-18 16:53:52","18-Oct-2023 16:53:57","00:00:05","https://nsearchives.nseindia.com/corporate/HDFCBANK_18102023165352_SEintimation_Noticeforlossofshares_18102023.pdf"
"HDFCBANK","HDFC Bank Limited","Updates","HDFC Bank Limited has informed the Exchange regarding 'Certificate under Regulation 74(5) of SEBI (Depositories and Participants) Regulations, 2018 for the quarter ended September 30, 2023'.","17-Oct-2023 18:04:37","2023-10-17 18:04:37","17-Oct-2023 18:04:44","00:00:07","https://nsearchives.nseindia.com/corporate/HDFCBANK_17102023180437_SE_Intimation_DPreg74_5.pdf"
"HDFCBANK","HDFC Bank Limited","Updates","HDFC Bank Limited has informed the Exchange regarding 'Audio Recording of Earnings Call for the quarter ended September 30, 2023'.","16-Oct-2023 22:45:46","2023-10-16 22:45:46","16-Oct-2023 22:45:54","00:00:08","https://nsearchives.nseindia.com/corporate/HDFCBANK_16102023224546_SE_AudioRecording_16102023.pdf"
"HDFCBANK","HDFC Bank Limited","Related Party Transactions","HDFC Bank Limited has informed the Exchange about related Party Transactions","16-Oct-2023 17:17:19","2023-10-16 17:17:19","16-Oct-2023 17:17:24","00:00:05","https://nsearchives.nseindia.com/corporate/HDFCBANK_16102023171719_SERPT30092023.pdf"
"HDFCBANK","HDFC Bank Limited","Press Release","HDFC Bank Limited has informed the Exchange regarding a press release dated October 16, 2023, titled ""Press Release on the Unaudited Financial Results of HDFC Bank Limited for the quarter ended September 30, 2023"".","16-Oct-2023 16:11:59","2023-10-16 16:11:59","16-Oct-2023 16:12:06","00:00:07","https://nsearchives.nseindia.com/corporate/HDFCBANK_16102023161159_SEPressRelease30092023.pdf"
"HDFCBANK","HDFC Bank Limited","Financial Result Updates","HDFC Bank Limited has submitted to the Exchange, the financial results for the period ended September 30, 2023.","16-Oct-2023 15:50:41","2023-10-16 15:50:41","16-Oct-2023 15:50:48","00:00:07","https://nsearchives.nseindia.com/corporate/SEResult30092023_16102023155041.pdf"
"HDFCBANK","HDFC Bank Limited","Loss of Share Certificates","HDFC Bank Limited has informed the Exchange about Loss of Share Certificates","16-Oct-2023 12:52:12","2023-10-16 12:52:12","16-Oct-2023 12:52:18","00:00:06","https://nsearchives.nseindia.com/corporate/HDFCBANK_16102023125212_SELossofSC16102023.pdf"
"HDFCBANK","HDFC Bank Limited","Change in Director(s)","HDFC Bank Limited has informed the Exchange regarding Change in Director(s) of the company.","15-Oct-2023 19:01:27","2023-10-15 19:01:27","15-Oct-2023 19:01:33","00:00:06","https://nsearchives.nseindia.com/corporate/HDFCBANK_15102023190127_SE_intimation_15Oct23_Final.pdf"
"HDFCBANK","HDFC Bank Limited","Analysts/Institutional Investor Meet/Con. Call Updates","HDFC Bank Limited has informed the Exchange about  Earnings call for the unaudited financial results for the quarter/half year ended September30, 2023","10-Oct-2023 17:39:27","2023-10-10 17:39:27","10-Oct-2023 17:39:35","00:00:08","https://nsearchives.nseindia.com/corporate/HDFCBANK_10102023173927_Intimation_Analyst_meet_Earningscall_15_16102023.pdf"
"HDFCBANK","HDFC Bank Limited","Loss of Share Certificates","HDFC Bank Limited has informed the Exchange about Loss of Share Certificates","09-Oct-2023 13:57:07","2023-10-09 13:57:07","09-Oct-2023 13:57:12","00:00:05","https://nsearchives.nseindia.com/corporate/HDFCBANK_09102023135707_SELossofSC19102023.pdf"
"HDFCBANK","HDFC Bank Limited","Updates","HDFC Bank Limited has informed the Exchange regarding 'Intimation under SEBI (Listing Obligations and Disclosure Requirements) Regulations, 2015'.","04-Oct-2023 09:32:19","2023-10-04 09:32:19","04-Oct-2023 09:32:27","00:00:08","https://nsearchives.nseindia.com/corporate/HDFCBANK_04102023093219_Intimation04102023.pdf"
"HDFCBANK","HDFC Bank Limited","Appointment","HDFC Bank Limited has informed the Exchange regarding Appointment of Mr Rakesh Kumar Rajput as the Chief Compliance Officer of the company w.e.f. October 01, 2023.","29-Sep-2023 16:32:01","2023-09-29 16:32:01","29-Sep-2023 16:32:06","00:00:05","https://nsearchives.nseindia.com/corporate/HDFCBANK_29092023163201_SECCOintimation.pdf"
"HDFCBANK","HDFC Bank Limited","ESOP/ESOS/ESPS","HDFC Bank Limited has informed the Exchange regarding Allotment of 1678719  Shares.","27-Sep-2023 20:42:46","2023-09-27 20:42:46","27-Sep-2023 20:42:51","00:00:05","https://nsearchives.nseindia.com/corporate/HDFCBANK_27092023204246_SELetter_27Sep2023.pdf"
"HDFCBANK","HDFC Bank Limited","Analysts/Institutional Investor Meet/Con. Call Updates","HDFC Bank Limited has informed the Exchange about Schedule of meet","25-Sep-2023 19:06:46","2023-09-25 19:06:46","25-Sep-2023 19:06:55","00:00:09","https://nsearchives.nseindia.com/corporate/HDFCBANK_25092023190646_Outcome_of_investor_analyst_meet_JP_morgan_25Sept23.pdf"
"HDFCBANK","HDFC Bank Limited","Updates","HDFC Bank Limited has informed the Exchange regarding 'Sale of shares of Hindustan Oil Exploration Company Limited by HDFC Bank and erstwhile HDFC Ltd'.","22-Sep-2023 00:00:27","2023-09-22 00:00:27","22-Sep-2023 00:00:47","00:00:20","https://nsearchives.nseindia.com/corporate/HDFCBANK_22092023000027_SE_Intimation_Reg_30_HOECL_21092023_clean.pdf"
"HDFCBANK","HDFC Bank Limited","Updates","HDFC Bank Limited has informed the Exchange regarding 'Approval from the Reserve Bank of India to HDFC Asset Management Company Limited to acquire shares or voting rights in banking companies'.","21-Sep-2023 21:40:18","2023-09-21 21:40:18","21-Sep-2023 21:40:22","00:00:04","https://nsearchives.nseindia.com/corporate/HDFCBANK_21092023214018_SEintimationHDFCAMCacquisitionofsharesinbanks.pdf"
"HDFCBANK","HDFC Bank Limited","Analysts/Institutional Investor Meet/Con. Call Updates","HDFC Bank Limited has informed the Exchange about details of Analyst / Institutional Investor Meetings","21-Sep-2023 21:31:25","2023-09-21 21:31:25","21-Sep-2023 21:31:30","00:00:05","https://nsearchives.nseindia.com/corporate/HDFCBANK_21092023213125_OutcomeofinvestoranalystmeetJPMorgan21Sep2023.pdf"
"HDFCBANK","HDFC Bank Limited","Analysts/Institutional Investor Meet/Con. Call Updates","HDFC Bank Limited has informed the Exchange about Schedule of meet","21-Sep-2023 17:21:04","2023-09-21 17:21:04","21-Sep-2023 17:21:08","00:00:04","https://nsearchives.nseindia.com/corporate/HDFCBANK_21092023172105_Outcome_of_investor_analyst_meet_BOFA_21_Sept23.pdf"
"HDFCBANK","HDFC Bank Limited","Updates","HDFC Bank Limited has informed the Exchange regarding 'Business Responsibility and Sustainability Report'.","21-Sep-2023 17:05:08","2023-09-21 17:05:08","21-Sep-2023 17:05:14","00:00:06","https://nsearchives.nseindia.com/corporate/HDFCBANK_21092023170508_FINAL_BRR.pdf"
"HDFCBANK","HDFC Bank Limited","Analysts/Institutional Investor Meet/Con. Call Updates","HDFC Bank Limited has informed the Exchange about Schedule of meet","20-Sep-2023 16:50:34","2023-09-20 16:50:34","20-Sep-2023 16:50:38","00:00:04","https://nsearchives.nseindia.com/corporate/HDFCBANK_20092023165034_Intimation_Analyst_meet_JPMorgan_September_25_2023.pdf"
"HDFCBANK","HDFC Bank Limited","Loss of Share Certificates","HDFC Bank Limited has informed the Exchange about Loss of Share Certificates","20-Sep-2023 14:06:57","2023-09-20 14:06:57","20-Sep-2023 14:07:00","00:00:03","https://nsearchives.nseindia.com/corporate/HDFCBANK_20092023140657_LSCAdvSELossofSC29082023.pdf"
"HDFCBANK","HDFC Bank Limited","Updates","HDFC Bank Limited has informed the Exchange regarding 'Approval from the Reserve Bank of India (RBI) regarding re-appointmentof Managing Director and Chief Executive Officer of HDFC Bank Limited ( Bank )'.","19-Sep-2023 16:38:24","2023-09-19 16:38:24","19-Sep-2023 16:38:29","00:00:05","https://nsearchives.nseindia.com/corporate/HDFCBANK_19092023163824_SEIntimation19092023.pdf"
"HDFCBANK","HDFC Bank Limited","Analysts/Institutional Investor Meet/Con. Call Updates","HDFC Bank Limited has informed the Exchange about Link of Recording","18-Sep-2023 20:25:13","2023-09-18 20:25:13","18-Sep-2023 20:25:17","00:00:04","https://nsearchives.nseindia.com/corporate/HDFCBANK_18092023202513_Intimation_recording_and_participants_investoranalystmeet18Sept23.pdf"
"HDFCBANK","HDFC Bank Limited","ESOP/ESOS/ESPS","HDFC Bank Limited has informed the Exchange regarding Allotment of 4531881  Shares.","18-Sep-2023 20:18:44","2023-09-18 20:18:44","18-Sep-2023 20:18:48","00:00:04","https://nsearchives.nseindia.com/corporate/HDFCBANK_18092023201844_SEESOPLetter18Sep2023.pdf"
"HDFCBANK","HDFC Bank Limited","Analysts/Institutional Investor Meet/Con. Call Updates","HDFC Bank Limited has informed the Exchange about Presentation","18-Sep-2023 15:50:03","2023-09-18 15:50:03","18-Sep-2023 15:50:08","00:00:05","https://nsearchives.nseindia.com/corporate/HDFCBANK_18092023155003_Signed_Intimation_of_analyst_presentation.pdf"
"HDFCBANK","HDFC Bank Limited","Loss of Share Certificates","HDFC Bank Limited has informed the Exchange about Loss of Share Certificates","18-Sep-2023 14:08:03","2023-09-18 14:08:03","18-Sep-2023 14:08:22","00:00:19","https://nsearchives.nseindia.com/corporate/HDFCBANK_18092023140803_SELossofSC18092023.pdf"
"HDFCBANK","HDFC Bank Limited","Analysts/Institutional Investor Meet/Con. Call Updates","HDFC Bank Limited has informed the Exchange about Presentation","16-Sep-2023 17:15:58","2023-09-16 17:15:58","16-Sep-2023 17:16:02","00:00:04","https://nsearchives.nseindia.com/corporate/HDFCBANK_16092023171558_Outcomeofinvestoranalystmeet_16Sept23.pdf"
"HDFCBANK","HDFC Bank Limited","Analysts/Institutional Investor Meet/Con. Call Updates","HDFC Bank Limited has informed the Exchange about Schedule of meet","15-Sep-2023 15:34:14","2023-09-15 15:34:14","15-Sep-2023 15:34:27","00:00:13","https://nsearchives.nseindia.com/corporate/HDFCBANK_15092023153414_Scheduleofinvestoranalystmeet21Sept23.pdf"
"HDFCBANK","HDFC Bank Limited","Analysts/Institutional Investor Meet/Con. Call Updates","HDFC Bank Limited has informed the Exchange about Schedule of meet","14-Sep-2023 21:37:55","2023-09-14 21:37:55","14-Sep-2023 21:38:00","00:00:05","https://nsearchives.nseindia.com/corporate/HDFCBANK_14092023213755_Scheduleofinvestoranalystmeet16Sept23.pdf"
"HDFCBANK","HDFC Bank Limited","Updates","HDFC Bank Limited has informed the Exchange regarding 'Grant of stock options under Employee Stock Option Schemes   ESOS 45, ESOS 46 and ESOS 47 and Grant of units under Employees  Stock Incentive Master Scheme - 2022   RSU 004'.","13-Sep-2023 22:52:52","2023-09-13 22:52:52","13-Sep-2023 22:52:58","00:00:06","https://nsearchives.nseindia.com/corporate/HDFCBANK_13092023225252_ESOPRSUSEintimation.pdf"
"HDFCBANK","HDFC Bank Limited","Analysts/Institutional Investor Meet/Con. Call Updates","HDFC Bank Limited has informed the Exchange about Schedule of meet","13-Sep-2023 21:52:57","2023-09-13 21:52:57","13-Sep-2023 21:53:11","00:00:14","https://nsearchives.nseindia.com/corporate/HDFCBANK_13092023215257_Schedule_of_investor_analyst_meet.pdf"
"HDFCBANK","HDFC Bank Limited","Analysts/Institutional Investor Meet/Con. Call Updates","HDFC Bank Limited has informed the Exchange about Schedule of meet","13-Sep-2023 21:44:27","2023-09-13 21:44:27","13-Sep-2023 21:44:35","00:00:08","https://nsearchives.nseindia.com/corporate/HDFCBANK_13092023214427_Schedule_of_investor_analyst_meet_18Sept23.pdf"
"HDFCBANK","HDFC Bank Limited","ESOP/ESOS/ESPS","HDFC Bank Limited has informed the Exchange regarding Allotment of  1854339  Shares.","08-Sep-2023 20:34:20","2023-09-08 20:34:20","08-Sep-2023 20:34:23","00:00:03","https://nsearchives.nseindia.com/corporate/HDFCBANK_08092023203420_SEESOP08092023.pdf"
"HDFCBANK","HDFC Bank Limited","Analysts/Institutional Investor Meet/Con. Call Updates","HDFC Bank Limited has informed the Exchange about Schedule of meet","08-Sep-2023 20:09:55","2023-09-08 20:09:55","08-Sep-2023 20:09:58","00:00:03","https://nsearchives.nseindia.com/corporate/HDFCBANK_08092023200955_Signed_Analyst_Outcome_8_Sep_2023.pdf"
"HDFCBANK","HDFC Bank Limited","Analysts/Institutional Investor Meet/Con. Call Updates","HDFC Bank Limited has informed the Exchange about Schedule of meet","07-Sep-2023 18:03:29","2023-09-07 18:03:29","07-Sep-2023 18:03:45","00:00:16","https://nsearchives.nseindia.com/corporate/HDFCBANK_07092023180329_Analyst_Outcome_7Sep_2023_Updated.pdf"
"HDFCBANK","HDFC Bank Limited","Analysts/Institutional Investor Meet/Con. Call Updates","HDFC Bank Limited has informed the Exchange about Schedule of meet","04-Sep-2023 18:54:16","2023-09-04 18:54:16","04-Sep-2023 18:54:25","00:00:09","https://nsearchives.nseindia.com/corporate/HDFCBANK_04092023185416_Analyst_8_Sep_2023.pdf"
"HDFCBANK","HDFC Bank Limited","Analysts/Institutional Investor Meet/Con. Call Updates","HDFC Bank Limited has informed the Exchange about Schedule of meet","04-Sep-2023 18:52:15","2023-09-04 18:52:15","04-Sep-2023 18:52:19","00:00:04","https://nsearchives.nseindia.com/corporate/HDFCBANK_04092023185215_Analyst_7_Sep_2023.pdf"
"HDFCBANK","HDFC Bank Limited","Loss of Share Certificates","HDFC Bank Limited has informed the Exchange about Loss of Share Certificates","04-Sep-2023 18:23:09","2023-09-04 18:23:09","04-Sep-2023 18:23:13","00:00:04","https://nsearchives.nseindia.com/corporate/HDFCBANK_04092023182309_SELossofSC28082023.pdf"
"HDFCBANK","HDFC Bank Limited","Analysts/Institutional Investor Meet/Con. Call Updates","HDFC Bank Limited has informed the Exchange about Schedule of meet","29-Aug-2023 18:53:34","2023-08-29 18:53:34","29-Aug-2023 18:53:38","00:00:04","https://nsearchives.nseindia.com/corporate/HDFCBANK_29082023185334_Analyst28Aug23.pdf"
"HDFCBANK","HDFC Bank Limited","Loss of Share Certificates","HDFC Bank Limited has informed the Exchange about Loss of Share Certificates","29-Aug-2023 12:45:15","2023-08-29 12:45:15","29-Aug-2023 12:45:22","00:00:07","https://nsearchives.nseindia.com/corporate/HDFCBANK_29082023124516_SELossofSC29082023.pdf"
"HDFCBANK","HDFC Bank Limited","Loss of Share Certificates","HDFC Bank Limited has informed the Exchange about Loss of Share Certificates","28-Aug-2023 12:17:32","2023-08-28 12:17:32","28-Aug-2023 12:17:38","00:00:06","https://nsearchives.nseindia.com/corporate/HDFCBANK_28082023121732_SELossofSC28082023.pdf"
"HDFCBANK","HDFC Bank Limited","ESOP/ESOS/ESPS","HDFC Bank Limited has informed the Exchange regarding Allotment of 7317824  Shares.","25-Aug-2023 20:56:41","2023-08-25 20:56:41","25-Aug-2023 20:56:46","00:00:05","https://nsearchives.nseindia.com/corporate/HDFCBANK_25082023205641_SEESOP.pdf"
"HDFCBANK","HDFC Bank Limited","Updates","HDFC Bank Limited has informed the Exchange regarding 'Re-appointment of Chief Risk Officer of HDFC Bank Limited'.","25-Aug-2023 17:08:26","2023-08-25 17:08:26","25-Aug-2023 17:08:36","00:00:10","https://nsearchives.nseindia.com/corporate/HDFCBANK_25082023170826_SEintimationCRO.pdf"
"HDFCBANK","HDFC Bank Limited","Updates","HDFC Bank Limited has informed the Exchange regarding 'Composite scheme of amalgamation ( Scheme ) for the amalgamation of: (i) erstwhile HDFC Investments Limited and erstwhile HDFC Holdings Limited, wholly-owned subsidiaries of erstwhile Housing Development Finance Corporation Limited ( HDFC Limited ) with and into erstwhile HDFC Limited; and (ii) erstwhile HDFC Limited with and into HDFC Bank Limited'.","23-Aug-2023 18:55:20","2023-08-23 18:55:20","23-Aug-2023 18:55:29","00:00:09","https://nsearchives.nseindia.com/corporate/HDFCBANK_23082023185520_SEIntimationforebearancesAug23.pdf"
"HDFCBANK","HDFC Bank Limited","Analysts/Institutional Investor Meet/Con. Call Updates","HDFC Bank Limited has informed the Exchange about Schedule of meet","23-Aug-2023 16:35:51","2023-08-23 16:35:51","23-Aug-2023 16:35:58","00:00:07","https://nsearchives.nseindia.com/corporate/HDFCBANK_23082023163551_SEintimationAnalystmeet23082023.pdf"
"HDFCBANK","HDFC Bank Limited","Loss of Share Certificates","HDFC Bank Limited has informed the Exchange about Loss of Share Certificates","22-Aug-2023 15:39:49","2023-08-22 15:39:49","22-Aug-2023 15:39:57","00:00:08","https://nsearchives.nseindia.com/corporate/HDFCBANK_22082023153949_SELossofSC22082023.pdf"
"HDFCBANK","HDFC Bank Limited","Allotment of Securities","HDFC Bank Limited has informed the Exchange regarding allotment of 25418 securities pursuant to Convertible Securities at its meeting held on August 21, 2023","21-Aug-2023 21:03:46","2023-08-21 21:03:46","21-Aug-2023 21:04:12","00:00:26","https://nsearchives.nseindia.com/corporate/HDFCBANK_21082023210346_SEintimation_warrantallotment.pdf"
"HDFCBANK","HDFC Bank Limited","Loss of Share Certificates","HDFC Bank Limited has informed the Exchange about Loss of Share Certificates","17-Aug-2023 14:27:57","2023-08-17 14:27:57","17-Aug-2023 14:28:10","00:00:13","https://nsearchives.nseindia.com/corporate/HDFCBANK_17082023142757_SELossofSC17082023.pdf"
"HDFCBANK","HDFC Bank Limited","Allotment of Securities","HDFC Bank Limited has informed the Exchange regarding allotment of 7546667 securities pursuant to Convertible Securities at its meeting held on August 16, 2023","16-Aug-2023 19:43:35","2023-08-16 19:43:35","16-Aug-2023 19:43:49","00:00:14","https://nsearchives.nseindia.com/corporate/HDFCBANK_16082023194335_SEintimation_warrantallotment16aug2023.pdf"
"HDFCBANK","HDFC Bank Limited","Loss of Share Certificates","HDFC Bank Limited has informed the Exchange about Loss of Share Certificates","16-Aug-2023 13:02:39","2023-08-16 13:02:39","16-Aug-2023 13:02:53","00:00:14","https://nsearchives.nseindia.com/corporate/HDFCBANK_16082023130239_SELossofSC16082023.pdf"
"HDFCBANK","HDFC Bank Limited","Shareholders meeting","HDFC Bank Limited has informed the Exchange regarding Proceedings of Annual General Meeting held on August 11, 2023","11-Aug-2023 22:29:16","2023-08-11 22:29:16","11-Aug-2023 22:29:28","00:00:12","https://nsearchives.nseindia.com/corporate/HDFCBANK_11082023222916_SEintimationAGMproceedings11aug2023.pdf"
"HDFCBANK","HDFC Bank Limited","Shareholders meeting","HDFC Bank Limited has submitted the Exchange a copy Srutinizers report of  Annual General Meeting held on August 11, 2023. Further, the company has informed the Exchange regarding voting results.","11-Aug-2023 22:25:54","2023-08-11 22:25:54","11-Aug-2023 22:26:07","00:00:13","https://nsearchives.nseindia.com/corporate/HDFCBANK_11082023222554_FINALSEAGMRESULT2023.pdf"
"HDFCBANK","HDFC Bank Limited","Allotment of Securities","HDFC Bank Limited has informed the Exchange regarding allotment of 8802466 securities pursuant to Convertible Securities at its meeting held on August 10, 2023","10-Aug-2023 15:09:15","2023-08-10 15:09:15","10-Aug-2023 15:09:36","00:00:21","https://nsearchives.nseindia.com/corporate/HDFCBANK_10082023150915_SEintimation_warrantallotment.pdf"
"HDFCBANK","HDFC Bank Limited","Updates","HDFC Bank Limited has informed the Exchange regarding 'Approval from Competition Commission of India for sale of equity shares of HDFC Credila Financial Services Limited'.","09-Aug-2023 15:59:43","2023-08-09 15:59:43","09-Aug-2023 16:00:03","00:00:20","https://nsearchives.nseindia.com/corporate/HDFCBANK_09082023155943_CredilaCCIapproval_09Aug2023.pdf"
"HDFCBANK","HDFC Bank Limited","Loss of Share Certificates","HDFC Bank Limited has informed the Exchange about Loss of Share Certificates","09-Aug-2023 11:25:41","2023-08-09 11:25:41","09-Aug-2023 11:25:57","00:00:16","https://nsearchives.nseindia.com/corporate/HDFCBANK_09082023112541_SELossofSC01082023.pdf"
"HDFCBANK","HDFC Bank Limited","Loss of Share Certificates","HDFC Bank Limited has informed the Exchange about Loss of Share Certificates","08-Aug-2023 15:00:05","2023-08-08 15:00:05","08-Aug-2023 15:00:34","00:00:29","https://nsearchives.nseindia.com/corporate/HDFCBANK_08082023150005_SELossofSC08082023.pdf"
"HDFCBANK","HDFC Bank Limited","Allotment of Securities","HDFC Bank Limited has informed the Exchange regarding allotment of 2846329 securities pursuant to Convertible Securities at its meeting held on August 04, 2023","04-Aug-2023 21:19:53","2023-08-04 21:19:53","04-Aug-2023 21:20:08","00:00:15","https://nsearchives.nseindia.com/corporate/HDFCBANK_04082023211953_SEintimation_warrantallotment04082023.pdf"
"HDFCBANK","HDFC Bank Limited","Loss of Share Certificates","HDFC Bank Limited has informed the Exchange about Loss of Share Certificates","01-Aug-2023 15:51:28","2023-08-01 15:51:28","01-Aug-2023 15:51:41","00:00:13","https://nsearchives.nseindia.com/corporate/HDFCBANK_01082023155128_SELossofSC01082023.pdf"
"HDFCBANK","HDFC Bank Limited","Loss of Share Certificates","HDFC Bank Limited has informed the Exchange about Loss of Share Certificates","31-Jul-2023 15:02:39","2023-07-31 15:02:39","31-Jul-2023 15:03:02","00:00:23","https://nsearchives.nseindia.com/corporate/HDFCBANK_31072023150239_SELossofSC31072023.pdf"
"HDFCBANK","HDFC Bank Limited","Record Date","HDFC Bank Limited has informed the Exchange that Record date for the purpose of Suspension of trading of warrants  is 10-Aug-2023.","29-Jul-2023 14:44:40","2023-07-29 14:44:40","29-Jul-2023 14:44:57","00:00:17","https://nsearchives.nseindia.com/corporate/HDFCBANK_29072023144440_SE_Intimation_Record_Date_Warrants.pdf"
"HDFCBANK","HDFC Bank Limited","Updates","HDFC Bank Limited has informed the Exchange regarding 'Intimation under Regulation 30 of the Securities and Exchange Board of India (Listing Obligations and Disclosure Requirements) Regulations, 2015'.","29-Jul-2023 14:31:26","2023-07-29 14:31:26","29-Jul-2023 14:31:40","00:00:14","https://nsearchives.nseindia.com/corporate/HDFCBANK_29072023143126_HCALSchemeupdate29Jul2023.pdf"
"HDFCBANK","HDFC Bank Limited","Allotment of Securities","HDFC Bank Limited has informed the Exchange regarding allotment of 2252208 securities pursuant to Convertible Securities at its meeting held on July 28, 2023","28-Jul-2023 21:49:38","2023-07-28 21:49:38","28-Jul-2023 21:49:45","00:00:07","https://nsearchives.nseindia.com/corporate/HDFCBANK_28072023214938_SEintimation_warrantallotment.pdf"
"HDFCBANK","HDFC Bank Limited","ESOP/ESOS/ESPS","HDFC Bank Limited has informed the Exchange regarding Allotment of 4088179  Shares.","25-Jul-2023 21:44:23","2023-07-25 21:44:23","25-Jul-2023 21:44:44","00:00:21","https://nsearchives.nseindia.com/corporate/HDFCBANK_25072023214423_25jul2023esopallotment.pdf"
"HDFCBANK","HDFC Bank Limited","Loss of Share Certificates","HDFC Bank Limited has informed the Exchange about Loss of Share Certificates","24-Jul-2023 16:23:51","2023-07-24 16:23:51","24-Jul-2023 16:23:59","00:00:08","https://nsearchives.nseindia.com/corporate/HDFCBANK_24072023162351_SELossofSC24072023.pdf"
"HDFCBANK","HDFC Bank Limited","Analysts/Institutional Investor Meet/Con. Call Updates","HDFC Bank Limited has informed the Exchange about Transcript","22-Jul-2023 14:03:47","2023-07-22 14:03:47","22-Jul-2023 14:03:56","00:00:09","https://nsearchives.nseindia.com/corporate/HDFCBANK_22072023140347_SEIntimationTranscript.pdf"
"HDFCBANK","HDFC Bank Limited","Allotment of Securities","HDFC Bank Limited has informed the Exchange regarding allotment of 3302544 securities pursuant to Convertible Securities at its meeting held on July 21, 2023","21-Jul-2023 14:18:50","2023-07-21 14:18:50","21-Jul-2023 14:18:58","00:00:08","https://nsearchives.nseindia.com/corporate/HDFCBANK_21072023141850_SEintimation_warrantallotment.pdf"
"HDFCBANK","HDFC Bank Limited","Copy of Newspaper Publication","HDFC Bank Limited has informed the Exchange about Copy of Newspaper Publication","20-Jul-2023 18:16:15","2023-07-20 18:16:15","20-Jul-2023 18:16:24","00:00:09","https://nsearchives.nseindia.com/corporate/HDFCBANK_20072023181615_SEintimation_Newsadpostdispatch.pdf"
"HDFCBANK","HDFC Bank Limited","Change in Director(s)","HDFC Bank Limited has informed the Exchange regarding Change in Director(s) of the company.","20-Jul-2023 18:09:04","2023-07-20 18:09:04","20-Jul-2023 18:09:11","00:00:07","https://nsearchives.nseindia.com/corporate/HDFCBANK_20072023180904_SEintimation_SS.pdf"
"HDFCBANK","HDFC Bank Limited","Analysts/Institutional Investor Meet/Con. Call Updates","HDFC Bank Limited has informed the Exchange about Link of Recording","18-Jul-2023 17:03:49","2023-07-18 17:03:49","18-Jul-2023 17:03:57","00:00:08","https://nsearchives.nseindia.com/corporate/HDFCBANK_18072023170349_SEintimation_Recording.pdf"
"HDFCBANK","HDFC Bank Limited","Updates","HDFC Bank Limited has informed the Exchange regarding 'Disclosure under Regulation 30 of SEBI (Listing Obligations and Disclosure Requirements) Regulations, 2015'.","18-Jul-2023 16:58:13","2023-07-18 16:58:13","18-Jul-2023 16:58:20","00:00:07","https://nsearchives.nseindia.com/corporate/HDFCBANK_18072023165813_Relata_SEintimation.pdf"
"HDFCBANK","HDFC Bank Limited","Loss of Share Certificates","HDFC Bank Limited has informed the Exchange about Loss of Share Certificates","17-Jul-2023 18:41:03","2023-07-17 18:41:03","17-Jul-2023 18:41:11","00:00:08","https://nsearchives.nseindia.com/corporate/HDFCBANK_17072023184103_SELossofSC17072023.pdf"
"HDFCBANK","HDFC Bank Limited","Financial Result Updates","HDFC Bank Limited has submitted to the Exchange, the financial results for the period ended June 30, 2023.","17-Jul-2023 12:45:33","2023-07-17 12:45:33","17-Jul-2023 12:45:36","00:00:03","https://nsearchives.nseindia.com/corporate/SEResult30062023_17072023124533.pdf"
"HDFCBANK","HDFC Bank Limited","Updates","HDFC Bank Limited has informed the Exchange regarding 'Shareholding Pattern post allotment of equity shares pursuant to the composite scheme of amalgamation'.","14-Jul-2023 16:10:49","2023-07-14 16:10:49","14-Jul-2023 16:10:54","00:00:05","https://nsearchives.nseindia.com/corporate/HDFCBANK_14072023161049_SESHPPOST14072023.pdf"
"HDFCBANK","HDFC Bank Limited","Allotment of Securities","HDFC Bank Limited has informed the Exchange regarding allotment of 3110396492 securities pursuant to Scheme of Arrangement/Amalgamation at its meeting held on July 14, 2023","14-Jul-2023 10:30:06","2023-07-14 10:30:06","14-Jul-2023 10:30:10","00:00:04","https://nsearchives.nseindia.com/corporate/HDFCBANK_14072023103007_SEIntimationforEquitysharesandWarrants140723.pdf"
"HDFCBANK","HDFC Bank Limited","Analysts/Institutional Investor Meet/Con. Call Updates","HDFC Bank Limited has informed the Exchange about Schedule of meet","12-Jul-2023 18:58:37","2023-07-12 18:58:37","12-Jul-2023 18:58:43","00:00:06","https://nsearchives.nseindia.com/corporate/HDFCBANK_12072023185837_SEintimationEarningsCall12072023.pdf"
"HDFCBANK","HDFC Bank Limited","Loss of Share Certificates","HDFC Bank Limited has informed the Exchange about Loss of Share Certificates","11-Jul-2023 15:23:40","2023-07-11 15:23:40","11-Jul-2023 15:23:50","00:00:10","https://nsearchives.nseindia.com/corporate/HDFCBANK_11072023152340_SELossofSC11072023.pdf"
"HDFCBANK","HDFC Bank Limited","Loss of Share Certificates","HDFC Bank Limited has informed the Exchange about Loss of Share Certificates","10-Jul-2023 14:52:14","2023-07-10 14:52:14","10-Jul-2023 14:52:24","00:00:10","https://nsearchives.nseindia.com/corporate/HDFCBANK_10072023145214_SELossofSC10072023.pdf"
"HDFCBANK","HDFC Bank Limited","Updates","HDFC Bank Limited has informed the Exchange regarding 'Disclosure under Regulation 30 of the SEBI (Listing Obligations & Disclosure Requirements) Regulations, 2015 ( SEBI Listing Regulations ) '.","08-Jul-2023 23:15:17","2023-07-08 23:15:17","08-Jul-2023 23:15:25","00:00:08","https://nsearchives.nseindia.com/corporate/HDFCBANK_08072023231517_SEDisclosure08072023.pdf"
"HDFCBANK","HDFC Bank Limited","Updates","HDFC Bank Limited has informed the Exchange regarding 'Intimation under SEBI (Listing Obligations and Disclosure Requirements) Regulations, 2015'.","05-Jul-2023 07:57:46","2023-07-05 07:57:46","05-Jul-2023 07:57:55","00:00:09","https://nsearchives.nseindia.com/corporate/HDFCBANK_05072023075747_InitialdisclosureJune2023.pdf"
"HDFCBANK","HDFC Bank Limited","Loss of Share Certificates","HDFC Bank Limited has informed the Exchange about Loss of Share Certificates","04-Jul-2023 16:08:36","2023-07-04 16:08:36","04-Jul-2023 16:08:51","00:00:15","https://nsearchives.nseindia.com/corporate/HDFCBANK_04072023160836_SELossofSC04072023.pdf"
"HDFCBANK","HDFC Bank Limited","Loss of Share Certificates","HDFC Bank Limited has informed the Exchange about Loss of Share Certificates","03-Jul-2023 14:10:55","2023-07-03 14:10:55","03-Jul-2023 14:11:10","00:00:15","https://nsearchives.nseindia.com/corporate/HDFCBANK_03072023141055_SELossofSC03072023.pdf"
"HDFCBANK","HDFC Bank Limited","Amalgamation/Merger","HDFC Bank Limited has informed the Exchange about Amalgamation/Merger","01-Jul-2023 07:35:19","2023-07-01 07:35:19","01-Jul-2023 07:35:22","00:00:03","https://nsearchives.nseindia.com/corporate/HDFCBANK_01072023073519_SEEffectiveDateJuly12023.pdf"
"HDFCBANK","HDFC Bank Limited","Change in Director(s)","HDFC Bank Limited has informed the Exchange regarding Change in Director(s) of the company.","30-Jun-2023 22:22:13","2023-06-30 22:22:13","30-Jun-2023 22:22:16","00:00:03","https://nsearchives.nseindia.com/corporate/HDFCBANK_30062023222213_SEintimationDirectorsChange.pdf"
"HDFCBANK","HDFC Bank Limited","Outcome of Board Meeting","HDFC Bank Limited has informed the Exchange regarding Outcome of Board Meeting held on Jun 30, 2023.","30-Jun-2023 22:16:05","2023-06-30 22:16:05","30-Jun-2023 22:16:10","00:00:05","https://nsearchives.nseindia.com/corporate/HDFCBANK_30062023221605_SEintimationOutcomeAGMdateUpdated.pdf"
"HDFCBANK","HDFC Bank Limited","Amalgamation/Merger","HDFC Bank Limited has informed the Exchange regarding Disclosure under Regulations 30, 42 and 60 of the Securities and Exchange Board of India (Listing Obligations and Disclosure Requirements) Regulations, 2015","30-Jun-2023 22:08:59","2023-06-30 22:08:59","30-Jun-2023 22:09:04","00:00:05","https://nsearchives.nseindia.com/corporate/HDFCBANK_30062023220859_20230629DraftSEIntimationforOutcomeofBoardMeeting.pdf"
"HDFCBANK","HDFC Bank Limited","Amalgamation/Merger","HDFC Bank Limited has informed the Exchange regarding Disclosure under Regulation 30 of the Securities and Exchange Board of India (Listing Obligations and Disclosure Requirements) Regulations, 2015, as amended   acquisition of stake in HDFC ERGO General Insurance Company Limited","30-Jun-2023 15:31:37","2023-06-30 15:31:37","30-Jun-2023 15:31:43","00:00:06","https://nsearchives.nseindia.com/corporate/HDFCBANK_30062023153137_SEIntimationHDFCERGO30jun2023.pdf"
"HDFCBANK","HDFC Bank Limited","Amalgamation/Merger","HDFC Bank Limited has informed the Exchange regarding Disclosure under Regulation 30 of the Securities and Exchange Board of India (Listing Obligations and Disclosure Requirements) Regulations, 2015, as amended   acquisition of stake in HDFC Life Insurance Company Limited","28-Jun-2023 22:44:57","2023-06-28 22:44:57","28-Jun-2023 22:45:00","00:00:03","https://nsearchives.nseindia.com/corporate/HDFCBANK_28062023224457_SEIntimationHDFCLife.pdf"
"HDFCBANK","HDFC Bank Limited","Amalgamation/Merger","HDFC Bank Limited has informed the Exchange regarding Composite scheme of amalgamation for the amalgamation of: (i) HDFC Investments Limited and HDFC Holdings Limited, wholly-owned subsidiaries of Housing Development Finance Corporation Limited with and into HDFC Limited; and (ii) HDFC Limited with and into HDFC Bank Limited","27-Jun-2023 20:31:34","2023-06-27 20:31:34","27-Jun-2023 20:31:39","00:00:05","https://nsearchives.nseindia.com/corporate/HDFCBANK_27062023203134_SEIntimationCredilarelaxation.pdf"
"HDFCBANK","HDFC Bank Limited","Amalgamation/Merger","HDFC Bank Limited has informed the Exchange regarding Composite scheme of amalgamation for the amalgamation of: (i) HDFC Investments Limited and HDFC Holdings Limited, wholly-owned subsidiaries of Housing Development Finance Corporation Limited with and into HDFC Limited; and (ii) HDFC Limited with and into HDFC Bank Limited","27-Jun-2023 20:23:10","2023-06-27 20:23:10","27-Jun-2023 20:23:13","00:00:03","https://nsearchives.nseindia.com/corporate/HDFCBANK_27062023202310_SEIntimationEffectivedate.pdf"
"HDFCBANK","HDFC Bank Limited","Loss of Share Certificates","HDFC Bank Limited has informed the Exchange about Loss of Share Certificates","27-Jun-2023 14:29:53","2023-06-27 14:29:53","27-Jun-2023 14:29:57","00:00:04","https://nsearchives.nseindia.com/corporate/HDFCBANK_27062023142953_SELossofSC27062023.pdf"
"HDFCBANK","HDFC Bank Limited","Loss of Share Certificates","HDFC Bank Limited has informed the Exchange about Loss of Share Certificates","26-Jun-2023 14:44:07","2023-06-26 14:44:07","26-Jun-2023 14:44:12","00:00:05","https://nsearchives.nseindia.com/corporate/HDFCBANK_26062023144407_SELossofSC26062023.pdf"
"HDFCBANK","HDFC Bank Limited","Amalgamation/Merger","HDFC Bank Limited has informed the Exchange about Approval from Insurance Regulatory and Development Authority of India ( IRDAI ) for acquisition of shares of HDFC Life Insurance Company Limited ( HDFC Life ) and HDFC ERGO General Insurance Company Limited ( HDFC ERGO ) by HDFC Limited and for transfer of entire shareholding of HDFC Limited in HDFC Life and HDFC ERGO to HDFC Bank Limited, in terms of Section 6A of the Insurance Act, 1938","24-Jun-2023 10:04:49","2023-06-24 10:04:49","24-Jun-2023 10:04:54","00:00:05","https://nsearchives.nseindia.com/corporate/HDFCBANK_24062023100449_SEIntimationIRDAI230623.pdf"
"HDFCBANK","HDFC Bank Limited","Amalgamation/Merger","HDFC Bank Limited has informed the Exchange about Relaxation of Rule 19(2)(b) of the Securities Contracts (Regulation) Rules, 1957 ( SCRR ) for listing of warrants","21-Jun-2023 21:52:02","2023-06-21 21:52:02","21-Jun-2023 21:52:14","00:00:12","https://nsearchives.nseindia.com/corporate/HDFCBANK_21062023215202_SEIntimationWarrants210623.pdf"
"HDFCBANK","HDFC Bank Limited","Amalgamation/Merger","HDFC Bank Limited has informed the Exchange about Approval from Competition Commission of India for acquisition of shares by HDFC Limited in HDFC Life Insurance Company and HDFC ERGO General Insurance Company Limited","20-Jun-2023 20:54:52","2023-06-20 20:54:52","20-Jun-2023 20:54:56","00:00:04","https://nsearchives.nseindia.com/corporate/HDFCBANK_20062023205452_CCIapproval20jun2023.pdf"
"HDFCBANK","HDFC Bank Limited","Loss of Share Certificates","HDFC Bank Limited has informed the Exchange about Loss of Share Certificates","20-Jun-2023 14:45:24","2023-06-20 14:45:24","20-Jun-2023 14:45:36","00:00:12","https://nsearchives.nseindia.com/corporate/HDFCBANK_20062023144524_SELossofSC20062023.pdf"
"HDFCBANK","HDFC Bank Limited","Updates","HDFC Bank Limited has informed the Exchange regarding 'Disclosure under Regulation 30 of the Securities and Exchange Board of India (Listing Obligations and Disclosure Requirements) Regulations, 2015, as amended ( SEBI Listing Regulations )   sale of stake in HDFC Credila Financial Services Limited'.","19-Jun-2023 23:32:33","2023-06-19 23:32:33","19-Jun-2023 23:32:37","00:00:04","https://nsearchives.nseindia.com/corporate/HDFCBANK_19062023233233_HDFCBankCredilaSEintimation190623.pdf"
"HDFCBANK","HDFC Bank Limited","ESOP/ESOS/ESPS","HDFC Bank Limited has informed the Exchange regarding Allotment of 2518650  Shares.","19-Jun-2023 21:06:39","2023-06-19 21:06:39","19-Jun-2023 21:06:43","00:00:04","https://nsearchives.nseindia.com/corporate/HDFCBANK_19062023210639_SEESOP19062023.pdf"
"HDFCBANK","HDFC Bank Limited","Loss of Share Certificates","HDFC Bank Limited has informed the Exchange about Loss of Share Certificates","19-Jun-2023 14:18:42","2023-06-19 14:18:42","19-Jun-2023 14:18:46","00:00:04","https://nsearchives.nseindia.com/corporate/HDFCBANK_19062023141842_SELossofSC19062023.pdf"
"HDFCBANK","HDFC Bank Limited","Updates","HDFC Bank Limited has informed the Exchange regarding 'Disclosure under Regulation 30 of the SEBI (Listing Obligations & Disclosure Requirements) Regulations, 2015'.","16-Jun-2023 22:16:51","2023-06-16 22:16:51","16-Jun-2023 22:16:56","00:00:05","https://nsearchives.nseindia.com/corporate/HDFCBANK_16062023221651_SchemeupdateCPapproval.pdf"
"HDFCBANK","HDFC Bank Limited","Updates","HDFC Bank Limited has informed the Exchange regarding 'Revised Annual Secretarial Compliance Report of the Bank for the year ended March 31, 2023 as per Regulation 24A of SEBI (Listing Obligations and Disclosure Requirements) Regulations, 2015'.","16-Jun-2023 18:07:29","2023-06-16 18:07:29","16-Jun-2023 18:07:32","00:00:03","https://nsearchives.nseindia.com/corporate/HDFCBANK_16062023180729_FINALASCRRevised31mar2023.pdf"
"HDFCBANK","HDFC Bank Limited","Loss of Share Certificates","HDFC Bank Limited has informed the Exchange about Loss of Share Certificates","12-Jun-2023 16:17:32","2023-06-12 16:17:32","12-Jun-2023 16:17:36","00:00:04","https://nsearchives.nseindia.com/corporate/HDFCBANK_12062023161732_SELossofSC12062023.pdf"
"HDFCBANK","HDFC Bank Limited","Shareholders meeting","HDFC Bank Limited has submitted the Exchange a copy Srutinizers report of  Postal Ballot. Further, the company has informed the Exchange regarding voting results.","12-Jun-2023 16:04:49","2023-06-12 16:04:49","12-Jun-2023 16:04:52","00:00:03","https://nsearchives.nseindia.com/corporate/HDFCBANK_12062023160449_SEPostalBallotResult12062023.pdf"
"HDFCBANK","HDFC Bank Limited","Analysts/Institutional Investor Meet/Con. Call Updates","HDFC Bank Limited has informed the Exchange about Schedule of meet","07-Jun-2023 19:38:24","2023-06-07 19:38:24","07-Jun-2023 19:38:28","00:00:04","https://nsearchives.nseindia.com/corporate/HDFCBANK_07062023193824_SEintimationAnalyst7June2023.pdf"
"HDFCBANK","HDFC Bank Limited","Loss of Share Certificates","HDFC Bank Limited has informed the Exchange about Loss of Share Certificates","05-Jun-2023 13:50:43","2023-06-05 13:50:43","05-Jun-2023 13:50:51","00:00:08","https://nsearchives.nseindia.com/corporate/HDFCBANK_05062023135043_SELossofSC05062023.pdf"
"HDFCBANK","HDFC Bank Limited","Analysts/Institutional Investor Meet/Con. Call Updates","HDFC Bank Limited has informed the Exchange about Schedule of meet","02-Jun-2023 18:50:01","2023-06-02 18:50:01","02-Jun-2023 18:50:06","00:00:05","https://nsearchives.nseindia.com/corporate/HDFCBANK_02062023185001_SEintimationAnalyst2June2023_2.pdf"
"HDFCBANK","HDFC Bank Limited","Analysts/Institutional Investor Meet/Con. Call Updates","HDFC Bank Limited has informed the Exchange about Schedule of meet","02-Jun-2023 16:55:46","2023-06-02 16:55:46","02-Jun-2023 16:55:49","00:00:03","https://nsearchives.nseindia.com/corporate/HDFCBANK_02062023165546_SEintimationAnalyst2June2023.pdf"
"HDFCBANK","HDFC Bank Limited","Loss of Share Certificates","HDFC Bank Limited has informed the Exchange about Loss of Share Certificates","30-May-2023 12:08:46","2023-05-30 12:08:46","30-May-2023 12:08:51","00:00:05","https://nsearchives.nseindia.com/corporate/HDFCBANK_30052023120846_SELossofSC30052023.pdf"
"HDFCBANK","HDFC Bank Limited","ESOP/ESOS/ESPS","HDFC Bank Limited has informed the Exchange regarding Allotment of 1274210  Shares.","29-May-2023 19:48:26","2023-05-29 19:48:26","29-May-2023 19:48:33","00:00:07","https://nsearchives.nseindia.com/corporate/HDFCBANK_29052023194826_SEESOP29May2023.pdf"
"HDFCBANK","HDFC Bank Limited","Analysts/Institutional Investor Meet/Con. Call Updates","HDFC Bank Limited has informed the Exchange about Schedule of meet","29-May-2023 18:39:21","2023-05-29 18:39:21","29-May-2023 18:39:28","00:00:07","https://nsearchives.nseindia.com/corporate/HDFCBANK_29052023183921_SEintimationAnalyst29May2023.pdf"
"HDFCBANK","HDFC Bank Limited","Amalgamation/Merger","HDFC Bank Limited has informed the Exchange regarding Proposed composite scheme of amalgamation for the amalgamation of: (i) HDFC Investments Limited and HDFC Holdings Limited, wholly-owned subsidiaries of Housing Development Finance Corporation Limited, with and into HDFC Limited; and (ii) HDFC Limited with and into HDFC Bank Limited","26-May-2023 21:25:46","2023-05-26 21:25:46","26-May-2023 21:26:03","00:00:17","https://nsearchives.nseindia.com/corporate/HDFCBANK_26052023212546_SchemeupdateHCAL26May2023.pdf"
"HDFCBANK","HDFC Bank Limited","Analysts/Institutional Investor Meet/Con. Call Updates","HDFC Bank Limited has informed the Exchange about Schedule of meet","26-May-2023 19:04:09","2023-05-26 19:04:09","26-May-2023 19:04:18","00:00:09","https://nsearchives.nseindia.com/corporate/HDFCBANK_26052023190409_SEintimationanalyst26May2023.pdf"
"HDFCBANK","HDFC Bank Limited","Acquisition","HDFC Bank Limited has informed the Exchange about disclosure under Regulation 30 of SEBI (Listing Obligations and Disclosure Requirements) Regulations, 2015","26-May-2023 16:48:17","2023-05-26 16:48:17","26-May-2023 16:48:37","00:00:20","https://nsearchives.nseindia.com/corporate/HDFCBANK_26052023164817_FINAL9PlatformsStockexchangedisclosure.pdf"
"HDFCBANK","HDFC Bank Limited","Annual Secretarial Compliance Report","Annual Secretarial Compliance Report of the Bank for the year ended March 31, 2023 as per Regulation 24A of SEBI (Listing Obligations and Disclosure Requirements) Regulations, 2015","25-May-2023 14:03:56","2023-05-25 14:03:56","25-May-2023 14:04:04","00:00:08","https://nsearchives.nseindia.com/corporate/HDFCBANK_25052023140356_ASCR_31mar2023.pdf"
"HDFCBANK","HDFC Bank Limited","Analysts/Institutional Investor Meet/Con. Call Updates","HDFC Bank Limited has informed the Exchange about Presentation","24-May-2023 20:05:33","2023-05-24 20:05:33","24-May-2023 20:05:37","00:00:04","https://nsearchives.nseindia.com/corporate/HDFCBANK_24052023200533_SEintimationanalystoutcome24052023.pdf"
"HDFCBANK","HDFC Bank Limited","Amalgamation/Merger","HDFC Bank Limited has informed the Exchange regarding Proposed composite scheme of amalgamation for the amalgamation of: (i) HDFC Investments Limited and HDFC Holdings Limited, wholly-owned subsidiaries of Housing Development Finance Corporation Limited, with and into HDFC Limited; and (ii) HDFC Limited with and into HDFC Bank Limited","24-May-2023 19:42:38","2023-05-24 19:42:38","24-May-2023 19:42:42","00:00:04","https://nsearchives.nseindia.com/corporate/HDFCBANK_24052023194238_SchemeupdateHDFCAMCapproval_24may2023.pdf"
"HDFCBANK","HDFC Bank Limited","Loss of Share Certificates","HDFC Bank Limited has informed the Exchange about Loss of Share Certificates","23-May-2023 14:09:55","2023-05-23 14:09:55","23-May-2023 14:09:57","00:00:02","https://nsearchives.nseindia.com/corporate/HDFCBANK_23052023140955_SELossofSC23052023.pdf"
"HDFCBANK","HDFC Bank Limited","Analysts/Institutional Investor Meet/Con. Call Updates","HDFC Bank Limited has informed the Exchange about Schedule of meet","22-May-2023 20:46:40","2023-05-22 20:46:40","22-May-2023 20:46:44","00:00:04","https://nsearchives.nseindia.com/corporate/HDFCBANK_22052023204640_SEintimationanalystday24May2023Intimation.pdf"
"HDFCBANK","HDFC Bank Limited","Loss of Share Certificates","HDFC Bank Limited has informed the Exchange about Loss of Share Certificates","22-May-2023 14:30:10","2023-05-22 14:30:10","22-May-2023 14:30:24","00:00:14","https://nsearchives.nseindia.com/corporate/HDFCBANK_22052023143010_SELossofSC22052023.pdf"
"HDFCBANK","HDFC Bank Limited","Updates","HDFC Bank Limited has informed the Exchange regarding 'Intimation under Regulation 30 of the Securities and Exchange Board of India (Listing Obligations and Disclosure Requirements) Regulations, 2015'.","17-May-2023 16:38:27","2023-05-17 16:38:27","17-May-2023 16:38:48","00:00:21","https://nsearchives.nseindia.com/corporate/HDFCBANK_17052023163827_SEintimation17052023.pdf"
"HDFCBANK","HDFC Bank Limited","Analysts/Institutional Investor Meet/Con. Call Updates","HDFC Bank Limited has informed the Exchange about Schedule of meet","16-May-2023 16:56:00","2023-05-16 16:56:00","16-May-2023 16:56:05","00:00:05","https://nsearchives.nseindia.com/corporate/HDFCBANK_16052023165600_Analyst16May2023.pdf"
"HDFCBANK","HDFC Bank Limited","Loss of Share Certificates","HDFC Bank Limited has informed the Exchange about Loss of Share Certificates","16-May-2023 14:39:52","2023-05-16 14:39:52","16-May-2023 14:39:56","00:00:04","https://nsearchives.nseindia.com/corporate/HDFCBANK_16052023143952_SELossofSC16052023.pdf"
"HDFCBANK","HDFC Bank Limited","Amalgamation/Merger","HDFC Bank Limited has informed the Exchange regarding Proposed composite scheme of amalgamation for the amalgamation of: (i) HDFC Investments Limited and HDFC Holdings Limited, wholly-owned subsidiaries of Housing Development Finance Corporation Limited, with and into HDFC Limited; and (ii) HDFC Limited with and into HDFC Bank Limited","15-May-2023 17:31:46","2023-05-15 17:31:46","15-May-2023 17:31:50","00:00:04","https://nsearchives.nseindia.com/corporate/HDFCBANK_15052023173146_SEIntimation_HDFCBank_HCALFinalApproval_15052023.pdf"
"HDFCBANK","HDFC Bank Limited","Loss of Share Certificates","HDFC Bank Limited has informed the Exchange about Loss of Share Certificates","15-May-2023 15:20:01","2023-05-15 15:20:01","15-May-2023 15:20:07","00:00:06","https://nsearchives.nseindia.com/corporate/HDFCBANK_15052023152001_SELossofSC15052023.pdf"
"HDFCBANK","HDFC Bank Limited","Copy of Newspaper Publication","HDFC Bank Limited has informed the Exchange about Copy of Newspaper Publication","12-May-2023 12:15:41","2023-05-12 12:15:41","12-May-2023 12:15:49","00:00:08","https://nsearchives.nseindia.com/corporate/HDFCBANK_12052023121541_taxdeductionondividend2023.pdf"
"HDFCBANK","HDFC Bank Limited","Updates","HDFC Bank Limited has informed the Exchange regarding 'Intimation under Regulation 30 of the Securities and Exchange Board of India (Listing Obligations and Disclosure Requirements) Regulations, 2015 - Notice of Postal Ballot'.","11-May-2023 19:35:22","2023-05-11 19:35:22","11-May-2023 19:35:23","00:00:01","https://nsearchives.nseindia.com/corporate/HDFCBANK_11052023193522_SE_intimation_11052023.pdf"
"HDFCBANK","HDFC Bank Limited","Amalgamation/Merger","HDFC Bank Limited has informed the Exchange about Composite scheme of amalgamation for the amalgamation of: (i) HDFC Investments Limited and HDFC Holdings Limited, wholly-owned subsidiaries of Housing Development Finance Corporation, with and into HDFC Limited; and (ii) HDFC Limited with and into HDFC Bank Limited","10-May-2023 15:43:51","2023-05-10 15:43:51","10-May-2023 15:43:55","00:00:04","https://nsearchives.nseindia.com/corporate/HDFCBANK_10052023154351_HDFCAMC_AIFfinalapproval10may2023.pdf"
"HDFCBANK","HDFC Bank Limited","ESOP/ESOS/ESPS","HDFC Bank Limited has informed the Exchange regarding Allotment of 4561966  Shares.","09-May-2023 20:49:53","2023-05-09 20:49:53","09-May-2023 20:49:56","00:00:03","https://nsearchives.nseindia.com/corporate/HDFCBANK_09052023204953_ESOPSELetter_09May2023.pdf"
"HDFCBANK","HDFC Bank Limited","Loss of Share Certificates","HDFC Bank Limited has informed the Exchange about Loss of Share Certificates","09-May-2023 12:10:29","2023-05-09 12:10:29","09-May-2023 12:10:35","00:00:06","https://nsearchives.nseindia.com/corporate/HDFCBANK_09052023121029_SELossofSC09052023.pdf"
"HDFCBANK","HDFC Bank Limited","Shareholders meeting","HDFC Bank Limited has informed the Exchange regarding Notice of Postal Ballot","08-May-2023 17:27:01","2023-05-08 17:27:01","08-May-2023 17:27:11","00:00:10","https://nsearchives.nseindia.com/corporate/HDFCBANK_08052023172701_FINALUPLAOD_PBNotice08May2023.pdf"
"HDFCBANK","HDFC Bank Limited","Loss of Share Certificates","HDFC Bank Limited has informed the Exchange about Loss of Share Certificates","08-May-2023 16:11:27","2023-05-08 16:11:27","08-May-2023 16:11:30","00:00:03","https://nsearchives.nseindia.com/corporate/HDFCBANK_08052023161127_SELossofSC08052023.pdf"
"HDFCBANK","HDFC Bank Limited","Loss of Share Certificates","HDFC Bank Limited has informed the Exchange about Loss of Share Certificates","02-May-2023 13:56:00","2023-05-02 13:56:00","02-May-2023 13:56:14","00:00:14","https://nsearchives.nseindia.com/corporate/HDFCBANK_02052023135600_SELossofSC02052023.pdf"
"HDFCBANK","HDFC Bank Limited","ESOP/ESOS/ESPS","HDFC Bank Limited has informed the Exchange regarding Allotment of 2728488  Shares.","27-Apr-2023 20:11:19","2023-04-27 20:11:19","27-Apr-2023 20:11:27","00:00:08","https://nsearchives.nseindia.com/corporate/HDFCBANK_27042023201119_SEESOP.pdf"
"HDFCBANK","HDFC Bank Limited","Outcome of Board Meeting","HDFC Bank Limited has informed the Exchange regarding Outcome of Board Meeting held on April 27, 2023.","27-Apr-2023 15:33:23","2023-04-27 15:33:23","27-Apr-2023 15:33:29","00:00:06","https://nsearchives.nseindia.com/corporate/HDFCBANK_27042023153323_SEintimation27Apr23.pdf"
"HDFCBANK","HDFC Bank Limited","Disclosure under SEBI Takeover Regulations","Housing Development Finance Corporation Limited has Submitted to the Exchange a copy of Disclosure under Regulation 31(4) of the Securities and Exchange Board of India (Substantial Acquisition of Shares and Takeovers) Regulations, 2011.","25-Apr-2023 17:58:03","2023-04-25 17:58:03","25-Apr-2023 17:58:09","00:00:06","https://nsearchives.nseindia.com/corporate/HDFCBANK_25042023175803_Regulation88.pdf"
"HDFCBANK","HDFC Bank Limited","Loss of Share Certificates","HDFC Bank Limited has informed the Exchange about Loss of Share Certificates","24-Apr-2023 16:53:31","2023-04-24 16:53:31","24-Apr-2023 16:53:35","00:00:04","https://nsearchives.nseindia.com/corporate/HDFCBANK_24042023165331_SELossofSC24042023.pdf"
"HDFCBANK","HDFC Bank Limited","Amalgamation/Merger","HDFC Bank Limited has informed the Exchange regarding  Proposed composite scheme of amalgamation for the amalgamation of: (i) HDFC Investments Limited and HDFC Holdings Limited, wholly-owned subsidiaries of Housing Development Finance Corporation Limited, with and into HDFC Limited; and (ii) HDFC Limited with and into HDFC Bank Limited","24-Apr-2023 16:45:45","2023-04-24 16:45:45","24-Apr-2023 16:45:49","00:00:04","https://nsearchives.nseindia.com/corporate/HDFCBANK_24042023164545_SEIntimation_HDFCBank_GrihaMASApproval_24042023.pdf"
"HDFCBANK","HDFC Bank Limited","Acquisition","HDFC Bank Limited has informed the Exchange regarding Disclosure under Regulation 30 of the SEBI (Listing Obligations & Disclosure Requirements) Regulations, 2015","22-Apr-2023 20:56:07","2023-04-22 20:56:07","22-Apr-2023 20:56:13","00:00:06","https://nsearchives.nseindia.com/corporate/HDFCBANK_22042023205607_Final_GoDigit_Apr222023.pdf"
"HDFCBANK","HDFC Bank Limited","Amalgamation/Merger","HDFC Bank Limited has informed the Exchange regarding Proposed composite scheme of amalgamation for the amalgamation of: (i) HDFC Investments Limited and HDFC Holdings Limited, wholly-owned subsidiaries of Housing Development Finance Corporation Limited, with and into HDFC Limited; and (ii) HDFC Limited with and into HDFC Bank Limited","21-Apr-2023 20:04:28","2023-04-21 20:04:28","21-Apr-2023 20:04:31","00:00:03","https://nsearchives.nseindia.com/corporate/HDFCBANK_21042023200428_SEIntimation_HDFCBank_HDFCAMCMFFinalApproval.pdf"
"HDFCBANK","HDFC Bank Limited","Analysts/Institutional Investor Meet/Con. Call Updates","HDFC Bank Limited has informed the Exchange about Schedule of meet","21-Apr-2023 15:39:33","2023-04-21 15:39:33","21-Apr-2023 15:39:35","00:00:02","https://nsearchives.nseindia.com/corporate/HDFCBANK_21042023153933_SE_Intimation_21042023.pdf"
"HDFCBANK","HDFC Bank Limited","Amalgamation/Merger","HDFC Bank Limited has informed the Exchange regarding Composite scheme of amalgamation for the amalgamation of: (i) HDFC Investments Limited and HDFC Holdings Limited, wholly-owned subsidiaries of Housing Development Finance Corporation Limited with and into HDFC Limited; and (ii) HDFC Limited with and into HDFC Bank Limited","21-Apr-2023 15:33:19","2023-04-21 15:33:19","21-Apr-2023 15:33:22","00:00:03","https://nsearchives.nseindia.com/corporate/HDFCBANK_21042023153319_SEIntimation_RBIForbearances.pdf"
"HDFCBANK","HDFC Bank Limited","Updates","HDFC Bank Limited has informed the Exchange regarding 'Approval from the Reserve Bank of India (RBI) regarding appointment of Deputy ManagingDirector and Executive Director of HDFC Bank Limited'.","20-Apr-2023 08:58:07","2023-04-20 08:58:07","20-Apr-2023 08:58:11","00:00:04","https://nsearchives.nseindia.com/corporate/HDFCBANK_20042023085807_SE_Intimation_20042023.pdf"
"HDFCBANK","HDFC Bank Limited","Certificate under SEBI (Depositories and Participants) Regulations, 2018","HDFC Bank Limited has informed the Exchange about Certificate under SEBI (Depositories and Participants) Regulations, 2018","19-Apr-2023 14:16:12","2023-04-19 14:16:12","19-Apr-2023 14:16:17","00:00:05","https://nsearchives.nseindia.com/corporate/HDFCBANK_19042023141612_SECompliance74_5_31Mar2023.pdf"
"HDFCBANK","HDFC Bank Limited","ESOP/ESOS/ESPS","HDFC Bank Limited has informed the Exchange regarding Allotment of 972706  Shares.","18-Apr-2023 20:34:31","2023-04-18 20:34:31","18-Apr-2023 20:34:34","00:00:03","https://nsearchives.nseindia.com/corporate/HDFCBANK_18042023203431_SEESOP18042023.pdf"
"HDFCBANK","HDFC Bank Limited","Analysts/Institutional Investor Meet/Con. Call Updates","HDFC Bank Limited has informed the Exchange about Transcript","18-Apr-2023 17:39:57","2023-04-18 17:39:57","18-Apr-2023 17:40:32","00:00:35","https://nsearchives.nseindia.com/corporate/HDFCBANK_18042023173957_SEintimation18042023.pdf"
"HDFCBANK","HDFC Bank Limited","Loss of Share Certificates","HDFC Bank Limited has informed the Exchange about Loss of Share Certificates","17-Apr-2023 15:18:54","2023-04-17 15:18:54","17-Apr-2023 15:19:00","00:00:06","https://nsearchives.nseindia.com/corporate/HDFCBANK_17042023151854_SELossofSC17042023.pdf"
"HDFCBANK","HDFC Bank Limited","Analysts/Institutional Investor Meet/Con. Call Updates","HDFC Bank Limited has informed the Exchange about Link of Recording","16-Apr-2023 17:08:20","2023-04-16 17:08:20","16-Apr-2023 17:08:24","00:00:04","https://nsearchives.nseindia.com/corporate/HDFCBANK_16042023170820_SEInt_Recordingofearningscall_16Apr2023_Signed.pdf"
"HDFCBANK","HDFC Bank Limited","Outcome of Board Meeting","HDFC Bank Limited has informed the Exchange regarding Outcome of Board Meeting held on April 15, 2023.","15-Apr-2023 18:14:18","2023-04-15 18:14:18","15-Apr-2023 18:14:20","00:00:02","https://nsearchives.nseindia.com/corporate/HDFCBANK_15042023181418_Outcome_for_debt_issuance_15Apr2023.pdf"
"HDFCBANK","HDFC Bank Limited","Related Party Transactions","HDFC Bank Limited has informed the Exchange about related Party Transactions","15-Apr-2023 14:26:43","2023-04-15 14:26:43","15-Apr-2023 14:26:46","00:00:03","https://nsearchives.nseindia.com/corporate/HDFCBANK_15042023142643_SERPTDisclosure31032023_FINALPDFUPLOAD.pdf"
"HDFCBANK","HDFC Bank Limited","Record Date","HDFC Bank Limited has informed the Exchange that Record date for the purpose of Dividend  is 16-May-2023.","15-Apr-2023 14:15:47","2023-04-15 14:15:47","15-Apr-2023 14:15:50","00:00:03","https://nsearchives.nseindia.com/corporate/HDFCBANK_15042023141547_Outcome_for_Dividend_15Apr2023.pdf"
"HDFCBANK","HDFC Bank Limited","Press Release","HDFC Bank Limited has informed the Exchange regarding a press release dated April 15, 2023, titled ""Audited Financial Results of HDFC Bank Limited for the year ended March 31, 2023"".","15-Apr-2023 13:42:02","2023-04-15 13:42:02","15-Apr-2023 13:42:05","00:00:03","https://nsearchives.nseindia.com/corporate/HDFCBANK_15042023134202_SEIntimationPressRelease31032023.pdf"
"HDFCBANK","HDFC Bank Limited","Dividend","HDFC Bank Limited has informed the Exchange that Board of Directors at its meeting held on April 15, 2023, recommended Final Dividend of Rs. 19 per equity share.","15-Apr-2023 13:36:55","2023-04-15 13:36:55","15-Apr-2023 13:36:58","00:00:03","https://nsearchives.nseindia.com/corporate/HDFCBANK_15042023133655_Outcome_for_Dividend_15Apr2023.pdf"
"HDFCBANK","HDFC Bank Limited","Financial Result Updates","HDFC Bank Limited has submitted to the Exchange, the financial results for the period ended March 31, 2023.","15-Apr-2023 13:32:50","2023-04-15 13:32:50","15-Apr-2023 13:32:56","00:00:06","https://nsearchives.nseindia.com/corporate/SEIntimationResults31032023_15042023133250.pdf"
"HDFCBANK","HDFC Bank Limited","Amalgamation/Merger","HDFC Bank Limited has informed the Exchange about Proposed composite scheme of amalgamation for the amalgamation of: (i) HDFC Investments Limited and HDFC Holdings Limited, wholly-owned subsidiaries of Housing Development Finance Corporation Limited, with and into HDFC Limited and (ii) HDFC Limited with and into HDFC Bank Limited","12-Apr-2023 20:24:25","2023-04-12 20:24:25","12-Apr-2023 20:24:29","00:00:04","https://nsearchives.nseindia.com/corporate/HDFCBANK_12042023202425_SEIntimationHCALSEBIapproval.pdf"
"HDFCBANK","HDFC Bank Limited","Analysts/Institutional Investor Meet/Con. Call Updates","HDFC Bank Limited has informed the Exchange about Schedule of meet","11-Apr-2023 17:21:19","2023-04-11 17:21:19","11-Apr-2023 17:21:22","00:00:03","https://nsearchives.nseindia.com/corporate/HDFCBANK_11042023172119_SE_Intimation_11042023_EarningsCall.pdf"
"HDFCBANK","HDFC Bank Limited","Updates","HDFC Bank Limited has informed the Exchange regarding 'Intimation under SEBI (Listing Obligations and Disclosure Requirements) Regulations, 2015'.","03-Apr-2023 16:31:30","2023-04-03 16:31:30","03-Apr-2023 16:31:33","00:00:03","https://nsearchives.nseindia.com/corporate/HDFCBANK_03042023163130_SEintimation_Initialdisclosure.pdf"
"HDFCBANK","HDFC Bank Limited","Loss of Share Certificates","HDFC Bank Limited has informed the Exchange about Loss of Share Certificates","03-Apr-2023 16:14:07","2023-04-03 16:14:07","03-Apr-2023 16:14:11","00:00:04","https://nsearchives.nseindia.com/corporate/HDFCBANK_03042023161407_SELossofSC03042023.pdf"
"HDFCBANK","HDFC Bank Limited","Change in Director(s)","HDFC Bank Limited has informed the Exchange regarding Change in Director(s) of the company.","30-Mar-2023 15:52:21","2023-03-30 15:52:21","30-Mar-2023 15:52:24","00:00:03","https://nsearchives.nseindia.com/corporate/HDFCBANK_30032023155221_SE_Intimation_MalayPatel.pdf"
"HDFCBANK","HDFC Bank Limited","Loss of Share Certificates","HDFC Bank Limited has informed the Exchange about Loss of Share Certificates","27-Mar-2023 16:08:46","2023-03-27 16:08:46","27-Mar-2023 16:08:50","00:00:04","https://nsearchives.nseindia.com/corporate/HDFCBANK_27032023160846_SELossofSC27032023.pdf"
"HDFCBANK","HDFC Bank Limited","Shareholders meeting","HDFC Bank Limited has submitted the Exchange a copy Srutinizers report of  Postal Ballot. Further, the company has informed the Exchange regarding voting results.","27-Mar-2023 15:15:18","2023-03-27 15:15:18","27-Mar-2023 15:15:22","00:00:04","https://nsearchives.nseindia.com/corporate/HDFCBANK_27032023151518_SEPBResult27032023.pdf"
"HDFCBANK","HDFC Bank Limited","Loss of Share Certificates","HDFC Bank Limited has informed the Exchange about Loss of Share Certificates","21-Mar-2023 14:57:24","2023-03-21 14:57:24","21-Mar-2023 14:57:28","00:00:04","https://nsearchives.nseindia.com/corporate/HDFCBANK_21032023145724_SELossofSC21032023.pdf"
"HDFCBANK","HDFC Bank Limited","Loss of Share Certificates","HDFC Bank Limited has informed the Exchange about Loss of Share Certificates","20-Mar-2023 16:22:45","2023-03-20 16:22:45","20-Mar-2023 16:22:57","00:00:12","https://nsearchives.nseindia.com/corporate/HDFCBANK_20032023162245_SELossofSC20032023.pdf"
"HDFCBANK","HDFC Bank Limited","ESOP/ESOS/ESPS","HDFC Bank Limited has informed the Exchange regarding Allotment of 790860  Shares.","17-Mar-2023 19:29:43","2023-03-17 19:29:43","17-Mar-2023 19:29:46","00:00:03","https://nsearchives.nseindia.com/corporate/HDFCBANK_17032023192943_SELetter.pdf"
"HDFCBANK","HDFC Bank Limited","Amalgamation/Merger","HDFC Bank Limited has informed the Exchange about Final Order dated March 17, 2023 passed by the Hon ble National Company Law Tribunal, Mumbai Bench, Mumbai  for inter alia sanctioning the composite scheme of amalgamation  for the amalgamation of: (i) HDFC Investments Limited and HDFC Holdings Limited, wholly-owned subsidiaries of Housing Development Finance Corporation Limited with and into HDFC Limited; and (ii) HDFC Limited with and into HDFC Bank Limited","17-Mar-2023 18:22:04","2023-03-17 18:22:04","17-Mar-2023 18:22:12","00:00:08","https://nsearchives.nseindia.com/corporate/HDFCBANK_17032023182204_NCLTSchemeOrder17Mar2023.pdf"
"HDFCBANK","HDFC Bank Limited","Loss of Share Certificates","HDFC Bank Limited has informed the Exchange about Loss of Share Certificates","15-Mar-2023 12:02:11","2023-03-15 12:02:11","15-Mar-2023 12:02:15","00:00:04","https://nsearchives.nseindia.com/corporate/HDFCBANK_15032023120211_SELossofSC15032023.pdf"
"HDFCBANK","HDFC Bank Limited","Loss of Share Certificates","HDFC Bank Limited has informed the Exchange about Loss of Share Certificates","06-Mar-2023 14:45:46","2023-03-06 14:45:46","06-Mar-2023 14:45:54","00:00:08","https://nsearchives.nseindia.com/corporate/HDFCBANK_06032023144546_SELossofSC06032023.pdf"
"HDFCBANK","HDFC Bank Limited","Updates","HDFC Bank Limited has informed the Exchange regarding 'Recommendation for re-appointment of Mr. Sashidhar Jagdishan as the Managing Director and CEO of HDFC Bank Limited'.","04-Mar-2023 19:53:01","2023-03-04 19:53:01","04-Mar-2023 19:53:02","00:00:01","https://nsearchives.nseindia.com/corporate/HDFCBANK_04032023195301_SEintimationreappointmentofMD.pdf"
"HDFCBANK","HDFC Bank Limited","ESOP/ESOS/ESPS","HDFC Bank Limited has informed the Exchange regarding Grant of 317091  Options.","03-Mar-2023 19:16:21","2023-03-03 19:16:21","03-Mar-2023 19:16:27","00:00:06","https://nsearchives.nseindia.com/corporate/HDFCBANK_03032023191621_SEintimationESOPgrant_signed.pdf"
"HDFCBANK","HDFC Bank Limited","Updates","HDFC Bank Limited has informed the Exchange regarding 'Intimation under Regulation 30 of the SEBI (Listing Obligations and DisclosureRequirements) Regulations 2015'.","02-Mar-2023 20:13:24","2023-03-02 20:13:24","02-Mar-2023 20:13:27","00:00:03","https://nsearchives.nseindia.com/corporate/HDFCBANK_02032023201324_MTNallotment02feb2023_signed.pdf"
"HDFCBANK","HDFC Bank Limited","Loss of Share Certificates","HDFC Bank Limited has informed the Exchange about Loss of Share Certificates","28-Feb-2023 15:18:38","2023-02-28 15:18:38","28-Feb-2023 15:18:43","00:00:05","https://nsearchives.nseindia.com/corporate/HDFCBANK_28022023151838_SELossofSC28022023_signed.pdf"
"HDFCBANK","HDFC Bank Limited","ESOP/ESOS/ESPS","HDFC Bank Limited has informed the Exchange regarding Allotment of 740530  Shares.","27-Feb-2023 20:00:50","2023-02-27 20:00:50","27-Feb-2023 20:00:53","00:00:03","https://nsearchives.nseindia.com/corporate/HDFCBANK_27022023200050_SELetter_signed.pdf"
"HDFCBANK","HDFC Bank Limited","Loss of Share Certificates","HDFC Bank Limited has informed the Exchange about Loss of Share Certificates","27-Feb-2023 15:53:02","2023-02-27 15:53:02","27-Feb-2023 15:53:05","00:00:03","https://nsearchives.nseindia.com/corporate/HDFCBANK_27022023155302_SELossofSC27022023_signed.pdf"
"HDFCBANK","HDFC Bank Limited","Updates","HDFC Bank Limited has informed the Exchange regarding 'Intimation under Regulation 30 of the Securities and Exchange Board of India (Listing Obligations and Disclosure Requirements) Regulations, 2015'.","23-Feb-2023 22:47:57","2023-02-23 22:47:57","23-Feb-2023 22:48:02","00:00:05","https://nsearchives.nseindia.com/corporate/HDFCBANK_23022023224757_debtintimation23feb2023_signed.pdf"
"HDFCBANK","HDFC Bank Limited","Analysts/Institutional Investor Meet/Con. Call Updates","HDFC Bank Limited has informed the Exchange about Schedule of meet","21-Feb-2023 21:46:11","2023-02-21 21:46:11","21-Feb-2023 21:46:15","00:00:04","https://nsearchives.nseindia.com/corporate/HDFCBANK_21022023214611_Analystmeet_21022023_signed.pdf"
"HDFCBANK","HDFC Bank Limited","Loss of Share Certificates","HDFC Bank Limited has informed the Exchange about Loss of Share Certificates","20-Feb-2023 16:13:33","2023-02-20 16:13:33","20-Feb-2023 16:13:37","00:00:04","https://nsearchives.nseindia.com/corporate/HDFCBANK_20022023161333_SELossofSC20022023_signed.pdf"
"HDFCBANK","HDFC Bank Limited","Shareholders meeting","HDFC Bank Limited has informed the Exchange regarding Notice of Postal Ballot","20-Feb-2023 16:09:01","2023-02-20 16:09:01","20-Feb-2023 16:09:05","00:00:04","https://nsearchives.nseindia.com/corporate/HDFCBANK_20022023160901_SEIntimationPostalBallot_signed.pdf"
"HDFCBANK","HDFC Bank Limited","Loss of Share Certificates","HDFC Bank Limited has informed the Exchange about Loss of Share Certificates","14-Feb-2023 13:53:53","2023-02-14 13:53:53","14-Feb-2023 14:21:32","00:27:39","https://nsearchives.nseindia.com/corporate/HDFCBANK_14022023135353_SELossofSC14022023_signed.pdf"
"HDFCBANK","HDFC Bank Limited","Updates","HDFC Bank Limited has informed the Exchange regarding 'Disclosure under Regulation 30 of the SEBI (Listing Obligations & DisclosureRequirements) Regulations, 2015'.","13-Feb-2023 22:04:36","2023-02-13 22:04:36","13-Feb-2023 22:04:39","00:00:03","https://nsearchives.nseindia.com/corporate/HDFCBANK_13022023220436_StockexchangedisclosureSTGPL_signed.pdf"
"HDFCBANK","HDFC Bank Limited","ESOP/ESOS/ESPS","HDFC Bank Limited has informed the Exchange regarding Allotment of 418840  Shares.","13-Feb-2023 19:56:48","2023-02-13 19:56:48","13-Feb-2023 19:56:53","00:00:05","https://nsearchives.nseindia.com/corporate/HDFCBANK_13022023195648_SEESOP13020223.pdf"
"HDFCBANK","HDFC Bank Limited","Loss of Share Certificates","HDFC Bank Limited has informed the Exchange about Loss of Share Certificates","06-Feb-2023 15:40:40","2023-02-06 15:40:40","06-Feb-2023 15:40:45","00:00:05","https://nsearchives.nseindia.com/corporate/HDFCBANK_06022023154040_SELossofSC06022023_signed.pdf"
"HDFCBANK","HDFC Bank Limited","Loss of Share Certificates","HDFC Bank Limited has informed the Exchange about Loss of Share Certificates","03-Feb-2023 14:41:16","2023-02-03 14:41:16","03-Feb-2023 14:41:24","00:00:08","https://nsearchives.nseindia.com/corporate/HDFCBANK_03022023144116_SELossofSC03022023_signed.pdf"
"HDFCBANK","HDFC Bank Limited","Loss of Share Certificates","HDFC Bank Limited has informed the Exchange about Loss of Share Certificates","31-Jan-2023 14:18:31","2023-01-31 14:18:31","31-Jan-2023 14:18:37","00:00:06","https://nsearchives.nseindia.com/corporate/HDFCBANK_31012023141831_SELossofSC31012023_signed.pdf"
"HDFCBANK","HDFC Bank Limited","Loss of Share Certificates","HDFC Bank Limited has informed the Exchange about Loss of Share Certificates","25-Jan-2023 18:20:55","2023-01-25 18:20:55","25-Jan-2023 18:20:58","00:00:03","https://nsearchives.nseindia.com/corporate/HDFCBANK_25012023182055_SELossofSC25Jan2023_signed.pdf"
"HDFCBANK","HDFC Bank Limited","ESOP/ESOS/ESPS","HDFC Bank Limited has informed the Exchange regarding Grant of 39240  Options.","25-Jan-2023 09:05:05","2023-01-25 09:05:05","25-Jan-2023 09:05:09","00:00:04","https://nsearchives.nseindia.com/corporate/HDFCBANK_25012023090505_SEintimationRSUgrantssigned.pdf"
"HDFCBANK","HDFC Bank Limited","ESOP/ESOS/ESPS","HDFC Bank Limited has informed the Exchange regarding Grant of 52700  Options.","25-Jan-2023 08:57:38","2023-01-25 08:57:38","25-Jan-2023 08:57:42","00:00:04","https://nsearchives.nseindia.com/corporate/HDFCBANK_25012023085738_SEintimationESOPgrantsigned.pdf"
"HDFCBANK","HDFC Bank Limited","ESOP/ESOS/ESPS","HDFC Bank Limited has informed the Exchange regarding Allotment of 1037160  Shares.","23-Jan-2023 20:25:44","2023-01-23 20:25:44","23-Jan-2023 20:25:48","00:00:04","https://nsearchives.nseindia.com/corporate/HDFCBANK_23012023202544_SEESOP23012023.pdf"
"HDFCBANK","HDFC Bank Limited","Analysts/Institutional Investor Meet/Con. Call Updates","HDFC Bank Limited has informed the Exchange about Transcript of Earnings Call for the third quarter and nine months ended December 31, 2022","20-Jan-2023 11:41:23","2023-01-20 11:41:23","20-Jan-2023 11:41:27","00:00:04","https://nsearchives.nseindia.com/corporate/HDFCBANK_20012023114123_SEintimationEarningscalltranscriptcombined.pdf"
"HDFCBANK","HDFC Bank Limited","Certificate under SEBI (Depositories and Participants) Regulations, 2018","HDFC Bank Limited has informed the Exchange about Certificate under SEBI (Depositories and Participants) Regulations, 2018","17-Jan-2023 15:06:43","2023-01-17 15:06:43","17-Jan-2023 15:06:49","00:00:06","https://nsearchives.nseindia.com/corporate/HDFCBANK_17012023150643_SEComp745.pdf"
"HDFCBANK","HDFC Bank Limited","Loss of Share Certificates","HDFC Bank Limited has informed the Exchange about Loss of Share Certificates","17-Jan-2023 15:00:53","2023-01-17 15:00:53","17-Jan-2023 15:00:56","00:00:03","https://nsearchives.nseindia.com/corporate/HDFCBANK_17012023150053_SELossofSC17012023Signed.pdf"
"HDFCBANK","HDFC Bank Limited","Amalgamation/Merger","HDFC Bank Limited has informed the Exchange about Proposed composite scheme of amalgamation for the amalgamation of: (i) HDFC Investments Limited and HDFC Holdings Limited, wholly-owned subsidiaries of Housing Development Finance Corporation Limited, with and into HDFC Limited; and (ii) HDFC Limited with and into HDFC Bank Limited","17-Jan-2023 07:29:40","2023-01-17 07:29:40","17-Jan-2023 07:29:43","00:00:03","https://nsearchives.nseindia.com/corporate/HDFCBANK_17012023072940_FSC_Mauritius_approval.pdf"
"HDFCBANK","HDFC Bank Limited","Analysts/Institutional Investor Meet/Con. Call Updates","HDFC Bank Limited has informed the Exchange about Link of Recording","15-Jan-2023 18:06:28","2023-01-15 18:06:28","15-Jan-2023 18:06:32","00:00:04","https://nsearchives.nseindia.com/corporate/HDFCBANK_15012023180628_SEintimationarningscallrecording.pdf"
"HDFCBANK","HDFC Bank Limited","Updates","HDFC Bank Limited has informed the Exchange regarding 'Unaudited Financial Results of HDFC Bank Limited for the third quarter and nine months ended December 31, 2022'.","14-Jan-2023 17:21:44","2023-01-14 17:21:44","14-Jan-2023 17:21:48","00:00:04","https://nsearchives.nseindia.com/corporate/HDFCBANK_14012023172144_SEintimationFinancialsJan2023revisedintimation_signed.pdf"
"HDFCBANK","HDFC Bank Limited","Financial Result Updates","HDFC Bank Limited has submitted to the Exchange, the financial results for the period ended December 31, 2022.","14-Jan-2023 13:02:51","2023-01-14 13:02:51","14-Jan-2023 13:02:55","00:00:04","https://nsearchives.nseindia.com/corporate/SEIntimationResult31122022_signed_14012023130251.pdf"
"HDFCBANK","HDFC Bank Limited","Analysts/Institutional Investor Meet/Con. Call Updates","HDFC Bank Limited has informed the Exchange about Schedule of meet","11-Jan-2023 16:50:16","2023-01-11 16:50:16","11-Jan-2023 16:50:22","00:00:06","https://nsearchives.nseindia.com/corporate/HDFCBANK_11012023165016_SEIntimationEarningscall11012023.pdf"
"HDFCBANK","HDFC Bank Limited","Loss of Share Certificates","HDFC Bank Limited has informed the Exchange about Loss of Share Certificates","10-Jan-2023 16:42:47","2023-01-10 16:42:47","10-Jan-2023 16:42:49","00:00:02","https://nsearchives.nseindia.com/corporate/HDFCBANK_10012023164247_SELossofSC10012023.pdf"
"HDFCBANK","HDFC Bank Limited","Updates","HDFC Bank Limited has informed the Exchange regarding 'Intimation under SEBI (Listing Obligations and Disclosure Requirements) Regulations, 2015'.","04-Jan-2023 10:43:37","2023-01-04 10:43:37","04-Jan-2023 10:43:45","00:00:08","https://nsearchives.nseindia.com/corporate/HDFCBANK_04012023104337_Disclosure_Dec2022.pdf"
"HDFCBANK","HDFC Bank Limited","Loss of Share Certificates","HDFC Bank Limited has informed the Exchange about Loss of Share Certificates","03-Jan-2023 13:45:11","2023-01-03 13:45:11","03-Jan-2023 13:45:19","00:00:08","https://nsearchives.nseindia.com/corporate/HDFCBANK_03012023134511_SELossofSC03012023.pdf"
"HDFCBANK","HDFC Bank Limited","Loss of Share Certificates","HDFC Bank Limited has informed the Exchange about Loss of Share Certificates","02-Jan-2023 15:33:23","2023-01-02 15:33:23","02-Jan-2023 15:33:28","00:00:05","https://nsearchives.nseindia.com/corporate/HDFCBANK_02012023153323_SELossofSC02012023.pdf"