"SYMBOL","COMPANY NAME","SUBJECT","DETAILS","BROADCAST DATE/TIME","RECEIPT","DISSEMINATION","DIFFERENCE","ATTACHMENT"
"M&M","Mahindra & Mahindra Limited","Trading Window","Mahindra & Mahindra Limited has informed the Exchange regarding the Trading Window closure pursuant to SEBI (Prohibition of Insider Trading) Regulations, 2015","24-Dec-2025 18:04:49","2025-12-24 18:04:49","24-Dec-2025 18:04:49","00:00:00","https://nsearchives.nseindia.com/corporate/ferozebaria_24122025180439_SEIntimationBoardMeeting110226.pdf"
"M&M","Mahindra & Mahindra Limited","Updates","Mahindra & Mahindra Limited has informed the Exchange regarding 'Transfer of Equity Shares by Mahindra & Mahindra Employees  Stock Option Trust to the Stock Option Grantees'.","23-Dec-2025 19:06:38","2025-12-23 19:06:38","23-Dec-2025 19:06:38","00:00:00","https://nsearchives.nseindia.com/corporate/Shaibya_23122025190631_Employeeslist23122025.pdf"
"M&M","Mahindra & Mahindra Limited","Updates","Mahindra & Mahindra Limited has informed the Exchange regarding 'Transfer Of Equity Shares By Mahindra & Mahindra Employees' Stock Option Trust To The Stock Option Grantees'.","15-Dec-2025 16:13:22","2025-12-15 16:13:22","15-Dec-2025 16:13:23","00:00:01","https://nsearchives.nseindia.com/corporate/Shaibya_15122025161315_Employeeslist15122025.pdf"
"M&M","Mahindra & Mahindra Limited","Updates","Mahindra & Mahindra Limited has informed the Exchange regarding 'Transfer of Equity Shares by Mahindra & Mahindra Employees  Stock Option Trust to the Stock Option Grantees'.","11-Dec-2025 19:22:02","2025-12-11 19:22:02","11-Dec-2025 19:22:03","00:00:01","https://nsearchives.nseindia.com/corporate/Shaibya_11122025192154_Employeeslist11122025.pdf"
"M&M","Mahindra & Mahindra Limited","General Updates","Intimation Under Regulation 30 Of The SEBI (Listing Obligations And Disclosure Requirements) Regulations, 2015   ESG Ratings","11-Dec-2025 05:20:46","2025-12-11 05:20:46","11-Dec-2025 05:20:46","00:00:00","https://nsearchives.nseindia.com/corporate/NishaMandhana_11122025052026_2MMSEIntimationofESGRatings.pdf"
"M&M","Mahindra & Mahindra Limited","General Updates","Intimation Under Regulation 30 Of The SEBI (Listing Obligations And Disclosure Requirements) Regulations, 2015   ESG Ratings","11-Dec-2025 05:14:34","2025-12-11 05:14:34","11-Dec-2025 05:14:35","00:00:01","https://nsearchives.nseindia.com/corporate/NishaMandhana_11122025051407_1MMSEIntimationofESGRatings.pdf"
"M&M","Mahindra & Mahindra Limited","General Updates","M&M: Mahindra & Mahindra Limited has informed the Exchange about Production, Sales and Export figures","08-Dec-2025 19:25:33","2025-12-08 19:25:33","08-Dec-2025 19:25:34","00:00:01","https://nsearchives.nseindia.com/corporate/NishaMandhana_08122025192508_MonthlyReport.pdf"
"M&M","Mahindra & Mahindra Limited","Press Release","Mahindra & Mahindra Limited has informed the Exchange regarding a press note dated December 08, 2025, titled ""Hello Mahindra XUV 7XO: The New Trendsetter Ready to Build On the XUV700 Legacy "".","08-Dec-2025 12:05:01","2025-12-08 12:05:01","08-Dec-2025 12:05:02","00:00:01","https://nsearchives.nseindia.com/corporate/Shaibya_08122025120450_SEIntimationXUV700NewEVName08122025.pdf"
"M&M","Mahindra & Mahindra Limited","General Updates","Mahindra & Mahindra Limited has informed the Exchange about General Updates","04-Dec-2025 09:48:53","2025-12-04 09:48:53","04-Dec-2025 09:48:54","00:00:01","https://nsearchives.nseindia.com/corporate/Shaibya_04122025094735_SEIntimationCIESpainsigned.pdf"
"M&M","Mahindra & Mahindra Limited","Credit Rating- Others","Mahindra & Mahindra Limited has informed the Exchange about Reaffirmation of Credit Rating - Others","03-Dec-2025 12:35:21","2025-12-03 12:35:21","03-Dec-2025 12:35:22","00:00:01","https://nsearchives.nseindia.com/corporate/ferozebaria_03122025123134_SEIntimationCARERatingsPR03122025.pdf"
"M&M","Mahindra & Mahindra Limited","Monthly Business Updates","Mahindra & Mahindra Limited has informed the Exchange regarding Monthly Business Updates for the month of November 2025","01-Dec-2025 10:28:49","2025-12-01 10:28:49","01-Dec-2025 10:28:50","00:00:01","https://nsearchives.nseindia.com/corporate/ferozebaria_01122025102832_SEIntimationDecember2025PR.pdf"
"M&M","Mahindra & Mahindra Limited","Acquisition","Mahindra & Mahindra Limited has informed the Exchange about Acquisition by Mahindra Lifespace Developers Limited, a listed subsidiary of the Company","29-Nov-2025 11:47:58","2025-11-29 11:47:58","29-Nov-2025 11:48:00","00:00:02","https://nsearchives.nseindia.com/corporate/Shaibya_29112025114748_MLDLAcqusitionofMHPLsigned.pdf"
"M&M","Mahindra & Mahindra Limited","Analysts/Institutional Investor Meet/Con. Call Updates","Mahindra & Mahindra Limited has informed the Exchange about Outcome of Analyst/Investor Meet","28-Nov-2025 17:53:55","2025-11-28 17:53:55","28-Nov-2025 17:53:57","00:00:02","https://nsearchives.nseindia.com/corporate/NishaMandhana_28112025175324_Concluded28112025.pdf"
"M&M","Mahindra & Mahindra Limited","Acquisition","Mahindra & Mahindra Limited has informed the Exchange about Proposed investment by the Company in the Equity Shares of Gelos Solren Private Limited","28-Nov-2025 11:21:25","2025-11-28 11:21:25","28-Nov-2025 11:21:26","00:00:01","https://nsearchives.nseindia.com/corporate/Shaibya_28112025112112_SEIntimationbyMMGelos26Nov2025.pdf"
"M&M","Mahindra & Mahindra Limited","Copy of Newspaper Publication","Newspaper Publication regarding Special Window for re-lodgement of transfer request of physical shares","27-Nov-2025 17:58:30","2025-11-27 17:58:30","27-Nov-2025 17:58:31","00:00:01","https://nsearchives.nseindia.com/corporate/Vandana_27112025175809_SE_IntimationforNewspaperadvttoshareholders.pdf"
"M&M","Mahindra & Mahindra Limited","Change in Director(s)","Mahindra & Mahindra Limited has informed the Exchange regarding Change in Director(s) of the company.","27-Nov-2025 16:18:48","2025-11-27 16:18:48","27-Nov-2025 16:18:50","00:00:02","https://nsearchives.nseindia.com/corporate/Shaibya_27112025161837_SEIntimationChangeinDirectorate.pdf"
"M&M","Mahindra & Mahindra Limited","Shareholders meeting","Mahindra & Mahindra Limited has submitted the Exchange a copy Srutinizers report of Postal Ballot. Further, the company has informed the Exchange regarding voting results.","27-Nov-2025 16:03:00","2025-11-27 16:03:00","27-Nov-2025 16:03:02","00:00:02","https://nsearchives.nseindia.com/corporate/Shaibya_27112025160248_SEIntimationVotingresultofthePostalBallotNoticedated6thOctober2025.pdf"
"M&M","Mahindra & Mahindra Limited","Product launch","Mahindra & Mahindra Limited has informed the Exchange about Product launch","27-Nov-2025 10:05:02","2025-11-27 10:05:02","27-Nov-2025 10:05:03","00:00:01","https://nsearchives.nseindia.com/corporate/ferozebaria_27112025100439_SEIntimationLaunchofXEV9S27112025.pdf"
"M&M","Mahindra & Mahindra Limited","Press Release","Mahindra & Mahindra Limited has informed the Exchange regarding a press release dated November 26, 2025, titled ""Launch of World s First Formula E-Inspired Electric SUV The Mahindra BE 6 Formula E Edition "".","26-Nov-2025 19:12:52","2025-11-26 19:12:52","26-Nov-2025 19:12:53","00:00:01","https://nsearchives.nseindia.com/corporate/ferozebaria_26112025191210_SEIntimationBE6FormulaEEdition26112025.pdf"
"M&M","Mahindra & Mahindra Limited","Updates","Mahindra & Mahindra Limited has informed the Exchange regarding 'Transfer of Equity Shares by Mahindra & Mahindra Employees  Stock Option Trust to the Stock Option Grantees'.","25-Nov-2025 19:29:41","2025-11-25 19:29:41","25-Nov-2025 19:29:41","00:00:00","https://nsearchives.nseindia.com/corporate/Shaibya_25112025192932_Employeeslist25112025.pdf"
"M&M","Mahindra & Mahindra Limited","Analysts/Institutional Investor Meet/Con. Call Updates","Mahindra & Mahindra Limited has informed the Exchange about Schedule of meet","25-Nov-2025 16:38:04","2025-11-25 16:38:04","25-Nov-2025 16:38:05","00:00:01","https://nsearchives.nseindia.com/corporate/NishaMandhana_25112025163736_UpcomingAnalystMeet25112025.pdf"
"M&M","Mahindra & Mahindra Limited","Acquisition","Mahindra & Mahindra Limited has informed the Exchange about Acquisition of stake of Mahindra   BT Investment Company (Mauritius) Limited","21-Nov-2025 19:58:00","2025-11-21 19:58:00","21-Nov-2025 19:58:01","00:00:01","https://nsearchives.nseindia.com/corporate/Shaibya_21112025195754_SEIntimationAcquisitiononMBTMfromBTHoldingsLtd.pdf"
"M&M","Mahindra & Mahindra Limited","Analysts/Institutional Investor Meet/Con. Call Updates","Mahindra & Mahindra Limited has informed the Exchange about Outcome of Analyst/Investor Meet","20-Nov-2025 22:24:38","2025-11-20 22:24:38","20-Nov-2025 22:24:39","00:00:01","https://nsearchives.nseindia.com/corporate/NishaMandhana_20112025222414_Concluded20112025.pdf"
"M&M","Mahindra & Mahindra Limited","Investor Presentation","Mahindra & Mahindra Limited has informed the Exchange about Investor Presentation","20-Nov-2025 12:07:32","2025-11-20 12:07:32","20-Nov-2025 12:07:33","00:00:01","https://nsearchives.nseindia.com/corporate/NishaMandhana_20112025120714_SEIntimationUpdatedPresentationInvestorDay20112025.pdf"
"M&M","Mahindra & Mahindra Limited","Investor Presentation","Mahindra & Mahindra Limited has informed the Exchange about Investor Presentation","20-Nov-2025 08:52:48","2025-11-20 08:52:48","20-Nov-2025 08:52:49","00:00:01","https://nsearchives.nseindia.com/corporate/NishaMandhana_20112025085204_SEIntimationPresentation20112025.pdf"
"M&M","Mahindra & Mahindra Limited","Analysts/Institutional Investor Meet/Con. Call Updates","Mahindra & Mahindra Limited has informed the Exchange about Outcome of Analyst Meet","18-Nov-2025 12:58:32","2025-11-18 12:58:32","18-Nov-2025 12:58:34","00:00:02","https://nsearchives.nseindia.com/corporate/NishaMandhana_18112025125820_Concluded18112025.pdf"
"M&M","Mahindra & Mahindra Limited","Analysts/Institutional Investor Meet/Con. Call Updates","Mahindra & Mahindra Limited has informed the Exchange about Outcome of Analyst Meet","17-Nov-2025 19:38:23","2025-11-17 19:38:23","17-Nov-2025 19:38:24","00:00:01","https://nsearchives.nseindia.com/corporate/NishaMandhana_17112025193730_Concluded17112025.pdf"
"M&M","Mahindra & Mahindra Limited","Analysts/Institutional Investor Meet/Con. Call Updates","Mahindra & Mahindra Limited has informed the Exchange about Presentation","13-Nov-2025 19:21:30","2025-11-13 19:21:30","13-Nov-2025 19:21:31","00:00:01","https://nsearchives.nseindia.com/corporate/NishaMandhana_13112025191757_Concluded13112025.pdf"
"M&M","Mahindra & Mahindra Limited","Acquisition","Mahindra & Mahindra Limited has informed the Exchange about Acquisition of stake of Mahindra Racing UK Limited","13-Nov-2025 17:41:07","2025-11-13 17:41:07","13-Nov-2025 17:41:08","00:00:01","https://nsearchives.nseindia.com/corporate/Shaibya_13112025174054_SEIntimationAcquisitionofstakeofMRUKbyMOICML.pdf"
"M&M","Mahindra & Mahindra Limited","General Updates","Mahindra & Mahindra Limited has informed the Exchange about General Updates","13-Nov-2025 10:27:33","2025-11-13 10:27:33","13-Nov-2025 10:27:33","00:00:00","https://nsearchives.nseindia.com/corporate/NishaMandhana_13112025102710_SEIntimationenclosingPresentationtobemadetoPress.pdf"
"M&M","Mahindra & Mahindra Limited","Investor Presentation","Mahindra & Mahindra Limited has informed the Exchange about Investor Presentation","13-Nov-2025 08:49:17","2025-11-13 08:49:17","13-Nov-2025 08:49:18","00:00:01","https://nsearchives.nseindia.com/corporate/NishaMandhana_13112025084854_PresentationtobemadeAnalystInstitutionalInvestorMeeting.pdf"
"M&M","Mahindra & Mahindra Limited","Analysts/Institutional Investor Meet/Con. Call Updates","Mahindra & Mahindra Limited has informed the Exchange about Schedule of meet","13-Nov-2025 00:30:01","2025-11-13 00:30:01","13-Nov-2025 00:30:02","00:00:01","https://nsearchives.nseindia.com/corporate/NishaMandhana_13112025002933_SEIntimationUpcomingAnalystMeet13112025.pdf"
"M&M","Mahindra & Mahindra Limited","Agreements","Mahindra & Mahindra Limited has informed the Exchange about Joint Venture Agreement.","13-Nov-2025 00:26:11","2025-11-13 00:26:11","13-Nov-2025 00:26:12","00:00:01","https://nsearchives.nseindia.com/corporate/Shaibya_13112025002557_SEIntimationOutcomeofBoardMeeting13112025.pdf"
"M&M","Mahindra & Mahindra Limited","Outcome of Board Meeting","Mahindra & Mahindra Limited has informed the Exchange regarding Outcome of Board Meeting held on November 12, 2025.","13-Nov-2025 00:22:44","2025-11-13 00:22:44","13-Nov-2025 00:22:45","00:00:01","https://nsearchives.nseindia.com/corporate/Shaibya_13112025002114_SEIntimationOutcomeofBoardMeeting13112025.pdf"
"M&M","Mahindra & Mahindra Limited","Analysts/Institutional Investor Meet/Con. Call Updates","Mahindra & Mahindra Limited has informed the Exchange about Schedule of meet","12-Nov-2025 22:57:59","2025-11-12 22:57:59","12-Nov-2025 22:58:00","00:00:01","https://nsearchives.nseindia.com/corporate/NishaMandhana_12112025225730_UpcomingAnalystMeet12112025.pdf"
"M&M","Mahindra & Mahindra Limited","Investor Presentation","Mahindra & Mahindra Limited has informed the Exchange about Investor Presentation","12-Nov-2025 22:12:44","2025-11-12 22:12:44","12-Nov-2025 22:12:44","00:00:00","https://nsearchives.nseindia.com/corporate/NishaMandhana_12112025220920_Concluded12112025.pdf"
"M&M","Mahindra & Mahindra Limited","Updates","Mahindra & Mahindra Limited has informed the Exchange regarding 'Transfer of Equity Shares by Mahindra & Mahindra Employees  Stock Option Trust to the Stock Option Grantees'.","10-Nov-2025 21:10:02","2025-11-10 21:10:02","10-Nov-2025 21:10:03","00:00:01","https://nsearchives.nseindia.com/corporate/Shaibya_10112025210951_Employeeslist10112025.pdf"
"M&M","Mahindra & Mahindra Limited","General Updates","Mahindra & Mahindra Limited has informed the Exchange about Production, Sales and Export figures","08-Nov-2025 17:37:03","2025-11-08 17:37:03","08-Nov-2025 17:37:04","00:00:01","https://nsearchives.nseindia.com/corporate/NishaMandhana_08112025173644_MonthlyReportOct25.pdf"
"M&M","Mahindra & Mahindra Limited","Analysts/Institutional Investor Meet/Con. Call Updates","Mahindra & Mahindra Limited has informed the Exchange about Transcript","07-Nov-2025 20:02:50","2025-11-07 20:02:50","07-Nov-2025 20:02:52","00:00:02","https://nsearchives.nseindia.com/corporate/NishaMandhana_07112025200225_SEIntimationregardingTranscriptofAnalystMeet04112025.pdf"
"M&M","Mahindra & Mahindra Limited","Analysts/Institutional Investor Meet/Con. Call Updates","Mahindra & Mahindra Limited has informed the Exchange about Schedule of meet","06-Nov-2025 20:41:17","2025-11-06 20:41:17","06-Nov-2025 20:41:18","00:00:01","https://nsearchives.nseindia.com/corporate/Shaibya_06112025204036_UpcomingAnalystMeet06112025.pdf"
"M&M","Mahindra & Mahindra Limited","Updates","Mahindra & Mahindra Limited has informed the Exchange regarding 'Sale of entire stake held by the Company in RBL Bank Limited '.","06-Nov-2025 09:29:40","2025-11-06 09:29:40","06-Nov-2025 09:29:40","00:00:00","https://nsearchives.nseindia.com/corporate/Shaibya_06112025092929_SEIntimationSaleofstakebytheCompanyinRBLBank.pdf"
"M&M","Mahindra & Mahindra Limited","Copy of Newspaper Publication","Mahindra & Mahindra Limited has informed the Exchange about Copy of Newspaper Publication","05-Nov-2025 09:47:58","2025-11-05 09:47:58","05-Nov-2025 09:47:58","00:00:00","https://nsearchives.nseindia.com/corporate/ferozebaria_05112025094714_SEIntimationenclosingNewspaperPublication4thNovember2025.pdf"
"M&M","Mahindra & Mahindra Limited","Investor Presentation","Mahindra & Mahindra Limited has informed the Exchange about Investor Presentation","04-Nov-2025 22:09:18","2025-11-04 22:09:18","04-Nov-2025 22:09:20","00:00:02","https://nsearchives.nseindia.com/corporate/NishaMandhana_04112025220851_ConclusionAnalystMeetwithPresentationandAVLink41125.pdf"
"M&M","Mahindra & Mahindra Limited","Updates","Mahindra & Mahindra Limited has informed the Exchange In terms of Regulation 23(9) of SEBI LODR, PFA RPT Disclosure for H1 FY26'.","04-Nov-2025 21:32:00","2025-11-04 21:32:00","04-Nov-2025 21:32:02","00:00:02","https://nsearchives.nseindia.com/corporate/NishaMandhana_04112025213125_SEIntimationforRPTHYDisclosureH1F26.pdf"
"M&M","Mahindra & Mahindra Limited","Investor Presentation","Mahindra & Mahindra Limited has informed the Exchange about Investor Presentation","04-Nov-2025 14:22:44","2025-11-04 14:22:44","04-Nov-2025 14:22:45","00:00:01","https://nsearchives.nseindia.com/corporate/NishaMandhana_04112025142221_SEIntimationenclosingPresentationtobemade04112025.pdf"
"M&M","Mahindra & Mahindra Limited","General Updates","Mahindra & Mahindra Limited has informed the Exchange about General Updates","04-Nov-2025 13:50:00","2025-11-04 13:50:00","04-Nov-2025 13:50:00","00:00:00","https://nsearchives.nseindia.com/corporate/NishaMandhana_04112025134936_SEIntimationPresentationtobemadetoPressAnalyst41125.pdf"
"M&M","Mahindra & Mahindra Limited","Press Release","Mahindra & Mahindra Limited has informed the Exchange regarding a press release dated November 04, 2025, titled ""Press Release on Unaudited Standalone and Consolidated Financial Results of the Company for the Second Quarter ended 30th September, 2025"".","04-Nov-2025 13:29:30","2025-11-04 13:29:30","04-Nov-2025 13:29:31","00:00:01","https://nsearchives.nseindia.com/corporate/Shaibya_04112025132917_SEIntimationPRonFinancials.pdf"
"M&M","Mahindra & Mahindra Limited","Outcome of Board Meeting","Mahindra & Mahindra Limited has informed the Exchange regarding Outcome of Board Meeting held on November 04, 2025.","04-Nov-2025 13:28:28","2025-11-04 13:28:28","04-Nov-2025 13:28:28","00:00:00","https://nsearchives.nseindia.com/corporate/Vandana_04112025132817_SEIntimationOutcomeofBoardMeeting.pdf"
"M&M","Mahindra & Mahindra Limited","Outcome of Board Meeting","Mahindra & Mahindra Limited has submitted to the Exchange, the financial results for the period ended September 30, 2025.","04-Nov-2025 13:25:32","2025-11-04 13:25:32","04-Nov-2025 13:25:33","00:00:01","https://nsearchives.nseindia.com/corporate/ferozebaria_04112025132432_SEIntimationOutcomeofBoardMeeting.pdf"
"M&M","Mahindra & Mahindra Limited","Press Release","Mahindra & Mahindra Limited has informed the Exchange regarding a press release dated November 01, 2025, titled ""Meet the Mahindra XEV 9S: The Big New 7-Seater Electric SUV"".","01-Nov-2025 14:42:07","2025-11-01 14:42:07","01-Nov-2025 14:42:07","00:00:00","https://nsearchives.nseindia.com/corporate/ferozebaria_01112025144156_SEIntimationMEALNewEVName01112025.pdf"
"M&M","Mahindra & Mahindra Limited","Monthly Business Updates","Mahindra & Mahindra Limited has informed the Exchange regarding Monthly Business Updates for the month of October 2025","01-Nov-2025 10:12:19","2025-11-01 10:12:19","01-Nov-2025 10:12:20","00:00:01","https://nsearchives.nseindia.com/corporate/ferozebaria_01112025101142_SEIntimationNovember2025PR.pdf"
"M&M","Mahindra & Mahindra Limited","Sale or disposal","Cessation of Mahindra Aerospace Australia Pty Ltd, as a Wholly Owned Subsidiary of Mahindra Aerospace Private Limited, which in turn is a Wholly Owned Subsidiary of the Company.","31-Oct-2025 11:51:35","2025-10-31 11:51:35","31-Oct-2025 11:51:36","00:00:01","https://nsearchives.nseindia.com/corporate/Shaibya_31102025115120_SEIntimationCessationofMAAPL.pdf"
"M&M","Mahindra & Mahindra Limited","Updates","Mahindra & Mahindra Limited has informed the Exchange regarding 'Transfer of Equity Shares by Mahindra & Mahindra Employees  Stock Option Trust to the Stock Option Grantees'.","28-Oct-2025 17:24:24","2025-10-28 17:24:24","28-Oct-2025 17:24:26","00:00:02","https://nsearchives.nseindia.com/corporate/Shaibya_28102025172412_Employeeslist28102025.pdf"
"M&M","Mahindra & Mahindra Limited","Copy of Newspaper Publication","Newspaper Publication regarding the Notice of Postal Ballot and remote E-Voting","28-Oct-2025 14:53:24","2025-10-28 14:53:24","28-Oct-2025 14:53:25","00:00:01","https://nsearchives.nseindia.com/corporate/Vandana_28102025145034_SE_INTIMATION__POSTAL_BALLOT_AND_REMOTE_EVOTING.pdf"
"M&M","Mahindra & Mahindra Limited","Shareholders meeting","Mahindra & Mahindra Limited has informed the Exchange regarding Notice of Postal Ballot dated 6th October 2025","27-Oct-2025 20:42:59","2025-10-27 20:42:59","27-Oct-2025 20:43:00","00:00:01","https://nsearchives.nseindia.com/corporate/Shaibya_27102025204246_NoticeofPostalBallot.pdf"
"M&M","Mahindra & Mahindra Limited","Change in Management","Mahindra & Mahindra Limited has informed the Exchange about Appointment of Senior Management Personnel of the Company","24-Oct-2025 17:29:54","2025-10-24 17:29:54","24-Oct-2025 17:29:56","00:00:02","https://nsearchives.nseindia.com/corporate/Shaibya_24102025172923_AppointmentofSMPReg3024102025.pdf"
"M&M","Mahindra & Mahindra Limited","Press Release","Mahindra & Mahindra Limited has informed the Exchange regarding a press release dated October 17, 2025, titled ""Embraer and Mahindra Group Forge Strategic Alliance to Introduce the C-390 Millennium to India"".","17-Oct-2025 12:39:27","2025-10-17 12:39:27","17-Oct-2025 12:39:28","00:00:01","https://nsearchives.nseindia.com/corporate/ferozebaria_17102025123814_SEIntimationEmbrarerandMahindrasignAgreement17thOctober2025.pdf"
"M&M","Mahindra & Mahindra Limited","Updates","Mahindra & Mahindra Limited has informed the Exchange regarding 'Transfer of Equity Shares by Mahindra & Mahindra Employees Stock Option Trust to the Stock Option Grantees'.","16-Oct-2025 18:48:57","2025-10-16 18:48:57","16-Oct-2025 18:48:58","00:00:01","https://nsearchives.nseindia.com/corporate/Shaibya_16102025184845_Employeeslist16102025.pdf"
"M&M","Mahindra & Mahindra Limited","Credit Rating","Mahindra & Mahindra Limited has informed the Exchange about Credit Rating","16-Oct-2025 15:11:16","2025-10-16 15:11:16","16-Oct-2025 15:11:17","00:00:01","https://nsearchives.nseindia.com/corporate/ferozebaria_16102025151102_SEIntimationCRISILLimitedPR16102025.pdf"
"M&M","Mahindra & Mahindra Limited","Updates","Mahindra & Mahindra Limited has informed the Exchange regarding 'Certificate under Regulation 74(5) of SEBI (Depositories and Participants) Regulations, 2018 for the period from 1st July 2025 to 30th September 2025'.","16-Oct-2025 12:55:36","2025-10-16 12:55:36","16-Oct-2025 12:55:37","00:00:01","https://nsearchives.nseindia.com/corporate/Shaibya_16102025125520_SEintimationRegulation74_5_.pdf"
"M&M","Mahindra & Mahindra Limited","General Updates","Mahindra & Mahindra Limited has informed the Exchange about Production, Sales and Export figures","09-Oct-2025 20:08:15","2025-10-09 20:08:15","09-Oct-2025 20:08:16","00:00:01","https://nsearchives.nseindia.com/corporate/NishaMandhana_09102025200749_MonthlyReport.pdf"
"M&M","Mahindra & Mahindra Limited","Rumour Verification - Regulation 30(11)","Mahindra & Mahindra Limited has informed the Exchange about Rumour Verification - Regulation 30(11)","09-Oct-2025 13:48:24","2025-10-09 13:48:24","09-Oct-2025 13:48:25","00:00:01","https://nsearchives.nseindia.com/corporate/ferozebaria_09102025134812_SEIntimationNewsClarification09October2025.pdf"
"M&M","Mahindra & Mahindra Limited","Analysts/Institutional Investor Meet/Con. Call Updates","Mahindra & Mahindra Limited has informed the Exchange about Schedule of meet","08-Oct-2025 19:52:43","2025-10-08 19:52:43","08-Oct-2025 19:52:44","00:00:01","https://nsearchives.nseindia.com/corporate/NishaMandhana_08102025195228_UpcomingAnalystMeet08102025.pdf"
"M&M","Mahindra & Mahindra Limited","Copy of Newspaper Publication","Newspaper Publication regarding Saksham Niveshak Campaign and Special Window for                 re-lodgement of transfer request of physical shares","08-Oct-2025 15:20:48","2025-10-08 15:20:48","08-Oct-2025 15:20:49","00:00:01","https://nsearchives.nseindia.com/corporate/Vandana_08102025152026_SEIntimationformessagetoValuedShareholders.pdf"
"M&M","Mahindra & Mahindra Limited","Updates","Mahindra & Mahindra Limited has informed the Exchange regarding 'Appointment of Lead Independent Director'.","06-Oct-2025 20:11:01","2025-10-06 20:11:01","06-Oct-2025 20:11:02","00:00:01","https://nsearchives.nseindia.com/corporate/Vandana_06102025201016_SEIntimationOutcomeofBMAppointmentofDirectorsOctober2025.pdf"
"M&M","Mahindra & Mahindra Limited","Appointment","Mahindra & Mahindra Limited has informed the Exchange regarding Appointment of Mr Muthu Raju Paravasa Raju Vijay Kumar as Non- Executive Independent Director of the company w.e.f. October 07, 2025.","06-Oct-2025 20:02:08","2025-10-06 20:02:08","06-Oct-2025 20:02:25","00:00:17","https://nsearchives.nseindia.com/corporate/Shaibya_06102025200009_SEIntimationOutcomeofBMAppointmentofDirectorsOctober2025.pdf"
"M&M","Mahindra & Mahindra Limited","Appointment","Mahindra & Mahindra Limited has informed the Exchange regarding Appointment of Ms. Samina Hamied as Non- Executive Independent Director of the company w.e.f. October 07, 2025.","06-Oct-2025 20:02:08","2025-10-06 20:02:08","06-Oct-2025 20:02:08","00:00:00","https://nsearchives.nseindia.com/corporate/Shaibya_06102025195819_SEIntimationOutcomeofBMAppointmentofDirectorsOctober2025.pdf"
"M&M","Mahindra & Mahindra Limited","Change in Director(s)","Mahindra & Mahindra Limited has informed the Exchange regarding Change in Director(s) of the company.","06-Oct-2025 19:51:29","2025-10-06 19:51:29","06-Oct-2025 19:51:30","00:00:01","https://nsearchives.nseindia.com/corporate/Vandana_06102025195117_SEIntimationOutcomeofBMAppointmentofDirectorsOctober2025.pdf"
"M&M","Mahindra & Mahindra Limited","Outcome of Board Meeting","Mahindra & Mahindra Limited has informed the Exchange regarding Outcome of Board Meeting held on October 06, 2025.","06-Oct-2025 19:46:34","2025-10-06 19:46:34","06-Oct-2025 19:46:35","00:00:01","https://nsearchives.nseindia.com/corporate/Shaibya_06102025194618_SEIntimationOutcomeofBMAppointmentofDirectorsOctober2025.pdf"
"M&M","Mahindra & Mahindra Limited","Monthly Business Updates","Mahindra & Mahindra Limited has informed the Exchange regarding Monthly Business Updates for the month of September 2025","01-Oct-2025 10:08:47","2025-10-01 10:08:47","01-Oct-2025 10:08:48","00:00:01","https://nsearchives.nseindia.com/corporate/ferozebaria_01102025100800_SEIntimationOctober2025PR.pdf"
"M&M","Mahindra & Mahindra Limited","Sale or disposal","Mahindra & Mahindra Limited has informed the Exchange about Cessation of Sampo Rosenlew Oy as a Wholly Owned Subsidiary of the Company","29-Sep-2025 16:45:14","2025-09-29 16:45:14","29-Sep-2025 16:45:15","00:00:01","https://nsearchives.nseindia.com/corporate/Shree_29092025164455_SEIntimationSampo_SD.pdf"
"M&M","Mahindra & Mahindra Limited","Credit Rating","Mahindra & Mahindra Limited has informed the Exchange about Credit Rating","29-Sep-2025 16:35:35","2025-09-29 16:35:35","29-Sep-2025 16:35:35","00:00:00","https://nsearchives.nseindia.com/corporate/ferozebaria_29092025163517_SEIntimationCARERatingsPR029092025.pdf"
"M&M","Mahindra & Mahindra Limited","Credit Rating","Mahindra & Mahindra Limited has informed the Exchange about Credit Rating","29-Sep-2025 12:10:36","2025-09-29 12:10:36","29-Sep-2025 12:10:37","00:00:01","https://nsearchives.nseindia.com/corporate/ferozebaria_29092025121018_SEIntimationICRALimitedPR29092025.pdf"
"M&M","Mahindra & Mahindra Limited","Investor Presentation","Mahindra & Mahindra Limited has informed the Exchange about Investor Presentation","24-Sep-2025 19:20:31","2025-09-24 19:20:31","24-Sep-2025 19:20:32","00:00:01","https://nsearchives.nseindia.com/corporate/NishaMandhana_24092025192016_Concluded24092025.pdf"
"M&M","Mahindra & Mahindra Limited","Updates","Mahindra & Mahindra Limited has informed the Exchange regarding 'Transfer of Equity Shares by Mahindra & Mahindra Employees  Stock Option Trust to the Stock Option Grantees'.","23-Sep-2025 20:42:44","2025-09-23 20:42:44","23-Sep-2025 20:42:45","00:00:01","https://nsearchives.nseindia.com/corporate/Shaibya_23092025204201_Employeeslist23092025.pdf"
"M&M","Mahindra & Mahindra Limited","Investor Presentation","Mahindra & Mahindra Limited has informed the Exchange about Investor Presentation","22-Sep-2025 20:29:15","2025-09-22 20:29:15","22-Sep-2025 20:29:16","00:00:01","https://nsearchives.nseindia.com/corporate/NishaMandhana_22092025202854_Concluded22092025.pdf"
"M&M","Mahindra & Mahindra Limited","Credit Rating","Mahindra & Mahindra Limited has informed the Exchange about Credit Rating","19-Sep-2025 18:50:23","2025-09-19 18:50:23","19-Sep-2025 18:50:24","00:00:01","https://nsearchives.nseindia.com/corporate/ferozebaria_19092025185013_SEIntimationCRISILLimitedPR19092025.pdf"
"M&M","Mahindra & Mahindra Limited","Investor Presentation","Mahindra & Mahindra Limited has informed the Exchange about Investor Presentation","19-Sep-2025 18:24:51","2025-09-19 18:24:51","19-Sep-2025 18:24:52","00:00:01","https://nsearchives.nseindia.com/corporate/NishaMandhana_19092025182431_Concluded19092025.pdf"
"M&M","Mahindra & Mahindra Limited","Analysts/Institutional Investor Meet/Con. Call Updates","Mahindra & Mahindra Limited has informed the Exchange about Schedule of meet","19-Sep-2025 18:13:33","2025-09-19 18:13:33","19-Sep-2025 18:13:34","00:00:01","https://nsearchives.nseindia.com/corporate/NishaMandhana_19092025181319_UpcomingAnalystMeet19092025.pdf"
"M&M","Mahindra & Mahindra Limited","Analysts/Institutional Investor Meet/Con. Call Updates","Mahindra & Mahindra Limited has informed the Exchange about Schedule of meet","18-Sep-2025 18:49:06","2025-09-18 18:49:06","18-Sep-2025 18:49:07","00:00:01","https://nsearchives.nseindia.com/corporate/NishaMandhana_18092025184853_RevisedUpcomingAnalystMeet19092025.pdf"
"M&M","Mahindra & Mahindra Limited","Investor Presentation","Mahindra & Mahindra Limited has informed the Exchange about Investor Presentation","18-Sep-2025 18:33:07","2025-09-18 18:33:07","18-Sep-2025 18:33:08","00:00:01","https://nsearchives.nseindia.com/corporate/NishaMandhana_18092025183245_Concluded18092025.pdf"
"M&M","Mahindra & Mahindra Limited","Investor Presentation","Mahindra & Mahindra Limited has informed the Exchange about Investor Presentation","15-Sep-2025 16:19:53","2025-09-15 16:19:53","15-Sep-2025 16:19:55","00:00:02","https://nsearchives.nseindia.com/corporate/NishaMandhana_15092025161902_Concluded15092025.pdf"
"M&M","Mahindra & Mahindra Limited","Updates","Mahindra & Mahindra Limited has informed the Exchange regarding 'Transfer of Equity Shares by Mahindra & Mahindra Employees  Stock Option Trust to the Stock Option Grantees'.","12-Sep-2025 21:09:24","2025-09-12 21:09:24","12-Sep-2025 21:09:25","00:00:01","https://nsearchives.nseindia.com/corporate/Shaibya_12092025210913_EmployeeList12092025.pdf"
"M&M","Mahindra & Mahindra Limited","Updates","Intimation to shareholders regarding  100 days Campaign - Saksham Niveshak '.","12-Sep-2025 18:35:52","2025-09-12 18:35:52","12-Sep-2025 18:35:52","00:00:00","https://nsearchives.nseindia.com/corporate/Vandana_12092025183532_SEINTIMATION100daysCampaignSaksham_Niveshak.pdf"
"M&M","Mahindra & Mahindra Limited","Acquisition","Mahindra & Mahindra Limited has informed the Exchange about Acquisitions by Mahindra Holdings Limited, a wholly owned subsidiary of the Company","11-Sep-2025 18:47:13","2025-09-11 18:47:13","11-Sep-2025 18:47:13","00:00:00","https://nsearchives.nseindia.com/corporate/Shaibya_11092025184705_SEIntimationMHLAcquisitionfromPMSL11092025.pdf"
"M&M","Mahindra & Mahindra Limited","General Updates","Intimation under Regulation 30 of the SEBI (Listing Obligations and Disclosure Requirements) Regulations, 2015   ESG Ratings","10-Sep-2025 18:25:20","2025-09-10 18:25:20","10-Sep-2025 18:25:21","00:00:01","https://nsearchives.nseindia.com/corporate/Vandana_10092025182412_MMSEIntimationofESGRatingsbyESGRisk.pdf"
"M&M","Mahindra & Mahindra Limited","Analysts/Institutional Investor Meet/Con. Call Updates","Mahindra & Mahindra Limited has informed the Exchange about Schedule of meet","09-Sep-2025 17:19:00","2025-09-09 17:19:00","09-Sep-2025 17:19:01","00:00:01","https://nsearchives.nseindia.com/corporate/NishaMandhana_09092025171835_UpcomingAnalystMeet09092025.pdf"
"M&M","Mahindra & Mahindra Limited","General Updates","Mahindra & Mahindra Limited has informed the Exchange about Production, Sales and Export figures","09-Sep-2025 16:37:35","2025-09-09 16:37:35","09-Sep-2025 16:37:36","00:00:01","https://nsearchives.nseindia.com/corporate/NishaMandhana_09092025163609_MonthlyReportAug25.pdf"
"M&M","Mahindra & Mahindra Limited","Credit Rating","Mahindra & Mahindra Limited has informed the Exchange about Credit Rating","08-Sep-2025 20:06:29","2025-09-08 20:06:29","08-Sep-2025 20:06:30","00:00:01","https://nsearchives.nseindia.com/corporate/ferozebaria_08092025200347_SEIntimationIndiaRatingsPR08092025.pdf"
"M&M","Mahindra & Mahindra Limited","Investor Presentation","Mahindra & Mahindra Limited has informed the Exchange about Investor Presentation","03-Sep-2025 19:26:22","2025-09-03 19:26:22","03-Sep-2025 19:26:23","00:00:01","https://nsearchives.nseindia.com/corporate/NishaMandhana_03092025192559_Concluded03092025_.pdf"
"M&M","Mahindra & Mahindra Limited","Investor Presentation","Mahindra & Mahindra Limited has informed the Exchange about Investor Presentation","02-Sep-2025 19:30:32","2025-09-02 19:30:32","02-Sep-2025 19:30:33","00:00:01","https://nsearchives.nseindia.com/corporate/NishaMandhana_02092025193007_Concluded02092025.pdf"
"M&M","Mahindra & Mahindra Limited","Sale or disposal","Mahindra & Mahindra Limited has informed the Exchange about Dilution of stake in Mahindra Last Mile Mobility Limited","01-Sep-2025 22:49:27","2025-09-01 22:49:27","01-Sep-2025 22:49:29","00:00:02","https://nsearchives.nseindia.com/corporate/Shaibya_01092025224914_SEIntimationCCPSconversionSD.pdf"
"M&M","Mahindra & Mahindra Limited","Monthly Business Updates","Mahindra & Mahindra Limited has informed the Exchange regarding Monthly Business Updates for the month of August 2025","01-Sep-2025 13:28:12","2025-09-01 13:28:12","01-Sep-2025 13:28:13","00:00:01","https://nsearchives.nseindia.com/corporate/ferozebaria_01092025132802_SEIntimationSeptember2025PR.pdf"
"M&M","Mahindra & Mahindra Limited","Analysts/Institutional Investor Meet/Con. Call Updates","Mahindra & Mahindra Limited has informed the Exchange about Schedule of meet","26-Aug-2025 16:55:42","2025-08-26 16:55:42","26-Aug-2025 16:55:43","00:00:01","https://nsearchives.nseindia.com/corporate/NishaMandhana_26082025165458_UpcomingAnalystMeet26082025.pdf"
"M&M","Mahindra & Mahindra Limited","Press Release","Mahindra & Mahindra Limited has informed the Exchange regarding a press release dated August 25, 2025, titled ""Mr. Avinash Rao appointed as MD & CEO of Mahindra Susten"".","25-Aug-2025 14:09:42","2025-08-25 14:09:42","25-Aug-2025 14:09:43","00:00:01","https://nsearchives.nseindia.com/corporate/ferozebaria_25082025140932_SEIntimationMahindraSustenMDCEO.pdf"
"M&M","Mahindra & Mahindra Limited","Investor Presentation","Mahindra & Mahindra Limited has informed the Exchange about Investor Presentation","22-Aug-2025 18:04:49","2025-08-22 18:04:49","22-Aug-2025 18:04:49","00:00:00","https://nsearchives.nseindia.com/corporate/NishaMandhana_22082025180420_Concluded22082025.pdf"
"M&M","Mahindra & Mahindra Limited","Updates","Mahindra & Mahindra Limited has informed the Exchange regarding 'Transfer of Equity Shares by Mahindra & Mahindra Employees  Stock Option Trust to the Stock Option Grantees'.","22-Aug-2025 17:46:53","2025-08-22 17:46:53","22-Aug-2025 17:46:54","00:00:01","https://nsearchives.nseindia.com/corporate/Shaibya_22082025174647_EmployeeList22082025.pdf"
"M&M","Mahindra & Mahindra Limited","Copy of Newspaper Publication","Newspaper Publication regarding 100 days Campaign - Saksham Niveshak","19-Aug-2025 17:26:01","2025-08-19 17:26:01","19-Aug-2025 17:26:02","00:00:01","https://nsearchives.nseindia.com/corporate/Vandana_19082025172450_SEIntimationSakshamNiveshak.pdf"
"M&M","Mahindra & Mahindra Limited","Acquisition","Mahindra & Mahindra Limited has informed the Exchange about Allotment of shares to the Company by Mahindra Logistics Limited, a listed subsidiary of the Company pursuant to its Rights Issue of Equity Shares.","18-Aug-2025 21:52:46","2025-08-18 21:52:46","18-Aug-2025 21:52:47","00:00:01","https://nsearchives.nseindia.com/corporate/Shree_18082025215235_SEIntimationMLLRightsIssue.pdf"
"M&M","Mahindra & Mahindra Limited","Investor Presentation","Mahindra & Mahindra Limited has informed the Exchange about Investor Presentation","15-Aug-2025 12:10:31","2025-08-15 12:10:31","15-Aug-2025 12:10:33","00:00:02","https://nsearchives.nseindia.com/corporate/Vandana_15082025120958_Concluded14082025.pdf"
"M&M","Mahindra & Mahindra Limited","Press Release","Mahindra & Mahindra Limited has informed the Exchange regarding a press release dated August 15, 2025, titled ""Mahindra Unveils Global Vision 2027: Showcases four world-beatingSUV design Concepts based on Modular, Multi-Energy NU_IQ Platform"".","15-Aug-2025 12:10:15","2025-08-15 12:10:15","15-Aug-2025 12:10:16","00:00:01","https://nsearchives.nseindia.com/corporate/ferozebaria_15082025121002_SEIntimation15thAugust2025SUVConceptVehicles.pdf"
"M&M","Mahindra & Mahindra Limited","Press Release","Mahindra & Mahindra Limited has informed the Exchange regarding a press release dated August 14, 2025, titled ""Launch of Mahindra BE 6 Batman Edition - The World s FirstCommercially Available Batman-Inspired SUV"".","14-Aug-2025 21:17:38","2025-08-14 21:17:38","14-Aug-2025 21:17:40","00:00:02","https://nsearchives.nseindia.com/corporate/ferozebaria_14082025211723_SEIntimation14thAugust2025BE6.pdf"
"M&M","Mahindra & Mahindra Limited","Updates","Mahindra & Mahindra Limited has informed the Exchange regarding 'Transfer of Equity Shares by Mahindra & Mahindra Employees  Stock Option Trust to the Stock Option Grantees'.","13-Aug-2025 18:36:36","2025-08-13 18:36:36","13-Aug-2025 18:36:37","00:00:01","https://nsearchives.nseindia.com/corporate/Vandana_13082025183624_EmployeeList13082025.pdf"
"M&M","Mahindra & Mahindra Limited","Acquisition","Mahindra & Mahindra Limited has informed the Exchange about Investment in Rights Issue of Mahindra Susten Private Limited ( MSPL ) a subsidiary of Mahindra Holdings Limited ( MHL ), which is a wholly owned subsidiary of the Company.","12-Aug-2025 13:32:10","2025-08-12 13:32:10","12-Aug-2025 13:32:11","00:00:01","https://nsearchives.nseindia.com/corporate/Shree_12082025133158_SEIntimation12082025RightsIssueSustenMHL.pdf"
"M&M","Mahindra & Mahindra Limited","Analysts/Institutional Investor Meet/Con. Call Updates","Mahindra & Mahindra Limited has informed the Exchange about Schedule of meet","11-Aug-2025 19:14:13","2025-08-11 19:14:13","11-Aug-2025 19:14:14","00:00:01","https://nsearchives.nseindia.com/corporate/Shree_11082025191340_UpcomingAnalystMeet11082025.pdf"
"M&M","Mahindra & Mahindra Limited","Analysts/Institutional Investor Meet/Con. Call Updates","Mahindra & Mahindra Limited has informed the Exchange about Schedule of meet","11-Aug-2025 18:57:19","2025-08-11 18:57:19","11-Aug-2025 18:57:21","00:00:02","https://nsearchives.nseindia.com/corporate/Shree_11082025185646_UpcomingAnalystMeet11082025.pdf"
"M&M","Mahindra & Mahindra Limited","General Updates","Intimation under Regulation 30 of the SEBI (Listing Obligations and Disclosure Requirements) Regulations, 2015   ESG Ratings","08-Aug-2025 16:59:18","2025-08-08 16:59:18","08-Aug-2025 16:59:19","00:00:01","https://nsearchives.nseindia.com/corporate/Vandana_08082025165849_MMSEIntimationofESGRatingsbyCrisil.pdf"
"M&M","Mahindra & Mahindra Limited","General Updates","Mahindra & Mahindra Limited has informed the Exchange about Production, Sales and Export figures","08-Aug-2025 16:41:05","2025-08-08 16:41:05","08-Aug-2025 16:41:06","00:00:01","https://nsearchives.nseindia.com/corporate/Vandana_08082025164008_MonthlyReportJuly25.pdf"
"M&M","Mahindra & Mahindra Limited","Analysts/Institutional Investor Meet/Con. Call Updates","Mahindra & Mahindra Limited has informed the Exchange about Transcript","04-Aug-2025 19:43:49","2025-08-04 19:43:49","04-Aug-2025 19:43:50","00:00:01","https://nsearchives.nseindia.com/corporate/Vandana_04082025194322_SE_Intimation_regarding_Transcript_of_Analyst_Meet_4th_Aug_2025SDsigned.pdf"
"M&M","Mahindra & Mahindra Limited","Credit Rating- Others","Mahindra & Mahindra Limited has informed the Exchange about Credit Rating- Others","04-Aug-2025 18:21:55","2025-08-04 18:21:55","04-Aug-2025 18:21:57","00:00:02","https://nsearchives.nseindia.com/corporate/ferozebaria_04082025182135_SEIntimationICRALimitedPR04082025.pdf"
"M&M","Mahindra & Mahindra Limited","Acquisition","Mahindra & Mahindra Limited has informed the Exchange about Completion of Acquisition of SML Isuzu Limited","01-Aug-2025 22:47:47","2025-08-01 22:47:47","01-Aug-2025 22:47:49","00:00:02","https://nsearchives.nseindia.com/corporate/Shaibya_01082025224738_SMLREG30SD.pdf"
"M&M","Mahindra & Mahindra Limited","Change in Management","Mahindra & Mahindra Limited has informed the Exchange about Appointment of Secretarial Auditor","01-Aug-2025 22:16:34","2025-08-01 22:16:34","01-Aug-2025 22:16:36","00:00:02","https://nsearchives.nseindia.com/corporate/Shaibya_01082025221623_SEIntimationSecretarialAuditor.pdf"
"M&M","Mahindra & Mahindra Limited","Change in Director(s)","Mahindra & Mahindra Limited has informed the Exchange regarding Change in Director(s) of the company.","01-Aug-2025 22:03:04","2025-08-01 22:03:04","01-Aug-2025 22:03:06","00:00:02","https://nsearchives.nseindia.com/corporate/ferozebaria_01082025220219_ChangeinDirectorate31stJuly2025.pdf"
"M&M","Mahindra & Mahindra Limited","Shareholders meeting","Disclosure of Voting Results of the Remote E-VOTING and Voting at the 79th Annual General Meeting ( AGM ) of the Company held on 31st July, 2025, as per the requirements of Regulation 44(3) of SEBI (Listing Obligations and Disclosure Requirements) Regulations, 2015 ( Listing Regulations )","01-Aug-2025 21:38:25","2025-08-01 21:38:25","01-Aug-2025 21:38:27","00:00:02","https://nsearchives.nseindia.com/corporate/Shree_01082025213619_E-Voting_result_for_filing_with_Stock_Exchanges.pdf"
"M&M","Mahindra & Mahindra Limited","Press Release","Mahindra & Mahindra Limited has informed the Exchange regarding a press release dated August 01, 2025, titled ""Two Press Releases issued by Mahindra & Mahindra Limited"".","01-Aug-2025 10:01:58","2025-08-01 10:01:58","01-Aug-2025 10:01:58","00:00:00","https://nsearchives.nseindia.com/corporate/ferozebaria_01082025100148_SEIntimationAugust2025PR.pdf"
"M&M","Mahindra & Mahindra Limited","Shareholders meeting","Mahindra & Mahindra Limited has informed the Exchange regarding Proceedings of Annual General Meeting held on July 31, 2025","31-Jul-2025 20:30:14","2025-07-31 20:30:14","31-Jul-2025 20:30:15","00:00:01","https://nsearchives.nseindia.com/corporate/Shaibya_31072025203002_SEIntimationProceedingsofthe79thAnnualGeneralMeeting31stJuly2025.pdf"
"M&M","Mahindra & Mahindra Limited","Sale or disposal","Mahindra & Mahindra Limited has informed the Exchange about Cessation of Mahindra Ideal Lanka (Private) Limited as an Associate of the Company","31-Jul-2025 18:01:52","2025-07-31 18:01:52","31-Jul-2025 18:01:52","00:00:00","https://nsearchives.nseindia.com/corporate/Shaibya_31072025180106_SEIntimationMMMahindraIdealLankaPrivateLimited.pdf"
"M&M","Mahindra & Mahindra Limited","Copy of Newspaper Publication","Mahindra & Mahindra Limited has informed the Exchange about Copy of Newspaper Publication","31-Jul-2025 11:48:30","2025-07-31 11:48:30","31-Jul-2025 11:48:31","00:00:01","https://nsearchives.nseindia.com/corporate/ferozebaria_31072025114819_SEIntimationenclosingNewspaperPublication30thJuly2025.pdf"
"M&M","Mahindra & Mahindra Limited","Investor Presentation","Mahindra & Mahindra Limited has informed the Exchange about Investor Presentation","30-Jul-2025 23:06:37","2025-07-30 23:06:37","30-Jul-2025 23:06:38","00:00:01","https://nsearchives.nseindia.com/corporate/Shree_30072025230556_SEIntimationPostAnalystMeetwithPresentationandAVLink.pdf"
"M&M","Mahindra & Mahindra Limited","Investor Presentation","Mahindra & Mahindra Limited has informed the Exchange about Investor Presentation","30-Jul-2025 18:27:55","2025-07-30 18:27:55","30-Jul-2025 18:27:56","00:00:01","https://nsearchives.nseindia.com/corporate/Shaibya_30072025182742_PresentationbeingmadetoAnalysts31stJuly2025.pdf"
"M&M","Mahindra & Mahindra Limited","General Updates","Mahindra & Mahindra Limited has informed the Exchange about General Updates","30-Jul-2025 18:19:19","2025-07-30 18:19:19","30-Jul-2025 18:19:20","00:00:01","https://nsearchives.nseindia.com/corporate/Vandana_30072025181809_Presentation_for_Press_meet.pdf"
"M&M","Mahindra & Mahindra Limited","Demise","Mahindra & Mahindra Limited has informed the Exchange regarding Demise of Mr T. N. Manoharan, Non- Executive Independent Director of the company on July 30, 2025.","30-Jul-2025 18:05:29","2025-07-30 18:05:29","30-Jul-2025 18:05:30","00:00:01","https://nsearchives.nseindia.com/corporate/ferozebaria_30072025180511_SEIntimationaboutdemiseofMrTNManoharanIndependentDirector.pdf"
"M&M","Mahindra & Mahindra Limited","Press Release","Mahindra & Mahindra Limited has informed the Exchange regarding a press release dated July 30, 2025, titled ""Press Release on Unaudited Standalone and Consolidated Financial Results of the Company for the First Quarter ended 30th June, 2025 -Intimation under Regulation 30 read with Schedule III of the SEBI (Listing Obligations and Disclosure Requirements) Regulations, 2015"".","30-Jul-2025 17:09:17","2025-07-30 17:09:17","30-Jul-2025 17:09:18","00:00:01","https://nsearchives.nseindia.com/corporate/ferozebaria_30072025170903_MMSEIntimationforPRonFinancials30July2025.pdf"
"M&M","Mahindra & Mahindra Limited","Analysts/Institutional Investor Meet/Con. Call Updates","Mahindra & Mahindra Limited has informed the Exchange about Schedule of meet","30-Jul-2025 17:08:14","2025-07-30 17:08:14","30-Jul-2025 17:08:15","00:00:01","https://nsearchives.nseindia.com/corporate/Vandana_30072025170738_RevisedUpcomingAnalystMeet30072025.pdf"
"M&M","Mahindra & Mahindra Limited","Outcome of Board Meeting","Mahindra & Mahindra Limited has informed the Exchange regarding Outcome of Board Meeting held on July 30, 2025.","30-Jul-2025 17:07:51","2025-07-30 17:07:51","30-Jul-2025 17:07:52","00:00:01","https://nsearchives.nseindia.com/corporate/Shree_30072025170705_MMSEIntimationOutcomeofBoardMeeting30July2025.pdf"
"M&M","Mahindra & Mahindra Limited","Outcome of Board Meeting","Mahindra & Mahindra Limited has submitted to the Exchange, the financial results for the period ended June 30, 2025.","30-Jul-2025 17:04:32","2025-07-30 17:04:32","30-Jul-2025 17:04:37","00:00:05","https://nsearchives.nseindia.com/corporate/Shaibya_30072025170418_MMSEIntimationOutcomeofBoardMeeting30July2025.pdf"
"M&M","Mahindra & Mahindra Limited","Acquisition","Mahindra & Mahindra Limited has informed the Exchange about Updates on Acquisition","29-Jul-2025 22:19:47","2025-07-29 22:19:47","29-Jul-2025 22:19:48","00:00:01","https://nsearchives.nseindia.com/corporate/Shaibya_29072025221936_MMSEintimationSPAAmendment29072025.pdf"
"M&M","Mahindra & Mahindra Limited","Copy of Newspaper Publication","Newspaper Publication for the information regarding Special Window for re-lodgement for transfer request of physical shares","25-Jul-2025 19:10:18","2025-07-25 19:10:18","25-Jul-2025 19:10:19","00:00:01","https://nsearchives.nseindia.com/corporate/Vandana_25072025190949_SE_INTIMATION_NEWSPAPER_SPECIAL_WINDOW.pdf"
"M&M","Mahindra & Mahindra Limited","Updates","Mahindra & Mahindra Limited has informed the Exchange regarding 'Intimation regarding Special Window for re-lodgement of transfer requests of physical shares'.","24-Jul-2025 19:06:50","2025-07-24 19:06:50","24-Jul-2025 19:06:50","00:00:00","https://nsearchives.nseindia.com/corporate/Vandana_24072025190606_SE_INTIMATION_FOR_SPECIAL_WINDOW_LODGEMENT_2025.pdf"
"M&M","Mahindra & Mahindra Limited","Updates","Mahindra & Mahindra Limited has informed the Exchange regarding 'Transfer of Equity Shares by Mahindra & Mahindra Employees  Stock Option Trust to the Stock Option Grantees'.","24-Jul-2025 19:03:03","2025-07-24 19:03:03","24-Jul-2025 19:03:04","00:00:01","https://nsearchives.nseindia.com/corporate/Shaibya_24072025190144_EmployeeList24072025.pdf"
"M&M","Mahindra & Mahindra Limited","Analysts/Institutional Investor Meet/Con. Call Updates","Mahindra & Mahindra Limited has informed the Exchange about Schedule of meet","21-Jul-2025 22:54:05","2025-07-21 22:54:05","21-Jul-2025 22:54:07","00:00:02","https://nsearchives.nseindia.com/corporate/Shaibya_21072025225314_UpcomingAnalystMeet31072025.pdf"
"M&M","Mahindra & Mahindra Limited","Updates","Mahindra & Mahindra Limited has informed the Exchange regarding 'Certificate under Regulation 74(5) of SEBI (Depositories and Participants) Regulations, 2018 for the period from 1st April, 2025 to 30th June, 2025'.","21-Jul-2025 22:11:14","2025-07-21 22:11:14","21-Jul-2025 22:11:15","00:00:01","https://nsearchives.nseindia.com/corporate/Shaibya_21072025221103_SEIntimationRegulation74_5_.pdf"
"M&M","Mahindra & Mahindra Limited","Acquisition","Approval to Invest in the proposed Rights Issue of Mahindra Logistics Limited, a Listed Subsidiary of the Company","17-Jul-2025 17:52:02","2025-07-17 17:52:02","17-Jul-2025 17:52:05","00:00:03","https://nsearchives.nseindia.com/corporate/Shaibya_17072025175136_MMapprovalMLL17072025.pdf"
"M&M","Mahindra & Mahindra Limited","General Updates","Intimation under Regulation 30(5) of the SEBI (Listing Obligations and Disclosure Requirements) Regulations, 2015","16-Jul-2025 18:56:20","2025-07-16 18:56:20","16-Jul-2025 18:56:22","00:00:02","https://nsearchives.nseindia.com/corporate/Shaibya_16072025185607_IntimationReg30subreg5.pdf"
"M&M","Mahindra & Mahindra Limited","Updates","Mahindra & Mahindra Limited has informed the Exchange regarding 'Transfer of Equity Shares by Mahindra & Mahindra Employees  Stock Option Trust to the Stock Option Grantees'.","15-Jul-2025 20:35:52","2025-07-15 20:35:52","15-Jul-2025 20:35:54","00:00:02","https://nsearchives.nseindia.com/corporate/Shaibya_15072025203542_Employeeslist15072025.pdf"
"M&M","Mahindra & Mahindra Limited","General Updates","News Clarification","14-Jul-2025 11:46:53","2025-07-14 11:46:53","14-Jul-2025 11:46:54","00:00:01","https://nsearchives.nseindia.com/corporate/Shaibya_14072025114636_SEIntimationNewsClarification14July2025.pdf"
"M&M","Mahindra & Mahindra Limited","Acquisition","Mahindra & Mahindra Limited has informed the Exchange about Investment in the proposed Rights Issue of Mahindra Logistics Limited, a Listed Subsidiary of the Company","11-Jul-2025 20:59:35","2025-07-11 20:59:35","11-Jul-2025 20:59:36","00:00:01","https://nsearchives.nseindia.com/corporate/Shree_11072025205841_SEIntimationbyMMforInvestmentinRIofMLLandNewCSJuly2025__1_.pdf"
"M&M","Mahindra & Mahindra Limited","Change in Company Secretary/Compliance Officer","Mahindra & Mahindra Limited has informed the Exchange about Change in Company Secretary and Compliance Officer","11-Jul-2025 20:54:11","2025-07-11 20:54:11","11-Jul-2025 20:54:12","00:00:01","https://nsearchives.nseindia.com/corporate/Shaibya_11072025205355_SEIntimationbyMMforInvestmentinRIofMLLandNewCSJuly2025.pdf"
"M&M","Mahindra & Mahindra Limited","Appointment","Mahindra & Mahindra Limited has informed the Exchange regarding Appointment of  Mr. Sailesh Kumar Daga as Company Secretary & Compliance Officer of the company w.e.f. July 16, 2025.","11-Jul-2025 20:51:41","2025-07-11 20:51:41","11-Jul-2025 20:51:41","00:00:00","https://nsearchives.nseindia.com/corporate/Shree_11072025205120_SEIntimationbyMMforInvestmentinRIofMLLandNewCSJuly2025__1_.pdf"
"M&M","Mahindra & Mahindra Limited","Cessation","Mahindra & Mahindra Limited has informed the Exchange regarding Cessation of Ms. Divya Mascarenhas as Company Secretary & Compliance Officer of the company w.e.f. close of 15th July, 2025.","11-Jul-2025 20:50:02","2025-07-11 20:50:02","11-Jul-2025 20:50:03","00:00:01","https://nsearchives.nseindia.com/corporate/Shaibya_11072025204938_SEIntimationbyMMforInvestmentinRIofMLLandNewCSJuly2025.pdf"
"M&M","Mahindra & Mahindra Limited","Outcome of Board Meeting","Mahindra & Mahindra Limited has informed the Exchange regarding Outcome of Board Meeting held on July 11, 2025.","11-Jul-2025 20:42:16","2025-07-11 20:42:16","11-Jul-2025 20:42:17","00:00:01","https://nsearchives.nseindia.com/corporate/Shaibya_11072025204157_SEIntimationbyMMforInvestmentinRIofMLLandNewCSJuly2025.pdf"
"M&M","Mahindra & Mahindra Limited","General Updates","Intimation by Mahindra Logistics Limited, a listed subsidiary of the Company, under Regulation 30 of the SEBI (Listing Obligations and Disclosure Requirements) Regulations, 2015 regarding Outcome of its Board Meeting","11-Jul-2025 13:25:28","2025-07-11 13:25:28","11-Jul-2025 13:25:29","00:00:01","https://nsearchives.nseindia.com/corporate/Shree_11072025132509_MMSERightIssueofMLL11072025.pdf"
"M&M","Mahindra & Mahindra Limited","Investor Presentation","Mahindra & Mahindra Limited has informed the Exchange about Investor Presentation","08-Jul-2025 23:27:13","2025-07-08 23:27:13","08-Jul-2025 23:27:13","00:00:00","https://nsearchives.nseindia.com/corporate/Shaibya_08072025232648_Concluded08072025.pdf"
"M&M","Mahindra & Mahindra Limited","General Updates","Mahindra & Mahindra Limited has informed the Exchange about Production, Sales and Export figures","07-Jul-2025 17:23:20","2025-07-07 17:23:20","07-Jul-2025 17:23:21","00:00:01","https://nsearchives.nseindia.com/corporate/Shaibya_07072025172255_MonthlyReportJuly2025.pdf"
"M&M","Mahindra & Mahindra Limited","Updates","Mahindra & Mahindra Limited has informed the Exchange regarding 'Transfer of Equity Shares by Mahindra & Mahindra Employees  Stock Option Trust to the Stock Option Grantees'.","03-Jul-2025 20:16:49","2025-07-03 20:16:49","03-Jul-2025 20:16:50","00:00:01","https://nsearchives.nseindia.com/corporate/Shaibya_03072025201641_Employeeslist03072025.pdf"
"M&M","Mahindra & Mahindra Limited","Analysts/Institutional Investor Meet/Con. Call Updates","Mahindra & Mahindra Limited has informed the Exchange about Schedule of meet","03-Jul-2025 19:51:42","2025-07-03 19:51:42","03-Jul-2025 19:51:44","00:00:02","https://nsearchives.nseindia.com/corporate/Shaibya_03072025195107_UpcomingAnalystMeet03072025.pdf"
"M&M","Mahindra & Mahindra Limited","Acquisition","Intimation by Mahindra Holidays & Resorts India Limited, a listed subsidiary of the Company, under Regulation 30 of the Securities and Exchange Board of India (Listing Obligations and Disclosure Requirements) Regulations, 2015","03-Jul-2025 18:15:42","2025-07-03 18:15:42","03-Jul-2025 18:15:44","00:00:02","https://nsearchives.nseindia.com/corporate/Shree_03072025181352_MMMHRILsignedfinal.pdf"
"M&M","Mahindra & Mahindra Limited","Copy of Newspaper Publication","Newspaper Publication for the information regarding Notice of 79th Annual GeneralMeeting and Remote E   voting Information","01-Jul-2025 19:31:30","2025-07-01 19:31:30","01-Jul-2025 19:31:31","00:00:01","https://nsearchives.nseindia.com/corporate/Vandana_01072025192352_SEINTIMATION2025POST.pdf"
"M&M","Mahindra & Mahindra Limited","Monthly Business Updates","Mahindra & Mahindra Limited has informed the Exchange regarding Monthly Business Updates for the month of June 2025","01-Jul-2025 11:15:15","2025-07-01 11:15:15","01-Jul-2025 11:15:16","00:00:01","https://nsearchives.nseindia.com/corporate/ferozebaria_01072025111444_SEIntimationJuly2025PR.pdf"
"M&M","Mahindra & Mahindra Limited","Updates","Mahindra & Mahindra has informed the Exchange regarding Letter to Members. Detailed communication providing weblink of Integrated Annual Report for the FY 2024-25 and Notice of AGM 2025.","28-Jun-2025 23:52:03","2025-06-28 23:52:03","28-Jun-2025 23:52:03","00:00:00","https://nsearchives.nseindia.com/corporate/Vandana_28062025234825_MMLettertoshareholders.pdf"
"M&M","Mahindra & Mahindra Limited","General Updates","Mahindra & Mahindra Limited has informed the Exchange regarding 'Submission of Business Responsibility & Sustainability Report for FY 2024-25'","28-Jun-2025 23:40:11","2025-06-28 23:40:11","28-Jun-2025 23:40:12","00:00:01","https://nsearchives.nseindia.com/corporate/Shree_28062025233908_MMAnnual_ReportFY2025_1.pdf"
"M&M","Mahindra & Mahindra Limited","Shareholders meeting","Mahindra & Mahindra Limited has informed the Exchange regarding Notice of Annual General Meeting to be held on July 31, 2025","28-Jun-2025 23:34:07","2025-06-28 23:34:07","28-Jun-2025 23:34:07","00:00:00","https://nsearchives.nseindia.com/corporate/Shaibya_28062025233358_MMAnnual_ReportFY2025.pdf"
"M&M","Mahindra & Mahindra Limited","Acquisition","Mahindra & Mahindra Limited has informed the Exchange about Acquisition by Mahindra Lifespace Developers Limited, a listed subsidiary of the Company","28-Jun-2025 07:13:55","2025-06-28 07:13:55","28-Jun-2025 07:13:55","00:00:00","https://nsearchives.nseindia.com/corporate/Shaibya_28062025071339_MMIntimationofAcquisitionSSPLbyMLDL.pdf"
"M&M","Mahindra & Mahindra Limited","Investor Presentation","Mahindra & Mahindra Limited has informed the Exchange about Investor Presentation","25-Jun-2025 22:20:59","2025-06-25 22:20:59","25-Jun-2025 22:21:00","00:00:01","https://nsearchives.nseindia.com/corporate/Shaibya_25062025222037_Concluded25062025.pdf"
"M&M","Mahindra & Mahindra Limited","Sale or disposal","Mahindra & Mahindra Limited has informed the Exchange about Sale or disposal","25-Jun-2025 17:42:09","2025-06-25 17:42:09","25-Jun-2025 17:42:11","00:00:02","https://nsearchives.nseindia.com/corporate/Shaibya_25062025174156_SEintimationSaleofMDSL.pdf"
"M&M","Mahindra & Mahindra Limited","Investor Presentation","Mahindra & Mahindra Limited has informed the Exchange about Investor Presentation","24-Jun-2025 23:47:27","2025-06-24 23:47:27","24-Jun-2025 23:47:28","00:00:01","https://nsearchives.nseindia.com/corporate/Shaibya_24062025234647_Concluded24062025.pdf"
"M&M","Mahindra & Mahindra Limited","Copy of Newspaper Publication","Newspaper Publication for the information regarding 79th Annual General Meeting to beheld through Video Conferencing (VC) / Other Audio Visual Means (OAVM), Notice ofBook Closure & Dividend.","24-Jun-2025 17:56:08","2025-06-24 17:56:08","24-Jun-2025 17:56:09","00:00:01","https://nsearchives.nseindia.com/corporate/Vandana_24062025175127_SEINTIMATIONFORPREAGM2025.pdf"
"M&M","Mahindra & Mahindra Limited","Credit Rating","Mahindra & Mahindra Limited has informed the Exchange about Credit Rating","24-Jun-2025 17:10:35","2025-06-24 17:10:35","24-Jun-2025 17:10:36","00:00:01","https://nsearchives.nseindia.com/corporate/ferozebaria_24062025170828_SEIntimationCRISILLimitedPR24062025.pdf"
"M&M","Mahindra & Mahindra Limited","Investor Presentation","Mahindra & Mahindra Limited has informed the Exchange about Investor Presentation","23-Jun-2025 23:20:53","2025-06-23 23:20:53","23-Jun-2025 23:20:54","00:00:01","https://nsearchives.nseindia.com/corporate/Shaibya_23062025232030_Concluded23062025.pdf"
"M&M","Mahindra & Mahindra Limited","Updates","Mahindra & Mahindra Limited has informed the Exchange regarding 'Transfer of Equity Shares by Mahindra & Mahindra Employees  Stock Option Trust to the Stock Option Grantees'.","23-Jun-2025 20:30:28","2025-06-23 20:30:28","23-Jun-2025 20:30:28","00:00:00","https://nsearchives.nseindia.com/corporate/Vandana_23062025203016_Employeeslist23062025.pdf"
"M&M","Mahindra & Mahindra Limited","Acquisition","Mahindra & Mahindra Limited has informed the Exchange about Allotment of shares to the Company by Mahindra Lifespace Developers Limited, a listed subsidiary of the Company pursuant to its Rights Issue of Equity Shares.","18-Jun-2025 22:04:16","2025-06-18 22:04:16","18-Jun-2025 22:04:17","00:00:01","https://nsearchives.nseindia.com/corporate/Shaibya_18062025220339_MLDLRIAllotment18062025.pdf"
"M&M","Mahindra & Mahindra Limited","Acquisition","Mahindra & Mahindra Limited has informed the Exchange about Updates on Acquisition","17-Jun-2025 19:52:51","2025-06-17 19:52:51","17-Jun-2025 19:52:52","00:00:01","https://nsearchives.nseindia.com/corporate/Shaibya_17062025195238_MMSEIntimationforCCIApprovalSML17June2025.pdf"
"M&M","Mahindra & Mahindra Limited","Investor Presentation","Mahindra & Mahindra Limited has informed the Exchange about Investor Presentation","16-Jun-2025 19:30:00","2025-06-16 19:30:00","16-Jun-2025 19:30:01","00:00:01","https://nsearchives.nseindia.com/corporate/Shaibya_16062025192912_Concluded16062025.pdf"
"M&M","Mahindra & Mahindra Limited","Updates","Mahindra & Mahindra Limited has informed the Exchange regarding 'Transfer of Equity Shares by Mahindra & Mahindra Employees  Stock Option Trust to the Stock Option Grantees'.","13-Jun-2025 20:07:31","2025-06-13 20:07:31","13-Jun-2025 20:07:32","00:00:01","https://nsearchives.nseindia.com/corporate/Shaibya_13062025200719_Employeeslist13062025.pdf"
"M&M","Mahindra & Mahindra Limited","Investor Presentation","Mahindra & Mahindra Limited has informed the Exchange about Investor Presentation","13-Jun-2025 16:19:27","2025-06-13 16:19:27","13-Jun-2025 16:19:28","00:00:01","https://nsearchives.nseindia.com/corporate/Shaibya_13062025161911_Concluded12062025.pdf"
"M&M","Mahindra & Mahindra Limited","Investor Presentation","Mahindra & Mahindra Limited has informed the Exchange about Investor Presentation","11-Jun-2025 13:50:55","2025-06-11 13:50:55","11-Jun-2025 13:50:56","00:00:01","https://nsearchives.nseindia.com/corporate/Shaibya_11062025135021_Concluded10062025.pdf"
"M&M","Mahindra & Mahindra Limited","Updates","Mahindra & Mahindra Limited has informed the Exchange regarding -Communication to Shareholders: Dividend for FY 2024-25   Intimation on Tax Deduction at Source (TDS) / withholding tax on Dividend.","10-Jun-2025 23:02:41","2025-06-10 23:02:41","10-Jun-2025 23:02:42","00:00:01","https://nsearchives.nseindia.com/corporate/Vandana_10062025230213_SEIntimationTDSFY2025.pdf"
"M&M","Mahindra & Mahindra Limited","Investor Presentation","Mahindra & Mahindra Limited has informed the Exchange about Investor Presentation","10-Jun-2025 14:18:07","2025-06-10 14:18:07","10-Jun-2025 14:18:09","00:00:02","https://nsearchives.nseindia.com/corporate/Shaibya_10062025141717_Concluded09062025.pdf"
"M&M","Mahindra & Mahindra Limited","Acquisition","Mahindra & Mahindra Limited has informed the Exchange about Allotment of shares to the Company by Mahindra & Mahindra Financial Services Limited, a listed subsidiary of the Company pursuant to its Rights Issue of Equity Shares.","09-Jun-2025 21:11:11","2025-06-09 21:11:11","09-Jun-2025 21:11:12","00:00:01","https://nsearchives.nseindia.com/corporate/Shaibya_09062025211101_MMFSLAllotment09062025.pdf"
"M&M","Mahindra & Mahindra Limited","Analysts/Institutional Investor Meet/Con. Call Updates","Mahindra & Mahindra Limited has informed the Exchange about Schedule of meet","09-Jun-2025 19:20:25","2025-06-09 19:20:25","09-Jun-2025 19:20:27","00:00:02","https://nsearchives.nseindia.com/corporate/Shaibya_09062025192002_UpcomingAnalystMeet09062025.pdf"
"M&M","Mahindra & Mahindra Limited","General Updates","Intimation under Regulation 30 of the SEBI (Listing Obligations and Disclosure Requirements)Regulations, 2015   ESG Ratings","09-Jun-2025 15:56:13","2025-06-09 15:56:13","09-Jun-2025 15:56:14","00:00:01","https://nsearchives.nseindia.com/corporate/Vandana_09062025155525_SEintimationESGNSE_signed.pdf"
"M&M","Mahindra & Mahindra Limited","General Updates","Mahindra & Mahindra Limited has informed the Exchange about Production, Sales and Export figures","06-Jun-2025 18:48:04","2025-06-06 18:48:04","06-Jun-2025 18:48:05","00:00:01","https://nsearchives.nseindia.com/corporate/Shaibya_06062025184745_MonthlyReportMay25.pdf"
"M&M","Mahindra & Mahindra Limited","Analysts/Institutional Investor Meet/Con. Call Updates","Mahindra & Mahindra Limited has informed the Exchange about Schedule of meet","04-Jun-2025 19:56:18","2025-06-04 19:56:18","04-Jun-2025 19:56:18","00:00:00","https://nsearchives.nseindia.com/corporate/Shaibya_04062025195421_UpcomingAnalystMeet04062025.pdf"
"M&M","Mahindra & Mahindra Limited","Investor Presentation","Mahindra & Mahindra Limited has informed the Exchange about Investor Presentation","04-Jun-2025 19:26:03","2025-06-04 19:26:03","04-Jun-2025 19:26:04","00:00:01","https://nsearchives.nseindia.com/corporate/Shaibya_04062025192546_Conclusionletter04062025.pdf"
"M&M","Mahindra & Mahindra Limited","Investor Presentation","Mahindra & Mahindra Limited has informed the Exchange about Investor Presentation","03-Jun-2025 22:29:58","2025-06-03 22:29:58","03-Jun-2025 22:30:00","00:00:02","https://nsearchives.nseindia.com/corporate/Shaibya_03062025222938_Conclusionletter03062025.pdf"
"M&M","Mahindra & Mahindra Limited","Investor Presentation","Mahindra & Mahindra Limited has informed the Exchange about Investor Presentation","02-Jun-2025 18:48:31","2025-06-02 18:48:31","02-Jun-2025 18:48:33","00:00:02","https://nsearchives.nseindia.com/corporate/Shaibya_02062025184739_Conclusionletter02062025.pdf"
"M&M","Mahindra & Mahindra Limited","Copy of Newspaper Publication","Mahindra & Mahindra Limited has informed the Exchange about the Newspaper Advertisement for the transfer of Ordinary (Equity) Shares to IEPF","02-Jun-2025 17:01:59","2025-06-02 17:01:59","02-Jun-2025 17:02:00","00:00:01","https://nsearchives.nseindia.com/corporate/Vandana_02062025170129_SEintimationNewspaperAdvtIEPFletter.pdf"
"M&M","Mahindra & Mahindra Limited","Change in Management","Mahindra & Mahindra Limited has informed the Exchange about Change in Senior Management Personnel of the Company","02-Jun-2025 15:42:18","2025-06-02 15:42:18","02-Jun-2025 15:42:20","00:00:02","https://nsearchives.nseindia.com/corporate/divya_02062025154208_SEIntimationbyMM2June2025.pdf"
"M&M","Mahindra & Mahindra Limited","Monthly Business Updates","Mahindra & Mahindra Limited has informed the Exchange regarding Monthly Business Updates for the month of May 2025","01-Jun-2025 12:42:39","2025-06-01 12:42:39","01-Jun-2025 12:42:40","00:00:01","https://nsearchives.nseindia.com/corporate/ferozebaria_01062025124208_SEIntimationJune2025PR.pdf"
"M&M","Mahindra & Mahindra Limited","Investor Presentation","Mahindra & Mahindra Limited has informed the Exchange about Investor Presentation","30-May-2025 18:08:49","2025-05-30 18:08:49","30-May-2025 18:08:50","00:00:01","https://nsearchives.nseindia.com/corporate/Shaibya_30052025180756_Conclusionletter30052025.pdf"
"M&M","Mahindra & Mahindra Limited","Disclosure under SEBI Takeover Regulations","Anand Mahindra has Submitted to the Exchange a copy of Disclosure under Regulation 31(4) of the Securities and Exchange Board of India (Substantial Acquisition of Shares and Takeovers) Regulations, 2011.","30-May-2025 18:03:49","2025-05-30 18:03:49","30-May-2025 18:03:50","00:00:01","https://nsearchives.nseindia.com/corporate/team_sandeshc_07052025131602_4.pdf"
"M&M","Mahindra & Mahindra Limited","Analysts/Institutional Investor Meet/Con. Call Updates","Mahindra & Mahindra Limited has informed the Exchange about Schedule of meet","28-May-2025 19:48:58","2025-05-28 19:48:58","28-May-2025 19:48:58","00:00:00","https://nsearchives.nseindia.com/corporate/Shree_28052025194555_UpcomingAnalystMeet28052025.pdf"
"M&M","Mahindra & Mahindra Limited","Investor Presentation","Mahindra & Mahindra Limited has informed the Exchange about Investor Presentation","28-May-2025 17:48:29","2025-05-28 17:48:29","28-May-2025 17:48:30","00:00:01","https://nsearchives.nseindia.com/corporate/divya_28052025174507_Conclusionletter28052025.pdf"
"M&M","Mahindra & Mahindra Limited","Analysts/Institutional Investor Meet/Con. Call Updates","Mahindra & Mahindra Limited has informed the Exchange about Schedule of meet","27-May-2025 15:38:19","2025-05-27 15:38:19","27-May-2025 15:38:20","00:00:01","https://nsearchives.nseindia.com/corporate/divya_27052025153724_UpcomingAnalystMeet27052025.pdf"
"M&M","Mahindra & Mahindra Limited","Updates","Mahindra & Mahindra Limited has informed the Exchange regarding 'Transfer of Equity Shares by Mahindra & Mahindra Employees  Stock Option Trust to the Stock Option Grantees'.","23-May-2025 19:24:52","2025-05-23 19:24:52","23-May-2025 19:24:54","00:00:02","https://nsearchives.nseindia.com/corporate/Shaibya_23052025192443_Employeeslist23052025.pdf"
"M&M","Mahindra & Mahindra Limited","Investor Presentation","Mahindra & Mahindra Limited has informed the Exchange about Investor Presentation","23-May-2025 15:06:04","2025-05-23 15:06:04","23-May-2025 15:06:04","00:00:00","https://nsearchives.nseindia.com/corporate/divya_23052025145935_Conclusionletter23052025.pdf"
"M&M","Mahindra & Mahindra Limited","Investor Presentation","Mahindra & Mahindra Limited has informed the Exchange about Investor Presentation","20-May-2025 18:04:14","2025-05-20 18:04:14","20-May-2025 18:04:15","00:00:01","https://nsearchives.nseindia.com/corporate/divya_20052025180312_Conclusionintimation20052025.pdf"
"M&M","Mahindra & Mahindra Limited","Acquisition","Approval to Invest in the proposed Rights Issue of Mahindra Lifespace Developers Limited, a Listed Subsidiary of the Company","19-May-2025 23:21:31","2025-05-19 23:21:31","19-May-2025 23:21:32","00:00:01","https://nsearchives.nseindia.com/corporate/Shree_19052025232056_SEIntimationMMdelegatedauthorityapprovaltosubscribetoMLDLRI19052025.pdf"
"M&M","Mahindra & Mahindra Limited","Analysts/Institutional Investor Meet/Con. Call Updates","Mahindra & Mahindra Limited has informed the Exchange about Schedule of meet","16-May-2025 19:24:55","2025-05-16 19:24:55","16-May-2025 19:24:56","00:00:01","https://nsearchives.nseindia.com/corporate/Shree_16052025192418_UpcomingAnalystMeet16052025.pdf"
"M&M","Mahindra & Mahindra Limited","Updates","Mahindra & Mahindra Limited has informed the Exchange regarding 'Transfer of Equity Shares by Mahindra & Mahindra Employees  Stock Option Trust to the Stock Option Grantees'.","14-May-2025 22:23:37","2025-05-14 22:23:37","14-May-2025 22:23:37","00:00:00","https://nsearchives.nseindia.com/corporate/Shaibya_14052025222329_Employeeslist14052025.pdf"
"M&M","Mahindra & Mahindra Limited","Acquisition","Intimation under Regulation 30 of the SEBI (Listing Obligations and Disclosure Requirements)Regulations, 2015   Update on Investment in Classic Legends Private Limited, a subsidiary of theCompany ( CLPL )","14-May-2025 22:00:46","2025-05-14 22:00:46","14-May-2025 22:00:46","00:00:00","https://nsearchives.nseindia.com/corporate/divya_14052025220035_SEIntimationCLPLExtensionMay2025.pdf"
"M&M","Mahindra & Mahindra Limited","Analysts/Institutional Investor Meet/Con. Call Updates","Mahindra & Mahindra Limited has informed the Exchange about Schedule of meet","14-May-2025 19:50:23","2025-05-14 19:50:23","14-May-2025 19:50:24","00:00:01","https://nsearchives.nseindia.com/corporate/divya_14052025194945_UpcomingAnalystMeet14052025.pdf"
"M&M","Mahindra & Mahindra Limited","Acquisition","Mahindra & Mahindra Limited has informed the Exchange about Intimation by Mahindra Lifespace Developers Limited, a listed subsidiary of the Company ( MLDL ), under Regulation 30 of the SEBI (Listing Obligations and Disclosure Requirements) Regulations, 2015 ( LODR ) regarding Outcome of its Board Meeting","13-May-2025 18:59:09","2025-05-13 18:59:09","13-May-2025 18:59:09","00:00:00","https://nsearchives.nseindia.com/corporate/Shree_13052025185832_SEIntimationbyMMReceivedfromMLDL.pdf"
"M&M","Mahindra & Mahindra Limited","Analysts/Institutional Investor Meet/Con. Call Updates","Mahindra & Mahindra Limited has informed the Exchange about Transcript","09-May-2025 18:01:25","2025-05-09 18:01:25","09-May-2025 18:01:26","00:00:01","https://nsearchives.nseindia.com/corporate/divya_09052025175952_RevisedSEIntimationregardingTranscriptofAnalystMeet5thMay2025.pdf"
"M&M","Mahindra & Mahindra Limited","Analysts/Institutional Investor Meet/Con. Call Updates","Mahindra & Mahindra Limited has informed the Exchange about Transcript","09-May-2025 12:09:27","2025-05-09 12:09:27","09-May-2025 12:09:27","00:00:00","https://nsearchives.nseindia.com/corporate/Sumeet_09052025120912_SEIntimationregardingTranscriptofAnalystMeet5thMay2025.pdf"
"M&M","Mahindra & Mahindra Limited","Acquisition","Approval to Invest in the proposed Rights Issue of Mahindra & Mahindra Financial Services Limited, a Listed Subsidiary of the Company","08-May-2025 21:27:18","2025-05-08 21:27:18","08-May-2025 21:27:19","00:00:01","https://nsearchives.nseindia.com/corporate/Shaibya_08052025212702_SEMMdelegatedauthorityapprovaltosubscribetoMMFSLRI.pdf"
"M&M","Mahindra & Mahindra Limited","Investor Presentation","Mahindra & Mahindra Limited has informed the Exchange about Investor Presentation","08-May-2025 16:00:00","2025-05-08 16:00:00","08-May-2025 16:00:01","00:00:01","https://nsearchives.nseindia.com/corporate/Sumeet_08052025155942_Concluded08052025.pdf"
"M&M","Mahindra & Mahindra Limited","General Updates","Mahindra & Mahindra Limited has informed the Exchange about Production, Sales and Export figures","07-May-2025 18:34:06","2025-05-07 18:34:06","07-May-2025 18:34:06","00:00:00","https://nsearchives.nseindia.com/corporate/Sumeet_07052025183356_MonthlyReport.pdf"
"M&M","Mahindra & Mahindra Limited","Copy of Newspaper Publication","Mahindra & Mahindra Limited has informed the Exchange about Copy of Newspaper Publication","06-May-2025 10:15:58","2025-05-06 10:15:58","06-May-2025 10:15:59","00:00:01","https://nsearchives.nseindia.com/corporate/ferozebaria_06052025101539_NewspaperPublication06052025.pdf"
"M&M","Mahindra & Mahindra Limited","Investor Presentation","Mahindra & Mahindra Limited has informed the Exchange about Investor Presentation","05-May-2025 19:45:25","2025-05-05 19:45:25","05-May-2025 19:45:26","00:00:01","https://nsearchives.nseindia.com/corporate/Sumeet_05052025194517_SEIntimationPostAnalystMeet050525.pdf"
"M&M","Mahindra & Mahindra Limited","Investor Presentation","Mahindra & Mahindra Limited has informed the Exchange about Investor Presentation","05-May-2025 14:57:13","2025-05-05 14:57:13","05-May-2025 14:57:13","00:00:00","https://nsearchives.nseindia.com/corporate/Sumeet_05052025145704_SEIntimationenclosingPresentationbeingmadetoAnalysts5thMay2025.pdf"
"M&M","Mahindra & Mahindra Limited","General Updates","Mahindra & Mahindra Limited has informed the Exchange about General Updates","05-May-2025 14:52:10","2025-05-05 14:52:10","05-May-2025 14:52:11","00:00:01","https://nsearchives.nseindia.com/corporate/Sumeet_05052025145200_SEIntimationforRPTH2F25Disclosure.pdf"
"M&M","Mahindra & Mahindra Limited","General Updates","Mahindra & Mahindra Limited has informed the Exchange about General Updates","05-May-2025 12:18:48","2025-05-05 12:18:48","05-May-2025 12:18:49","00:00:01","https://nsearchives.nseindia.com/corporate/Sumeet_05052025121839_SEIntimationenclosingPresentationtobemadetoPressAnalyst5thMay2025.pdf"
"M&M","Mahindra & Mahindra Limited","Updates","Mahindra & Mahindra Limited has informed the Exchange regarding 'Amendment to the Code of Practices and Procedures for Fair Disclosure of Unpublished Price Sensitive Information'.","05-May-2025 12:14:28","2025-05-05 12:14:28","05-May-2025 12:14:29","00:00:01","https://nsearchives.nseindia.com/corporate/Shaibya_05052025121409_SEIntimationAmendmenttoCodeofFairDisclosure.pdf"
"M&M","Mahindra & Mahindra Limited","Change in Director(s)","Mahindra & Mahindra Limited has informed the Exchange regarding Change in Director(s) of the company.","05-May-2025 12:02:56","2025-05-05 12:02:56","05-May-2025 12:02:56","00:00:00","https://nsearchives.nseindia.com/corporate/ferozebaria_05052025120248_3SEIntimationReappointmentofDirectors.pdf"
"M&M","Mahindra & Mahindra Limited","Outcome of Board Meeting","Re-appointment of Directors   Intimation under Regulation 30 read with Schedule III of the SEBI (Listing Obligations and Disclosure Requirements) Regulations, 2015 ( Listing Regulations )","05-May-2025 12:01:32","2025-05-05 12:01:32","05-May-2025 12:01:32","00:00:00","https://nsearchives.nseindia.com/corporate/ferozebaria_05052025120116_3SEIntimationReappointmentofDirectors.pdf"
"M&M","Mahindra & Mahindra Limited","Updates","Appointment of Secretarial Auditor   Intimation under Regulation 30 of the Securities and Exchange Board of India (Listing Obligations and Disclosure Requirements) Regulations, 2015","05-May-2025 12:01:09","2025-05-05 12:01:09","05-May-2025 12:01:09","00:00:00","https://nsearchives.nseindia.com/corporate/divya_05052025120058_SEIntimationforAppointmentofSecretarialAuditor.pdf"
"M&M","Mahindra & Mahindra Limited","General Updates","79th Annual General Meeting to be held on July 31, 2025","05-May-2025 12:00:13","2025-05-05 12:00:13","05-May-2025 12:00:13","00:00:00","https://nsearchives.nseindia.com/corporate/Shaibya_05052025115954_SEIntimationOutcomeofBoardMeetingonFinResultDividendAGM.pdf"
"M&M","Mahindra & Mahindra Limited","Record Date","Mahindra & Mahindra Limited has informed the Exchange that Record date for the purpose of Dividend  is 04-Jul-2025.","05-May-2025 11:59:32","2025-05-05 11:59:32","05-May-2025 11:59:32","00:00:00","https://nsearchives.nseindia.com/corporate/ferozebaria_05052025115902_SEIntimationOutcomeofBoardMeetingonFinResultDividendAGM.pdf"
"M&M","Mahindra & Mahindra Limited","Outcome of Board Meeting","Appointment of Secretarial Auditor   Intimation under Regulation 30 of the Securities and Exchange Board of India (Listing Obligations and Disclosure Requirements) Regulations, 2015","05-May-2025 11:59:30","2025-05-05 11:59:30","05-May-2025 11:59:31","00:00:01","https://nsearchives.nseindia.com/corporate/divya_05052025115913_SEIntimationforAppointmentofSecretarialAuditor.pdf"
"M&M","Mahindra & Mahindra Limited","Dividend","Mahindra & Mahindra Limited has informed the Exchange that Board of Directors at its meeting held on May 05, 2025, recommended Final Dividend of Rs. 25.3 per equity share.","05-May-2025 11:57:21","2025-05-05 11:57:21","05-May-2025 11:57:22","00:00:01","https://nsearchives.nseindia.com/corporate/Shaibya_05052025115707_SEIntimationOutcomeofBoardMeetingonFinResultDividendAGM.pdf"
"M&M","Mahindra & Mahindra Limited","Press Release","Mahindra & Mahindra Limited has informed the Exchange regarding a press release dated May 05, 2025, titled ""Press Release on Audited Standalone and Consolidated Financial Results of the Company for the Fourth Quarter and Year ended 31st March, 2025  Intimation under Regulation 30 read with Schedule III of the SEBI (Listing Obligations and Disclosure Requirements) Regulations, 2015"".","05-May-2025 11:53:39","2025-05-05 11:53:39","05-May-2025 11:53:39","00:00:00","https://nsearchives.nseindia.com/corporate/ferozebaria_05052025115325_SEIntimationforPRonFinancials.pdf"
"M&M","Mahindra & Mahindra Limited","Outcome of Board Meeting","Mahindra & Mahindra Limited has informed the Exchange regarding  Board meeting held on May 05, 2025.","05-May-2025 11:50:30","2025-05-05 11:50:30","05-May-2025 11:50:31","00:00:01","https://nsearchives.nseindia.com/corporate/divya_05052025115010_SEIntimationOutcomeofBoardMeetingonFinResultDividendAGM.pdf"
"M&M","Mahindra & Mahindra Limited","Outcome of Board Meeting","Outcome of Board Meeting of Mahindra & Mahindra Limited held on 5th May, 2025","05-May-2025 11:49:14","2025-05-05 11:49:14","05-May-2025 11:49:15","00:00:01","https://nsearchives.nseindia.com/corporate/Shaibya_05052025114858_SEIntimationOutcomeofBoardMeetingonFinResultDividendAGM.pdf"
"M&M","Mahindra & Mahindra Limited","Sale or disposal","Mahindra & Mahindra Limited has informed the Exchange about Acquisition - Cessation of Mahindra Racing UK Limited as a Wholly Owned Subsidiary of the Company","02-May-2025 21:29:12","2025-05-02 21:29:12","02-May-2025 21:29:12","00:00:00","https://nsearchives.nseindia.com/corporate/Shree_02052025212835_SEIntimationbyMMMahindraRacingUK.pdf"
"M&M","Mahindra & Mahindra Limited","Acquisition","Mahindra & Mahindra Limited has informed the Exchange about Intimation by Mahindra & Mahindra Financial Services Limited, a listed subsidiary of the Company ( MMFSL ), under Regulation 30 of the SEBI (Listing Obligations and Disclosure Requirements) Regulations, 2015 ( LODR ) regarding Outcome of its Board Meeting","02-May-2025 16:02:14","2025-05-02 16:02:14","02-May-2025 16:02:14","00:00:00","https://nsearchives.nseindia.com/corporate/Shaibya_02052025160145_SEIntimationbyMMReceivedfromMMFSL.pdf"
"M&M","Mahindra & Mahindra Limited","Analysts/Institutional Investor Meet/Con. Call Updates","Mahindra & Mahindra Limited has informed the Exchange about Schedule of meet","02-May-2025 12:01:34","2025-05-02 12:01:34","02-May-2025 12:01:34","00:00:00","https://nsearchives.nseindia.com/corporate/Sumeet_02052025120124_UpcomingAnalystMeet02052025.pdf"
"M&M","Mahindra & Mahindra Limited","Monthly Business Updates","Mahindra & Mahindra Limited has informed the Exchange regarding Monthly Business Updates for the month of April 2025","01-May-2025 18:33:37","2025-05-01 18:33:37","01-May-2025 18:33:37","00:00:00","https://nsearchives.nseindia.com/corporate/ferozebaria_01052025183316_SEIntimationMay2025PRrevised.pdf"
"M&M","Mahindra & Mahindra Limited","Monthly Business Updates","Mahindra & Mahindra Limited has informed the Exchange regarding Monthly Business Updates for the month of April 2025","01-May-2025 14:39:49","2025-05-01 14:39:49","01-May-2025 14:39:50","00:00:01","https://nsearchives.nseindia.com/corporate/ferozebaria_01052025143845_SEIntimationMay2025PR.pdf"
"M&M","Mahindra & Mahindra Limited","Analysts/Institutional Investor Meet/Con. Call Updates","Mahindra & Mahindra Limited has informed the Exchange about Schedule of meet","29-Apr-2025 12:20:47","2025-04-29 12:20:47","29-Apr-2025 12:20:48","00:00:01","https://nsearchives.nseindia.com/corporate/Sumeet_29042025122038_UpcomingAnalystMeet29042025.pdf"
"M&M","Mahindra & Mahindra Limited","Analysts/Institutional Investor Meet/Con. Call Updates","Mahindra & Mahindra Limited has informed the Exchange about","28-Apr-2025 12:07:25","2025-04-28 12:07:25","28-Apr-2025 12:07:25","00:00:00","https://nsearchives.nseindia.com/corporate/Sumeet_28042025120620_Concluded280425F.pdf"
"M&M","Mahindra & Mahindra Limited","Investor Presentation","Mahindra & Mahindra Limited has informed the Exchange about Investor Presentation","28-Apr-2025 09:16:31","2025-04-28 09:16:31","28-Apr-2025 09:16:32","00:00:01","https://nsearchives.nseindia.com/corporate/Sumeet_28042025091619_AnalystMeetPresentation280425.pdf"
"M&M","Mahindra & Mahindra Limited","Analysts/Institutional Investor Meet/Con. Call Updates","Mahindra & Mahindra Limited has informed the Exchange about Schedule of meet","26-Apr-2025 21:48:40","2025-04-26 21:48:40","26-Apr-2025 21:48:41","00:00:01","https://nsearchives.nseindia.com/corporate/Sumeet_26042025214826_UpcomingAnalystMeet26042025.pdf"
"M&M","Mahindra & Mahindra Limited","Acquisition","Mahindra & Mahindra Limited has informed the Exchange about Acquisition","26-Apr-2025 20:50:58","2025-04-26 20:50:58","26-Apr-2025 20:50:58","00:00:00","https://nsearchives.nseindia.com/corporate/divya_26042025205040_MMSEIntimationforSPASML26042025.pdf"
"M&M","Mahindra & Mahindra Limited","Outcome of Board Meeting","Mahindra & Mahindra Limited has informed the Exchange regarding  Board meeting held on April 26, 2025.","26-Apr-2025 20:47:29","2025-04-26 20:47:29","26-Apr-2025 20:47:30","00:00:01","https://nsearchives.nseindia.com/corporate/divya_26042025204714_MMSEIntimationforSPASML26042025.pdf"
"M&M","Mahindra & Mahindra Limited","Updates","Mahindra & Mahindra Limited has informed the Exchange regarding 'Transfer of Equity Shares by Mahindra & Mahindra Employees  Stock Option Trust to the Stock Option Grantees'.","24-Apr-2025 21:39:09","2025-04-24 21:39:09","24-Apr-2025 21:39:09","00:00:00","https://nsearchives.nseindia.com/corporate/Shaibya_24042025213744_Employeeslist24042025.pdf"
"M&M","Mahindra & Mahindra Limited","General Updates","Intimation under Regulation 30 of the SEBI (Listing Obligations and Disclosure Requirements) Regulations, 2015   ESG Ratings","22-Apr-2025 16:00:18","2025-04-22 16:00:18","22-Apr-2025 16:00:18","00:00:00","https://nsearchives.nseindia.com/corporate/divya_22042025155955_MMSEIntimationofESGRatingsbyCrisil.pdf"
"M&M","Mahindra & Mahindra Limited","Change in Management","Mahindra & Mahindra Limited has informed the Exchange about Change in Senior Management Personnel of the Company","21-Apr-2025 16:24:23","2025-04-21 16:24:23","21-Apr-2025 16:24:23","00:00:00","https://nsearchives.nseindia.com/corporate/divya_21042025162403_SEIntimationbyMM21April2025.pdf"
"M&M","Mahindra & Mahindra Limited","Certificate under SEBI (Depositories and Participants) Regulations, 2018","Mahindra & Mahindra Limited has informed the Exchange about Certificate under SEBI (Depositories and Participants) Regulations, 2018","14-Apr-2025 20:52:51","2025-04-14 20:52:51","14-Apr-2025 20:52:51","00:00:00","https://nsearchives.nseindia.com/corporate/Shaibya_14042025205227_SEIntimationReg74.pdf"
"M&M","Mahindra & Mahindra Limited","General Updates","Mahindra & Mahindra Limited - Report for the Month of March, 2025","07-Apr-2025 17:04:39","2025-04-07 17:04:39","07-Apr-2025 17:04:40","00:00:01","https://nsearchives.nseindia.com/corporate/Sumeet_07042025170428_MonthlyReport07042025.pdf"
"M&M","Mahindra & Mahindra Limited","Incorporation","Mahindra & Mahindra Limited has informed the Exchange about Incorporation","07-Apr-2025 15:54:09","2025-04-07 15:54:09","07-Apr-2025 15:54:10","00:00:01","https://nsearchives.nseindia.com/corporate/ferozebaria_07042025155351_SE_Intimation_-_Update_on_Incorporation_of_MATL_-_March_2025.pdf"
"M&M","Mahindra & Mahindra Limited","Monthly Business Updates","Mahindra & Mahindra Limited has informed the Exchange regarding Monthly Business Updates for the month of March 2025","01-Apr-2025 10:17:25","2025-04-01 10:17:25","01-Apr-2025 10:17:26","00:00:01","https://nsearchives.nseindia.com/corporate/ferozebaria_01042025101702_SEIntimationApril2025PR.pdf"
"M&M","Mahindra & Mahindra Limited","Retirement","Change in Key Managerial Personnel (Company Secretary and Compliance Officer) of the Company -Intimation under Regulation 30 and 51 of the SEBI (Listing Obligations and Disclosure Requirements) Regulations, 2015 ( Listing Regulations )","31-Mar-2025 20:01:34","2025-03-31 20:01:34","31-Mar-2025 20:01:35","00:00:01","https://nsearchives.nseindia.com/corporate/divya_31032025195800_SEintimationChangeinKMP31stMarch2025.pdf"
"M&M","Mahindra & Mahindra Limited","Appointment","Mahindra & Mahindra Limited has informed the Exchange regarding Appointment of Mrs Divya Mascarenhas as Company Secretary & Compliance Officer of the company w.e.f. April 02, 2025.","31-Mar-2025 20:01:34","2025-03-31 20:01:34","31-Mar-2025 20:01:35","00:00:01","https://nsearchives.nseindia.com/corporate/divya_31032025195939_SEintimationChangeinKMP31stMarch2025.pdf"
"M&M","Mahindra & Mahindra Limited","Outcome of Board Meeting","Outcome of Board Meeting - Change in Key Managerial Personnel (Company Secretary and Compliance Officer) of the Company - Intimation under Regulation 30 and 51 of the SEBI (Listing Obligations and Disclosure Requirements) Regulations, 2015 ( Listing Regulations )","31-Mar-2025 19:56:32","2025-03-31 19:56:32","31-Mar-2025 19:56:33","00:00:01","https://nsearchives.nseindia.com/corporate/divya_31032025195609_SEintimationChangeinKMP31stMarch2025.pdf"
"M&M","Mahindra & Mahindra Limited","Investor Presentation","Mahindra & Mahindra Limited has informed the Exchange about Investor Presentation","27-Mar-2025 16:17:10","2025-03-27 16:17:10","27-Mar-2025 16:17:10","00:00:00","https://nsearchives.nseindia.com/corporate/Sumeet_27032025161650_Concluded27032025.pdf"
"M&M","Mahindra & Mahindra Limited","Updates","Mahindra & Mahindra Limited has informed the Exchange regarding 'Transfer of Equity Shares by Mahindra & Mahindra Employees  Stock Option Trust to the Stock Option Grantees'.","24-Mar-2025 19:54:53","2025-03-24 19:54:53","24-Mar-2025 19:54:54","00:00:01","https://nsearchives.nseindia.com/corporate/divya_24032025195420_Employeeslist24032025.pdf"
"M&M","Mahindra & Mahindra Limited","Rumour Verification - Regulation 30(11)","Mahindra & Mahindra Limited has informed the Exchange about Rumour Verification - Regulation 30(11)","24-Mar-2025 19:29:51","2025-03-24 19:29:51","24-Mar-2025 19:29:52","00:00:01","https://nsearchives.nseindia.com/corporate/ferozebaria_24032025192713_SEIntimationNewsClarification24March2025.pdf"
"M&M","Mahindra & Mahindra Limited","Analysts/Institutional Investor Meet/Con. Call Updates","Mahindra & Mahindra Limited has informed the Exchange about Schedule of meet","21-Mar-2025 12:33:20","2025-03-21 12:33:20","21-Mar-2025 12:33:21","00:00:01","https://nsearchives.nseindia.com/corporate/Sumeet_21032025123312_UpcomingAnalystMeet21032025.pdf"
"M&M","Mahindra & Mahindra Limited","Acquisition","Mahindra & Mahindra Limited has informed the Exchange about Acquisition","18-Mar-2025 11:02:19","2025-03-18 11:02:19","18-Mar-2025 11:02:20","00:00:01","https://nsearchives.nseindia.com/corporate/Deepti_18032025110210_SEintimationMBTMacquisition.pdf"
"M&M","Mahindra & Mahindra Limited","Amalgamation/Merger","Mahindra & Mahindra Limited has informed the Exchange about Cessation of Fifth Gear Ventures Limited as a Subsidiary of the Company pursuant to Merger","15-Mar-2025 07:58:49","2025-03-15 07:58:49","15-Mar-2025 07:58:50","00:00:01","https://nsearchives.nseindia.com/corporate/Deepti_15032025075826_SEIntimationCessationofFGVLasSubsidiary15th_March2025.pdf"
"M&M","Mahindra & Mahindra Limited","Updates","Mahindra & Mahindra Limited has informed the Exchange regarding 'Transfer of Equity Shares by Mahindra & Mahindra Employees  Stock Option Trust to the Stock Option Grantees'.","13-Mar-2025 18:51:02","2025-03-13 18:51:02","13-Mar-2025 18:51:02","00:00:00","https://nsearchives.nseindia.com/corporate/Anita_13032025185041_Employeeslist13032025.pdf"
"M&M","Mahindra & Mahindra Limited","Updates","Mahindra & Mahindra Limited has informed the Exchange regarding 'Disclosure for Gift of 67,881 Equity Shares of the Company'.","12-Mar-2025 21:21:59","2025-03-12 21:21:59","12-Mar-2025 21:22:00","00:00:01","https://nsearchives.nseindia.com/corporate/divya_12032025212110_SEIntimationgift12032025.pdf"
"M&M","Mahindra & Mahindra Limited","General Updates","Mahindra & Mahindra Limited has informed the Exchange about General Updates - Report for the Month of February, 2025","07-Mar-2025 16:53:09","2025-03-07 16:53:09","07-Mar-2025 16:53:09","00:00:00","https://nsearchives.nseindia.com/corporate/Sumeet_07032025165301_MonthlyReport07032025.pdf"
"M&M","Mahindra & Mahindra Limited","Sale or disposal","Intimation by Mahindra Logistics Limited, a listed subsidiary of the Company, under Regulation 30 of SEBI (Listing Obligations and Disclosure Requirements) Regulations, 2015","04-Mar-2025 14:08:59","2025-03-04 14:08:59","04-Mar-2025 14:08:59","00:00:00","https://nsearchives.nseindia.com/corporate/divya_04032025140845_SEIntimationbyMMforVoluntaryStrikeoffMLLGlobal.pdf"
"M&M","Mahindra & Mahindra Limited","Monthly Business Updates","Mahindra & Mahindra Limited has informed the Exchange regarding Monthly Business Updates for the month of February 2025","01-Mar-2025 09:24:19","2025-03-01 09:24:19","01-Mar-2025 09:24:20","00:00:01","https://nsearchives.nseindia.com/corporate/ferozebaria_01032025092350_SEIntimationMarch2025PR.pdf"
"M&M","Mahindra & Mahindra Limited","Investor Presentation","Mahindra & Mahindra Limited has informed the Exchange about Investor Presentation","27-Feb-2025 15:56:22","2025-02-27 15:56:22","27-Feb-2025 15:56:23","00:00:01","https://nsearchives.nseindia.com/corporate/Sumeet_27022025155608_Concluded27022025.pdf"
"M&M","Mahindra & Mahindra Limited","Updates","Mahindra & Mahindra Limited has informed the Exchange regarding 'Transfer Of Equity Shares By Mahindra & Mahindra Employees' Stock Option Trust To The Stock Option Grantees'.","24-Feb-2025 18:55:08","2025-02-24 18:55:08","24-Feb-2025 18:55:09","00:00:01","https://nsearchives.nseindia.com/corporate/Anita_24022025185458_EmployeesList24022025.pdf"
"M&M","Mahindra & Mahindra Limited","Investor Presentation","Mahindra & Mahindra Limited has informed the Exchange about Investor Presentation","21-Feb-2025 17:21:49","2025-02-21 17:21:49","21-Feb-2025 17:21:50","00:00:01","https://nsearchives.nseindia.com/corporate/Sumeet_21022025172139_UpcomingAnalystMeet21022025.pdf"
"M&M","Mahindra & Mahindra Limited","Acquisition","Mahindra & Mahindra Limited has informed the Exchange about Acquisition","20-Feb-2025 19:39:53","2025-02-20 19:39:53","20-Feb-2025 19:39:54","00:00:01","https://nsearchives.nseindia.com/corporate/divya_20022025193935_SEIntimationMMforInvestmentinRI.pdf"
"M&M","Mahindra & Mahindra Limited","Outcome of Board Meeting","Mahindra & Mahindra Limited has informed the Exchange regarding  Board meeting held on February 20, 2025.","20-Feb-2025 19:37:17","2025-02-20 19:37:17","20-Feb-2025 19:37:18","00:00:01","https://nsearchives.nseindia.com/corporate/divya_20022025193651_SEIntimationMMforInvestmentinRI.pdf"
"M&M","Mahindra & Mahindra Limited","Updates","Mahindra & Mahindra Limited has informed the Exchange regarding 'Mahindra Group and Anduril Partner to Develop Autonomous Maritime Systems and AI Counter-UAS Tech'.","19-Feb-2025 17:03:48","2025-02-19 17:03:48","19-Feb-2025 17:03:49","00:00:01","https://nsearchives.nseindia.com/corporate/ferozebaria_19022025170229_SEIntimationPRMahindraandAndurilPartnership19022025.pdf"
"M&M","Mahindra & Mahindra Limited","Investor Presentation","Mahindra & Mahindra Limited has informed the Exchange about Investor Presentation","18-Feb-2025 18:25:34","2025-02-18 18:25:34","18-Feb-2025 18:25:35","00:00:01","https://nsearchives.nseindia.com/corporate/Sumeet_18022025182528_Concluded18022025.pdf"
"M&M","Mahindra & Mahindra Limited","Updates","Mahindra & Mahindra Limited has informed the Exchange regarding 'Press Note: 'Mahindra Electric Origin SUVs create new record in the EV category with booking value of &#8377; 8472 crores (at ex-showroom price), securing 30 179 bookings on day 1'.","14-Feb-2025 19:30:31","2025-02-14 19:30:31","14-Feb-2025 19:30:32","00:00:01","https://nsearchives.nseindia.com/corporate/Deepti_14022025193022_MMSEintimationPR.pdf"
"M&M","Mahindra & Mahindra Limited","General Updates","Mahindra & Mahindra Limited has informed the Exchange about Intimation by Mahindra Lifespace Developers Limited, a listed subsidiary of the Company regarding Outcome of its Board Meeting","13-Feb-2025 16:09:32","2025-02-13 16:09:32","13-Feb-2025 16:09:33","00:00:01","https://nsearchives.nseindia.com/corporate/Deepti_13022025160910_MMSEIintimationMLDL.pdf"
"M&M","Mahindra & Mahindra Limited","Analysts/Institutional Investor Meet/Con. Call Updates","Mahindra & Mahindra Limited has informed the Exchange about Presentation","13-Feb-2025 15:30:44","2025-02-13 15:30:44","13-Feb-2025 15:30:45","00:00:01","https://nsearchives.nseindia.com/corporate/Sumeet_13022025153035_Concluded13022025.pdf"
"M&M","Mahindra & Mahindra Limited","General Updates","Mahindra & Mahindra Limited has informed the Exchange about Intimation by Mahindra & Mahindra Financial Services Limited, a listed subsidiary of the Company regarding Outcome of its Board Meeting","13-Feb-2025 11:57:15","2025-02-13 11:57:15","13-Feb-2025 11:57:16","00:00:01","https://nsearchives.nseindia.com/corporate/Deepti_13022025115703_SEintimationMMFSLBMoutcome.pdf"
"M&M","Mahindra & Mahindra Limited","Updates","Mahindra & Mahindra Limited has informed the Exchange regarding 'Transfer Of Equity Shares By Mahindra & Mahindra Employees' Stock Option Trust To The Stock Option Grantees'.","12-Feb-2025 20:44:03","2025-02-12 20:44:03","12-Feb-2025 20:44:04","00:00:01","https://nsearchives.nseindia.com/corporate/Anita_12022025204300_EmployeesList12022025.pdf"
"M&M","Mahindra & Mahindra Limited","Analysts/Institutional Investor Meet/Con. Call Updates","Mahindra & Mahindra Limited has informed the Exchange about Presentation","12-Feb-2025 18:37:47","2025-02-12 18:37:47","12-Feb-2025 18:37:48","00:00:01","https://nsearchives.nseindia.com/corporate/Sumeet_12022025183734_Concluded12022025.pdf"
"M&M","Mahindra & Mahindra Limited","Analysts/Institutional Investor Meet/Con. Call Updates","Mahindra & Mahindra Limited has informed the Exchange about Transcript","11-Feb-2025 20:19:59","2025-02-11 20:19:59","11-Feb-2025 20:20:00","00:00:01","https://nsearchives.nseindia.com/corporate/Sumeet_11022025201947_SEIntimationTranscriptofAnalystMeet11Feb2025.pdf"
"M&M","Mahindra & Mahindra Limited","Investor Presentation","Mahindra & Mahindra Limited has informed the Exchange about Investor Presentation","10-Feb-2025 18:43:43","2025-02-10 18:43:43","10-Feb-2025 18:43:44","00:00:01","https://nsearchives.nseindia.com/corporate/Sumeet_10022025184328_Concluded10022025.pdf"
"M&M","Mahindra & Mahindra Limited","General Updates","Mahindra & Mahindra Limited has informed the Exchange about General Updates - Report for the Month of January, 2025","08-Feb-2025 12:44:47","2025-02-08 12:44:47","08-Feb-2025 12:44:48","00:00:01","https://nsearchives.nseindia.com/corporate/Sumeet_08022025124441_MonthlyReport08022025.pdf"
"M&M","Mahindra & Mahindra Limited","Copy of Newspaper Publication","Mahindra & Mahindra Limited has informed the Exchange about Copy of Newspaper Publication","08-Feb-2025 10:50:25","2025-02-08 10:50:25","08-Feb-2025 10:50:25","00:00:00","https://nsearchives.nseindia.com/corporate/ferozebaria_08022025105008_SEIntimationenclosingNewspaperPublication7thFebruary2025.pdf"
"M&M","Mahindra & Mahindra Limited","Investor Presentation","Mahindra & Mahindra Limited has informed the Exchange about Investor Presentation","07-Feb-2025 18:31:37","2025-02-07 18:31:37","07-Feb-2025 18:31:38","00:00:01","https://nsearchives.nseindia.com/corporate/Sumeet_07022025183130_IntimationPostAnalystMeetwithPresentationAVLink7thFeb2025.pdf"
"M&M","Mahindra & Mahindra Limited","Investor Presentation","Mahindra & Mahindra Limited has informed the Exchange about Investor Presentation","07-Feb-2025 15:52:32","2025-02-07 15:52:32","07-Feb-2025 15:52:33","00:00:01","https://nsearchives.nseindia.com/corporate/Sumeet_07022025155226_SEIntimationPresentationbeingmadetoAnalysts7thFeb2025.pdf"
"M&M","Mahindra & Mahindra Limited","General Updates","Mahindra & Mahindra Limited has informed the Exchange about General Updates Presentation at the Press /Analyst Meet","07-Feb-2025 14:04:41","2025-02-07 14:04:41","07-Feb-2025 14:04:42","00:00:01","https://nsearchives.nseindia.com/corporate/Sumeet_07022025140429_SEIntimationenclosingPresentationtobemadetoPress7Feb2025.pdf"
"M&M","Mahindra & Mahindra Limited","Incorporation","Mahindra & Mahindra Limited has informed the Exchange about approval of Incorporation of a Wholly Owned SubsidiaryCompany","07-Feb-2025 13:43:48","2025-02-07 13:43:48","07-Feb-2025 13:43:49","00:00:01","https://nsearchives.nseindia.com/corporate/Deepti_07022025134336_MATLSE.pdf"
"M&M","Mahindra & Mahindra Limited","Outcome of Board Meeting","Mahindra & Mahindra Limited has informed the Exchange regarding  Board meeting held on February 07, 2025 - Incorporation of a Wholly Owned SubsidiaryCompany","07-Feb-2025 13:40:57","2025-02-07 13:40:57","07-Feb-2025 13:40:58","00:00:01","https://nsearchives.nseindia.com/corporate/Deepti_07022025134039_MATLSE.pdf"
"M&M","Mahindra & Mahindra Limited","Integrated Filing- Financial","Integrated Filing (Financial) pursuant to SEBICircular No. SEBI/HO/CFD/CFD-PoD-2/CIR/P/2024/185 dated 31st December, 2024 read with BSE Circular No.20250102-4 and NSE Circular No. NSE/CML/2025/02 dated 2nd January, 2025","07-Feb-2025 13:30:58","2025-02-07 13:30:58","07-Feb-2025 13:30:59","00:00:01","https://nsearchives.nseindia.com/corporate/Deepti_07022025133042_MMResults.pdf"
"M&M","Mahindra & Mahindra Limited","Outcome of Board Meeting","Mahindra & Mahindra Limited has informed the Exchange regarding  Board meeting held on February 07, 2025.","07-Feb-2025 13:29:03","2025-02-07 13:29:03","07-Feb-2025 13:29:04","00:00:01","https://nsearchives.nseindia.com/corporate/Deepti_07022025132846_MMResults.pdf"
"M&M","Mahindra & Mahindra Limited","Press Release","Mahindra & Mahindra Limited has informed the Exchange regarding a press release dated February 07, 2025, titled ""Unaudited Standalone and Consolidated Financial Results of the Company for the Third Quarter and Nine Months ended 31st December, 2024"".","07-Feb-2025 13:28:51","2025-02-07 13:28:51","07-Feb-2025 13:28:52","00:00:01","https://nsearchives.nseindia.com/corporate/ferozebaria_07022025132505_SEIntimationPRonFinancials7thFebruary2025_1.pdf"
"M&M","Mahindra & Mahindra Limited","Financial Result Updates"," Mahindra & Mahindra Limited has submitted to the Exchange, the financial results for the period ended December 31, 2024.","07-Feb-2025 13:27:40","2025-02-07 13:27:40","07-Feb-2025 13:27:40","00:00:00","https://nsearchives.nseindia.com/corporate/MMResults_07022025132740.pdf"
"M&M","Mahindra & Mahindra Limited","Updates","Mahindra & Mahindra Limited has informed the Exchange regarding 'Mahindra Electric Origin SUVs to Open Bookings for all 9 variants on 14February, 2025'.","05-Feb-2025 16:10:24","2025-02-05 16:10:24","05-Feb-2025 16:10:25","00:00:01","https://nsearchives.nseindia.com/corporate/ferozebaria_05022025160829_SEIntimationMahindraElectricOriginSUVsBookings05022025.pdf"
"M&M","Mahindra & Mahindra Limited","Analysts/Institutional Investor Meet/Con. Call Updates","Mahindra & Mahindra Limited has informed the Exchange about Schedule of meet","03-Feb-2025 18:40:26","2025-02-03 18:40:26","03-Feb-2025 18:40:27","00:00:01","https://nsearchives.nseindia.com/corporate/Sumeet_03022025184016_UpcomingAnalystMeet03022025.pdf"
"M&M","Mahindra & Mahindra Limited","Monthly Business Updates","Mahindra & Mahindra Limited has informed the Exchange regarding Monthly Business Updates for the month of January 2025","01-Feb-2025 09:31:03","2025-02-01 09:31:03","01-Feb-2025 09:31:03","00:00:00","https://nsearchives.nseindia.com/corporate/ferozebaria_01022025093019_SEIntimationFebruary2025PR.pdf"
"M&M","Mahindra & Mahindra Limited","Analysts/Institutional Investor Meet/Con. Call Updates","Mahindra & Mahindra Limited has informed the Exchange about Schedule of meet","31-Jan-2025 11:30:11","2025-01-31 11:30:11","31-Jan-2025 11:30:12","00:00:01","https://nsearchives.nseindia.com/corporate/Sumeet_31012025113002_UpcomingAnalystMeet31012025.pdf"
"M&M","Mahindra & Mahindra Limited","General Updates","Intimation under Regulation 30 of the SEBI (Listing Obligations and Disclosure Requirements) Regulations, 2015   ESG Rating","27-Jan-2025 23:43:21","2025-01-27 23:43:21","27-Jan-2025 23:43:22","00:00:01","https://nsearchives.nseindia.com/corporate/divya_27012025234243_MMSEIntimationofESGRatings27January2025.pdf"
"M&M","Mahindra & Mahindra Limited","Updates","Mahindra & Mahindra Limited has informed the Exchange regarding 'Transfer Of Equity Shares By Mahindra & Mahindra Employees'' Stock Option Trust To The Stock Option Grantees'.","24-Jan-2025 15:30:13","2025-01-24 15:30:13","24-Jan-2025 15:30:14","00:00:01","https://nsearchives.nseindia.com/corporate/Anita_24012025153002_EmployeeList24012025.pdf"
"M&M","Mahindra & Mahindra Limited","Certificate under SEBI (Depositories and Participants) Regulations, 2018","Mahindra & Mahindra Limited has informed the Exchange about Certificate under SEBI (Depositories and Participants) Regulations, 2018","20-Jan-2025 19:25:14","2025-01-20 19:25:14","20-Jan-2025 19:25:14","00:00:00","https://nsearchives.nseindia.com/corporate/Anita_20012025192454_SEIntimationRegulation74_5_.pdf"
"M&M","Mahindra & Mahindra Limited","Updates","Mahindra & Mahindra Limited has informed the Exchange regarding 'Transfer Of Equity Shares By Mahindra & Mahindra Employees' Stock Option Trust To The Stock Option Grantees'.","15-Jan-2025 17:25:42","2025-01-15 17:25:42","15-Jan-2025 17:25:43","00:00:01","https://nsearchives.nseindia.com/corporate/Anita_15012025172324_EmployeesList15012025.pdf"
"M&M","Mahindra & Mahindra Limited","Updates","Mahindra & Mahindra Limited has informed the Exchange regarding 'Mahindra Unveils New Dedicated State-of-the-art EV Manufacturing & Battery Assembly Facility in Chakan'.","08-Jan-2025 10:30:02","2025-01-08 10:30:02","08-Jan-2025 10:30:02","00:00:00","https://nsearchives.nseindia.com/corporate/ferozebaria_08012025102913_SEIntimationStateoftheartEVManufacturingandBatteryAssemblyFacility.pdf"
"M&M","Mahindra & Mahindra Limited","Updates","Mahindra & Mahindra Limited has informed the Exchange regarding 'Mahindra Democratises Premium EV Technology, Announces Top Variant Prices of BE 6 and XEV 9e'.","07-Jan-2025 19:12:35","2025-01-07 19:12:35","07-Jan-2025 19:12:35","00:00:00","https://nsearchives.nseindia.com/corporate/ferozebaria_07012025191138_SEIntimationMahindraannouncestopvariantpricesofBE6andXEV9e07012025.pdf"
"M&M","Mahindra & Mahindra Limited","General Updates","Mahindra & Mahindra Limited has informed the Exchange about General Updates - Report for the Month of December, 2024","06-Jan-2025 18:04:26","2025-01-06 18:04:26","06-Jan-2025 18:04:27","00:00:01","https://nsearchives.nseindia.com/corporate/Sumeet_06012025180418_MonthlyReport06012025.pdf"
"M&M","Mahindra & Mahindra Limited","General Updates","Intimation under Regulation 30 of the SEBI (Listing Obligations and Disclosure Requirements) Regulations, 2015    ESG Ratings","01-Jan-2025 18:17:46","2025-01-01 18:17:46","01-Jan-2025 18:17:47","00:00:01","https://nsearchives.nseindia.com/corporate/divya_01012025181724_MMSEIntimationofESGRatingsbyDJSIandSES1stJanuary2025.pdf"
"M&M","Mahindra & Mahindra Limited","Monthly Business Updates","Mahindra & Mahindra Limited has informed the Exchange regarding Monthly Business Updates for the month of December 2024","01-Jan-2025 10:08:54","2025-01-01 10:08:54","01-Jan-2025 10:08:54","00:00:00","https://nsearchives.nseindia.com/corporate/ferozebaria_01012025100758_SEIntimationJanuary2025PR.pdf"
"M&M","Mahindra & Mahindra Limited","Acquisition","Intimation under Regulation 30 of the SEBI (Listing Obligations and Disclosure Requirements) Regulations, 2015   Update on Investment in Mahindra Electric Automobile Limited, a subsidiary of the Company","30-Dec-2024 14:12:15","2024-12-30 14:12:15","30-Dec-2024 14:12:16","00:00:01","https://nsearchives.nseindia.com/corporate/divya_30122024141203_SEIntimationMEALBIIExtensionDecember2024.pdf"
"M&M","Mahindra & Mahindra Limited","Acquisition","Mahindra & Mahindra Limited has informed the Exchange about Incorporation of a New Step-Down Subsidiary Company","30-Dec-2024 09:08:54","2024-12-30 09:08:54","30-Dec-2024 09:08:55","00:00:01","https://nsearchives.nseindia.com/corporate/Deepti_30122024090817_SEIntimationIncorporationofUltrogenHybren.pdf"
"M&M","Mahindra & Mahindra Limited","Action(s) initiated or orders passed","Intimation under Regulation 30 of the SEBI (Listing Obligations and Disclosure Requirements) Regulations, 2015","28-Dec-2024 11:45:38","2024-12-28 11:45:38","28-Dec-2024 11:45:38","00:00:00","https://nsearchives.nseindia.com/corporate/divya_28122024114450_SEIntimationGSTatTamilNadu28December2024.pdf"
"M&M","Mahindra & Mahindra Limited","Updates","Mahindra & Mahindra Limited has informed the Exchange regarding 'Transfer Of Equity Shares By Mahindra & Mahindra Employees'' Stock Option Trust To The Stock Option Grantees'.","26-Dec-2024 19:38:35","2024-12-26 19:38:35","26-Dec-2024 19:38:36","00:00:01","https://nsearchives.nseindia.com/corporate/Anita_26122024193759_Employeeslist26122024.pdf"
"M&M","Mahindra & Mahindra Limited","Action(s) taken or orders passed","Intimation under Regulation 30 of the SEBI (Listing Obligations and Disclosure Requirements) Regulations, 2015","24-Dec-2024 22:26:16","2024-12-24 22:26:16","24-Dec-2024 22:26:17","00:00:01","https://nsearchives.nseindia.com/corporate/divya_24122024222555_SEIntimationGSTOrderimposingpenalty24December2024.pdf"
"M&M","Mahindra & Mahindra Limited","Updates","Mahindra & Mahindra Limited has informed the Exchange regarding 'Press Release'.","17-Dec-2024 12:08:55","2024-12-17 12:08:55","17-Dec-2024 12:08:56","00:00:01","https://nsearchives.nseindia.com/corporate/M&M_17122024120855_SEIntimationMahindraKrisheandCoromandel17122024PR.pdf"
"M&M","Mahindra & Mahindra Limited","Acquisition","Mahindra & Mahindra Limited has informed the Exchange about Incorporation of a New Step-Down Subsidiary Company","13-Dec-2024 22:46:08","2024-12-13 22:46:08","13-Dec-2024 22:46:09","00:00:01","https://nsearchives.nseindia.com/corporate/M&M_13122024224608_SEIntimationIncorporationofRhymeHybren.pdf"
"M&M","Mahindra & Mahindra Limited","Loss of Share Certificates","Mahindra & Mahindra Limited has informed the Exchange about Loss of Share Certificates","13-Dec-2024 17:37:51","2024-12-13 17:37:51","13-Dec-2024 17:37:52","00:00:01","https://nsearchives.nseindia.com/corporate/M&M_13122024173751_SEIntimation131224.pdf"
"M&M","Mahindra & Mahindra Limited","Updates","Mahindra & Mahindra Limited has informed the Exchange regarding 'Transfer Of Equity Shares By Mahindra & Mahindra Employees' Stock Option Trust To The Stock Option Grantees'.","12-Dec-2024 17:27:02","2024-12-12 17:27:02","12-Dec-2024 17:27:03","00:00:01","https://nsearchives.nseindia.com/corporate/M&M_12122024172702_Employeelist12122024.pdf"
"M&M","Mahindra & Mahindra Limited","Loss of Share Certificates","Mahindra & Mahindra Limited has informed the Exchange about Loss of Share Certificates","10-Dec-2024 19:07:37","2024-12-10 19:07:37","10-Dec-2024 19:07:38","00:00:01","https://nsearchives.nseindia.com/corporate/M&M_10122024190737_SEIntimation10122024.pdf"
"M&M","Mahindra & Mahindra Limited","Acquisition","Mahindra & Mahindra Limited has informed the Exchange about Incorporation of a New Step-Down Subsidiary Company","10-Dec-2024 13:10:00","2024-12-10 13:10:00","10-Dec-2024 13:10:01","00:00:01","https://nsearchives.nseindia.com/corporate/M&M_10122024131000_SE_IntimationIncorporationofVelosHybren.pdf"
"M&M","Mahindra & Mahindra Limited","Action(s) taken or orders passed","Intimation under Regulation 30 of the SEBI (Listing Obligations and Disclosure Requirements) Regulations, 2015","07-Dec-2024 07:00:22","2024-12-07 07:00:22","07-Dec-2024 07:00:23","00:00:01","https://nsearchives.nseindia.com/corporate/M&M_07122024070022_SEIntimationGSTOrderimposingpenalty07December2024.pdf"
"M&M","Mahindra & Mahindra Limited","Incorporation","Mahindra & Mahindra Limited has informed the Exchange about Incorporation of a New Step-Down Subsidiary Company.","06-Dec-2024 17:25:29","2024-12-06 17:25:29","06-Dec-2024 17:25:30","00:00:01","https://nsearchives.nseindia.com/corporate/M&M_06122024172529_MMSEIntimation.pdf"
"M&M","Mahindra & Mahindra Limited","General Updates","Mahindra & Mahindra Limited has informed the Exchange about General Updates- Report for the Month of November, 2024","06-Dec-2024 14:59:55","2024-12-06 14:59:55","06-Dec-2024 14:59:56","00:00:01","https://nsearchives.nseindia.com/corporate/M&M_06122024145955_MonthlyReportforNovember061224.pdf"
"M&M","Mahindra & Mahindra Limited","Action(s) taken or orders passed","Intimation under Regulation 30 of the SEBI (Listing Obligations and Disclosure Requirements) Regulations, 2015","03-Dec-2024 22:58:16","2024-12-03 22:58:16","03-Dec-2024 22:58:16","00:00:00","https://nsearchives.nseindia.com/corporate/M&M_03122024225816_SEIntimationVATOrderimposingpenalty03December2024F.pdf"
"M&M","Mahindra & Mahindra Limited","Rumour Verification - Regulation 30(11)","Intimation under Regulation 30 (11) of SEBI (Listing Obligations and Disclosure Requirements) Regulations, 2015 ( the Listing Regulations ) by Mahindra & Mahindra Limited ( the Company ) - Clarification on News Article","03-Dec-2024 16:40:32","2024-12-03 16:40:32","03-Dec-2024 16:40:32","00:00:00","https://nsearchives.nseindia.com/corporate/M&M_03122024164032_SEIntimationNewsClarification3Dec2024.pdf"
"M&M","Mahindra & Mahindra Limited","Monthly Business Updates","Mahindra & Mahindra Limited has informed the Exchange regarding Monthly Business Updates for the month of November 2024","02-Dec-2024 09:15:05","2024-12-02 09:15:05","02-Dec-2024 09:15:06","00:00:01","https://nsearchives.nseindia.com/corporate/M&M_02122024091505_SEIntimationDecember2024PR.pdf"
"M&M","Mahindra & Mahindra Limited","Acquisition","Mahindra & Mahindra Limited has informed the Exchange about Incorporation of a New Step-Down Subsidiary Company","30-Nov-2024 11:48:22","2024-11-30 11:48:22","30-Nov-2024 11:48:22","00:00:00","https://nsearchives.nseindia.com/corporate/M&M_30112024114822_SEintimationincorporation.pdf"
"M&M","Mahindra & Mahindra Limited","Rumour Verification - Regulation 30(11)","Intimation under Regulation 30 (11) of SEBI (Listing Obligations and Disclosure Requirements) Regulations, 2015 ( the Listing Regulations ) by Mahindra & Mahindra Limited ( the Company ) - Clarification on News Article","28-Nov-2024 16:30:11","2024-11-28 16:30:11","28-Nov-2024 16:30:11","00:00:00","https://nsearchives.nseindia.com/corporate/M&M_28112024163011_SEIntimationNewsClarification28November2024_F.pdf"
"M&M","Mahindra & Mahindra Limited","Issue of Duplicate Share Certificate","Mahindra & Mahindra Limited has informed the Exchange about Issue of Duplicate Share Certificate","28-Nov-2024 15:52:48","2024-11-28 15:52:48","28-Nov-2024 15:52:49","00:00:01","https://nsearchives.nseindia.com/corporate/M&M_28112024155248_Intimationofissueofduplicatesharecertificate28112024.pdf"
"M&M","Mahindra & Mahindra Limited","Updates","Mahindra & Mahindra Limited has informed the Exchange regarding 'Transfer of Equity Shares by Mahindra & Mahindra Employees  Stock Option Trust to the Stock Option Grantees'.","27-Nov-2024 19:56:04","2024-11-27 19:56:04","27-Nov-2024 19:56:04","00:00:00","https://nsearchives.nseindia.com/corporate/M&M_27112024195604_Employeeslist27112024.pdf"
"M&M","Mahindra & Mahindra Limited","Product launch","Mahindra & Mahindra Limited has informed the Exchange about Product launch","26-Nov-2024 21:07:36","2024-11-26 21:07:36","26-Nov-2024 21:07:36","00:00:00","https://nsearchives.nseindia.com/corporate/M&M_26112024210736_SEIntimationLaunchofElectricOriginSUVs26thNovember2024.pdf"
"M&M","Mahindra & Mahindra Limited","Updates","Mahindra & Mahindra Limited has informed the Exchange regarding 'Mahindra debuts Electric Origin SUVs Named XEV 9e and BE 6e World Premiere at UNLIMIT INDIA, on 26th November in Chennai'.","26-Nov-2024 08:35:52","2024-11-26 08:35:52","26-Nov-2024 08:35:53","00:00:01","https://nsearchives.nseindia.com/corporate/M&M_26112024083552_SEIntimationElectricOriginSUVs26thNovember2024Links.pdf"
"M&M","Mahindra & Mahindra Limited","Loss of Share Certificates","Mahindra & Mahindra Limited has informed the Exchange about Loss of Share Certificates","25-Nov-2024 19:05:58","2024-11-25 19:05:58","25-Nov-2024 19:05:58","00:00:00","https://nsearchives.nseindia.com/corporate/M&M_25112024190558_LossIntimation25112024.pdf"
"M&M","Mahindra & Mahindra Limited","Action(s) taken or orders passed","Mahindra & Mahindra Limited has informed the Exchange about Action(s) taken or orders passed - Intimation under Regulation 30 of the SEBI (Listing Obligations and Disclosure Requirements) Regulations, 2015","23-Nov-2024 08:56:04","2024-11-23 08:56:04","23-Nov-2024 08:56:05","00:00:01","https://nsearchives.nseindia.com/corporate/M&M_23112024085604_SEIntimationGSTOrderimposingpenalty23November2024.pdf"
"M&M","Mahindra & Mahindra Limited","Analysts/Institutional Investor Meet/Con. Call Updates","Mahindra & Mahindra Limited has informed the Exchange about Presentation","20-Nov-2024 15:48:20","2024-11-20 15:48:20","20-Nov-2024 15:48:21","00:00:01","https://nsearchives.nseindia.com/corporate/M&M_20112024154821_Concluded20112024.pdf"
"M&M","Mahindra & Mahindra Limited","Loss of Share Certificates","Mahindra & Mahindra Limited has informed the Exchange about Loss of Share Certificates","19-Nov-2024 19:39:03","2024-11-19 19:39:03","19-Nov-2024 19:39:04","00:00:01","https://nsearchives.nseindia.com/corporate/M&M_19112024193903_SEIntimation19112024.pdf"
"M&M","Mahindra & Mahindra Limited","Analysts/Institutional Investor Meet/Con. Call Updates","Mahindra & Mahindra Limited has informed the Exchange about Presentation","19-Nov-2024 17:03:45","2024-11-19 17:03:45","19-Nov-2024 17:03:46","00:00:01","https://nsearchives.nseindia.com/corporate/M&M_19112024170345_Concluded19112024.pdf"
"M&M","Mahindra & Mahindra Limited","News Verification","The Exchange has sought clarification from Mahindra & Mahindra Limited with respect to recent news item captioned M&M, Skoda-VW India JV talks hit speed bump as companies unable to reach consensus on key issues.  The response from the Company is attached.","19-Nov-2024 16:47:15","2024-11-19 16:47:15","19-Nov-2024 16:47:15","00:00:00","https://nsearchives.nseindia.com/corporate/M&M_19112024164714_SEIntimationNewsClarification19November2024.pdf"
"M&M","Mahindra & Mahindra Limited","News Verification","The Exchange has sought clarification from Mahindra & Mahindra Limited with respect to recent news item captioned M&M, Skoda-VW India JV talks hit speed bump as companies unable to reach consensus on key issues.  The response from the Company is awaited.","19-Nov-2024 14:41:33","2024-11-19 14:41:33","19-Nov-2024 14:41:34","00:00:01","-"
"M&M","Mahindra & Mahindra Limited","Analysts/Institutional Investor Meet/Con. Call Updates","Mahindra & Mahindra Limited has informed the Exchange about Presentation","18-Nov-2024 14:47:26","2024-11-18 14:47:26","18-Nov-2024 14:47:27","00:00:01","https://nsearchives.nseindia.com/corporate/M&M_18112024144726_Concluded18112024.pdf"
"M&M","Mahindra & Mahindra Limited","Updates","Mahindra & Mahindra Limited has informed the Exchange regarding 'Transfer Of Equity Shares By Mahindra & Mahindra Employees' Stock Option Trust To The Stock Option Grantees'.","14-Nov-2024 21:42:54","2024-11-14 21:42:54","14-Nov-2024 21:42:54","00:00:00","https://nsearchives.nseindia.com/corporate/M&M_14112024214254_Employeeslist14112024.pdf"
"M&M","Mahindra & Mahindra Limited","Analysts/Institutional Investor Meet/Con. Call Updates","Mahindra & Mahindra Limited has informed the Exchange about Presentation","14-Nov-2024 15:14:16","2024-11-14 15:14:16","14-Nov-2024 15:14:17","00:00:01","https://nsearchives.nseindia.com/corporate/M&M_14112024151416_Concluded14112024.pdf"
"M&M","Mahindra & Mahindra Limited","Loss of Share Certificates","Mahindra & Mahindra Limited has informed the Exchange about Loss of Share Certificates","13-Nov-2024 17:52:42","2024-11-13 17:52:42","13-Nov-2024 17:52:42","00:00:00","https://nsearchives.nseindia.com/corporate/M&M_13112024175242_SEIntimation13112024.pdf"
"M&M","Mahindra & Mahindra Limited","Analysts/Institutional Investor Meet/Con. Call Updates","Mahindra & Mahindra Limited has informed the Exchange about Presentation","12-Nov-2024 18:48:19","2024-11-12 18:48:19","12-Nov-2024 18:48:20","00:00:01","https://nsearchives.nseindia.com/corporate/M&M_12112024184819_Concluded12112024.pdf"
"M&M","Mahindra & Mahindra Limited","Loss of Share Certificates","Mahindra & Mahindra Limited has informed the Exchange about Loss of Share Certificates","12-Nov-2024 18:46:55","2024-11-12 18:46:55","12-Nov-2024 18:46:56","00:00:01","https://nsearchives.nseindia.com/corporate/M&M_12112024184655_SEIntimation12112024.pdf"
"M&M","Mahindra & Mahindra Limited","Analysts/Institutional Investor Meet/Con. Call Updates","Mahindra & Mahindra Limited has informed the Exchange about Transcript","11-Nov-2024 14:38:33","2024-11-11 14:38:33","11-Nov-2024 14:38:34","00:00:01","https://nsearchives.nseindia.com/corporate/M&M_11112024143833_SEIntimationregardingTranscriptofAnalystMeetNovember111124.pdf"
"M&M","Mahindra & Mahindra Limited","Loss of Share Certificates","Mahindra & Mahindra Limited has informed the Exchange about Loss of Share Certificates","08-Nov-2024 18:56:39","2024-11-08 18:56:39","08-Nov-2024 18:56:39","00:00:00","https://nsearchives.nseindia.com/corporate/M&M_08112024185639_SEIntimation08112024.pdf"
"M&M","Mahindra & Mahindra Limited","General Updates","Mahindra & Mahindra Limited has informed the Exchange about General Updates Report for the Month of October, 2024","08-Nov-2024 13:14:54","2024-11-08 13:14:54","08-Nov-2024 13:14:55","00:00:01","https://nsearchives.nseindia.com/corporate/M&M_08112024131454_MonthlyReport08112024.pdf"
"M&M","Mahindra & Mahindra Limited","Copy of Newspaper Publication","Mahindra & Mahindra Limited has informed the Exchange about Copy of Newspaper Publication","08-Nov-2024 10:01:15","2024-11-08 10:01:15","08-Nov-2024 10:01:16","00:00:01","https://nsearchives.nseindia.com/corporate/M&M_08112024100115_SEIntimationenclosingNewspaperPublication7thNovember2024.pdf"
"M&M","Mahindra & Mahindra Limited","Investor Presentation","Mahindra & Mahindra Limited has informed the Exchange about Investor Presentation","07-Nov-2024 18:23:34","2024-11-07 18:23:34","07-Nov-2024 18:23:35","00:00:01","https://nsearchives.nseindia.com/corporate/M&M_07112024182335_SEIntimationPostAnalystMeetwithPresentationandAVLink071124.pdf"
"M&M","Mahindra & Mahindra Limited","General Updates","Mahindra & Mahindra Limited has informed the Exchange about General Updates Disclosure under Regulation 23(9) of the Securities and Exchange Board of India (Listing Obligations and Disclosure Requirements), Regulations, 2015","07-Nov-2024 17:07:32","2024-11-07 17:07:32","07-Nov-2024 17:07:33","00:00:01","https://nsearchives.nseindia.com/corporate/M&M_07112024170733_SEIntimationRPTHYDisclosureunder237112024.pdf"
"M&M","Mahindra & Mahindra Limited","General Updates","Mahindra & Mahindra Limited has informed the Exchange about General Updates- We are enclosing a presentation being made at the Press/Analyst Meet today.","07-Nov-2024 13:31:46","2024-11-07 13:31:46","07-Nov-2024 13:31:47","00:00:01","https://nsearchives.nseindia.com/corporate/M&M_07112024133146_SEIntimationenclosingPresentationPressandAnalysts071124.pdf"
"M&M","Mahindra & Mahindra Limited","Press Release","Mahindra & Mahindra Limited has informed the Exchange regarding a press release dated November 07, 2024, titled ""Press Release on Unaudited Standalone and Consolidated Financial Results of the Company for the Second Quarter and Half year ended 30th September, 2024"".","07-Nov-2024 12:08:11","2024-11-07 12:08:11","07-Nov-2024 12:08:11","00:00:00","https://nsearchives.nseindia.com/corporate/M&M_07112024120811_SEIntimationPRonFinancials7thNovember2024.pdf"
"M&M","Mahindra & Mahindra Limited","Financial Result Updates"," Mahindra & Mahindra Limited has submitted to the Exchange, the financial results for the period ended September 30, 2024.","07-Nov-2024 12:04:14","2024-11-07 12:04:14","07-Nov-2024 12:04:14","00:00:00","https://nsearchives.nseindia.com/corporate/SEIntimationoutcomeofBMFR071124_07112024120414.pdf"
"M&M","Mahindra & Mahindra Limited","Issue of Duplicate Share Certificate","Mahindra & Mahindra Limited has informed the Exchange about Issue of Duplicate Share Certificate","06-Nov-2024 19:54:40","2024-11-06 19:54:40","06-Nov-2024 19:54:40","00:00:00","https://nsearchives.nseindia.com/corporate/M&M_06112024195440_IntimationofIssueofDuplicateShareCertificate06112024.pdf"
"M&M","Mahindra & Mahindra Limited","Analysts/Institutional Investor Meet/Con. Call Updates","Mahindra & Mahindra Limited has informed the Exchange about Schedule of meet","05-Nov-2024 18:39:17","2024-11-05 18:39:17","05-Nov-2024 18:39:17","00:00:00","https://nsearchives.nseindia.com/corporate/M&M_05112024183917_UpcomingAnalystMeet05112024.pdf"
"M&M","Mahindra & Mahindra Limited","Updates","Mahindra & Mahindra Limited has informed the Exchange regarding 'Mahindra debuts Electric Origin SUVs Named XEV 9e and BE 6e World Premiere at UNLIMIT INDIA, on 26th November in Chennai'.","04-Nov-2024 09:51:00","2024-11-04 09:51:00","04-Nov-2024 09:51:00","00:00:00","https://nsearchives.nseindia.com/corporate/M&M_04112024095100_SEIntimationMahindradebutsElectricOriginSUVs4thNovember2024.pdf"
"M&M","Mahindra & Mahindra Limited","Monthly Business Updates","Mahindra & Mahindra Limited has informed the Exchange regarding Monthly Business Updates for the month of October 2024","01-Nov-2024 09:41:40","2024-11-01 09:41:40","01-Nov-2024 09:41:41","00:00:01","https://nsearchives.nseindia.com/corporate/M&M_01112024094140_November2024PRSE.pdf"
"M&M","Mahindra & Mahindra Limited","Analysts/Institutional Investor Meet/Con. Call Updates","Mahindra & Mahindra Limited has informed the Exchange about Schedule of meet","28-Oct-2024 20:28:13","2024-10-28 20:28:13","28-Oct-2024 20:28:14","00:00:01","https://nsearchives.nseindia.com/corporate/M&M_28102024202813_UpcomingAnalystMeet28102024.pdf"
"M&M","Mahindra & Mahindra Limited","Pendency of Litigation(s)/dispute(s) or the outcome impacting the Company","Mahindra & Mahindra Limited has informed the Exchange about Intimation under Regulation 30 of the SEBI (Listing Obligations and Disclosure Requirements) Regulations, 2015   Update on Tax Litigation","25-Oct-2024 22:35:31","2024-10-25 22:35:31","25-Oct-2024 22:35:31","00:00:00","https://nsearchives.nseindia.com/corporate/M&M_25102024223531_SEIntimationHCdismissesAppealFiledbyIT25thOctober2024.pdf"
"M&M","Mahindra & Mahindra Limited","Updates","Mahindra & Mahindra Limited has informed the Exchange regarding 'Transfer of Equity Shares by Mahindra & Mahindra Employees  Stock Option Trust to the Stock Option Grantees'.","25-Oct-2024 19:57:32","2024-10-25 19:57:32","25-Oct-2024 19:57:33","00:00:01","https://nsearchives.nseindia.com/corporate/M&M_25102024195733_EmployeeList25102024.pdf"
"M&M","Mahindra & Mahindra Limited","Loss of Share Certificates","Mahindra & Mahindra Limited has informed the Exchange about Loss of Share Certificates","25-Oct-2024 19:40:58","2024-10-25 19:40:58","25-Oct-2024 19:40:59","00:00:01","https://nsearchives.nseindia.com/corporate/M&M_25102024194058_SEIntimation25102024.pdf"
"M&M","Mahindra & Mahindra Limited","Loss of Share Certificates","Mahindra & Mahindra Limited has informed the Exchange about Loss of Share Certificates","24-Oct-2024 19:20:52","2024-10-24 19:20:52","24-Oct-2024 19:20:52","00:00:00","https://nsearchives.nseindia.com/corporate/M&M_24102024192052_SEIntimation24102024.pdf"
"M&M","Mahindra & Mahindra Limited","Updates","Mahindra & Mahindra Limited has informed the Exchange regarding 'Mahindra inaugurates two state-of-the-art Development Test Facilities.  Mahindra Passive Safety Lab (PSL) and Battery & Cell Research Lab'.","23-Oct-2024 19:45:24","2024-10-23 19:45:24","23-Oct-2024 19:45:24","00:00:00","https://nsearchives.nseindia.com/corporate/M&M_23102024194524_SEIntimationInauguratestwostateofartDevelopmentTestFacilities.pdf"
"M&M","Mahindra & Mahindra Limited","Pendency of Litigation(s)/dispute(s) or the outcome impacting the Company","Mahindra & Mahindra Limited has informed the Exchange about  Intimation under Regulation 30 of the SEBI (Listing Obligations and Disclosure Requirements)Regulations, 2015   Update on Tax Litigation","23-Oct-2024 18:58:03","2024-10-23 18:58:03","23-Oct-2024 18:58:03","00:00:00","https://nsearchives.nseindia.com/corporate/M&M_23102024185803_SEIntimationHCdismissesAppealFiledbyIT23rd_October2024.pdf"
"M&M","Mahindra & Mahindra Limited","Loss of Share Certificates","Mahindra & Mahindra Limited has informed the Exchange about Loss of Share Certificates","23-Oct-2024 18:57:30","2024-10-23 18:57:30","23-Oct-2024 18:57:31","00:00:01","https://nsearchives.nseindia.com/corporate/M&M_23102024185730_SEIntimation23102024.pdf"
"M&M","Mahindra & Mahindra Limited","Loss of Share Certificates","Mahindra & Mahindra Limited has informed the Exchange about Loss of Share Certificates","22-Oct-2024 17:08:36","2024-10-22 17:08:36","22-Oct-2024 17:08:36","00:00:00","https://nsearchives.nseindia.com/corporate/M&M_22102024170836_SEIntimation22102024.pdf"
"M&M","Mahindra & Mahindra Limited","Pendency of Litigation(s)/dispute(s) or the outcome impacting the Company","Mahindra & Mahindra Limited has informed the Exchange about Intimation under Regulation 30 of the SEBI (Listing Obligations and Disclosure Requirements) Regulations, 2015   Update on Tax Litigation","22-Oct-2024 00:05:16","2024-10-22 00:05:16","22-Oct-2024 00:05:17","00:00:01","https://nsearchives.nseindia.com/corporate/M&M_22102024000516_SEIntimationHCdismissesAppealFiledbyIT22ndOctober2024.pdf"
"M&M","Mahindra & Mahindra Limited","Loss of Share Certificates","Mahindra & Mahindra Limited has informed the Exchange about Loss of Share Certificates","21-Oct-2024 19:19:17","2024-10-21 19:19:17","21-Oct-2024 19:19:18","00:00:01","https://nsearchives.nseindia.com/corporate/M&M_21102024191917_SEIntimation21102024.pdf"
"M&M","Mahindra & Mahindra Limited","Loss of Share Certificates","Mahindra & Mahindra Limited has informed the Exchange about Loss of Share Certificates","17-Oct-2024 19:56:14","2024-10-17 19:56:14","17-Oct-2024 19:56:15","00:00:01","https://nsearchives.nseindia.com/corporate/M&M_17102024195614_SEIntimation17102024.pdf"
"M&M","Mahindra & Mahindra Limited","Action(s) taken or orders passed","Mahindra & Mahindra Limited has informed the Exchange about Action(s) taken or orders passed","15-Oct-2024 22:02:45","2024-10-15 22:02:45","15-Oct-2024 22:02:45","00:00:00","https://nsearchives.nseindia.com/corporate/M&M_15102024220245_SEIntimationGSTOrderimposingpenalty15October2024.pdf"
"M&M","Mahindra & Mahindra Limited","Updates","Mahindra & Mahindra Limited has informed the Exchange regarding 'Transfer of Equity Shares by Mahindra & Mahindra Employees  Stock Option Trust to the Stock Option Grantees'.","15-Oct-2024 19:34:49","2024-10-15 19:34:49","15-Oct-2024 19:34:49","00:00:00","https://nsearchives.nseindia.com/corporate/M&M_15102024193449_Employeeslist15102024.pdf"
"M&M","Mahindra & Mahindra Limited","Certificate under SEBI (Depositories and Participants) Regulations, 2018","Mahindra & Mahindra Limited has informed the Exchange about Certificate under SEBI (Depositories and Participants) Regulations, 2018","15-Oct-2024 15:18:58","2024-10-15 15:18:58","15-Oct-2024 15:18:59","00:00:01","https://nsearchives.nseindia.com/corporate/M&M_15102024151858_SEIntimationRegulation74_5_.pdf"
"M&M","Mahindra & Mahindra Limited","General Updates","Mahindra & Mahindra Limited has informed the Exchange about General Updates- Cessation of Holiday Club Resorts Rus LLC as a Subsidiary ofthe Company upon voluntary liquidation","12-Oct-2024 10:08:55","2024-10-12 10:08:55","12-Oct-2024 10:08:56","00:00:01","https://nsearchives.nseindia.com/corporate/M&M_12102024100855_IntimationRusLLCCessation.pdf"
"M&M","Mahindra & Mahindra Limited","Loss of Share Certificates","Mahindra & Mahindra Limited has informed the Exchange about Loss of Share Certificates","11-Oct-2024 16:46:59","2024-10-11 16:46:59","11-Oct-2024 16:47:00","00:00:01","https://nsearchives.nseindia.com/corporate/M&M_11102024164659_SEIntimation11102024.pdf"
"M&M","Mahindra & Mahindra Limited","Credit Rating","Mahindra & Mahindra Limited has informed the Exchange about Credit Rating","09-Oct-2024 22:38:27","2024-10-09 22:38:27","09-Oct-2024 22:38:28","00:00:01","https://nsearchives.nseindia.com/corporate/M&M_09102024223827_SEIntimationCareRatingsLimited09102024.pdf"
"M&M","Mahindra & Mahindra Limited","Acquisition","Mahindra & Mahindra Limited has informed the Exchange about Incorporation of a New Step-down Subsidiary Company","09-Oct-2024 09:45:43","2024-10-09 09:45:43","09-Oct-2024 09:45:44","00:00:01","https://nsearchives.nseindia.com/corporate/M&M_09102024094543_SEIntimationIncorporationofSubCoThailand.pdf"
"M&M","Mahindra & Mahindra Limited","General Updates","Mahindra & Mahindra Limited has informed the Exchange about General Updates","08-Oct-2024 17:36:08","2024-10-08 17:36:08","08-Oct-2024 17:36:09","00:00:01","https://nsearchives.nseindia.com/corporate/M&M_08102024173608_MonthlyReport08102024.pdf"
"M&M","Mahindra & Mahindra Limited","Issue of Duplicate Share Certificate","Mahindra & Mahindra Limited has informed the Exchange about Issue of Duplicate Share Certificate","04-Oct-2024 16:01:30","2024-10-04 16:01:30","04-Oct-2024 16:01:30","00:00:00","https://nsearchives.nseindia.com/corporate/M&M_04102024160130_IntimationofIssueofDuplicateShareCertificate04102024.pdf"
"M&M","Mahindra & Mahindra Limited","Updates","Mahindra & Mahindra Limited has informed the Exchange regarding 'Mahindra Last Mile Mobility Limited, India's No.1 electric CV manufacturer,  launches Mahindra  ZEO  4W SCV starting from &#8377; 7.52 Lakh'.","03-Oct-2024 19:53:32","2024-10-03 19:53:32","03-Oct-2024 19:53:32","00:00:00","https://nsearchives.nseindia.com/corporate/M&M_03102024195332_SEIntimationMahindraZEOLaunch03102024.pdf"
"M&M","Mahindra & Mahindra Limited","Updates","Mahindra & Mahindra Limited has informed the Exchange regarding 'Mahindra Thar ROXX opens with 176218 bookings within 60 minutes'.","03-Oct-2024 13:00:22","2024-10-03 13:00:22","03-Oct-2024 13:00:23","00:00:01","https://nsearchives.nseindia.com/corporate/M&M_03102024130022_SEIntimationTharROXXBookings3rdOctober2024.pdf"
"M&M","Mahindra & Mahindra Limited","Pendency of Litigation(s)/dispute(s) or the outcome impacting the Company","Mahindra & Mahindra Limited has informed the Exchange about Intimation under Regulation 30 of the SEBI (Listing Obligations and DisclosureRequirements) Regulations, 2015   Update on Tax Litigation","01-Oct-2024 22:03:57","2024-10-01 22:03:57","01-Oct-2024 22:03:58","00:00:01","https://nsearchives.nseindia.com/corporate/M&M_01102024220357_SEIntimationSCdismissesAppealFiledbyIT1stOctober2024.pdf"
"M&M","Mahindra & Mahindra Limited","Monthly Business Updates","Mahindra & Mahindra Limited has informed the Exchange regarding Monthly Business Updates for the month of October 2024","01-Oct-2024 08:23:52","2024-10-01 08:23:52","01-Oct-2024 08:23:52","00:00:00","https://nsearchives.nseindia.com/corporate/M&M_01102024082352_October2024PRSE.pdf"
"M&M","Mahindra & Mahindra Limited","Investor Presentation","Mahindra & Mahindra Limited has informed the Exchange about Investor Presentation","26-Sep-2024 12:44:39","2024-09-26 12:44:39","26-Sep-2024 12:44:40","00:00:01","https://nsearchives.nseindia.com/corporate/M&M_26092024124439_Concluded26092024.pdf"
"M&M","Mahindra & Mahindra Limited","Loss of Share Certificates","Mahindra & Mahindra Limited has informed the Exchange about Loss of Share Certificates","24-Sep-2024 16:30:06","2024-09-24 16:30:06","24-Sep-2024 16:30:07","00:00:01","https://nsearchives.nseindia.com/corporate/M&M_24092024163006_LossIntimation24092024.pdf"
"M&M","Mahindra & Mahindra Limited","Updates","Mahindra & Mahindra Limited has informed the Exchange regarding 'Transfer Of Equity Shares By Mahindra & Mahindra Employees' Stock Option Trust To The Stock Option Grantees'.","23-Sep-2024 19:53:07","2024-09-23 19:53:07","23-Sep-2024 19:53:07","00:00:00","https://nsearchives.nseindia.com/corporate/M&M_23092024195307_Employeeslist23092024.pdf"
"M&M","Mahindra & Mahindra Limited","Loss of Share Certificates","Mahindra & Mahindra Limited has informed the Exchange about Loss of Share Certificates","23-Sep-2024 18:30:46","2024-09-23 18:30:46","23-Sep-2024 18:30:47","00:00:01","https://nsearchives.nseindia.com/corporate/M&M_23092024183046_SEIntimation23092024.pdf"
"M&M","Mahindra & Mahindra Limited","Rumour Verification - Regulation 30(11)","Mahindra & Mahindra Limited has informed the Exchange about Rumour Verification - Regulation 30(11)","23-Sep-2024 18:12:28","2024-09-23 18:12:28","23-Sep-2024 18:12:28","00:00:00","https://nsearchives.nseindia.com/corporate/M&M_23092024181228_SEIntimationNewsClarification23September2024.pdf"
"M&M","Mahindra & Mahindra Limited","Analysts/Institutional Investor Meet/Con. Call Updates","Mahindra & Mahindra Limited has informed the Exchange about Schedule of meet","23-Sep-2024 17:43:42","2024-09-23 17:43:42","23-Sep-2024 17:43:44","00:00:02","https://nsearchives.nseindia.com/corporate/M&M_23092024174342_UpcomingAnalystMeet23092024.pdf"
"M&M","Mahindra & Mahindra Limited","Investor Presentation","Mahindra & Mahindra Limited has informed the Exchange about Investor Presentation","23-Sep-2024 17:43:42","2024-09-23 17:43:42","23-Sep-2024 17:43:43","00:00:01","https://nsearchives.nseindia.com/corporate/M&M_23092024174342_Concluded23092024.pdf"
"M&M","Mahindra & Mahindra Limited","Analysts/Institutional Investor Meet/Con. Call Updates","Mahindra & Mahindra Limited has informed the Exchange about Presentation","19-Sep-2024 17:54:59","2024-09-19 17:54:59","19-Sep-2024 17:55:00","00:00:01","https://nsearchives.nseindia.com/corporate/M&M_19092024175459_Concluded19092024.pdf"
"M&M","Mahindra & Mahindra Limited","Analysts/Institutional Investor Meet/Con. Call Updates","Mahindra & Mahindra Limited has informed the Exchange about Presentation","17-Sep-2024 12:12:32","2024-09-17 12:12:32","17-Sep-2024 12:12:33","00:00:01","https://nsearchives.nseindia.com/corporate/M&M_17092024121233_Concluded17092024.pdf"
"M&M","Mahindra & Mahindra Limited","Loss of Share Certificates","Mahindra & Mahindra Limited has informed the Exchange about Loss of Share Certificates","16-Sep-2024 17:58:03","2024-09-16 17:58:03","16-Sep-2024 17:58:04","00:00:01","https://nsearchives.nseindia.com/corporate/M&M_16092024175803_SEIntimation16092024.pdf"
"M&M","Mahindra & Mahindra Limited","Press Release","Mahindra & Mahindra Limited has informed the Exchange regarding a press release dated September 16, 2024, titled ""Mahindra launches All-New Veero, Redefining the LCV<3.5 t segment; Prices start at &#8377; 7.99 Lakh"".","16-Sep-2024 11:53:50","2024-09-16 11:53:50","16-Sep-2024 11:53:50","00:00:00","https://nsearchives.nseindia.com/corporate/M&M_16092024115350_SEIntimationVeeroLaunch16092024.pdf"
"M&M","Mahindra & Mahindra Limited","Updates","Mahindra & Mahindra Limited has informed the Exchange regarding 'Transfer of Equity Shares by Mahindra & Mahindra Employees  Stock Option Trust tothe Stock Option Grantees","13-Sep-2024 19:52:01","2024-09-13 19:52:01","13-Sep-2024 19:52:02","00:00:01","https://nsearchives.nseindia.com/corporate/M&M_13092024195201_Employeeslist13092024.pdf"
"M&M","Mahindra & Mahindra Limited","Updates","Mahindra & Mahindra Limited has informed the Exchange regarding 'Intimation under Regulation 30 of the SEBI (Listing Obligations and Disclosure Requirements) Regulations, 2015'.","12-Sep-2024 20:52:47","2024-09-12 20:52:47","12-Sep-2024 20:52:47","00:00:00","https://nsearchives.nseindia.com/corporate/M&M_12092024205247_SEIntimationGSTOrderimposingpenalty12September2024.pdf"
"M&M","Mahindra & Mahindra Limited","Loss of Share Certificates","Mahindra & Mahindra Limited has informed the Exchange about Loss of Share Certificates","12-Sep-2024 17:36:23","2024-09-12 17:36:23","12-Sep-2024 17:36:24","00:00:01","https://nsearchives.nseindia.com/corporate/M&M_12092024173623_LossIntimation12092024.pdf"
"M&M","Mahindra & Mahindra Limited","Updates","Mahindra & Mahindra Limited has informed the Exchange regarding 'Report for the Month of August, 2024'.","12-Sep-2024 14:49:46","2024-09-12 14:49:46","12-Sep-2024 14:49:47","00:00:01","https://nsearchives.nseindia.com/corporate/M&M_12092024144946_MonthlyReport12092024.pdf"
"M&M","Mahindra & Mahindra Limited","Loss of Share Certificates","Mahindra & Mahindra Limited has informed the Exchange about Loss of Share Certificates","11-Sep-2024 17:38:31","2024-09-11 17:38:31","11-Sep-2024 17:38:32","00:00:01","https://nsearchives.nseindia.com/corporate/M&M_11092024173831_SEIntimation11092024.pdf"
"M&M","Mahindra & Mahindra Limited","Loss of Share Certificates","Mahindra & Mahindra Limited has informed the Exchange about Loss of Share Certificates","11-Sep-2024 17:20:55","2024-09-11 17:20:55","11-Sep-2024 17:20:56","00:00:01","https://nsearchives.nseindia.com/corporate/M&M_11092024172055_IntimationofIssueofDuplicateShareCertificate11092024.pdf"
"M&M","Mahindra & Mahindra Limited","Rumour Verification - Regulation 30(11)","Please refer the attached file.","10-Sep-2024 13:38:02","2024-09-10 13:38:02","10-Sep-2024 13:38:03","00:00:01","https://nsearchives.nseindia.com/corporate/M&M_10092024133802_SEIntimationNewsClarification10September2024.pdf"
"M&M","Mahindra & Mahindra Limited","Credit Rating","Mahindra & Mahindra Limited has informed the Exchange about Credit Rating","09-Sep-2024 17:34:11","2024-09-09 17:34:11","09-Sep-2024 17:34:12","00:00:01","https://nsearchives.nseindia.com/corporate/M&M_09092024173411_SEIntimationCreditRatingIndiaratings09092024.pdf"
"M&M","Mahindra & Mahindra Limited","Press Release","Mahindra & Mahindra Limited has informed the Exchange regarding a press release dated September 09, 2024, titled ""Mahindra Last Mile Mobility Limited, India's No.1 electric CV manufacturer, to launch game-changing electric Four-Wheeler  e-ZEO "".","09-Sep-2024 10:05:47","2024-09-09 10:05:47","09-Sep-2024 10:05:48","00:00:01","https://nsearchives.nseindia.com/corporate/M&M_09092024100547_NewMahindraCommerciale4WPRSE09092024.pdf"
"M&M","Mahindra & Mahindra Limited","Loss of Share Certificates","Mahindra & Mahindra Limited has informed the Exchange about Loss of Share Certificates","07-Sep-2024 18:14:35","2024-09-07 18:14:35","07-Sep-2024 18:14:36","00:00:01","https://nsearchives.nseindia.com/corporate/M&M_07092024181435_LossIntimation07092024.pdf"
"M&M","Mahindra & Mahindra Limited","Loss of Share Certificates","Mahindra & Mahindra Limited has informed the Exchange about Loss of Share Certificates","06-Sep-2024 17:49:06","2024-09-06 17:49:06","06-Sep-2024 17:49:07","00:00:01","https://nsearchives.nseindia.com/corporate/M&M_06092024174906_LossIntimation06092024.pdf"
"M&M","Mahindra & Mahindra Limited","Analysts/Institutional Investor Meet/Con. Call Updates","Mahindra & Mahindra Limited has informed the Exchange about Schedule of meet","05-Sep-2024 16:29:22","2024-09-05 16:29:22","05-Sep-2024 16:29:23","00:00:01","https://nsearchives.nseindia.com/corporate/M&M_05092024162922_UpcomingAnalystMeet05092024.pdf"
"M&M","Mahindra & Mahindra Limited","Loss of Share Certificates","Mahindra & Mahindra Limited has informed the Exchange about Loss of Share Certificates","04-Sep-2024 16:30:02","2024-09-04 16:30:02","04-Sep-2024 16:30:03","00:00:01","https://nsearchives.nseindia.com/corporate/M&M_04092024163002_LossIntimation04092024.pdf"
"M&M","Mahindra & Mahindra Limited","Updates","Mahindra & Mahindra Limited has informed the Exchange regarding 'Intimation under Regulation 30 of the SEBI (Listing Obligations and Disclosure Requirements) Regulations, 2015'.","04-Sep-2024 15:39:33","2024-09-04 15:39:33","04-Sep-2024 15:39:33","00:00:00","https://nsearchives.nseindia.com/corporate/M&M_04092024153933_SEIntimationPTOrderimposingpenalty4Sept2024.pdf"
"M&M","Mahindra & Mahindra Limited","Loss of Share Certificates","Mahindra & Mahindra Limited has informed the Exchange about Loss of Share Certificates","03-Sep-2024 18:44:14","2024-09-03 18:44:14","03-Sep-2024 18:44:15","00:00:01","https://nsearchives.nseindia.com/corporate/M&M_03092024184414_LossIntimation03092024.pdf"
"M&M","Mahindra & Mahindra Limited","Analysts/Institutional Investor Meet/Con. Call Updates","Mahindra & Mahindra Limited has informed the Exchange about Presentation","03-Sep-2024 16:33:59","2024-09-03 16:33:59","03-Sep-2024 16:34:00","00:00:01","https://nsearchives.nseindia.com/corporate/M&M_03092024163359_Concluded03092024.pdf"
"M&M","Mahindra & Mahindra Limited","Press Release","Mahindra & Mahindra Limited has informed the Exchange regarding a press release dated September 02, 2024, titled ""Two Press Releases issued by Mahindra & Mahindra Limited"".","02-Sep-2024 08:51:51","2024-09-02 08:51:51","02-Sep-2024 08:51:52","00:00:01","https://nsearchives.nseindia.com/corporate/M&M_02092024085151_September2024PRSE.pdf"
"M&M","Mahindra & Mahindra Limited","Updates","Mahindra & Mahindra Limited has informed the Exchange regarding 'Intimation under Regulation 30 of the SEBI (Listing Obligations and Disclosure Requirements) Regulations, 2015'.","31-Aug-2024 21:45:17","2024-08-31 21:45:17","31-Aug-2024 21:45:17","00:00:00","https://nsearchives.nseindia.com/corporate/M&M_31082024214517_SEIntimationGSTOrderimposingpenalty31Aug2024.pdf"
"M&M","Mahindra & Mahindra Limited","Updates","Mahindra & Mahindra Limited has informed the Exchange regarding 'Intimation under Regulation 30 of the SEBI (Listing Obligations and Disclosure Requirements) Regulations, 2015'.","31-Aug-2024 18:29:31","2024-08-31 18:29:31","31-Aug-2024 18:29:32","00:00:01","https://nsearchives.nseindia.com/corporate/M&M_31082024182931_SEIntimationGSTOrderimposingpenalty31Aug2024.pdf"
"M&M","Mahindra & Mahindra Limited","Updates","Mahindra & Mahindra Limited has informed the Exchange regarding 'Intimation under Regulation 30 of the SEBI (Listing Obligations and Disclosure Requirements) Regulations, 2015'.","30-Aug-2024 19:16:31","2024-08-30 19:16:31","30-Aug-2024 19:16:32","00:00:01","https://nsearchives.nseindia.com/corporate/M&M_30082024191631_SEIntimationGSTOrderimposingpenalty30Aug2024.pdf"
"M&M","Mahindra & Mahindra Limited","Press Release","Mahindra & Mahindra Limited has informed the Exchange regarding a press release dated August 30, 2024, titled ""Mahindra Group and Sentrycs team up to develop and provide anti-drone solutions in India"".","30-Aug-2024 11:26:09","2024-08-30 11:26:09","30-Aug-2024 11:26:09","00:00:00","https://nsearchives.nseindia.com/corporate/M&M_30082024112609_SEPRMahindraGroupandSentrycsteamup30082024.pdf"
"M&M","Mahindra & Mahindra Limited","Updates","Mahindra & Mahindra Limited has informed the Exchange regarding 'Intimation under Regulation 30 of the SEBI (Listing Obligations and Disclosure Requirements) Regulations, 2015'.","28-Aug-2024 21:48:10","2024-08-28 21:48:10","28-Aug-2024 21:48:10","00:00:00","https://nsearchives.nseindia.com/corporate/M&M_28082024214810_SEIntimationGSTOrderimposingpenalty28Aug2024.pdf"
"M&M","Mahindra & Mahindra Limited","Updates","Mahindra & Mahindra Limited has informed the Exchange regarding 'Intimation under Regulation 30 of the SEBI (Listing Obligations and Disclosure Requirements) Regulations, 2015'.","28-Aug-2024 15:59:16","2024-08-28 15:59:16","28-Aug-2024 15:59:17","00:00:01","https://nsearchives.nseindia.com/corporate/M&M_28082024155917_SEIntimationGSTOrderimposingpenalty28Aug2024.pdf"
"M&M","Mahindra & Mahindra Limited","Analysts/Institutional Investor Meet/Con. Call Updates","Mahindra & Mahindra Limited has informed the Exchange about Schedule of meet","28-Aug-2024 15:01:32","2024-08-28 15:01:32","28-Aug-2024 15:01:33","00:00:01","https://nsearchives.nseindia.com/corporate/M&M_28082024150133_RevisedUpcomingAnalystMeet28082024.pdf"
"M&M","Mahindra & Mahindra Limited","Updates","Mahindra & Mahindra Limited has informed the Exchange regarding 'Intimation under Regulation 30 of the SEBI (Listing Obligations and Disclosure Requirements) Regulations, 2015'.","28-Aug-2024 10:58:36","2024-08-28 10:58:36","28-Aug-2024 10:58:37","00:00:01","https://nsearchives.nseindia.com/corporate/M&M_28082024105837_SEIntimationAppealbyITinHC28thAugust2024.pdf"
"M&M","Mahindra & Mahindra Limited","Updates","Mahindra & Mahindra Limited has informed the Exchange regarding 'Intimation under Regulation 30 of the SEBI (Listing Obligations and Disclosure Requirements) Regulations, 2015 '.","27-Aug-2024 19:52:16","2024-08-27 19:52:16","27-Aug-2024 19:52:17","00:00:01","https://nsearchives.nseindia.com/corporate/M&M_27082024195216_SEIntimationGSTOrderimposingpenalty27Aug2024.pdf"
"M&M","Mahindra & Mahindra Limited","Loss of Share Certificates","Mahindra & Mahindra Limited has informed the Exchange about Loss of Share Certificates","27-Aug-2024 19:32:20","2024-08-27 19:32:20","27-Aug-2024 19:32:21","00:00:01","https://nsearchives.nseindia.com/corporate/M&M_27082024193220_LossIntimation27082024.pdf"
"M&M","Mahindra & Mahindra Limited","Analysts/Institutional Investor Meet/Con. Call Updates","Mahindra & Mahindra Limited has informed the Exchange about Schedule of meet","27-Aug-2024 15:27:36","2024-08-27 15:27:36","27-Aug-2024 15:27:37","00:00:01","https://nsearchives.nseindia.com/corporate/M&M_27082024152737_UpcomingAnalystMeet27082024.pdf"
"M&M","Mahindra & Mahindra Limited","Updates","Mahindra & Mahindra Limited has informed the Exchange regarding 'Intimation under Regulation 30 of the SEBI (Listing Obligations and Disclosure Requirements) Regulations, 2015'.","25-Aug-2024 18:26:03","2024-08-25 18:26:03","25-Aug-2024 18:26:05","00:00:02","https://nsearchives.nseindia.com/corporate/M&M_25082024182603_SEIntimationGSTOrderimposingpenalty25Aug2024.pdf"
"M&M","Mahindra & Mahindra Limited","Updates","Mahindra & Mahindra Limited has informed the Exchange regarding 'Intimation under Regulation 30 of the SEBI (Listing Obligations and Disclosure Requirements) Regulations, 2015'.","24-Aug-2024 23:35:27","2024-08-24 23:35:27","24-Aug-2024 23:35:28","00:00:01","https://nsearchives.nseindia.com/corporate/M&M_24082024233527_SEIntimationGSTOrderimposingpenalty24Aug2024.pdf"
"M&M","Mahindra & Mahindra Limited","Updates","Mahindra & Mahindra Limited has informed the Exchange regarding 'Transfer of Equity Shares by Mahindra & Mahindra Employees  Stock Option Trust to the Stock Option Grantees '.","23-Aug-2024 20:48:57","2024-08-23 20:48:57","23-Aug-2024 20:48:58","00:00:01","https://nsearchives.nseindia.com/corporate/M&M_23082024204857_Employeeslist23082024.pdf"
"M&M","Mahindra & Mahindra Limited","Loss of Share Certificates","Mahindra & Mahindra Limited has informed the Exchange about Loss of Share Certificates","22-Aug-2024 14:46:21","2024-08-22 14:46:21","22-Aug-2024 14:46:22","00:00:01","https://nsearchives.nseindia.com/corporate/M&M_22082024144621_LossIntimation22082024.pdf"
"M&M","Mahindra & Mahindra Limited","Loss of Share Certificates","Mahindra & Mahindra Limited has informed the Exchange about Loss of Share Certificates","21-Aug-2024 18:38:39","2024-08-21 18:38:39","21-Aug-2024 18:38:40","00:00:01","https://nsearchives.nseindia.com/corporate/M&M_21082024183839_LossIntimation21082024.pdf"
"M&M","Mahindra & Mahindra Limited","Analysts/Institutional Investor Meet/Con. Call Updates","Mahindra & Mahindra Limited has informed the Exchange about Presentation","20-Aug-2024 18:59:36","2024-08-20 18:59:36","20-Aug-2024 18:59:36","00:00:00","https://nsearchives.nseindia.com/corporate/M&M_20082024185936_Concluded20082024.pdf"
"M&M","Mahindra & Mahindra Limited","Updates","Mahindra & Mahindra Limited has informed the Exchange regarding 'Intimation under Regulation 30 of the SEBI (Listing Obligations and Disclosure Requirements) Regulations, 2015'.","17-Aug-2024 13:10:40","2024-08-17 13:10:40","17-Aug-2024 13:10:40","00:00:00","https://nsearchives.nseindia.com/corporate/M&M_17082024131040_SEIntimationGSTOrderimposingpenalty17August2024.pdf"
"M&M","Mahindra & Mahindra Limited","Press Release","Mahindra & Mahindra Limited has informed the Exchange regarding a press release dated August 15, 2024, titled ""Updated Press Release and Presentation - Launch of   Thar ROXX "".","15-Aug-2024 11:42:55","2024-08-15 11:42:55","15-Aug-2024 11:42:55","00:00:00","https://nsearchives.nseindia.com/corporate/M&M_15082024114255_SEIntimationUpdatedPressReleaseThar5Door15thAugust2024.pdf"
"M&M","Mahindra & Mahindra Limited","Press Release","Mahindra & Mahindra Limited has informed the Exchange regarding a press release dated August 14, 2024, titled ""First Showcase of  THE  SUV: Mahindra Thar ROXX on the Eve of India s 78th Independence Day; Prices start at &#8377; 12.99 Lakh"".","14-Aug-2024 22:00:20","2024-08-14 22:00:20","14-Aug-2024 22:00:21","00:00:01","https://nsearchives.nseindia.com/corporate/M&M_14082024220020_SEIntimationProductLaunchThar5Door14thAugust2024.pdf"
"M&M","Mahindra & Mahindra Limited","Updates","Mahindra & Mahindra Limited has informed the Exchange regarding 'Intimation under Regulation 30 of the SEBI (Listing Obligations and DisclosureRequirements) Regulations, 2015'.","14-Aug-2024 21:55:49","2024-08-14 21:55:49","14-Aug-2024 21:55:50","00:00:01","https://nsearchives.nseindia.com/corporate/M&M_14082024215549_SEIntimationGSTOrderimposingpenalty14August2024.pdf"
"M&M","Mahindra & Mahindra Limited","Updates","Mahindra & Mahindra Limited has informed the Exchange regarding 'Transfer of Equity Shares by Mahindra & Mahindra Employees  Stock Option Trust to the Stock Option Grantees'.","13-Aug-2024 19:34:34","2024-08-13 19:34:34","13-Aug-2024 19:34:35","00:00:01","https://nsearchives.nseindia.com/corporate/M&M_13082024193434_Employeeslist13082024.pdf"
"M&M","Mahindra & Mahindra Limited","Updates","Mahindra & Mahindra Limited has informed the Exchange regarding 'Report for the Month of July, 2024'.","13-Aug-2024 17:35:10","2024-08-13 17:35:10","13-Aug-2024 17:35:10","00:00:00","https://nsearchives.nseindia.com/corporate/M&M_13082024173510_MonthlyReport13082024.pdf"
"M&M","Mahindra & Mahindra Limited","Analysts/Institutional Investor Meet/Con. Call Updates","Mahindra & Mahindra Limited has informed the Exchange about Presentation","13-Aug-2024 17:21:04","2024-08-13 17:21:04","13-Aug-2024 17:21:05","00:00:01","https://nsearchives.nseindia.com/corporate/M&M_13082024172104_Concluded13082024.pdf"
"M&M","Mahindra & Mahindra Limited","Analysts/Institutional Investor Meet/Con. Call Updates","Mahindra & Mahindra Limited has informed the Exchange about Schedule of meet","13-Aug-2024 17:21:04","2024-08-13 17:21:04","13-Aug-2024 17:21:05","00:00:01","https://nsearchives.nseindia.com/corporate/M&M_13082024172104_UpcomingAnalystMeet13082024.pdf"
"M&M","Mahindra & Mahindra Limited","Rumour Verification - Regulation 30(11)","Intimation under Regulation 30 (11) of SEBI (Listing Obligations and Disclosure Requirements) Regulations, 2015 ( the Listing Regulations ) by Mahindra & Mahindra Limited ( the Company ) - Clarification on News Article","09-Aug-2024 15:37:31","2024-08-09 15:37:31","09-Aug-2024 15:37:31","00:00:00","https://nsearchives.nseindia.com/corporate/M&M_09082024153731_SEIntimationNewsClarification9August2024.pdf"
"M&M","Mahindra & Mahindra Limited","Loss of Share Certificates","Mahindra & Mahindra Limited has informed the Exchange about Loss of Share Certificates","08-Aug-2024 19:18:29","2024-08-08 19:18:29","08-Aug-2024 19:18:30","00:00:01","https://nsearchives.nseindia.com/corporate/M&M_08082024191829_LossIntimation08082024.pdf"
"M&M","Mahindra & Mahindra Limited","Updates","Mahindra & Mahindra Limited has informed the Exchange regarding 'Intimation under Regulation 30 of the SEBI (Listing Obligations and Disclosure Requirements) Regulations, 2015'.","07-Aug-2024 22:31:36","2024-08-07 22:31:36","07-Aug-2024 22:31:37","00:00:01","https://nsearchives.nseindia.com/corporate/M&M_07082024223136_SEIntimationGSTOrderimposingpenalty07August2024.pdf"
"M&M","Mahindra & Mahindra Limited","Analysts/Institutional Investor Meet/Con. Call Updates","Mahindra & Mahindra Limited has informed the Exchange about Schedule of meet","07-Aug-2024 17:24:16","2024-08-07 17:24:16","07-Aug-2024 17:24:16","00:00:00","https://nsearchives.nseindia.com/corporate/M&M_07082024172416_UpcomingAnalystMeet07082024.pdf"
"M&M","Mahindra & Mahindra Limited","Credit Rating","Mahindra & Mahindra Limited has informed the Exchange about Credit Rating","06-Aug-2024 17:58:25","2024-08-06 17:58:25","06-Aug-2024 17:58:26","00:00:01","https://nsearchives.nseindia.com/corporate/M&M_06082024175825_SEIntimationICRALimitedPR06082024.pdf"
"M&M","Mahindra & Mahindra Limited","Loss of Share Certificates","Mahindra & Mahindra Limited has informed the Exchange about Loss of Share Certificates","06-Aug-2024 17:56:22","2024-08-06 17:56:22","06-Aug-2024 17:56:23","00:00:01","https://nsearchives.nseindia.com/corporate/M&M_06082024175622_LossIntimation06082024.pdf"
"M&M","Mahindra & Mahindra Limited","Analysts/Institutional Investor Meet/Con. Call Updates","Mahindra & Mahindra Limited has informed the Exchange about Transcript","05-Aug-2024 17:10:51","2024-08-05 17:10:51","05-Aug-2024 17:10:52","00:00:01","https://nsearchives.nseindia.com/corporate/M&M_05082024171051_IntimationregardingTranscriptofAnalystMeetAugust2024.pdf"
"M&M","Mahindra & Mahindra Limited","Updates","Mahindra & Mahindra Limited has informed the Exchange regarding 'Execution of Joint Venture Agreement between Classic Legends Private Limited, a subsidiary of the Company ( CLPL ) and Tube Investments of India Limited'.","02-Aug-2024 18:03:56","2024-08-02 18:03:56","02-Aug-2024 18:03:57","00:00:01","https://nsearchives.nseindia.com/corporate/M&M_02082024180356_SEIntimationCLPLJV2ndAugust2024.pdf"
"M&M","Mahindra & Mahindra Limited","Change in Director(s)","Mahindra & Mahindra Limited has informed the Exchange regarding Change in Director(s) of the company.","02-Aug-2024 01:28:43","2024-08-02 01:28:43","02-Aug-2024 01:28:44","00:00:01","https://nsearchives.nseindia.com/corporate/M&M_02082024012843_SEintimationChangeinDirectors2ndAugust2024.pdf"
"M&M","Mahindra & Mahindra Limited","Shareholders meeting","Mahindra & Mahindra Limited has informed the Exchange about Shareholders meeting","02-Aug-2024 00:08:25","2024-08-02 00:08:25","02-Aug-2024 00:08:25","00:00:00","https://nsearchives.nseindia.com/corporate/M&M_02082024000825_SEIntimationRegulation44_3_outcomeofVoting1August2024F.pdf"
"M&M","Mahindra & Mahindra Limited","Change in Director(s)","Mahindra & Mahindra Limited has informed the Exchange regarding Change in Director(s) of the company.","01-Aug-2024 22:35:53","2024-08-01 22:35:53","01-Aug-2024 22:35:53","00:00:00","https://nsearchives.nseindia.com/corporate/M&M_01082024223553_SEIntimationforChangeinDirectors1stAugust2024F.pdf"
"M&M","Mahindra & Mahindra Limited","Press Release","Mahindra & Mahindra Limited has informed the Exchange regarding a press release dated August 01, 2024, titled ""Two Press Releases issued by Mahindra & Mahindra Limited "".","01-Aug-2024 12:52:24","2024-08-01 12:52:24","01-Aug-2024 12:52:24","00:00:00","https://nsearchives.nseindia.com/corporate/M&M_01082024125224_August2024PRSE.pdf"
"M&M","Mahindra & Mahindra Limited","Copy of Newspaper Publication","Mahindra & Mahindra Limited has informed the Exchange about Copy of Newspaper Publication","01-Aug-2024 11:41:43","2024-08-01 11:41:43","01-Aug-2024 11:41:44","00:00:01","https://nsearchives.nseindia.com/corporate/M&M_01082024114143_SEIntimationenclosingNewspaperPublication31stJuly2024.pdf"
"M&M","Mahindra & Mahindra Limited","Shareholders meeting","Mahindra & Mahindra Limited has informed the Exchange regarding Proceedings of Annual General Meeting held on July 31, 2024","01-Aug-2024 02:51:33","2024-08-01 02:51:33","01-Aug-2024 02:51:34","00:00:01","https://nsearchives.nseindia.com/corporate/M&M_01082024025133_SEIntimationaboutAGMProceedings1stAugust2024.pdf"
"M&M","Mahindra & Mahindra Limited","Analysts/Institutional Investor Meet/Con. Call Updates","Mahindra & Mahindra Limited has informed the Exchange about Presentation","31-Jul-2024 20:26:36","2024-07-31 20:26:36","31-Jul-2024 20:26:37","00:00:01","https://nsearchives.nseindia.com/corporate/M&M_31072024202636_SEIntimationPostAnalystMeetwithPresentationandAVLink31stJuly2024.pdf"
"M&M","Mahindra & Mahindra Limited","Updates","Mahindra & Mahindra Limited has informed the Exchange regarding 'Chairman s Speech delivered at the 78th Annual General Meeting'.","31-Jul-2024 17:13:58","2024-07-31 17:13:58","31-Jul-2024 17:13:59","00:00:01","https://nsearchives.nseindia.com/corporate/M&M_31072024171358_SEIntimationAGM2024ChairmansSpeechatthe78thAGM31stJuly2024typo.pdf"
"M&M","Mahindra & Mahindra Limited","Updates","Mahindra & Mahindra Limited has informed the Exchange regarding 'Chairman s Speech delivered at the 78th Annual General Meeting'.","31-Jul-2024 15:36:08","2024-07-31 15:36:08","31-Jul-2024 15:36:09","00:00:01","https://nsearchives.nseindia.com/corporate/M&M_31072024153608_SEIntimationAGM2024ChairmansSpeechatthe78thAGM31stJuly2024.pdf"
"M&M","Mahindra & Mahindra Limited","Press Release","Mahindra & Mahindra Limited has informed the Exchange regarding a press release dated July 31, 2024, titled ""We are enclosing a presentation being made at the Press/Analyst Meet today."".","31-Jul-2024 13:53:25","2024-07-31 13:53:25","31-Jul-2024 13:53:25","00:00:00","https://nsearchives.nseindia.com/corporate/M&M_31072024135325_SEIntimationenclosingPresentationbeingmadetoPressandAnalysts.pdf"
"M&M","Mahindra & Mahindra Limited","Updates","Mahindra & Mahindra Limited has informed the Exchange regarding 'Appointment of Lead Independent Director'.","31-Jul-2024 13:10:24","2024-07-31 13:10:24","31-Jul-2024 13:10:25","00:00:01","https://nsearchives.nseindia.com/corporate/M&M_31072024131024_SEIntimationAppointmentofLeadIDon31stJuly2024.pdf"
"M&M","Mahindra & Mahindra Limited","Updates","Mahindra & Mahindra Limited has informed the Exchange regarding 'Amendment to the Code of Practices and Procedures for Fair Disclosure of Unpublished Price Sensitive Information'.","31-Jul-2024 13:08:50","2024-07-31 13:08:50","31-Jul-2024 13:08:51","00:00:01","https://nsearchives.nseindia.com/corporate/M&M_31072024130850_SEIntimationCodeofFairDisclosure31stJuly2024.pdf"
"M&M","Mahindra & Mahindra Limited","Press Release","Mahindra & Mahindra Limited has informed the Exchange regarding a press release dated July 31, 2024, titled ""Press Release on Unaudited Standalone and Consolidated Financial Results of theCompany for the First Quarter ended 30th June, 2024"".","31-Jul-2024 13:05:55","2024-07-31 13:05:55","31-Jul-2024 13:05:56","00:00:01","https://nsearchives.nseindia.com/corporate/M&M_31072024130555_SEIntimationforPRonFinancials31July2024.pdf"
"M&M","Mahindra & Mahindra Limited","Outcome of Board Meeting","Mahindra & Mahindra Limited has informed the Exchange regarding  Board meeting held on July 31, 2024.","31-Jul-2024 13:05:45","2024-07-31 13:05:45","31-Jul-2024 13:05:46","00:00:01","https://nsearchives.nseindia.com/corporate/M&M_31072024130545_SEIntimationOutcomeofBoardMeetingforFinResults31July2024F.pdf"
"M&M","Mahindra & Mahindra Limited","Financial Result Updates"," Mahindra & Mahindra Limited has submitted to the Exchange, the financial results for the period ended June 30, 2024.","31-Jul-2024 13:04:01","2024-07-31 13:04:01","31-Jul-2024 13:04:02","00:00:01","https://nsearchives.nseindia.com/corporate/SEIntimationOutcomeofBoardMeetingforFinResults31July2024F_31072024130401.pdf"
"M&M","Mahindra & Mahindra Limited","Loss of Share Certificates","Mahindra & Mahindra Limited has informed the Exchange about Loss of Share Certificates","30-Jul-2024 21:33:09","2024-07-30 21:33:09","30-Jul-2024 21:33:09","00:00:00","https://nsearchives.nseindia.com/corporate/M&M_30072024213309_InitmationofIssueofDuplicatesharecertificate30072024.pdf"
"M&M","Mahindra & Mahindra Limited","Loss of Share Certificates","Mahindra & Mahindra Limited has informed the Exchange about Loss of Share Certificates","30-Jul-2024 20:08:33","2024-07-30 20:08:33","30-Jul-2024 20:08:33","00:00:00","https://nsearchives.nseindia.com/corporate/M&M_30072024200833_LossIntimation30072024.pdf"
"M&M","Mahindra & Mahindra Limited","Loss of Share Certificates","Mahindra & Mahindra Limited has informed the Exchange about Loss of Share Certificates","26-Jul-2024 19:31:43","2024-07-26 19:31:43","26-Jul-2024 19:31:44","00:00:01","https://nsearchives.nseindia.com/corporate/M&M_26072024193143_LossIntimation26072024.pdf"
"M&M","Mahindra & Mahindra Limited","Updates","Mahindra & Mahindra Limited has informed the Exchange regarding 'Intimation under Regulation 30 of the SEBI (Listing Obligations and Disclosure Requirements) Regulations, 2015'.","26-Jul-2024 18:47:47","2024-07-26 18:47:47","26-Jul-2024 18:47:48","00:00:01","https://nsearchives.nseindia.com/corporate/M&M_26072024184748_SEIntimationCustomsOrderimposingpenalty26July2024.pdf"
"M&M","Mahindra & Mahindra Limited","Updates","Mahindra & Mahindra Limited has informed the Exchange regarding 'Transfer Of Equity Shares By Mahindra & Mahindra Employees' Stock Option Trust To The Stock Option Grantees'.","25-Jul-2024 20:13:06","2024-07-25 20:13:06","25-Jul-2024 20:13:08","00:00:02","https://nsearchives.nseindia.com/corporate/M&M_25072024201306_Employeeslist25072024.pdf"
"M&M","Mahindra & Mahindra Limited","Analysts/Institutional Investor Meet/Con. Call Updates","Mahindra & Mahindra Limited has informed the Exchange about Schedule of meet","24-Jul-2024 16:08:46","2024-07-24 16:08:46","24-Jul-2024 16:08:46","00:00:00","https://nsearchives.nseindia.com/corporate/M&M_24072024160846_UpcomingAnalystMeetQ1F25.pdf"
"M&M","Mahindra & Mahindra Limited","Loss of Share Certificates","Mahindra & Mahindra Limited has informed the Exchange about Loss of Share Certificates","23-Jul-2024 18:30:45","2024-07-23 18:30:45","23-Jul-2024 18:30:46","00:00:01","https://nsearchives.nseindia.com/corporate/M&M_23072024183045_LossIntimation23072024.pdf"
"M&M","Mahindra & Mahindra Limited","Updates","Mahindra & Mahindra Limited has informed the Exchange regarding 'Intimation under Regulation 30 of the SEBI (Listing Obligations and Disclosure Requirements) Regulations, 2015 '.","23-Jul-2024 08:20:06","2024-07-23 08:20:06","23-Jul-2024 08:20:08","00:00:02","https://nsearchives.nseindia.com/corporate/M&M_23072024082006_SEIntimationGSTOrderimposingpenalty23July2024.pdf"
"M&M","Mahindra & Mahindra Limited","Press Release","Mahindra & Mahindra Limited has informed the Exchange regarding a press release dated July 20, 2024, titled ""Mahindra s New Icon to be Called  Thar ROXX        THE  SUV arriving this Independence Day"".","20-Jul-2024 14:11:59","2024-07-20 14:11:59","20-Jul-2024 14:11:59","00:00:00","https://nsearchives.nseindia.com/corporate/M&M_20072024141159_PRNewNameAnnouncementTharROXX20072024.pdf"
"M&M","Mahindra & Mahindra Limited","Updates","Mahindra & Mahindra Limited has informed the Exchange regarding 'Transfer Of Equity Shares By Mahindra & Mahindra Employees'' Stock Option Trust To The Stock Option Grantees '.","16-Jul-2024 19:39:48","2024-07-16 19:39:48","16-Jul-2024 19:39:48","00:00:00","https://nsearchives.nseindia.com/corporate/M&M_16072024193948_Employeeslist16072024.pdf"
"M&M","Mahindra & Mahindra Limited","Certificate under SEBI (Depositories and Participants) Regulations, 2018","Mahindra & Mahindra Limited has informed the Exchange about Certificate under SEBI (Depositories and Participants) Regulations, 2018","16-Jul-2024 15:18:25","2024-07-16 15:18:25","16-Jul-2024 15:18:25","00:00:00","https://nsearchives.nseindia.com/corporate/M&M_16072024151825_SEIntimationCoveringLetterforRegulation74_5_.pdf"
"M&M","Mahindra & Mahindra Limited","Updates","Mahindra & Mahindra Limited has informed the Exchange regarding 'Dilution of Stake held by the Company in Gamaya SA, Switzerland'.","11-Jul-2024 21:31:50","2024-07-11 21:31:50","11-Jul-2024 21:31:51","00:00:01","https://nsearchives.nseindia.com/corporate/M&M_11072024213150_SEIntimationforDilutionofStakeinGamaya11thJuly2024.pdf"
"M&M","Mahindra & Mahindra Limited","Updates","Mahindra & Mahindra Limited has informed the Exchange regarding 'Report for the Month of June, 2024'.","11-Jul-2024 17:55:35","2024-07-11 17:55:35","11-Jul-2024 17:55:35","00:00:00","https://nsearchives.nseindia.com/corporate/M&M_11072024175535_MonthlyReport11072024.pdf"
"M&M","Mahindra & Mahindra Limited","Rumour Verification - Regulation 30(11)","Rumour Verification - Intimation under Regulation 30(11) of SEBI (Listing Obligations and Disclosure Requirements) Regulations, 2015","10-Jul-2024 14:09:58","2024-07-10 14:09:58","10-Jul-2024 14:10:00","00:00:02","https://nsearchives.nseindia.com/corporate/M&M_10072024140958_RumourVerificationSEIntimation.pdf"
"M&M","Mahindra & Mahindra Limited","Loss of Share Certificates","Mahindra & Mahindra Limited has informed the Exchange about Loss of Share Certificates","09-Jul-2024 20:25:58","2024-07-09 20:25:58","09-Jul-2024 20:25:59","00:00:01","https://nsearchives.nseindia.com/corporate/M&M_09072024202559_LossIntimation09072024.pdf"
"M&M","Mahindra & Mahindra Limited","Updates","Mahindra & Mahindra Limited has informed the Exchange regarding 'Intimation under Regulation 30 of the SEBI (Listing Obligations and Disclosure Requirements) Regulations, 2015 '.","06-Jul-2024 08:43:50","2024-07-06 08:43:50","06-Jul-2024 08:43:51","00:00:01","https://nsearchives.nseindia.com/corporate/M&M_06072024084350_SEIntimationGSTOrderimposingpenalty05July2024.pdf"
"M&M","Mahindra & Mahindra Limited","Loss of Share Certificates","Mahindra & Mahindra Limited has informed the Exchange about Loss of Share Certificates","05-Jul-2024 19:42:58","2024-07-05 19:42:58","05-Jul-2024 19:42:58","00:00:00","https://nsearchives.nseindia.com/corporate/M&M_05072024194258_LossIntimation05072024.pdf"
"M&M","Mahindra & Mahindra Limited","Updates","Mahindra & Mahindra Limited has informed the Exchange regarding 'Intimation under Regulation 30 of the SEBI (Listing Obligations and Disclosure Requirements) Regulations, 2015 '.","05-Jul-2024 17:18:56","2024-07-05 17:18:56","05-Jul-2024 17:18:57","00:00:01","https://nsearchives.nseindia.com/corporate/M&M_05072024171856_SEIntimationGSTOrderimposingpenalty05July2024.pdf"
"M&M","Mahindra & Mahindra Limited","Updates","Mahindra & Mahindra Limited has informed the Exchange regarding 'Transfer Of Equity Shares By Mahindra & Mahindra Employees Stock Option Trust To The Stock Option Grantees'.","04-Jul-2024 18:53:08","2024-07-04 18:53:08","04-Jul-2024 18:53:08","00:00:00","https://nsearchives.nseindia.com/corporate/M&M_04072024185308_Employeeslist04072024.pdf"
"M&M","Mahindra & Mahindra Limited","Loss of Share Certificates","Mahindra & Mahindra Limited has informed the Exchange about Loss of Share Certificates","03-Jul-2024 19:53:00","2024-07-03 19:53:00","03-Jul-2024 19:53:01","00:00:01","https://nsearchives.nseindia.com/corporate/M&M_03072024195300_LossIntimation03072024.pdf"
"M&M","Mahindra & Mahindra Limited","Loss of Share Certificates","Mahindra & Mahindra Limited has informed the Exchange about Loss of Share Certificates","03-Jul-2024 19:05:45","2024-07-03 19:05:45","03-Jul-2024 19:05:46","00:00:01","https://nsearchives.nseindia.com/corporate/M&M_03072024190545_Intimationofissueofduplicatesharecertificate03072024.pdf"
"M&M","Mahindra & Mahindra Limited","Copy of Newspaper Publication","Mahindra & Mahindra Limited has informed the Exchange about Copy of Newspaper Publication Pursuant to Regulation 47 of the Securities and Exchange Board of India (Listing Obligations and Disclosure Requirements) Regulations, 2015, please find enclosed Public Notice published today (i.e. 2nd July, 2024) in the Newspapers (including e-Newspapers) viz. - Business Standard (in English) and Sakal (in Marathi), confirming the dispatch of Notice of the Annual General Meeting and Integrated Annual Report for the Financial Year 2023-24 through email and inter alia informing about the: 1. Seventy Eighth Annual General Meeting of the Company to be held on 31st July, 2024 through Video Conferencing / Other Audio Visual Means; and 2. Remote e-voting facility offered to the Members. This information is also being uploaded on the Company's website at https://www.mahindra.com","02-Jul-2024 14:22:32","2024-07-02 14:22:32","02-Jul-2024 14:22:33","00:00:01","https://nsearchives.nseindia.com/corporate/M&M_02072024142232_NewspaperAdvertisement02072024.pdf"
"M&M","Mahindra & Mahindra Limited","Updates","Mahindra & Mahindra Limited has informed the Exchange regarding 'Intimation under Regulation 30 of the SEBI (Listing Obligations and Disclosure Requirements) Regulations, 2015 '.","01-Jul-2024 19:37:35","2024-07-01 19:37:35","01-Jul-2024 19:37:36","00:00:01","https://nsearchives.nseindia.com/corporate/M&M_01072024193735_SEIntimationGSTOrderimposingpenalty01July2024.pdf"
"M&M","Mahindra & Mahindra Limited","Press Release","Mahindra & Mahindra Limited has informed the Exchange regarding a press release dated July 01, 2024, titled ""Two Press Releases issued by Mahindra & Mahindra Limited "".","01-Jul-2024 10:55:23","2024-07-01 10:55:23","01-Jul-2024 10:55:24","00:00:01","https://nsearchives.nseindia.com/corporate/M&M_01072024105523_July2024PRSE.pdf"
"M&M","Mahindra & Mahindra Limited","Updates","Mahindra & Mahindra Limited has informed the Exchange regarding 'Submission of Business Responsibility & Sustainability Report for FY 2023-24'.","29-Jun-2024 18:44:23","2024-06-29 18:44:23","29-Jun-2024 18:44:24","00:00:01","https://nsearchives.nseindia.com/corporate/M&M_29062024184423_SEIntimationMMAnnualReport2024.pdf"
"M&M","Mahindra & Mahindra Limited","Shareholders meeting","Mahindra & Mahindra Limited has informed the Exchange regarding Notice of Annual General Meeting to be held on July 31, 2024","29-Jun-2024 18:41:46","2024-06-29 18:41:46","29-Jun-2024 18:41:47","00:00:01","https://nsearchives.nseindia.com/corporate/M&M_29062024184147_SEIntimationMMAnnualReport2024.pdf"
"M&M","Mahindra & Mahindra Limited","Loss of Share Certificates","Mahindra & Mahindra Limited has informed the Exchange about Loss of Share Certificates","28-Jun-2024 20:48:47","2024-06-28 20:48:47","28-Jun-2024 20:48:47","00:00:00","https://nsearchives.nseindia.com/corporate/M&M_28062024204847_lossIntimation28062024.pdf"
"M&M","Mahindra & Mahindra Limited","Loss of Share Certificates","Mahindra & Mahindra Limited has informed the Exchange about Loss of Share Certificates","27-Jun-2024 21:06:05","2024-06-27 21:06:05","27-Jun-2024 21:06:06","00:00:01","https://nsearchives.nseindia.com/corporate/M&M_27062024210605_LossIntimation27062024.pdf"
"M&M","Mahindra & Mahindra Limited","Updates","Mahindra & Mahindra Limited has informed the Exchange regarding 'Disclosure for sale of Equity Shares of the Company'.","26-Jun-2024 23:22:58","2024-06-26 23:22:58","26-Jun-2024 23:22:59","00:00:01","https://nsearchives.nseindia.com/corporate/M&M_26062024232258_SEINTIMATIONANISHSHAHCP.pdf"
"M&M","Mahindra & Mahindra Limited","Analysts/Institutional Investor Meet/Con. Call Updates","Mahindra & Mahindra Limited has informed the Exchange about Presentation","26-Jun-2024 22:33:20","2024-06-26 22:33:20","26-Jun-2024 22:33:21","00:00:01","https://nsearchives.nseindia.com/corporate/M&M_26062024223320_ConcludedNDR26062024.pdf"
"M&M","Mahindra & Mahindra Limited","Loss of Share Certificates","Mahindra & Mahindra Limited has informed the Exchange about Loss of Share Certificates","26-Jun-2024 20:25:48","2024-06-26 20:25:48","26-Jun-2024 20:25:49","00:00:01","https://nsearchives.nseindia.com/corporate/M&M_26062024202548_LossIntimation26062024.pdf"
"M&M","Mahindra & Mahindra Limited","Analysts/Institutional Investor Meet/Con. Call Updates","Mahindra & Mahindra Limited has informed the Exchange about Presentation","25-Jun-2024 23:37:42","2024-06-25 23:37:42","25-Jun-2024 23:37:42","00:00:00","https://nsearchives.nseindia.com/corporate/M&M_25062024233742_ConcludedNDR25062024.pdf"
"M&M","Mahindra & Mahindra Limited","Loss of Share Certificates","Mahindra & Mahindra Limited has informed the Exchange about Loss of Share Certificates","25-Jun-2024 21:02:55","2024-06-25 21:02:55","25-Jun-2024 21:02:55","00:00:00","https://nsearchives.nseindia.com/corporate/M&M_25062024210255_LossIntimation25062024.pdf"
"M&M","Mahindra & Mahindra Limited","Copy of Newspaper Publication","Mahindra & Mahindra Limited has informed the Exchange about Copy of Newspaper Publication - Compliance under Regulation 47 of the SEBI (Listing Obligations and Disclosure Requirements) Regulations, 2015","24-Jun-2024 12:29:14","2024-06-24 12:29:14","24-Jun-2024 12:29:15","00:00:01","https://nsearchives.nseindia.com/corporate/M&M_24062024122914_SEIntimationPreDispatch24062024.pdf"
"M&M","Mahindra & Mahindra Limited","Analysts/Institutional Investor Meet/Con. Call Updates","Mahindra & Mahindra Limited has informed the Exchange about Presentation","23-Jun-2024 17:22:13","2024-06-23 17:22:13","23-Jun-2024 17:22:14","00:00:01","https://nsearchives.nseindia.com/corporate/M&M_23062024172213_AdditionalPresentationNDRUK.pdf"
"M&M","Mahindra & Mahindra Limited","Updates","Mahindra & Mahindra Limited has informed the Exchange regarding 'Transfer Of Equity Shares By Mahindra & Mahindra Employees Stock Option Trust To The Stock Option Grantees'.","21-Jun-2024 20:27:40","2024-06-21 20:27:40","21-Jun-2024 20:27:41","00:00:01","https://nsearchives.nseindia.com/corporate/M&M_21062024202740_Employeeslist21062024.pdf"
"M&M","Mahindra & Mahindra Limited","Credit Rating","Mahindra & Mahindra Limited has informed the Exchange about Credit Rating","21-Jun-2024 19:13:30","2024-06-21 19:13:30","21-Jun-2024 19:13:31","00:00:01","https://nsearchives.nseindia.com/corporate/M&M_21062024191330_SEIntimationCRISILLimitedPR21062024.pdf"
"M&M","Mahindra & Mahindra Limited","Analysts/Institutional Investor Meet/Con. Call Updates","Mahindra & Mahindra Limited has informed the Exchange about Schedule of meet","21-Jun-2024 14:25:44","2024-06-21 14:25:44","21-Jun-2024 14:25:45","00:00:01","https://nsearchives.nseindia.com/corporate/M&M_21062024142544_UpcomingAnalystMeet21062024.pdf"
"M&M","Mahindra & Mahindra Limited","Analysts/Institutional Investor Meet/Con. Call Updates","Mahindra & Mahindra Limited has informed the Exchange about Schedule of meet","19-Jun-2024 13:16:24","2024-06-19 13:16:24","19-Jun-2024 13:16:25","00:00:01","https://nsearchives.nseindia.com/corporate/M&M_19062024131624_UpcomingAnalystMeet19062024.pdf"
"M&M","Mahindra & Mahindra Limited","Loss of Share Certificates","Mahindra & Mahindra Limited has informed the Exchange about Loss of Share Certificates","15-Jun-2024 14:54:56","2024-06-15 14:54:56","15-Jun-2024 14:54:57","00:00:01","https://nsearchives.nseindia.com/corporate/M&M_15062024145457_LossIntimation15062024.pdf"
"M&M","Mahindra & Mahindra Limited","Updates","Mahindra & Mahindra Limited has informed the Exchange regarding 'Intimation under Regulation 30 of the SEBI (Listing Obligations and Disclosure Requirements) Regulations, 2015 '.","15-Jun-2024 11:41:01","2024-06-15 11:41:01","15-Jun-2024 11:41:02","00:00:01","https://nsearchives.nseindia.com/corporate/M&M_15062024114101_SEIntimationGSTOrderimposingpenalty14June2024.pdf"
"M&M","Mahindra & Mahindra Limited","Analysts/Institutional Investor Meet/Con. Call Updates","Mahindra & Mahindra Limited has informed the Exchange about Presentation","14-Jun-2024 19:56:38","2024-06-14 19:56:38","14-Jun-2024 19:56:38","00:00:00","https://nsearchives.nseindia.com/corporate/M&M_14062024195638_Concluded14062024.pdf"
"M&M","Mahindra & Mahindra Limited","Analysts/Institutional Investor Meet/Con. Call Updates","Mahindra & Mahindra Limited has informed the Exchange about Presentation","14-Jun-2024 09:05:09","2024-06-14 09:05:09","14-Jun-2024 09:05:10","00:00:01","https://nsearchives.nseindia.com/corporate/M&M_14062024090509_AdditionalPresentation14062024.pdf"
"M&M","Mahindra & Mahindra Limited","Updates","Mahindra & Mahindra Limited has informed the Exchange regarding 'Transfer Of Equity Shares By Mahindra & Mahindra Employees' Stock Option Trust To The Stock Option Grantees'.","13-Jun-2024 20:28:35","2024-06-13 20:28:35","13-Jun-2024 20:28:36","00:00:01","https://nsearchives.nseindia.com/corporate/M&M_13062024202835_Employeeslist13062024.pdf"
"M&M","Mahindra & Mahindra Limited","Analysts/Institutional Investor Meet/Con. Call Updates","Mahindra & Mahindra Limited has informed the Exchange about Presentation","13-Jun-2024 14:44:14","2024-06-13 14:44:14","13-Jun-2024 14:44:15","00:00:01","https://nsearchives.nseindia.com/corporate/M&M_13062024144414_Concluded13062024.pdf"
"M&M","Mahindra & Mahindra Limited","Loss of Share Certificates","Mahindra & Mahindra Limited has informed the Exchange about Loss of Share Certificates","12-Jun-2024 16:58:30","2024-06-12 16:58:30","12-Jun-2024 16:58:31","00:00:01","https://nsearchives.nseindia.com/corporate/M&M_12062024165830_LossIntimation12062024.pdf"
"M&M","Mahindra & Mahindra Limited","Analysts/Institutional Investor Meet/Con. Call Updates","Mahindra & Mahindra Limited has informed the Exchange about Schedule of meet","12-Jun-2024 15:37:21","2024-06-12 15:37:21","12-Jun-2024 15:37:21","00:00:00","https://nsearchives.nseindia.com/corporate/M&M_12062024153721_AdditionalPresentation12062024.pdf"
"M&M","Mahindra & Mahindra Limited","Loss of Share Certificates","Mahindra & Mahindra Limited has informed the Exchange about Loss of Share Certificates","11-Jun-2024 20:25:22","2024-06-11 20:25:22","11-Jun-2024 20:25:22","00:00:00","https://nsearchives.nseindia.com/corporate/M&M_11062024202522_LossIntimation11062024.pdf"
"M&M","Mahindra & Mahindra Limited","Updates","Mahindra & Mahindra Limited has informed the Exchange regarding 'Report for the Month of May, 2024'.","11-Jun-2024 11:05:10","2024-06-11 11:05:10","11-Jun-2024 11:05:11","00:00:01","https://nsearchives.nseindia.com/corporate/M&M_11062024110510_MonthlyReport110624.pdf"
"M&M","Mahindra & Mahindra Limited","Analysts/Institutional Investor Meet/Con. Call Updates","Mahindra & Mahindra Limited has informed the Exchange about Schedule of meet","11-Jun-2024 10:31:05","2024-06-11 10:31:05","11-Jun-2024 10:31:06","00:00:01","https://nsearchives.nseindia.com/corporate/M&M_11062024103105_UpcomingAnalystMeet.pdf"
"M&M","Mahindra & Mahindra Limited","Updates","Mahindra & Mahindra Limited has informed the Exchange regarding 'Communication to Shareholders: Dividend for FY 2023-24 - Intimation on Tax Deduction at Source (TDS) / withholding tax on Dividend'.","10-Jun-2024 23:43:00","2024-06-10 23:43:00","10-Jun-2024 23:43:01","00:00:01","https://nsearchives.nseindia.com/corporate/M&M_10062024234300_SEIntimationTDSSigned.pdf"
"M&M","Mahindra & Mahindra Limited","Loss of Share Certificates","Mahindra & Mahindra Limited has informed the Exchange about Loss of Share Certificates","10-Jun-2024 18:59:37","2024-06-10 18:59:37","10-Jun-2024 18:59:38","00:00:01","https://nsearchives.nseindia.com/corporate/M&M_10062024185937_LossIntimation10062024.pdf"
"M&M","Mahindra & Mahindra Limited","Analysts/Institutional Investor Meet/Con. Call Updates","Mahindra & Mahindra Limited has informed the Exchange about Schedule of meet","07-Jun-2024 11:14:48","2024-06-07 11:14:48","07-Jun-2024 11:14:49","00:00:01","https://nsearchives.nseindia.com/corporate/M&M_07062024111448_UpcomingAnalystMeet07062024.pdf"
"M&M","Mahindra & Mahindra Limited","Amalgamation/Merger","Mahindra & Mahindra Limited has informed the Exchange about Effective Date of Scheme of Merger by Absorption of Mahindra Heavy Engines Limited and Mahindra Two Wheelers Limited and Trringo.com Limited with Mahindra and Mahindra Limited","06-Jun-2024 22:00:30","2024-06-06 22:00:30","06-Jun-2024 22:00:31","00:00:01","https://nsearchives.nseindia.com/corporate/M&M_06062024220031_SEIntimationSchemeofMerger.pdf"
"M&M","Mahindra & Mahindra Limited","Loss of Share Certificates","Mahindra & Mahindra Limited has informed the Exchange about Loss of Share Certificates","04-Jun-2024 20:07:30","2024-06-04 20:07:30","04-Jun-2024 20:07:31","00:00:01","https://nsearchives.nseindia.com/corporate/M&M_04062024200730_LossIntimation04062024.pdf"
"M&M","Mahindra & Mahindra Limited","Analysts/Institutional Investor Meet/Con. Call Updates","Mahindra & Mahindra Limited has informed the Exchange about Presentation","03-Jun-2024 15:42:33","2024-06-03 15:42:33","03-Jun-2024 15:42:33","00:00:00","https://nsearchives.nseindia.com/corporate/M&M_03062024154233_AdditionalPresentationBofA.pdf"
"M&M","Mahindra & Mahindra Limited","Analysts/Institutional Investor Meet/Con. Call Updates","Mahindra & Mahindra Limited has informed the Exchange about Presentation","03-Jun-2024 15:42:33","2024-06-03 15:42:33","03-Jun-2024 15:42:35","00:00:02","https://nsearchives.nseindia.com/corporate/M&M_03062024154234_ConcludedNomura03062024.pdf"
"M&M","Mahindra & Mahindra Limited","Analysts/Institutional Investor Meet/Con. Call Updates","Mahindra & Mahindra Limited has informed the Exchange about Schedule of meet","03-Jun-2024 10:23:05","2024-06-03 10:23:05","03-Jun-2024 10:23:06","00:00:01","https://nsearchives.nseindia.com/corporate/M&M_03062024102305_AdditionalPresentationBofA.pdf"
"M&M","Mahindra & Mahindra Limited","Analysts/Institutional Investor Meet/Con. Call Updates","Mahindra & Mahindra Limited has informed the Exchange about Schedule of meet","01-Jun-2024 14:45:00","2024-06-01 14:45:00","01-Jun-2024 14:45:01","00:00:01","https://nsearchives.nseindia.com/corporate/M&M_01062024144500_AdditionalPresentation01062024.pdf"
"M&M","Mahindra & Mahindra Limited","Copy of Newspaper Publication","Mahindra & Mahindra Limited has informed the Exchange about the Newspaper Advertisement for the transfer of Ordinary (Equity) Shares to IEPF","01-Jun-2024 12:36:13","2024-06-01 12:36:13","01-Jun-2024 12:36:13","00:00:00","https://nsearchives.nseindia.com/corporate/M&M_01062024123613_NewsPaperAdSEIntimation01062024.pdf"
"M&M","Mahindra & Mahindra Limited","Press Release","Mahindra & Mahindra Limited has informed the Exchange regarding a press release dated Jun 01, 2024, titled ""Two Press Releases issued by Mahindra & Mahindra Limited "".","01-Jun-2024 10:27:09","2024-06-01 10:27:09","01-Jun-2024 10:27:09","00:00:00","https://nsearchives.nseindia.com/corporate/M&M_01062024102709_June2024PRSE.pdf"
"M&M","Mahindra & Mahindra Limited","Analysts/Institutional Investor Meet/Con. Call Updates","Mahindra & Mahindra Limited has informed the Exchange about Presentation","31-May-2024 15:49:03","2024-05-31 15:49:03","31-May-2024 15:49:04","00:00:01","https://nsearchives.nseindia.com/corporate/M&M_31052024154904_Concluded31052024.pdf"
"M&M","Mahindra & Mahindra Limited","Analysts/Institutional Investor Meet/Con. Call Updates","Mahindra & Mahindra Limited has informed the Exchange about Schedule of meet","29-May-2024 20:57:53","2024-05-29 20:57:53","29-May-2024 20:57:55","00:00:02","https://nsearchives.nseindia.com/corporate/M&M_29052024205754_UpcomingAnalystMeet29052024.pdf"
"M&M","Mahindra & Mahindra Limited","Analysts/Institutional Investor Meet/Con. Call Updates","Mahindra & Mahindra Limited has informed the Exchange about Presentation","29-May-2024 20:56:07","2024-05-29 20:56:07","29-May-2024 20:56:07","00:00:00","https://nsearchives.nseindia.com/corporate/M&M_29052024205607_Concluded29052024.pdf"
"M&M","Mahindra & Mahindra Limited","Loss of Share Certificates","Mahindra & Mahindra Limited has informed the Exchange about Loss of Share Certificates","29-May-2024 17:57:54","2024-05-29 17:57:54","29-May-2024 17:57:55","00:00:01","https://nsearchives.nseindia.com/corporate/M&M_29052024175754_LossIntimation29052024.pdf"
"M&M","Mahindra & Mahindra Limited","Updates","Mahindra & Mahindra Limited has informed the Exchange regarding 'Intimation under Regulation 30 of the SEBI (Listing Obligations and Disclosure Requirements) Regulations, 2015 '.","28-May-2024 17:32:43","2024-05-28 17:32:43","28-May-2024 17:32:44","00:00:01","https://nsearchives.nseindia.com/corporate/M&M_28052024173243_SEIntimationGSTOrderimposingpenalty28May2024.pdf"
"M&M","Mahindra & Mahindra Limited","Analysts/Institutional Investor Meet/Con. Call Updates","Mahindra & Mahindra Limited has informed the Exchange about Schedule of meet","24-May-2024 16:49:37","2024-05-24 16:49:37","24-May-2024 16:49:38","00:00:01","https://nsearchives.nseindia.com/corporate/M&M_24052024164937_UpcomingAnalystMeet2024.pdf"
"M&M","Mahindra & Mahindra Limited","Disclosure under SEBI Takeover Regulations","Anand Mahindra has Submitted to the Exchange a copy of Disclosure under Regulation 31(4) of the Securities and Exchange Board of India (Substantial Acquisition of Shares and Takeovers) Regulations, 2011.","23-May-2024 15:22:22","2024-05-23 15:22:22","23-May-2024 15:22:23","00:00:01","https://nsearchives.nseindia.com/corporate/M&M_23052024152222_MM.pdf"
"M&M","Mahindra & Mahindra Limited","Updates","Mahindra & Mahindra Limited has informed the Exchange regarding 'Transfer Of Equity Shares By Mahindra & Mahindra Employees' Stock Option Trust To The Stock Option Grantees'.","22-May-2024 20:02:46","2024-05-22 20:02:46","22-May-2024 20:02:47","00:00:01","https://nsearchives.nseindia.com/corporate/M&M_22052024200246_Employeeslist22052024.pdf"
"M&M","Mahindra & Mahindra Limited","Analysts/Institutional Investor Meet/Con. Call Updates","Mahindra & Mahindra Limited has informed the Exchange about Transcript","22-May-2024 18:24:35","2024-05-22 18:24:35","22-May-2024 18:24:35","00:00:00","https://nsearchives.nseindia.com/corporate/M&M_22052024182435_SEIntimationTranscriptofAnalystMeet.pdf"
"M&M","Mahindra & Mahindra Limited","Updates","Mahindra & Mahindra Limited has informed the Exchange regarding 'Intimation under Regulation 30 of the SEBI (Listing Obligations and Disclosure Requirements) Regulations, 2015'.","21-May-2024 21:59:59","2024-05-21 21:59:59","21-May-2024 22:00:00","00:00:01","https://nsearchives.nseindia.com/corporate/M&M_21052024215959_SEIntimationCustomsOrderimposingpenalty21May2024.pdf"
"M&M","Mahindra & Mahindra Limited","Loss of Share Certificates","Mahindra & Mahindra Limited has informed the Exchange about Loss of Share Certificates","18-May-2024 17:14:53","2024-05-18 17:14:53","18-May-2024 17:15:00","00:00:07","https://nsearchives.nseindia.com/corporate/M&M_18052024171453_Lossintimation18052024.pdf"
"M&M","Mahindra & Mahindra Limited","Loss of Share Certificates","Mahindra & Mahindra Limited has informed the Exchange about Loss of Share Certificates","17-May-2024 19:42:05","2024-05-17 19:42:05","17-May-2024 19:42:09","00:00:04","https://nsearchives.nseindia.com/corporate/M&M_17052024194205_LossIntimation17052024.pdf"
"M&M","Mahindra & Mahindra Limited","Copy of Newspaper Publication","Mahindra & Mahindra Limited has informed the Exchange about Copy of Newspaper Publication","17-May-2024 10:40:19","2024-05-17 10:40:19","17-May-2024 10:40:24","00:00:05","https://nsearchives.nseindia.com/corporate/M&M_17052024104019_SEIntimationenclosingNewspaperPublication17thMay2024.pdf"
"M&M","Mahindra & Mahindra Limited","Analysts/Institutional Investor Meet/Con. Call Updates","Mahindra & Mahindra Limited has informed the Exchange about Presentation","16-May-2024 22:31:47","2024-05-16 22:31:47","16-May-2024 22:31:51","00:00:04","https://nsearchives.nseindia.com/corporate/M&M_16052024223147_SEIntimationPostAnalystMeetwithPresentationandAVLink16thMay24.pdf"
"M&M","Mahindra & Mahindra Limited","Related Party Transactions","Mahindra & Mahindra Limited has informed the Exchange about related Party Transactions","16-May-2024 16:55:25","2024-05-16 16:55:25","16-May-2024 16:55:30","00:00:05","https://nsearchives.nseindia.com/corporate/M&M_16052024165525_SEIntimationforRPTHYDisclosure16thMay2024.pdf"
"M&M","Mahindra & Mahindra Limited","Press Release","Mahindra & Mahindra Limited has informed the Exchange regarding a press release dated May 16, 2024, titled ""Q4 FY 24"".","16-May-2024 14:34:27","2024-05-16 14:34:27","16-May-2024 14:34:32","00:00:05","https://nsearchives.nseindia.com/corporate/M&M_16052024143427_SEIntimationenclosingPresentationbeingmadetoPressandAnalyst16thMay2024.pdf"
"M&M","Mahindra & Mahindra Limited","Acquisition","Mahindra & Mahindra Limited has informed the Exchange about Proposed investments in Mahindra Electric Automobile Limited, a subsidiary of the Company","16-May-2024 14:14:26","2024-05-16 14:14:26","16-May-2024 14:14:31","00:00:05","https://nsearchives.nseindia.com/corporate/M&M_16052024141426_SEIntimationforInvestmentinMEALandBIIExtension16thMay2024.pdf"
"M&M","Mahindra & Mahindra Limited","Book Closure","Mahindra & Mahindra Limited has informed the Exchange that Register of Members & Share Transfer Books of the Company will remain closed from 06-Jul-2024 to 31-Jul-2024 for the purpose of Dividend.","16-May-2024 14:06:01","2024-05-16 14:06:01","16-May-2024 14:06:07","00:00:06","https://nsearchives.nseindia.com/corporate/M&M_16052024140602_SEintimationsDividendandBookclosure.pdf"
"M&M","Mahindra & Mahindra Limited","Declaration for audit reports with unmodified opinion(s)","Mahindra & Mahindra Limited has informed the Exchange about Declaration for audit reports with unmodified opinion(s)","16-May-2024 14:05:27","2024-05-16 14:05:27","16-May-2024 14:05:32","00:00:05","https://nsearchives.nseindia.com/corporate/M&M_16052024140527_SEintimationBMoutcomeunmodifiedopinion.pdf"
"M&M","Mahindra & Mahindra Limited","Change in Director(s)","Mahindra & Mahindra Limited has informed the Exchange regarding Change in Director(s) of the company.","16-May-2024 14:03:53","2024-05-16 14:03:53","16-May-2024 14:04:01","00:00:08","https://nsearchives.nseindia.com/corporate/M&M_16052024140353_SEBMoutcomedirectorsreappointment.pdf"
"M&M","Mahindra & Mahindra Limited","Outcome of Board Meeting","Mahindra & Mahindra Limited has informed the Exchange regarding Outcome of Board Meeting held on May 16, 2024.","16-May-2024 14:03:45","2024-05-16 14:03:45","16-May-2024 14:03:52","00:00:07","https://nsearchives.nseindia.com/corporate/M&M_16052024140345_SEIntimationOutcomeofBoardMeetingforFinResultsDivAGM16thMay2024.pdf"
"M&M","Mahindra & Mahindra Limited","Outcome of Board Meeting","Mahindra & Mahindra Limited has informed the Exchange regarding  Board meeting held on May 16, 2024 - Re-appointment of Directors","16-May-2024 14:01:39","2024-05-16 14:01:39","16-May-2024 14:01:45","00:00:06","https://nsearchives.nseindia.com/corporate/M&M_16052024140139_SEBMoutcomedirectorsreappointment.pdf"
"M&M","Mahindra & Mahindra Limited","Press Release","Mahindra & Mahindra Limited has informed the Exchange regarding a press release dated May 16, 2024, titled ""Press Release on Audited Standalone and Consolidated Financial Results of the Company for the Fourth Quarter and Year ended 31st March, 2024"".","16-May-2024 14:00:03","2024-05-16 14:00:03","16-May-2024 14:00:11","00:00:08","https://nsearchives.nseindia.com/corporate/M&M_16052024140003_SEintimationPR.pdf"
"M&M","Mahindra & Mahindra Limited","Dividend","Mahindra & Mahindra Limited has informed the Exchange that Board of Directors at its meeting held on May 16, 2024, recommended Final Dividend of 21.10 per equity share.","16-May-2024 13:59:12","2024-05-16 13:59:12","16-May-2024 13:59:17","00:00:05","https://nsearchives.nseindia.com/corporate/M&M_16052024135912_SEIntimationOutcomeofBoardMeetingforFinResultsDivAGM16thMay2024.pdf"
"M&M","Mahindra & Mahindra Limited","Financial Result Updates","Mahindra & Mahindra Limited has submitted to the Exchange, the financial results for the period ended March 31, 2024.","16-May-2024 13:57:29","2024-05-16 13:57:29","16-May-2024 13:57:33","00:00:04","https://nsearchives.nseindia.com/corporate/SEIntimationOutcomeofBoardMeetingforFinResultsDivAGM16thMay2024_16052024135729.pdf"
"M&M","Mahindra & Mahindra Limited","Amalgamation/Merger","Mahindra & Mahindra Limited has informed the Exchange about receipt of Certified Copy of Order passed by Hon ble National Company Law Tribunal, Mumbai Bench approving the Scheme of Merger by Absorption of Mahindra Heavy Engines Limited and Mahindra Two Wheelers Limited and Trringo.com Limited with Mahindra and Mahindra Limited and their respective shareholders","15-May-2024 20:45:49","2024-05-15 20:45:49","15-May-2024 20:45:54","00:00:05","https://nsearchives.nseindia.com/corporate/M&M_15052024204550_SEintimationcertifiedcopyoforder.pdf"
"M&M","Mahindra & Mahindra Limited","Press Release","Mahindra & Mahindra Limited has informed the Exchange regarding a press release dated May 15, 2024, titled ""Mahindra XUV 3XO Registers over 50,000 Bookings within 60 minutes"".","15-May-2024 16:58:10","2024-05-15 16:58:10","15-May-2024 16:58:22","00:00:12","https://nsearchives.nseindia.com/corporate/M&M_15052024165810_PRMahindraXUV3XOregistersover50000bookingswithin60minutes.pdf"
"M&M","Mahindra & Mahindra Limited","Updates","Mahindra & Mahindra Limited has informed the Exchange regarding 'Intimation under Regulation 30 of the SEBI (Listing Obligations and Disclosure Requirements) Regulations, 2015'.","15-May-2024 12:00:53","2024-05-15 12:00:53","15-May-2024 12:01:02","00:00:09","https://nsearchives.nseindia.com/corporate/M&M_15052024120053_SEIntimationGSTOrderimposingpenalty15May2024.pdf"
"M&M","Mahindra & Mahindra Limited","Updates","Mahindra & Mahindra Limited has informed the Exchange regarding 'Transfer Of Equity Shares By Mahindra & Mahindra Employees' Stock Option Trust To The Stock Option Grantees'.","14-May-2024 19:39:22","2024-05-14 19:39:22","14-May-2024 19:39:29","00:00:07","https://nsearchives.nseindia.com/corporate/M&M_14052024193922_Employeelist14052024.pdf"
"M&M","Mahindra & Mahindra Limited","Updates","Mahindra & Mahindra Limited has informed the Exchange regarding 'Sale of entire 30.83% stake held in New Delhi Centre for Sight Limited by Mahindra Holdings Limited, a Wholly-Owned Subsidiary of the Company'.","14-May-2024 16:11:35","2024-05-14 16:11:35","14-May-2024 16:11:40","00:00:05","https://nsearchives.nseindia.com/corporate/M&M_14052024161135_SEintimationNDCFSF.pdf"
"M&M","Mahindra & Mahindra Limited","Updates","Mahindra & Mahindra Limited has informed the Exchange regarding 'Report for the Month of April, 2024'.","13-May-2024 11:23:58","2024-05-13 11:23:58","13-May-2024 11:24:02","00:00:04","https://nsearchives.nseindia.com/corporate/M&M_13052024112358_MonthlyReport13052024.pdf"
"M&M","Mahindra & Mahindra Limited","Loss of Share Certificates","Mahindra & Mahindra Limited has informed the Exchange about Loss of Share Certificates","11-May-2024 22:40:27","2024-05-11 22:40:27","11-May-2024 22:40:42","00:00:15","https://nsearchives.nseindia.com/corporate/M&M_11052024224027_Intimationofissueofduplicatesharecertificate11052024Signed.pdf"
"M&M","Mahindra & Mahindra Limited","Analysts/Institutional Investor Meet/Con. Call Updates","Mahindra & Mahindra Limited has informed the Exchange about Schedule of meet","10-May-2024 16:53:54","2024-05-10 16:53:54","10-May-2024 16:54:03","00:00:09","https://nsearchives.nseindia.com/corporate/M&M_10052024165354_UpcomingAnalystMeetQ4F24.pdf"
"M&M","Mahindra & Mahindra Limited","Loss of Share Certificates","Mahindra & Mahindra Limited has informed the Exchange about Loss of Share Certificates","07-May-2024 20:47:07","2024-05-07 20:47:07","07-May-2024 20:47:12","00:00:05","https://nsearchives.nseindia.com/corporate/M&M_07052024204707_LossIntimation07052024.pdf"
"M&M","Mahindra & Mahindra Limited","Analysts/Institutional Investor Meet/Con. Call Updates","Mahindra & Mahindra Limited has informed the Exchange about Presentation","07-May-2024 19:24:53","2024-05-07 19:24:53","07-May-2024 19:24:57","00:00:04","https://nsearchives.nseindia.com/corporate/M&M_07052024192453_Concluded07052024.pdf"
"M&M","Mahindra & Mahindra Limited","Scheme of Arrangement","Mahindra & Mahindra Limited has informed the Exchange about Update on the Scheme of Merger by Absorption of Mahindra Heavy Engines Limited  and Mahindra Two Wheelers Limited and Trringo.com Limited with Mahindra and Mahindra Limited and their respective Shareholders","07-May-2024 17:28:18","2024-05-07 17:28:18","07-May-2024 17:28:23","00:00:05","https://nsearchives.nseindia.com/corporate/M&M_07052024172818_SEintimationpronouncementofmergerorder.pdf"
"M&M","Mahindra & Mahindra Limited","Analysts/Institutional Investor Meet/Con. Call Updates","Mahindra & Mahindra Limited has informed the Exchange about Presentation","07-May-2024 00:06:38","2024-05-07 00:06:38","07-May-2024 00:06:43","00:00:05","https://nsearchives.nseindia.com/corporate/M&M_07052024000638_ConcludedNDR06052024.pdf"
"M&M","Mahindra & Mahindra Limited","Acquisition","Mahindra & Mahindra Limited has informed the Exchange about Acquisition - Incorporation of a New Step-Down Subsidiary Companies","06-May-2024 22:52:39","2024-05-06 22:52:39","06-May-2024 22:52:44","00:00:05","https://nsearchives.nseindia.com/corporate/M&M_06052024225239_SEIntimationonIncorporationofSubsidiariesofMSPLMay2024F.pdf"
"M&M","Mahindra & Mahindra Limited","Press Release","Mahindra & Mahindra Limited has informed the Exchange regarding a press release dated May 03, 2024, titled ""M&M Leads the Indian auto-pack with record-breaking 674 patents in FY24"".","03-May-2024 09:54:56","2024-05-03 09:54:56","03-May-2024 09:55:01","00:00:05","https://nsearchives.nseindia.com/corporate/M&M_03052024095456_MandMLeadstheIndianautopackwithrecordbreaking674patentsinFY2403052024.pdf"
"M&M","Mahindra & Mahindra Limited","Analysts/Institutional Investor Meet/Con. Call Updates","Mahindra & Mahindra Limited has informed the Exchange about Schedule of meet and Presentation","02-May-2024 17:30:15","2024-05-02 17:30:15","02-May-2024 17:30:20","00:00:05","https://nsearchives.nseindia.com/corporate/M&M_02052024173015_AdditionalPresentationNDR.pdf"
"M&M","Mahindra & Mahindra Limited","Loss of Share Certificates","Mahindra & Mahindra Limited has informed the Exchange about Loss of Share Certificates","02-May-2024 16:04:51","2024-05-02 16:04:51","02-May-2024 16:04:55","00:00:04","https://nsearchives.nseindia.com/corporate/M&M_02052024160451_LossIntimation02052024.pdf"
"M&M","Mahindra & Mahindra Limited","Press Release","Mahindra & Mahindra Limited has informed the Exchange regarding a press release dated May 02, 2024, titled ""Two Press Releases issued by Mahindra & Mahindra Limited "".","02-May-2024 09:51:38","2024-05-02 09:51:38","02-May-2024 09:51:44","00:00:06","https://nsearchives.nseindia.com/corporate/M&M_02052024095138_May2024PRSE.pdf"
"M&M","Mahindra & Mahindra Limited","Updates","Mahindra & Mahindra Limited has informed the Exchange regarding 'Intimation under Regulation 30 of the SEBI (Listing Obligations and Disclosure Requirements) Regulations, 2015 '.","01-May-2024 13:34:45","2024-05-01 13:34:45","01-May-2024 13:34:50","00:00:05","https://nsearchives.nseindia.com/corporate/M&M_01052024133445_SEIntimationGSTOrderimposingpenalty01May2024.pdf"
"M&M","Mahindra & Mahindra Limited","Updates","Mahindra & Mahindra Limited has informed the Exchange regarding ' Intimation under Regulation 30 of the SEBI (Listing Obligations and Disclosure Requirements) Regulations, 2015 '.","30-Apr-2024 23:27:20","2024-04-30 23:27:20","30-Apr-2024 23:27:25","00:00:05","https://nsearchives.nseindia.com/corporate/M&M_30042024232720_SEIntimationGSTOrderimposingpenalty30April2024.pdf"
"M&M","Mahindra & Mahindra Limited","Loss of Share Certificates","Mahindra & Mahindra Limited has informed the Exchange about Loss of Share Certificates","30-Apr-2024 20:27:41","2024-04-30 20:27:41","30-Apr-2024 20:27:45","00:00:04","https://nsearchives.nseindia.com/corporate/M&M_30042024202741_Lossintimation30042024.pdf"
"M&M","Mahindra & Mahindra Limited","Analysts/Institutional Investor Meet/Con. Call Updates","Mahindra & Mahindra Limited has informed the Exchange about Schedule of meet","30-Apr-2024 20:09:09","2024-04-30 20:09:09","30-Apr-2024 20:09:14","00:00:05","https://nsearchives.nseindia.com/corporate/M&M_30042024200909_UpcomingAnalystMeet30042024.pdf"
"M&M","Mahindra & Mahindra Limited","Updates","Mahindra & Mahindra Limited has informed the Exchange regarding 'Intimation under Regulation 30 of the SEBI (Listing Obligations and Disclosure Requirements) Regulations, 2015 '.","30-Apr-2024 13:01:53","2024-04-30 13:01:53","30-Apr-2024 13:01:59","00:00:06","https://nsearchives.nseindia.com/corporate/M&M_30042024130153_SEIntimationGSTOrderimposingpenalty30April2024.pdf"
"M&M","Mahindra & Mahindra Limited","Updates","Mahindra & Mahindra Limited has informed the Exchange regarding 'Intimation under Regulation 30 of the SEBI (Listing Obligations and Disclosure Requirements) Regulations, 2015'.","29-Apr-2024 23:09:14","2024-04-29 23:09:14","29-Apr-2024 23:09:20","00:00:06","https://nsearchives.nseindia.com/corporate/M&M_29042024230914_SEIntimationGSTOrderimposingpenalty29April2024.pdf"
"M&M","Mahindra & Mahindra Limited","Press Release","Mahindra & Mahindra Limited has informed the Exchange regarding a press release dated April 29, 2024, titled ""Updated Press Release and Presentation - Launch of XUV 3XO Compact SUV"".","29-Apr-2024 18:37:36","2024-04-29 18:37:36","29-Apr-2024 18:37:43","00:00:07","https://nsearchives.nseindia.com/corporate/M&M_29042024183736_UpdatedPRandPresentationmadeattheLaunchEventofXUV3XOCompactSUV.pdf"
"M&M","Mahindra & Mahindra Limited","Updates","Mahindra & Mahindra Limited has informed the Exchange regarding 'Intimation under Regulation 30 of the SEBI (Listing Obligations and Disclosure Requirements) Regulations, 2015 '.","29-Apr-2024 18:20:43","2024-04-29 18:20:43","29-Apr-2024 18:20:56","00:00:13","https://nsearchives.nseindia.com/corporate/M&M_29042024182043_SEIntimationGSTOrderimposingpenalty29April2024.pdf"
"M&M","Mahindra & Mahindra Limited","Press Release","Mahindra & Mahindra Limited has informed the Exchange regarding a press release dated April 29, 2024, titled ""Mahindra launches the XUV 3XO   the  New Disruptor  in compact SUVs; Prices start at &#8377; 7.49 Lakh"".","29-Apr-2024 17:30:40","2024-04-29 17:30:40","29-Apr-2024 17:30:52","00:00:12","https://nsearchives.nseindia.com/corporate/M&M_29042024173040_SEIntimationLaunchofVehicleXUV3XOCompactSUVwithPR29thApril2024.pdf"
"M&M","Mahindra & Mahindra Limited","Updates","Mahindra & Mahindra Limited has informed the Exchange regarding 'Intimation under Regulation 30 of the SEBI (Listing Obligations and Disclosure Requirements) Regulations, 2015 '.","28-Apr-2024 16:18:51","2024-04-28 16:18:51","28-Apr-2024 16:18:55","00:00:04","https://nsearchives.nseindia.com/corporate/M&M_28042024161851_SEIntimationGSTOrderimposingpenalty28April2024.pdf"
"M&M","Mahindra & Mahindra Limited","Updates","Mahindra & Mahindra Limited has informed the Exchange regarding 'Intimation under Regulation 30 of the SEBI (Listing Obligations and Disclosure Requirements) Regulations, 2015 '.","26-Apr-2024 20:01:45","2024-04-26 20:01:45","26-Apr-2024 20:01:53","00:00:08","https://nsearchives.nseindia.com/corporate/M&M_26042024200146_SEIntimationGSTOrderimposingpenalty26April2024.pdf"
"M&M","Mahindra & Mahindra Limited","Loss of Share Certificates","Mahindra & Mahindra Limited has informed the Exchange about Loss of Share Certificates","26-Apr-2024 17:52:44","2024-04-26 17:52:44","26-Apr-2024 17:52:49","00:00:05","https://nsearchives.nseindia.com/corporate/M&M_26042024175244_LossIntimation26042024.pdf"
"M&M","Mahindra & Mahindra Limited","Loss of Share Certificates","Mahindra & Mahindra Limited has informed the Exchange about Loss of Share Certificates","25-Apr-2024 19:40:42","2024-04-25 19:40:42","25-Apr-2024 19:40:47","00:00:05","https://nsearchives.nseindia.com/corporate/M&M_25042024194042_SEIntimationDuplicate25042024.pdf"
"M&M","Mahindra & Mahindra Limited","Updates","Mahindra & Mahindra Limited has informed the Exchange regarding 'Intimation under Regulation 30 of the SEBI (Listing Obligations and Disclosure Requirements) Regulations, 2015 '.","25-Apr-2024 16:36:01","2024-04-25 16:36:01","25-Apr-2024 16:36:08","00:00:07","https://nsearchives.nseindia.com/corporate/M&M_25042024163601_SEIntimationGSTOrderimposingpenalty25April2024.pdf"
"M&M","Mahindra & Mahindra Limited","Updates","Mahindra & Mahindra Limited has informed the Exchange regarding 'Transfer Of Equity Shares By Mahindra & Mahindra Employees' Stock Option Trust To The Stock Option Grantees'.","24-Apr-2024 19:48:16","2024-04-24 19:48:16","24-Apr-2024 19:48:23","00:00:07","https://nsearchives.nseindia.com/corporate/M&M_24042024194816_Employeelist24042024.pdf"
"M&M","Mahindra & Mahindra Limited","Loss of Share Certificates","Mahindra & Mahindra Limited has informed the Exchange about Loss of Share Certificates","18-Apr-2024 19:36:18","2024-04-18 19:36:18","18-Apr-2024 19:36:26","00:00:08","https://nsearchives.nseindia.com/corporate/M&M_18042024193618_LossIntimation18042024.pdf"
"M&M","Mahindra & Mahindra Limited","Certificate under SEBI (Depositories and Participants) Regulations, 2018","Mahindra & Mahindra Limited has informed the Exchange about Certificate under SEBI (Depositories and Participants) Regulations, 2018","17-Apr-2024 20:37:41","2024-04-17 20:37:41","17-Apr-2024 20:37:48","00:00:07","https://nsearchives.nseindia.com/corporate/M&M_17042024203741_SEIntimationCertificateunderRegulation74_5_31March2024.pdf"
"M&M","Mahindra & Mahindra Limited","Loss of Share Certificates","Mahindra & Mahindra Limited has informed the Exchange about Loss of Share Certificates","16-Apr-2024 22:50:10","2024-04-16 22:50:10","16-Apr-2024 22:50:16","00:00:06","https://nsearchives.nseindia.com/corporate/M&M_16042024225011_lossintimation16042024.pdf"
"M&M","Mahindra & Mahindra Limited","Loss of Share Certificates","Mahindra & Mahindra Limited has informed the Exchange about Loss of Share Certificates","15-Apr-2024 22:28:54","2024-04-15 22:28:54","15-Apr-2024 22:29:01","00:00:07","https://nsearchives.nseindia.com/corporate/M&M_15042024222854_lossintimation15042024.pdf"
"M&M","Mahindra & Mahindra Limited","Acquisition","Mahindra & Mahindra Limited has informed the Exchange about Acquisition under Regulation 30 read with Schedule III of SEBI (Listing Obligations and Disclosure Requirements) Regulations, 2015","15-Apr-2024 13:24:45","2024-04-15 13:24:45","15-Apr-2024 13:24:50","00:00:05","https://nsearchives.nseindia.com/corporate/M&M_15042024132445_SEIntimationforacquisitionofstakeinGelos.pdf"
"M&M","Mahindra & Mahindra Limited","Updates","Mahindra & Mahindra Limited has informed the Exchange regarding 'Intimation under Regulation 30 of the SEBI (Listing Obligations and DisclosureRequirements) Regulations, 2015'.","15-Apr-2024 12:27:26","2024-04-15 12:27:26","15-Apr-2024 12:27:33","00:00:07","https://nsearchives.nseindia.com/corporate/M&M_15042024122726_SEIntimationAppealFiledbyITDepartmentinhighcourt15April2024.pdf"
"M&M","Mahindra & Mahindra Limited","Updates","Mahindra & Mahindra Limited has informed the Exchange regarding 'Order received from Punjab Pollution Control Board'.","11-Apr-2024 12:35:44","2024-04-11 12:35:44","11-Apr-2024 12:35:51","00:00:07","https://nsearchives.nseindia.com/corporate/M&M_11042024123544_SEIntimationPPCBOrderimposingpenalty11April2024.pdf"
"M&M","Mahindra & Mahindra Limited","Loss of Share Certificates","Mahindra & Mahindra Limited has informed the Exchange about Loss of Share Certificates","04-Apr-2024 20:20:06","2024-04-04 20:20:06","04-Apr-2024 20:20:11","00:00:05","https://nsearchives.nseindia.com/corporate/M&M_04042024202007_lossintimation04042024.pdf"
"M&M","Mahindra & Mahindra Limited","Loss of Share Certificates","Mahindra & Mahindra Limited has informed the Exchange about Loss of Share Certificates","02-Apr-2024 19:34:04","2024-04-02 19:34:04","02-Apr-2024 19:34:08","00:00:04","https://nsearchives.nseindia.com/corporate/M&M_02042024193404_lossintimation02042024.pdf"
"M&M","Mahindra & Mahindra Limited","Press Release","Mahindra & Mahindra Limited has informed the Exchange regarding a press release dated April 01, 2024, titled ""Two Press Releases issued by Mahindra & Mahindra Limited "".","01-Apr-2024 10:50:59","2024-04-01 10:50:59","01-Apr-2024 10:51:05","00:00:06","https://nsearchives.nseindia.com/corporate/M&M_01042024105059_April2024PRSE.pdf"
"M&M","Mahindra & Mahindra Limited","Restructuring","Mahindra & Mahindra Limited has informed the Exchange about Restructuring","31-Mar-2024 18:34:28","2024-03-31 18:34:28","31-Mar-2024 18:34:34","00:00:06","https://nsearchives.nseindia.com/corporate/M&M_31032024183428_MHRILKaariwithHCR310324.pdf"
"M&M","Mahindra & Mahindra Limited","Amalgamation/Merger","Mahindra & Mahindra Limited has informed the Exchange about Cessation of Mahindra North American Technical Center, Inc., as a subsidiary of the Company upon completion of Merger with Mahindra Automotive North America Inc. effective 1st April, 2024","29-Mar-2024 08:20:03","2024-03-29 08:20:03","29-Mar-2024 08:20:08","00:00:05","https://nsearchives.nseindia.com/corporate/M&M_29032024082003_SEIntimationMergerofMNATCwithMANAMarch2024.pdf"
"M&M","Mahindra & Mahindra Limited","Updates","Mahindra & Mahindra Limited has informed the Exchange regarding 'Transfer Of Equity Shares By Mahindra & Mahindra Employees'' Stock Option Trust To The Stock Option Grantee'.","28-Mar-2024 18:35:46","2024-03-28 18:35:46","28-Mar-2024 18:35:52","00:00:06","https://nsearchives.nseindia.com/corporate/M&M_28032024183546_EMPLOYEESLIST28032024.pdf"
"M&M","Mahindra & Mahindra Limited","Updates","Mahindra & Mahindra Limited has informed the Exchange regarding 'Intimation by Mahindra Logistics Limited, a listed subsidiary of the Company, under Regulation30 of the Securities and Exchange Board of India (Listing Obligations and DisclosureRequirements) Regulations, 2015'.","28-Mar-2024 16:50:33","2024-03-28 16:50:33","28-Mar-2024 16:50:46","00:00:13","https://nsearchives.nseindia.com/corporate/M&M_28032024165033_SEIntimationMergerofVASPLandVFSPLwithMMPLMarch2024.pdf"
"M&M","Mahindra & Mahindra Limited","Updates","Mahindra & Mahindra Limited has informed the Exchange regarding 'Cessation of Non-Operating subsidiary Mahindra Mexico S. De. R. L.'.","28-Mar-2024 13:06:40","2024-03-28 13:06:40","28-Mar-2024 13:06:47","00:00:07","https://nsearchives.nseindia.com/corporate/M&M_28032024130641_SEIntimationLiquidationofMahindraMexicoMarch2024.pdf"
"M&M","Mahindra & Mahindra Limited","Analysts/Institutional Investor Meet/Con. Call Updates","Mahindra & Mahindra Limited has informed the Exchange about Presentation","27-Mar-2024 14:18:27","2024-03-27 14:18:27","27-Mar-2024 14:18:33","00:00:06","https://nsearchives.nseindia.com/corporate/M&M_27032024141827_ConcludedNDR27032024.pdf"
"M&M","Mahindra & Mahindra Limited","Analysts/Institutional Investor Meet/Con. Call Updates","Mahindra & Mahindra Limited has informed the Exchange about Schedule of meet and Presentation","22-Mar-2024 19:22:07","2024-03-22 19:22:07","22-Mar-2024 19:22:14","00:00:07","https://nsearchives.nseindia.com/corporate/M&M_22032024192207_AdditionalPresentationNDR220324.pdf"
"M&M","Mahindra & Mahindra Limited","Loss of Share Certificates","Mahindra & Mahindra Limited has informed the Exchange about Loss of Share Certificates","22-Mar-2024 18:24:17","2024-03-22 18:24:17","22-Mar-2024 18:24:29","00:00:12","https://nsearchives.nseindia.com/corporate/M&M_22032024182417_Lossintimation22032024.pdf"
"M&M","Mahindra & Mahindra Limited","Updates","Mahindra & Mahindra Limited has informed the Exchange regarding 'Transfer Of Equity Shares By Mahindra & Mahindra Employees' Stock Option Trust To The Stock Option Grantees'.","22-Mar-2024 18:02:30","2024-03-22 18:02:30","22-Mar-2024 18:02:38","00:00:08","https://nsearchives.nseindia.com/corporate/M&M_22032024180230_Employeeslist22032024.pdf"
"M&M","Mahindra & Mahindra Limited","Copy of Newspaper Publication","Mahindra & Mahindra Limited has informed the Exchange about Newspaper Advertisement of Notice of Hearing of the Company Scheme Petition per the directions of the Divisional Bench of the National Company Law Tribunal at Mumbai","20-Mar-2024 16:49:51","2024-03-20 16:49:51","20-Mar-2024 16:49:57","00:00:06","https://nsearchives.nseindia.com/corporate/M&M_20032024164951_SEIntimationfinalhearingpublicadvt20032024.pdf"
"M&M","Mahindra & Mahindra Limited","Analysts/Institutional Investor Meet/Con. Call Updates","Mahindra & Mahindra Limited has informed the Exchange about Schedule of meet","19-Mar-2024 20:24:17","2024-03-19 20:24:17","19-Mar-2024 20:24:24","00:00:07","https://nsearchives.nseindia.com/corporate/M&M_19032024202417_UpcomingAnalystMeet19032024.pdf"
"M&M","Mahindra & Mahindra Limited","Updates","Mahindra & Mahindra Limited has informed the Exchange regarding 'Transfer Of Equity Shares By Mahindra & Mahindra Employees' Stock Option Trust To The Stock Option Grantees'.","14-Mar-2024 20:16:06","2024-03-14 20:16:06","14-Mar-2024 20:16:14","00:00:08","https://nsearchives.nseindia.com/corporate/M&M_14032024201606_Employeeslist.pdf"
"M&M","Mahindra & Mahindra Limited","Analysts/Institutional Investor Meet/Con. Call Updates","Mahindra & Mahindra Limited has informed the Exchange about Presentation","12-Mar-2024 22:13:56","2024-03-12 22:13:56","12-Mar-2024 22:14:01","00:00:05","https://nsearchives.nseindia.com/corporate/M&M_12032024221356_Concluded12032024.pdf"
"M&M","Mahindra & Mahindra Limited","Loss of Share Certificates","Mahindra & Mahindra Limited has informed the Exchange about Loss of Share Certificates","12-Mar-2024 20:16:45","2024-03-12 20:16:45","12-Mar-2024 20:16:51","00:00:06","https://nsearchives.nseindia.com/corporate/M&M_12032024201645_Intimation.pdf"
"M&M","Mahindra & Mahindra Limited","Analysts/Institutional Investor Meet/Con. Call Updates","Mahindra & Mahindra Limited has informed the Exchange about Presentation","11-Mar-2024 17:13:41","2024-03-11 17:13:41","11-Mar-2024 17:13:45","00:00:04","https://nsearchives.nseindia.com/corporate/M&M_11032024171341_Concluded11032024.pdf"
"M&M","Mahindra & Mahindra Limited","Updates","Mahindra & Mahindra Limited has informed the Exchange regarding 'Report for the Month of February, 2024'.","11-Mar-2024 16:43:54","2024-03-11 16:43:54","11-Mar-2024 16:44:01","00:00:07","https://nsearchives.nseindia.com/corporate/M&M_11032024164354_MonthlyReport11032024.pdf"
"M&M","Mahindra & Mahindra Limited","Updates","Mahindra & Mahindra Limited has informed the Exchange regarding 'Clarification on News item'.","06-Mar-2024 20:43:48","2024-03-06 20:43:48","06-Mar-2024 20:43:54","00:00:06","https://nsearchives.nseindia.com/corporate/M&M_06032024204348_ClarificationonMediaReportaboutsaleofsharesbyPMSL6thMarch2024.pdf"
"M&M","Mahindra & Mahindra Limited","Analysts/Institutional Investor Meet/Con. Call Updates","Mahindra & Mahindra Limited has informed the Exchange about Schedule of meet","06-Mar-2024 15:20:12","2024-03-06 15:20:12","06-Mar-2024 15:20:18","00:00:06","https://nsearchives.nseindia.com/corporate/M&M_06032024152012_UpcomingAnalystMeet06032024.pdf"
"M&M","Mahindra & Mahindra Limited","Loss of Share Certificates","Mahindra & Mahindra Limited has informed the Exchange about Loss of Share Certificates","05-Mar-2024 16:11:46","2024-03-05 16:11:46","05-Mar-2024 16:11:52","00:00:06","https://nsearchives.nseindia.com/corporate/M&M_05032024161147_lossintimation05032024.pdf"
"M&M","Mahindra & Mahindra Limited","Loss of Share Certificates","Mahindra & Mahindra Limited has informed the Exchange about Loss of Share Certificates","04-Mar-2024 19:47:58","2024-03-04 19:47:58","04-Mar-2024 19:48:04","00:00:06","https://nsearchives.nseindia.com/corporate/M&M_04032024194758_lossintimation04032024.pdf"
"M&M","Mahindra & Mahindra Limited","Press Release","Mahindra & Mahindra Limited has informed the Exchange regarding a press release dated March 01, 2024, titled ""Two Press Releases issued by Mahindra & Mahindra Limited"".","01-Mar-2024 09:56:46","2024-03-01 09:56:46","01-Mar-2024 09:56:51","00:00:05","https://nsearchives.nseindia.com/corporate/M&M_01032024095646_March2024PRSE.pdf"
"M&M","Mahindra & Mahindra Limited","Updates","Mahindra & Mahindra Limited has informed the Exchange regarding 'Transfer Of Equity Shares By Mahindra & Mahindra Employees' Stock Option Trust To The Stock Option Grantees'.","27-Feb-2024 20:40:36","2024-02-27 20:40:36","27-Feb-2024 20:40:42","00:00:06","https://nsearchives.nseindia.com/corporate/M&M_27022024204037_Employeeslist27022024.pdf"
"M&M","Mahindra & Mahindra Limited","Disclosure under SEBI Takeover Regulations","Chetan varde has submitted to the Exchange a copy of Disclosures under Regulation 10(6)-Report to stock Exchange in respect of any acquisition made in reliance upon exemption provided for in regulation 10 of SEBI (SAST) Regulations, 2011.","22-Feb-2024 19:39:08","2024-02-22 19:39:08","22-Feb-2024 19:39:15","00:00:07","https://nsearchives.nseindia.com/corporate/M&M_22022024193908_Mand10_1.pdf"
"M&M","Mahindra & Mahindra Limited","Disclosure under SEBI Takeover Regulations","Chetan varde has submitted to the Exchange a copy of Disclosures under Regulation 10(6)-Report to stock Exchange in respect of any acquisition made in reliance upon exemption provided for in regulation 10 of SEBI (SAST) Regulations, 2011.","22-Feb-2024 19:38:24","2024-02-22 19:38:24","22-Feb-2024 19:38:30","00:00:06","https://nsearchives.nseindia.com/corporate/M&M_22022024193824_Mand10.pdf"
"M&M","Mahindra & Mahindra Limited","Loss of Share Certificates","Mahindra & Mahindra Limited has informed the Exchange about Loss of Share Certificates","22-Feb-2024 18:59:49","2024-02-22 18:59:49","22-Feb-2024 18:59:57","00:00:08","https://nsearchives.nseindia.com/corporate/M&M_22022024185949_Lossintimation22022024.pdf"
"M&M","Mahindra & Mahindra Limited","Loss of Share Certificates","Mahindra & Mahindra Limited has informed the Exchange about Loss of Share Certificates","21-Feb-2024 21:18:58","2024-02-21 21:18:58","21-Feb-2024 21:19:03","00:00:05","https://nsearchives.nseindia.com/corporate/M&M_21022024211858_Lossintimation21022024Signed.pdf"
"M&M","Mahindra & Mahindra Limited","Analysts/Institutional Investor Meet/Con. Call Updates","Mahindra & Mahindra Limited has informed the Exchange about Presentation","21-Feb-2024 18:54:51","2024-02-21 18:54:51","21-Feb-2024 18:54:58","00:00:07","https://nsearchives.nseindia.com/corporate/M&M_21022024185451_Concluded21022024.pdf"
"M&M","Mahindra & Mahindra Limited","Loss of Share Certificates","Mahindra & Mahindra Limited has informed the Exchange about Loss of Share Certificates","20-Feb-2024 20:13:40","2024-02-20 20:13:40","20-Feb-2024 20:13:46","00:00:06","https://nsearchives.nseindia.com/corporate/M&M_20022024201340_Lossintimation20022024.pdf"
"M&M","Mahindra & Mahindra Limited","Analysts/Institutional Investor Meet/Con. Call Updates","Mahindra & Mahindra Limited has informed the Exchange about Schedule of meet","20-Feb-2024 19:31:16","2024-02-20 19:31:16","20-Feb-2024 19:31:20","00:00:04","https://nsearchives.nseindia.com/corporate/M&M_20022024193116_AdditionalPresentation20022024.pdf"
"M&M","Mahindra & Mahindra Limited","Updates","Mahindra & Mahindra Limited has informed the Exchange regarding 'Transfer Of Equity Shares By Mahindra & Mahindra Employees' Stock Option Trust To The Stock Option Grantees'.","19-Feb-2024 17:45:39","2024-02-19 17:45:39","19-Feb-2024 17:45:45","00:00:06","https://nsearchives.nseindia.com/corporate/M&M_19022024174539_Employeelist1902024.pdf"
"M&M","Mahindra & Mahindra Limited","Analysts/Institutional Investor Meet/Con. Call Updates","Mahindra & Mahindra Limited has informed the Exchange about Presentation","16-Feb-2024 19:04:34","2024-02-16 19:04:34","16-Feb-2024 19:04:40","00:00:06","https://nsearchives.nseindia.com/corporate/M&M_16022024190434_Concluded16022024.pdf"
"M&M","Mahindra & Mahindra Limited","Analysts/Institutional Investor Meet/Con. Call Updates","Mahindra & Mahindra Limited has informed the Exchange about Transcript","16-Feb-2024 17:03:19","2024-02-16 17:03:19","16-Feb-2024 17:03:25","00:00:06","https://nsearchives.nseindia.com/corporate/M&M_16022024170319_SEIntimationregardingTranscriptofAnalystMeet14February2024.pdf"
"M&M","Mahindra & Mahindra Limited","Press Release","Mahindra & Mahindra Limited has informed the Exchange regarding a press release dated February 16, 2024, titled ""Volkswagen and Mahindra sign supply agreement Mahindra will equip a certain range of its electric platform INGLO with electric components of Volkswagen s MEB and unified cells Both companies continue to explore further potential opportunities for collaboration in India in the field of e-mobility"".","16-Feb-2024 11:03:08","2024-02-16 11:03:08","16-Feb-2024 11:03:15","00:00:07","https://nsearchives.nseindia.com/corporate/M&M_16022024110308_MahindraandVolkswagensignsupplyagreement.pdf"
"M&M","Mahindra & Mahindra Limited","Analysts/Institutional Investor Meet/Con. Call Updates","Mahindra & Mahindra Limited has informed the Exchange about Presentation","15-Feb-2024 18:34:07","2024-02-15 18:34:07","15-Feb-2024 18:34:12","00:00:05","https://nsearchives.nseindia.com/corporate/M&M_15022024183407_Concluded15022024.pdf"
"M&M","Mahindra & Mahindra Limited","Copy of Newspaper Publication","Mahindra & Mahindra Limited has informed the Exchange about Copy of Newspaper Publication","15-Feb-2024 11:54:42","2024-02-15 11:54:42","15-Feb-2024 11:54:50","00:00:08","https://nsearchives.nseindia.com/corporate/M&M_15022024115442_NewspaperPublication15022024.pdf"
"M&M","Mahindra & Mahindra Limited","Analysts/Institutional Investor Meet/Con. Call Updates","Mahindra & Mahindra Limited has informed the Exchange about Presentation","14-Feb-2024 18:30:29","2024-02-14 18:30:29","14-Feb-2024 18:30:43","00:00:14","https://nsearchives.nseindia.com/corporate/M&M_14022024183029_SEIntimationPostAnalystMeetAVLink.pdf"
"M&M","Mahindra & Mahindra Limited","Investor Presentation","Mahindra & Mahindra Limited has informed the Exchange about Investor Presentation","14-Feb-2024 14:42:29","2024-02-14 14:42:29","14-Feb-2024 14:42:36","00:00:07","https://nsearchives.nseindia.com/corporate/M&M_14022024144229_SEIntimationPresentationmadePressandAnalysts14thFebruary2024.pdf"
"M&M","Mahindra & Mahindra Limited","Change in Director(s)","Mahindra & Mahindra Limited has informed the Exchange regarding Change in Director(s) of the company.","14-Feb-2024 13:49:11","2024-02-14 13:49:11","14-Feb-2024 13:49:17","00:00:06","https://nsearchives.nseindia.com/corporate/M&M_14022024134911_SEIntimationOutcomeofBMAppointmentofDirectors14thFebruary2024.pdf"
"M&M","Mahindra & Mahindra Limited","Appointment","Mahindra & Mahindra Limited has informed the Exchange regarding Appointment of Mr Mr. Sat Pal Bhanoo as Non- Executive Director of the company w.e.f. May 17, 2024.","14-Feb-2024 13:48:30","2024-02-14 13:48:30","14-Feb-2024 13:48:49","00:00:19","https://nsearchives.nseindia.com/corporate/M&M_14022024134831_SEIntimationOutcomeofBMAppointmentofDirectors14thFebruary2024.pdf"
"M&M","Mahindra & Mahindra Limited","Appointment","Mahindra & Mahindra Limited has informed the Exchange regarding Appointment of Ms Padmasree Warrior as Non- Executive Independent Director of the company w.e.f. May 17, 2024.","14-Feb-2024 13:48:30","2024-02-14 13:48:30","14-Feb-2024 13:48:35","00:00:05","https://nsearchives.nseindia.com/corporate/M&M_14022024134830_SEIntimationOutcomeofBMAppointmentofDirectors14thFebruary2024.pdf"
"M&M","Mahindra & Mahindra Limited","Appointment","Mahindra & Mahindra Limited has informed the Exchange regarding Appointment of Mr Ranjan Pant as Non- Executive Director of the company w.e.f. May 17, 2024.","14-Feb-2024 13:48:30","2024-02-14 13:48:30","14-Feb-2024 13:48:43","00:00:13","https://nsearchives.nseindia.com/corporate/M&M_14022024134831_SEIntimationOutcomeofBMAppointmentofDirectors14thFebruary2024.pdf"
"M&M","Mahindra & Mahindra Limited","Press Release","Mahindra & Mahindra Limited has informed the Exchange regarding a press release dated February 14, 2024, titled ""Press Release on Unaudited Standalone and Consolidated Financial Results of the Company for the Third Quarter and Nine Months ended 31st December, 2023 - Intimation under Regulation 30 read with Schedule III of the SEBI (Listing Obligations and Disclosure Requirements) Regulations, 2015"".","14-Feb-2024 13:46:55","2024-02-14 13:46:55","14-Feb-2024 13:47:03","00:00:08","https://nsearchives.nseindia.com/corporate/M&M_14022024134655_SEIntimationPRonFinancials14thFebruary2024F.pdf"
"M&M","Mahindra & Mahindra Limited","Outcome of Board Meeting","Mahindra & Mahindra Limited has informed the Exchange regarding  Board meeting held on February 14, 2024 - Appointment of Directors  Intimation under Regulation 30 read with Schedule III of the SEBI (Listing Obligations and Disclosure Requirements) Regulations, 2015","14-Feb-2024 13:43:24","2024-02-14 13:43:24","14-Feb-2024 13:43:29","00:00:05","https://nsearchives.nseindia.com/corporate/M&M_14022024134324_SEIntimationOutcomeofBMAppointmentofDirectors14thFebruary2024.pdf"
"M&M","Mahindra & Mahindra Limited","Financial Result Updates","Mahindra & Mahindra Limited has submitted to the Exchange, the financial results for the period ended December 31, 2023.","14-Feb-2024 13:41:25","2024-02-14 13:41:25","14-Feb-2024 13:41:42","00:00:17","https://nsearchives.nseindia.com/corporate/SEIntimationOutcomeofBoardMeetingFinResults14thFebruary2024_14022024134126.pdf"
"M&M","Mahindra & Mahindra Limited","Loss of Share Certificates","Mahindra & Mahindra Limited has informed the Exchange about Loss of Share Certificates","13-Feb-2024 20:42:18","2024-02-13 20:42:18","13-Feb-2024 20:42:24","00:00:06","https://nsearchives.nseindia.com/corporate/M&M_13022024204218_Intimationofissueofduplicatesharecertificate13022024.pdf"
"M&M","Mahindra & Mahindra Limited","Loss of Share Certificates","Mahindra & Mahindra Limited has informed the Exchange about Loss of Share Certificates","12-Feb-2024 18:44:28","2024-02-12 18:44:28","12-Feb-2024 18:44:34","00:00:06","https://nsearchives.nseindia.com/corporate/M&M_12022024184428_lossintimation12022024.pdf"
"M&M","Mahindra & Mahindra Limited","Updates","Mahindra & Mahindra Limited has informed the Exchange regarding 'Report for the Month of January, 2024'.","12-Feb-2024 18:37:18","2024-02-12 18:37:18","12-Feb-2024 18:37:24","00:00:06","https://nsearchives.nseindia.com/corporate/M&M_12022024183718_MonthlyReport12022024.pdf"
"M&M","Mahindra & Mahindra Limited","Updates","Mahindra & Mahindra Limited has informed the Exchange regarding 'Intimation under Regulation 30 of the SEBI (Listing Obligations and Disclosure Requirements) Regulations, 2015'.","10-Feb-2024 08:40:31","2024-02-10 08:40:31","10-Feb-2024 08:40:36","00:00:05","https://nsearchives.nseindia.com/corporate/M&M_10022024084031_SEIntimationGSTOrderimposingpenalty10February2024.pdf"
"M&M","Mahindra & Mahindra Limited","Loss of Share Certificates","Mahindra & Mahindra Limited has informed the Exchange about Loss of Share Certificates","09-Feb-2024 18:07:39","2024-02-09 18:07:39","09-Feb-2024 18:08:04","00:00:25","https://nsearchives.nseindia.com/corporate/M&M_09022024180739_lossintimation09022024.pdf"
"M&M","Mahindra & Mahindra Limited","Analysts/Institutional Investor Meet/Con. Call Updates","Mahindra & Mahindra Limited has informed the Exchange about Schedule of meet","09-Feb-2024 14:22:24","2024-02-09 14:22:24","09-Feb-2024 14:22:30","00:00:06","https://nsearchives.nseindia.com/corporate/M&M_09022024142224_UpcomingAnalystMeet09022024.pdf"
"M&M","Mahindra & Mahindra Limited","Press Release","Mahindra & Mahindra Limited has informed the Exchange regarding a press release dated February 09, 2024, titled ""Embraer and Mahindra announce collaboration on the C-390 Millennium  Medium Transport Aircraft in India"".","09-Feb-2024 14:06:29","2024-02-09 14:06:29","09-Feb-2024 14:06:34","00:00:05","https://nsearchives.nseindia.com/corporate/M&M_09022024140629_EmbraerandMahindraannouncecollaboration09022024PRSE.pdf"
"M&M","Mahindra & Mahindra Limited","Loss of Share Certificates","Mahindra & Mahindra Limited has informed the Exchange about Loss of Share Certificates","08-Feb-2024 18:55:14","2024-02-08 18:55:14","08-Feb-2024 18:55:21","00:00:07","https://nsearchives.nseindia.com/corporate/M&M_08022024185514_Lossintimation08022024Signed.pdf"
"M&M","Mahindra & Mahindra Limited","Loss of Share Certificates","Mahindra & Mahindra Limited has informed the Exchange about Loss of Share Certificates","07-Feb-2024 19:33:35","2024-02-07 19:33:35","07-Feb-2024 19:33:40","00:00:05","https://nsearchives.nseindia.com/corporate/M&M_07022024193335_lossintimation07022024.pdf"
"M&M","Mahindra & Mahindra Limited","Analysts/Institutional Investor Meet/Con. Call Updates","Mahindra & Mahindra Limited has informed the Exchange about Schedule of meet","07-Feb-2024 16:35:09","2024-02-07 16:35:09","07-Feb-2024 16:35:14","00:00:05","https://nsearchives.nseindia.com/corporate/M&M_07022024163509_UpcomingAnalystMeet07022024.pdf"
"M&M","Mahindra & Mahindra Limited","Loss of Share Certificates","Mahindra & Mahindra Limited has informed the Exchange about Loss of Share Certificates","06-Feb-2024 19:55:50","2024-02-06 19:55:50","06-Feb-2024 19:55:53","00:00:03","https://nsearchives.nseindia.com/corporate/M&M_06022024195550_lossintimation06022024.pdf"
"M&M","Mahindra & Mahindra Limited","Loss of Share Certificates","Mahindra & Mahindra Limited has informed the Exchange about Loss of Share Certificates","05-Feb-2024 17:16:11","2024-02-05 17:16:11","05-Feb-2024 17:16:18","00:00:07","https://nsearchives.nseindia.com/corporate/M&M_05022024171611_Lossintimation05022024.pdf"
"M&M","Mahindra & Mahindra Limited","Loss of Share Certificates","Mahindra & Mahindra Limited has informed the Exchange about Loss of Share Certificates","02-Feb-2024 18:44:26","2024-02-02 18:44:26","02-Feb-2024 18:44:36","00:00:10","https://nsearchives.nseindia.com/corporate/M&M_02022024184426_lossintimation02022024.pdf"
"M&M","Mahindra & Mahindra Limited","Press Release","Mahindra & Mahindra Limited has informed the Exchange regarding a press release dated February 02, 2024, titled ""Mahindra Showcases Mobility Innovations at Bharat Mobility Global Expo 2024: Championing ""Make in India, Made for the World"""".","02-Feb-2024 15:04:45","2024-02-02 15:04:45","02-Feb-2024 15:04:49","00:00:04","https://nsearchives.nseindia.com/corporate/M&M_02022024150445_BharatMobilityGlobalExpo2024PRSE.pdf"
"M&M","Mahindra & Mahindra Limited","Appointment","Mahindra & Mahindra Limited has informed the Exchange regarding Appointment of Mr Amarjyoti Barua as Chief Financial Officer of the company w.e.f. May 17, 2024.","02-Feb-2024 10:03:07","2024-02-02 10:03:07","02-Feb-2024 10:03:14","00:00:07","https://nsearchives.nseindia.com/corporate/M&M_02022024100307_SEIntimationOutcomeofBoardMeeting2ndFebruary2024F.pdf"
"M&M","Mahindra & Mahindra Limited","Resignation","Mahindra & Mahindra Limited has informed the Exchange regarding Resignation of Mr Manoj Bhat as Chief Financial Officer of the company w.e.f. May 17, 2024.","02-Feb-2024 10:01:19","2024-02-02 10:01:19","02-Feb-2024 10:01:26","00:00:07","https://nsearchives.nseindia.com/corporate/M&M_02022024100119_SEIntimationOutcomeofBoardMeeting2ndFebruary2024F.pdf"
"M&M","Mahindra & Mahindra Limited","Outcome of Board Meeting","Mahindra & Mahindra Limited has informed the Exchange regarding  Board meeting held on February 02, 2024.","02-Feb-2024 09:59:10","2024-02-02 09:59:10","02-Feb-2024 09:59:15","00:00:05","https://nsearchives.nseindia.com/corporate/M&M_02022024095910_SEIntimationOutcomeofBoardMeeting2ndFebruary2024F.pdf"
"M&M","Mahindra & Mahindra Limited","Loss of Share Certificates","Mahindra & Mahindra Limited has informed the Exchange about Loss of Share Certificates","01-Feb-2024 18:52:05","2024-02-01 18:52:05","01-Feb-2024 18:52:10","00:00:05","https://nsearchives.nseindia.com/corporate/M&M_01022024185205_Intimationofissueofduplicatesharecertificate01022024Signed.pdf"
"M&M","Mahindra & Mahindra Limited","Press Release","Mahindra & Mahindra Limited has informed the Exchange regarding a press release dated February 01, 2024, titled ""Two Press Releases issued by Mahindra & Mahindra Limited "".","01-Feb-2024 10:07:33","2024-02-01 10:07:33","01-Feb-2024 10:07:38","00:00:05","https://nsearchives.nseindia.com/corporate/M&M_01022024100733_February2024PRSE.pdf"
"M&M","Mahindra & Mahindra Limited","Loss of Share Certificates","Mahindra & Mahindra Limited has informed the Exchange about Loss of Share Certificates","25-Jan-2024 14:45:37","2024-01-25 14:45:37","25-Jan-2024 14:45:41","00:00:04","https://nsearchives.nseindia.com/corporate/M&M_25012024144537_lossintimation25012024.pdf"
"M&M","Mahindra & Mahindra Limited","Updates","Mahindra & Mahindra Limited has informed the Exchange regarding 'Intimation under Regulation 30 of the SEBI (Listing Obligations and Disclosure Requirements) Regulations, 2015 '.","25-Jan-2024 10:27:41","2024-01-25 10:27:41","25-Jan-2024 10:27:48","00:00:07","https://nsearchives.nseindia.com/corporate/M&M_25012024102741_SEIntimationVATOrderimposingpenalty24January2024.pdf"
"M&M","Mahindra & Mahindra Limited","Updates","Mahindra & Mahindra Limited has informed the Exchange regarding 'Transfer Of Equity Shares By Mahindra & Mahindra Employees'' Stock Option Trust To The Stock Option Grantees'.","24-Jan-2024 20:30:48","2024-01-24 20:30:48","24-Jan-2024 20:30:53","00:00:05","https://nsearchives.nseindia.com/corporate/M&M_24012024203048_employeelist24012024.pdf"
"M&M","Mahindra & Mahindra Limited","Loss of Share Certificates","Mahindra & Mahindra Limited has informed the Exchange about Loss of Share Certificates","22-Jan-2024 20:13:17","2024-01-22 20:13:17","22-Jan-2024 20:13:23","00:00:06","https://nsearchives.nseindia.com/corporate/M&M_22012024201317_Lossintimation22012024.pdf"
"M&M","Mahindra & Mahindra Limited","Loss of Share Certificates","Mahindra & Mahindra Limited has informed the Exchange about Loss of Share Certificates","19-Jan-2024 16:58:09","2024-01-19 16:58:09","19-Jan-2024 16:58:15","00:00:06","https://nsearchives.nseindia.com/corporate/M&M_19012024165809_lossintimation19012024.pdf"
"M&M","Mahindra & Mahindra Limited","Certificate under SEBI (Depositories and Participants) Regulations, 2018","Mahindra & Mahindra Limited has informed the Exchange about Certificate under SEBI (Depositories and Participants) Regulations, 2018","18-Jan-2024 23:50:52","2024-01-18 23:50:52","18-Jan-2024 23:51:00","00:00:08","https://nsearchives.nseindia.com/corporate/M&M_18012024235052_SEQuarterlyCertificateDec23Signed.pdf"
"M&M","Mahindra & Mahindra Limited","Loss of Share Certificates","Mahindra & Mahindra Limited has informed the Exchange about Loss of Share Certificates","18-Jan-2024 22:37:31","2024-01-18 22:37:31","18-Jan-2024 22:37:38","00:00:07","https://nsearchives.nseindia.com/corporate/M&M_18012024223731_Lossintimation18012024.pdf"
"M&M","Mahindra & Mahindra Limited","Updates","Mahindra & Mahindra Limited has informed the Exchange regarding 'Transfer Of Equity Shares By Mahindra & Mahindra Employees' Stock Option Trust To The Stock Option Grantees'.","16-Jan-2024 19:15:00","2024-01-16 19:15:00","16-Jan-2024 19:15:07","00:00:07","https://nsearchives.nseindia.com/corporate/M&M_16012024191500_Employeelist16012024.pdf"
"M&M","Mahindra & Mahindra Limited","Press Release","Mahindra & Mahindra Limited has informed the Exchange regarding a press release dated January 15, 2024, titled ""Mahindra Group and Ontario Teachers  co-sponsor India s Largest Renewable Energy Listed InvIT with Offer Size of Rs. 2262.8 Crore (USD 273 Million)"".","15-Jan-2024 10:34:22","2024-01-15 10:34:22","15-Jan-2024 10:34:27","00:00:05","https://nsearchives.nseindia.com/corporate/M&M_15012024103422_seintimationseit.pdf"
"M&M","Mahindra & Mahindra Limited","Acquisition","Mahindra & Mahindra Limited has informed the Exchange about Proposed investment by the Company in the Equity Shares of Mahindra Electric Automobile Limited ( MEAL ) by way of Subscription to Rights Issue.","11-Jan-2024 20:58:49","2024-01-11 20:58:49","11-Jan-2024 20:58:56","00:00:07","https://nsearchives.nseindia.com/corporate/M&M_11012024205849_SEIntimationRightissuebyMEAL11January2024.pdf"
"M&M","Mahindra & Mahindra Limited","Loss of Share Certificates","Mahindra & Mahindra Limited has informed the Exchange about Loss of Share Certificates","11-Jan-2024 19:06:23","2024-01-11 19:06:23","11-Jan-2024 19:06:31","00:00:08","https://nsearchives.nseindia.com/corporate/M&M_11012024190623_lossintimation11012024.pdf"
"M&M","Mahindra & Mahindra Limited","Updates","Mahindra & Mahindra Limited has informed the Exchange regarding 'Report for the Month of December, 2023'.","11-Jan-2024 16:56:30","2024-01-11 16:56:30","11-Jan-2024 16:56:36","00:00:06","https://nsearchives.nseindia.com/corporate/M&M_11012024165630_MonthlyReport11012024.pdf"
"M&M","Mahindra & Mahindra Limited","Updates","Mahindra & Mahindra Limited has informed the Exchange regarding 'Amended and Restated Shareholders  Agreement between the Company, International Finance Corporation ( IFC ), India Japan Fund ( IJF ), a fund managed by National Investment and Infrastructure Fund Limited ( NIIF ) and Mahindra Last Mile Mobility Limited, a subsidiary of the Company ( MLMML ); and Subscription Agreement between the Company, MLMML and IJF setting out terms and conditions of the Proposed Investment of Rs. 400 crores by IJF in MLMML, at a valuation of upto Rs. 6,600 crores'.","11-Jan-2024 11:48:45","2024-01-11 11:48:45","11-Jan-2024 11:48:51","00:00:06","https://nsearchives.nseindia.com/corporate/M&M_11012024114845_SEintimationforexecutionofSHASSAforInvestmentbyIJFinLMM11January2024.pdf"
"M&M","Mahindra & Mahindra Limited","Acquisition","Mahindra & Mahindra Limited has informed the Exchange about Change of Stake in Sustainable Energy Infra Trust","10-Jan-2024 17:39:11","2024-01-10 17:39:11","10-Jan-2024 17:39:15","00:00:04","https://nsearchives.nseindia.com/corporate/M&M_10012024173911_SEintimationChangeofStakeinSEIT10thJanuary2024F.pdf"
"M&M","Mahindra & Mahindra Limited","Loss of Share Certificates","Mahindra & Mahindra Limited has informed the Exchange about Loss of Share Certificates","09-Jan-2024 21:29:52","2024-01-09 21:29:52","09-Jan-2024 21:29:56","00:00:04","https://nsearchives.nseindia.com/corporate/M&M_09012024212952_lossintimation09012024.pdf"
"M&M","Mahindra & Mahindra Limited","Acquisition","Mahindra & Mahindra Limited has informed the Exchange about Acquisition of stake of Sustainable Energy Infra Trust by the Company and Mahindra Susten Private Limited, a Subsidiary of the Company","09-Jan-2024 13:46:38","2024-01-09 13:46:38","09-Jan-2024 13:46:43","00:00:05","https://nsearchives.nseindia.com/corporate/M&M_09012024134638_SEintimationAllotmentofUnitsofSEITuponsaleofSPVs9thJanuary2024.pdf"
"M&M","Mahindra & Mahindra Limited","Loss of Share Certificates","Mahindra & Mahindra Limited has informed the Exchange about Loss of Share Certificates","07-Jan-2024 12:31:59","2024-01-07 12:31:59","07-Jan-2024 12:32:04","00:00:05","https://nsearchives.nseindia.com/corporate/M&M_07012024123159_Lossintimation06012024Signed.pdf"
"M&M","Mahindra & Mahindra Limited","Updates","Mahindra & Mahindra Limited has informed the Exchange regarding 'Cessation of Zoomcar, Inc. as an Associate Company'.","06-Jan-2024 13:03:23","2024-01-06 13:03:23","06-Jan-2024 13:03:29","00:00:06","https://nsearchives.nseindia.com/corporate/M&M_06012024130323_SEIntimationCessationofZoomcarIncasAssociate6thJanuary2024.pdf"
"M&M","Mahindra & Mahindra Limited","Loss of Share Certificates","Mahindra & Mahindra Limited has informed the Exchange about Loss of Share Certificates","05-Jan-2024 19:22:42","2024-01-05 19:22:42","05-Jan-2024 19:22:48","00:00:06","https://nsearchives.nseindia.com/corporate/M&M_05012024192242_Lossintimation05012024.pdf"
"M&M","Mahindra & Mahindra Limited","Loss of Share Certificates","Mahindra & Mahindra Limited has informed the Exchange about Loss of Share Certificates","05-Jan-2024 19:15:46","2024-01-05 19:15:46","05-Jan-2024 19:15:51","00:00:05","https://nsearchives.nseindia.com/corporate/M&M_05012024191546_SEintimationduplicate05012024.pdf"
"M&M","Mahindra & Mahindra Limited","Loss of Share Certificates","Mahindra & Mahindra Limited has informed the Exchange about Loss of Share Certificates","04-Jan-2024 19:28:13","2024-01-04 19:28:13","04-Jan-2024 19:28:20","00:00:07","https://nsearchives.nseindia.com/corporate/M&M_04012024192813_Lossintimation04012024.pdf"
"M&M","Mahindra & Mahindra Limited","Updates","Mahindra & Mahindra Limited has informed the Exchange regarding 'Intimation under Regulation 30 of the SEBI (Listing Obligations and Disclosure Requirements) Regulations, 2015'.","01-Jan-2024 11:33:05","2024-01-01 11:33:05","01-Jan-2024 11:33:12","00:00:07","https://nsearchives.nseindia.com/corporate/M&M_01012024113305_SEIntimationGSTOrderimposingpenalty31December2023.pdf"
"M&M","Mahindra & Mahindra Limited","Press Release","Mahindra & Mahindra Limited has informed the Exchange regarding a press release dated January 01, 2024, titled ""Two Press Releases issued by Mahindra & Mahindra Limited "".","01-Jan-2024 10:41:18","2024-01-01 10:41:18","01-Jan-2024 10:41:23","00:00:05","https://nsearchives.nseindia.com/corporate/M&M_01012024104118_January2024PRSE.pdf"
"M&M","Mahindra & Mahindra Limited","Updates","Mahindra & Mahindra Limited has informed the Exchange regarding 'Intimation under Regulation 30 of the SEBI (Listing Obligations and Disclosure Requirements) Regulations, 2015 '.","30-Dec-2023 00:26:56","2023-12-30 00:26:56","30-Dec-2023 00:27:01","00:00:05","https://nsearchives.nseindia.com/corporate/M&M_30122023002656_SEIntimationGSTOrderimposingpenalty30December2023.pdf"
"M&M","Mahindra & Mahindra Limited","Updates","Mahindra & Mahindra Limited has informed the Exchange regarding 'Intimation under Regulation 30 of the SEBI (Listing Obligations and Disclosure Requirements) Regulations, 2015'.","29-Dec-2023 00:45:23","2023-12-29 00:45:23","29-Dec-2023 00:45:29","00:00:06","https://nsearchives.nseindia.com/corporate/M&M_29122023004523_SEIntimationGSTOrderimposingpenalty29December2023.pdf"
"M&M","Mahindra & Mahindra Limited","Loss of Share Certificates","Mahindra & Mahindra Limited has informed the Exchange about Loss of Share Certificates","28-Dec-2023 17:33:48","2023-12-28 17:33:48","28-Dec-2023 17:33:54","00:00:06","https://nsearchives.nseindia.com/corporate/M&M_28122023173348_Lossintimation28122023F.pdf"
"M&M","Mahindra & Mahindra Limited","Updates","Mahindra & Mahindra Limited has informed the Exchange regarding 'Intimation under Regulation 30 of the SEBI (Listing Obligations and Disclosure Requirements) Regulations, 2015'.","28-Dec-2023 11:38:46","2023-12-28 11:38:46","28-Dec-2023 11:38:50","00:00:04","https://nsearchives.nseindia.com/corporate/M&M_28122023113846_SEIntimationGSTOrderimposingpenalty28December2023.pdf"
"M&M","Mahindra & Mahindra Limited","Updates","Mahindra & Mahindra Limited has informed the Exchange regarding 'Sale of up to 28,06,174 Equity Shares of Rs 2 each representing up to 0.58% of the existing Issued and Paid Up Equity Share Capital of Brainbees Solutions Private Limited ( Brainbees ) as part of the Initial Public Offering (""IPO"") of Brainbees'.","28-Dec-2023 06:05:19","2023-12-28 06:05:19","28-Dec-2023 06:05:27","00:00:08","https://nsearchives.nseindia.com/corporate/M&M_28122023060519_Brinbeesseintimation.pdf"
"M&M","Mahindra & Mahindra Limited","Disclosure under SEBI Takeover Regulations","kabir Malhotra��has submitted to��the Exchange a copy of Disclosures under Regulation 10(6)-Report to stock Exchange in respect of any acquisition made in reliance upon exemption provided for in regulation 10 of SEBI (SAST) Regulations, 2011.","27-Dec-2023 19:57:55","2023-12-27 19:57:55","27-Dec-2023 19:58:01","00:00:06","https://nsearchives.nseindia.com/corporate/M&M_27122023195755_Mandm10_8.pdf"
"M&M","Mahindra & Mahindra Limited","Disclosure under SEBI Takeover Regulations","Anjali Ranjit Malhotra��has submitted to��the Exchange a copy of Disclosures under Regulation 10(6)-Report to stock Exchange in respect of any acquisition made in reliance upon exemption provided for in regulation 10 of SEBI (SAST) Regulations, 2011.","27-Dec-2023 19:57:23","2023-12-27 19:57:23","27-Dec-2023 19:57:29","00:00:06","https://nsearchives.nseindia.com/corporate/M&M_27122023195723_Mandm10_7.pdf"
"M&M","Mahindra & Mahindra Limited","Disclosure under SEBI Takeover Regulations","Deepak Varde��has submitted to��the Exchange a copy of Disclosures under Regulation 10(6)-Report to stock Exchange in respect of any acquisition made in reliance upon exemption provided for in regulation 10 of SEBI (SAST) Regulations, 2011.","27-Dec-2023 19:56:54","2023-12-27 19:56:54","27-Dec-2023 19:56:59","00:00:05","https://nsearchives.nseindia.com/corporate/M&M_27122023195654_Mandm10_6.pdf"
"M&M","Mahindra & Mahindra Limited","Disclosure under SEBI Takeover Regulations","Kabir Malhotra��has submitted to��the Exchange a copy of Disclosures under Regulation 10(6)-Report to stock Exchange in respect of any acquisition made in reliance upon exemption provided for in regulation 10 of SEBI (SAST) Regulations, 2011.","27-Dec-2023 19:54:29","2023-12-27 19:54:29","27-Dec-2023 19:54:34","00:00:05","https://nsearchives.nseindia.com/corporate/M&M_27122023195429_Mandm10_5.pdf"
"M&M","Mahindra & Mahindra Limited","Disclosure under SEBI Takeover Regulations","Anjali Ranjit Malhotra��has submitted to��the Exchange a copy of Disclosures under Regulation 10(6)-Report to stock Exchange in respect of any acquisition made in reliance upon exemption provided for in regulation 10 of SEBI (SAST) Regulations, 2011.","27-Dec-2023 19:52:43","2023-12-27 19:52:43","27-Dec-2023 19:52:50","00:00:07","https://nsearchives.nseindia.com/corporate/M&M_27122023195243_Mandm10_4.pdf"
"M&M","Mahindra & Mahindra Limited","Disclosure under SEBI Takeover Regulations","Justin Galiney��has submitted to��the Exchange a copy of Disclosures under Regulation 10(6)-Report to stock Exchange in respect of any acquisition made in reliance upon exemption provided for in regulation 10 of SEBI (SAST) Regulations, 2011.","27-Dec-2023 19:49:48","2023-12-27 19:49:48","27-Dec-2023 19:49:53","00:00:05","https://nsearchives.nseindia.com/corporate/M&M_27122023194948_Mandm10_3.pdf"
"M&M","Mahindra & Mahindra Limited","Disclosure under SEBI Takeover Regulations","Sabrina Galiney��has submitted to��the Exchange a copy of Disclosures under Regulation 10(6)-Report to stock Exchange in respect of any acquisition made in reliance upon exemption provided for in regulation 10 of SEBI (SAST) Regulations, 2011.","27-Dec-2023 19:47:33","2023-12-27 19:47:33","27-Dec-2023 19:47:40","00:00:07","https://nsearchives.nseindia.com/corporate/M&M_27122023194733_Mandm10_2.pdf"
"M&M","Mahindra & Mahindra Limited","Disclosure under SEBI Takeover Regulations","Rinku Varde��has submitted to��the Exchange a copy of Disclosures under Regulation 10(6)-Report to stock Exchange in respect of any acquisition made in reliance upon exemption provided for in regulation 10 of SEBI (SAST) Regulations, 2011.","27-Dec-2023 19:45:22","2023-12-27 19:45:22","27-Dec-2023 19:45:27","00:00:05","https://nsearchives.nseindia.com/corporate/M&M_27122023194522_Mandm10_1.pdf"
"M&M","Mahindra & Mahindra Limited","Disclosure under SEBI Takeover Regulations","Chetan Varde��has submitted to��the Exchange a copy of Disclosures under Regulation 10(6)-Report to stock Exchange in respect of any acquisition made in reliance upon exemption provided for in regulation 10 of SEBI (SAST) Regulations, 2011.","27-Dec-2023 19:44:59","2023-12-27 19:44:59","27-Dec-2023 19:45:04","00:00:05","https://nsearchives.nseindia.com/corporate/M&M_27122023194459_Mandm10.pdf"
"M&M","Mahindra & Mahindra Limited","Updates","Mahindra & Mahindra Limited has informed the Exchange regarding 'Intimation under Regulation 30 of the SEBI (Listing Obligations and Disclosure Requirements) Regulations, 2015 '.","22-Dec-2023 22:40:16","2023-12-22 22:40:16","22-Dec-2023 22:40:22","00:00:06","https://nsearchives.nseindia.com/corporate/M&M_22122023224016_SEIntimationGSTOrderimposingpenalty22December2023MP.pdf"
"M&M","Mahindra & Mahindra Limited","Updates","Mahindra & Mahindra Limited has informed the Exchange regarding 'Intimation under Regulation 30 of the SEBI (Listing Obligations and Disclosure Requirements) Regulations, 2015 '.","22-Dec-2023 22:31:00","2023-12-22 22:31:00","22-Dec-2023 22:31:05","00:00:05","https://nsearchives.nseindia.com/corporate/M&M_22122023223100_SEIntimationGSTOrderimposingpenalty22December2023.pdf"
"M&M","Mahindra & Mahindra Limited","Updates","Mahindra & Mahindra Limited has informed the Exchange regarding 'Transfer of Equity Shares by Mahindra & Mahindra Employees' Stock Option Trust to the Stock Option Grantees'.","22-Dec-2023 18:19:23","2023-12-22 18:19:23","22-Dec-2023 18:19:30","00:00:07","https://nsearchives.nseindia.com/corporate/M&M_22122023181923_Employeeslist22122023.pdf"
"M&M","Mahindra & Mahindra Limited","Updates","Mahindra & Mahindra Limited has informed the Exchange regarding 'Intimation under Regulation 30 of the SEBI (Listing Obligations and Disclosure Requirements) Regulations, 2015 '.","22-Dec-2023 17:06:40","2023-12-22 17:06:40","22-Dec-2023 17:06:47","00:00:07","https://nsearchives.nseindia.com/corporate/M&M_22122023170640_SEIntimationGSTOrderimposingpenalty22December2023.pdf"
"M&M","Mahindra & Mahindra Limited","Loss of Share Certificates","Mahindra & Mahindra Limited has informed the Exchange about Loss of Share Certificates","21-Dec-2023 17:09:13","2023-12-21 17:09:13","21-Dec-2023 17:09:21","00:00:08","https://nsearchives.nseindia.com/corporate/M&M_21122023170913_Lossintimation21122023.pdf"
"M&M","Mahindra & Mahindra Limited","Updates","Mahindra & Mahindra Limited has informed the Exchange regarding 'Intimation under Regulation 30 of the SEBI (Listing Obligations and Disclosure Requirements) Regulations, 2015 '.","15-Dec-2023 19:33:23","2023-12-15 19:33:23","15-Dec-2023 19:33:30","00:00:07","https://nsearchives.nseindia.com/corporate/M&M_15122023193323_SEIntimationGSTOrderimposingpenalty15thDecember2023.pdf"
"M&M","Mahindra & Mahindra Limited","Acquisition","Mahindra & Mahindra Limited has informed the Exchange about Incorporation of a new step-down subsidiary company","15-Dec-2023 16:39:03","2023-12-15 16:39:03","15-Dec-2023 16:39:08","00:00:05","https://nsearchives.nseindia.com/corporate/M&M_15122023163903_SEIntimationMigosDec2023.pdf"
"M&M","Mahindra & Mahindra Limited","Acquisition","Mahindra & Mahindra Limited has informed the Exchange about Acquisition","14-Dec-2023 01:57:14","2023-12-14 01:57:14","14-Dec-2023 01:57:20","00:00:06","https://nsearchives.nseindia.com/corporate/M&M_14122023015714_SEIntimationSPVsInvIT2023FSigned.pdf"
"M&M","Mahindra & Mahindra Limited","Updates","Mahindra & Mahindra Limited has informed the Exchange regarding 'Cessation of Subsidiaries'.","14-Dec-2023 01:55:45","2023-12-14 01:55:45","14-Dec-2023 01:55:51","00:00:06","https://nsearchives.nseindia.com/corporate/M&M_14122023015545_SEIntimationSPVsInvIT2023FSigned.pdf"
"M&M","Mahindra & Mahindra Limited","Loss of Share Certificates","Mahindra & Mahindra Limited has informed the Exchange about Loss of Share Certificates","13-Dec-2023 22:32:21","2023-12-13 22:32:21","13-Dec-2023 22:32:27","00:00:06","https://nsearchives.nseindia.com/corporate/M&M_13122023223221_Intimationofissueofduplicatesharecertificate13122023.pdf"
"M&M","Mahindra & Mahindra Limited","Acquisition","Mahindra & Mahindra Limited has informed the Exchange about Acquisition - Execution of Securities Subscription Agreement and Amended & Restated Shareholders  Agreementsetting out the terms and conditions of the Proposed Investment of Rs. 875 crores in Classic LegendsPrivate Limited, a subsidiary of the Company","13-Dec-2023 13:28:26","2023-12-13 13:28:26","13-Dec-2023 13:28:35","00:00:09","https://nsearchives.nseindia.com/corporate/M&M_13122023132826_SEIntimationCLPLDec2023FSigned.pdf"
"M&M","Mahindra & Mahindra Limited","Acquisition","Mahindra & Mahindra Limited has informed the Exchange about Acquisition of stake of Emergent Solren Private Limited by the Company","12-Dec-2023 23:36:19","2023-12-12 23:36:19","12-Dec-2023 23:36:24","00:00:05","https://nsearchives.nseindia.com/corporate/M&M_12122023233619_SEintimationESPLacquisition.pdf"
"M&M","Mahindra & Mahindra Limited","Updates","Mahindra & Mahindra Limited has informed the Exchange regarding 'Transfer of Equity Shares by Mahindra & Mahindra Employees' Stock Option Trust to the Stock Option Grantees'.","12-Dec-2023 20:15:51","2023-12-12 20:15:51","12-Dec-2023 20:15:57","00:00:06","https://nsearchives.nseindia.com/corporate/M&M_12122023201551_Employeeslist12122023.pdf"
"M&M","Mahindra & Mahindra Limited","Loss of Share Certificates","Mahindra & Mahindra Limited has informed the Exchange about Loss of Share Certificates","11-Dec-2023 21:19:19","2023-12-11 21:19:19","11-Dec-2023 21:19:24","00:00:05","https://nsearchives.nseindia.com/corporate/M&M_11122023211919_Lossintimation11122023.pdf"
"M&M","Mahindra & Mahindra Limited","Updates","Mahindra & Mahindra Limited has informed the Exchange regarding 'Report for the Month of November, 2023'.","11-Dec-2023 15:25:31","2023-12-11 15:25:31","11-Dec-2023 15:25:39","00:00:08","https://nsearchives.nseindia.com/corporate/M&M_11122023152531_MonthlyReport111223.pdf"
"M&M","Mahindra & Mahindra Limited","Investor Presentation","Mahindra & Mahindra Limited has informed the Exchange about Investor Presentation","06-Dec-2023 15:09:57","2023-12-06 15:09:57","06-Dec-2023 15:10:03","00:00:06","https://nsearchives.nseindia.com/corporate/M&M_06122023150957_AddPPT061223.pdf"
"M&M","Mahindra & Mahindra Limited","Analysts/Institutional Investor Meet/Con. Call Updates","Mahindra & Mahindra Limited has informed the Exchange about Presentation","04-Dec-2023 21:50:01","2023-12-04 21:50:01","04-Dec-2023 21:50:08","00:00:07","https://nsearchives.nseindia.com/corporate/M&M_04122023215001_Concluded04122023.pdf"
"M&M","Mahindra & Mahindra Limited","Acquisition","Mahindra & Mahindra Limited has informed the Exchange about Acquisition","02-Dec-2023 16:28:02","2023-12-02 16:28:02","02-Dec-2023 16:28:06","00:00:04","https://nsearchives.nseindia.com/corporate/M&M_02122023162802_SEIntimationonIncorporationofLayerHybrenasSubsidiaryofMSPLDecember2023.pdf"
"M&M","Mahindra & Mahindra Limited","Loss of Share Certificates","Mahindra & Mahindra Limited has informed the Exchange about Loss of Share Certificates","01-Dec-2023 22:22:34","2023-12-01 22:22:34","01-Dec-2023 22:22:41","00:00:07","https://nsearchives.nseindia.com/corporate/M&M_01122023222234_Lossintimation01122023.pdf"
"M&M","Mahindra & Mahindra Limited","Press Release","Mahindra & Mahindra Limited has informed the Exchange regarding a press release dated December 01, 2023, titled ""Two Press Releases issued by Mahindra & Mahindra Limited "".","01-Dec-2023 09:49:16","2023-12-01 09:49:16","01-Dec-2023 09:49:23","00:00:07","https://nsearchives.nseindia.com/corporate/M&M_01122023094916_December2023PRSE.pdf"
"M&M","Mahindra & Mahindra Limited","Loss of Share Certificates","Mahindra & Mahindra Limited has informed the Exchange about Loss of Share Certificates","30-Nov-2023 20:45:34","2023-11-30 20:45:34","30-Nov-2023 20:45:41","00:00:07","https://nsearchives.nseindia.com/corporate/M&M_30112023204534_Lossintimation30112023.pdf"
"M&M","Mahindra & Mahindra Limited","Acquisition","Mahindra & Mahindra Limited has informed the Exchange about Acquisition","30-Nov-2023 19:00:28","2023-11-30 19:00:28","30-Nov-2023 19:00:34","00:00:06","https://nsearchives.nseindia.com/corporate/M&M_30112023190028_SEIntimationKyrosHybrenasSubsidiaryofMSPLNovember2023.pdf"
"M&M","Mahindra & Mahindra Limited","Acquisition","Mahindra & Mahindra Limited has informed the Exchange about Acquisition","30-Nov-2023 18:58:45","2023-11-30 18:58:45","30-Nov-2023 18:58:51","00:00:06","https://nsearchives.nseindia.com/corporate/M&M_30112023185845_SEIntimationJadeHybrenasSubsidiaryofMSPLNovember2023.pdf"
"M&M","Mahindra & Mahindra Limited","Acquisition","Update on Acquisition - Intimation under Regulation 30 read with Schedule III of the SEBI (ListingObligations and Disclosure Requirements) Regulations, 2015","30-Nov-2023 14:06:08","2023-11-30 14:06:08","30-Nov-2023 14:06:16","00:00:08","https://nsearchives.nseindia.com/corporate/M&M_30112023140608_SEIntimationbyMMforMLLZipZapextension.pdf"
"M&M","Mahindra & Mahindra Limited","Analysts/Institutional Investor Meet/Con. Call Updates","Mahindra & Mahindra Limited has informed the Exchange about Schedule of meet","28-Nov-2023 12:33:19","2023-11-28 12:33:19","28-Nov-2023 12:33:23","00:00:04","https://nsearchives.nseindia.com/corporate/M&M_28112023123319_UpcomingAnalystMeet28112023.pdf"
"M&M","Mahindra & Mahindra Limited","Updates","Mahindra & Mahindra Limited has informed the Exchange regarding 'Transfer of Equity Shares by Mahindra & Mahindra Employees' Stock Option Trust to the Stock Option Grantees'.","24-Nov-2023 20:09:56","2023-11-24 20:09:56","24-Nov-2023 20:10:03","00:00:07","https://nsearchives.nseindia.com/corporate/M&M_24112023200956_Employeeslist24112023.pdf"
"M&M","Mahindra & Mahindra Limited","Loss of Share Certificates","Mahindra & Mahindra Limited has informed the Exchange about Loss of Share Certificates","24-Nov-2023 19:50:19","2023-11-24 19:50:19","24-Nov-2023 19:50:26","00:00:07","https://nsearchives.nseindia.com/corporate/M&M_24112023195019_Lossintimation24112023.pdf"
"M&M","Mahindra & Mahindra Limited","Loss of Share Certificates","Mahindra & Mahindra Limited has informed the Exchange about Loss of Share Certificates","22-Nov-2023 21:03:44","2023-11-22 21:03:44","22-Nov-2023 21:03:51","00:00:07","https://nsearchives.nseindia.com/corporate/M&M_22112023210345_Lossintimation22112023.pdf"
"M&M","Mahindra & Mahindra Limited","Analysts/Institutional Investor Meet/Con. Call Updates","Mahindra & Mahindra Limited has informed the Exchange about Presentation","22-Nov-2023 17:19:11","2023-11-22 17:19:11","22-Nov-2023 17:19:17","00:00:06","https://nsearchives.nseindia.com/corporate/M&M_22112023171911_Concluded22112023.pdf"
"M&M","Mahindra & Mahindra Limited","Loss of Share Certificates","Mahindra & Mahindra Limited has informed the Exchange about Loss of Share Certificates","21-Nov-2023 20:50:43","2023-11-21 20:50:43","21-Nov-2023 20:50:50","00:00:07","https://nsearchives.nseindia.com/corporate/M&M_21112023205043_Lossintimation21112023.pdf"
"M&M","Mahindra & Mahindra Limited","Analysts/Institutional Investor Meet/Con. Call Updates","Mahindra & Mahindra Limited has informed the Exchange about Presentation","21-Nov-2023 19:15:19","2023-11-21 19:15:19","21-Nov-2023 19:15:26","00:00:07","https://nsearchives.nseindia.com/corporate/M&M_21112023191519_Concluded211123.pdf"
"M&M","Mahindra & Mahindra Limited","Updates","Mahindra & Mahindra Limited has informed the Exchange regarding 'Intimation under Regulation 30 of the SEBI (Listing Obligations and Disclosure Requirements) Regulations, 2015'.","21-Nov-2023 10:49:12","2023-11-21 10:49:12","21-Nov-2023 10:49:25","00:00:13","https://nsearchives.nseindia.com/corporate/M&M_21112023104912_SEIntimation210923.pdf"
"M&M","Mahindra & Mahindra Limited","Loss of Share Certificates","Mahindra & Mahindra Limited has informed the Exchange about Loss of Share Certificates","20-Nov-2023 21:34:12","2023-11-20 21:34:12","20-Nov-2023 21:34:18","00:00:06","https://nsearchives.nseindia.com/corporate/M&M_20112023213412_lossintimation20112023.pdf"
"M&M","Mahindra & Mahindra Limited","Loss of Share Certificates","Mahindra & Mahindra Limited has informed the Exchange about Loss of Share Certificates","18-Nov-2023 18:46:51","2023-11-18 18:46:51","18-Nov-2023 18:46:56","00:00:05","https://nsearchives.nseindia.com/corporate/M&M_18112023184651_Lossintimation18112023F.pdf"
"M&M","Mahindra & Mahindra Limited","Loss of Share Certificates","Mahindra & Mahindra Limited has informed the Exchange about Loss of Share Certificates","17-Nov-2023 20:33:58","2023-11-17 20:33:58","17-Nov-2023 20:34:05","00:00:07","https://nsearchives.nseindia.com/corporate/M&M_17112023203358_Lossintimation17112023.pdf"
"M&M","Mahindra & Mahindra Limited","Updates","Mahindra & Mahindra Limited has informed the Exchange regarding 'Intimation under Regulation 30 of the SEBI (Listing Obligations and Disclosure Requirements) Regulations, 2015'.","17-Nov-2023 19:45:06","2023-11-17 19:45:06","17-Nov-2023 19:45:13","00:00:07","https://nsearchives.nseindia.com/corporate/M&M_17112023194506_SEIntimation17November2023.pdf"
"M&M","Mahindra & Mahindra Limited","Updates","Mahindra & Mahindra Limited has informed the Exchange regarding 'Transfer of Equity Shares by Mahindra & Mahindra Employees' Stock Option Trust to the Stock Option Grantees'.","16-Nov-2023 20:42:37","2023-11-16 20:42:37","16-Nov-2023 20:42:43","00:00:06","https://nsearchives.nseindia.com/corporate/M&M_16112023204237_Employeeslist16112023.pdf"
"M&M","Mahindra & Mahindra Limited","Analysts/Institutional Investor Meet/Con. Call Updates","Mahindra & Mahindra Limited has informed the Exchange about Schedule of meet","16-Nov-2023 18:26:21","2023-11-16 18:26:21","16-Nov-2023 18:26:25","00:00:04","https://nsearchives.nseindia.com/corporate/M&M_16112023182621_UpcomingAnalystMeet16112023.pdf"
"M&M","Mahindra & Mahindra Limited","Updates","Mahindra & Mahindra Limited has informed the Exchange regarding 'Intimation under Regulation 30 of the SEBI (Listing Obligations and DisclosureRequirements) Regulations, 2015'.","16-Nov-2023 16:08:51","2023-11-16 16:08:51","16-Nov-2023 16:08:57","00:00:06","https://nsearchives.nseindia.com/corporate/M&M_16112023160851_SEintimation16112023.pdf"
"M&M","Mahindra & Mahindra Limited","Analysts/Institutional Investor Meet/Con. Call Updates","Mahindra & Mahindra Limited has informed the Exchange about Transcript","16-Nov-2023 16:02:20","2023-11-16 16:02:20","16-Nov-2023 16:02:25","00:00:05","https://nsearchives.nseindia.com/corporate/M&M_16112023160220_IntimationregardingTranscriptofAnalystMeet.pdf"
"M&M","Mahindra & Mahindra Limited","Loss of Share Certificates","Mahindra & Mahindra Limited has informed the Exchange about Loss of Share Certificates","13-Nov-2023 18:29:16","2023-11-13 18:29:16","13-Nov-2023 18:29:20","00:00:04","https://nsearchives.nseindia.com/corporate/M&M_13112023182916_lossintimation13112023.pdf"
"M&M","Mahindra & Mahindra Limited","Copy of Newspaper Publication","Mahindra & Mahindra Limited has informed the Exchange about Copy of Newspaper Publication","11-Nov-2023 10:54:56","2023-11-11 10:54:56","11-Nov-2023 10:55:06","00:00:10","https://nsearchives.nseindia.com/corporate/M&M_11112023105456_NewspaperPublication11112023.pdf"
"M&M","Mahindra & Mahindra Limited","Analysts/Institutional Investor Meet/Con. Call Updates","Mahindra & Mahindra Limited has informed the Exchange about Presentation","10-Nov-2023 18:30:28","2023-11-10 18:30:28","10-Nov-2023 18:30:41","00:00:13","https://nsearchives.nseindia.com/corporate/M&M_10112023183028_IntimationPostAnalystMeetPresentationandAVLink10thNovember2023.pdf"
"M&M","Mahindra & Mahindra Limited","Related Party Transactions","Mahindra & Mahindra Limited has informed the Exchange about related Party Transactions","10-Nov-2023 16:31:01","2023-11-10 16:31:01","10-Nov-2023 16:31:17","00:00:16","https://nsearchives.nseindia.com/corporate/M&M_10112023163101_SEIntimationRPTHYDisclosureunder23_9_.pdf"
"M&M","Mahindra & Mahindra Limited","Investor Presentation","Mahindra & Mahindra Limited has informed the Exchange about Investor Presentation","10-Nov-2023 13:52:33","2023-11-10 13:52:33","10-Nov-2023 13:52:59","00:00:26","https://nsearchives.nseindia.com/corporate/M&M_10112023135234_IntimationenclosingPresentationPressandAnalysts10thNovember2023.pdf"
"M&M","Mahindra & Mahindra Limited","Press Release","Mahindra & Mahindra Limited has informed the Exchange regarding a press release dated November 10, 2023, titled ""Press Release on Unaudited Standalone and Consolidated Financial Results of the Company for the Second Quarter and Half year ended 30th September, 2023 - Intimation under Regulation 30 read with Schedule III of the SEBI (Listing Obligations and Disclosure Requirements) Regulations, 2015"".","10-Nov-2023 12:37:33","2023-11-10 12:37:33","10-Nov-2023 12:37:41","00:00:08","https://nsearchives.nseindia.com/corporate/M&M_10112023123733_se.pdf"
"M&M","Mahindra & Mahindra Limited","Change in Director(s)","Mahindra & Mahindra Limited has informed the Exchange regarding Change in Director(s) of the company.","10-Nov-2023 12:33:42","2023-11-10 12:33:42","10-Nov-2023 12:33:51","00:00:09","https://nsearchives.nseindia.com/corporate/M&M_10112023123342_SEIntimationOutcomeDirectors.pdf"
"M&M","Mahindra & Mahindra Limited","Financial Result Updates","Mahindra & Mahindra Limited has submitted to the Exchange, the financial results for the period ended September 30, 2023.","10-Nov-2023 12:31:54","2023-11-10 12:31:54","10-Nov-2023 12:32:02","00:00:08","https://nsearchives.nseindia.com/corporate/SEIntimationOutcomeFinResults_10112023123154.pdf"
"M&M","Mahindra & Mahindra Limited","Outcome of Board Meeting","Mahindra & Mahindra Limited has informed the Exchange regarding  Board meeting held on November 10, 2023 - Change in Directors - Intimation under Regulation 30 read with Schedule III of the SEBI (Listing Obligationsand Disclosure Requirements) Regulations, 2015","10-Nov-2023 12:29:34","2023-11-10 12:29:34","10-Nov-2023 12:29:45","00:00:11","https://nsearchives.nseindia.com/corporate/M&M_10112023122935_SEIntimationOutcomeDirectors.pdf"
"M&M","Mahindra & Mahindra Limited","Updates","Mahindra & Mahindra Limited has informed the Exchange regarding 'Cessation of Gipps Aero Pty Ltd, GA8 Airvan Pty Ltd, GA200 Pty Ltd, Nomad TC Pty Ltd, Airvan 10 Pty Ltd and Airvan Flight Services Pty Ltd as subsidiaries'.","08-Nov-2023 10:21:48","2023-11-08 10:21:48","08-Nov-2023 10:21:55","00:00:07","https://nsearchives.nseindia.com/corporate/M&M_08112023102148_SEintimationGA.pdf"
"M&M","Mahindra & Mahindra Limited","Loss of Share Certificates","Mahindra & Mahindra Limited has informed the Exchange about Loss of Share Certificates","06-Nov-2023 19:42:18","2023-11-06 19:42:18","06-Nov-2023 19:42:34","00:00:16","https://nsearchives.nseindia.com/corporate/M&M_06112023194218_Lossintimation06112023.pdf"
"M&M","Mahindra & Mahindra Limited","Analysts/Institutional Investor Meet/Con. Call Updates","Mahindra & Mahindra Limited has informed the Exchange about Schedule of meet","03-Nov-2023 15:44:01","2023-11-03 15:44:01","03-Nov-2023 15:44:07","00:00:06","https://nsearchives.nseindia.com/corporate/M&M_03112023154401_UpcomingAnalystMeet03112023.pdf"
"M&M","Mahindra & Mahindra Limited","Updates","Mahindra & Mahindra Limited has informed the Exchange regarding 'Intimation under Regulation 30 of the SEBI (Listing Obligations and Disclosure Requirements) Regulations, 2015'.","03-Nov-2023 15:34:07","2023-11-03 15:34:07","03-Nov-2023 15:34:11","00:00:04","https://nsearchives.nseindia.com/corporate/M&M_03112023153407_SEIntimationVATOrderimposingpenalty3November2023.pdf"
"M&M","Mahindra & Mahindra Limited","Loss of Share Certificates","Mahindra & Mahindra Limited has informed the Exchange about Loss of Share Certificates","01-Nov-2023 16:47:00","2023-11-01 16:47:00","01-Nov-2023 16:47:12","00:00:12","https://nsearchives.nseindia.com/corporate/M&M_01112023164700_Lossintimation01112023Signed.pdf"
"M&M","Mahindra & Mahindra Limited","Press Release","Mahindra & Mahindra Limited has informed the Exchange regarding a press release dated November 01, 2023, titled ""Two Press Releases issued by Mahindra & Mahindra Limited "".","01-Nov-2023 10:07:17","2023-11-01 10:07:17","01-Nov-2023 10:07:24","00:00:07","https://nsearchives.nseindia.com/corporate/M&M_01112023100717_November2023PRSE.pdf"
"M&M","Mahindra & Mahindra Limited","Loss of Share Certificates","Mahindra & Mahindra Limited has informed the Exchange about Loss of Share Certificates","30-Oct-2023 19:32:19","2023-10-30 19:32:19","30-Oct-2023 19:32:30","00:00:11","https://nsearchives.nseindia.com/corporate/M&M_30102023193220_Lossintimation30102023.pdf"
"M&M","Mahindra & Mahindra Limited","Loss of Share Certificates","Mahindra & Mahindra Limited has informed the Exchange about Loss of Share Certificates","30-Oct-2023 19:23:52","2023-10-30 19:23:52","30-Oct-2023 19:24:00","00:00:08","https://nsearchives.nseindia.com/corporate/M&M_30102023192353_Intimationofissueofduplicatesharecertificate30102023.pdf"
"M&M","Mahindra & Mahindra Limited","Loss of Share Certificates","Mahindra & Mahindra Limited has informed the Exchange about Loss of Share Certificates","27-Oct-2023 18:49:33","2023-10-27 18:49:33","27-Oct-2023 18:49:41","00:00:08","https://nsearchives.nseindia.com/corporate/M&M_27102023184933_lossintimation27102023.pdf"
"M&M","Mahindra & Mahindra Limited","Loss of Share Certificates","Mahindra & Mahindra Limited has informed the Exchange about Loss of Share Certificates","26-Oct-2023 18:48:52","2023-10-26 18:48:52","26-Oct-2023 18:48:59","00:00:07","https://nsearchives.nseindia.com/corporate/M&M_26102023184852_lossintimation26102023.pdf"
"M&M","Mahindra & Mahindra Limited","Updates","Mahindra & Mahindra Limited has informed the Exchange regarding 'Transfer of Equity Shares by Mahindra & Mahindra Employees' Stock Option Trust to the Stock Option Grantees'.","25-Oct-2023 21:19:18","2023-10-25 21:19:18","25-Oct-2023 21:19:30","00:00:12","https://nsearchives.nseindia.com/corporate/M&M_25102023211918_Employeeslist25102023.pdf"
"M&M","Mahindra & Mahindra Limited","Loss of Share Certificates","Mahindra & Mahindra Limited has informed the Exchange about Loss of Share Certificates","23-Oct-2023 20:04:15","2023-10-23 20:04:15","23-Oct-2023 20:04:23","00:00:08","https://nsearchives.nseindia.com/corporate/M&M_23102023200416_Lossintimation23102023signed.pdf"
"M&M","Mahindra & Mahindra Limited","Certificate under SEBI (Depositories and Participants) Regulations, 2018","Mahindra & Mahindra Limited has informed the Exchange about Certificate under SEBI (Depositories and Participants) Regulations, 2018","19-Oct-2023 21:31:00","2023-10-19 21:31:00","19-Oct-2023 21:31:06","00:00:06","https://nsearchives.nseindia.com/corporate/M&M_19102023213100_745QuarterlyCertificateSep23.pdf"
"M&M","Mahindra & Mahindra Limited","Updates","Mahindra & Mahindra Limited has informed the Exchange regarding 'Intimation under Regulation 30 of the SEBI (Listing Obligations and Disclosure Requirements) Regulations, 2015'.","17-Oct-2023 15:25:53","2023-10-17 15:25:53","17-Oct-2023 15:25:58","00:00:05","https://nsearchives.nseindia.com/corporate/M&M_17102023152553_SEIntimationIncomeTaxAppeal16102023.pdf"
"M&M","Mahindra & Mahindra Limited","Loss of Share Certificates","Mahindra & Mahindra Limited has informed the Exchange about Loss of Share Certificates","14-Oct-2023 14:33:13","2023-10-14 14:33:13","14-Oct-2023 14:33:21","00:00:08","https://nsearchives.nseindia.com/corporate/M&M_14102023143313_Lossintimation14102023Signed.pdf"
"M&M","Mahindra & Mahindra Limited","Updates","Mahindra & Mahindra Limited has informed the Exchange regarding 'Transfer Of Equity Shares By Mahindra & Mahindra Employees' Stock Option Trust to the Stock Option Grantees'.","13-Oct-2023 20:13:43","2023-10-13 20:13:43","13-Oct-2023 20:13:50","00:00:07","https://nsearchives.nseindia.com/corporate/M&M_13102023201344_Employeelist13102023signed.pdf"
"M&M","Mahindra & Mahindra Limited","Updates","Mahindra & Mahindra Limited has informed the Exchange regarding 'Intimation under Regulation 30 of the SEBI (Listing Obligations and Disclosure Requirements) Regulations, 2015'.","13-Oct-2023 18:51:21","2023-10-13 18:51:21","13-Oct-2023 18:51:30","00:00:09","https://nsearchives.nseindia.com/corporate/M&M_13102023185121_SEIntimationIncomeTaxAppeal13102023.pdf"
"M&M","Mahindra & Mahindra Limited","Updates","Mahindra & Mahindra Limited has informed the Exchange regarding 'Report for the Month of September, 2023'.","13-Oct-2023 17:04:33","2023-10-13 17:04:33","13-Oct-2023 17:04:39","00:00:06","https://nsearchives.nseindia.com/corporate/M&M_13102023170433_MonthlyReport13102023.pdf"
"M&M","Mahindra & Mahindra Limited","Updates","Mahindra & Mahindra Limited has informed the Exchange regarding 'Intimation of Approval by Stock Exchanges for Re-classification of the Company from the ""Promoter""category of CIE Automotive India Limited (formerly known as Mahindra CIE Automotive Limited) to""Public"" category in accordance with Regulation 31A of the SEBI (Listing Obligations and DisclosureRequirements) Regulations, 2015'.","10-Oct-2023 20:51:05","2023-10-10 20:51:05","10-Oct-2023 20:51:12","00:00:07","https://nsearchives.nseindia.com/corporate/M&M_10102023205105_SEIntimationApprovalCIEReclassification101023.pdf"
"M&M","Mahindra & Mahindra Limited","Updates","Mahindra & Mahindra Limited has informed the Exchange regarding 'Intimation under Regulation 30 read with Schedule III of the SEBI (Listing Obligations and DisclosureRequirements) Regulations, 2015   Cessation of Mahindra Last Mile Mobility Limited as a Wholly OwnedSubsidiary of the Company'.","09-Oct-2023 12:00:49","2023-10-09 12:00:49","09-Oct-2023 12:01:09","00:00:20","https://nsearchives.nseindia.com/corporate/M&M_09102023120049_SEIntimationCessationofLMMasWOSuponallotmenttoIFCOct2023.pdf"
"M&M","Mahindra & Mahindra Limited","Loss of Share Certificates","Mahindra & Mahindra Limited has informed the Exchange about Loss of Share Certificates","06-Oct-2023 15:21:43","2023-10-06 15:21:43","06-Oct-2023 15:21:48","00:00:05","https://nsearchives.nseindia.com/corporate/M&M_06102023152143_Lossintimation06102023Signed.pdf"
"M&M","Mahindra & Mahindra Limited","Analysts/Institutional Investor Meet/Con. Call Updates","Mahindra & Mahindra Limited has informed the Exchange about Presentation","05-Oct-2023 23:48:07","2023-10-05 23:48:07","05-Oct-2023 23:48:13","00:00:06","https://nsearchives.nseindia.com/corporate/M&M_05102023234808_ConcludedNDR05102023.pdf"
"M&M","Mahindra & Mahindra Limited","Loss of Share Certificates","Mahindra & Mahindra Limited has informed the Exchange about Loss of Share Certificates","05-Oct-2023 20:58:17","2023-10-05 20:58:17","05-Oct-2023 20:58:24","00:00:07","https://nsearchives.nseindia.com/corporate/M&M_05102023205818_Lossintimation05102023.pdf"
"M&M","Mahindra & Mahindra Limited","Press Release","Mahindra & Mahindra Limited has informed the Exchange regarding a press release dated October 01, 2023, titled ""Two Press Releases issued by Mahindra & Mahindra Limited "".","02-Oct-2023 15:03:26","2023-10-02 15:03:26","02-Oct-2023 15:03:32","00:00:06","https://nsearchives.nseindia.com/corporate/M&M_02102023150326_October2023PRSE.pdf"
"M&M","Mahindra & Mahindra Limited","Updates","Mahindra & Mahindra Limited has informed the Exchange regarding 'Extension of Long Stop Date to 31 December 2023 for sale of Stake in MahindraWaste To Energy Solutions Limited (MWTESL) to Blue Planet Environmental SolutionsPte Ltd or any of its Affiliates (BPES)'.","30-Sep-2023 09:06:27","2023-09-30 09:06:27","30-Sep-2023 09:06:30","00:00:03","https://nsearchives.nseindia.com/corporate/M&M_30092023090627_SEintimationLongStopDateDec23.pdf"
"M&M","Mahindra & Mahindra Limited","Analysts/Institutional Investor Meet/Con. Call Updates","Mahindra & Mahindra Limited has informed the Exchange about Schedule of meet","29-Sep-2023 16:57:52","2023-09-29 16:57:52","29-Sep-2023 16:57:55","00:00:03","https://nsearchives.nseindia.com/corporate/M&M_29092023165752_UpcomingAnalystMeet290923.pdf"
"M&M","Mahindra & Mahindra Limited","Loss of Share Certificates","Mahindra & Mahindra Limited has informed the Exchange about Loss of Share Certificates","27-Sep-2023 22:44:47","2023-09-27 22:44:47","27-Sep-2023 22:44:51","00:00:04","https://nsearchives.nseindia.com/corporate/M&M_27092023224447_Lossintimation27092023.pdf"
"M&M","Mahindra & Mahindra Limited","Updates","Mahindra & Mahindra Limited has informed the Exchange regarding 'Intimation under Regulation 30 read with Schedule III of the SEBI (Listing Obligations and Disclosure Requirements) Regulations, 2015   Offer for Sale of Units of Sustainable Energy Infra Trust ( SEIT ) as part of the proposed Initial Offer through Private Placement of Units of SEIT'.","27-Sep-2023 00:18:34","2023-09-27 00:18:34","27-Sep-2023 00:18:50","00:00:16","https://nsearchives.nseindia.com/corporate/M&M_27092023001834_SEintimationSEITOFS.pdf"
"M&M","Mahindra & Mahindra Limited","Updates","Mahindra & Mahindra Limited has informed the Exchange regarding 'Cessation of Mahindra Electric Automobile Limited as a Wholly-Owned Subsidiary but continues to be a subsidiary of the Company'.","26-Sep-2023 19:48:00","2023-09-26 19:48:00","26-Sep-2023 19:48:06","00:00:06","https://nsearchives.nseindia.com/corporate/M&M_26092023194800_CessationofMEALasaWOS.pdf"
"M&M","Mahindra & Mahindra Limited","Analysts/Institutional Investor Meet/Con. Call Updates","Mahindra & Mahindra Limited has informed the Exchange about Presentation","26-Sep-2023 18:55:38","2023-09-26 18:55:38","26-Sep-2023 18:55:42","00:00:04","https://nsearchives.nseindia.com/corporate/M&M_26092023185538_Concluded26092023.pdf"
"M&M","Mahindra & Mahindra Limited","Analysts/Institutional Investor Meet/Con. Call Updates","Mahindra & Mahindra Limited has informed the Exchange about Presentation","25-Sep-2023 18:58:35","2023-09-25 18:58:35","25-Sep-2023 18:58:38","00:00:03","https://nsearchives.nseindia.com/corporate/M&M_25092023185835_Concluded25092023.pdf"
"M&M","Mahindra & Mahindra Limited","Updates","Mahindra & Mahindra Limited has informed the Exchange regarding 'Intimation under Regulation 30 read with Schedule III of the SEBI (Listing Obligations and Disclosure Requirements) Regulations, 2015   Cessation of Mahindra Teqo Private Limited as a Wholly Owned Subsidiary '.","25-Sep-2023 17:29:20","2023-09-25 17:29:20","25-Sep-2023 17:29:25","00:00:05","https://nsearchives.nseindia.com/corporate/M&M_25092023172920_SEIntimationTeqoF.pdf"
"M&M","Mahindra & Mahindra Limited","Analysts/Institutional Investor Meet/Con. Call Updates","Mahindra & Mahindra Limited has informed the Exchange about Presentation","22-Sep-2023 21:58:24","2023-09-22 21:58:24","22-Sep-2023 21:58:28","00:00:04","https://nsearchives.nseindia.com/corporate/M&M_22092023215824_ConcludedNDR22092023.pdf"
"M&M","Mahindra & Mahindra Limited","Loss of Share Certificates","Mahindra & Mahindra Limited has informed the Exchange about Loss of Share Certificates","21-Sep-2023 23:29:24","2023-09-21 23:29:24","21-Sep-2023 23:29:27","00:00:03","https://nsearchives.nseindia.com/corporate/M&M_21092023232924_Lossintimation21092023.pdf"
"M&M","Mahindra & Mahindra Limited","Updates","Mahindra & Mahindra Limited has informed the Exchange regarding ''Transfer of Equity Shares by Mahindra & Mahindra Employees Stock Option Trust to the Stock Option Grantees.'.","21-Sep-2023 23:03:04","2023-09-21 23:03:04","21-Sep-2023 23:03:09","00:00:05","https://nsearchives.nseindia.com/corporate/M&M_21092023230304_Employeeslist21092023.pdf"
"M&M","Mahindra & Mahindra Limited","Updates","Mahindra & Mahindra Limited has informed the Exchange regarding 'Intimation under Regulation 30 read with Schedule III of SEBI (Listing Obligations and Disclosure Requirements) Regulations, 2015 - Cessation of Resson Aerospace Corporation, Canada ( Resson ), as an Associate of the Company'.","21-Sep-2023 10:21:24","2023-09-21 10:21:24","21-Sep-2023 10:21:27","00:00:03","https://nsearchives.nseindia.com/corporate/M&M_21092023102124_SEIntimationaboutVoluntaryLiquidationofRESSON21stSeptember2023.pdf"
"M&M","Mahindra & Mahindra Limited","Analysts/Institutional Investor Meet/Con. Call Updates","Mahindra & Mahindra Limited has informed the Exchange about Schedule of meet","20-Sep-2023 22:47:29","2023-09-20 22:47:29","20-Sep-2023 22:47:34","00:00:05","https://nsearchives.nseindia.com/corporate/M&M_20092023224729_UpcomingAnalystMeet20092023.pdf"
"M&M","Mahindra & Mahindra Limited","Credit Rating","Mahindra & Mahindra Limited has informed the Exchange about Credit Rating","20-Sep-2023 19:14:23","2023-09-20 19:14:23","20-Sep-2023 19:14:26","00:00:03","https://nsearchives.nseindia.com/corporate/M&M_20092023191423_SEIntimationCreditRatingIndiaratings20092023.pdf"
"M&M","Mahindra & Mahindra Limited","Analysts/Institutional Investor Meet/Con. Call Updates","Mahindra & Mahindra Limited has informed the Exchange about Schedule of meet","16-Sep-2023 12:48:13","2023-09-16 12:48:13","16-Sep-2023 12:48:18","00:00:05","https://nsearchives.nseindia.com/corporate/M&M_16092023124813_UpcomingAnalystMeet16092023.pdf"
"M&M","Mahindra & Mahindra Limited","Analysts/Institutional Investor Meet/Con. Call Updates","Mahindra & Mahindra Limited has informed the Exchange about Presentation","14-Sep-2023 16:32:12","2023-09-14 16:32:12","14-Sep-2023 16:32:19","00:00:07","https://nsearchives.nseindia.com/corporate/M&M_14092023163212_Concluded1314092023.pdf"
"M&M","Mahindra & Mahindra Limited","Updates","Mahindra & Mahindra Limited has informed the Exchange regarding 'Transfer of Equity Shares by Mahindra & Mahindra Employees Stock Option Trust to the Stock Option Grantees.'.","13-Sep-2023 21:07:46","2023-09-13 21:07:46","13-Sep-2023 21:08:00","00:00:14","https://nsearchives.nseindia.com/corporate/M&M_13092023210746_Employeeslist13092023.pdf"
"M&M","Mahindra & Mahindra Limited","Analysts/Institutional Investor Meet/Con. Call Updates","Mahindra & Mahindra Limited has informed the Exchange about Presentation","12-Sep-2023 17:28:00","2023-09-12 17:28:00","12-Sep-2023 17:28:14","00:00:14","https://nsearchives.nseindia.com/corporate/M&M_12092023172800_Concluded12092023.pdf"
"M&M","Mahindra & Mahindra Limited","Updates","Mahindra & Mahindra Limited has informed the Exchange regarding 'Intimation under Regulation 30 of LODR'.","12-Sep-2023 16:42:09","2023-09-12 16:42:09","12-Sep-2023 16:42:17","00:00:08","https://nsearchives.nseindia.com/corporate/M&M_12092023164209_SEintimation12september2023.pdf"
"M&M","Mahindra & Mahindra Limited","Updates","Mahindra & Mahindra Limited has informed the Exchange regarding 'Report for the Month of August, 2023'.","11-Sep-2023 12:38:30","2023-09-11 12:38:30","11-Sep-2023 12:38:45","00:00:15","https://nsearchives.nseindia.com/corporate/M&M_11092023123830_MonthlyReport11092023.pdf"
"M&M","Mahindra & Mahindra Limited","Analysts/Institutional Investor Meet/Con. Call Updates","Mahindra & Mahindra Limited has informed the Exchange about Schedule of meet","05-Sep-2023 17:21:25","2023-09-05 17:21:25","05-Sep-2023 17:21:29","00:00:04","https://nsearchives.nseindia.com/corporate/M&M_05092023172125_UpcomingAnalystMeet050923.pdf"
"M&M","Mahindra & Mahindra Limited","Analysts/Institutional Investor Meet/Con. Call Updates","Mahindra & Mahindra Limited has informed the Exchange about Presentation","05-Sep-2023 16:33:08","2023-09-05 16:33:08","05-Sep-2023 16:33:11","00:00:03","https://nsearchives.nseindia.com/corporate/M&M_05092023163308_Concluded050923.pdf"
"M&M","Mahindra & Mahindra Limited","Analysts/Institutional Investor Meet/Con. Call Updates","Mahindra & Mahindra Limited has informed the Exchange about Presentation","04-Sep-2023 17:31:19","2023-09-04 17:31:19","04-Sep-2023 17:32:19","00:00:60","https://nsearchives.nseindia.com/corporate/M&M_04092023173119_ConcludedPenaldiscussion040923.pdf"
"M&M","Mahindra & Mahindra Limited","Updates","Mahindra & Mahindra Limited has informed the Exchange regarding 'Execution of Asset Transfer Agreement and Business Transfer Agreement pertaining to the Last MileMobility Business to Mahindra Last Mile Mobility Limited, a Wholly Owned Subsidiary of the Company( MLMML ) and proposed investment by the Company in the equity shares of MLMML by way ofsubscription to Rights Issue'.","01-Sep-2023 21:13:18","2023-09-01 21:13:18","01-Sep-2023 21:13:22","00:00:04","https://nsearchives.nseindia.com/corporate/M&M_01092023211318_SEIntimationLMMandInvestment1stSeptember2023.pdf"
"M&M","Mahindra & Mahindra Limited","Acquisition","Mahindra & Mahindra Limited has informed the Exchange about Execution of Asset Transfer Agreement and Business Transfer Agreement pertaining to the Last Mile Mobility Business to Mahindra Last Mile Mobility Limited, a Wholly Owned Subsidiary of the Company( MLMML ) and proposed investment by the Company in the equity shares of MLMML by way of subscription to Rights Issue","01-Sep-2023 21:09:16","2023-09-01 21:09:16","01-Sep-2023 21:09:19","00:00:03","https://nsearchives.nseindia.com/corporate/M&M_01092023210916_SEIntimationLMMandInvestment1stSeptember2023.pdf"
"M&M","Mahindra & Mahindra Limited","Restructuring","Mahindra & Mahindra Limited has informed the Exchange about Cessation of Emergent Solren Private Limited as a Wholly-Owned Subsidiary","01-Sep-2023 15:20:31","2023-09-01 15:20:31","01-Sep-2023 15:20:36","00:00:05","https://nsearchives.nseindia.com/corporate/M&M_01092023152031_SEIntimationCessationofWOSpursuanttoDemerger.pdf"
"M&M","Mahindra & Mahindra Limited","Press Release","Mahindra & Mahindra Limited has informed the Exchange regarding a press release dated September 01, 2023, titled ""Two Press Releases issued by Mahindra & Mahindra Limited "".","01-Sep-2023 10:54:12","2023-09-01 10:54:12","01-Sep-2023 10:54:18","00:00:06","https://nsearchives.nseindia.com/corporate/M&M_01092023105412_September2023PRSE.pdf"
"M&M","Mahindra & Mahindra Limited","Analysts/Institutional Investor Meet/Con. Call Updates","Mahindra & Mahindra Limited has informed the Exchange about Schedule of meet","31-Aug-2023 19:41:15","2023-08-31 19:41:15","31-Aug-2023 19:41:18","00:00:03","https://nsearchives.nseindia.com/corporate/M&M_31082023194115_UpcomingAnalystMeet31082023.pdf"
"M&M","Mahindra & Mahindra Limited","Updates","Mahindra & Mahindra Limited has informed the Exchange regarding 'Disclosure for Gift of 45,000 Equity Shares of the Company'.","30-Aug-2023 20:01:15","2023-08-30 20:01:15","30-Aug-2023 20:01:26","00:00:11","https://nsearchives.nseindia.com/corporate/M&M_30082023200115_SEGeneralIntimationaboutGiftofShares.pdf"
"M&M","Mahindra & Mahindra Limited","Credit Rating","Mahindra & Mahindra Limited has informed the Exchange about Credit Rating","29-Aug-2023 22:48:10","2023-08-29 22:48:10","29-Aug-2023 22:48:14","00:00:04","https://nsearchives.nseindia.com/corporate/M&M_29082023224810_SEIntimationCareRatingsLimited29082023.pdf"
"M&M","Mahindra & Mahindra Limited","Updates","Mahindra & Mahindra Limited has informed the Exchange regarding 'Transfer of Equity Shares by Mahindra & Mahindra Employees Stock Option Trust to the Stock Option Grantees'.","28-Aug-2023 23:07:16","2023-08-28 23:07:16","28-Aug-2023 23:07:21","00:00:05","https://nsearchives.nseindia.com/corporate/M&M_28082023230716_Employeeslist28082023Signed.pdf"
"M&M","Mahindra & Mahindra Limited","Loss of Share Certificates","Mahindra & Mahindra Limited has informed the Exchange about Loss of Share Certificates","24-Aug-2023 21:12:35","2023-08-24 21:12:35","24-Aug-2023 21:12:40","00:00:05","https://nsearchives.nseindia.com/corporate/M&M_24082023211235_lossintimation24082023.pdf"
"M&M","Mahindra & Mahindra Limited","Loss of Share Certificates","Mahindra & Mahindra Limited has informed the Exchange about Loss of Share Certificates","24-Aug-2023 21:00:35","2023-08-24 21:00:35","24-Aug-2023 21:00:40","00:00:05","https://nsearchives.nseindia.com/corporate/M&M_24082023210035_Intimationofissueofduplicatesharecertificate24082023.pdf"
"M&M","Mahindra & Mahindra Limited","Analysts/Institutional Investor Meet/Con. Call Updates","We wish to inform you that the Company today physically participated in Motilal Oswal Investor Conference in Mumbai with Several Funds/Investors and the Presentations which were sent to the Stock Exchanges vide our letters bearing REF:NS:SEC dated 4th August, 2023 and REF:NS:SEC dated 21st August, 2023 were shared with them.The aforesaid Presentations are also available on the Website of the Company at the Weblinks: https://mahindra.com/sites/default/files/2023-08/M%26M-Q1F24-Earnings-call-Presnetations-deck-4th-Aug-2023_0.pdf andhttps://www.mahindra.com/sites/default/files/2023-08/investor-deck-us-august-2023-final-2108_0.pdf","22-Aug-2023 17:04:42","2023-08-22 17:04:42","22-Aug-2023 17:05:08","00:00:26","https://nsearchives.nseindia.com/corporate/M&M_22082023170442_ConcludedAnalystMeet22082023.pdf"
"M&M","Mahindra & Mahindra Limited","Analysts/Institutional Investor Meet/Con. Call Updates","Mahindra & Mahindra Limited has informed the Exchange about Presentation","21-Aug-2023 23:39:08","2023-08-21 23:39:08","21-Aug-2023 23:39:14","00:00:06","https://nsearchives.nseindia.com/corporate/M&M_21082023233908_ConcludedNDR21082023.pdf"
"M&M","Mahindra & Mahindra Limited","Analysts/Institutional Investor Meet/Con. Call Updates","Mahindra & Mahindra Limited has informed the Exchange about Presentation","21-Aug-2023 17:52:09","2023-08-21 17:52:09","21-Aug-2023 17:52:17","00:00:08","https://nsearchives.nseindia.com/corporate/M&M_21082023175209_AdditionalPresentationNDRBoston.pdf"
"M&M","Mahindra & Mahindra Limited","Updates","Mahindra & Mahindra Limited has informed the Exchange regarding 'Mahindra offers proactive inspection and rectification of select XUV range of  products.'.","18-Aug-2023 19:39:07","2023-08-18 19:39:07","18-Aug-2023 19:39:21","00:00:14","https://nsearchives.nseindia.com/corporate/M&M_18082023193907_SEProactiveinspectionandrectificationofselectXUVrangeofproducts18082023.pdf"
"M&M","Mahindra & Mahindra Limited","Analysts/Institutional Investor Meet/Con. Call Updates","Mahindra & Mahindra Limited has informed the Exchange about Presentation","18-Aug-2023 18:20:42","2023-08-18 18:20:42","18-Aug-2023 18:20:54","00:00:12","https://nsearchives.nseindia.com/corporate/M&M_18082023182042_ConcludedAnalystMeet18082023.pdf"
"M&M","Mahindra & Mahindra Limited","Loss of Share Certificates","Mahindra & Mahindra Limited has informed the Exchange about Loss of Share Certificates","18-Aug-2023 17:00:45","2023-08-18 17:00:45","18-Aug-2023 17:01:09","00:00:24","https://nsearchives.nseindia.com/corporate/M&M_18082023170045_Lossintimation18082023.pdf"
"M&M","Mahindra & Mahindra Limited","Updates","Mahindra & Mahindra Limited has informed the Exchange regarding 'Intimation under Regulation 30 of the SEBI (Listing Obligations and Disclosure Requirements) Regulations, 2015'.","18-Aug-2023 10:30:55","2023-08-18 10:30:55","18-Aug-2023 10:31:09","00:00:14","https://nsearchives.nseindia.com/corporate/M&M_18082023103055_SEIntimationGSTOrderimposingpenalty18thAugust2023.pdf"
"M&M","Mahindra & Mahindra Limited","Analysts/Institutional Investor Meet/Con. Call Updates","Mahindra & Mahindra Limited has informed the Exchange about Schedule of meet","17-Aug-2023 17:31:48","2023-08-17 17:31:48","17-Aug-2023 17:32:00","00:00:12","https://nsearchives.nseindia.com/corporate/M&M_17082023173148_UpcomingAnalystMeet17082023.pdf"
"M&M","Mahindra & Mahindra Limited","Analysts/Institutional Investor Meet/Con. Call Updates","Mahindra & Mahindra Limited has informed the Exchange about Presentation","17-Aug-2023 17:24:40","2023-08-17 17:24:40","17-Aug-2023 17:24:54","00:00:14","https://nsearchives.nseindia.com/corporate/M&M_17082023172440_ConcludedAnalystMeet17082023.pdf"
"M&M","Mahindra & Mahindra Limited","Analysts/Institutional Investor Meet/Con. Call Updates","Mahindra & Mahindra Limited has informed the Exchange about Presentation","16-Aug-2023 18:28:52","2023-08-16 18:28:52","16-Aug-2023 18:29:07","00:00:15","https://nsearchives.nseindia.com/corporate/M&M_16082023182852_ConcludedAnalystMeet16082023.pdf"
"M&M","Mahindra & Mahindra Limited","Press Release","Mahindra & Mahindra Limited has informed the Exchange regarding a press release dated August 15, 2023, titled ""Press Releases related to Born Electric Vehicles  1. Mahindra Takes the Covers Off its  Vision Thar.e    An All-New, Born Electric     Avatar of the Iconic SUV;2. Mahindra Collaborates with Music Maestro AR Rahman for Sonic Identity & Anthem  Le Chalaang  for its New Range of Born Electric Vehicles; and 3. Mahindra unveils a dynamic new visual identity for its new range of Born  Electric Vehicles along with an Anthem  Le Chalaang  composed by AR Rahman"".","15-Aug-2023 19:44:05","2023-08-15 19:44:05","15-Aug-2023 19:44:19","00:00:14","https://nsearchives.nseindia.com/corporate/M&M_15082023194405_SEIntimationNewrangeofBornElectricVehicles15082023.pdf"
"M&M","Mahindra & Mahindra Limited","Press Release","Mahindra & Mahindra Limited has informed the Exchange regarding a press release dated August 15, 2023, titled ""Mahindra Unveils Its Global Pik Up Concept for International Markets"".","15-Aug-2023 18:21:17","2023-08-15 18:21:17","15-Aug-2023 18:21:29","00:00:12","https://nsearchives.nseindia.com/corporate/M&M_15082023182118_SEIntimationGlobalPU15082023.pdf"
"M&M","Mahindra & Mahindra Limited","Press Release","Mahindra & Mahindra Limited has informed the Exchange regarding a press release dated August 15, 2023, titled ""Mahindra launches 4 Revolutionary OJA Tractor Platforms Globally; Launches 7 Revolutionary Lightweight 4WD Tractors to Transform Farming in India"".","15-Aug-2023 13:08:14","2023-08-15 13:08:14","15-Aug-2023 13:08:28","00:00:14","https://nsearchives.nseindia.com/corporate/M&M_15082023130814_SEIntimationMahindraOJALaunch15082023.pdf"
"M&M","Mahindra & Mahindra Limited","Analysts/Institutional Investor Meet/Con. Call Updates","Mahindra & Mahindra Limited has informed the Exchange about Schedule of meet","15-Aug-2023 11:51:30","2023-08-15 11:51:30","15-Aug-2023 11:51:43","00:00:13","https://nsearchives.nseindia.com/corporate/M&M_15082023115130_UpcomingAnalystMeet15082023.pdf"
"M&M","Mahindra & Mahindra Limited","Updates","Mahindra & Mahindra Limited has informed the Exchange regarding 'Disclosure of Continuing Events/Information as required under Regulation 30 of the SEBI (Listing Obligations and Disclosure Requirements) Regulations, 2015'.","14-Aug-2023 21:50:40","2023-08-14 21:50:40","14-Aug-2023 21:51:00","00:00:20","https://nsearchives.nseindia.com/corporate/M&M_14082023215040_SEIntimationDisclosureonContinuingEventunderReg30.pdf"
"M&M","Mahindra & Mahindra Limited","Updates","Mahindra & Mahindra Limited has informed the Exchange regarding 'Transfer of Equity Shares by Mahindra & Mahindra Employees  Stock Option Trust to the Stock Option Grantees'.","11-Aug-2023 20:17:49","2023-08-11 20:17:49","11-Aug-2023 20:18:20","00:00:31","https://nsearchives.nseindia.com/corporate/M&M_11082023201750_Employeeslist11082023.pdf"
"M&M","Mahindra & Mahindra Limited","Analysts/Institutional Investor Meet/Con. Call Updates","Mahindra & Mahindra Limited has informed the Exchange about Schedule of meet","09-Aug-2023 17:17:25","2023-08-09 17:17:25","09-Aug-2023 17:17:40","00:00:15","https://nsearchives.nseindia.com/corporate/M&M_09082023171725_UpcomingAnalystMeet09082023.pdf"
"M&M","Mahindra & Mahindra Limited","Press Release","Mahindra & Mahindra Limited has informed the Exchange regarding a press release dated August 09, 2023, titled ""Swaraj Tractors unveils  Swaraj 8200 Wheel Harvester  empowering farmers with  unmatched efficiency and technology"".","09-Aug-2023 12:42:32","2023-08-09 12:42:32","09-Aug-2023 12:42:45","00:00:13","https://nsearchives.nseindia.com/corporate/M&M_09082023124232_SEIntimationSwaraj8200WheelHarvester09August2023.pdf"
"M&M","Mahindra & Mahindra Limited","Press Release","Mahindra & Mahindra Limited has informed the Exchange regarding a press release dated August 09, 2023, titled ""Mahindra launches new e-Alfa Super rickshaw with Higher Range"".","09-Aug-2023 11:39:08","2023-08-09 11:39:08","09-Aug-2023 11:39:20","00:00:12","https://nsearchives.nseindia.com/corporate/M&M_09082023113908_SEIntimationeAlfaSuperRickshawLaunch09August2023.pdf"
"M&M","Mahindra & Mahindra Limited","Analysts/Institutional Investor Meet/Con. Call Updates","Mahindra & Mahindra Limited has informed the Exchange about Transcript","08-Aug-2023 18:58:16","2023-08-08 18:58:16","08-Aug-2023 18:58:29","00:00:13","https://nsearchives.nseindia.com/corporate/M&M_08082023185816_SEIntimationTranscriptofAnalystMeetheldon4thAug23.pdf"
"M&M","Mahindra & Mahindra Limited","Updates","Mahindra & Mahindra Limited has informed the Exchange regarding 'Report for the Month of July, 2023'.","08-Aug-2023 11:38:12","2023-08-08 11:38:12","08-Aug-2023 11:38:34","00:00:22","https://nsearchives.nseindia.com/corporate/M&M_08082023113812_MonthlyReport08082023.pdf"
"M&M","Mahindra & Mahindra Limited","Updates","Mahindra & Mahindra Limited has informed the Exchange regarding 'Winding-up of MSPL International DMCC'.","07-Aug-2023 20:29:43","2023-08-07 20:29:43","07-Aug-2023 20:29:57","00:00:14","https://nsearchives.nseindia.com/corporate/M&M_07082023202943_MSPLInternationalDMCCWindingup.pdf"
"M&M","Mahindra & Mahindra Limited","Credit Rating","Mahindra & Mahindra Limited has informed the Exchange about Credit Rating","07-Aug-2023 20:29:09","2023-08-07 20:29:09","07-Aug-2023 20:29:22","00:00:13","https://nsearchives.nseindia.com/corporate/M&M_07082023202909_SEIntimationICRALimitedPR07082023.pdf"
"M&M","Mahindra & Mahindra Limited","Copy of Newspaper Publication","Mahindra & Mahindra Limited has informed the Exchange about Copy of Newspaper Publication","05-Aug-2023 10:35:14","2023-08-05 10:35:14","06-Aug-2023 23:11:06","36:35:52","https://nsearchives.nseindia.com/corporate/M&M_05082023103515_NewspaperPublication005082023.pdf"
"M&M","Mahindra & Mahindra Limited","Amendment to AOA/MOA","Mahindra & Mahindra Limited has informed the Exchange regarding the Amendment to AOA/MOA of the company.","05-Aug-2023 03:15:19","2023-08-05 03:15:19","06-Aug-2023 23:05:27","43:50:08","https://nsearchives.nseindia.com/corporate/M&M_05082023031519_IntimationAmendmentsinAOA.pdf"
"M&M","Mahindra & Mahindra Limited","Shareholders meeting","Mahindra & Mahindra Limited has informed the Exchange regarding Proceedings of Annual General Meeting held on August 04, 2023","05-Aug-2023 02:43:54","2023-08-05 02:43:54","06-Aug-2023 23:05:19","44:21:25","https://nsearchives.nseindia.com/corporate/M&M_05082023024354_SEAGMProceedings4thAugust2023.pdf"
"M&M","Mahindra & Mahindra Limited","Shareholders meeting","Mahindra & Mahindra Limited has submitted the Exchange a copy Srutinizers report of  Annual General Meeting held on August 04, 2023. Further, the company has informed the Exchange regarding voting results.","05-Aug-2023 02:34:01","2023-08-05 02:34:01","06-Aug-2023 23:05:10","44:31:09","https://nsearchives.nseindia.com/corporate/M&M_05082023023402_SEIntimation77thAGMRegulation445thAugust2023.pdf"
"M&M","Mahindra & Mahindra Limited","Analysts/Institutional Investor Meet/Con. Call Updates","Mahindra & Mahindra Limited has informed the Exchange about Presentation","04-Aug-2023 21:14:04","2023-08-04 21:14:04","04-Aug-2023 21:14:18","00:00:14","https://nsearchives.nseindia.com/corporate/M&M_04082023211404_SEIntimationPostAnalystMeetwithPresentationandAVLink4thAugust2023.pdf"
"M&M","Mahindra & Mahindra Limited","Updates","Mahindra & Mahindra Limited has informed the Exchange regarding 'Chairman s Presentation at the 77th Annual General Meeting'.","04-Aug-2023 15:01:54","2023-08-04 15:01:54","04-Aug-2023 15:02:08","00:00:14","https://nsearchives.nseindia.com/corporate/M&M_04082023150154_ChairmanPPT77thAGMMM.pdf"
"M&M","Mahindra & Mahindra Limited","Investor Presentation","Mahindra & Mahindra Limited has informed the Exchange about Investor Presentation","04-Aug-2023 13:55:06","2023-08-04 13:55:06","04-Aug-2023 13:55:43","00:00:37","https://nsearchives.nseindia.com/corporate/M&M_04082023135506_SEPresentationbeingmadetoPressandAnalysts4thAugust2023R.pdf"
"M&M","Mahindra & Mahindra Limited","Updates","Mahindra & Mahindra Limited has informed the Exchange regarding 'Amendment to the Code of Practices and Procedures for Fair Disclosure of UnpublishedPrice Sensitive Information'.","04-Aug-2023 13:08:58","2023-08-04 13:08:58","04-Aug-2023 13:09:15","00:00:17","https://nsearchives.nseindia.com/corporate/M&M_04082023130859_SEintimationAmendmentstoCodeofFairDisclosure4thAugust2023.pdf"
"M&M","Mahindra & Mahindra Limited","Amalgamation/Merger","Mahindra & Mahindra Limited has informed the Exchange about Amalgamation/Merger","04-Aug-2023 13:08:55","2023-08-04 13:08:55","04-Aug-2023 13:08:57","00:00:02","https://nsearchives.nseindia.com/corporate/M&M_04082023130855_SEintimationSchemeofMergerAug2023.pdf"
"M&M","Mahindra & Mahindra Limited","Press Release","Mahindra & Mahindra Limited has informed the Exchange regarding a press release dated August 04, 2023, titled ""Press Release on Unaudited Standalone and Consolidated Financial Results of the Company for the First Quarter ended 30th June, 2023"".","04-Aug-2023 13:06:57","2023-08-04 13:06:57","04-Aug-2023 13:07:31","00:00:34","https://nsearchives.nseindia.com/corporate/M&M_04082023130657_SEIntimationPRonFinancials4thAugust2023.pdf"
"M&M","Mahindra & Mahindra Limited","Outcome of Board Meeting","Mahindra & Mahindra Limited has informed the Exchange regarding  Board meeting held on August 04, 2023- Scheme of Merger by Absorption of Mahindra Heavy Engines Limited and Mahindra Two WheelersLimited and Trringo.com Limited with the Company and their respective shareholders","04-Aug-2023 13:06:40","2023-08-04 13:06:40","04-Aug-2023 13:07:18","00:00:38","https://nsearchives.nseindia.com/corporate/M&M_04082023130640_SEintimationSchemeofMergerAug2023.pdf"
"M&M","Mahindra & Mahindra Limited","Financial Result Updates","Mahindra & Mahindra Limited has submitted to the Exchange, the financial results for the period ended June 30, 2023.","04-Aug-2023 13:05:16","2023-08-04 13:05:16","04-Aug-2023 13:05:28","00:00:12","https://nsearchives.nseindia.com/corporate/SEIntimationOutcomeofBoardMeetingFinResults4thAugust2023_04082023130516.pdf"
"M&M","Mahindra & Mahindra Limited","Press Release (Revised)","Mahindra & Mahindra Limited has informed the Exchange regarding a revised press release dated August 03, 2023, titled ""Press Release dated 3rd August, 2023 issued by the Company -  Temasek to Invest inMahindra s EV Subsidiary at a valuation of up to Rs. 80,580 crores / USD $9.8 billion "".","03-Aug-2023 21:20:52","2023-08-03 21:20:52","03-Aug-2023 21:21:07","00:00:15","https://nsearchives.nseindia.com/corporate/M&M_03082023212052_SEIntimationRevisedPRTemasek3rdAugust2023.pdf"
"M&M","Mahindra & Mahindra Limited","Loss of Share Certificates","Mahindra & Mahindra Limited has informed the Exchange about Loss of Share Certificates","03-Aug-2023 20:32:52","2023-08-03 20:32:52","03-Aug-2023 20:33:07","00:00:15","https://nsearchives.nseindia.com/corporate/M&M_03082023203252_Lossintimation03082023.pdf"
"M&M","Mahindra & Mahindra Limited","Memorandum of Understanding/Agreements","Intimation under Regulation 30 read with Schedule III of SEBI (Listing Obligations and Disclosure Requirements) Regulations, 2015 Securities Subscription Agreement between the Company, Jongsong Investments Pte Ltd (Temasek) and Mahindra Electric Automobile Limited, a wholly owned subsidiary of the Company (MEAL); and Shareholders Agreement between the Company, British International Investment Plc (BII), Temasek and MEAL setting out terms and conditions of the Proposed Investment of Rs. 1,200 Crores by Temasek in MEAL, at a valuation of upto Rs. 80,580 crores","03-Aug-2023 12:53:28","2023-08-03 12:53:28","03-Aug-2023 12:54:16","00:00:48","https://nsearchives.nseindia.com/corporate/M&M_03082023125328_SEIntimationforSHAandSSATemasekInvinMEAL3rdAugust2023F.pdf"
"M&M","Mahindra & Mahindra Limited","Analysts/Institutional Investor Meet/Con. Call Updates","In continuation of our letter dated 31st July, 2023 bearing REF:NS:SEC, we wish to inform you that the Mode of theEarnings Call with the Analyst or Institutional Investor Meeting(s) with the Company has undergone a change.","01-Aug-2023 23:33:42","2023-08-01 23:33:42","01-Aug-2023 23:33:55","00:00:13","https://nsearchives.nseindia.com/corporate/M&M_01082023233342_UpdatedUpcomingAnalystMeet040823.pdf"
"M&M","Mahindra & Mahindra Limited","Press Release","Mahindra & Mahindra Limited has informed the Exchange regarding a press release dated August 01, 2023, titled ""Two Press Releases issued by Mahindra & Mahindra Limited "".","01-Aug-2023 14:25:19","2023-08-01 14:25:19","01-Aug-2023 14:25:42","00:00:23","https://nsearchives.nseindia.com/corporate/M&M_01082023142519_August2023PRSE.pdf"
"M&M","Mahindra & Mahindra Limited","Analysts/Institutional Investor Meet/Con. Call Updates","Mahindra & Mahindra Limited has informed the Exchange about Schedule of meet","31-Jul-2023 19:06:32","2023-07-31 19:06:32","31-Jul-2023 19:06:47","00:00:15","https://nsearchives.nseindia.com/corporate/M&M_31072023190632_UpcomingAnalystMeet31072023.pdf"
"M&M","Mahindra & Mahindra Limited","Press Release","Mahindra & Mahindra Limited has informed the Exchange regarding a press release dated July 31, 2023, titled ""Inauguration of the EV battery testing facility and foundation stone of the crash test facility "".","31-Jul-2023 17:31:20","2023-07-31 17:31:20","31-Jul-2023 17:31:39","00:00:19","https://nsearchives.nseindia.com/corporate/M&M_31072023173120_SEIntimationEVBatteryTestingandfounadtionofcrashtestfacilityPR31072023.pdf"
"M&M","Mahindra & Mahindra Limited","Loss of Share Certificates","Mahindra & Mahindra Limited has informed the Exchange about Loss of Share Certificates","29-Jul-2023 22:43:11","2023-07-29 22:43:11","29-Jul-2023 22:43:25","00:00:14","https://nsearchives.nseindia.com/corporate/M&M_29072023224311_Lossintimation29072023Signed.pdf"
"M&M","Mahindra & Mahindra Limited","Loss of Share Certificates","Mahindra & Mahindra Limited has informed the Exchange about Loss of Share Certificates","27-Jul-2023 20:42:16","2023-07-27 20:42:16","27-Jul-2023 20:42:24","00:00:08","https://nsearchives.nseindia.com/corporate/M&M_27072023204216_Lossintimation27072023Signed.pdf"
"M&M","Mahindra & Mahindra Limited","Acquisition","Increase in Voting Rights of the Company in Carnot Technologies Private Limited, a Subsidiary of the Company","26-Jul-2023 22:43:22","2023-07-26 22:43:22","26-Jul-2023 22:43:30","00:00:08","https://nsearchives.nseindia.com/corporate/M&M_26072023224322_SEIntimationIncreaseinVotingRightsinCarnot26thJuly2023.pdf"
"M&M","Mahindra & Mahindra Limited","Loss of Share Certificates","Mahindra & Mahindra Limited has informed the Exchange about Loss of Share Certificates","26-Jul-2023 22:10:34","2023-07-26 22:10:34","26-Jul-2023 22:10:43","00:00:09","https://nsearchives.nseindia.com/corporate/M&M_26072023221034_Lossintimation26072023.pdf"
"M&M","Mahindra & Mahindra Limited","Updates","Mahindra & Mahindra Limited has informed the Exchange regarding 'Acquisition of stake by the Company in RBL Bank Limited'.","26-Jul-2023 18:37:17","2023-07-26 18:37:17","26-Jul-2023 18:37:23","00:00:06","https://nsearchives.nseindia.com/corporate/M&M_26072023183717_SEIntimationRBLStake26thJuly2023.pdf"
"M&M","Mahindra & Mahindra Limited","Trading Window","Mahindra & Mahindra Limited has informed the Exchange regarding the Trading Window closure pursuant to SEBI (Prohibition of Insider Trading) Regulations, 2015","25-Jul-2023 21:27:47","2023-07-25 21:27:47","25-Jul-2023 21:27:56","00:00:09","https://nsearchives.nseindia.com/corporate/M&M_25072023212747_SEIntimationBoardMeetingAugust2023.pdf"
"M&M","Mahindra & Mahindra Limited","Press Release","Mahindra & Mahindra Limited has informed the Exchange regarding a press release dated July 24, 2023, titled ""Mahindra Group to enable US Companies to Expand Global Manufacturing  Footprint"".","24-Jul-2023 11:35:02","2023-07-24 11:35:02","24-Jul-2023 11:35:11","00:00:09","https://nsearchives.nseindia.com/corporate/M&M_24072023113502_SEIntimationPRGlobalManufacturingUSA24072023.pdf"
"M&M","Mahindra & Mahindra Limited","Updates","Mahindra & Mahindra Limited has informed the Exchange regarding 'Transfer of Equity Shares by Mahindra & Mahindra Employees  Stock Option Trust to the Stock Option Grantees'.","21-Jul-2023 16:42:36","2023-07-21 16:42:36","21-Jul-2023 16:42:46","00:00:10","https://nsearchives.nseindia.com/corporate/M&M_21072023164236_Employeeslist21072023Signed.pdf"
"M&M","Mahindra & Mahindra Limited","Updates","Mahindra & Mahindra Limited has informed the Exchange regarding 'Intimation   Details of Litigation(s) as required under Regulation 30 of the SEBI (Listing Obligations and Disclosure Requirements) Regulations, 2015'.","20-Jul-2023 21:01:27","2023-07-20 21:01:27","20-Jul-2023 21:01:36","00:00:09","https://nsearchives.nseindia.com/corporate/M&M_20072023210127_ROXORUpdate20July2023.pdf"
"M&M","Mahindra & Mahindra Limited","Certificate under SEBI (Depositories and Participants) Regulations, 2018","Mahindra & Mahindra Limited has informed the Exchange about Certificate under SEBI (Depositories and Participants) Regulations, 2018","20-Jul-2023 00:03:27","2023-07-20 00:03:27","20-Jul-2023 00:03:49","00:00:22","https://nsearchives.nseindia.com/corporate/M&M_20072023000328_SEQuarterlyCertificateJune23signed.pdf"
"M&M","Mahindra & Mahindra Limited","Loss of Share Certificates","Mahindra & Mahindra Limited has informed the Exchange about Loss of Share Certificates","18-Jul-2023 20:06:40","2023-07-18 20:06:40","18-Jul-2023 20:06:49","00:00:09","https://nsearchives.nseindia.com/corporate/M&M_18072023200640_Lossintimation18072023Signed.pdf"
"M&M","Mahindra & Mahindra Limited","Updates","Mahindra & Mahindra Limited has informed the Exchange regarding 'Intimation of request by the Company for re-classification from the ""Promoter"" category of CIE Automotive India Limited (formerly known as Mahindra CIE Automotive Limited) to ""Public"" category in accordance with Regulation 31A of the SEBI (Listing Obligations and Disclosure Requirements) Regulations, 2015'.","18-Jul-2023 19:52:11","2023-07-18 19:52:11","18-Jul-2023 19:52:18","00:00:07","https://nsearchives.nseindia.com/corporate/M&M_18072023195211_SEIntimationCIEReclassification18thJuly2023.pdf"
"M&M","Mahindra & Mahindra Limited","Press Release","Mahindra & Mahindra Limited has informed the Exchange regarding a press release dated July 14, 2023, titled ""Mahindra and NXP signs MoU to Drive Next-Generation Smart Electric Mobility"".","14-Jul-2023 19:24:30","2023-07-14 19:24:30","14-Jul-2023 19:24:52","00:00:22","https://nsearchives.nseindia.com/corporate/M&M_14072023192430_MahindraNXPPR14072023.pdf"
"M&M","Mahindra & Mahindra Limited","Loss of Share Certificates","Mahindra & Mahindra Limited has informed the Exchange about Loss of Share Certificates","13-Jul-2023 20:32:46","2023-07-13 20:32:46","13-Jul-2023 20:32:53","00:00:07","https://nsearchives.nseindia.com/corporate/M&M_13072023203246_Intimationofissueofduplicatesharecertificate13072023Signed.pdf"
"M&M","Mahindra & Mahindra Limited","Updates","Mahindra & Mahindra Limited has informed the Exchange regarding 'Transfer Of Equity Shares By Mahindra & Mahindra Employees' Stock Option Trust To The Stock Option Grantees'.","12-Jul-2023 23:28:32","2023-07-12 23:28:32","12-Jul-2023 23:28:38","00:00:06","https://nsearchives.nseindia.com/corporate/M&M_12072023232832_EmployeeListSigned.pdf"
"M&M","Mahindra & Mahindra Limited","Updates","Mahindra & Mahindra Limited has informed the Exchange regarding 'Intimation under Regulation 30 of the SEBI (Listing Obligations and Disclosure Requirements) Regulations, 2015   Cessation of CIE Automotive India Limited (formerly known as Mahindra CIEAutomotive Limited) as an Associate of the Company'.","12-Jul-2023 23:15:51","2023-07-12 23:15:51","12-Jul-2023 23:16:09","00:00:18","https://nsearchives.nseindia.com/corporate/M&M_12072023231552_SEIntimationMCIETerminationDeedandCessationofAssociate12thJuly2023.pdf"
"M&M","Mahindra & Mahindra Limited","Updates","Mahindra & Mahindra Limited has informed the Exchange regarding 'Report for the Month of June, 2023'.","11-Jul-2023 17:59:14","2023-07-11 17:59:14","11-Jul-2023 17:59:21","00:00:07","https://nsearchives.nseindia.com/corporate/M&M_11072023175914_MonthlyReport11072023.pdf"
"M&M","Mahindra & Mahindra Limited","Disclosure under SEBI Takeover Regulations","Marthand Singh Mahindra has submitted to�� the Exchange a copy of Disclosure under Regulation 10(6) of SEBI (SAST) Regulations, 2011.","10-Jul-2023 19:01:51","2023-07-10 19:01:51","10-Jul-2023 19:02:02","00:00:11","https://nsearchives.nseindia.com/corporate/M&M_10072023190151_MandM106.pdf"
"M&M","Mahindra & Mahindra Limited","Updates","Mahindra & Mahindra Limited has informed the Exchange regarding 'Clarification on Market Rumour'.","07-Jul-2023 19:44:28","2023-07-07 19:44:28","07-Jul-2023 19:44:36","00:00:08","https://nsearchives.nseindia.com/corporate/M&M_07072023194428_SEIntimationClarificationonMarketRumourEVBusiness7thJuly2023F.pdf"
"M&M","Mahindra & Mahindra Limited","Loss of Share Certificates","Mahindra & Mahindra Limited has informed the Exchange about Loss of Share Certificates","07-Jul-2023 17:36:41","2023-07-07 17:36:41","07-Jul-2023 17:37:17","00:00:36","https://nsearchives.nseindia.com/corporate/M&M_07072023173641_Lossintimation07072023Signed.pdf"
"M&M","Mahindra & Mahindra Limited","Loss of Share Certificates","Mahindra & Mahindra Limited has informed the Exchange about Loss of Share Certificates","06-Jul-2023 22:08:13","2023-07-06 22:08:13","06-Jul-2023 22:08:24","00:00:11","https://nsearchives.nseindia.com/corporate/M&M_06072023220813_Lossintimation06072023Signed.pdf"
"M&M","Mahindra & Mahindra Limited","Loss of Share Certificates","Mahindra & Mahindra Limited has informed the Exchange about Loss of Share Certificates","05-Jul-2023 22:58:10","2023-07-05 22:58:10","05-Jul-2023 22:58:17","00:00:07","https://nsearchives.nseindia.com/corporate/M&M_05072023225810_Lossintimation05072023Signed.pdf"
"M&M","Mahindra & Mahindra Limited","Copy of Newspaper Publication","Mahindra & Mahindra Limited has informed the Exchange about Newspaper Advertisements confirming the dispatch of Notice of the Annual General Meeting and Integrated Annual Report for the Financial Year 2022-23 through email and inter alia informing about the: 1. Seventy Seventh Annual General Meeting of the Company to be held on 4th August, 2023 through Video Conferencing/ Other Audio Visual Means; and 2. Remote e-voting facility offered to the Members.","05-Jul-2023 15:05:00","2023-07-05 15:05:00","05-Jul-2023 15:05:10","00:00:10","https://nsearchives.nseindia.com/corporate/M&M_05072023150500_SEintimationPostdispatchad05072023.pdf"
"M&M","Mahindra & Mahindra Limited","Press Release","Mahindra & Mahindra Limited has informed the Exchange regarding a press release dated July 03, 2023, titled ""Two Press Releases issued by Mahindra & Mahindra Limited "".","03-Jul-2023 10:37:43","2023-07-03 10:37:43","03-Jul-2023 10:38:00","00:00:17","https://nsearchives.nseindia.com/corporate/M&M_03072023103743_July2023PRSE.pdf"
"M&M","Mahindra & Mahindra Limited","Updates","Mahindra & Mahindra Limited has informed the Exchange regarding 'Business responsibility and Sustainability report for FY23'.","03-Jul-2023 01:45:09","2023-07-03 01:45:09","03-Jul-2023 01:45:17","00:00:08","https://nsearchives.nseindia.com/corporate/M&M_03072023014509_MMAnnualReport2023.pdf"
"M&M","Mahindra & Mahindra Limited","Shareholders meeting","Mahindra & Mahindra Limited has informed the Exchange regarding Notice of Annual General Meeting to be held on August 04, 2023","03-Jul-2023 01:40:49","2023-07-03 01:40:49","03-Jul-2023 01:40:58","00:00:09","https://nsearchives.nseindia.com/corporate/M&M_03072023014049_MMAnnualReport2023.pdf"
"M&M","Mahindra & Mahindra Limited","Copy of Newspaper Publication","Mahindra & Mahindra Limited has informed the Exchange about Newspaper Advertisements - Compliance under Regulation 47 of the SEBI (Listing Obligations and Disclosure Requirements) Regulations, 2015","30-Jun-2023 18:21:29","2023-06-30 18:21:29","30-Jun-2023 18:21:33","00:00:04","https://nsearchives.nseindia.com/corporate/M&M_30062023182129_SEIntimationPredispatch30062023Signed.pdf"
"M&M","Mahindra & Mahindra Limited","Loss of Share Certificates","Mahindra & Mahindra Limited has informed the Exchange about Loss of Share Certificates","27-Jun-2023 23:21:58","2023-06-27 23:21:58","27-Jun-2023 23:22:07","00:00:09","https://nsearchives.nseindia.com/corporate/M&M_27062023232158_lossIntimationSigned27062023.pdf"
"M&M","Mahindra & Mahindra Limited","Credit Rating","Mahindra & Mahindra Limited has informed the Exchange about Credit Rating","26-Jun-2023 11:15:17","2023-06-26 11:15:17","26-Jun-2023 11:15:24","00:00:07","https://nsearchives.nseindia.com/corporate/M&M_26062023111517_SEIntimationCRISILLimitedPR23062023.pdf"
"M&M","Mahindra & Mahindra Limited","Updates","Mahindra & Mahindra Limited has informed the Exchange regarding 'Communication to shareholders as per Regulation 30 of SEBI (Listing Obligations and Disclosure Requirements) Regulations, 2015 - Dividend for FY 2022-23 Intimation on Tax Deduction at Source (TDS) / withholding tax on Dividend'.","24-Jun-2023 18:18:10","2023-06-24 18:18:10","24-Jun-2023 18:18:14","00:00:04","https://nsearchives.nseindia.com/corporate/M&M_24062023181810_TDSintimationSigned.pdf"
"M&M","Mahindra & Mahindra Limited","Updates","Mahindra & Mahindra Limited has informed the Exchange regarding 'Transfer of Equity Shares by Mahindra & Mahindra Employees' Stock Option Trust to the Stock Option Grantees'.","23-Jun-2023 23:31:06","2023-06-23 23:31:06","23-Jun-2023 23:31:09","00:00:03","https://nsearchives.nseindia.com/corporate/M&M_23062023233106_Employeeslist23062023Signed.pdf"
"M&M","Mahindra & Mahindra Limited","Loss of Share Certificates","Mahindra & Mahindra Limited has informed the Exchange about Loss of Share Certificates","23-Jun-2023 23:24:46","2023-06-23 23:24:46","23-Jun-2023 23:24:50","00:00:04","https://nsearchives.nseindia.com/corporate/M&M_23062023232446_Lossintimation23062023Signed.pdf"
"M&M","Mahindra & Mahindra Limited","Loss of Share Certificates","Mahindra & Mahindra Limited has informed the Exchange about Loss of Share Certificates","21-Jun-2023 19:52:20","2023-06-21 19:52:20","21-Jun-2023 19:52:48","00:00:28","https://nsearchives.nseindia.com/corporate/M&M_21062023195220_Lossintimation21062023.pdf"
"M&M","Mahindra & Mahindra Limited","Loss of Share Certificates","Mahindra & Mahindra Limited has informed the Exchange about Loss of Share Certificates","16-Jun-2023 20:49:51","2023-06-16 20:49:51","16-Jun-2023 20:49:57","00:00:06","https://nsearchives.nseindia.com/corporate/M&M_16062023204952_Lossintimation16062023.pdf"
"M&M","Mahindra & Mahindra Limited","Analysts/Institutional Investor Meet/Con. Call Updates","Mahindra & Mahindra Limited has informed the Exchange about Presentation","16-Jun-2023 20:19:18","2023-06-16 20:19:18","16-Jun-2023 20:19:21","00:00:03","https://nsearchives.nseindia.com/corporate/M&M_16062023201918_ConcludedAnalystMeet16062023.pdf"
"M&M","Mahindra & Mahindra Limited","Acquisition","Mahindra & Mahindra Limited has informed the Exchange about Incorporation of Gelos Solren Private Limited","14-Jun-2023 23:10:40","2023-06-14 23:10:40","14-Jun-2023 23:10:44","00:00:04","https://nsearchives.nseindia.com/corporate/M&M_14062023231040_GelosSolren.pdf"
"M&M","Mahindra & Mahindra Limited","Acquisition","Mahindra & Mahindra Limited has informed the Exchange about Incorporation of Furies Solren Private Limited","14-Jun-2023 23:02:23","2023-06-14 23:02:23","14-Jun-2023 23:02:25","00:00:02","https://nsearchives.nseindia.com/corporate/M&M_14062023230223_FuriesSolren.pdf"
"M&M","Mahindra & Mahindra Limited","Loss of Share Certificates","Mahindra & Mahindra Limited has informed the Exchange about Loss of Share Certificates","14-Jun-2023 21:58:38","2023-06-14 21:58:38","14-Jun-2023 21:58:41","00:00:03","https://nsearchives.nseindia.com/corporate/M&M_14062023215838_Intimationofissueofduplicatesharecertificate14062023.pdf"
"M&M","Mahindra & Mahindra Limited","Analysts/Institutional Investor Meet/Con. Call Updates","Mahindra & Mahindra Limited has informed the Exchange about Presentation","14-Jun-2023 00:00:05","2023-06-14 00:00:05","14-Jun-2023 00:00:25","00:00:20","https://nsearchives.nseindia.com/corporate/M&M_14062023000005_ConcludedAnalystMeet13062023.pdf"
"M&M","Mahindra & Mahindra Limited","Updates","Mahindra & Mahindra Limited has informed the Exchange regarding 'Transfer of Equity Shares by Mahindra & Mahindra Employees  Stock Option Trust to the Stock Option Grantees'.","13-Jun-2023 23:28:23","2023-06-13 23:28:23","13-Jun-2023 23:28:26","00:00:03","https://nsearchives.nseindia.com/corporate/M&M_13062023232823_Employeeslist13062023Signed.pdf"
"M&M","Mahindra & Mahindra Limited","Updates","Mahindra & Mahindra Limited has informed the Exchange regarding 'Report for the Month of May, 2023'.","13-Jun-2023 11:39:58","2023-06-13 11:39:58","13-Jun-2023 11:40:06","00:00:08","https://nsearchives.nseindia.com/corporate/M&M_13062023113958_MonthlyReport13062023.pdf"
"M&M","Mahindra & Mahindra Limited","Analysts/Institutional Investor Meet/Con. Call Updates","Mahindra & Mahindra Limited has informed the Exchange about Schedule of meet and Presentation","09-Jun-2023 19:21:09","2023-06-09 19:21:09","09-Jun-2023 19:21:16","00:00:07","https://nsearchives.nseindia.com/corporate/M&M_09062023192109_AdditionalPresentationNDRUSUK.pdf"
"M&M","Mahindra & Mahindra Limited","Analysts/Institutional Investor Meet/Con. Call Updates","Mahindra & Mahindra Limited has informed the Exchange about Schedule of meet","09-Jun-2023 17:52:37","2023-06-09 17:52:37","09-Jun-2023 17:52:41","00:00:04","https://nsearchives.nseindia.com/corporate/M&M_09062023175237_UpcomingAnalystMeet090623.pdf"
"M&M","Mahindra & Mahindra Limited","Analysts/Institutional Investor Meet/Con. Call Updates","Mahindra & Mahindra Limited has informed the Exchange about Presentation","09-Jun-2023 17:52:37","2023-06-09 17:52:37","09-Jun-2023 17:52:45","00:00:08","https://nsearchives.nseindia.com/corporate/M&M_09062023175237_UpcomingAnalystMeet090623.pdf"
"M&M","Mahindra & Mahindra Limited","Copy of Newspaper Publication","Mahindra & Mahindra Limited has informed the Exchange about Newspaper Advertisements for the transfer of Ordinary (Equity) Shares to IEPF","09-Jun-2023 17:20:17","2023-06-09 17:20:17","09-Jun-2023 17:20:20","00:00:03","https://nsearchives.nseindia.com/corporate/M&M_09062023172017_SEintimationiepfnewspaperadvt09062023.pdf"
"M&M","Mahindra & Mahindra Limited","Loss of Share Certificates","Mahindra & Mahindra Limited has informed the Exchange about Loss of Share Certificates","08-Jun-2023 19:54:07","2023-06-08 19:54:07","08-Jun-2023 19:54:15","00:00:08","https://nsearchives.nseindia.com/corporate/M&M_08062023195407_Lossintimation08062023Signed.pdf"
"M&M","Mahindra & Mahindra Limited","Analysts/Institutional Investor Meet/Con. Call Updates","Mahindra & Mahindra Limited has informed the Exchange about Presentation","08-Jun-2023 18:01:19","2023-06-08 18:01:19","08-Jun-2023 18:01:23","00:00:04","https://nsearchives.nseindia.com/corporate/M&M_08062023180119_ConcludedAnalystMeet08062023.pdf"
"M&M","Mahindra & Mahindra Limited","Analysts/Institutional Investor Meet/Con. Call Updates","Mahindra & Mahindra Limited has informed the Exchange about Presentation","07-Jun-2023 19:15:54","2023-06-07 19:15:54","07-Jun-2023 19:15:57","00:00:03","https://nsearchives.nseindia.com/corporate/M&M_07062023191554_ConcludedAnalystMeet07062023.pdf"
"M&M","Mahindra & Mahindra Limited","Loss of Share Certificates","Mahindra & Mahindra Limited has informed the Exchange about Loss of Share Certificates","06-Jun-2023 16:22:21","2023-06-06 16:22:21","06-Jun-2023 16:22:27","00:00:06","https://nsearchives.nseindia.com/corporate/M&M_06062023162221_Lossintimation06062023Signed.pdf"
"M&M","Mahindra & Mahindra Limited","Analysts/Institutional Investor Meet/Con. Call Updates","Mahindra & Mahindra Limited has informed the Exchange about Schedule of meet","06-Jun-2023 14:24:57","2023-06-06 14:24:57","06-Jun-2023 14:25:04","00:00:07","https://nsearchives.nseindia.com/corporate/M&M_06062023142457_UpcomingAnalystMeet06062023.pdf"
"M&M","Mahindra & Mahindra Limited","Updates","Mahindra & Mahindra Limited has informed the Exchange regarding 'Sale of Stake held by Sunrise Initiatives in Mahindra Marine Private Limited to Ocean BlueBoating Private Limited'.","05-Jun-2023 23:12:59","2023-06-05 23:12:59","05-Jun-2023 23:13:04","00:00:05","https://nsearchives.nseindia.com/corporate/M&M_05062023231259_SaleofStakeinMahindraMarine5JUNE2023.pdf"
"M&M","Mahindra & Mahindra Limited","Acquisition","Mahindra & Mahindra Limited has informed the Exchange about Incorporation of Hazel Hybren Private Limited","02-Jun-2023 22:30:10","2023-06-02 22:30:10","02-Jun-2023 22:30:15","00:00:05","https://nsearchives.nseindia.com/corporate/M&M_02062023223011_HAZEL.pdf"
"M&M","Mahindra & Mahindra Limited","Loss of Share Certificates","Mahindra & Mahindra Limited has informed the Exchange about Loss of Share Certificates","02-Jun-2023 18:08:50","2023-06-02 18:08:50","02-Jun-2023 18:08:55","00:00:05","https://nsearchives.nseindia.com/corporate/M&M_02062023180850_Lossintimation02062023.pdf"
"M&M","Mahindra & Mahindra Limited","Press Release","Mahindra & Mahindra Limited has informed the Exchange regarding a press release dated Jun 02, 2023, titled ""Swaraj Tractors launches a new Compact Light Weight Tractor Range  Swaraj Target  and Announcement of MS Dhoni endorsing the Swaraj Tractor Brand"".","02-Jun-2023 13:09:20","2023-06-02 13:09:20","02-Jun-2023 13:09:23","00:00:03","https://nsearchives.nseindia.com/corporate/M&M_02062023130920_SEIntimationSwarajTarget630Launch02June2023.pdf"
"M&M","Mahindra & Mahindra Limited","Analysts/Institutional Investor Meet/Con. Call Updates","Mahindra & Mahindra Limited has informed the Exchange about Link of Presentations","01-Jun-2023 18:05:48","2023-06-01 18:05:48","01-Jun-2023 18:05:58","00:00:10","https://nsearchives.nseindia.com/corporate/M&M_01062023180548_Concluded01062023.pdf"
"M&M","Mahindra & Mahindra Limited","Analysts/Institutional Investor Meet/Con. Call Updates","Mahindra & Mahindra Limited has informed the Exchange about Transcript","01-Jun-2023 14:11:45","2023-06-01 14:11:45","01-Jun-2023 14:11:47","00:00:02","https://nsearchives.nseindia.com/corporate/M&M_01062023141145_SEIntimationregardingTranscriptofAnalystMeetheldon26thMay2023.pdf"
"M&M","Mahindra & Mahindra Limited","Press Release","Mahindra & Mahindra Limited has informed the Exchange regarding a press release dated Jun 01, 2023, titled ""Two Press Releases issued by Mahindra & Mahindra Limited "".","01-Jun-2023 12:36:28","2023-06-01 12:36:28","01-Jun-2023 12:36:32","00:00:04","https://nsearchives.nseindia.com/corporate/M&M_01062023123628_June2023PRSE.pdf"
"M&M","Mahindra & Mahindra Limited","Updates","Mahindra & Mahindra Limited has informed the Exchange regarding 'Update on Agreement(s) for Partial Divestment of stake held by Mahindra Holdings Limited (""MHL""), a wholly owned subsidiary of the Company, in Mahindra Susten Private Limited, a Subsidiary of MHL and of the Company and related transactions'.","31-May-2023 16:26:39","2023-05-31 16:26:39","31-May-2023 16:26:43","00:00:04","https://nsearchives.nseindia.com/corporate/M&M_31052023162639_SEintimation.pdf"
"M&M","Mahindra & Mahindra Limited","Analysts/Institutional Investor Meet/Con. Call Updates","Mahindra & Mahindra Limited has informed the Exchange about Link of Presentation","31-May-2023 15:15:22","2023-05-31 15:15:22","31-May-2023 15:15:29","00:00:07","https://nsearchives.nseindia.com/corporate/M&M_31052023151522_ConcludedNDR310523.pdf"
"M&M","Mahindra & Mahindra Limited","Updates","Mahindra & Mahindra Limited has informed the Exchange regarding ''. Extension of Long Stop Date for Sale of Stake in MahindraWaste To Energy Solutions Limited (MWTESL) to Blue Planet Environmental SolutionsPte Ltd or any of its Affiliates","31-May-2023 14:30:00","2023-05-31 14:30:00","31-May-2023 14:30:07","00:00:07","https://nsearchives.nseindia.com/corporate/M&M_31052023143000_MWTELongStopIntimationSep23.pdf"
"M&M","Mahindra & Mahindra Limited","Acquisition","Mahindra & Mahindra Limited has informed the Exchange about Incorporation of Icarus Hybren Private Limited","30-May-2023 23:03:14","2023-05-30 23:03:14","30-May-2023 23:03:20","00:00:06","https://nsearchives.nseindia.com/corporate/M&M_30052023230314_IncorporationICARUS.pdf"
"M&M","Mahindra & Mahindra Limited","Analysts/Institutional Investor Meet/Con. Call Updates","Mahindra & Mahindra Limited has informed the Exchange about Link of Presentation","30-May-2023 17:41:08","2023-05-30 17:41:08","30-May-2023 17:41:22","00:00:14","https://nsearchives.nseindia.com/corporate/M&M_30052023174108_Concluded300523.pdf"
"M&M","Mahindra & Mahindra Limited","Acquisition","Mahindra & Mahindra Limited has informed the Exchange about incorporation of Mahindra Last Mile Mobility Limited","30-May-2023 16:57:11","2023-05-30 16:57:11","30-May-2023 16:57:17","00:00:06","https://nsearchives.nseindia.com/corporate/M&M_30052023165711_LMMNEWCOINCORPORATION.pdf"
"M&M","Mahindra & Mahindra Limited","Updates","Mahindra & Mahindra Limited has informed the Exchange regarding ''Transfer of Equity Shares by Mahindra & Mahindra Employees'' Stock Option Trust to the Stock Option Grantees''.","29-May-2023 22:29:16","2023-05-29 22:29:16","29-May-2023 22:29:33","00:00:17","https://nsearchives.nseindia.com/corporate/M&M_29052023222916_Employeeslist29052023Signed.pdf"
"M&M","Mahindra & Mahindra Limited","Analysts/Institutional Investor Meet/Con. Call Updates","Mahindra & Mahindra Limited has informed the Exchange about Schedule of meet","29-May-2023 16:11:08","2023-05-29 16:11:08","29-May-2023 16:11:17","00:00:09","https://nsearchives.nseindia.com/corporate/M&M_29052023161109_UpcomingAnalystmeet29052023.pdf"
"M&M","Mahindra & Mahindra Limited","Analysts/Institutional Investor Meet/Con. Call Updates","Mahindra & Mahindra Limited has informed the Exchange about Schedule of meet","29-May-2023 16:11:08","2023-05-29 16:11:08","29-May-2023 16:11:13","00:00:05","https://nsearchives.nseindia.com/corporate/M&M_29052023161108_UpcomingAnalystmeet29052023.pdf"
"M&M","Mahindra & Mahindra Limited","Analysts/Institutional Investor Meet/Con. Call Updates","This is further to our letter bearing REF:NS:SEC dated 25th May, 2023 wherein we had given you an advance intimation of the Schedule of Analyst or Institutional Investor Meeting(s) with the Company in terms of Regulation 30 read with Schedule III of the Securities and Exchange Board of India (Listing Obligations and Disclosure Requirements) Regulations, 2015.In this regard, we would like to mention that the Presentation(s) which was sent to the Stock Exchanges vide letter bearing REF:NS:SEC dated 26th May, 2023 and which is available at the Weblink: https://mahindra.com/sites/default/files/2023-05/M-M-Analyst-Meet-2023-Presentations-deck-26th-May-2023.pdf would be made at the Non-Deal Roadshow (NDR) scheduled to be held on 29th - 31st May, 2023 in Singapore.In addition to the above, a Presentation, which is enclosed, would also be made during the aforesaid NDR scheduled to be held on 29th - 31st May, 2023 in Singapore. The same is also being uploaded on the Company s website and can be accessed at the Weblink: https://www.mahindra.com/sites/default/files/2023-05/Investor-Deck-NDR-May-2023.pdf","29-May-2023 07:06:46","2023-05-29 07:06:46","29-May-2023 07:06:51","00:00:05","https://nsearchives.nseindia.com/corporate/M&M_29052023070646_AdditionalPresentationNDR.pdf"
"M&M","Mahindra & Mahindra Limited","Copy of Newspaper Publication","Mahindra & Mahindra Limited has informed the Exchange about Copy of Newspaper Publication","27-May-2023 10:53:06","2023-05-27 10:53:06","27-May-2023 10:53:10","00:00:04","https://nsearchives.nseindia.com/corporate/M&M_27052023105306_NewspaperPublication27052023.pdf"
"M&M","Mahindra & Mahindra Limited","Analysts/Institutional Investor Meet/Con. Call Updates","Mahindra & Mahindra Limited has informed the Exchange about Presentation and Link of Recording","26-May-2023 21:52:38","2023-05-26 21:52:38","26-May-2023 21:52:41","00:00:03","https://nsearchives.nseindia.com/corporate/M&M_26052023215238_SEIntimationPostAnalystMeetwithPresentationandAVLink26thMay2023.pdf"
"M&M","Mahindra & Mahindra Limited","Investor Presentation","Mahindra & Mahindra Limited has informed the Exchange about Investor Presentation","26-May-2023 15:01:37","2023-05-26 15:01:37","26-May-2023 15:01:42","00:00:05","https://nsearchives.nseindia.com/corporate/M&M_26052023150137_SEIntimationenclosingPresentationbeingmadetoPressandAnalyst26thMay2023.pdf"
"M&M","Mahindra & Mahindra Limited","Related Party Transactions","Mahindra & Mahindra Limited has informed the Exchange about related Party Transactions","26-May-2023 14:48:17","2023-05-26 14:48:17","26-May-2023 14:48:51","00:00:34","https://nsearchives.nseindia.com/corporate/M&M_26052023144817_SEIntimationRPTHYDisclosure26thMay2023.pdf"
"M&M","Mahindra & Mahindra Limited","Book Closure","Mahindra & Mahindra Limited has informed the Exchange that Register of Members & Share Transfer Books of the Company will remain closed from 15-Jul-2023 to 04-Aug-2023 (both days inclusive) for the purpose of Dividend & Annual General Meeting.","26-May-2023 14:10:18","2023-05-26 14:10:18","26-May-2023 14:10:21","00:00:03","https://nsearchives.nseindia.com/corporate/M&M_26052023141018_BMoutcome.pdf"
"M&M","Mahindra & Mahindra Limited","Press Release","Press Release on Audited Standalone and Consolidated Financial Results of the Company for the fourth quarter and year ended 31st March, 2023","26-May-2023 14:07:07","2023-05-26 14:07:07","26-May-2023 14:07:17","00:00:10","https://nsearchives.nseindia.com/corporate/M&M_26052023140707_PressRelease.pdf"
"M&M","Mahindra & Mahindra Limited","Dividend","Mahindra & Mahindra Limited has informed the Exchange that Board of Directors at its meeting held on May 26, 2023, recommended Final Dividend of Rs. 16.25 (325%) per Ordinary (Equity) Share of the face value of Rs.5 each.","26-May-2023 14:04:47","2023-05-26 14:04:47","26-May-2023 14:04:50","00:00:03","https://nsearchives.nseindia.com/corporate/M&M_26052023140447_BMoutcome.pdf"
"M&M","Mahindra & Mahindra Limited","Outcome of Board Meeting","Mahindra & Mahindra Limited has informed the Exchange regarding  Board meeting held on May 26, 2023.","26-May-2023 14:02:39","2023-05-26 14:02:39","26-May-2023 14:02:46","00:00:07","https://nsearchives.nseindia.com/corporate/M&M_26052023140239_SEIntimationOutcome26May2023.pdf"
"M&M","Mahindra & Mahindra Limited","Financial Result Updates","Mahindra & Mahindra Limited has submitted to the Exchange, the financial results for the period ended March 31, 2023.","26-May-2023 13:59:59","2023-05-26 13:59:59","26-May-2023 14:00:26","00:00:27","https://nsearchives.nseindia.com/corporate/SEIntimationOutcome26May2023_26052023135959.pdf"
"M&M","Mahindra & Mahindra Limited","Loss of Share Certificates","Mahindra & Mahindra Limited has informed the Exchange about Loss of Share Certificates","25-May-2023 20:17:41","2023-05-25 20:17:41","25-May-2023 20:17:50","00:00:09","https://nsearchives.nseindia.com/corporate/M&M_25052023201741_Lossintimation25052023Signed.pdf"
"M&M","Mahindra & Mahindra Limited","Analysts/Institutional Investor Meet/Con. Call Updates","Mahindra & Mahindra Limited has informed the Exchange about Schedule of meet","25-May-2023 19:52:57","2023-05-25 19:52:57","25-May-2023 19:53:02","00:00:05","https://nsearchives.nseindia.com/corporate/M&M_25052023195257_UpcominginvestorConferenceNDR250523.pdf"
"M&M","Mahindra & Mahindra Limited","Annual Secretarial Compliance Report","Submission of Annual Secretarial Compliance Report for the year ended 31st March, 2023","25-May-2023 11:38:22","2023-05-25 11:38:22","25-May-2023 11:38:24","00:00:02","https://nsearchives.nseindia.com/corporate/M&M_25052023113822_ASCR2023.pdf"
"M&M","Mahindra & Mahindra Limited","Updates","Mahindra & Mahindra Limited has informed the Exchange regarding 'Intimation under Regulation 30 of the SEBI (Listing Obligations and Disclosure Requirements) Regulations, 2015 - Sale of entire stake held by the Company in Mahindra CIE Automotive Limited, a listed associate of the Company '.","24-May-2023 13:54:44","2023-05-24 13:54:44","24-May-2023 13:54:48","00:00:04","https://nsearchives.nseindia.com/corporate/M&M_24052023135444_SEIntimationSaleofBalanceStakeinMCIE24thMay2023.pdf"
"M&M","Mahindra & Mahindra Limited","Loss of Share Certificates","Mahindra & Mahindra Limited has informed the Exchange about Loss of Share Certificates","22-May-2023 23:27:38","2023-05-22 23:27:38","22-May-2023 23:27:42","00:00:04","https://nsearchives.nseindia.com/corporate/M&M_22052023232738_Lossintimation22052023Signed.pdf"
"M&M","Mahindra & Mahindra Limited","Analysts/Institutional Investor Meet/Con. Call Updates","Mahindra & Mahindra Limited has informed the Exchange about Schedule of meet","22-May-2023 15:30:32","2023-05-22 15:30:32","22-May-2023 15:30:37","00:00:05","https://nsearchives.nseindia.com/corporate/M&M_22052023153033_UpcomingAnalystMeet26May23.pdf"
"M&M","Mahindra & Mahindra Limited","Loss of Share Certificates","Mahindra & Mahindra Limited has informed the Exchange about Loss of Share Certificates","19-May-2023 19:30:52","2023-05-19 19:30:52","19-May-2023 19:31:03","00:00:11","https://nsearchives.nseindia.com/corporate/M&M_19052023193052_Intimationofissueofduplicatesharecertificate19052023Signed.pdf"
"M&M","Mahindra & Mahindra Limited","Loss of Share Certificates","Mahindra & Mahindra Limited has informed the Exchange about Loss of Share Certificates","19-May-2023 19:29:09","2023-05-19 19:29:09","19-May-2023 19:29:17","00:00:08","https://nsearchives.nseindia.com/corporate/M&M_19052023192910_Lossintimation19052023Signed.pdf"
"M&M","Mahindra & Mahindra Limited","Disclosure under SEBI Takeover Regulations","Keshub Mahindra and Anand Mahindra has Submitted to the Exchange a copy of Disclosure under Regulation 31(4) of the Securities and Exchange Board of India (Substantial Acquisition of Shares and Takeovers) Regulations, 2011.","19-May-2023 16:52:09","2023-05-19 16:52:09","19-May-2023 16:52:23","00:00:14","https://nsearchives.nseindia.com/corporate/M&M_19052023165209_Declaration3.pdf"
"M&M","Mahindra & Mahindra Limited","Loss of Share Certificates","Mahindra & Mahindra Limited has informed the Exchange about Loss of Share Certificates","17-May-2023 22:03:50","2023-05-17 22:03:50","17-May-2023 22:03:52","00:00:02","https://nsearchives.nseindia.com/corporate/M&M_17052023220350_Lossintimation17052023Signed.pdf"
"M&M","Mahindra & Mahindra Limited","Updates","Mahindra & Mahindra Limited has informed the Exchange regarding 'Transfer of Equity Shares by Mahindra & Mahindra Employees'' Stock Option Trust to the Stock Option Grantees'.","15-May-2023 22:46:44","2023-05-15 22:46:44","15-May-2023 22:46:48","00:00:04","https://nsearchives.nseindia.com/corporate/M&M_15052023224644_Employeeslist15052023Signed.pdf"
"M&M","Mahindra & Mahindra Limited","Loss of Share Certificates","Mahindra & Mahindra Limited has informed the Exchange about Loss of Share Certificates","12-May-2023 19:12:47","2023-05-12 19:12:47","12-May-2023 19:12:50","00:00:03","https://nsearchives.nseindia.com/corporate/M&M_12052023191247_Lossintimation12052023.pdf"
"M&M","Mahindra & Mahindra Limited","Updates","Mahindra & Mahindra Limited has informed the Exchange regarding 'Report for the Month of April, 2023'.","11-May-2023 18:50:10","2023-05-11 18:50:10","11-May-2023 18:50:15","00:00:05","https://nsearchives.nseindia.com/corporate/M&M_11052023185010_MonthlyReport11052023.pdf"
"M&M","Mahindra & Mahindra Limited","Loss of Share Certificates","Mahindra & Mahindra Limited has informed the Exchange about Loss of Share Certificates","09-May-2023 23:27:15","2023-05-09 23:27:15","09-May-2023 23:27:18","00:00:03","https://nsearchives.nseindia.com/corporate/M&M_09052023232715_Lossintimation09052023Signed.pdf"
"M&M","Mahindra & Mahindra Limited","Press Release","Mahindra & Mahindra Limited has informed the Exchange regarding a press release dated May 02, 2023, titled ""Two Press Releases issued by Mahindra & Mahindra Limited "".","02-May-2023 10:24:20","2023-05-02 10:24:20","02-May-2023 10:24:25","00:00:05","https://nsearchives.nseindia.com/corporate/M&M_02052023102420_May2023PRSE.pdf"
"M&M","Mahindra & Mahindra Limited","Loss of Share Certificates","Mahindra & Mahindra Limited has informed the Exchange about Loss of Share Certificates","27-Apr-2023 21:18:57","2023-04-27 21:18:57","27-Apr-2023 21:18:59","00:00:02","https://nsearchives.nseindia.com/corporate/M&M_27042023211857_Lossintimation27042023Signed.pdf"
"M&M","Mahindra & Mahindra Limited","Updates","Mahindra & Mahindra Limited has informed the Exchange regarding 'Intimation under Regulation 30 of the SEBI (Listing Obligations and Disclosure Requirements)Regulations, 2015   Sale of Residual Stake held by the Company in Sanyo Special SteelManufacturing India Private Limited (Formerly known as Mahindra Sanyo Special Steel PrivateLimited) ( SSSMIPL ) pursuant to exercise of a Put Option and cessation of SSSMIPL as anAssociate of the Company'.","27-Apr-2023 19:01:14","2023-04-27 19:01:14","27-Apr-2023 19:03:04","00:01:50","https://nsearchives.nseindia.com/corporate/M&M_27042023190114_SEIntimationClosingofTransactionSanyoPutOption27thApril2023.pdf"
"M&M","Mahindra & Mahindra Limited","Loss of Share Certificates","Mahindra & Mahindra Limited has informed the Exchange about Loss of Share Certificates","26-Apr-2023 12:50:18","2023-04-26 12:50:18","26-Apr-2023 12:50:22","00:00:04","https://nsearchives.nseindia.com/corporate/M&M_26042023125018_Intimationofissueofduplicatesharecertificate26042023Signed.pdf"
"M&M","Mahindra & Mahindra Limited","Press Release","Mahindra & Mahindra Limited has informed the Exchange regarding a press release dated April 24, 2023, titled ""Mahindra Last Mile Mobility organises ground-breaking ceremony of its EV manufacturing facility in Zaheerabad; graced by Shri. K T Ramarao, Hon ble Minister of IT, Industries and Commerce"".","24-Apr-2023 16:06:48","2023-04-24 16:06:48","24-Apr-2023 16:06:51","00:00:03","https://nsearchives.nseindia.com/corporate/M&M_24042023160648_GroundBreakingCeremonyatZaheerabad24042023.pdf"
"M&M","Mahindra & Mahindra Limited","Updates","Mahindra & Mahindra Limited has informed the Exchange regarding 'Update on the Intimation under Regulation 30 of the SEBI (Listing Obligations and Disclosure Requirements) Regulations, 2015  Sale of Residual Stake held by the Company in Sanyo Special Steel Manufacturing India Private Limited (Formerly known as Mahindra Sanyo Special Steel Private Limited) pursuant to exercise of a Put Option'.","24-Apr-2023 15:29:39","2023-04-24 15:29:39","24-Apr-2023 15:29:45","00:00:06","https://nsearchives.nseindia.com/corporate/M&M_24042023152939_SEIntimationPriceofPutOptionPertainingtoSanyo24thApril2023F.pdf"
"M&M","Mahindra & Mahindra Limited","Updates","Mahindra & Mahindra Limited has informed the Exchange regarding 'Mahindra & Mahindra Limited has informed the Exchange regarding 'Transfer of Equity Shares by Mahindra & Mahindra Employees Stock Option Trust to the Stock Option Grantees''.","21-Apr-2023 23:43:03","2023-04-21 23:43:03","21-Apr-2023 23:43:07","00:00:04","https://nsearchives.nseindia.com/corporate/M&M_21042023234303_Employeeslist21042023.pdf"
"M&M","Mahindra & Mahindra Limited","Loss of Share Certificates","Mahindra & Mahindra Limited has informed the Exchange about Loss of Share Certificates","20-Apr-2023 21:39:26","2023-04-20 21:39:26","20-Apr-2023 21:39:30","00:00:04","https://nsearchives.nseindia.com/corporate/M&M_20042023213927_Lossintimation20042023Signed.pdf"
"M&M","Mahindra & Mahindra Limited","Loss of Share Certificates","Mahindra & Mahindra Limited has informed the Exchange about Loss of Share Certificates","19-Apr-2023 02:37:34","2023-04-19 02:37:34","19-Apr-2023 02:37:38","00:00:04","https://nsearchives.nseindia.com/corporate/M&M_19042023023734_Lossintimation19042023Signed.pdf"
"M&M","Mahindra & Mahindra Limited","Press Release","Mahindra & Mahindra Limited has informed the Exchange regarding a press release dated April 18, 2023, titled ""XUV400   Mahindra s first e-SUV is truly Sustainable"".","18-Apr-2023 16:20:10","2023-04-18 16:20:10","18-Apr-2023 16:20:14","00:00:04","https://nsearchives.nseindia.com/corporate/M&M_18042023162010_MMPRXUV400April182023F.pdf"
"M&M","Mahindra & Mahindra Limited","Loss of Share Certificates","Mahindra & Mahindra Limited has informed the Exchange about Loss of Share Certificates","15-Apr-2023 21:13:24","2023-04-15 21:13:24","15-Apr-2023 21:13:28","00:00:04","https://nsearchives.nseindia.com/corporate/M&M_15042023211324_Lossintimation15042023Signed.pdf"
"M&M","Mahindra & Mahindra Limited","Certificate under SEBI (Depositories and Participants) Regulations, 2018","Mahindra & Mahindra Limited has informed the Exchange about Certificate under SEBI (Depositories and Participants) Regulations, 2018","14-Apr-2023 18:23:56","2023-04-14 18:23:56","14-Apr-2023 18:23:59","00:00:03","https://nsearchives.nseindia.com/corporate/M&M_14042023182356_QuarterlyCertificate745Mar23Signed.pdf"
"M&M","Mahindra & Mahindra Limited","Press Release","Mahindra & Mahindra Limited has informed the Exchange regarding a press release dated April 12, 2023, titled ""Intimation of Sad Demise of Mr. Keshub Mahindra, Chairman Emeritus of the Company"".","12-Apr-2023 15:14:30","2023-04-12 15:14:30","12-Apr-2023 15:14:34","00:00:04","https://nsearchives.nseindia.com/corporate/M&M_12042023151430_SEIntimationaboutdemiseofMrKeshubMahindraChairmanEmeritus.pdf"
"M&M","Mahindra & Mahindra Limited","Loss of Share Certificates","Mahindra & Mahindra Limited has informed the Exchange about Loss of Share Certificates","11-Apr-2023 19:43:11","2023-04-11 19:43:11","11-Apr-2023 19:43:14","00:00:03","https://nsearchives.nseindia.com/corporate/M&M_11042023194311_Lossintimation11042023Signed.pdf"
"M&M","Mahindra & Mahindra Limited","Press Release","Mahindra & Mahindra Limited has informed the Exchange regarding a press release dated April 06, 2023, titled ""Mahindra's global tractor program, codenamed K2, will be launched under the brand name ""OJA"""".","06-Apr-2023 14:58:08","2023-04-06 14:58:08","06-Apr-2023 14:58:13","00:00:05","https://nsearchives.nseindia.com/corporate/M&M_06042023145808_NameRevealTractorsunderbrandnameOJA.pdf"
"M&M","Mahindra & Mahindra Limited","Loss of Share Certificates","Mahindra & Mahindra Limited has informed the Exchange about Loss of Share Certificates","05-Apr-2023 19:56:54","2023-04-05 19:56:54","05-Apr-2023 19:56:58","00:00:04","https://nsearchives.nseindia.com/corporate/M&M_05042023195654_Lossintimation05042023.pdf"
"M&M","Mahindra & Mahindra Limited","Press Release","Mahindra & Mahindra Limited has informed the Exchange regarding a press release dated April 05, 2023, titled ""Mahindra Research Valley at the forefront of AutomotiveTechnology; seals its leadership with record 210 patents in last 6 quarters "".","05-Apr-2023 15:26:59","2023-04-05 15:26:59","05-Apr-2023 15:27:03","00:00:04","https://nsearchives.nseindia.com/corporate/M&M_05042023152659_MMPR5April2023MRVPatents.pdf"
"M&M","Mahindra & Mahindra Limited","Press Release","Mahindra & Mahindra Limited has informed the Exchange regarding a press release dated April 03, 2023, titled ""Two Press Releases issued by Mahindra & Mahindra Limited "".","03-Apr-2023 09:31:41","2023-04-03 09:31:41","03-Apr-2023 09:31:47","00:00:06","https://nsearchives.nseindia.com/corporate/M&M_03042023093141_April2023PRSE.pdf"
"M&M","Mahindra & Mahindra Limited","Loss of Share Certificates","Mahindra & Mahindra Limited has informed the Exchange about Loss of Share Certificates","02-Apr-2023 19:46:04","2023-04-02 19:46:04","02-Apr-2023 19:46:08","00:00:04","https://nsearchives.nseindia.com/corporate/M&M_02042023194604_Intimationofduplicatesharecertificate02042023.pdf"
"M&M","Mahindra & Mahindra Limited","Acquisition","Intimation of acquisition   under Regulation 30 read with Schedule III of SEBI (Listing Obligations and Disclosure Requirements) Regulations, 2015","24-Mar-2023 20:07:19","2023-03-24 20:07:19","24-Mar-2023 20:07:22","00:00:03","https://nsearchives.nseindia.com/corporate/M&M_24032023200719_SEIntimationAcquisitionofbalancestakeinMAPL.pdf"
"M&M","Mahindra & Mahindra Limited","Updates","Mahindra & Mahindra Limited has informed the Exchange regarding 'Intimation under Regulation 30 read with Schedule III of the SEBI (Listing Obligations and DisclosureRequirements) Regulations, 2015  &#61656; Sale/Transfer of Assets and/or Business pertaining to the Last Mile Mobility Business of the Companyto a new company to be incorporated as a Wholly Owned Subsidiary of the Company ( NewCo )&#61656; Subscription Agreement and Shareholders Agreement between the Company and InternationalFinance Corporation ( IFC ) setting out the terms and conditions of the Proposed Investment of upto Rs.600 crores by IFC in NewCo, valuing NewCo at upto Rs. 6,020 crores.'.","22-Mar-2023 10:21:55","2023-03-22 10:21:55","22-Mar-2023 10:21:59","00:00:04","https://nsearchives.nseindia.com/corporate/M&M_22032023102155_SEIntimationTransferofLMMbusinesssigningofSHAwithIFCMarch2023.pdf"
"M&M","Mahindra & Mahindra Limited","Memorandum of Understanding/Agreements","Mahindra & Mahindra Limited has informed the Exchange about Intimation under Regulation 30 read with Schedule III of the SEBI (Listing Obligations and Disclosure Requirements) Regulations, 2015  &#61656; Sale/Transfer of Assets and/or Business pertaining to the Last Mile Mobility Business of the Companyto a new company to be incorporated as a Wholly Owned Subsidiary of the Company ( NewCo )&#61656; Subscription Agreement and Shareholders Agreement between the Company and InternationalFinance Corporation ( IFC ) setting out the terms and conditions of the Proposed Investment of upto Rs.600 crores by IFC in NewCo, valuing NewCo at upto Rs. 6,020 crores.","22-Mar-2023 10:19:48","2023-03-22 10:19:48","22-Mar-2023 10:19:52","00:00:04","https://nsearchives.nseindia.com/corporate/M&M_22032023101948_SEIntimationTransferofLMMbusinesssigningofSHAwithIFCMarch2023.pdf"
"M&M","Mahindra & Mahindra Limited","Updates","Mahindra & Mahindra Limited has informed the Exchange regarding 'Transfer of Equity Shares by Mahindra & Mahindra Employees  Stock Option Trust to the Stock Option Grantees'.","21-Mar-2023 23:49:28","2023-03-21 23:49:28","21-Mar-2023 23:49:32","00:00:04","https://nsearchives.nseindia.com/corporate/M&M_21032023234928_Employeeslist21032023.pdf"
"M&M","Mahindra & Mahindra Limited","Analysts/Institutional Investor Meet/Con. Call Updates","Mahindra & Mahindra Limited has informed the Exchange about Presentation","21-Mar-2023 13:08:21","2023-03-21 13:08:21","21-Mar-2023 13:08:25","00:00:04","https://nsearchives.nseindia.com/corporate/M&M_21032023130821_ConcludedAnalystMeet21032023.pdf"
"M&M","Mahindra & Mahindra Limited","Loss of Share Certificates","Mahindra & Mahindra Limited has informed the Exchange about Loss of Share Certificates","20-Mar-2023 21:11:51","2023-03-20 21:11:51","20-Mar-2023 21:11:56","00:00:05","https://nsearchives.nseindia.com/corporate/M&M_20032023211151_Lossintimation20032023.pdf"
"M&M","Mahindra & Mahindra Limited","Press Release","Mahindra & Mahindra Limited has informed the Exchange regarding a press release dated March 20, 2023, titled ""Mahindra acquires 100% stake in M.I.T.R.A"".","20-Mar-2023 14:47:49","2023-03-20 14:47:49","20-Mar-2023 14:47:54","00:00:05","https://nsearchives.nseindia.com/corporate/M&M_20032023144749_SEIntimationMITRApressreleaseintimation20thMarch2023.pdf"
"M&M","Mahindra & Mahindra Limited","Analysts/Institutional Investor Meet/Con. Call Updates","Mahindra & Mahindra Limited has informed the Exchange about Schedule of meet","20-Mar-2023 12:48:09","2023-03-20 12:48:09","20-Mar-2023 12:48:13","00:00:04","https://nsearchives.nseindia.com/corporate/M&M_20032023124809_UpcomingAnalystMeet20032023.pdf"
"M&M","Mahindra & Mahindra Limited","Acquisition","Mahindra & Mahindra Limited has informed the Exchange about Update on acquisition of balance stake in M.I.T.R.A. Agro Equipments Private Limited, an Associate of the Company","17-Mar-2023 21:32:25","2023-03-17 21:32:25","17-Mar-2023 21:32:29","00:00:04","https://nsearchives.nseindia.com/corporate/M&M_17032023213225_MITRA.pdf"
"M&M","Mahindra & Mahindra Limited","Updates","Mahindra & Mahindra Limited has informed the Exchange regarding 'Cessation of Mahindra Consulting Engineers Limited ( MCEL ) and Mahindra Namaste Limited( MNL ) as subsidiaries of the Company'.","16-Mar-2023 22:07:15","2023-03-16 22:07:15","16-Mar-2023 22:07:20","00:00:05","https://nsearchives.nseindia.com/corporate/M&M_16032023220715_CessationMACENamasteSubsidiaries.pdf"
"M&M","Mahindra & Mahindra Limited","Loss of Share Certificates","Mahindra & Mahindra Limited has informed the Exchange about Loss of Share Certificates","15-Mar-2023 19:06:09","2023-03-15 19:06:09","15-Mar-2023 19:06:13","00:00:04","https://nsearchives.nseindia.com/corporate/M&M_15032023190609_lossintimation15032023Signed.pdf"
"M&M","Mahindra & Mahindra Limited","Loss of Share Certificates","Mahindra & Mahindra Limited has informed the Exchange about Loss of Share Certificates","14-Mar-2023 20:24:46","2023-03-14 20:24:46","14-Mar-2023 20:24:53","00:00:07","https://nsearchives.nseindia.com/corporate/M&M_14032023202446_lossintimation14032023.pdf"
"M&M","Mahindra & Mahindra Limited","Updates","Mahindra & Mahindra Limited has informed the Exchange regarding 'Voluntary Liquidation of Mahindra BangladeshPrivate Limited'.","14-Mar-2023 15:37:39","2023-03-14 15:37:39","14-Mar-2023 15:38:15","00:00:36","https://nsearchives.nseindia.com/corporate/M&M_14032023153739_SEIntimationCessationofMahindraBangladesh.pdf"
"M&M","Mahindra & Mahindra Limited","Updates","Mahindra & Mahindra Limited has informed the Exchange regarding 'Transfer of Equity Shares by Mahindra & Mahindra Employees  Stock Option Trust to the Stock Option Grantees'.","13-Mar-2023 21:05:22","2023-03-13 21:05:22","13-Mar-2023 21:05:57","00:00:35","https://nsearchives.nseindia.com/corporate/M&M_13032023210521_Employeeslist13032023Signed.pdf"
"M&M","Mahindra & Mahindra Limited","Updates","Mahindra & Mahindra Limited has informed the Exchange regarding 'Sale of 2,29,80,000 equity shares representing 6.058% of the paid-up share capital of Mahindra CIE Automotive Limited by the Company'.","13-Mar-2023 15:16:11","2023-03-13 15:16:11","13-Mar-2023 15:16:42","00:00:31","https://nsearchives.nseindia.com/corporate/M&M_13032023151611_SEIntimationMCIEPartialSale13thMarch2023F.pdf"
"M&M","Mahindra & Mahindra Limited","Loss of Share Certificates","Mahindra & Mahindra Limited has informed the Exchange about Loss of Share Certificates","11-Mar-2023 23:00:56","2023-03-11 23:00:56","11-Mar-2023 23:01:33","00:00:37","https://nsearchives.nseindia.com/corporate/M&M_11032023230056_lossintimation11032023Signed.pdf"
"M&M","Mahindra & Mahindra Limited","Loss of Share Certificates","Mahindra & Mahindra Limited has informed the Exchange about Loss of Share Certificates","10-Mar-2023 19:05:47","2023-03-10 19:05:47","10-Mar-2023 19:05:52","00:00:05","https://nsearchives.nseindia.com/corporate/M&M_10032023190547_Lossintimation10032023.pdf"
"M&M","Mahindra & Mahindra Limited","Updates","Mahindra & Mahindra Limited has informed the Exchange regarding 'Report for the month of February, 2023'.","10-Mar-2023 17:27:21","2023-03-10 17:27:21","10-Mar-2023 17:27:24","00:00:03","https://nsearchives.nseindia.com/corporate/M&M_10032023172721_MonthlyReport10032023.pdf"
"M&M","Mahindra & Mahindra Limited","Loss of Share Certificates","Mahindra & Mahindra Limited has informed the Exchange about Loss of Share Certificates","09-Mar-2023 19:10:45","2023-03-09 19:10:45","09-Mar-2023 19:10:46","00:00:01","https://nsearchives.nseindia.com/corporate/M&M_09032023191045_Lossintimation09032023.pdf"
"M&M","Mahindra & Mahindra Limited","Loss of Share Certificates","Mahindra & Mahindra Limited has informed the Exchange about Loss of Share Certificates","03-Mar-2023 19:08:17","2023-03-03 19:08:17","03-Mar-2023 19:08:21","00:00:04","https://nsearchives.nseindia.com/corporate/M&M_03032023190817_Lossintimation03032023.pdf"
"M&M","Mahindra & Mahindra Limited","Loss of Share Certificates","Mahindra & Mahindra Limited has informed the Exchange about Loss of Share Certificates","02-Mar-2023 18:39:36","2023-03-02 18:39:36","02-Mar-2023 18:39:41","00:00:05","https://nsearchives.nseindia.com/corporate/M&M_02032023183936_lossintimation02032023.pdf"
"M&M","Mahindra & Mahindra Limited","Updates","Mahindra & Mahindra Limited has informed the Exchange regarding 'Intimation by Mahindra Holidays & Resorts India Limited, a listed subsidiary of theCompany, under Regulation 30 of the Securities and Exchange Board of India (ListingObligations and Disclosure Requirements) Regulations, 2015'.","01-Mar-2023 19:36:12","2023-03-01 19:36:12","01-Mar-2023 19:36:20","00:00:08","https://nsearchives.nseindia.com/corporate/M&M_01032023193612_SEIntimationforCeasationofHCRMasSubcoofMHRILwithHCRM1123.pdf"
"M&M","Mahindra & Mahindra Limited","Loss of Share Certificates","Mahindra & Mahindra Limited has informed the Exchange about Loss of Share Certificates","01-Mar-2023 19:06:37","2023-03-01 19:06:37","01-Mar-2023 19:06:43","00:00:06","https://nsearchives.nseindia.com/corporate/M&M_01032023190637_Lossintimation01032023.pdf"
"M&M","Mahindra & Mahindra Limited","Press Release","Mahindra & Mahindra Limited has informed the Exchange regarding a press release dated March 01, 2023, titled ""Two Press Releases issued by Mahindra & Mahindra Limited "".","01-Mar-2023 14:02:15","2023-03-01 14:02:15","01-Mar-2023 14:02:17","00:00:02","https://nsearchives.nseindia.com/corporate/M&M_01032023140215_March2023PRSE.pdf"
"M&M","Mahindra & Mahindra Limited","Updates","Mahindra & Mahindra Limited has informed the Exchange regarding 'Dissolution of Mahindra Fresh Fruits Distribution Holding Company (Europe) B.V.'.","28-Feb-2023 21:36:53","2023-02-28 21:36:53","28-Feb-2023 21:36:56","00:00:03","https://nsearchives.nseindia.com/corporate/M&M_28022023213653_SEIntimationDissolutionofMFFDFeb282023.pdf"
"M&M","Mahindra & Mahindra Limited","Loss of Share Certificates","Mahindra & Mahindra Limited has informed the Exchange about Loss of Share Certificates","28-Feb-2023 21:21:57","2023-02-28 21:21:57","28-Feb-2023 21:22:02","00:00:05","https://nsearchives.nseindia.com/corporate/M&M_28022023212157_Lossintimation28022023.pdf"
"M&M","Mahindra & Mahindra Limited","Updates","Mahindra & Mahindra Limited has informed the Exchange regarding 'Transfer of Equity Shares by Mahindra & Mahindra Employees  Stock Option Trust to the Stock Option Grantees'.","27-Feb-2023 20:22:48","2023-02-27 20:22:48","27-Feb-2023 20:22:52","00:00:04","https://nsearchives.nseindia.com/corporate/M&M_27022023202248_Employeeslist27022023.pdf"
"M&M","Mahindra & Mahindra Limited","Loss of Share Certificates","Mahindra & Mahindra Limited has informed the Exchange about Loss of Share Certificates","27-Feb-2023 20:13:31","2023-02-27 20:13:31","27-Feb-2023 20:13:35","00:00:04","https://nsearchives.nseindia.com/corporate/M&M_27022023201331_Lossintimation27022023Signed.pdf"
"M&M","Mahindra & Mahindra Limited","Allotment of Securities","Mahindra & Mahindra Limited has informed the Exchange regarding allotment of 336287 securities pursuant to Scheme of Arrangement/Amalgamation at its meeting held on February 23, 2023","23-Feb-2023 21:17:18","2023-02-23 21:17:18","23-Feb-2023 21:17:23","00:00:05","https://nsearchives.nseindia.com/corporate/M&M_23022023211718_SEIntimationforAllotmentofSharespursuanttoMEMLMerger23rdFebruary2023.pdf"
"M&M","Mahindra & Mahindra Limited","Analysts/Institutional Investor Meet/Con. Call Updates","Mahindra & Mahindra Limited has informed the Exchange about Presentation","22-Feb-2023 19:19:10","2023-02-22 19:19:10","22-Feb-2023 19:19:14","00:00:04","https://nsearchives.nseindia.com/corporate/M&M_22022023191910_ConcludedAnalystMeet22022023.pdf"
"M&M","Mahindra & Mahindra Limited","Analysts/Institutional Investor Meet/Con. Call Updates","Mahindra & Mahindra Limited has informed the Exchange about Presentation","22-Feb-2023 14:23:11","2023-02-22 14:23:11","22-Feb-2023 14:23:18","00:00:07","https://nsearchives.nseindia.com/corporate/M&M_22022023142311_AdditionalPresentation22022023.pdf"
"M&M","Mahindra & Mahindra Limited","Updates","Mahindra & Mahindra Limited has informed the Exchange regarding 'Intimation under Regulation 30 read with Schedule III of the SEBI (Listing Obligations and Disclosure Requirements) Regulations, 2015'.","21-Feb-2023 22:39:36","2023-02-21 22:39:36","21-Feb-2023 22:39:40","00:00:04","https://nsearchives.nseindia.com/corporate/M&M_21022023223936_SEIntimationAssetTransferAgreementwithEVCO21stFebruary2023F.pdf"
"M&M","Mahindra & Mahindra Limited","Analysts/Institutional Investor Meet/Con. Call Updates","Mahindra & Mahindra Limited has informed the Exchange about Schedule of meet","21-Feb-2023 16:00:45","2023-02-21 16:00:45","21-Feb-2023 16:00:56","00:00:11","https://nsearchives.nseindia.com/corporate/M&M_21022023160045_UpcomingAnalystMeet21Feb23.pdf"
"M&M","Mahindra & Mahindra Limited","Updates","Mahindra & Mahindra Limited has informed the Exchange regarding 'Transfer of Equity Shares by Mahindra & Mahindra Employees  Stock Option Trust to the Stock Option Grantees'.","16-Feb-2023 22:59:12","2023-02-16 22:59:12","16-Feb-2023 22:59:16","00:00:04","https://nsearchives.nseindia.com/corporate/M&M_16022023225912_Employeeslist16022023.pdf"
"M&M","Mahindra & Mahindra Limited","Analysts/Institutional Investor Meet/Con. Call Updates","Mahindra & Mahindra Limited has informed the Exchange about Transcript","16-Feb-2023 11:24:38","2023-02-16 11:24:38","16-Feb-2023 11:24:58","00:00:20","https://nsearchives.nseindia.com/corporate/M&M_16022023112438_SEIntimationTranscriptofAnalystMeetheldon10thFebruary2023.pdf"
"M&M","Mahindra & Mahindra Limited","Analysts/Institutional Investor Meet/Con. Call Updates","Mahindra & Mahindra Limited has informed the Exchange about Presentation","15-Feb-2023 18:04:37","2023-02-15 18:04:37","15-Feb-2023 18:04:41","00:00:04","https://nsearchives.nseindia.com/corporate/M&M_15022023180437_ConcludedAnalystMeet15022023.pdf"
"M&M","Mahindra & Mahindra Limited","Analysts/Institutional Investor Meet/Con. Call Updates","Mahindra & Mahindra Limited has informed the Exchange about Presentation","14-Feb-2023 18:06:59","2023-02-14 18:06:59","14-Feb-2023 18:07:14","00:00:15","https://nsearchives.nseindia.com/corporate/M&M_14022023180659_ConcludedAnalystMeet14022023.pdf"
"M&M","Mahindra & Mahindra Limited","Analysts/Institutional Investor Meet/Con. Call Updates","Mahindra & Mahindra Limited has informed the Exchange about Schedule of meet","13-Feb-2023 18:18:10","2023-02-13 18:18:10","13-Feb-2023 18:18:14","00:00:04","https://nsearchives.nseindia.com/corporate/M&M_13022023181810_UpcomingAnalystMeet13Feb23.pdf"
"M&M","Mahindra & Mahindra Limited","Updates","Mahindra & Mahindra Limited has informed the Exchange regarding 'Report for the month of January, 2023'.","13-Feb-2023 16:56:04","2023-02-13 16:56:04","13-Feb-2023 16:56:09","00:00:05","https://nsearchives.nseindia.com/corporate/M&M_13022023165604_MonthlyReportJan2023.pdf"
"M&M","Mahindra & Mahindra Limited","Analysts/Institutional Investor Meet/Con. Call Updates","Mahindra & Mahindra Limited has informed the Exchange about Presentation","11-Feb-2023 00:17:42","2023-02-11 00:17:42","11-Feb-2023 00:17:49","00:00:07","https://nsearchives.nseindia.com/corporate/M&M_11022023001742_IntimationPostAnalystMeetwithPresentationAVLink10thFebruary2023.pdf"
"M&M","Mahindra & Mahindra Limited","Updates","Mahindra & Mahindra Limited has informed the Exchange regarding 'Sale of stake in Mahindra Consulting Engineers Limited ( MCEL ) to Artelia Holding SAS ( Artelia )'.","10-Feb-2023 19:32:08","2023-02-10 19:32:08","10-Feb-2023 19:32:18","00:00:10","https://nsearchives.nseindia.com/corporate/M&M_10022023193208_SaleofStakeMACESEF.pdf"
"M&M","Mahindra & Mahindra Limited","Investor Presentation","Mahindra & Mahindra Limited has informed the Exchange about Investor Presentation","10-Feb-2023 13:23:55","2023-02-10 13:23:55","10-Feb-2023 13:24:00","00:00:05","https://nsearchives.nseindia.com/corporate/M&M_10022023132355_SEIntimationenclosingPresentationmadetoPressandAnalyst100223.pdf"
"M&M","Mahindra & Mahindra Limited","Record Date","Mahindra & Mahindra Limited has informed the Exchange that Record date for the purpose of Merger/HiveOff  is 22-Feb-2023.","10-Feb-2023 13:10:42","2023-02-10 13:10:42","10-Feb-2023 13:10:53","00:00:11","https://nsearchives.nseindia.com/corporate/M&M_10022023131042_SEIntimationRecordDateforMEMLSchemeofMerger10thFebruary2023F.pdf"
"M&M","Mahindra & Mahindra Limited","Financial Result Updates","Mahindra & Mahindra Limited has submitted to the Exchange, the financial results for the period ended December 31, 2022.","10-Feb-2023 12:54:01","2023-02-10 12:54:01","10-Feb-2023 12:54:09","00:00:08","https://nsearchives.nseindia.com/corporate/SEoutcome_10022023125401.pdf"
"M&M","Mahindra & Mahindra Limited","Outcome of Board Meeting","Mahindra & Mahindra Limited has informed the Exchange regarding  Board meeting held on February 10, 2023.","10-Feb-2023 12:48:50","2023-02-10 12:48:50","10-Feb-2023 12:48:52","00:00:02","https://nsearchives.nseindia.com/corporate/M&M_10022023124850_SEIntimationOutcomeofBoardMeetingFinResults10thFebruary2023F.pdf"
"M&M","Mahindra & Mahindra Limited","Loss of Share Certificates","Mahindra & Mahindra Limited has informed the Exchange about Issue of Share Certificates","09-Feb-2023 19:54:06","2023-02-09 19:54:06","09-Feb-2023 19:54:10","00:00:04","https://nsearchives.nseindia.com/corporate/M&M_09022023195406_Intimationofissueofduplicatesharecertificate0902.pdf"
"M&M","Mahindra & Mahindra Limited","Press Release","Mahindra & Mahindra Limited has informed the Exchange regarding a press release dated February 09, 2023, titled ""Mahindra signs MOU with Telangana Government to expand its existing manufacturing facilities at Zaheerabad Plant "".","09-Feb-2023 19:37:34","2023-02-09 19:37:34","09-Feb-2023 19:37:38","00:00:04","https://nsearchives.nseindia.com/corporate/M&M_09022023193734_SEIntimationEVPlantTelangana09022023.pdf"
"M&M","Mahindra & Mahindra Limited","Credit Rating","Mahindra & Mahindra Limited has informed the Exchange about Credit Rating","08-Feb-2023 17:43:36","2023-02-08 17:43:36","08-Feb-2023 17:43:41","00:00:05","https://nsearchives.nseindia.com/corporate/M&M_08022023174336_SEIntimationICRALimitedPR08022023.pdf"
"M&M","Mahindra & Mahindra Limited","Loss of Share Certificates","Mahindra & Mahindra Limited has informed the Exchange about Loss of Share Certificates","07-Feb-2023 19:57:13","2023-02-07 19:57:13","07-Feb-2023 19:57:17","00:00:04","https://nsearchives.nseindia.com/corporate/M&M_07022023195713_SElossintimation07022023_Final.pdf"
"M&M","Mahindra & Mahindra Limited","Analysts/Institutional Investor Meet/Con. Call Updates","Mahindra & Mahindra Limited has informed the Exchange about Schedule of meet","07-Feb-2023 17:30:44","2023-02-07 17:30:44","07-Feb-2023 17:30:52","00:00:08","https://nsearchives.nseindia.com/corporate/M&M_07022023173044_UpcomingAnalystMeet10Feb23.pdf"
"M&M","Mahindra & Mahindra Limited","Loss of Share Certificates","Mahindra & Mahindra Limited has informed the Exchange about Loss of Share Certificates","03-Feb-2023 21:02:13","2023-02-03 21:02:13","03-Feb-2023 21:02:17","00:00:04","https://nsearchives.nseindia.com/corporate/M&M_03022023210213_Lossintimation03022023.pdf"
"M&M","Mahindra & Mahindra Limited","Scheme of Arrangement","Mahindra & Mahindra Limited has informed the Exchange about Effective Date of Scheme of Merger by Absorption of Mahindra Electric Mobility Limited withMahindra and Mahindra Limited and their respective Shareholders","02-Feb-2023 11:27:14","2023-02-02 11:27:14","02-Feb-2023 11:27:18","00:00:04","https://nsearchives.nseindia.com/corporate/M&M_02022023112714_MEMLMERGEREFFECTIVEDATE.pdf"
"M&M","Mahindra & Mahindra Limited","Press Release","Mahindra & Mahindra Limited has informed the Exchange regarding a press release dated February 01, 2023, titled ""Two Press Releases issued by Mahindra & Mahindra Limited "".","01-Feb-2023 13:14:21","2023-02-01 13:14:21","01-Feb-2023 13:14:29","00:00:08","https://nsearchives.nseindia.com/corporate/M&M_01022023131421_February2023PRSE.pdf"
"M&M","Mahindra & Mahindra Limited","Updates","Mahindra & Mahindra Limited has informed the Exchange regarding 'Intimation under Regulation 30 read with Schedule III of the SEBI (Listing Obligations and DisclosureRequirements) Regulations, 2015 ( Listing Regulations )'.","31-Jan-2023 23:00:47","2023-01-31 23:00:47","31-Jan-2023 23:00:52","00:00:05","https://nsearchives.nseindia.com/corporate/M&M_31012023230047_SEIntimationPMTC31Jan2023CessationofSubsidiary.pdf"
"M&M","Mahindra & Mahindra Limited","Updates","Mahindra & Mahindra Limited has informed the Exchange regarding 'Transfer of Equity Shares by Mahindra & Mahindra Employees  Stock Option Trust to the Stock Option Grantees'.","25-Jan-2023 20:11:30","2023-01-25 20:11:30","25-Jan-2023 20:11:33","00:00:03","https://nsearchives.nseindia.com/corporate/M&M_25012023201130_Employeeslist25012023.pdf"
"M&M","Mahindra & Mahindra Limited","Certificate under SEBI (Depositories and Participants) Regulations, 2018","Mahindra & Mahindra Limited has informed the Exchange about Certificate under SEBI (Depositories and Participants) Regulations, 2018","24-Jan-2023 15:57:29","2023-01-24 15:57:29","24-Jan-2023 15:57:35","00:00:06","https://nsearchives.nseindia.com/corporate/M&M_24012023155729_74_5CertificateDecember2022.pdf"
"M&M","Mahindra & Mahindra Limited","Loss of Share Certificates","Mahindra & Mahindra Limited has informed the Exchange about Loss of Share Certificates","17-Jan-2023 19:19:04","2023-01-17 19:19:04","17-Jan-2023 19:19:09","00:00:05","https://nsearchives.nseindia.com/corporate/M&M_17012023191904_SEissueofduplicatesharecertificate17012023.pdf"
"M&M","Mahindra & Mahindra Limited","Scheme of Arrangement","Mahindra & Mahindra Limited has informed the Exchange about Receipt of Certified Copy of Order passed by Hon ble National Company Law Tribunal, Mumbai Bench approving the Scheme of Merger by Absorption of Mahindra Electric Mobility Limited withMahindra and Mahindra Limited and their respective shareholders","16-Jan-2023 23:11:22","2023-01-16 23:11:22","16-Jan-2023 23:11:25","00:00:03","https://nsearchives.nseindia.com/corporate/M&M_16012023231122_SEIntimationCTCSchemeofMergerofMEML16thJanuary2023.pdf"
"M&M","Mahindra & Mahindra Limited","Press Release","Mahindra & Mahindra Limited has informed the Exchange regarding a press release dated January 16, 2023, titled ""Mahindra launches its first C-Segment Electric SUV, the fun and fast XUV400; Starting at INR  15.99 Lakh"".","16-Jan-2023 17:36:01","2023-01-16 17:36:01","16-Jan-2023 17:36:08","00:00:07","https://nsearchives.nseindia.com/corporate/M&M_16012023173601_SEIntimationXUV4OOLaunch16thJanuary2023.pdf"
"M&M","Mahindra & Mahindra Limited","Updates","Mahindra & Mahindra Limited has informed the Exchange regarding 'Transfer of Equity Shares by Mahindra & Mahindra Employees                        Stock Option Trust to the Stock Option Grantees'.","13-Jan-2023 23:38:29","2023-01-13 23:38:29","13-Jan-2023 23:38:32","00:00:03","https://nsearchives.nseindia.com/corporate/M&M_13012023233829_Employeeslist.pdf"
"M&M","Mahindra & Mahindra Limited","Loss of Share Certificates","Mahindra & Mahindra Limited has informed the Exchange about Loss of Share Certificates","13-Jan-2023 23:32:44","2023-01-13 23:32:44","13-Jan-2023 23:32:47","00:00:03","https://nsearchives.nseindia.com/corporate/M&M_13012023233244_Lossintimation13012023.pdf"
"M&M","Mahindra & Mahindra Limited","Scheme of Arrangement","Mahindra & Mahindra Limited has informed the Exchange about Sanction of Scheme of Merger by Absorption of Mahindra Electric Mobility Limited withMahindra and Mahindra Limited and their respective shareholders","13-Jan-2023 17:27:36","2023-01-13 17:27:36","13-Jan-2023 17:27:40","00:00:04","https://nsearchives.nseindia.com/corporate/M&M_13012023172735_SEIntimationPronouncementOfOrderMEMLMerger.pdf"
"M&M","Mahindra & Mahindra Limited","Updates","Mahindra & Mahindra Limited has informed the Exchange regarding 'Report for the month of December, 2022'.","13-Jan-2023 11:23:34","2023-01-13 11:23:34","13-Jan-2023 11:23:38","00:00:04","https://nsearchives.nseindia.com/corporate/M&M_13012023112334_MonthlyReport13012023.pdf"
"M&M","Mahindra & Mahindra Limited","Updates","Mahindra & Mahindra Limited has informed the Exchange regarding 'Intimation under Regulation 30 of the SEBI (Listing Obligations and Disclosure Requirements)Regulations, 2015 ( Listing Regulations ) - Voluntary Dissolution of Mahindra Tractor Assembly Inc.'.","12-Jan-2023 23:46:57","2023-01-12 23:46:57","12-Jan-2023 23:47:01","00:00:04","https://nsearchives.nseindia.com/corporate/M&M_12012023234657_SEIntimationcessationofMTAI120123.pdf"
"M&M","Mahindra & Mahindra Limited","Credit Rating","Mahindra & Mahindra Limited has informed the Exchange about Credit Rating","12-Jan-2023 23:14:38","2023-01-12 23:14:38","12-Jan-2023 23:14:42","00:00:04","https://nsearchives.nseindia.com/corporate/M&M_12012023231438_SEIntimationCRISILLimitedPR12012023.pdf"
"M&M","Mahindra & Mahindra Limited","Loss of Share Certificates","Mahindra & Mahindra Limited has informed the Exchange about Loss of Share Certificates","12-Jan-2023 20:51:24","2023-01-12 20:51:24","12-Jan-2023 20:51:27","00:00:03","https://nsearchives.nseindia.com/corporate/M&M_12012023205124_Lossintimation12012023.pdf"
"M&M","Mahindra & Mahindra Limited","Press Release","Mahindra & Mahindra Limited has informed the Exchange regarding a press release dated January 09, 2023, titled ""Mahindra introduces a new range of the Thar starting at INR 9.99 Lakh; now accessible to a   wider range of thrill-seekers"".","09-Jan-2023 11:37:24","2023-01-09 11:37:24","09-Jan-2023 11:37:29","00:00:05","https://nsearchives.nseindia.com/corporate/M&M_09012023113724_TharLaunchVariant09012023.pdf"
"M&M","Mahindra & Mahindra Limited","Updates","Mahindra & Mahindra Limited has informed the Exchange regarding 'Voluntary Liquidation of Mahindra West Africa Ltd'.","05-Jan-2023 17:34:06","2023-01-05 17:34:06","05-Jan-2023 17:34:10","00:00:04","https://nsearchives.nseindia.com/corporate/M&M_05012023173406_SEIntimationCessationMahindraWestAfrica.pdf"
"M&M","Mahindra & Mahindra Limited","Press Release","Mahindra & Mahindra Limited has informed the Exchange regarding a press release dated January 02, 2023, titled ""Two Press Releases issued by Mahindra & Mahindra Limited "".","02-Jan-2023 10:33:24","2023-01-02 10:33:24","02-Jan-2023 10:33:30","00:00:06","https://nsearchives.nseindia.com/corporate/M&M_02012023103324_January2023PRSE.pdf"