"SYMBOL","COMPANY NAME","SUBJECT","DETAILS","BROADCAST DATE/TIME","RECEIPT","DISSEMINATION","DIFFERENCE","ATTACHMENT"
"ITC","ITC Limited","Trading Window","ITC Limited has informed the Exchange regarding the Trading Window closure pursuant to SEBI (Prohibition of Insider Trading) Regulations, 2015","24-Dec-2025 16:59:23","2025-12-24 16:59:23","24-Dec-2025 16:59:24","00:00:01","https://nsearchives.nseindia.com/corporate/ITC_24122025165910_ClosureofTradingWindow24122025.pdf"
"ITC","ITC Limited","ESOP/ESOS/ESPS","ITC Limited has informed the Exchange regarding Allotment of 195210 Shares.","19-Dec-2025 15:31:29","2025-12-19 15:31:29","19-Dec-2025 15:31:30","00:00:01","https://nsearchives.nseindia.com/corporate/ITC_19122025153038_SE.pdf"
"ITC","ITC Limited","Sale or disposal","ITC Limited has informed the Exchange about Voluntary Liquidation of Prag Agro Farm Limited, a wholly owned subsidiary","19-Dec-2025 11:31:26","2025-12-19 11:31:26","19-Dec-2025 11:31:27","00:00:01","https://nsearchives.nseindia.com/corporate/ITC_19122025113115_SE_PAFL_.pdf"
"ITC","ITC Limited","General Updates","ITC Limited has informed the Exchange about Acquisition of Pulp and Paper Undertaking of Aditya Birla Real Estate Limited - Update","17-Dec-2025 10:20:15","2025-12-17 10:20:15","17-Dec-2025 10:20:16","00:00:01","https://nsearchives.nseindia.com/corporate/ITC_17122025102003_SE_Century_.pdf"
"ITC","ITC Limited","Change in Director(s)","ITC Limited has informed the Exchange regarding Change in Director(s) of the company.","16-Dec-2025 16:25:46","2025-12-16 16:25:46","16-Dec-2025 16:25:47","00:00:01","https://nsearchives.nseindia.com/corporate/ITC_16122025162539_SE_Director_.pdf"
"ITC","ITC Limited","Shareholders meeting","ITC Limited has informed the Exchange regarding voting results of  Postal Ballot","16-Dec-2025 16:20:19","2025-12-16 16:20:19","16-Dec-2025 16:20:21","00:00:02","https://nsearchives.nseindia.com/corporate/ITC_16122025161929_SE_VotingResults_.pdf"
"ITC","ITC Limited","Credit Rating","ITC Limited has informed the Exchange about Credit Rating","10-Dec-2025 15:39:58","2025-12-10 15:39:58","10-Dec-2025 15:39:59","00:00:01","https://nsearchives.nseindia.com/corporate/ITC_10122025153906_SE_ESG_.pdf"
"ITC","ITC Limited","Analysts/Institutional Investor Meet/Con. Call Updates","ITC Limited has informed the Exchange about Schedule of meet","26-Nov-2025 15:47:46","2025-11-26 15:47:46","26-Nov-2025 15:47:47","00:00:01","https://nsearchives.nseindia.com/corporate/ITC_26112025154710_SE.pdf"
"ITC","ITC Limited","General Updates","ITC Limited has informed the Exchange about Voluntary Delisting of the Ordinary Shares of the Company from The Calcutta Stock Exchange Limited","20-Nov-2025 09:59:53","2025-11-20 09:59:53","20-Nov-2025 09:59:54","00:00:01","https://nsearchives.nseindia.com/corporate/ITC_20112025095942_SE_Delisting_.pdf"
"ITC","ITC Limited","Copy of Newspaper Publication","ITC Limited has informed the Exchange about Copy of Newspaper Publication","17-Nov-2025 15:46:51","2025-11-17 15:46:51","17-Nov-2025 15:46:53","00:00:02","https://nsearchives.nseindia.com/corporate/ITC_17112025154626_SELetterenclosingadvt.pdf"
"ITC","ITC Limited","ESOP/ESOS/ESPS","ITC Limited has informed the Exchange regarding Allotment of   Shares.","17-Nov-2025 15:26:18","2025-11-17 15:26:18","17-Nov-2025 15:26:19","00:00:01","https://nsearchives.nseindia.com/corporate/ITC_17112025152330_StockExchangeLetterAllotment.pdf"
"ITC","ITC Limited","Copy of Newspaper Publication","ITC Limited has informed the Exchange about Copy of Newspaper Publication","11-Nov-2025 15:52:35","2025-11-11 15:52:35","11-Nov-2025 15:52:36","00:00:01","https://nsearchives.nseindia.com/corporate/ITC_11112025155142_SELetter.pdf"
"ITC","ITC Limited","Shareholders meeting","ITC Limited has informed the Exchange regarding Notice of Postal Ballot","11-Nov-2025 13:37:06","2025-11-11 13:37:06","11-Nov-2025 13:37:08","00:00:02","https://nsearchives.nseindia.com/corporate/ITC_11112025133635_SE.pdf"
"ITC","ITC Limited","Analysts/Institutional Investor Meet/Con. Call Updates","ITC Limited has informed the Exchange about Schedule of meet","10-Nov-2025 17:53:11","2025-11-10 17:53:11","10-Nov-2025 17:53:12","00:00:01","https://nsearchives.nseindia.com/corporate/ITC_10112025175100_SE.pdf"
"ITC","ITC Limited","General Updates","ITC Limited has informed the Exchange about Unaudited Financial Results - Media Statement and Presentation","30-Oct-2025 16:42:48","2025-10-30 16:42:48","30-Oct-2025 16:42:49","00:00:01","https://nsearchives.nseindia.com/corporate/ITC_30102025164240_SE_Media_.pdf"
"ITC","ITC Limited","General Updates","ITC Limited has informed the Exchange about Recommendation for appointment / re-appointment of Directors","30-Oct-2025 16:31:10","2025-10-30 16:31:10","30-Oct-2025 16:31:11","00:00:01","https://nsearchives.nseindia.com/corporate/ITC_30102025163034_Letter.pdf"
"ITC","ITC Limited","Voluntary Delisting","ITC Limited has informed the Exchange about Approval for voluntary delisting of the Ordinary Shares of the Company from The Calcutta Stock Exchange Limited","30-Oct-2025 16:29:22","2025-10-30 16:29:22","30-Oct-2025 16:29:23","00:00:01","https://nsearchives.nseindia.com/corporate/ITC_30102025162909_Letter.pdf"
"ITC","ITC Limited","Outcome of Board Meeting","ITC Limited has informed the Exchange regarding  Board meeting held on October 30, 2025.","30-Oct-2025 16:27:17","2025-10-30 16:27:17","30-Oct-2025 16:27:18","00:00:01","https://nsearchives.nseindia.com/corporate/ITC_30102025162706_Results.pdf"
"ITC","ITC Limited","Outcome of Board Meeting","ITC Limited has submitted to the Exchange, the financial results for the period ended September 30, 2025.","30-Oct-2025 16:26:13","2025-10-30 16:26:13","30-Oct-2025 16:26:14","00:00:01","https://nsearchives.nseindia.com/corporate/ITC_30102025162449_Results.pdf"
"ITC","ITC Limited","General Updates","Further to our letter dated 16th October, 2025, we write to advise that, in terms of Regulation 29 of the SEBI (Listing Obligations and Disclosure Requirements) Regulations, 2015, the Board of Directors of the Company at the Meeting convened for Thursday, 30th October, 2025 will also, inter alia, consider the proposal for voluntary delisting of the Ordinary Shares of the Company from The Calcutta Stock Exchange Limited.","27-Oct-2025 18:10:10","2025-10-27 18:10:10","27-Oct-2025 18:10:11","00:00:01","https://nsearchives.nseindia.com/corporate/ITC_27102025180959_SE_BM_.pdf"
"ITC","ITC Limited","ESOP/ESOS/ESPS","ITC Limited has informed the Exchange regarding Allotment of 707230  Shares.","15-Oct-2025 17:54:11","2025-10-15 17:54:11","15-Oct-2025 17:54:12","00:00:01","https://nsearchives.nseindia.com/corporate/ITC_15102025175350_SE_allotment_.pdf"
"ITC","ITC Limited","Certificate under SEBI (Depositories and Participants) Regulations, 2018","ITC Limited has informed the Exchange about Certificate under SEBI (Depositories and Participants) Regulations, 2018","03-Oct-2025 12:42:02","2025-10-03 12:42:02","03-Oct-2025 12:42:03","00:00:01","https://nsearchives.nseindia.com/corporate/ITC_03102025124146_Certificate_Reg74-5_Sept2025.pdf"
"ITC","ITC Limited","Trading Window","ITC Limited has informed the Exchange regarding the Trading Window closure pursuant to SEBI (Prohibition of Insider Trading) Regulations, 2015","26-Sep-2025 18:26:00","2025-09-26 18:26:00","26-Sep-2025 18:26:01","00:00:01","https://nsearchives.nseindia.com/corporate/ITC_26092025182516_ClosureofTradingWindow26092025.pdf"
"ITC","ITC Limited","ESOP/ESOS/ESPS","ITC Limited has informed the Exchange regarding Allotment of 467510  Shares.","17-Sep-2025 12:01:54","2025-09-17 12:01:54","17-Sep-2025 12:01:56","00:00:02","https://nsearchives.nseindia.com/corporate/ITC_17092025115931_Intimation_17092025.pdf"
"ITC","ITC Limited","Analysts/Institutional Investor Meet/Con. Call Updates","ITC Limited has informed the Exchange about Schedule of meet","16-Sep-2025 14:32:20","2025-09-16 14:32:20","16-Sep-2025 14:32:21","00:00:01","https://nsearchives.nseindia.com/corporate/ITC_16092025143200_SE.pdf"
"ITC","ITC Limited","General Updates","ITC Limited has informed the Exchange about Participation in Investor Conferences - Cancellation","05-Sep-2025 11:32:59","2025-09-05 11:32:59","05-Sep-2025 11:33:00","00:00:01","https://nsearchives.nseindia.com/corporate/ITC_05092025113244_SE.pdf"
"ITC","ITC Limited","Analysts/Institutional Investor Meet/Con. Call Updates","ITC Limited has informed the Exchange about Schedule of meet","02-Sep-2025 15:22:13","2025-09-02 15:22:13","02-Sep-2025 15:22:14","00:00:01","https://nsearchives.nseindia.com/corporate/ITC_02092025152202_SE.pdf"
"ITC","ITC Limited","Analysts/Institutional Investor Meet/Con. Call Updates","ITC Limited has informed the Exchange about Schedule of meet","22-Aug-2025 17:19:47","2025-08-22 17:19:47","22-Aug-2025 17:19:48","00:00:01","https://nsearchives.nseindia.com/corporate/ITC_22082025171753_SE.pdf"
"ITC","ITC Limited","ESOP/ESOS/ESPS","ITC Limited has informed the Exchange regarding Allotment of 1289830  Shares.","19-Aug-2025 11:25:43","2025-08-19 11:25:43","19-Aug-2025 11:25:44","00:00:01","https://nsearchives.nseindia.com/corporate/ITC_19082025112258_Intimation_19082025.pdf"
"ITC","ITC Limited","Copy of Newspaper Publication","ITC Limited has informed the Exchange about Copy of Newspaper Publication","12-Aug-2025 15:43:41","2025-08-12 15:43:41","12-Aug-2025 15:43:41","00:00:00","https://nsearchives.nseindia.com/corporate/ITC_12082025154229_SE_Letter.pdf"
"ITC","ITC Limited","General Updates","ITC Limited has informed the Exchange about General Updates","01-Aug-2025 17:36:02","2025-08-01 17:36:02","01-Aug-2025 17:36:02","00:00:00","https://nsearchives.nseindia.com/corporate/ITC_01082025173545_SE_Media_.pdf"
"ITC","ITC Limited","Amalgamation/Merger","ITC Limited has informed the Exchange about Amalgamation/Merger","01-Aug-2025 17:26:04","2025-08-01 17:26:04","01-Aug-2025 17:26:05","00:00:01","https://nsearchives.nseindia.com/corporate/ITC_01082025172555_SE_Amalgamation_.pdf"
"ITC","ITC Limited","Outcome of Board Meeting","ITC Limited has submitted to the Exchange, the financial results for the period ended Jun 30, 2025.","01-Aug-2025 17:23:13","2025-08-01 17:23:13","01-Aug-2025 17:23:14","00:00:01","https://nsearchives.nseindia.com/corporate/ITC_01082025172207_SE_Results_.pdf"
"ITC","ITC Limited","Outcome of Board Meeting","ITC Limited has informed the Exchange regarding  Board meeting held on August 01, 2025.","01-Aug-2025 17:20:49","2025-08-01 17:20:49","01-Aug-2025 17:20:50","00:00:01","https://nsearchives.nseindia.com/corporate/ITC_01082025172012_SE_Results_.pdf"
"ITC","ITC Limited","ESOP/ESOS/ESPS","ITC Limited has informed the Exchange regarding Allotment of 1741650  Shares.","31-Jul-2025 16:00:44","2025-07-31 16:00:44","31-Jul-2025 16:00:45","00:00:01","https://nsearchives.nseindia.com/corporate/ITC_31072025155638_Intimation31072025.pdf"
"ITC","ITC Limited","Change in Director(s)","ITC Limited has informed the Exchange regarding Change in Director(s) of the company.","25-Jul-2025 19:49:58","2025-07-25 19:49:58","25-Jul-2025 19:49:59","00:00:01","https://nsearchives.nseindia.com/corporate/ITC_25072025194740_SE_Director_.pdf"
"ITC","ITC Limited","General Updates","ITC Limited has informed the Exchange about excerpts from the address by the Chairman on the theme -  ITC: Navigating a TURN to Reimagine the Future  delivered at the 114th Annual General Meeting of the Company","25-Jul-2025 19:49:58","2025-07-25 19:49:58","25-Jul-2025 19:49:59","00:00:01","https://nsearchives.nseindia.com/corporate/ITC_25072025194623_SE_chairmanspeech_.pdf"
"ITC","ITC Limited","Change in Management","ITC Limited has informed the Exchange about Appointment of Secretarial Auditors","25-Jul-2025 19:49:58","2025-07-25 19:49:58","25-Jul-2025 19:49:59","00:00:01","https://nsearchives.nseindia.com/corporate/ITC_25072025194835_SE_Auditor_.pdf"
"ITC","ITC Limited","Shareholders meeting","ITC Limited has informed the Exchange regarding Proceedings of  Annual General Meeting held on July 25, 2025. Further, the company has informed the Exchange regarding voting results.","25-Jul-2025 19:36:53","2025-07-25 19:36:53","25-Jul-2025 19:36:54","00:00:01","https://nsearchives.nseindia.com/corporate/ITC_25072025193603_SE_VotingResults_.pdf"
"ITC","ITC Limited","Credit Rating- Revision","ITC Limited has informed the Exchange about Credit Rating- Revision","24-Jul-2025 18:09:58","2025-07-24 18:09:58","24-Jul-2025 18:09:59","00:00:01","https://nsearchives.nseindia.com/corporate/ITC_24072025180937_SE_ESG_.pdf"
"ITC","ITC Limited","ESOP/ESOS/ESPS","ITC Limited has informed the Exchange regarding Allotment of 1549680  Shares.","22-Jul-2025 17:59:38","2025-07-22 17:59:38","22-Jul-2025 17:59:40","00:00:02","https://nsearchives.nseindia.com/corporate/ITC_22072025175500_Intimation22072025.pdf"
"ITC","ITC Limited","ESOP/ESOS/ESPS","ITC Limited has informed the Exchange regarding Allotment of 4539620  Shares.","11-Jul-2025 11:22:56","2025-07-11 11:22:56","11-Jul-2025 11:22:57","00:00:01","https://nsearchives.nseindia.com/corporate/ITC_11072025112113_Intimation11072025.pdf"
"ITC","ITC Limited","Certificate under SEBI (Depositories and Participants) Regulations, 2018","ITC Limited has informed the Exchange about Certificate under SEBI (Depositories and Participants) Regulations, 2018","04-Jul-2025 16:21:32","2025-07-04 16:21:32","04-Jul-2025 16:21:33","00:00:01","https://nsearchives.nseindia.com/corporate/ITC_04072025162109_Certificate_Reg_74-5_June_2025.pdf"
"ITC","ITC Limited","Copy of Newspaper Publication","ITC Limited has informed the Exchange about Copy of Newspaper Publication","04-Jul-2025 16:13:32","2025-07-04 16:13:32","04-Jul-2025 16:13:33","00:00:01","https://nsearchives.nseindia.com/corporate/ITC_04072025161259_SELetterreCompletionofdespatch.pdf"
"ITC","ITC Limited","ESOP/ESOS/ESPS","ITC Limited has informed the Exchange regarding Allotment of 3422360  Shares.","30-Jun-2025 17:32:46","2025-06-30 17:32:46","30-Jun-2025 17:32:47","00:00:01","https://nsearchives.nseindia.com/corporate/ITC_30062025173017_Intimation30062025.pdf"
"ITC","ITC Limited","General Updates","ITC Limited has informed the Exchange about Business Responsibility and Sustainability Report of the Company for the financial year ended 31st March, 2025","27-Jun-2025 15:16:58","2025-06-27 15:16:58","27-Jun-2025 15:16:59","00:00:01","https://nsearchives.nseindia.com/corporate/ITC_27062025151648_SE_BRSR_.pdf"
"ITC","ITC Limited","Shareholders meeting","ITC Limited has informed the Exchange regarding Notice of Annual General Meeting to be held on July 25, 2025","27-Jun-2025 15:12:41","2025-06-27 15:12:41","27-Jun-2025 15:12:42","00:00:01","https://nsearchives.nseindia.com/corporate/ITC_27062025151216_SERA.pdf"
"ITC","ITC Limited","Trading Window","ITC Limited has informed the Exchange regarding the Trading Window closure pursuant to SEBI (Prohibition of Insider Trading) Regulations, 2015","24-Jun-2025 16:22:50","2025-06-24 16:22:50","24-Jun-2025 16:22:51","00:00:01","https://nsearchives.nseindia.com/corporate/ITC_24062025162149_ClosureofTradingWindow.pdf"
"ITC","ITC Limited","Copy of Newspaper Publication","ITC Limited has informed the Exchange about Copy of Newspaper Publication","24-Jun-2025 15:31:40","2025-06-24 15:31:40","24-Jun-2025 15:31:41","00:00:01","https://nsearchives.nseindia.com/corporate/ITC_24062025152358_SELetterenclosing1stadvt.pdf"
"ITC","ITC Limited","Acquisition","ITC Limited has informed the Exchange about Acquisition of shares of Sresta Natural Bioproducts Private Limited","13-Jun-2025 21:05:49","2025-06-13 21:05:49","13-Jun-2025 21:05:49","00:00:00","https://nsearchives.nseindia.com/corporate/ITC_13062025210521_SE_Sresta_.pdf"
"ITC","ITC Limited","Analysts/Institutional Investor Meet/Con. Call Updates","ITC Limited has informed the Exchange about Schedule of meet","11-Jun-2025 14:40:51","2025-06-11 14:40:51","11-Jun-2025 14:40:52","00:00:01","https://nsearchives.nseindia.com/corporate/ITC_11062025143936_SE.pdf"
"ITC","ITC Limited","Credit Rating","ITC Limited has informed the Exchange about Credit Rating","07-Jun-2025 17:06:42","2025-06-07 17:06:42","07-Jun-2025 17:06:43","00:00:01","https://nsearchives.nseindia.com/corporate/ITC_07062025170628_SE_ESG_.pdf"
"ITC","ITC Limited","Certificate under SEBI (Depositories and Participants) Regulations, 2018","ITC Limited has informed the Exchange about Certificate under SEBI (Depositories and Participants) Regulations, 2018","03-Jun-2025 18:30:46","2025-06-03 18:30:46","03-Jun-2025 18:30:47","00:00:01","https://nsearchives.nseindia.com/corporate/ITC_03062025182624_MonthlydematrematMay2025.pdf"
"ITC","ITC Limited","Analysts/Institutional Investor Meet/Con. Call Updates","ITC Limited has informed the Exchange about Schedule of meet","23-May-2025 17:42:37","2025-05-23 17:42:37","23-May-2025 17:42:38","00:00:01","https://nsearchives.nseindia.com/corporate/ITC_23052025174140_SE.pdf"
"ITC","ITC Limited","General Updates","ITC Limited has informed the Exchange about Audited Financial Results - Media Statement and Presentation","22-May-2025 17:29:34","2025-05-22 17:29:34","22-May-2025 17:29:36","00:00:02","https://nsearchives.nseindia.com/corporate/ITC_22052025172924_SE_Media_.pdf"
"ITC","ITC Limited","General Updates","ITC Limited has informed the Exchange about recommendation for the approval of the Members, re-appointment of Mr. Shyamal Mukherjee (DIN: 03024803) as a Director and also as an Independent Director of the Company for a period of five years with effect from 11th August, 2026.","22-May-2025 17:06:08","2025-05-22 17:06:08","22-May-2025 17:06:09","00:00:01","https://nsearchives.nseindia.com/corporate/ITC_22052025170602_SE_Director_.pdf"
"ITC","ITC Limited","Change in Management","ITC Limited has informed the Exchange about appointment of Messrs. S. N. Ananthasubramanian & Co., Company Secretaries (Firm Registration No. P1991MH040400), as the Secretarial Auditors of the Company to conduct secretarial audit for a period of five financial years commencing from the financial year 2025-26.","22-May-2025 17:04:06","2025-05-22 17:04:06","22-May-2025 17:04:07","00:00:01","https://nsearchives.nseindia.com/corporate/ITC_22052025170028_SE_Auditor_.pdf"
"ITC","ITC Limited","Record Date","ITC Limited has informed the Exchange that Record date for the purpose of Dividend  is 28-May-2025.","22-May-2025 16:56:38","2025-05-22 16:56:38","22-May-2025 16:56:38","00:00:00","https://nsearchives.nseindia.com/corporate/ITC_22052025165617_SE_Dividend_.pdf"
"ITC","ITC Limited","Dividend","ITC Limited has informed the Exchange that Board of Directors at its meeting held on May 22, 2025, recommended Final Dividend of Rs. 7.85 per equity share.","22-May-2025 16:54:38","2025-05-22 16:54:38","22-May-2025 16:54:39","00:00:01","https://nsearchives.nseindia.com/corporate/ITC_22052025165427_SE_Results_.pdf"
"ITC","ITC Limited","Outcome of Board Meeting","ITC Limited has informed the Exchange regarding  Board meeting held on May 22, 2025.","22-May-2025 16:52:35","2025-05-22 16:52:35","22-May-2025 16:52:37","00:00:02","https://nsearchives.nseindia.com/corporate/ITC_22052025165223_SE_Results_.pdf"
"ITC","ITC Limited","Outcome of Board Meeting","ITC Limited has submitted to the Exchange, the financial results for the period ended March 31, 2025.","22-May-2025 16:51:00","2025-05-22 16:51:00","22-May-2025 16:51:01","00:00:01","https://nsearchives.nseindia.com/corporate/ITC_22052025164616_SE_Results_.pdf"
"ITC","ITC Limited","Acquisition","ITC Limited has informed the Exchange about Acquisition of shares of Mother Sparsh Baby Care Private Limited.","21-May-2025 20:00:02","2025-05-21 20:00:02","21-May-2025 20:00:04","00:00:02","https://nsearchives.nseindia.com/corporate/ITC_21052025195949_SE_Mothersparsh_.pdf"
"ITC","ITC Limited","Analysts/Institutional Investor Meet/Con. Call Updates","ITC Limited has informed the Exchange about the Company s representatives will be participating in a Non-deal Roadshow, physically on 27th to 29th May, 2025 at Singapore.","20-May-2025 19:04:10","2025-05-20 19:04:10","20-May-2025 19:04:11","00:00:01","https://nsearchives.nseindia.com/corporate/ITC_20052025190317_SE_Investorconference_.pdf"
"ITC","ITC Limited","Copy of Newspaper Publication","ITC Limited has informed the Exchange about Copy of Newspaper Publication","16-May-2025 15:12:54","2025-05-16 15:12:54","16-May-2025 15:12:55","00:00:01","https://nsearchives.nseindia.com/corporate/ITC_16052025151152_Advertisement-ProposedtransfertoIEPF.pdf"
"ITC","ITC Limited","Credit Rating","ITC Limited has informed the Exchange about Credit Rating","15-May-2025 18:36:54","2025-05-15 18:36:54","15-May-2025 18:36:54","00:00:00","https://nsearchives.nseindia.com/corporate/ITC_15052025183607_SE_ESG_.pdf"
"ITC","ITC Limited","Sale or disposal","ITC Limited has informed the Exchange about divestment of its entire shareholding held in Delectable Technologies Private Limited.","13-May-2025 20:02:03","2025-05-13 20:02:03","13-May-2025 20:02:03","00:00:00","https://nsearchives.nseindia.com/corporate/ITC_13052025200047_SE_DTPL_.pdf"
"ITC","ITC Limited","Certificate under SEBI (Depositories and Participants) Regulations, 2018","ITC Limited has informed the Exchange about Certificate under SEBI (Depositories and Participants) Regulations, 2018","02-May-2025 18:30:37","2025-05-02 18:30:37","02-May-2025 18:30:37","00:00:00","https://nsearchives.nseindia.com/corporate/ITC_02052025183004_MonthlydematrematApril2025.pdf"
"ITC","ITC Limited","Acquisition","ITC Limited has informed the Exchange about Entering into Agreements for acquisition of shares of Sresta Natural Bioproducts Private Limited and Mother Sparsh Baby Care Private Limited","17-Apr-2025 21:57:36","2025-04-17 21:57:36","17-Apr-2025 21:57:37","00:00:01","https://nsearchives.nseindia.com/corporate/ITC_17042025215701_SE.pdf"
"ITC","ITC Limited","Shareholders meeting","ITC Limited has informed the Exchange regarding voting results of Postal Ballot by voting through electronic means","11-Apr-2025 14:55:50","2025-04-11 14:55:50","11-Apr-2025 14:55:50","00:00:00","https://nsearchives.nseindia.com/corporate/ITC_11042025145523_SE_VotingResults_.pdf"
"ITC","ITC Limited","Acquisition","ITC Limited has informed the Exchange about Acquisition of shares of Ample Foods Private Limited","04-Apr-2025 18:49:45","2025-04-04 18:49:45","04-Apr-2025 18:49:46","00:00:01","https://nsearchives.nseindia.com/corporate/ITC_04042025184935_SE_Acquisition_.pdf"
"ITC","ITC Limited","Certificate under SEBI (Depositories and Participants) Regulations, 2018","ITC Limited has informed the Exchange about Certificate under SEBI (Depositories and Participants) Regulations, 2018","04-Apr-2025 17:38:45","2025-04-04 17:38:45","04-Apr-2025 17:38:46","00:00:01","https://nsearchives.nseindia.com/corporate/ITC_04042025173739_MonthlydematrematMarch2025.pdf"
"ITC","ITC Limited","Acquisition","ITC Limited has informed the Exchange about Acquisition of Pulp and Paper Undertaking of Aditya Birla Real Estate Limited.","31-Mar-2025 20:03:07","2025-03-31 20:03:07","31-Mar-2025 20:03:07","00:00:00","https://nsearchives.nseindia.com/corporate/ITC_31032025200258_SE_Acquisition_.pdf"
"ITC","ITC Limited","Trading Window","ITC Limited has informed the Exchange regarding the Trading Window closure pursuant to SEBI (Prohibition of Insider Trading) Regulations, 2015","27-Mar-2025 18:50:45","2025-03-27 18:50:45","27-Mar-2025 18:50:46","00:00:01","https://nsearchives.nseindia.com/corporate/ITC_27032025185034_ClosureofTradingWindow.pdf"
"ITC","ITC Limited","ESOP/ESOS/ESPS","ITC Limited has informed the Exchange regarding Allotment of 664000  Shares.","17-Mar-2025 19:15:32","2025-03-17 19:15:32","17-Mar-2025 19:15:33","00:00:01","https://nsearchives.nseindia.com/corporate/ITC_17032025191345_Intimation17032025.pdf"
"ITC","ITC Limited","Copy of Newspaper Publication","ITC Limited has informed the Exchange about Copy of Newspaper Publication","13-Mar-2025 16:29:37","2025-03-13 16:29:37","13-Mar-2025 16:29:38","00:00:01","https://nsearchives.nseindia.com/corporate/ITC_13032025162919_SELetterPressAdvtPostalBallot.pdf"
"ITC","ITC Limited","Shareholders meeting","ITC Limited has informed the Exchange regarding Notice of Postal Ballot","11-Mar-2025 14:27:59","2025-03-11 14:27:59","11-Mar-2025 14:28:00","00:00:01","https://nsearchives.nseindia.com/corporate/ITC_11032025142750_SE.pdf"
"ITC","ITC Limited","Analysts/Institutional Investor Meet/Con. Call Updates","ITC Limited has informed the Exchange about Schedule of meet","10-Mar-2025 18:45:21","2025-03-10 18:45:21","10-Mar-2025 18:45:21","00:00:00","https://nsearchives.nseindia.com/corporate/ITC_10032025184458_SE_InvestorConference_.pdf"
"ITC","ITC Limited","Certificate under SEBI (Depositories and Participants) Regulations, 2018","ITC Limited has informed the Exchange about Certificate under SEBI (Depositories and Participants) Regulations, 2018","03-Mar-2025 17:50:24","2025-03-03 17:50:24","03-Mar-2025 17:50:25","00:00:01","https://nsearchives.nseindia.com/corporate/ITC_03032025175011_MonthlydematrematFeb2025.pdf"
"ITC","ITC Limited","ESOP/ESOS/ESPS","ITC Limited has informed the Exchange regarding Allotment of 976280  Shares.","25-Feb-2025 19:23:50","2025-02-25 19:23:50","25-Feb-2025 19:23:51","00:00:01","https://nsearchives.nseindia.com/corporate/ITC_25022025192153_Intimation25022025.pdf"
"ITC","ITC Limited","Outcome of Board Meeting","ITC Limited has informed the Exchange regarding Acquisition of shares of Ample Foods Private Limited and Meat and Spice Private Limited","06-Feb-2025 19:49:15","2025-02-06 19:49:15","06-Feb-2025 19:49:16","00:00:01","https://nsearchives.nseindia.com/corporate/ITC_06022025194740_SE_Acquisition_.pdf"
"ITC","ITC Limited","Acquisition","ITC Limited has informed the Exchange about Acquisition of shares of Ample Foods Private Limited and Meat and Spice Private Limited","06-Feb-2025 19:49:15","2025-02-06 19:49:15","06-Feb-2025 19:49:16","00:00:01","https://nsearchives.nseindia.com/corporate/ITC_06022025194749_SE_Acquisition_.pdf"
"ITC","ITC Limited","Integrated Filing- Financial","Integrated Filing (Financial) for the Quarter and Nine Months ended 31st December, 2024","06-Feb-2025 18:58:46","2025-02-06 18:58:46","06-Feb-2025 18:58:47","00:00:01","https://nsearchives.nseindia.com/corporate/ITC_06022025185830_SE_IntegratedResults_.pdf"
"ITC","ITC Limited","Record Date","ITC Limited has informed the Exchange that Record date for the purpose of Dividend  is 06-Feb-2025.","06-Feb-2025 18:49:38","2025-02-06 18:49:38","06-Feb-2025 18:49:39","00:00:01","https://nsearchives.nseindia.com/corporate/ITC_06022025184818_SE.pdf"
"ITC","ITC Limited","General Updates","ITC Limited has informed the Exchange about  recommendation for issue of shares under a new Employee Stock Appreciation Rights Scheme","06-Feb-2025 18:47:11","2025-02-06 18:47:11","06-Feb-2025 18:47:13","00:00:02","https://nsearchives.nseindia.com/corporate/ITC_06022025184556_SE.pdf"
"ITC","ITC Limited","General Updates","ITC Limited has informed the Exchange about Interim Dividend","06-Feb-2025 18:47:11","2025-02-06 18:47:11","06-Feb-2025 18:47:12","00:00:01","https://nsearchives.nseindia.com/corporate/ITC_06022025184447_SE.pdf"
"ITC","ITC Limited","Outcome of Board Meeting","ITC Limited has informed the Exchange regarding Outcome of Board Meeting held on February 06, 2025.","06-Feb-2025 18:47:11","2025-02-06 18:47:11","06-Feb-2025 18:47:12","00:00:01","https://nsearchives.nseindia.com/corporate/ITC_06022025184355_SE_Results_.pdf"
"ITC","ITC Limited","Outcome of Board Meeting","ITC Limited has informed the Exchange regarding  Board meeting held on February 06, 2025.","06-Feb-2025 18:41:10","2025-02-06 18:41:10","06-Feb-2025 18:41:11","00:00:01","https://nsearchives.nseindia.com/corporate/ITC_06022025184054_SE_Results_.pdf"
"ITC","ITC Limited","General Updates","ITC Limited has informed the Exchange about Media Statement and Presentation","06-Feb-2025 18:39:26","2025-02-06 18:39:26","06-Feb-2025 18:39:27","00:00:01","https://nsearchives.nseindia.com/corporate/ITC_06022025183903_SE_Media_.pdf"
"ITC","ITC Limited","Financial Result Updates"," ITC Limited has submitted to the Exchange, the financial results for the period ended December 31, 2024.","06-Feb-2025 18:37:02","2025-02-06 18:37:02","06-Feb-2025 18:37:02","00:00:00","https://nsearchives.nseindia.com/corporate/SE_Results__06022025183702.pdf"
"ITC","ITC Limited","Certificate under SEBI (Depositories and Participants) Regulations, 2018","ITC Limited has informed the Exchange about Certificate under SEBI (Depositories and Participants) Regulations, 2018","04-Feb-2025 16:01:02","2025-02-04 16:01:02","04-Feb-2025 16:01:03","00:00:01","https://nsearchives.nseindia.com/corporate/ITC_04022025155931_MonthlydematrematJan2025.pdf"
"ITC","ITC Limited","ESOP/ESOS/ESPS","ITC Limited has informed the Exchange regarding Allotment of 769110  Shares.","31-Jan-2025 16:25:14","2025-01-31 16:25:14","31-Jan-2025 16:25:14","00:00:00","https://nsearchives.nseindia.com/corporate/ITC_31012025162325_Intimation31012025.pdf"
"ITC","ITC Limited","General Updates","ITC Limited has informed the Exchange about Apportionment of cost of acquisition of Ordinary Shares of ITC Limited and Equity Shares of ITC Hotels Limited - Revised","28-Jan-2025 00:42:17","2025-01-28 00:42:17","28-Jan-2025 00:42:18","00:00:01","https://nsearchives.nseindia.com/corporate/ITC_28012025004206_SE_COA_.pdf"
"ITC","ITC Limited","General Updates","ITC Limited has informed the Exchange about Apportionment of cost of acquisition of Ordinary Shares of ITC Limited and Equity Shares of ITC Hotels Limited","27-Jan-2025 21:13:30","2025-01-27 21:13:30","27-Jan-2025 21:13:31","00:00:01","https://nsearchives.nseindia.com/corporate/ITC_27012025211253_SE_COA_.pdf"
"ITC","ITC Limited","General Updates","ITC Limited has informed the Exchange about Listing of equity shares of ITC Hotels Limited","27-Jan-2025 17:29:28","2025-01-27 17:29:28","27-Jan-2025 17:29:30","00:00:02","https://nsearchives.nseindia.com/corporate/ITC_27012025172900_SE_listing_of_ITCHL_.pdf"
"ITC","ITC Limited","Credit Rating- New","ITC Limited has informed the Exchange about Intimation of ESG Score assigned by SES ESG Research Private Limited","15-Jan-2025 12:22:34","2025-01-15 12:22:34","15-Jan-2025 12:22:35","00:00:01","https://nsearchives.nseindia.com/corporate/ITC_15012025122222_SE_ESG_.pdf"
"ITC","ITC Limited","General Updates","ITC Limited has informed the Exchange about General Updates","11-Jan-2025 16:54:16","2025-01-11 16:54:16","11-Jan-2025 16:54:17","00:00:01","https://nsearchives.nseindia.com/corporate/ITC_11012025165347_SE_allotment_.pdf"
"ITC","ITC Limited","Certificate under SEBI (Depositories and Participants) Regulations, 2018","ITC Limited has informed the Exchange about Certificate under SEBI (Depositories and Participants) Regulations, 2018","02-Jan-2025 15:40:53","2025-01-02 15:40:53","02-Jan-2025 15:40:54","00:00:01","https://nsearchives.nseindia.com/corporate/ITC_02012025154027_MonthlydematrematDec2024.pdf"
"ITC","ITC Limited","General Updates","ITC Limited has informed the Exchange about general updates on demerger of Hotels Business into ITC Hotels Limited","31-Dec-2024 18:19:41","2024-12-31 18:19:41","31-Dec-2024 18:19:42","00:00:01","https://nsearchives.nseindia.com/corporate/ITC_31122024181701_SELetter.pdf"
"ITC","ITC Limited","General Updates","ITC Limited has informed the Exchange about presentation on demerger of Hotel Business - update","30-Dec-2024 15:32:47","2024-12-30 15:32:47","30-Dec-2024 15:32:48","00:00:01","https://nsearchives.nseindia.com/corporate/ITC_30122024153104_SELetter.pdf"
"ITC","ITC Limited","Trading Window","ITC Limited has informed the Exchange regarding the Trading Window closure pursuant to SEBI (Prohibition of Insider Trading) Regulations, 2015","26-Dec-2024 13:13:45","2024-12-26 13:13:45","26-Dec-2024 13:13:46","00:00:01","https://nsearchives.nseindia.com/corporate/ITC_26122024131212_ClosureofTradingWindow.pdf"
"ITC","ITC Limited","Acquisition","ITC Limited has informed the Exchange about Acquisition","18-Dec-2024 18:29:24","2024-12-18 18:29:24","18-Dec-2024 18:29:25","00:00:01","https://nsearchives.nseindia.com/corporate/ITC_18122024182924_SE_HLVEIH_.pdf"
"ITC","ITC Limited","Appointment","ITC Limited has informed the Exchange regarding Appointment of Mr Siddhartha Mohanty as Non- Executive Director of the company w.e.f. January 01, 2025.","18-Dec-2024 15:29:31","2024-12-18 15:29:31","18-Dec-2024 15:29:32","00:00:01","https://nsearchives.nseindia.com/corporate/ITC_18122024152931_SE_Director_.pdf"
"ITC","ITC Limited","Shareholders meeting","ITC Limited has informed the Exchange regarding voting results of  Postal Ballot","18-Dec-2024 15:19:48","2024-12-18 15:19:48","18-Dec-2024 15:19:49","00:00:01","https://nsearchives.nseindia.com/corporate/ITC_18122024151948_SE_VotingResults_.pdf"
"ITC","ITC Limited","Record Date","ITC Limited has informed the Exchange that Record date for the purpose of Demerger of the Hotels Business of the Company  is 06-Jan-2025.","18-Dec-2024 12:55:36","2024-12-18 12:55:36","18-Dec-2024 12:55:37","00:00:01","https://nsearchives.nseindia.com/corporate/ITC_18122024125536_SE_Recorddate_.pdf"
"ITC","ITC Limited","General Updates","ITC Limited has informed the Exchange about Demerger of the Hotels Business of the Company - Record Date","18-Dec-2024 12:46:32","2024-12-18 12:46:32","18-Dec-2024 12:46:32","00:00:00","https://nsearchives.nseindia.com/corporate/ITC_18122024124632_SE_Recorddate_.pdf"
"ITC","ITC Limited","General Updates","ITC Limited has informed the Exchange about update on Demerger of the Hotels Business of the Company.","17-Dec-2024 11:41:31","2024-12-17 11:41:31","17-Dec-2024 11:41:32","00:00:01","https://nsearchives.nseindia.com/corporate/ITC_17122024114131_SE_Effectivedate_.pdf"
"ITC","ITC Limited","ESOP/ESOS/ESPS","ITC Limited has informed the Exchange regarding Allotment of 898540  Shares.","16-Dec-2024 16:27:04","2024-12-16 16:27:04","16-Dec-2024 16:27:05","00:00:01","https://nsearchives.nseindia.com/corporate/ITC_16122024162704_Intimation16122024.pdf"
"ITC","ITC Limited","Loss of Share Certificates","ITC Limited has informed the Exchange about Loss of Share Certificates","11-Dec-2024 16:41:37","2024-12-11 16:41:37","11-Dec-2024 16:41:38","00:00:01","https://nsearchives.nseindia.com/corporate/ITC_11122024164137_loss_11dec2024_signed.pdf"
"ITC","ITC Limited","Loss of Share Certificates","ITC Limited has informed the Exchange about Loss of Share Certificates","04-Dec-2024 17:38:27","2024-12-04 17:38:27","04-Dec-2024 17:38:28","00:00:01","https://nsearchives.nseindia.com/corporate/ITC_04122024173827_loss_4dec2024_signed.pdf"
"ITC","ITC Limited","Certificate under SEBI (Depositories and Participants) Regulations, 2018","ITC Limited has informed the Exchange about Certificate under SEBI (Depositories and Participants) Regulations, 2018","03-Dec-2024 18:00:19","2024-12-03 18:00:19","03-Dec-2024 18:00:20","00:00:01","https://nsearchives.nseindia.com/corporate/ITC_03122024180019_MonthlydematrematNov2024.pdf"
"ITC","ITC Limited","News Verification","The Exchange has sought clarification from ITC Limited with respect to recent news item captioned ITC, Godfrey Phillips shares tumble as GST panel suggests 35% tax for cigarettes, tobacco.  The response from the Company is attached.","03-Dec-2024 15:28:38","2024-12-03 15:28:38","03-Dec-2024 15:28:39","00:00:01","https://nsearchives.nseindia.com/corporate/ITC_03122024152838_SE_Rumour__NSE_.pdf"
"ITC","ITC Limited","News Verification","The Exchange has sought clarification from ITC Limited with respect to recent news item captioned ITC, Godfrey Phillips shares tumble as GST panel suggests 35% tax for cigarettes, tobacco.  The response from the Company is awaited.","03-Dec-2024 11:46:52","2024-12-03 11:46:52","03-Dec-2024 11:46:52","00:00:00","-"
"ITC","ITC Limited","Loss of Share Certificates","ITC Limited has informed the Exchange about Loss of Share Certificates","29-Nov-2024 16:41:41","2024-11-29 16:41:41","29-Nov-2024 16:41:42","00:00:01","https://nsearchives.nseindia.com/corporate/ITC_29112024164141_REISSUE_29112024__SIGNED.pdf"
"ITC","ITC Limited","Acquisition","ITC Limited has informed the Exchange about Acquisition","29-Nov-2024 14:17:24","2024-11-29 14:17:24","29-Nov-2024 14:17:24","00:00:00","https://nsearchives.nseindia.com/corporate/ITC_29112024141724_SE_GHL_.pdf"
"ITC","ITC Limited","Loss of Share Certificates","ITC Limited has informed the Exchange about Loss of Share Certificates","28-Nov-2024 18:35:31","2024-11-28 18:35:31","28-Nov-2024 18:35:32","00:00:01","https://nsearchives.nseindia.com/corporate/ITC_28112024183531_LOSS_28NOV2024_signed.pdf"
"ITC","ITC Limited","Analysts/Institutional Investor Meet/Con. Call Updates","ITC Limited has informed the Exchange about Schedule of meet","27-Nov-2024 15:30:06","2024-11-27 15:30:06","27-Nov-2024 15:30:06","00:00:00","https://nsearchives.nseindia.com/corporate/ITC_27112024153006_SE_Investorconference_.pdf"
"ITC","ITC Limited","General Updates","ITC Limited has informed the Exchange about Presentation on ITC Hotels.","25-Nov-2024 09:47:22","2024-11-25 09:47:22","25-Nov-2024 09:47:23","00:00:01","https://nsearchives.nseindia.com/corporate/ITC_25112024094722_SE_InvestorPresentation_.pdf"
"ITC","ITC Limited","Analysts/Institutional Investor Meet/Con. Call Updates","ITC Limited has informed the Exchange about Schedule of meet","22-Nov-2024 11:16:44","2024-11-22 11:16:44","22-Nov-2024 11:16:44","00:00:00","https://nsearchives.nseindia.com/corporate/ITC_22112024111644_SE_Investorconference_.pdf"
"ITC","ITC Limited","Loss of Share Certificates","ITC Limited has informed the Exchange about Loss of Share Certificates","21-Nov-2024 17:58:07","2024-11-21 17:58:07","21-Nov-2024 17:58:08","00:00:01","https://nsearchives.nseindia.com/corporate/ITC_21112024175807_NSE_LOSS21112024_SIGNED.pdf"
"ITC","ITC Limited","Copy of Newspaper Publication","ITC Limited has informed the Exchange about Copy of Newspaper Publication","19-Nov-2024 13:18:11","2024-11-19 13:18:11","19-Nov-2024 13:18:11","00:00:00","https://nsearchives.nseindia.com/corporate/ITC_19112024131811_SELetterPressAdvtPostalBallot.pdf"
"ITC","ITC Limited","Loss of Share Certificates","ITC Limited has informed the Exchange about Loss of Share Certificates","15-Nov-2024 17:28:00","2024-11-15 17:28:00","15-Nov-2024 17:28:01","00:00:01","https://nsearchives.nseindia.com/corporate/ITC_15112024172800_reissue_signed_15112024.pdf"
"ITC","ITC Limited","ESOP/ESOS/ESPS","ITC Limited has informed the Exchange regarding Allotment of 1119510  Shares.","15-Nov-2024 11:30:35","2024-11-15 11:30:35","15-Nov-2024 11:30:36","00:00:01","https://nsearchives.nseindia.com/corporate/ITC_15112024113035_Intimation.pdf"
"ITC","ITC Limited","Shareholders meeting","ITC Limited has informed the Exchange about Shareholders meeting","13-Nov-2024 16:06:08","2024-11-13 16:06:08","13-Nov-2024 16:06:09","00:00:01","https://nsearchives.nseindia.com/corporate/ITC_13112024160608_SE.pdf"
"ITC","ITC Limited","Analysts/Institutional Investor Meet/Con. Call Updates","ITC Limited has informed the Exchange about Schedule of meet","11-Nov-2024 17:45:44","2024-11-11 17:45:44","11-Nov-2024 17:45:45","00:00:01","https://nsearchives.nseindia.com/corporate/ITC_11112024174544_SE_Investorconference_.pdf"
"ITC","ITC Limited","Loss of Share Certificates","ITC Limited has informed the Exchange about Loss of Share Certificates","06-Nov-2024 17:30:12","2024-11-06 17:30:12","06-Nov-2024 17:30:13","00:00:01","https://nsearchives.nseindia.com/corporate/ITC_06112024173012_loss_6nov2024_signed.pdf"
"ITC","ITC Limited","Certificate under SEBI (Depositories and Participants) Regulations, 2018","ITC Limited has informed the Exchange about Certificate under SEBI (Depositories and Participants) Regulations, 2018","04-Nov-2024 17:52:11","2024-11-04 17:52:11","04-Nov-2024 17:52:11","00:00:00","https://nsearchives.nseindia.com/corporate/ITC_04112024175211_MonthlydematrematOct2024.pdf"
"ITC","ITC Limited","Analysts/Institutional Investor Meet/Con. Call Updates","ITC Limited has informed the Exchange about Schedule of meet","31-Oct-2024 15:49:56","2024-10-31 15:49:56","31-Oct-2024 15:49:57","00:00:01","https://nsearchives.nseindia.com/corporate/ITC_31102024154956_SE_Investorconferences_.pdf"
"ITC","ITC Limited","General Updates","ITC Limited has informed the Exchange about Media Statement and Presentation","24-Oct-2024 19:51:32","2024-10-24 19:51:32","24-Oct-2024 19:51:33","00:00:01","https://nsearchives.nseindia.com/corporate/ITC_24102024195132_SE_Media_.pdf"
"ITC","ITC Limited","Resignation","ITC Limited has informed the Exchange regarding Resignation of Mr Mukesh Gupta as Non- Executive Director of the company w.e.f. October 27, 2024.","24-Oct-2024 19:39:42","2024-10-24 19:39:42","24-Oct-2024 19:39:43","00:00:01","https://nsearchives.nseindia.com/corporate/ITC_24102024193942_SE_Director_.pdf"
"ITC","ITC Limited","General Updates","ITC Limited has informed the Exchange about Approval for acquisition of Shares","24-Oct-2024 19:20:27","2024-10-24 19:20:27","24-Oct-2024 19:20:27","00:00:00","https://nsearchives.nseindia.com/corporate/ITC_24102024192027_SE_Acqusition_.pdf"
"ITC","ITC Limited","General Updates","ITC Limited has informed the Exchange about Recommendation for appointment of Director","24-Oct-2024 19:19:24","2024-10-24 19:19:24","24-Oct-2024 19:19:24","00:00:00","https://nsearchives.nseindia.com/corporate/ITC_24102024191924_SE_Directorrecommendation_.pdf"
"ITC","ITC Limited","Outcome of Board Meeting","ITC Limited has informed the Exchange regarding  Board meeting held on October 24, 2024.","24-Oct-2024 19:15:26","2024-10-24 19:15:26","24-Oct-2024 19:15:27","00:00:01","https://nsearchives.nseindia.com/corporate/ITC_24102024191526_Results.pdf"
"ITC","ITC Limited","Financial Result Updates"," ITC Limited has submitted to the Exchange, the financial results for the period ended September 30, 2024.","24-Oct-2024 19:14:21","2024-10-24 19:14:21","24-Oct-2024 19:14:22","00:00:01","https://nsearchives.nseindia.com/corporate/Results_24102024191421.pdf"
"ITC","ITC Limited","Loss of Share Certificates","ITC Limited has informed the Exchange about Loss of Share Certificates","23-Oct-2024 17:44:21","2024-10-23 17:44:21","23-Oct-2024 17:44:22","00:00:01","https://nsearchives.nseindia.com/corporate/ITC_23102024174421_loss_23102024_signed.pdf"
"ITC","ITC Limited","Loss of Share Certificates","ITC Limited has informed the Exchange about Loss of Share Certificates","22-Oct-2024 18:02:39","2024-10-22 18:02:39","22-Oct-2024 18:02:39","00:00:00","https://nsearchives.nseindia.com/corporate/ITC_22102024180239_20241022113731_SIGNED.pdf"
"ITC","ITC Limited","ESOP/ESOS/ESPS","ITC Limited has informed the Exchange regarding Allotment of 2093640 Shares.","21-Oct-2024 11:09:44","2024-10-21 11:09:44","21-Oct-2024 11:09:44","00:00:00","https://nsearchives.nseindia.com/corporate/ITC_21102024110944_Intimation21102024.pdf"
"ITC","ITC Limited","Loss of Share Certificates","ITC Limited has informed the Exchange about Loss of Share Certificates","15-Oct-2024 17:36:01","2024-10-15 17:36:01","15-Oct-2024 17:36:01","00:00:00","https://nsearchives.nseindia.com/corporate/ITC_15102024173601_LOSS_15OCT2024_SIGNED.pdf"
"ITC","ITC Limited","Loss of Share Certificates","ITC Limited has informed the Exchange about Loss of Share Certificates","09-Oct-2024 14:42:32","2024-10-09 14:42:32","09-Oct-2024 14:42:33","00:00:01","https://nsearchives.nseindia.com/corporate/ITC_09102024144232_BSE_REISSUE09102024_SIGNED.pdf"
"ITC","ITC Limited","Loss of Share Certificates","ITC Limited has informed the Exchange about Loss of Share Certificates","08-Oct-2024 17:43:41","2024-10-08 17:43:41","08-Oct-2024 17:43:42","00:00:01","https://nsearchives.nseindia.com/corporate/ITC_08102024174341_LOSS_8OCTOBER2024_SIGNED.pdf"
"ITC","ITC Limited","Updates","ITC Limited has informed the Exchange regarding 'Quarterly report on Fake/Forged/Missing/Lost/Stolen/Non-transferable shares as on 30th September, 2024'.","07-Oct-2024 18:25:01","2024-10-07 18:25:01","07-Oct-2024 18:25:02","00:00:01","https://nsearchives.nseindia.com/corporate/ITC_07102024182502_QTRLY_LOSS_SEPT2024_SIGNED.pdf"
"ITC","ITC Limited","General Updates","ITC Limited has informed the Exchange about Demerger of the Hotels Business of the Company","05-Oct-2024 13:04:19","2024-10-05 13:04:19","05-Oct-2024 13:04:19","00:00:00","https://nsearchives.nseindia.com/corporate/ITC_05102024130419_SE_NCLTOrder_.pdf"
"ITC","ITC Limited","Certificate under SEBI (Depositories and Participants) Regulations, 2018","ITC Limited has informed the Exchange about Certificate under SEBI (Depositories and Participants) Regulations, 2018","04-Oct-2024 11:51:27","2024-10-04 11:51:27","04-Oct-2024 11:51:27","00:00:00","https://nsearchives.nseindia.com/corporate/ITC_04102024115127_MonthlydematrematSept2024.pdf"
"ITC","ITC Limited","Acquisition","ITC Limited has informed the Exchange about Acquisition","01-Oct-2024 21:37:55","2024-10-01 21:37:55","01-Oct-2024 21:37:56","00:00:01","https://nsearchives.nseindia.com/corporate/ITC_01102024213755_SE_Blazeclan_.pdf"
"ITC","ITC Limited","Acquisition","ITC Limited has informed the Exchange about Acquisition","25-Sep-2024 19:00:28","2024-09-25 19:00:28","25-Sep-2024 19:00:29","00:00:01","https://nsearchives.nseindia.com/corporate/ITC_25092024190028_SE_Acquisition_.pdf"
"ITC","ITC Limited","Loss of Share Certificates","ITC Limited has informed the Exchange about Loss of Share Certificates","25-Sep-2024 17:36:26","2024-09-25 17:36:26","25-Sep-2024 17:36:28","00:00:02","https://nsearchives.nseindia.com/corporate/ITC_25092024173627_loss_25092024_signed.pdf"
"ITC","ITC Limited","Trading Window","ITC Limited has informed the Exchange regarding the Trading Window closure pursuant to SEBI (Prohibition of Insider Trading) Regulations, 2015","25-Sep-2024 17:28:09","2024-09-25 17:28:09","25-Sep-2024 17:28:10","00:00:01","https://nsearchives.nseindia.com/corporate/ITC_25092024172809_ClosureofTradingWindow.pdf"
"ITC","ITC Limited","Loss of Share Certificates","ITC Limited has informed the Exchange about Loss of Share Certificates","18-Sep-2024 18:31:51","2024-09-18 18:31:51","18-Sep-2024 18:31:52","00:00:01","https://nsearchives.nseindia.com/corporate/ITC_18092024183151_REISSUE18092024_SIGNED.pdf"
"ITC","ITC Limited","Loss of Share Certificates","ITC Limited has informed the Exchange about Loss of Share Certificates","18-Sep-2024 18:19:06","2024-09-18 18:19:06","18-Sep-2024 18:19:06","00:00:00","https://nsearchives.nseindia.com/corporate/ITC_18092024181906_loss_18092024_signed.pdf"
"ITC","ITC Limited","ESOP/ESOS/ESPS","ITC Limited has informed the Exchange regarding Allotment of 2113730  Shares.","17-Sep-2024 11:28:59","2024-09-17 11:28:59","17-Sep-2024 11:29:12","00:00:13","https://nsearchives.nseindia.com/corporate/ITC_17092024112859_AllotmentLetter17092024.pdf"
"ITC","ITC Limited","Change in Director(s)","ITC Limited has informed the Exchange regarding Change in Director(s) of the company.","15-Sep-2024 11:00:02","2024-09-15 11:00:02","15-Sep-2024 11:00:03","00:00:01","https://nsearchives.nseindia.com/corporate/ITC_15092024110002_SEDirectorsCessation.pdf"
"ITC","ITC Limited","Loss of Share Certificates","ITC Limited has informed the Exchange about Loss of Share Certificates","13-Sep-2024 17:27:58","2024-09-13 17:27:58","13-Sep-2024 17:27:59","00:00:01","https://nsearchives.nseindia.com/corporate/ITC_13092024172758_LOSS_13092024_SIGNED.pdf"
"ITC","ITC Limited","Copy of Newspaper Publication","ITC Limited has informed the Exchange about Copy of Newspaper Publication re: Notice of Hearing of Company Petition.","12-Sep-2024 11:06:36","2024-09-12 11:06:36","12-Sep-2024 11:06:37","00:00:01","https://nsearchives.nseindia.com/corporate/ITC_12092024110636_SE.pdf"
"ITC","ITC Limited","Loss of Share Certificates","ITC Limited has informed the Exchange about Loss of Share Certificates","11-Sep-2024 17:57:08","2024-09-11 17:57:08","11-Sep-2024 17:57:08","00:00:00","https://nsearchives.nseindia.com/corporate/ITC_11092024175708_loss_11sept24_signed.pdf"
"ITC","ITC Limited","Analysts/Institutional Investor Meet/Con. Call Updates","We write to advise, pursuant to Regulation 30 of the SEBI (Listing Obligations and                   Disclosure Requirements) Regulations, 2015, that the Company s representatives will be attending the Investor Conferences organised by third parties on 23rd and 24th September, 2024","11-Sep-2024 17:00:58","2024-09-11 17:00:58","11-Sep-2024 17:00:59","00:00:01","https://nsearchives.nseindia.com/corporate/ITC_11092024170058_SE_Investorconferences_.pdf"
"ITC","ITC Limited","Appointment","ITC Limited has informed the Exchange regarding Appointment of Mr Chandra Kishore Mishra as Non- Executive Independent Director of the company w.e.f. September 14, 2024.","11-Sep-2024 16:26:17","2024-09-11 16:26:17","11-Sep-2024 16:26:18","00:00:01","https://nsearchives.nseindia.com/corporate/ITC_11092024162617_SE_Director_.pdf"
"ITC","ITC Limited","Shareholders meeting","ITC Limited has informed the Exchange regarding voting results of  Postal Ballot","11-Sep-2024 16:16:05","2024-09-11 16:16:05","11-Sep-2024 16:16:07","00:00:02","https://nsearchives.nseindia.com/corporate/ITC_11092024161605_SE_VotingResults_.pdf"
"ITC","ITC Limited","Loss of Share Certificates","ITC Limited has informed the Exchange about Loss of Share Certificates","04-Sep-2024 17:50:54","2024-09-04 17:50:54","04-Sep-2024 17:50:54","00:00:00","https://nsearchives.nseindia.com/corporate/ITC_04092024175054_LOSS_4SEPT2024_SIGNED.pdf"
"ITC","ITC Limited","Certificate under SEBI (Depositories and Participants) Regulations, 2018","ITC Limited has informed the Exchange about Certificate under SEBI (Depositories and Participants) Regulations, 2018","03-Sep-2024 17:11:48","2024-09-03 17:11:48","03-Sep-2024 17:11:49","00:00:01","https://nsearchives.nseindia.com/corporate/ITC_03092024171149_MonthlydematrematAug2024.pdf"
"ITC","ITC Limited","Loss of Share Certificates","ITC Limited has informed the Exchange about Loss of Share Certificates","28-Aug-2024 17:39:47","2024-08-28 17:39:47","28-Aug-2024 17:39:48","00:00:01","https://nsearchives.nseindia.com/corporate/ITC_28082024173947_loss_28aug2024_signed.pdf"
"ITC","ITC Limited","Loss of Share Certificates","ITC Limited has informed the Exchange about Loss of Share Certificates","21-Aug-2024 18:04:00","2024-08-21 18:04:00","21-Aug-2024 18:04:02","00:00:02","https://nsearchives.nseindia.com/corporate/ITC_21082024180400_LOSS_21AUGUST2024_SIGNED.pdf"
"ITC","ITC Limited","Loss of Share Certificates","ITC Limited has informed the Exchange about Loss of Share Certificates","16-Aug-2024 15:27:22","2024-08-16 15:27:22","16-Aug-2024 15:27:23","00:00:01","https://nsearchives.nseindia.com/corporate/ITC_16082024152722_REISSUE16082024_SIGNED.pdf"
"ITC","ITC Limited","ESOP/ESOS/ESPS","ITC Limited has informed the Exchange regarding Allotment of 754130  Shares.","16-Aug-2024 11:17:27","2024-08-16 11:17:27","16-Aug-2024 11:17:28","00:00:01","https://nsearchives.nseindia.com/corporate/ITC_16082024111727_SE_Allotment_.pdf"
"ITC","ITC Limited","Allotment of Securities","ITC Limited has informed the Exchange regarding allotment of 754130 securities pursuant to ESOP/ESPS at its meeting held on August 16, 2024","16-Aug-2024 11:16:04","2024-08-16 11:16:04","16-Aug-2024 11:16:06","00:00:02","https://nsearchives.nseindia.com/corporate/ITC_16082024111604_SE_Allotment_.pdf"
"ITC","ITC Limited","Loss of Share Certificates","ITC Limited has informed the Exchange about Loss of Share Certificates","13-Aug-2024 18:36:29","2024-08-13 18:36:29","13-Aug-2024 18:36:30","00:00:01","https://nsearchives.nseindia.com/corporate/ITC_13082024183629_LOSS_13AUG2024_SIGNED.pdf"
"ITC","ITC Limited","Copy of Newspaper Publication","ITC Limited has informed the Exchange about Copy of Newspaper Publication","13-Aug-2024 14:39:26","2024-08-13 14:39:26","13-Aug-2024 14:39:27","00:00:01","https://nsearchives.nseindia.com/corporate/ITC_13082024143926_SELetterPressAdvtPostalBallot.pdf"
"ITC","ITC Limited","Loss of Share Certificates","ITC Limited has informed the Exchange about Loss of Share Certificates","10-Aug-2024 11:13:06","2024-08-10 11:13:06","10-Aug-2024 11:13:07","00:00:01","https://nsearchives.nseindia.com/corporate/ITC_10082024111306_Reissue_signed.pdf"
"ITC","ITC Limited","ESOP/ESOS/ESPS","ITC Limited has informed the Exchange regarding Allotment of 520320  Shares.","09-Aug-2024 17:22:24","2024-08-09 17:22:24","09-Aug-2024 17:22:25","00:00:01","https://nsearchives.nseindia.com/corporate/ITC_09082024172224_Intimation09082024.pdf"
"ITC","ITC Limited","Shareholders meeting","ITC Limited has informed the Exchange regarding Notice of Postal Ballot","07-Aug-2024 15:27:44","2024-08-07 15:27:44","07-Aug-2024 15:27:45","00:00:01","https://nsearchives.nseindia.com/corporate/ITC_07082024152744_SE.pdf"
"ITC","ITC Limited","Loss of Share Certificates","ITC Limited has informed the Exchange about Loss of Share Certificates","02-Aug-2024 17:51:29","2024-08-02 17:51:29","02-Aug-2024 17:51:30","00:00:01","https://nsearchives.nseindia.com/corporate/ITC_02082024175129_loss_02082024_signed.pdf"
"ITC","ITC Limited","Certificate under SEBI (Depositories and Participants) Regulations, 2018","ITC Limited has informed the Exchange about Certificate under SEBI (Depositories and Participants) Regulations, 2018","02-Aug-2024 14:51:47","2024-08-02 14:51:47","02-Aug-2024 14:51:48","00:00:01","https://nsearchives.nseindia.com/corporate/ITC_02082024145147_MonthlydematrematJuly2024.pdf"
"ITC","ITC Limited","Updates","ITC Limited has informed the Exchange regarding 'Unaudited Financial Results   Media Statement and Presentation'.","01-Aug-2024 16:38:07","2024-08-01 16:38:07","01-Aug-2024 16:38:07","00:00:00","https://nsearchives.nseindia.com/corporate/ITC_01082024163807_SE_Media_.pdf"
"ITC","ITC Limited","ESOP/ESOS/ESPS","ITC Limited has informed the Exchange regarding Allotment of 1348780  Shares.","01-Aug-2024 16:29:29","2024-08-01 16:29:29","01-Aug-2024 16:29:30","00:00:01","https://nsearchives.nseindia.com/corporate/ITC_01082024162929_Intimation01082024.pdf"
"ITC","ITC Limited","Updates","ITC Limited has informed the Exchange regarding 'Recommendation for appointment of DIrector'.","01-Aug-2024 16:21:22","2024-08-01 16:21:22","01-Aug-2024 16:21:23","00:00:01","https://nsearchives.nseindia.com/corporate/ITC_01082024162122_SE_director_.pdf"
"ITC","ITC Limited","Outcome of Board Meeting","ITC Limited has informed the Exchange regarding Outcome of Board Meeting held on August 01, 2024.","01-Aug-2024 16:20:03","2024-08-01 16:20:03","01-Aug-2024 16:20:05","00:00:02","https://nsearchives.nseindia.com/corporate/ITC_01082024162003_SE_Results_.pdf"
"ITC","ITC Limited","Outcome of Board Meeting","ITC Limited has informed the Exchange regarding  Board meeting held on August 01, 2024.","01-Aug-2024 16:18:14","2024-08-01 16:18:14","01-Aug-2024 16:18:14","00:00:00","https://nsearchives.nseindia.com/corporate/ITC_01082024161814_SE_Results_.pdf"
"ITC","ITC Limited","Financial Result Updates"," ITC Limited has submitted to the Exchange, the financial results for the period ended June 30, 2024.","01-Aug-2024 16:16:51","2024-08-01 16:16:51","01-Aug-2024 16:16:51","00:00:00","https://nsearchives.nseindia.com/corporate/SE_Results__01082024161651.pdf"
"ITC","ITC Limited","Loss of Share Certificates","ITC Limited has informed the Exchange about Loss of Share Certificates","31-Jul-2024 17:36:25","2024-07-31 17:36:25","31-Jul-2024 17:36:25","00:00:00","https://nsearchives.nseindia.com/corporate/ITC_31072024173625_LOSS_31JULY2024_SIGNED.pdf"
"ITC","ITC Limited","Analysts/Institutional Investor Meet/Con. Call Updates","ITC Limited has informed the Exchange about Schedule of meet","30-Jul-2024 11:57:06","2024-07-30 11:57:06","30-Jul-2024 11:57:06","00:00:00","https://nsearchives.nseindia.com/corporate/ITC_30072024115706_SE_Investorconference_.pdf"
"ITC","ITC Limited","Cessation","ITC Limited has informed the Exchange regarding Cessation of Mr Shilabhadra Banerjee  as Non- Executive Independent Director of the company w.e.f. July 30, 2024.","30-Jul-2024 11:51:43","2024-07-30 11:51:43","30-Jul-2024 11:51:44","00:00:01","https://nsearchives.nseindia.com/corporate/ITC_30072024115143_SE_Director_.pdf"
"ITC","ITC Limited","Updates","ITC Limited has informed the Exchange regarding Chairman's address on  Stakeholder Value through Purposeful Performance","26-Jul-2024 18:49:20","2024-07-26 18:49:20","26-Jul-2024 18:49:20","00:00:00","https://nsearchives.nseindia.com/corporate/ITC_26072024184920_SE_chairmanspeech_.pdf"
"ITC","ITC Limited","Change in Auditors","ITC Limited has informed the Exchange regarding Change in Auditors of the company.","26-Jul-2024 18:26:30","2024-07-26 18:26:30","26-Jul-2024 18:26:31","00:00:01","https://nsearchives.nseindia.com/corporate/ITC_26072024182630_SE_Auditors_.pdf"
"ITC","ITC Limited","Change in Director(s)","ITC Limited has informed the Exchange regarding Change in Director(s) of the company.","26-Jul-2024 18:21:08","2024-07-26 18:21:08","26-Jul-2024 18:21:09","00:00:01","https://nsearchives.nseindia.com/corporate/ITC_26072024182108_SE_Directors_.pdf"
"ITC","ITC Limited","Shareholders meeting","ITC Limited has informed the Exchange regarding Proceedings of  Annual General Meeting held on July 26, 2024. Further, the company has informed the Exchange regarding voting results.","26-Jul-2024 18:00:02","2024-07-26 18:00:02","26-Jul-2024 18:00:02","00:00:00","https://nsearchives.nseindia.com/corporate/ITC_26072024180002_SE_Proceedings_.pdf"
"ITC","ITC Limited","Loss of Share Certificates","ITC Limited has informed the Exchange about Loss of Share Certificates","25-Jul-2024 17:22:38","2024-07-25 17:22:38","25-Jul-2024 17:22:39","00:00:01","https://nsearchives.nseindia.com/corporate/ITC_25072024172238_20240725144604_SIGNED.pdf"
"ITC","ITC Limited","ESOP/ESOS/ESPS","ITC Limited has informed the Exchange regarding Allotment of 6987890  Shares.","25-Jul-2024 10:57:38","2024-07-25 10:57:38","25-Jul-2024 10:57:38","00:00:00","https://nsearchives.nseindia.com/corporate/ITC_25072024105738_Intimation25072024.pdf"
"ITC","ITC Limited","Acquisition","ITC Limited has informed the Exchange about Incorporation of a new step-down subsidiary","24-Jul-2024 20:00:40","2024-07-24 20:00:40","24-Jul-2024 20:00:40","00:00:00","https://nsearchives.nseindia.com/corporate/ITC_24072024200040_SE_InfotechItaly_.pdf"
"ITC","ITC Limited","Loss of Share Certificates","ITC Limited has informed the Exchange about Loss of Share Certificates","24-Jul-2024 18:55:53","2024-07-24 18:55:53","24-Jul-2024 18:55:54","00:00:01","https://nsearchives.nseindia.com/corporate/ITC_24072024185553_loss_24JULY2024_SIGNED.pdf"
"ITC","ITC Limited","Loss of Share Certificates","ITC Limited has informed the Exchange about Loss of Share Certificates","17-Jul-2024 17:46:06","2024-07-17 17:46:06","17-Jul-2024 17:46:07","00:00:01","https://nsearchives.nseindia.com/corporate/ITC_17072024174606_loss_17july2024_signed.pdf"
"ITC","ITC Limited","ESOP/ESOS/ESPS","ITC Limited has informed the Exchange regarding Allotment of 6575870  Shares.","12-Jul-2024 10:55:22","2024-07-12 10:55:22","12-Jul-2024 10:55:23","00:00:01","https://nsearchives.nseindia.com/corporate/ITC_12072024105522_Intimation12072024.pdf"
"ITC","ITC Limited","Loss of Share Certificates","ITC Limited has informed the Exchange about Loss of Share Certificates","10-Jul-2024 17:36:54","2024-07-10 17:36:54","10-Jul-2024 17:36:55","00:00:01","https://nsearchives.nseindia.com/corporate/ITC_10072024173654_LOSS_10JULY2024_SIGNED.pdf"
"ITC","ITC Limited","Loss of Share Certificates","ITC Limited has informed the Exchange about Loss of Share Certificates","05-Jul-2024 17:39:45","2024-07-05 17:39:45","05-Jul-2024 17:39:46","00:00:01","https://nsearchives.nseindia.com/corporate/ITC_05072024173945_LOSS_5JULY2024_SIGNED.pdf"
"ITC","ITC Limited","Copy of Newspaper Publication","ITC Limited has informed the Exchange about Copy of Newspaper Publication","05-Jul-2024 16:13:46","2024-07-05 16:13:46","05-Jul-2024 16:13:47","00:00:01","https://nsearchives.nseindia.com/corporate/ITC_05072024161346_SELetterreCompletionofdespatch.pdf"
"ITC","ITC Limited","Updates","ITC Limited has informed the Exchange regarding 'Quarterly report on Fake/Forged/Missing/Lost/Stolen/Non-transferable shares as on 30th June, 2024'.","03-Jul-2024 17:45:15","2024-07-03 17:45:15","03-Jul-2024 17:45:16","00:00:01","https://nsearchives.nseindia.com/corporate/ITC_03072024174515_QTRLY_LOSS_JUNE2024_SIGNED.pdf"
"ITC","ITC Limited","Loss of Share Certificates","ITC Limited has informed the Exchange about Loss of Share Certificates","03-Jul-2024 17:40:16","2024-07-03 17:40:16","03-Jul-2024 17:40:17","00:00:01","https://nsearchives.nseindia.com/corporate/ITC_03072024174016_loss_3july2024_signed.pdf"
"ITC","ITC Limited","Loss of Share Certificates","ITC Limited has informed the Exchange about Loss of Share Certificates","02-Jul-2024 17:40:25","2024-07-02 17:40:25","02-Jul-2024 17:40:25","00:00:00","https://nsearchives.nseindia.com/corporate/ITC_02072024174025_20240702123411_SIGNED.pdf"
"ITC","ITC Limited","Certificate under SEBI (Depositories and Participants) Regulations, 2018","ITC Limited has informed the Exchange about Certificate under SEBI (Depositories and Participants) Regulations, 2018","02-Jul-2024 15:53:07","2024-07-02 15:53:07","02-Jul-2024 15:53:09","00:00:02","https://nsearchives.nseindia.com/corporate/ITC_02072024155308_MonthlydematrematJune2024.pdf"
"ITC","ITC Limited","ESOP/ESOS/ESPS","ITC Limited has informed the Exchange regarding Allotment of 4576510  Shares.","01-Jul-2024 10:52:59","2024-07-01 10:52:59","01-Jul-2024 10:52:59","00:00:00","https://nsearchives.nseindia.com/corporate/ITC_01072024105259_Intimation.pdf"
"ITC","ITC Limited","Shareholders meeting","ITC Limited has informed the Exchange regarding Notice of Annual General Meeting to be held on July 26, 2024","28-Jun-2024 11:30:53","2024-06-28 11:30:53","28-Jun-2024 11:30:53","00:00:00","https://nsearchives.nseindia.com/corporate/ITC_28062024113053_SE_ReportandAccounts_.pdf"
"ITC","ITC Limited","Loss of Share Certificates","ITC Limited has informed the Exchange about Loss of Share Certificates","26-Jun-2024 18:06:20","2024-06-26 18:06:20","26-Jun-2024 18:06:21","00:00:01","https://nsearchives.nseindia.com/corporate/ITC_26062024180620_loss_26june2024_signed.pdf"
"ITC","ITC Limited","Trading Window","ITC Limited has informed the Exchange regarding the Trading Window closure pursuant to SEBI (Prohibition of Insider Trading) Regulations, 2015","25-Jun-2024 16:42:23","2024-06-25 16:42:23","25-Jun-2024 16:42:23","00:00:00","https://nsearchives.nseindia.com/corporate/ITC_25062024164223_ClosureofTradingWindow.pdf"
"ITC","ITC Limited","Loss of Share Certificates","ITC Limited has informed the Exchange about Loss of Share Certificates","20-Jun-2024 18:07:13","2024-06-20 18:07:13","20-Jun-2024 18:07:14","00:00:01","https://nsearchives.nseindia.com/corporate/ITC_20062024180713_loss_20062024_signed.pdf"
"ITC","ITC Limited","Loss of Share Certificates","ITC Limited has informed the Exchange about Loss of Share Certificates","18-Jun-2024 18:01:06","2024-06-18 18:01:06","18-Jun-2024 18:01:07","00:00:01","https://nsearchives.nseindia.com/corporate/ITC_18062024180106_REISSUE.pdf"
"ITC","ITC Limited","Copy of Newspaper Publication","ITC Limited has informed the Exchange about Copy of Newspaper Publication","14-Jun-2024 16:27:50","2024-06-14 16:27:50","14-Jun-2024 16:27:51","00:00:01","https://nsearchives.nseindia.com/corporate/ITC_14062024162751_Advertisement112thAGMthroughVCorOAVM.pdf"
"ITC","ITC Limited","Loss of Share Certificates","ITC Limited has informed the Exchange about Loss of Share Certificates","12-Jun-2024 18:17:17","2024-06-12 18:17:17","12-Jun-2024 18:17:18","00:00:01","https://nsearchives.nseindia.com/corporate/ITC_12062024181717_loss_12062024_signed.pdf"
"ITC","ITC Limited","Analysts/Institutional Investor Meet/Con. Call Updates","ITC Limited has informed the Exchange about Schedule of meet","11-Jun-2024 10:51:02","2024-06-11 10:51:02","11-Jun-2024 10:51:02","00:00:00","https://nsearchives.nseindia.com/corporate/ITC_11062024105102_SE.pdf"
"ITC","ITC Limited","Shareholders meeting","ITC Limited has informed the Exchange regarding Proceedings of Court Convened General Meeting held on Jun 06, 2024. Further, the company has submitted the Exchange a copy of voting results along with copy of minutes.","06-Jun-2024 15:12:22","2024-06-06 15:12:22","06-Jun-2024 15:12:23","00:00:01","https://nsearchives.nseindia.com/corporate/ITC_06062024151222_SE_votingresults_.pdf"
"ITC","ITC Limited","Loss of Share Certificates","ITC Limited has informed the Exchange about Loss of Share Certificates","05-Jun-2024 17:48:27","2024-06-05 17:48:27","05-Jun-2024 17:48:28","00:00:01","https://nsearchives.nseindia.com/corporate/ITC_05062024174827_loss_5june2024_signed.pdf"
"ITC","ITC Limited","Certificate under SEBI (Depositories and Participants) Regulations, 2018","ITC Limited has informed the Exchange about Certificate under SEBI (Depositories and Participants) Regulations, 2018","04-Jun-2024 19:25:35","2024-06-04 19:25:35","04-Jun-2024 19:25:36","00:00:01","https://nsearchives.nseindia.com/corporate/ITC_04062024192535_MonthlydematrematMay2024.pdf"
"ITC","ITC Limited","Loss of Share Certificates","ITC Limited has informed the Exchange about Loss of Share Certificates","31-May-2024 17:46:22","2024-05-31 17:46:22","31-May-2024 17:46:23","00:00:01","https://nsearchives.nseindia.com/corporate/ITC_31052024174622_REISSUE30052024_SIGNED.pdf"
"ITC","ITC Limited","Loss of Share Certificates","ITC Limited has informed the Exchange about Loss of Share Certificates","30-May-2024 17:39:24","2024-05-30 17:39:24","30-May-2024 17:39:25","00:00:01","https://nsearchives.nseindia.com/corporate/ITC_30052024173924_loss_30may2024_signed.pdf"
"ITC","ITC Limited","Updates","ITC Limited has informed the Exchange regarding 'Demerger of the Hotels Business of the Company'.","29-May-2024 14:23:50","2024-05-29 14:23:50","29-May-2024 14:23:50","00:00:00","https://nsearchives.nseindia.com/corporate/ITC_29052024142350_SE_CCI_.pdf"
"ITC","ITC Limited","Updates","ITC Limited has informed the Exchange regarding 'Media Statement and Presentation'.","23-May-2024 14:32:28","2024-05-23 14:32:28","23-May-2024 14:32:30","00:00:02","https://nsearchives.nseindia.com/corporate/ITC_23052024143228_SE_Media_.pdf"
"ITC","ITC Limited","Record Date","ITC Limited has informed the Exchange that Record date for the purpose of Dividend  is 04-Jun-2024.","23-May-2024 14:15:05","2024-05-23 14:15:05","23-May-2024 14:15:06","00:00:01","https://nsearchives.nseindia.com/corporate/ITC_23052024141505_Dividend.pdf"
"ITC","ITC Limited","Dividend Updates","ITC Limited has informed the Exchange about Dividend Updates","23-May-2024 14:13:38","2024-05-23 14:13:38","23-May-2024 14:13:39","00:00:01","https://nsearchives.nseindia.com/corporate/ITC_23052024141338_Dividend.pdf"
"ITC","ITC Limited","Updates","ITC Limited has informed the Exchange regarding 'Appointment / Re-appointment of Directors'.","23-May-2024 14:13:38","2024-05-23 14:13:38","23-May-2024 14:13:40","00:00:02","https://nsearchives.nseindia.com/corporate/ITC_23052024141339_Directors.pdf"
"ITC","ITC Limited","Updates","ITC Limited has informed the Exchange regarding 'Re-appointment of Statutory Auditors'.","23-May-2024 14:13:38","2024-05-23 14:13:38","23-May-2024 14:13:42","00:00:04","https://nsearchives.nseindia.com/corporate/ITC_23052024141341_Auditors.pdf"
"ITC","ITC Limited","Dividend","ITC Limited has informed the Exchange that Board of Directors at its meeting held on May 23, 2024, recommended Final Dividend of Rs. 7.50 per equity share.","23-May-2024 14:10:48","2024-05-23 14:10:48","23-May-2024 14:10:49","00:00:01","https://nsearchives.nseindia.com/corporate/ITC_23052024141048_Results.pdf"
"ITC","ITC Limited","Dividend","ITC Limited has informed the Exchange that Board of Directors at its meeting held on May 23, 2024, recommended Final Dividend of 7.5 per equity share.","23-May-2024 14:09:23","2024-05-23 14:09:23","23-May-2024 14:09:24","00:00:01","https://nsearchives.nseindia.com/corporate/ITC_23052024140923_Results.pdf"
"ITC","ITC Limited","Financial Result Updates","ITC Limited has submitted to the Exchange, the financial results for the period ended March 31, 2024.","23-May-2024 14:07:36","2024-05-23 14:07:36","23-May-2024 14:07:41","00:00:05","https://nsearchives.nseindia.com/corporate/Results_23052024140736.pdf"
"ITC","ITC Limited","Loss of Share Certificates","ITC Limited has informed the Exchange about Loss of Share Certificates","22-May-2024 17:23:23","2024-05-22 17:23:23","22-May-2024 17:23:23","00:00:00","https://nsearchives.nseindia.com/corporate/ITC_22052024172323_loss_22may2024_signed.pdf"
"ITC","ITC Limited","Loss of Share Certificates","ITC Limited has informed the Exchange about Loss of Share Certificates","21-May-2024 17:48:09","2024-05-21 17:48:09","21-May-2024 17:48:10","00:00:01","https://nsearchives.nseindia.com/corporate/ITC_21052024174809_REISSUE21052024SIGNED.pdf"
"ITC","ITC Limited","Resignation","ITC Limited has informed the Exchange regarding Resignation of Mr Rahul Jain as Non- Executive Director of the company w.e.f. May 31, 2024.","17-May-2024 10:47:09","2024-05-17 10:47:09","17-May-2024 10:47:17","00:00:08","https://nsearchives.nseindia.com/corporate/ITC_17052024104709_SE_Director_.pdf"
"ITC","ITC Limited","Copy of Newspaper Publication","ITC Limited has informed the Exchange about Copy of Newspaper Publication","16-May-2024 16:28:01","2024-05-16 16:28:01","16-May-2024 16:28:06","00:00:05","https://nsearchives.nseindia.com/corporate/ITC_16052024162801_AdvertisementProposedTransferofunclaimeddividendandOrdinarysharestoIEPF.pdf"
"ITC","ITC Limited","Loss of Share Certificates","ITC Limited has informed the Exchange about Loss of Share Certificates","15-May-2024 18:21:53","2024-05-15 18:21:53","15-May-2024 18:22:06","00:00:13","https://nsearchives.nseindia.com/corporate/ITC_15052024182153_loss_15may_signed.pdf"
"ITC","ITC Limited","Loss of Share Certificates","ITC Limited has informed the Exchange about Loss of Share Certificates","08-May-2024 17:46:19","2024-05-08 17:46:19","08-May-2024 17:46:44","00:00:25","https://nsearchives.nseindia.com/corporate/ITC_08052024174619_loss_08052024_signed.pdf"
"ITC","ITC Limited","Certificate under SEBI (Depositories and Participants) Regulations, 2018","ITC Limited has informed the Exchange about Certificate under SEBI (Depositories and Participants) Regulations, 2018","06-May-2024 14:43:51","2024-05-06 14:43:51","06-May-2024 14:43:56","00:00:05","https://nsearchives.nseindia.com/corporate/ITC_06052024144351_MonthlydematrematApril2024.pdf"
"ITC","ITC Limited","Copy of Newspaper Publication","ITC Limited has informed the Exchange about Copy of Newspaper Publication","06-May-2024 13:43:02","2024-05-06 13:43:02","06-May-2024 13:43:07","00:00:05","https://nsearchives.nseindia.com/corporate/ITC_06052024134302_LetterSEenclosingadvt.pdf"
"ITC","ITC Limited","Shareholders meeting","ITC Limited has informed the Exchange regarding Notice of Tribunal Convened Meeting to be held on Jun 06, 2024","02-May-2024 17:32:48","2024-05-02 17:32:48","02-May-2024 17:33:06","00:00:18","https://nsearchives.nseindia.com/corporate/ITC_02052024173248_SE_Notice_.pdf"
"ITC","ITC Limited","Loss of Share Certificates","ITC Limited has informed the Exchange about Loss of Share Certificates","30-Apr-2024 17:45:20","2024-04-30 17:45:20","30-Apr-2024 17:45:29","00:00:09","https://nsearchives.nseindia.com/corporate/ITC_30042024174520_LOSS30042024_SIGNED.pdf"
"ITC","ITC Limited","Loss of Share Certificates","ITC Limited has informed the Exchange about Loss of Share Certificates","26-Apr-2024 18:27:56","2024-04-26 18:27:56","26-Apr-2024 18:28:01","00:00:05","https://nsearchives.nseindia.com/corporate/ITC_26042024182756_REISSUE_SIGNED.pdf"
"ITC","ITC Limited","Updates","ITC Limited has informed the Exchange regarding 'Media Statement'.","25-Apr-2024 13:16:08","2024-04-25 13:16:08","25-Apr-2024 13:16:12","00:00:04","https://nsearchives.nseindia.com/corporate/ITC_25042024131608_SE.pdf"
"ITC","ITC Limited","Updates","ITC Limited has informed the Exchange regarding 'Intimation under Regulation 30 of theSEBI (Listing Obligations and Disclosure Requirements) Regulations, 2015 '.","24-Apr-2024 17:24:45","2024-04-24 17:24:45","24-Apr-2024 17:24:54","00:00:09","https://nsearchives.nseindia.com/corporate/ITC_24042024172445_SE.pdf"
"ITC","ITC Limited","Acquisition","ITC Limited has informed the Exchange that ITC Infotech India Limited, a wholly owned subsidiary, has advised us that they have entered into a Share Purchase Agreement for acquisition of 100% of the share capital of Blazeclan Technologies Private Limited.","18-Apr-2024 15:34:07","2024-04-18 15:34:07","18-Apr-2024 15:34:13","00:00:06","https://nsearchives.nseindia.com/corporate/ITC_18042024153407_SE.pdf"
"ITC","ITC Limited","Loss of Share Certificates","ITC Limited has informed the Exchange about Loss of Share Certificates","17-Apr-2024 18:26:39","2024-04-17 18:26:39","17-Apr-2024 18:26:44","00:00:05","https://nsearchives.nseindia.com/corporate/ITC_17042024182639_loss_17042024_SIGNED.pdf"
"ITC","ITC Limited","Loss of Share Certificates","ITC Limited has informed the Exchange about Loss of Share Certificates","10-Apr-2024 17:26:56","2024-04-10 17:26:56","10-Apr-2024 17:27:01","00:00:05","https://nsearchives.nseindia.com/corporate/ITC_10042024172656_DUPLOSS_10042024_SIGNED.pdf"
"ITC","ITC Limited","Updates","ITC Limited has informed the Exchange regarding 'Quarterly report on Fake/Forged/Missing/Lost/Stolen/Non-transferable shares as on 31st March, 2024.'.","05-Apr-2024 18:49:41","2024-04-05 18:49:41","05-Apr-2024 18:49:52","00:00:11","https://nsearchives.nseindia.com/corporate/ITC_05042024184941_QTRLYLOSS.pdf"
"ITC","ITC Limited","Certificate under SEBI (Depositories and Participants) Regulations, 2018","ITC Limited has informed the Exchange about Certificate under SEBI (Depositories and Participants) Regulations, 2018","04-Apr-2024 18:07:34","2024-04-04 18:07:34","04-Apr-2024 18:08:36","00:01:02","https://nsearchives.nseindia.com/corporate/ITC_04042024180734_MonthlydematrematMarch2024.pdf"
"ITC","ITC Limited","Loss of Share Certificates","ITC Limited has informed the Exchange about Loss of Share Certificates","03-Apr-2024 18:23:54","2024-04-03 18:23:54","03-Apr-2024 18:24:01","00:00:07","https://nsearchives.nseindia.com/corporate/ITC_03042024182354_loss_3rdapril2024_signed.pdf"
"ITC","ITC Limited","Loss of Share Certificates","ITC Limited has informed the Exchange about Loss of Share Certificates","29-Mar-2024 14:21:59","2024-03-29 14:21:59","29-Mar-2024 14:22:04","00:00:05","https://nsearchives.nseindia.com/corporate/ITC_29032024142159_reissue_29032024_signed.pdf"
"ITC","ITC Limited","Trading Window","ITC Limited has informed the Exchange regarding the Trading Window closure pursuant to SEBI (Prohibition of Insider Trading) Regulations, 2015","28-Mar-2024 15:57:59","2024-03-28 15:57:59","28-Mar-2024 15:58:05","00:00:06","https://nsearchives.nseindia.com/corporate/ITC_28032024155759_ClosureofTradingWindow28032024.pdf"
"ITC","ITC Limited","Acquisition","ITC Limited has informed the Exchange about Acquisition","22-Mar-2024 18:06:18","2024-03-22 18:06:18","22-Mar-2024 18:06:24","00:00:06","https://nsearchives.nseindia.com/corporate/ITC_22032024180618_SE.pdf"
"ITC","ITC Limited","Loss of Share Certificates","ITC Limited has informed the Exchange about Loss of Share Certificates","21-Mar-2024 18:30:37","2024-03-21 18:30:37","21-Mar-2024 18:30:43","00:00:06","https://nsearchives.nseindia.com/corporate/ITC_21032024183037_loss_21032024_signed.pdf"
"ITC","ITC Limited","Loss of Share Certificates","ITC Limited has informed the Exchange about Loss of Share Certificates","20-Mar-2024 17:46:03","2024-03-20 17:46:03","20-Mar-2024 17:46:09","00:00:06","https://nsearchives.nseindia.com/corporate/ITC_20032024174603_loss_20march2024_SIGNED.pdf"
"ITC","ITC Limited","Appointment","ITC Limited has informed the Exchange regarding Appointment of Mr Atul Singh as Non- Executive Director of the company w.e.f. April 02, 2024.","20-Mar-2024 16:33:54","2024-03-20 16:33:54","20-Mar-2024 16:34:01","00:00:07","https://nsearchives.nseindia.com/corporate/ITC_20032024163354_SE_Director_.pdf"
"ITC","ITC Limited","Appointment","ITC Limited has informed the Exchange regarding Appointment of Ms Pushpa Subrahmanyam as Non- Executive Independent Director of the company w.e.f. April 02, 2024.","20-Mar-2024 16:33:54","2024-03-20 16:33:54","20-Mar-2024 16:34:10","00:00:16","https://nsearchives.nseindia.com/corporate/ITC_20032024163355_SE_Director_.pdf"
"ITC","ITC Limited","Loss of Share Certificates","ITC Limited has informed the Exchange about Loss of Share Certificates","16-Mar-2024 13:56:10","2024-03-16 13:56:10","16-Mar-2024 13:56:17","00:00:07","https://nsearchives.nseindia.com/corporate/ITC_16032024135610_REISSUE16032024_signed.pdf"
"ITC","ITC Limited","Acquisition","ITC Limited has informed the Exchange about Acquisition","15-Mar-2024 20:03:05","2024-03-15 20:03:05","15-Mar-2024 20:03:12","00:00:07","https://nsearchives.nseindia.com/corporate/ITC_15032024200305_SE.pdf"
"ITC","ITC Limited","ESOP/ESOS/ESPS","ITC Limited has informed the Exchange regarding Allotment of 3251260  Shares.","15-Mar-2024 17:47:17","2024-03-15 17:47:17","15-Mar-2024 17:47:22","00:00:05","https://nsearchives.nseindia.com/corporate/ITC_15032024174717_Intimation.pdf"
"ITC","ITC Limited","Loss of Share Certificates","ITC Limited has informed the Exchange about Loss of Share Certificates","13-Mar-2024 17:55:32","2024-03-13 17:55:32","13-Mar-2024 17:55:36","00:00:04","https://nsearchives.nseindia.com/corporate/ITC_13032024175532_loss_13032024_signed.pdf"
"ITC","ITC Limited","Acquisition","ITC Limited has informed the Exchange about Acquisition","11-Mar-2024 18:08:47","2024-03-11 18:08:47","11-Mar-2024 18:08:52","00:00:05","https://nsearchives.nseindia.com/corporate/ITC_11032024180847_SE.pdf"
"ITC","ITC Limited","Loss of Share Certificates","ITC Limited has informed the Exchange about Loss of Share Certificates","07-Mar-2024 18:11:31","2024-03-07 18:11:31","07-Mar-2024 18:11:43","00:00:12","https://nsearchives.nseindia.com/corporate/ITC_07032024181131_loss_7march2024_signed.pdf"
"ITC","ITC Limited","Loss of Share Certificates","ITC Limited has informed the Exchange about Loss of Share Certificates","05-Mar-2024 17:51:35","2024-03-05 17:51:35","05-Mar-2024 17:51:46","00:00:11","https://nsearchives.nseindia.com/corporate/ITC_05032024175135_loss_05032024_signed.pdf"
"ITC","ITC Limited","Certificate under SEBI (Depositories and Participants) Regulations, 2018","ITC Limited has informed the Exchange about Certificate under SEBI (Depositories and Participants) Regulations, 2018","04-Mar-2024 18:58:37","2024-03-04 18:58:37","04-Mar-2024 18:58:43","00:00:06","https://nsearchives.nseindia.com/corporate/ITC_04032024185837_MonthlydematrematFeb2024.pdf"
"ITC","ITC Limited","Loss of Share Certificates","ITC Limited has informed the Exchange about Loss of Share Certificates","29-Feb-2024 18:29:08","2024-02-29 18:29:08","29-Feb-2024 18:29:13","00:00:05","https://nsearchives.nseindia.com/corporate/ITC_29022024182908_20240229114106_SIGNED.pdf"
"ITC","ITC Limited","Loss of Share Certificates","ITC Limited has informed the Exchange about Loss of Share Certificates","29-Feb-2024 18:27:14","2024-02-29 18:27:14","29-Feb-2024 18:27:18","00:00:04","https://nsearchives.nseindia.com/corporate/ITC_29022024182714_LOSS_29FEB2024_SIGNED.pdf"
"ITC","ITC Limited","ESOP/ESOS/ESPS","ITC Limited has informed the Exchange regarding Allotment of 835660  Shares.","28-Feb-2024 15:23:18","2024-02-28 15:23:18","28-Feb-2024 15:23:23","00:00:05","https://nsearchives.nseindia.com/corporate/ITC_28022024152318_AllotmentIntimation.pdf"
"ITC","ITC Limited","Loss of Share Certificates","ITC Limited has informed the Exchange about Loss of Share Certificates","21-Feb-2024 17:36:30","2024-02-21 17:36:30","21-Feb-2024 17:36:36","00:00:06","https://nsearchives.nseindia.com/corporate/ITC_21022024173630_loss_21feb2024_signed.pdf"
"ITC","ITC Limited","Copy of Newspaper Publication","ITC Limited has informed the Exchange about Copy of Newspaper Publication","20-Feb-2024 17:40:26","2024-02-20 17:40:26","20-Feb-2024 17:40:32","00:00:06","https://nsearchives.nseindia.com/corporate/ITC_20022024174026_SELetterPressAdvtPostalBallot.pdf"
"ITC","ITC Limited","Loss of Share Certificates","ITC Limited has informed the Exchange about Loss of Share Certificates","16-Feb-2024 17:34:42","2024-02-16 17:34:42","16-Feb-2024 17:34:50","00:00:08","https://nsearchives.nseindia.com/corporate/ITC_16022024173442_loss_16feb2024_signed.pdf"
"ITC","ITC Limited","ESOP/ESOS/ESPS","ITC Limited has informed the Exchange regarding Allotment of 1519550  Shares.","15-Feb-2024 16:22:58","2024-02-15 16:22:58","15-Feb-2024 16:23:04","00:00:06","https://nsearchives.nseindia.com/corporate/ITC_15022024162258_AllotmentLetter.pdf"
"ITC","ITC Limited","Shareholders meeting","ITC Limited has informed the Exchange regarding Notice of Postal Ballot","14-Feb-2024 12:15:57","2024-02-14 12:15:57","14-Feb-2024 12:16:02","00:00:05","https://nsearchives.nseindia.com/corporate/ITC_14022024121557_SE.pdf"
"ITC","ITC Limited","Loss of Share Certificates","ITC Limited has informed the Exchange about Loss of Share Certificates","13-Feb-2024 17:58:47","2024-02-13 17:58:47","13-Feb-2024 17:58:54","00:00:07","https://nsearchives.nseindia.com/corporate/ITC_13022024175847_REISSUE_13022024_SIGNED.pdf"
"ITC","ITC Limited","Analysts/Institutional Investor Meet/Con. Call Updates","ITC Limited has informed the Exchange about Schedule of meet","12-Feb-2024 18:15:05","2024-02-12 18:15:05","12-Feb-2024 18:15:16","00:00:11","https://nsearchives.nseindia.com/corporate/ITC_12022024181505_SE.pdf"
"ITC","ITC Limited","Loss of Share Certificates","ITC Limited has informed the Exchange about Loss of Share Certificates","09-Feb-2024 17:19:44","2024-02-09 17:19:44","09-Feb-2024 17:19:52","00:00:08","https://nsearchives.nseindia.com/corporate/ITC_09022024171945_Loss_09022024_signed.pdf"
"ITC","ITC Limited","Updates","ITC Limited has informed the Exchange regarding 'Intimation under Regulation 30 of the SEBI (Listing Obligations and Disclosure Requirements) Regulations, 2015  '.","08-Feb-2024 19:19:57","2024-02-08 19:19:57","08-Feb-2024 19:20:03","00:00:06","https://nsearchives.nseindia.com/corporate/ITC_08022024191957_SE_Fine_.pdf"
"ITC","ITC Limited","Loss of Share Certificates","ITC Limited has informed the Exchange about Loss of Share Certificates","07-Feb-2024 17:49:02","2024-02-07 17:49:02","07-Feb-2024 17:49:14","00:00:12","https://nsearchives.nseindia.com/corporate/ITC_07022024174902_LOSS_07FEB2024_SIGNED.pdf"
"ITC","ITC Limited","Certificate under SEBI (Depositories and Participants) Regulations, 2018","ITC Limited has informed the Exchange about Certificate under SEBI (Depositories and Participants) Regulations, 2018","05-Feb-2024 18:38:54","2024-02-05 18:38:54","05-Feb-2024 18:38:59","00:00:05","https://nsearchives.nseindia.com/corporate/ITC_05022024183854_MonthlydematrematJan2024.pdf"
"ITC","ITC Limited","Loss of Share Certificates","ITC Limited has informed the Exchange about Loss of Share Certificates","02-Feb-2024 15:34:04","2024-02-02 15:34:04","02-Feb-2024 15:34:12","00:00:08","https://nsearchives.nseindia.com/corporate/ITC_02022024153404_LOSS_02022024_SIGNED.pdf"
"ITC","ITC Limited","Loss of Share Certificates","ITC Limited has informed the Exchange about Loss of Share Certificates","31-Jan-2024 18:39:51","2024-01-31 18:39:51","31-Jan-2024 18:39:59","00:00:08","https://nsearchives.nseindia.com/corporate/ITC_31012024183952_LOSS_31JAN2024_signed.pdf"
"ITC","ITC Limited","Updates","ITC Limited has informed the Exchange regarding 'Media Statement and Presentation'.","29-Jan-2024 19:12:03","2024-01-29 19:12:03","29-Jan-2024 19:12:10","00:00:07","https://nsearchives.nseindia.com/corporate/ITC_29012024191203_SEMedia.pdf"
"ITC","ITC Limited","Updates","ITC Limited has informed the Exchange regarding 'Recommendation for appointment of Director'.","29-Jan-2024 18:50:03","2024-01-29 18:50:03","29-Jan-2024 18:50:07","00:00:04","https://nsearchives.nseindia.com/corporate/ITC_29012024185003_Director.pdf"
"ITC","ITC Limited","Record Date","ITC Limited has informed the Exchange that Record date for the purpose of Dividend  is 08-Feb-2024.","29-Jan-2024 18:46:33","2024-01-29 18:46:33","29-Jan-2024 18:46:43","00:00:10","https://nsearchives.nseindia.com/corporate/ITC_29012024184633_Dividend.pdf"
"ITC","ITC Limited","Dividend Updates","ITC Limited has informed the Exchange about Dividend Updates","29-Jan-2024 18:45:12","2024-01-29 18:45:12","29-Jan-2024 18:45:30","00:00:18","https://nsearchives.nseindia.com/corporate/ITC_29012024184512_Dividend.pdf"
"ITC","ITC Limited","Dividend","ITC Limited has informed the Exchange that Board of Directors at its meeting held on January 29, 2024, declared Interim Dividend of 6.25 per equity share.","29-Jan-2024 18:41:25","2024-01-29 18:41:25","29-Jan-2024 18:41:42","00:00:17","https://nsearchives.nseindia.com/corporate/ITC_29012024184125_Results.pdf"
"ITC","ITC Limited","Financial Result Updates","ITC Limited has submitted to the Exchange, the financial results for the period ended December 31, 2023.","29-Jan-2024 18:37:40","2024-01-29 18:37:40","29-Jan-2024 18:37:44","00:00:04","https://nsearchives.nseindia.com/corporate/Results_29012024183740.pdf"
"ITC","ITC Limited","Loss of Share Certificates","ITC Limited has informed the Exchange about Loss of Share Certificates","25-Jan-2024 17:04:16","2024-01-25 17:04:16","25-Jan-2024 17:04:20","00:00:04","https://nsearchives.nseindia.com/corporate/ITC_25012024170416_LOSS_25012024_SIGNED.pdf"
"ITC","ITC Limited","Updates","ITC Limited has informed the Exchange regarding 'Materiality Policy - List of Authorised Persons '.","19-Jan-2024 18:03:50","2024-01-19 18:03:50","19-Jan-2024 18:04:02","00:00:12","https://nsearchives.nseindia.com/corporate/ITC_19012024180350_SE.pdf"
"ITC","ITC Limited","Loss of Share Certificates","ITC Limited has informed the Exchange about Loss of Share Certificates","18-Jan-2024 18:50:29","2024-01-18 18:50:29","18-Jan-2024 18:50:35","00:00:06","https://nsearchives.nseindia.com/corporate/ITC_18012024185029_REISSUE18012023_SIGNED.pdf"
"ITC","ITC Limited","Loss of Share Certificates","ITC Limited has informed the Exchange about Loss of Share Certificates","17-Jan-2024 18:52:20","2024-01-17 18:52:20","17-Jan-2024 18:52:27","00:00:07","https://nsearchives.nseindia.com/corporate/ITC_17012024185220_LOSS_17JAN2024_SIGNED.pdf"
"ITC","ITC Limited","ESOP/ESOS/ESPS","ITC Limited has informed the Exchange regarding Allotment of 2174000  Shares.","17-Jan-2024 10:27:32","2024-01-17 10:27:32","17-Jan-2024 10:27:38","00:00:06","https://nsearchives.nseindia.com/corporate/ITC_17012024102732_AllotmentLetter.pdf"
"ITC","ITC Limited","Resignation","ITC Limited has informed the Exchange regarding Resignation of Mr David Robert Simpson as Non- Executive Director of the company w.e.f. January 30, 2024.","16-Jan-2024 12:02:57","2024-01-16 12:02:57","16-Jan-2024 12:03:03","00:00:06","https://nsearchives.nseindia.com/corporate/ITC_16012024120257_SE.pdf"
"ITC","ITC Limited","Updates","ITC Limited has informed the Exchange regarding 'Quarterly report on Fake/Forged/Missing/Lost/Stolen/Non-transferable shares as on 31st December, 2023.'","10-Jan-2024 18:16:35","2024-01-10 18:16:35","10-Jan-2024 18:16:42","00:00:07","https://nsearchives.nseindia.com/corporate/ITC_10012024181635_Dec_2023_Qtrly_SIGNED.pdf"
"ITC","ITC Limited","Loss of Share Certificates","ITC Limited has informed the Exchange about Loss of Share Certificates","10-Jan-2024 18:12:23","2024-01-10 18:12:23","10-Jan-2024 18:12:31","00:00:08","https://nsearchives.nseindia.com/corporate/ITC_10012024181223_loss_10012024_signed.pdf"
"ITC","ITC Limited","ESOP/ESOS/ESPS","ITC Limited has informed the Exchange regarding Allotment of 1332330  Shares.","10-Jan-2024 16:24:04","2024-01-10 16:24:04","10-Jan-2024 16:24:11","00:00:07","https://nsearchives.nseindia.com/corporate/ITC_10012024162405_AllotmentLetter.pdf"
"ITC","ITC Limited","Loss of Share Certificates","ITC Limited has informed the Exchange about Loss of Share Certificates","05-Jan-2024 17:32:14","2024-01-05 17:32:14","05-Jan-2024 17:32:17","00:00:03","https://nsearchives.nseindia.com/corporate/ITC_05012024173214_loss_5jan2024_SIGNED.pdf"
"ITC","ITC Limited","Loss of Share Certificates","ITC Limited has informed the Exchange about Loss of Share Certificates","04-Jan-2024 18:45:30","2024-01-04 18:45:30","04-Jan-2024 18:45:35","00:00:05","https://nsearchives.nseindia.com/corporate/ITC_04012024184530_loss_4jan2024_signed.pdf"
"ITC","ITC Limited","Cessation","ITC Limited has informed the Exchange regarding Cessation of Mr Nakul Anand  as Executive Director of the company w.e.f. January 03, 2024.","03-Jan-2024 10:09:17","2024-01-03 10:09:17","03-Jan-2024 10:09:22","00:00:05","https://nsearchives.nseindia.com/corporate/ITC_03012024100917_SE.pdf"
"ITC","ITC Limited","Certificate under SEBI (Depositories and Participants) Regulations, 2018","ITC Limited has informed the Exchange about Certificate under SEBI (Depositories and Participants) Regulations, 2018","02-Jan-2024 18:39:02","2024-01-02 18:39:02","02-Jan-2024 18:39:08","00:00:06","https://nsearchives.nseindia.com/corporate/ITC_02012024183902_MonthlydematrematDec2023.pdf"
"ITC","ITC Limited","Loss of Share Certificates","ITC Limited has informed the Exchange about Loss of Share Certificates","26-Dec-2023 17:34:09","2023-12-26 17:34:09","26-Dec-2023 17:34:15","00:00:06","https://nsearchives.nseindia.com/corporate/ITC_26122023173409_DUP_26122023_ISSUE_SIGNED.pdf"
"ITC","ITC Limited","Trading Window","ITC Limited has informed the Exchange regarding the Trading Window closure pursuant to SEBI (Prohibition of Insider Trading) Regulations, 2015","22-Dec-2023 18:56:50","2023-12-22 18:56:50","22-Dec-2023 18:56:58","00:00:08","https://nsearchives.nseindia.com/corporate/ITC_22122023185650_ClosureofTradingWindow.pdf"
"ITC","ITC Limited","Appointment","ITC Limited has informed the Exchange regarding Appointment of Mr Rahul Jain as Non- Executive Director of the company w.e.f. January 01, 2024.","22-Dec-2023 16:36:41","2023-12-22 16:36:41","22-Dec-2023 16:36:48","00:00:07","https://nsearchives.nseindia.com/corporate/ITC_22122023163641_SE_Director_.pdf"
"ITC","ITC Limited","Loss of Share Certificates","ITC Limited has informed the Exchange about Loss of Share Certificates","20-Dec-2023 18:24:40","2023-12-20 18:24:40","20-Dec-2023 18:24:46","00:00:06","https://nsearchives.nseindia.com/corporate/ITC_20122023182440_LOSS_20DEC2023_signed.pdf"
"ITC","ITC Limited","Acquisition","ITC Limited has informed the Exchange about Incorporation of a new step-down subsidiary","19-Dec-2023 21:09:45","2023-12-19 21:09:45","19-Dec-2023 21:09:50","00:00:05","https://nsearchives.nseindia.com/corporate/ITC_19122023210945_SE.pdf"
"ITC","ITC Limited","ESOP/ESOS/ESPS","ITC Limited has informed the Exchange regarding Allotment of 2634950  Shares.","15-Dec-2023 18:24:57","2023-12-15 18:24:57","15-Dec-2023 18:25:01","00:00:04","https://nsearchives.nseindia.com/corporate/ITC_15122023182457_AllotmentLetter.pdf"
"ITC","ITC Limited","Loss of Share Certificates","ITC Limited has informed the Exchange about Loss of Share Certificates","14-Dec-2023 18:18:14","2023-12-14 18:18:14","14-Dec-2023 18:18:22","00:00:08","https://nsearchives.nseindia.com/corporate/ITC_14122023181814_loss_14122023_signed.pdf"
"ITC","ITC Limited","Analysts/Institutional Investor Meet/Con. Call Updates","ITC Limited has informed the Exchange about Presentation","12-Dec-2023 19:23:40","2023-12-12 19:23:40","12-Dec-2023 19:23:45","00:00:05","https://nsearchives.nseindia.com/corporate/ITC_12122023192340_SE.pdf"
"ITC","ITC Limited","Loss of Share Certificates","ITC Limited has informed the Exchange about Loss of Share Certificates","12-Dec-2023 17:59:21","2023-12-12 17:59:21","12-Dec-2023 17:59:25","00:00:04","https://nsearchives.nseindia.com/corporate/ITC_12122023175921_NSEREISSUE121223_SIGNED.pdf"
"ITC","ITC Limited","Loss of Share Certificates","ITC Limited has informed the Exchange about Loss of Share Certificates","06-Dec-2023 17:39:26","2023-12-06 17:39:26","06-Dec-2023 17:39:31","00:00:05","https://nsearchives.nseindia.com/corporate/ITC_06122023173926_nse_loss_6dec2023_signed.pdf"
"ITC","ITC Limited","Analysts/Institutional Investor Meet/Con. Call Updates","ITC Limited has informed the Exchange about Schedule of meet","05-Dec-2023 14:56:06","2023-12-05 14:56:06","05-Dec-2023 14:56:12","00:00:06","https://nsearchives.nseindia.com/corporate/ITC_05122023145606_SE.pdf"
"ITC","ITC Limited","Certificate under SEBI (Depositories and Participants) Regulations, 2018","ITC Limited has informed the Exchange about Certificate under SEBI (Depositories and Participants) Regulations, 2018","04-Dec-2023 13:01:41","2023-12-04 13:01:41","04-Dec-2023 13:01:48","00:00:07","https://nsearchives.nseindia.com/corporate/ITC_04122023130142_MonthlydematrematNov2023.pdf"
"ITC","ITC Limited","Loss of Share Certificates","ITC Limited has informed the Exchange about Loss of Share Certificates","01-Dec-2023 17:17:06","2023-12-01 17:17:06","01-Dec-2023 17:17:11","00:00:05","https://nsearchives.nseindia.com/corporate/ITC_01122023171706_nse_loss_1dec2023_SIGNED.pdf"
"ITC","ITC Limited","Loss of Share Certificates","ITC Limited has informed the Exchange about Loss of Share Certificates","29-Nov-2023 10:25:38","2023-11-29 10:25:38","29-Nov-2023 10:25:51","00:00:13","https://nsearchives.nseindia.com/corporate/ITC_29112023102539_nse_loss_27112023_signed.pdf"
"ITC","ITC Limited","Copy of Newspaper Publication","ITC Limited has informed the Exchange about Copy of Newspaper Publication","23-Nov-2023 15:39:26","2023-11-23 15:39:26","23-Nov-2023 15:39:31","00:00:05","https://nsearchives.nseindia.com/corporate/ITC_23112023153926_SELetterPressAdvtPostalBallot.pdf"
"ITC","ITC Limited","Analysts/Institutional Investor Meet/Con. Call Updates","ITC Limited has informed the Exchange about Schedule of meet","23-Nov-2023 11:18:12","2023-11-23 11:18:12","23-Nov-2023 11:18:20","00:00:08","https://nsearchives.nseindia.com/corporate/ITC_23112023111812_SE.pdf"
"ITC","ITC Limited","Loss of Share Certificates","ITC Limited has informed the Exchange about Loss of Share Certificates","21-Nov-2023 17:30:43","2023-11-21 17:30:43","21-Nov-2023 17:30:50","00:00:07","https://nsearchives.nseindia.com/corporate/ITC_21112023173043_NSEREISSUE21112023_SIGNED.pdf"
"ITC","ITC Limited","Allotment of Securities","ITC Limited has informed the Exchange regarding allotment of 1524070 securities pursuant to ESOP/ESPS at its meeting held on November 20, 2023","20-Nov-2023 17:49:00","2023-11-20 17:49:00","20-Nov-2023 17:49:05","00:00:05","https://nsearchives.nseindia.com/corporate/ITC_20112023174900_SEinitmation.pdf"
"ITC","ITC Limited","Shareholders meeting","ITC Limited has informed the Exchange regarding Notice of Postal Ballot","17-Nov-2023 11:21:28","2023-11-17 11:21:28","17-Nov-2023 11:21:41","00:00:13","https://nsearchives.nseindia.com/corporate/ITC_17112023112128_SE.pdf"
"ITC","ITC Limited","Loss of Share Certificates","ITC Limited has informed the Exchange about Loss of Share Certificates","09-Nov-2023 17:59:57","2023-11-09 17:59:57","09-Nov-2023 18:00:03","00:00:06","https://nsearchives.nseindia.com/corporate/ITC_09112023175957_nse_loss_9nov2023_SIGNED.pdf"
"ITC","ITC Limited","Loss of Share Certificates","ITC Limited has informed the Exchange about Loss of Share Certificates","08-Nov-2023 17:21:45","2023-11-08 17:21:45","08-Nov-2023 17:22:00","00:00:15","https://nsearchives.nseindia.com/corporate/ITC_08112023172145_Nse_loss_8nov2023_signed.pdf"
"ITC","ITC Limited","Loss of Share Certificates","ITC Limited has informed the Exchange about Loss of Share Certificates","03-Nov-2023 17:11:40","2023-11-03 17:11:40","03-Nov-2023 17:11:48","00:00:08","https://nsearchives.nseindia.com/corporate/ITC_03112023171140_NSE_LOSS_03NOV2023_SIGNED.pdf"
"ITC","ITC Limited","Certificate under SEBI (Depositories and Participants) Regulations, 2018","ITC Limited has informed the Exchange about Certificate under SEBI (Depositories and Participants) Regulations, 2018","03-Nov-2023 16:55:13","2023-11-03 16:55:13","03-Nov-2023 16:55:22","00:00:09","https://nsearchives.nseindia.com/corporate/ITC_03112023165513_MonthlydematrematOct2023.pdf"
"ITC","ITC Limited","Loss of Share Certificates","ITC Limited has informed the Exchange about Loss of Share Certificates","02-Nov-2023 17:40:00","2023-11-02 17:40:00","02-Nov-2023 17:40:08","00:00:08","https://nsearchives.nseindia.com/corporate/ITC_02112023174000_NSE_LOSS_02NOV2023_SIGNED.pdf"
"ITC","ITC Limited","Acquisition","Acquisition of Equity Shares of Delectable Technologies Private Limited","31-Oct-2023 18:36:43","2023-10-31 18:36:43","31-Oct-2023 18:37:06","00:00:23","https://nsearchives.nseindia.com/corporate/ITC_31102023183643_SEinitmation.pdf"
"ITC","ITC Limited","Loss of Share Certificates","ITC Limited has informed the Exchange about Loss of Share Certificates","31-Oct-2023 17:58:34","2023-10-31 17:58:34","31-Oct-2023 17:58:41","00:00:07","https://nsearchives.nseindia.com/corporate/ITC_31102023175834_NSEREISSUE31102023_SIGN.pdf"
"ITC","ITC Limited","Analysts/Institutional Investor Meet/Con. Call Updates","ITC Limited has informed the Exchange about Schedule of meet","31-Oct-2023 10:19:55","2023-10-31 10:19:55","31-Oct-2023 10:20:01","00:00:06","https://nsearchives.nseindia.com/corporate/ITC_31102023101955_SEinitmation.pdf"
"ITC","ITC Limited","Loss of Share Certificates","ITC Limited has informed the Exchange about Loss of Share Certificates","26-Oct-2023 13:15:43","2023-10-26 13:15:43","26-Oct-2023 13:15:51","00:00:08","https://nsearchives.nseindia.com/corporate/ITC_26102023131543_nse_loss_26102023_SIGNED.pdf"
"ITC","ITC Limited","Updates","ITC Limited has informed the Exchange regarding 'Media Statement and Presentation'.","19-Oct-2023 20:44:41","2023-10-19 20:44:41","19-Oct-2023 20:44:48","00:00:07","https://nsearchives.nseindia.com/corporate/ITC_19102023204441_SE_Media_.pdf"
"ITC","ITC Limited","Outcome of Board Meeting","ITC Limited has informed the Exchange regarding  Board meeting held on October 19, 2023.","19-Oct-2023 20:23:20","2023-10-19 20:23:20","19-Oct-2023 20:23:26","00:00:06","https://nsearchives.nseindia.com/corporate/ITC_19102023202320_Results.pdf"
"ITC","ITC Limited","Updates","ITC Limited has informed the Exchange regarding 'Recommendation for appointment of Director - Mr. Rahul Jain'.","19-Oct-2023 20:21:17","2023-10-19 20:21:17","19-Oct-2023 20:21:22","00:00:05","https://nsearchives.nseindia.com/corporate/ITC_19102023202117_Director.pdf"
"ITC","ITC Limited","Outcome of Board Meeting","ITC Limited has informed the Exchange regarding Outcome of Board Meeting held on October 19, 2023.","19-Oct-2023 20:16:34","2023-10-19 20:16:34","19-Oct-2023 20:16:39","00:00:05","https://nsearchives.nseindia.com/corporate/ITC_19102023201634_Results.pdf"
"ITC","ITC Limited","Financial Result Updates","ITC Limited has submitted to the Exchange, the financial results for the period ended September 30, 2023.","19-Oct-2023 20:14:30","2023-10-19 20:14:30","19-Oct-2023 20:14:35","00:00:05","https://nsearchives.nseindia.com/corporate/Results_19102023201430.pdf"
"ITC","ITC Limited","Acquisition","ITC Limited has informed the Exchange about Acquisition","18-Oct-2023 17:56:15","2023-10-18 17:56:15","18-Oct-2023 17:56:22","00:00:07","https://nsearchives.nseindia.com/corporate/ITC_18102023175615_SE.pdf"
"ITC","ITC Limited","ESOP/ESOS/ESPS","ITC Limited has informed the Exchange regarding Allotment of 535130  Shares.","18-Oct-2023 17:37:06","2023-10-18 17:37:06","18-Oct-2023 17:37:13","00:00:07","https://nsearchives.nseindia.com/corporate/ITC_18102023173706_SE.pdf"
"ITC","ITC Limited","Loss of Share Certificates","ITC Limited has informed the Exchange about Loss of Share Certificates","18-Oct-2023 16:21:54","2023-10-18 16:21:54","18-Oct-2023 16:22:02","00:00:08","https://nsearchives.nseindia.com/corporate/ITC_18102023162154_nse_loss_18102023_signed.pdf"
"ITC","ITC Limited","Loss of Share Certificates","ITC Limited has informed the Exchange about Loss of Share Certificates","13-Oct-2023 16:53:26","2023-10-13 16:53:26","13-Oct-2023 16:53:33","00:00:07","https://nsearchives.nseindia.com/corporate/ITC_13102023165326_NSE_LOSS_13102023_SIGNED.pdf"
"ITC","ITC Limited","Loss of Share Certificates","ITC Limited has informed the Exchange about Loss of Share Certificates","11-Oct-2023 17:18:37","2023-10-11 17:18:37","11-Oct-2023 17:18:53","00:00:16","https://nsearchives.nseindia.com/corporate/ITC_11102023171837_NSEREISSUE11102023_SIGN.pdf"
"ITC","ITC Limited","Loss of Share Certificates","ITC Limited has informed the Exchange about Loss of Share Certificates","11-Oct-2023 17:11:12","2023-10-11 17:11:12","11-Oct-2023 17:11:26","00:00:14","https://nsearchives.nseindia.com/corporate/ITC_11102023171112_NSE_LOSS_11OCT2023_SIGNED.pdf"
"ITC","ITC Limited","Loss of Share Certificates","ITC Limited has informed the Exchange about Loss of Share Certificates","06-Oct-2023 18:02:43","2023-10-06 18:02:43","06-Oct-2023 18:02:49","00:00:06","https://nsearchives.nseindia.com/corporate/ITC_06102023180243_NSE_LOSS_06102023_SIGNED.pdf"
"ITC","ITC Limited","Updates","ITC Limited has informed the Exchange regarding 'Quarterly report on Fake / Forged / Missing / Lost / Stolen / Non-transferable shares as on 30th September, 2023'.","05-Oct-2023 16:59:53","2023-10-05 16:59:53","05-Oct-2023 16:59:57","00:00:04","https://nsearchives.nseindia.com/corporate/ITC_05102023165953_Qtrlyloss_OCT2023_signed.pdf"
"ITC","ITC Limited","Certificate under SEBI (Depositories and Participants) Regulations, 2018","ITC Limited has informed the Exchange about Certificate under SEBI (Depositories and Participants) Regulations, 2018","04-Oct-2023 14:15:57","2023-10-04 14:15:57","04-Oct-2023 14:16:20","00:00:23","https://nsearchives.nseindia.com/corporate/ITC_04102023141557_MonthlydematrematSept2023.pdf"
"ITC","ITC Limited","Loss of Share Certificates","ITC Limited has informed the Exchange about Loss of Share Certificates","29-Sep-2023 17:09:08","2023-09-29 17:09:08","29-Sep-2023 17:09:12","00:00:04","https://nsearchives.nseindia.com/corporate/ITC_29092023170908_nse_loss_29092023_SIGNED.pdf"
"ITC","ITC Limited","Loss of Share Certificates","ITC Limited has informed the Exchange about Loss of Share Certificates","27-Sep-2023 18:13:46","2023-09-27 18:13:46","27-Sep-2023 18:13:49","00:00:03","https://nsearchives.nseindia.com/corporate/ITC_27092023181346_NSEREISSUE27092023_SIGNED.pdf"
"ITC","ITC Limited","Loss of Share Certificates","ITC Limited has informed the Exchange about Loss of Share Certificates","26-Sep-2023 18:42:53","2023-09-26 18:42:53","26-Sep-2023 18:42:58","00:00:05","https://nsearchives.nseindia.com/corporate/ITC_26092023184253_nse_loss_26092023_SIGNED.pdf"
"ITC","ITC Limited","Trading Window","ITC Limited has informed the Exchange regarding the Trading Window closure pursuant to SEBI (Prohibition of Insider Trading) Regulations, 2015","25-Sep-2023 18:29:46","2023-09-25 18:29:46","25-Sep-2023 18:29:48","00:00:02","https://nsearchives.nseindia.com/corporate/ITC_25092023182946_ClosureofTradingWindow.pdf"
"ITC","ITC Limited","Loss of Share Certificates","ITC Limited has informed the Exchange about Loss of Share Certificates","22-Sep-2023 17:52:36","2023-09-22 17:52:36","22-Sep-2023 17:52:41","00:00:05","https://nsearchives.nseindia.com/corporate/ITC_22092023175237_NSE_LOSS_22092023_SIGNED.pdf"
"ITC","ITC Limited","Loss of Share Certificates","ITC Limited has informed the Exchange about Loss of Share Certificates","21-Sep-2023 17:56:25","2023-09-21 17:56:25","21-Sep-2023 17:56:31","00:00:06","https://nsearchives.nseindia.com/corporate/ITC_21092023175625_NSE_LOSS_21092023_SIGNED.pdf"
"ITC","ITC Limited","Loss of Share Certificates","ITC Limited has informed the Exchange about Loss of Share Certificates","20-Sep-2023 17:58:56","2023-09-20 17:58:56","20-Sep-2023 17:59:00","00:00:04","https://nsearchives.nseindia.com/corporate/ITC_20092023175856_NSE_LOSS_SIGNED_20SEP2023.pdf"
"ITC","ITC Limited","Analysts/Institutional Investor Meet/Con. Call Updates","We write to advise, pursuant to Regulation 30 of the SEBI (Listing Obligations and DisclosureRequirements) Regulations, 2015, that the Company s representatives will be attending the'JP Morgan s India Investor Summit 2023' Investor Conference on 25th & 26th September, 2023.","19-Sep-2023 17:52:08","2023-09-19 17:52:08","19-Sep-2023 17:52:11","00:00:03","https://nsearchives.nseindia.com/corporate/ITC_19092023175208_SEinitmation.pdf"
"ITC","ITC Limited","ESOP/ESOS/ESPS","ITC Limited has informed the Exchange regarding Allotment of 677210  Shares.","19-Sep-2023 16:23:44","2023-09-19 16:23:44","19-Sep-2023 16:23:48","00:00:04","https://nsearchives.nseindia.com/corporate/ITC_19092023162344_AllotmentLetter.pdf"
"ITC","ITC Limited","Loss of Share Certificates","ITC Limited has informed the Exchange about Loss of Share Certificates","15-Sep-2023 17:03:16","2023-09-15 17:03:16","15-Sep-2023 17:03:21","00:00:05","https://nsearchives.nseindia.com/corporate/ITC_15092023170316_nse_loss_15092023_SIGNED.pdf"
"ITC","ITC Limited","Loss of Share Certificates","ITC Limited has informed the Exchange about Loss of Share Certificates","13-Sep-2023 18:01:58","2023-09-13 18:01:58","13-Sep-2023 18:02:15","00:00:17","https://nsearchives.nseindia.com/corporate/ITC_13092023180158_nse_loss_13092023_signed.pdf"
"ITC","ITC Limited","Loss of Share Certificates","ITC Limited has informed the Exchange about Loss of Share Certificates","06-Sep-2023 18:14:32","2023-09-06 18:14:32","06-Sep-2023 18:14:44","00:00:12","https://nsearchives.nseindia.com/corporate/ITC_06092023181432_NSE_LOSS_6SEPT2023_SIGNED.pdf"
"ITC","ITC Limited","Certificate under SEBI (Depositories and Participants) Regulations, 2018","ITC Limited has informed the Exchange about Certificate under SEBI (Depositories and Participants) Regulations, 2018","05-Sep-2023 11:41:48","2023-09-05 11:41:48","05-Sep-2023 11:41:51","00:00:03","https://nsearchives.nseindia.com/corporate/ITC_05092023114148_MonthlydematrematAugust2023.pdf"
"ITC","ITC Limited","Loss of Share Certificates","ITC Limited has informed the Exchange about Loss of Share Certificates","01-Sep-2023 18:24:37","2023-09-01 18:24:37","01-Sep-2023 18:24:40","00:00:03","https://nsearchives.nseindia.com/corporate/ITC_01092023182437_NSE_LOSS_01SEPT2023_SIGNED.pdf"
"ITC","ITC Limited","Resignation","We write to advise, pursuant to Regulation 30 of the SEBI (Listing Obligations and Disclosure Requirements) Regulations, 2015, that Mr. Peter Rajatilakan Chittaranjan has stepped down from the Board of Directors of the Company with effect from close of work on 31st August, 2023.Mr. Chittaranjan represented the General Insurers  (Public Sector) Association of India.A copy of the resignation letter submitted by Mr. Chittaranjan is enclosed.","01-Sep-2023 15:04:03","2023-09-01 15:04:03","01-Sep-2023 15:04:08","00:00:05","https://nsearchives.nseindia.com/corporate/ITC_01092023150403_SEinitmation.pdf"
"ITC","ITC Limited","Loss of Share Certificates","ITC Limited has informed the Exchange about Loss of Share Certificates","30-Aug-2023 17:58:45","2023-08-30 17:58:45","30-Aug-2023 17:58:49","00:00:04","https://nsearchives.nseindia.com/corporate/ITC_30082023175845_nse_loss_30082023_signed.pdf"
"ITC","ITC Limited","Loss of Share Certificates","ITC Limited has informed the Exchange about Loss of Share Certificates","30-Aug-2023 17:55:49","2023-08-30 17:55:49","30-Aug-2023 17:55:54","00:00:05","https://nsearchives.nseindia.com/corporate/ITC_30082023175549_NSEREISSUE300823_SIGNED.pdf"
"ITC","ITC Limited","ESOP/ESOS/ESPS","ITC Limited has informed the Exchange regarding Allotment of 796610  Shares.","30-Aug-2023 11:23:19","2023-08-30 11:23:19","30-Aug-2023 11:23:22","00:00:03","https://nsearchives.nseindia.com/corporate/ITC_30082023112319_AllotmentLetter.pdf"
"ITC","ITC Limited","Loss of Share Certificates","ITC Limited has informed the Exchange about Loss of Share Certificates","25-Aug-2023 17:51:06","2023-08-25 17:51:06","25-Aug-2023 17:51:17","00:00:11","https://nsearchives.nseindia.com/corporate/ITC_25082023175106_NSE_LOSS_25082023_SIGNED.pdf"
"ITC","ITC Limited","Analysts/Institutional Investor Meet/Con. Call Updates","ITC Limited has informed the Exchange about Schedule of meet","25-Aug-2023 16:57:42","2023-08-25 16:57:42","25-Aug-2023 16:57:45","00:00:03","https://nsearchives.nseindia.com/corporate/ITC_25082023165742_SEinitmation.pdf"
"ITC","ITC Limited","Loss of Share Certificates","ITC Limited has informed the Exchange about Loss of Share Certificates","23-Aug-2023 17:38:39","2023-08-23 17:38:39","23-Aug-2023 17:38:47","00:00:08","https://nsearchives.nseindia.com/corporate/ITC_23082023173839_nsereissue23082023_SIGNED.pdf"
"ITC","ITC Limited","Loss of Share Certificates","ITC Limited has informed the Exchange about Loss of Share Certificates","23-Aug-2023 17:34:38","2023-08-23 17:34:38","23-Aug-2023 17:34:44","00:00:06","https://nsearchives.nseindia.com/corporate/ITC_23082023173438_nse_loss_23082023_SIGNED.pdf"
"ITC","ITC Limited","ESOP/ESOS/ESPS","ITC Limited has informed the Exchange regarding Allotment of 4601200  Shares.","23-Aug-2023 11:24:18","2023-08-23 11:24:18","23-Aug-2023 11:24:26","00:00:08","https://nsearchives.nseindia.com/corporate/ITC_23082023112418_AllotmentLetter23082023.pdf"
"ITC","ITC Limited","Loss of Share Certificates","ITC Limited has informed the Exchange about Loss of Share Certificates","18-Aug-2023 17:29:58","2023-08-18 17:29:58","18-Aug-2023 17:30:21","00:00:23","https://nsearchives.nseindia.com/corporate/ITC_18082023172958_nse_loss_18082023_SIGNED.pdf"
"ITC","ITC Limited","Loss of Share Certificates","ITC Limited has informed the Exchange about Loss of Share Certificates","16-Aug-2023 18:45:01","2023-08-16 18:45:01","16-Aug-2023 18:45:21","00:00:20","https://nsearchives.nseindia.com/corporate/ITC_16082023184501_nse_loss_16082023_signed.pdf"
"ITC","ITC Limited","Updates","ITC Limited has informed the Exchange regarding 'Materiality Policy - List of Authorised Persons'.","14-Aug-2023 17:31:02","2023-08-14 17:31:02","14-Aug-2023 17:31:33","00:00:31","https://nsearchives.nseindia.com/corporate/ITC_14082023173102_SEletter.pdf"
"ITC","ITC Limited","Updates","ITC Limited has informed the Exchange regarding 'Unaudited Financial Results   Media Statement and Presentation'.","14-Aug-2023 17:06:17","2023-08-14 17:06:17","14-Aug-2023 17:06:32","00:00:15","https://nsearchives.nseindia.com/corporate/ITC_14082023170617_Media.pdf"
"ITC","ITC Limited","Updates","ITC Limited has informed the Exchange regarding 'Acquisition of shares'.","14-Aug-2023 16:43:20","2023-08-14 16:43:20","14-Aug-2023 16:43:34","00:00:14","https://nsearchives.nseindia.com/corporate/ITC_14082023164320_Acquisition.pdf"
"ITC","ITC Limited","Updates","ITC Limited has informed the Exchange regarding 'Investor Presentation on Demerger of Hotels Business'.","14-Aug-2023 16:41:26","2023-08-14 16:41:26","14-Aug-2023 16:41:39","00:00:13","https://nsearchives.nseindia.com/corporate/ITC_14082023164126_Scheme.pdf"
"ITC","ITC Limited","Scheme of Arrangement","ITC Limited has informed the Exchange about Scheme of Arrangement","14-Aug-2023 16:38:37","2023-08-14 16:38:37","14-Aug-2023 16:39:19","00:00:42","https://nsearchives.nseindia.com/corporate/ITC_14082023163837_Scheme.pdf"
"ITC","ITC Limited","Financial Result Updates","ITC Limited has submitted to the Exchange, the financial results for the period ended June 30, 2023.","14-Aug-2023 16:36:50","2023-08-14 16:36:50","14-Aug-2023 16:37:01","00:00:11","https://nsearchives.nseindia.com/corporate/JuneResults2023_14082023163650.pdf"
"ITC","ITC Limited","Outcome of Board Meeting","ITC Limited has informed the Exchange regarding  Board meeting held on August 14, 2023.","14-Aug-2023 16:36:25","2023-08-14 16:36:25","14-Aug-2023 16:37:06","00:00:41","https://nsearchives.nseindia.com/corporate/ITC_14082023163625_JuneResults2023.pdf"
"ITC","ITC Limited","Analysts/Institutional Investor Meet/Con. Call Updates","ITC Limited has informed the Exchange about Schedule of meet","14-Aug-2023 14:16:10","2023-08-14 14:16:10","14-Aug-2023 14:16:22","00:00:12","https://nsearchives.nseindia.com/corporate/ITC_14082023141610_Investorcoference.pdf"
"ITC","ITC Limited","Change in Director(s)","ITC Limited has informed the Exchange regarding Change in Director(s) of the company.","11-Aug-2023 19:19:56","2023-08-11 19:19:56","11-Aug-2023 19:20:47","00:00:51","https://nsearchives.nseindia.com/corporate/ITC_11082023191956_SE_Directors_.pdf"
"ITC","ITC Limited","Updates","ITC Limited has informed the Exchange regarding 'Chairman's Speech'.","11-Aug-2023 19:16:09","2023-08-11 19:16:09","11-Aug-2023 19:16:42","00:00:33","https://nsearchives.nseindia.com/corporate/ITC_11082023191610_SE_chairmanspeech_.pdf"
"ITC","ITC Limited","Shareholders meeting","ITC Limited has informed the Exchange regarding proceedings of Annual General Meeting held on August 11, 2023. Further, the company has submitted the Exchange a copy of voting results.","11-Aug-2023 18:43:38","2023-08-11 18:43:38","11-Aug-2023 18:44:59","00:01:21","https://nsearchives.nseindia.com/corporate/ITC_11082023184338_SE_Proceedings_.pdf"
"ITC","ITC Limited","Loss of Share Certificates","ITC Limited has informed the Exchange about Loss of Share Certificates","09-Aug-2023 17:34:02","2023-08-09 17:34:02","09-Aug-2023 17:34:26","00:00:24","https://nsearchives.nseindia.com/corporate/ITC_09082023173402_NSE_LOSS_09082023_SIGNED.pdf"
"ITC","ITC Limited","Loss of Share Certificates","ITC Limited has informed the Exchange about Loss of Share Certificates","04-Aug-2023 18:00:53","2023-08-04 18:00:53","04-Aug-2023 18:01:05","00:00:12","https://nsearchives.nseindia.com/corporate/ITC_04082023180053_NSEREISSUE040823_signed.pdf"
"ITC","ITC Limited","Loss of Share Certificates","ITC Limited has informed the Exchange about Loss of Share Certificates","04-Aug-2023 17:51:38","2023-08-04 17:51:38","04-Aug-2023 17:52:03","00:00:25","https://nsearchives.nseindia.com/corporate/ITC_04082023175138_NSE_LOSS_4AUG2023_SIGNED.pdf"
"ITC","ITC Limited","ESOP/ESOS/ESPS","ITC Limited has informed the Exchange regarding Allotment of 3067520  Shares.","04-Aug-2023 11:21:00","2023-08-04 11:21:00","04-Aug-2023 11:21:12","00:00:12","https://nsearchives.nseindia.com/corporate/ITC_04082023112100_AllotmentLetter.pdf"
"ITC","ITC Limited","Certificate under SEBI (Depositories and Participants) Regulations, 2018","ITC Limited has informed the Exchange about Certificate under SEBI (Depositories and Participants) Regulations, 2018","03-Aug-2023 17:16:43","2023-08-03 17:16:43","03-Aug-2023 17:17:04","00:00:21","https://nsearchives.nseindia.com/corporate/ITC_03082023171643_MonthlydematrematJuly2023.pdf"
"ITC","ITC Limited","Loss of Share Certificates","ITC Limited has informed the Exchange about Loss of Share Certificates","01-Aug-2023 18:21:26","2023-08-01 18:21:26","01-Aug-2023 18:21:44","00:00:18","https://nsearchives.nseindia.com/corporate/ITC_01082023182126_nse_loss_01aug2023_SIGNED.pdf"
"ITC","ITC Limited","Updates","ITC Limited has informed the Exchange regarding 'Incorporation of a wholly owned subsidiary - ITC Hotels Limited'.","28-Jul-2023 19:00:38","2023-07-28 19:00:38","28-Jul-2023 19:01:25","00:00:47","https://nsearchives.nseindia.com/corporate/ITC_28072023190038_SEinitmation.pdf"
"ITC","ITC Limited","Loss of Share Certificates","ITC Limited has informed the Exchange about Loss of Share Certificates","28-Jul-2023 18:41:02","2023-07-28 18:41:02","28-Jul-2023 18:41:09","00:00:07","https://nsearchives.nseindia.com/corporate/ITC_28072023184102_NSE_28072023_SIGNED.pdf"
"ITC","ITC Limited","Loss of Share Certificates","ITC Limited has informed the Exchange about Loss of Share Certificates","26-Jul-2023 18:10:48","2023-07-26 18:10:48","26-Jul-2023 18:10:57","00:00:09","https://nsearchives.nseindia.com/corporate/ITC_26072023181048_NSE_LOSS_26072023_SIGNED.pdf"
"ITC","ITC Limited","Loss of Share Certificates","ITC Limited has informed the Exchange about Loss of Share Certificates","26-Jul-2023 17:25:16","2023-07-26 17:25:16","26-Jul-2023 17:25:24","00:00:08","https://nsearchives.nseindia.com/corporate/ITC_26072023172516_NSEREISSUE26072023_SIGNED.pdf"
"ITC","ITC Limited","ESOP/ESOS/ESPS","ITC Limited has informed the Exchange regarding Allotment of 3503130  Shares.","26-Jul-2023 10:14:13","2023-07-26 10:14:13","26-Jul-2023 10:14:23","00:00:10","https://nsearchives.nseindia.com/corporate/ITC_26072023101413_AllotmentIntimation.pdf"
"ITC","ITC Limited","Analysts/Institutional Investor Meet/Con. Call Updates","ITC Limited has informed the Exchange about Schedule of meet and Presentation","24-Jul-2023 16:23:02","2023-07-24 16:23:02","24-Jul-2023 16:23:09","00:00:07","https://nsearchives.nseindia.com/corporate/ITC_24072023162302_SEAnalystMeet.pdf"
"ITC","ITC Limited","Updates","ITC Limited has informed the Exchange regarding 'Media Statement on ITC Board accords in-principle approval to demerge the Hotels Businessinto a new entity to be listed pursuant to a scheme of arrangement'.","24-Jul-2023 14:17:03","2023-07-24 14:17:03","24-Jul-2023 14:17:12","00:00:09","https://nsearchives.nseindia.com/corporate/ITC_24072023141703_SEMoonletter.pdf"
"ITC","ITC Limited","Acquisition","ITC Limited has informed the Exchange about Acquisition","24-Jul-2023 14:14:12","2023-07-24 14:14:12","24-Jul-2023 14:14:21","00:00:09","https://nsearchives.nseindia.com/corporate/ITC_24072023141412_SEMoonletter.pdf"
"ITC","ITC Limited","Updates","ITC Limited has informed the Exchange regarding 'Intimation under Regulation 30 of theSEBI (Listing Obligations and Disclosure Requirements) Regulations, 2015'.","24-Jul-2023 14:12:25","2023-07-24 14:12:25","24-Jul-2023 14:12:31","00:00:06","https://nsearchives.nseindia.com/corporate/ITC_24072023141225_SEMoonletter.pdf"
"ITC","ITC Limited","Loss of Share Certificates","ITC Limited has informed the Exchange about Loss of Share Certificates","21-Jul-2023 18:03:06","2023-07-21 18:03:06","21-Jul-2023 18:03:13","00:00:07","https://nsearchives.nseindia.com/corporate/ITC_21072023180306_NSE_LOSS_21072023_SIGNED.pdf"
"ITC","ITC Limited","Loss of Share Certificates","ITC Limited has informed the Exchange about Loss of Share Certificates","20-Jul-2023 18:27:02","2023-07-20 18:27:02","20-Jul-2023 18:27:09","00:00:07","https://nsearchives.nseindia.com/corporate/ITC_20072023182702_nse_loss_20july2023_SIGNED.pdf"
"ITC","ITC Limited","Loss of Share Certificates","ITC Limited has informed the Exchange about Loss of Share Certificates","19-Jul-2023 18:00:28","2023-07-19 18:00:28","19-Jul-2023 18:00:53","00:00:25","https://nsearchives.nseindia.com/corporate/ITC_19072023180028_NSE_LOSS_19JULY2023_SIGNED.pdf"
"ITC","ITC Limited","Loss of Share Certificates","ITC Limited has informed the Exchange about Loss of Share Certificates","19-Jul-2023 17:51:21","2023-07-19 17:51:21","19-Jul-2023 17:51:28","00:00:07","https://nsearchives.nseindia.com/corporate/ITC_19072023175121_NSEREISSUE19072023_SIGNED.pdf"
"ITC","ITC Limited","ESOP/ESOS/ESPS","ITC Limited has informed the Exchange regarding Allotment of 7023710  Shares.","18-Jul-2023 17:04:41","2023-07-18 17:04:41","18-Jul-2023 17:04:54","00:00:13","https://nsearchives.nseindia.com/corporate/ITC_18072023170441_AllotmentLetter.pdf"
"ITC","ITC Limited","Copy of Newspaper Publication","ITC Limited has informed the Exchange about Copy of Newspaper Publication","18-Jul-2023 14:53:29","2023-07-18 14:53:29","18-Jul-2023 14:53:39","00:00:10","https://nsearchives.nseindia.com/corporate/ITC_18072023145330_SELetterreCompletionofdespatch.pdf"
"ITC","ITC Limited","Loss of Share Certificates","ITC Limited has informed the Exchange about Loss of Share Certificates","12-Jul-2023 18:45:31","2023-07-12 18:45:31","12-Jul-2023 18:45:41","00:00:10","https://nsearchives.nseindia.com/corporate/ITC_12072023184531_nse_loss_12july2023_SIGNED.pdf"
"ITC","ITC Limited","Updates","ITC Limited has informed the Exchange regarding 'BRSR'.We hereby enclose, in terms of Regulation 34(2)(f) of the SEBI (Listing Obligations and Disclosure Requirements) Regulations, 2015, the Business Responsibility and Sustainability Report of the Company for the financial year ended 31st March, 2023, which also forms part of the Report and Accounts of the Company for the financial year 2022-23.","11-Jul-2023 11:05:57","2023-07-11 11:05:57","11-Jul-2023 11:06:04","00:00:07","https://nsearchives.nseindia.com/corporate/ITC_11072023110557_BRSR.pdf"
"ITC","ITC Limited","Shareholders meeting","ITC Limited has informed the Exchange regarding Notice of Annual General Meeting to be held on August 11, 2023Further to our letter dated 21st June, 2023, we hereby enclose, in terms of Regulation 30 of the SEBI (Listing Obligations and Disclosure Requirements) Regulations, 2015, the Notice dated 18th May, 2023 convening the 112th Annual General Meeting (AGM) of the Company on 11th August, 2023.","11-Jul-2023 11:03:54","2023-07-11 11:03:54","11-Jul-2023 11:04:01","00:00:07","https://nsearchives.nseindia.com/corporate/ITC_11072023110354_AGMNotice.pdf"
"ITC","ITC Limited","Loss of Share Certificates","ITC Limited has informed the Exchange about Loss of Share Certificates","07-Jul-2023 17:59:56","2023-07-07 17:59:56","07-Jul-2023 18:00:26","00:00:30","https://nsearchives.nseindia.com/corporate/ITC_07072023175956_NSE_LOSS_07072023_signed.pdf"
"ITC","ITC Limited","News Verification","The Exchange has sought clarification from ITC Limited with respect to recent news item captioned ITC's demerger for hotel business underway; shares hit 52-week high; check details.  The response from the Company is attached.","07-Jul-2023 17:35:52","2023-07-07 17:35:52","07-Jul-2023 17:35:58","00:00:06","https://nsearchives.nseindia.com/corporate/ITC_07072023173552_SEReply_NSE_.pdf"
"ITC","ITC Limited","ESOP/ESOS/ESPS","ITC Limited has informed the Exchange regarding Allotment of 11777630  Shares.","07-Jul-2023 17:32:44","2023-07-07 17:32:44","07-Jul-2023 17:32:51","00:00:07","https://nsearchives.nseindia.com/corporate/ITC_07072023173244_AllotmentLetter.pdf"
"ITC","ITC Limited","Loss of Share Certificates","ITC Limited has informed the Exchange about Loss of Share Certificates","06-Jul-2023 19:07:06","2023-07-06 19:07:06","06-Jul-2023 19:07:13","00:00:07","https://nsearchives.nseindia.com/corporate/ITC_06072023190706_nse_loss_06072023_SIGNED.pdf"
"ITC","ITC Limited","News Verification","The Exchange has sought clarification from ITC Limited with respect to recent news item captioned ITC's demerger for hotel business underway; shares hit 52-week high; check details.  The response from the Company is awaited.","06-Jul-2023 17:49:16","2023-07-06 17:49:16","06-Jul-2023 17:49:22","00:00:06","-"
"ITC","ITC Limited","Updates","ITC Limited has informed the Exchange regarding 'Quarterly report on Fake / Forged / Missing / Lost / Stolen / Non-transferable shares as on 30th June, 2023'.","04-Jul-2023 17:41:48","2023-07-04 17:41:48","04-Jul-2023 17:42:04","00:00:16","https://nsearchives.nseindia.com/corporate/ITC_04072023174148_June_2023_Qtrly_signed.pdf"
"ITC","ITC Limited","Copy of Newspaper Publication","ITC Limited has informed the Exchange about Copy of Newspaper Publication","04-Jul-2023 16:08:31","2023-07-04 16:08:31","04-Jul-2023 16:08:39","00:00:08","https://nsearchives.nseindia.com/corporate/ITC_04072023160831_SELetterAdvertisement112thAGMthroughVCorOAVM.pdf"
"ITC","ITC Limited","Updates","ITC Limited has informed the Exchange regarding 'Certificate under Reg 74(5) SEBI DP Regulations, 2018'.","03-Jul-2023 15:23:48","2023-07-03 15:23:48","03-Jul-2023 15:23:57","00:00:09","https://nsearchives.nseindia.com/corporate/ITC_03072023152348_MonthlydematrematJune2023.pdf"
"ITC","ITC Limited","Loss of Share Certificates","ITC Limited has informed the Exchange about Loss of Share Certificates","30-Jun-2023 17:54:39","2023-06-30 17:54:39","30-Jun-2023 17:54:44","00:00:05","https://nsearchives.nseindia.com/corporate/ITC_30062023175439_NSEREISSUE300623_SIGNED.pdf"
"ITC","ITC Limited","ESOP/ESOS/ESPS","ITC Limited has informed the Exchange regarding Allotment of 11449770  Shares.","29-Jun-2023 18:56:47","2023-06-29 18:56:47","29-Jun-2023 18:56:51","00:00:04","https://nsearchives.nseindia.com/corporate/ITC_29062023185647_AllotmentLetter.pdf"
"ITC","ITC Limited","Loss of Share Certificates","ITC Limited has informed the Exchange about Loss of Share Certificates","29-Jun-2023 17:41:43","2023-06-29 17:41:43","29-Jun-2023 17:41:45","00:00:02","https://nsearchives.nseindia.com/corporate/ITC_29062023174143_nse_loss_29062023_SIGNED.pdf"
"ITC","ITC Limited","Updates","ITC Limited has informed the Exchange regarding 'Acquisition of Compulsorily Convertible Preference Shares of Mother Sparsh Baby Care Private Limited'.","27-Jun-2023 19:16:33","2023-06-27 19:16:33","27-Jun-2023 19:16:38","00:00:05","https://nsearchives.nseindia.com/corporate/ITC_27062023191633_SE.pdf"
"ITC","ITC Limited","Trading Window","ITC Limited has informed the Exchange regarding the Trading Window closure pursuant to SEBI (Prohibition of Insider Trading) Regulations, 2015","27-Jun-2023 17:21:25","2023-06-27 17:21:25","27-Jun-2023 17:21:32","00:00:07","https://nsearchives.nseindia.com/corporate/ITC_27062023172125_ClosureofTradingWindow.pdf"
"ITC","ITC Limited","Loss of Share Certificates","ITC Limited has informed the Exchange about Loss of Share Certificates","23-Jun-2023 18:00:11","2023-06-23 18:00:11","23-Jun-2023 18:00:23","00:00:12","https://nsearchives.nseindia.com/corporate/ITC_23062023180011_NSE_LOSS_23062023_SIGNED.pdf"
"ITC","ITC Limited","Loss of Share Certificates","ITC Limited has informed the Exchange about Loss of Share Certificates","22-Jun-2023 18:41:05","2023-06-22 18:41:05","22-Jun-2023 18:41:10","00:00:05","https://nsearchives.nseindia.com/corporate/ITC_22062023184105_nse_loss_22062023_signed.pdf"
"ITC","ITC Limited","Loss of Share Certificates","ITC Limited has informed the Exchange about Loss of Share Certificates","21-Jun-2023 18:31:19","2023-06-21 18:31:19","21-Jun-2023 18:31:57","00:00:38","https://nsearchives.nseindia.com/corporate/ITC_21062023183119_nse_loss_21june2023_SIGNED.pdf"
"ITC","ITC Limited","Updates","ITC Limited has informed the Exchange regarding 'Intimation of Date of the Annual General Meeting of the Company'.","21-Jun-2023 17:39:30","2023-06-21 17:39:30","21-Jun-2023 17:39:41","00:00:11","https://nsearchives.nseindia.com/corporate/ITC_21062023173930_SEAGM.pdf"
"ITC","ITC Limited","Acquisition","ITC Limited has informed the Exchange about Agreement to acquire further shares in Mother Sparsh Baby Care Private Limited","19-Jun-2023 19:10:06","2023-06-19 19:10:06","19-Jun-2023 19:10:11","00:00:05","https://nsearchives.nseindia.com/corporate/ITC_19062023191006_SE.pdf"
"ITC","ITC Limited","Loss of Share Certificates","ITC Limited has informed the Exchange about Loss of Share Certificates","14-Jun-2023 18:29:15","2023-06-14 18:29:15","14-Jun-2023 18:29:19","00:00:04","https://nsearchives.nseindia.com/corporate/ITC_14062023182915_nse_loss_14062023_signed.pdf"
"ITC","ITC Limited","Loss of Share Certificates","ITC Limited has informed the Exchange about Loss of Share Certificates","12-Jun-2023 18:13:12","2023-06-12 18:13:12","12-Jun-2023 18:13:16","00:00:04","https://nsearchives.nseindia.com/corporate/ITC_12062023181312_NSEREISSUE12062023_SIGNED.pdf"
"ITC","ITC Limited","Updates","ITC Limited has informed the Exchange regarding 'Certificate under Reg 74(5) SEBI DP Regulations, 2018'.","02-Jun-2023 17:06:14","2023-06-02 17:06:14","02-Jun-2023 17:06:19","00:00:05","https://nsearchives.nseindia.com/corporate/ITC_02062023170614_MonthlydematrematMay2023.pdf"
"ITC","ITC Limited","Loss of Share Certificates","ITC Limited has informed the Exchange about Loss of Share Certificates","01-Jun-2023 16:17:40","2023-06-01 16:17:40","01-Jun-2023 16:17:45","00:00:05","https://nsearchives.nseindia.com/corporate/ITC_01062023161741_NSE_SE_LOST_01062023_SIGNED.pdf"
"ITC","ITC Limited","Loss of Share Certificates","ITC Limited has informed the Exchange about Loss of Share Certificates","31-May-2023 18:56:12","2023-05-31 18:56:12","31-May-2023 18:56:17","00:00:05","https://nsearchives.nseindia.com/corporate/ITC_31052023185613_NSE_LOSS_31052023_signed.pdf"
"ITC","ITC Limited","Analysts/Institutional Investor Meet/Con. Call Updates","ITC Limited has informed the Exchange about Participation in Investors  Call","29-May-2023 16:30:06","2023-05-29 16:30:06","29-May-2023 16:30:28","00:00:22","https://nsearchives.nseindia.com/corporate/ITC_29052023163006_SE.pdf"
"ITC","ITC Limited","Loss of Share Certificates","ITC Limited has informed the Exchange about Loss of Share Certificates","26-May-2023 17:10:58","2023-05-26 17:10:58","26-May-2023 17:11:10","00:00:12","https://nsearchives.nseindia.com/corporate/ITC_26052023171058_nse_loss_26052023_SIGNED.pdf"
"ITC","ITC Limited","Loss of Share Certificates","ITC Limited has informed the Exchange about Loss of Share Certificates","24-May-2023 17:38:13","2023-05-24 17:38:13","24-May-2023 17:38:20","00:00:07","https://nsearchives.nseindia.com/corporate/ITC_24052023173813_nse_loss_24052023_SIGNED.pdf"
"ITC","ITC Limited","Analysts/Institutional Investor Meet/Con. Call Updates","ITC Limited has informed the Exchange about Participation in Investor Conferences","24-May-2023 15:02:49","2023-05-24 15:02:49","24-May-2023 15:02:54","00:00:05","https://nsearchives.nseindia.com/corporate/ITC_24052023150249_SE.pdf"
"ITC","ITC Limited","Loss of Share Certificates","ITC Limited has informed the Exchange about Loss of Share Certificates","19-May-2023 18:11:38","2023-05-19 18:11:38","19-May-2023 18:11:41","00:00:03","https://nsearchives.nseindia.com/corporate/ITC_19052023181138_NSE_Loss_19052023_signed.pdf"
"ITC","ITC Limited","Related Party Transactions","ITC Limited has informed the Exchange about related Party TransactionsWe enclose, in terms of Regulation 23(9) of the SEBI (Listing Obligations and Disclosure Requirements) Regulations, 2015, the disclosure of Related Party Transactions of the Company for the half year ended 31st March, 2023, in the prescribed format.","18-May-2023 15:55:02","2023-05-18 15:55:02","18-May-2023 15:55:05","00:00:03","https://nsearchives.nseindia.com/corporate/ITC_18052023155502_RPT.pdf"
"ITC","ITC Limited","Updates","ITC Limited has informed the Exchange regarding 'Audited Financial Results   Media Statement and Presentation'.Further to our letter dated 18th May, 2023 forwarding the Audited Financial Results of the Company for the Quarter and Twelve Months ended 31st March, 2023, we now enclose a copy of the Media Statement issued by the Company and a presentation on the Company s financial performance for the aforesaid period for information of the investors.","18-May-2023 15:38:31","2023-05-18 15:38:31","18-May-2023 15:38:34","00:00:03","https://nsearchives.nseindia.com/corporate/ITC_18052023153831_Media.pdf"
"ITC","ITC Limited","Updates","ITC Limited has informed the Exchange regarding 'Recommendation for appointment of Directors'.We write to advise that the Board of Directors of the Company at the meeting held today, i.e. 18th May, 2023, recommended for the approval of the Members:(a) appointment of Ms. Alka Marezban Bharucha (DIN: 00114067) as a Director and also as an Independent Director of the Company for a period of five years with effect from 12th August, 2023, and (b) appointment of Mr. Hemant Malik (DIN: 06435812) as a Director and also as a                  Wholetime Director of the Company for a period of three years with effect from                               12th August, 2023.","18-May-2023 15:20:27","2023-05-18 15:20:27","18-May-2023 15:20:41","00:00:14","https://nsearchives.nseindia.com/corporate/ITC_18052023152027_SE.pdf"
"ITC","ITC Limited","Dividend","ITC Limited has informed the Exchange that Board of Directors at its meeting held on May 18, 2023, declared Special Dividend of Rs. 2.75 per equity share.","18-May-2023 14:56:52","2023-05-18 14:56:52","18-May-2023 14:56:56","00:00:04","https://nsearchives.nseindia.com/corporate/ITC_18052023145652_Dividend.pdf"
"ITC","ITC Limited","Dividend","ITC Limited has informed the Exchange that Board of Directors at its meeting held on May 18, 2023, recommended Final Dividend of Rs. 6.75 per equity share.","18-May-2023 14:49:21","2023-05-18 14:49:21","18-May-2023 14:49:29","00:00:08","https://nsearchives.nseindia.com/corporate/ITC_18052023144921_Dividend.pdf"
"ITC","ITC Limited","Record Date","ITC Limited has informed the Exchange that Record date for the purpose of Dividend  is 30-May-2023.","18-May-2023 14:45:28","2023-05-18 14:45:28","18-May-2023 14:45:35","00:00:07","https://nsearchives.nseindia.com/corporate/ITC_18052023144528_Dividend.pdf"
"ITC","ITC Limited","Outcome of Board Meeting","ITC Limited has informed the Exchange regarding  Board meeting held on May 18, 2023.","18-May-2023 14:42:42","2023-05-18 14:42:42","18-May-2023 14:42:48","00:00:06","https://nsearchives.nseindia.com/corporate/ITC_18052023144242_Results.pdf"
"ITC","ITC Limited","Financial Result Updates","ITC Limited has submitted to the Exchange, the financial results for the period ended March 31, 2023.","18-May-2023 14:40:18","2023-05-18 14:40:18","18-May-2023 14:40:24","00:00:06","https://nsearchives.nseindia.com/corporate/Results_18052023144018.pdf"
"ITC","ITC Limited","Loss of Share Certificates","ITC Limited has informed the Exchange about Loss of Share Certificates","17-May-2023 18:11:10","2023-05-17 18:11:10","17-May-2023 18:11:15","00:00:05","https://nsearchives.nseindia.com/corporate/ITC_17052023181110_NSE_LOSS_17052023_SIGNED.pdf"
"ITC","ITC Limited","Loss of Share Certificates","ITC Limited has informed the Exchange about Loss of Share Certificates","17-May-2023 18:02:45","2023-05-17 18:02:45","17-May-2023 18:02:49","00:00:04","https://nsearchives.nseindia.com/corporate/ITC_17052023180245_NSEREISSUE17052023_SIGNED.pdf"
"ITC","ITC Limited","Loss of Share Certificates","ITC Limited has informed the Exchange about Loss of Share Certificates","12-May-2023 18:25:11","2023-05-12 18:25:11","12-May-2023 18:25:17","00:00:06","https://nsearchives.nseindia.com/corporate/ITC_12052023182512_NSE_LOSS_12052023_SIGNED.pdf"
"ITC","ITC Limited","Updates","ITC Limited has informed the Exchange regarding 'Publication of Notice Re: Transfer of unclaimed Dividend and Ordinary Shares to the Investor Education and Protection Fund'.","12-May-2023 17:10:01","2023-05-12 17:10:01","12-May-2023 17:10:21","00:00:20","https://nsearchives.nseindia.com/corporate/ITC_12052023171001_SEIntimationofAdvertisement.pdf"
"ITC","ITC Limited","Loss of Share Certificates","ITC Limited has informed the Exchange about Loss of Share Certificates","11-May-2023 19:06:10","2023-05-11 19:06:10","11-May-2023 19:06:21","00:00:11","https://nsearchives.nseindia.com/corporate/ITC_11052023190610_nse_loss_11may2023_SIGNED.pdf"
"ITC","ITC Limited","Loss of Share Certificates","ITC Limited has informed the Exchange about Loss of Share Certificates","10-May-2023 18:04:56","2023-05-10 18:04:56","10-May-2023 18:05:01","00:00:05","https://nsearchives.nseindia.com/corporate/ITC_10052023180456_nse_loss_10may2023_SIGNED.pdf"
"ITC","ITC Limited","Annual Secretarial Compliance Report","We enclose, in terms of Regulation 24A of the SEBI (Listing Obligations and Disclosure Requirements) Regulations, 2015, the Secretarial Compliance Report of the Company from                                           Messrs. S. N. Ananthasubramanian & Co., Company Secretaries, for the financial year ended 31st March, 2023.","09-May-2023 14:41:32","2023-05-09 14:41:32","09-May-2023 14:41:35","00:00:03","https://nsearchives.nseindia.com/corporate/ITC_09052023144132_SE.pdf"
"ITC","ITC Limited","Updates","ITC Limited has informed the Exchange regarding 'Acquisition of Shares of Sproutlife Foods Private Limited'.","05-May-2023 12:00:58","2023-05-05 12:00:58","05-May-2023 12:01:04","00:00:06","https://nsearchives.nseindia.com/corporate/ITC_05052023120058_SE.pdf"
"ITC","ITC Limited","Updates","ITC Limited has informed the Exchange regarding 'Certificate under Reg 74(5) SEBI DP Regulations, 2018'. The details of the shares dematerialised by the Company during the month of April 2023 is provided in the enclosed Annexure A. The Company was not required to effect rematerialisation of shares during the month of April 2023.","03-May-2023 10:12:24","2023-05-03 10:12:24","03-May-2023 10:12:29","00:00:05","https://nsearchives.nseindia.com/corporate/ITC_03052023101224_MonthlydematrematApril2023.pdf"
"ITC","ITC Limited","Loss of Share Certificates","ITC Limited has informed the Exchange about Loss of Share Certificates","28-Apr-2023 18:38:31","2023-04-28 18:38:31","28-Apr-2023 18:38:36","00:00:05","https://nsearchives.nseindia.com/corporate/ITC_28042023183831_nse_loss_28042023_SIGNED.pdf"
"ITC","ITC Limited","Loss of Share Certificates","ITC Limited has informed the Exchange about Loss of Share Certificates","26-Apr-2023 18:21:10","2023-04-26 18:21:10","26-Apr-2023 18:21:14","00:00:04","https://nsearchives.nseindia.com/corporate/ITC_26042023182110_nse_loss_26042023_SIGNED.pdf"
"ITC","ITC Limited","Loss of Share Certificates","ITC Limited has informed the Exchange about Loss of Share Certificates","25-Apr-2023 18:04:45","2023-04-25 18:04:45","25-Apr-2023 18:04:52","00:00:07","https://nsearchives.nseindia.com/corporate/ITC_25042023180445_NSEREISSUE25042023_signed.pdf"
"ITC","ITC Limited","Loss of Share Certificates","ITC Limited has informed the Exchange about Loss of Share Certificates","21-Apr-2023 18:11:48","2023-04-21 18:11:48","21-Apr-2023 18:11:50","00:00:02","https://nsearchives.nseindia.com/corporate/ITC_21042023181148_nse_loss_21042023_SIGNED.pdf"
"ITC","ITC Limited","Loss of Share Certificates","ITC Limited has informed the Exchange about Loss of Share Certificates","19-Apr-2023 18:49:24","2023-04-19 18:49:24","19-Apr-2023 18:49:28","00:00:04","https://nsearchives.nseindia.com/corporate/ITC_19042023184924_nse_loss_19042023_SIGNED.pdf"
"ITC","ITC Limited","Updates","ITC Limited has informed the Exchange regarding 'Signing of Transaction Documents for acquisition of 100% shares of Sproutlife Foods Private Limited '.This is further to our letter dated 17th January, 2023 on the subject, in terms of Regulation 30 of the SEBI (Listing Obligations and Disclosure Requirements) Regulations, 2015.  We write to advise that the Company has today executed the transaction documents, including the Securities Subscription & Purchase Agreement and the Shareholders Agreement, to acquire 100% of the share capital (on a fully diluted basis) of Sproutlife, in one or more tranches, over a time period of three to four years.","19-Apr-2023 18:33:17","2023-04-19 18:33:17","19-Apr-2023 18:33:22","00:00:05","https://nsearchives.nseindia.com/corporate/ITC_19042023183317_SELetter.pdf"
"ITC","ITC Limited","Updates","ITC Limited has informed the Exchange regarding 'Incorporation of a new step-down subsidiary'.We have been advised by ITC Infotech India Limited ( I3L ), a wholly owned subsidiary ( WOS ), that they have incorporated a WOS in Mexico under the name of ITC Infotech de M��xico, S.A. de C.V.  ( ITC Mexico ) on 17th April, 2023; the registration certificate evidencing incorporation of the said subsidiary has been received by I3L today. Consequently, ITC Mexico has become a step-down wholly owned subsidiary of the Company with effect from 17th April, 2023.","19-Apr-2023 13:19:03","2023-04-19 13:19:03","19-Apr-2023 13:19:08","00:00:05","https://nsearchives.nseindia.com/corporate/ITC_19042023131903_SELetter.pdf"
"ITC","ITC Limited","Loss of Share Certificates","ITC Limited has informed the Exchange about Loss of Share Certificates","12-Apr-2023 17:13:39","2023-04-12 17:13:39","12-Apr-2023 17:13:44","00:00:05","https://nsearchives.nseindia.com/corporate/ITC_12042023171339_NSE_LOSS_12042023_SIGNED.pdf"
"ITC","ITC Limited","Updates","ITC Limited has informed the Exchange regarding 'Divestment : Joint Venture Company'.","07-Apr-2023 17:47:46","2023-04-07 17:47:46","07-Apr-2023 17:47:49","00:00:03","https://nsearchives.nseindia.com/corporate/ITC_07042023174746_SE.pdf"
"ITC","ITC Limited","Loss of Share Certificates","ITC Limited has informed the Exchange about Loss of Share Certificates","07-Apr-2023 16:53:04","2023-04-07 16:53:04","07-Apr-2023 16:53:09","00:00:05","https://nsearchives.nseindia.com/corporate/ITC_07042023165304_NSE_LOSS_07042023_SIGNED.pdf"
"ITC","ITC Limited","Loss of Share Certificates","ITC Limited has informed the Exchange about Loss of Share Certificates","05-Apr-2023 17:12:35","2023-04-05 17:12:35","05-Apr-2023 17:12:39","00:00:04","https://nsearchives.nseindia.com/corporate/ITC_05042023171235_NSE_LOSS_05042023_SIGNED.pdf"
"ITC","ITC Limited","Updates","ITC Limited has informed the Exchange regarding 'Quarterly report on Fake / Forged / Missing / Lost / Stolen / Non-transferable shares as on 31st March, 2023'.","04-Apr-2023 18:14:41","2023-04-04 18:14:41","04-Apr-2023 18:14:45","00:00:04","https://nsearchives.nseindia.com/corporate/ITC_04042023181441_March_2023_Qtrly_SIGNED.pdf"
"ITC","ITC Limited","Updates","The details of the shares dematerialised by the Company during the month of March 2023 is provided in the enclosed Annexure A. The Company was not required to effect rematerialisation of shares during the month of March 2023.","04-Apr-2023 17:13:20","2023-04-04 17:13:20","04-Apr-2023 17:13:23","00:00:03","https://nsearchives.nseindia.com/corporate/ITC_04042023171320_MonthlydematrematMarch2023.pdf"
"ITC","ITC Limited","Loss of Share Certificates","ITC Limited has informed the Exchange about Loss of Share Certificates","31-Mar-2023 17:44:09","2023-03-31 17:44:09","31-Mar-2023 17:44:13","00:00:04","https://nsearchives.nseindia.com/corporate/ITC_31032023174409_NSEREISSUE31032023_SIGNED.pdf"
"ITC","ITC Limited","Loss of Share Certificates","ITC Limited has informed the Exchange about Loss of Share Certificates","31-Mar-2023 17:37:47","2023-03-31 17:37:47","31-Mar-2023 17:37:49","00:00:02","https://nsearchives.nseindia.com/corporate/ITC_31032023173747_NSE_LOSS_31032023_SIGNED.pdf"
"ITC","ITC Limited","Loss of Share Certificates","ITC Limited has informed the Exchange about Loss of Share Certificates","29-Mar-2023 17:33:07","2023-03-29 17:33:07","29-Mar-2023 17:33:11","00:00:04","https://nsearchives.nseindia.com/corporate/ITC_29032023173307_NSE_LOSS_29032023_SIGNED.pdf"
"ITC","ITC Limited","Trading Window","ITC Limited has informed the Exchange regarding the Trading Window closure pursuant to SEBI (Prohibition of Insider Trading) Regulations, 2015","28-Mar-2023 16:12:41","2023-03-28 16:12:41","28-Mar-2023 16:12:44","00:00:03","https://nsearchives.nseindia.com/corporate/ITC_28032023161241_SEIntimationClosureofTradingWindow.pdf"
"ITC","ITC Limited","Loss of Share Certificates","ITC Limited has informed the Exchange about Loss of Share Certificates","24-Mar-2023 17:44:31","2023-03-24 17:44:31","24-Mar-2023 17:44:34","00:00:03","https://nsearchives.nseindia.com/corporate/ITC_24032023174431_NSE_LOSS_24032023_SIGNED.pdf"
"ITC","ITC Limited","Loss of Share Certificates","ITC Limited has informed the Exchange about Loss of Share Certificates","22-Mar-2023 18:05:33","2023-03-22 18:05:33","22-Mar-2023 18:05:40","00:00:07","https://nsearchives.nseindia.com/corporate/ITC_22032023180533_nse_loss_22032023_signed.pdf"
"ITC","ITC Limited","Loss of Share Certificates","ITC Limited has informed the Exchange about Loss of Share Certificates","21-Mar-2023 18:24:15","2023-03-21 18:24:15","21-Mar-2023 18:24:20","00:00:05","https://nsearchives.nseindia.com/corporate/ITC_21032023182415_NSEREISSUE21032023_SIGNED.pdf"
"ITC","ITC Limited","ESOP/ESOS/ESPS","ITC Limited has informed the Exchange regarding Allotment of 7626290  Shares.","20-Mar-2023 18:57:06","2023-03-20 18:57:06","20-Mar-2023 18:57:11","00:00:05","https://nsearchives.nseindia.com/corporate/ITC_20032023185706_AllotmentLetter20032023.pdf"
"ITC","ITC Limited","Loss of Share Certificates","ITC Limited has informed the Exchange about Loss of Share Certificates","17-Mar-2023 18:59:18","2023-03-17 18:59:18","17-Mar-2023 18:59:21","00:00:03","https://nsearchives.nseindia.com/corporate/ITC_17032023185918_nse_loss_17march2023_SIGNED.pdf"
"ITC","ITC Limited","Shareholders meeting","ITC Limited has informed the Exchange regarding voting results of  Postal Ballot","16-Mar-2023 17:00:58","2023-03-16 17:00:58","16-Mar-2023 17:01:02","00:00:04","https://nsearchives.nseindia.com/corporate/ITC_16032023170058_SELetter.pdf"
"ITC","ITC Limited","Updates","ITC Limited has informed the Exchange regarding 'Incorporation of a new step-down subsidiary'.","15-Mar-2023 19:33:59","2023-03-15 19:33:59","15-Mar-2023 19:34:03","00:00:04","https://nsearchives.nseindia.com/corporate/ITC_15032023193359_SE.pdf"
"ITC","ITC Limited","Loss of Share Certificates","ITC Limited has informed the Exchange about Loss of Share Certificates","15-Mar-2023 18:17:44","2023-03-15 18:17:44","15-Mar-2023 18:17:49","00:00:05","https://nsearchives.nseindia.com/corporate/ITC_15032023181744_NSE_LOSS_15032023_SIGNED.pdf"
"ITC","ITC Limited","Loss of Share Certificates","ITC Limited has informed the Exchange about Loss of Share Certificates","10-Mar-2023 19:41:59","2023-03-10 19:41:59","10-Mar-2023 19:42:02","00:00:03","https://nsearchives.nseindia.com/corporate/ITC_10032023194159_NSE_LOSS_10MARCH2023_SIGNED.pdf"
"ITC","ITC Limited","Loss of Share Certificates","ITC Limited has informed the Exchange about Loss of Share Certificates","08-Mar-2023 18:55:02","2023-03-08 18:55:02","08-Mar-2023 18:55:04","00:00:02","https://nsearchives.nseindia.com/corporate/ITC_08032023185501_nse_loss_08032023_SIGNED.pdf"
"ITC","ITC Limited","Updates","ITC Limited has informed the Exchange regarding 'Incorporation of a wholly owned subsidiary - ITC Fibre Innovations Limited'.","04-Mar-2023 11:39:33","2023-03-04 11:39:33","04-Mar-2023 11:39:35","00:00:02","https://nsearchives.nseindia.com/corporate/ITC_04032023113933_SE.pdf"
"ITC","ITC Limited","Updates","ITC Limited has informed the Exchange regarding 'The details of the shares dematerialised by the Company during the month of February 2023 in the enclosed Annexure A. The Company was not required to effect rematerialisation of shares during the month of February 2023.'.","02-Mar-2023 15:56:27","2023-03-02 15:56:27","02-Mar-2023 15:56:29","00:00:02","https://nsearchives.nseindia.com/corporate/ITC_02032023155627_MonthlydematrematFebruary2023.pdf"
"ITC","ITC Limited","Loss of Share Certificates","ITC Limited has informed the Exchange about Loss of Share Certificates","01-Mar-2023 18:24:43","2023-03-01 18:24:43","01-Mar-2023 18:24:46","00:00:03","https://nsearchives.nseindia.com/corporate/ITC_01032023182443_NSE_LOSS_1MARCH2023_SIGNED.pdf"
"ITC","ITC Limited","ESOP/ESOS/ESPS","ITC Limited has informed the Exchange regarding Allotment of 1313260  Shares.","28-Feb-2023 19:27:07","2023-02-28 19:27:07","28-Feb-2023 19:27:11","00:00:04","https://nsearchives.nseindia.com/corporate/ITC_28022023192707_AllotmentLetter.pdf"
"ITC","ITC Limited","Loss of Share Certificates","ITC Limited has informed the Exchange about Loss of Share Certificates","24-Feb-2023 19:05:47","2023-02-24 19:05:47","24-Feb-2023 19:05:50","00:00:03","https://nsearchives.nseindia.com/corporate/ITC_24022023190547_nse_loss_24022023_SIGNED.pdf"
"ITC","ITC Limited","Loss of Share Certificates","ITC Limited has informed the Exchange about Loss of Share Certificates","23-Feb-2023 19:48:24","2023-02-23 19:48:24","23-Feb-2023 19:48:28","00:00:04","https://nsearchives.nseindia.com/corporate/ITC_23022023194824_nse_loss_23022023_SIGNED.pdf"
"ITC","ITC Limited","Loss of Share Certificates","ITC Limited has informed the Exchange about Loss of Share Certificates","23-Feb-2023 19:47:00","2023-02-23 19:47:00","23-Feb-2023 19:47:04","00:00:04","https://nsearchives.nseindia.com/corporate/ITC_23022023194700_NSEREISSUE230223_SIGNED.pdf"
"ITC","ITC Limited","ESOP/ESOS/ESPS","ITC Limited has informed the Exchange regarding Allotment of 2584250   Shares.","22-Feb-2023 18:45:48","2023-02-22 18:45:48","22-Feb-2023 18:45:50","00:00:02","https://nsearchives.nseindia.com/corporate/ITC_22022023184548_AllotmentLetter1.pdf"
"ITC","ITC Limited","Loss of Share Certificates","ITC Limited has informed the Exchange about Loss of Share Certificates","22-Feb-2023 18:25:48","2023-02-22 18:25:48","22-Feb-2023 18:25:52","00:00:04","https://nsearchives.nseindia.com/corporate/ITC_22022023182548_nse_loss_22feb2023_SIGNED.pdf"
"ITC","ITC Limited","Loss of Share Certificates","ITC Limited has informed the Exchange about Loss of Share Certificates","17-Feb-2023 18:10:24","2023-02-17 18:10:24","17-Feb-2023 18:10:29","00:00:05","https://nsearchives.nseindia.com/corporate/ITC_17022023181024_nse_loss_17022023_SIGNED.pdf"
"ITC","ITC Limited","Updates","ITC Limited has informed the Exchange regarding 'Publication of Advertisement re: completion of despatch of the Postal Ballot Notice'.","15-Feb-2023 19:38:42","2023-02-15 19:38:42","15-Feb-2023 19:38:47","00:00:05","https://nsearchives.nseindia.com/corporate/ITC_15022023193842_SELetterPressAdvtPostalBallot2023.pdf"
"ITC","ITC Limited","ESOP/ESOS/ESPS","ITC Limited has informed the Exchange regarding Allotment of 2478980  Shares.","15-Feb-2023 19:14:27","2023-02-15 19:14:27","15-Feb-2023 19:14:29","00:00:02","https://nsearchives.nseindia.com/corporate/ITC_15022023191427_SE1.pdf"
"ITC","ITC Limited","Loss of Share Certificates","ITC Limited has informed the Exchange about Loss of Share Certificates","10-Feb-2023 17:41:09","2023-02-10 17:41:09","10-Feb-2023 17:41:14","00:00:05","https://nsearchives.nseindia.com/corporate/ITC_10022023174109_NSE_LOSS_10FEB2023_SIGNED.pdf"
"ITC","ITC Limited","Analysts/Institutional Investor Meet/Con. Call Updates","Participation in Investor Conference","10-Feb-2023 10:53:08","2023-02-10 10:53:08","10-Feb-2023 10:53:14","00:00:06","https://nsearchives.nseindia.com/corporate/ITC_10022023105308_SE.pdf"
"ITC","ITC Limited","Updates","ITC Limited has informed the Exchange regarding 'Incorporation of a new step-down subsidiary'.","09-Feb-2023 17:47:10","2023-02-09 17:47:10","09-Feb-2023 17:47:15","00:00:05","https://nsearchives.nseindia.com/corporate/ITC_09022023174710_SE.pdf"
"ITC","ITC Limited","Shareholders meeting","ITC Limited has informed the Exchange regarding Notice of Postal Ballot","09-Feb-2023 17:32:33","2023-02-09 17:32:33","09-Feb-2023 17:32:40","00:00:07","https://nsearchives.nseindia.com/corporate/ITC_09022023173233_SEletter.pdf"
"ITC","ITC Limited","Loss of Share Certificates","ITC Limited has informed the Exchange about Loss of Share Certificates","09-Feb-2023 17:16:42","2023-02-09 17:16:42","09-Feb-2023 17:16:47","00:00:05","https://nsearchives.nseindia.com/corporate/ITC_09022023171642_NSEREISSUE090223_SIGNED.pdf"
"ITC","ITC Limited","Loss of Share Certificates","ITC Limited has informed the Exchange about Loss of Share Certificates","08-Feb-2023 18:06:52","2023-02-08 18:06:52","08-Feb-2023 18:06:55","00:00:03","https://nsearchives.nseindia.com/corporate/ITC_08022023180652_nse_loss_8feb2023_SIGNED.pdf"
"ITC","ITC Limited","Updates","ITC Limited has informed the Exchange regarding 'Incorporation of a new step-down subsidiary'.","04-Feb-2023 13:43:37","2023-02-04 13:43:37","04-Feb-2023 13:43:40","00:00:03","https://nsearchives.nseindia.com/corporate/ITC_04022023134337_SE.pdf"
"ITC","ITC Limited","Updates","ITC Limited has informed the Exchange regarding 'Media Statement and Presentation'.","03-Feb-2023 17:56:40","2023-02-03 17:56:40","03-Feb-2023 17:56:44","00:00:04","https://nsearchives.nseindia.com/corporate/ITC_03022023175640_SEMedia.pdf"
"ITC","ITC Limited","Change in Director(s)","ITC Limited has informed the Exchange regarding Change in Director(s) of the company.","03-Feb-2023 17:29:46","2023-02-03 17:29:46","03-Feb-2023 17:29:50","00:00:04","https://nsearchives.nseindia.com/corporate/ITC_03022023172946_SEAppointment.pdf"
"ITC","ITC Limited","Dividend Updates","ITC Limited has informed the Exchange about Dividend UpdatesThe Board of Directors of the Company at the meeting held today, i.e. 3rd February, 2023  (a) declared Interim Dividend of Rs. 6/- per Ordinary Share of Re. 1/- each for the financial year ending on 31st March, 2023; such Dividend will be paid between Friday, 3rd March, 2023 and Sunday, 5th March, 2023 to those Members entitled thereto.(b) fixed Wednesday, 15th February, 2023 as the Record Date for the purpose of determining entitlement of the Members for such Interim Dividend.","03-Feb-2023 17:15:49","2023-02-03 17:15:49","03-Feb-2023 17:15:54","00:00:05","https://nsearchives.nseindia.com/corporate/ITC_03022023171549_Dividend.pdf"
"ITC","ITC Limited","Record Date","ITC Limited has informed the Exchange that Record date for the purpose of Dividend  is 15-Feb-2023.The Board of Directors of the Company at the meeting held today, i.e. 3rd February, 2023  (a) declared Interim Dividend of Rs. 6/- per Ordinary Share of Re. 1/- each for the financial year ending on 31st March, 2023; such Dividend will be paid between Friday, 3rd March, 2023 and Sunday, 5th March, 2023 to those Members entitled thereto.(b) fixed Wednesday, 15th February, 2023 as the Record Date for the purpose of determining entitlement of the Members for such Interim Dividend.","03-Feb-2023 17:14:50","2023-02-03 17:14:50","03-Feb-2023 17:14:53","00:00:03","https://nsearchives.nseindia.com/corporate/ITC_03022023171450_Dividend.pdf"
"ITC","ITC Limited","Outcome of Board Meeting","ITC Limited has informed the Exchange regarding  Board meeting held on February 03, 2023.Further to our letter dated 20th January, 2023, we enclose, in terms of Regulation 33 of the SEBI (Listing Obligations and Disclosure Requirements) Regulations, 2015, the following, as approved by the Board of Directors of the Company at the meeting held today, i.e. 3rd February, 2023:(i) Unaudited Standalone and Consolidated Financial Results of the Company along with Unaudited Segment-wise Revenue, Results, Assets and Liabilities for the Quarter and Nine Months ended 31st December, 2022; and(ii) Limited Review Reports from the Statutory Auditors on the aforesaid Financial Results. The Board at the said meeting also  (a) declared Interim Dividend of Rs. 6/- per Ordinary Share of Re. 1/- each for the financial year ending on 31st March, 2023; such Dividend will be paid between Friday, 3rd March, 2023 and Sunday, 5th March, 2023 to those Members entitled thereto.(b) fixed Wednesday, 15th February, 2023 as the Record Date for the purpose of Interim Dividend.","03-Feb-2023 17:11:05","2023-02-03 17:11:05","03-Feb-2023 17:11:08","00:00:03","https://nsearchives.nseindia.com/corporate/ITC_03022023171105_Results.pdf"
"ITC","ITC Limited","Financial Result Updates","ITC Limited has submitted to the Exchange, the financial results for the period ended December 31, 2022.","03-Feb-2023 17:09:22","2023-02-03 17:09:22","03-Feb-2023 17:09:27","00:00:05","https://nsearchives.nseindia.com/corporate/Results_03022023170922.pdf"
"ITC","ITC Limited","Loss of Share Certificates","ITC Limited has informed the Exchange about Loss of Share Certificates","03-Feb-2023 12:26:29","2023-02-03 12:26:29","03-Feb-2023 12:26:36","00:00:07","https://nsearchives.nseindia.com/corporate/ITC_03022023122629_NSE_LOSS_3RDFRB_SIGNED.pdf"
"ITC","ITC Limited","Updates","ITC Limited has informed the Exchange regarding 'Certificate under Reg 74(5) SEBI DP Regulations, 2018'.","02-Feb-2023 18:01:16","2023-02-02 18:01:16","02-Feb-2023 18:01:19","00:00:03","https://nsearchives.nseindia.com/corporate/ITC_02022023180116_MonthlydematrematJanuary2023.pdf"
"ITC","ITC Limited","Loss of Share Certificates","ITC Limited has informed the Exchange about Loss of Share Certificates","01-Feb-2023 18:36:56","2023-02-01 18:36:56","01-Feb-2023 18:36:58","00:00:02","https://nsearchives.nseindia.com/corporate/ITC_01022023183656_NSE_LOSS_01022023_SIGNED.pdf"
"ITC","ITC Limited","Resignation","ITC Limited has informed the Exchange regarding Resignation of Mr Navneet Doda  as Non- Executive Director of the company w.e.f. January 20, 2023.","20-Jan-2023 19:51:30","2023-01-20 19:51:30","20-Jan-2023 19:51:33","00:00:03","https://nsearchives.nseindia.com/corporate/ITC_20012023195130_SELetter.pdf"
"ITC","ITC Limited","Loss of Share Certificates","ITC Limited has informed the Exchange about Loss of Share Certificates","20-Jan-2023 17:37:51","2023-01-20 17:37:51","20-Jan-2023 17:37:55","00:00:04","https://nsearchives.nseindia.com/corporate/ITC_20012023173751_nse_loss_20012023_signed.pdf"
"ITC","ITC Limited","Loss of Share Certificates","ITC Limited has informed the Exchange about Loss of Share Certificates","20-Jan-2023 14:36:58","2023-01-20 14:36:58","20-Jan-2023 14:37:04","00:00:06","https://nsearchives.nseindia.com/corporate/ITC_20012023143658_NSEREISSUE200123_SIGNED.pdf"
"ITC","ITC Limited","ESOP/ESOS/ESPS","ITC Limited has informed the Exchange regarding Allotment of 1705960  Shares.","19-Jan-2023 15:16:41","2023-01-19 15:16:41","19-Jan-2023 15:16:50","00:00:09","https://nsearchives.nseindia.com/corporate/ITC_19012023151641_SEIntimation.pdf"
"ITC","ITC Limited","Loss of Share Certificates","ITC Limited has informed the Exchange about Loss of Share Certificates","18-Jan-2023 18:26:15","2023-01-18 18:26:15","18-Jan-2023 18:26:22","00:00:07","https://nsearchives.nseindia.com/corporate/ITC_18012023182615_nse_loss_18012023_SIGNED.pdf"
"ITC","ITC Limited","Acquisition","ITC Limited has informed the Exchange about Acquisition","17-Jan-2023 19:56:17","2023-01-17 19:56:17","17-Jan-2023 19:56:24","00:00:07","https://nsearchives.nseindia.com/corporate/ITC_17012023195617_SE.pdf"
"ITC","ITC Limited","Loss of Share Certificates","ITC Limited has informed the Exchange about Loss of Share Certificates","12-Jan-2023 17:55:53","2023-01-12 17:55:53","12-Jan-2023 17:55:57","00:00:04","https://nsearchives.nseindia.com/corporate/ITC_12012023175553_NSE_LOSS_12012023_SIGNED.pdf"
"ITC","ITC Limited","Updates","ITC Limited has informed the Exchange regarding 'Pursuant to the requirement prescribed under RTI Circular No. 1 (2000-2001) dated 9th May, 2001 of the Securities and Exchange Board of India, please find enclosed reports for the months of October, November and December 2022 in the prescribed format. '.","06-Jan-2023 17:46:35","2023-01-06 17:46:35","06-Jan-2023 17:46:40","00:00:05","https://nsearchives.nseindia.com/corporate/ITC_06012023174635_Dec_2022_Qtrly_signed.pdf"
"ITC","ITC Limited","Loss of Share Certificates","ITC Limited has informed the Exchange about Loss of Share Certificates","06-Jan-2023 17:33:34","2023-01-06 17:33:34","06-Jan-2023 17:33:38","00:00:04","https://nsearchives.nseindia.com/corporate/ITC_06012023173334_nsedup06012023_SIGNED.pdf"
"ITC","ITC Limited","Updates","ITC Limited has informed the Exchange regarding 'Certificate under Reg 74(5) SEBI DP Regulations, 2018'.","03-Jan-2023 17:13:00","2023-01-03 17:13:00","03-Jan-2023 17:13:03","00:00:03","https://nsearchives.nseindia.com/corporate/ITC_03012023171300_MonthlydematrematDecember2022.pdf"