"SYMBOL","COMPANY NAME","SUBJECT","DETAILS","BROADCAST DATE/TIME","RECEIPT","DISSEMINATION","DIFFERENCE","ATTACHMENT"
"TATASTEEL","Tata Steel Limited","Acquisition","Tata Steel Limited has informed the Exchange about Acquisition of equity stake in Tata BlueScope Steel Private Limited","31-Dec-2025 19:28:15","2025-12-31 19:28:15","31-Dec-2025 19:28:16","00:00:01","https://nsearchives.nseindia.com/corporate/NIDHIFADNAVIS_31122025192700_BSENSE_signed.pdf"
"TATASTEEL","Tata Steel Limited","Pendency of Litigation(s)/dispute(s) or the outcome impacting the Company","Tata Steel Limited has informed the Exchange about Pendency of Litigation(s)/dispute(s) or the outcome impacting the Company","28-Dec-2025 16:33:49","2025-12-28 16:33:49","28-Dec-2025 16:33:51","00:00:02","https://nsearchives.nseindia.com/corporate/NIDHIFADNAVIS_28122025162901_BSENSE.pdf"
"TATASTEEL","Tata Steel Limited","Pendency of Litigation(s)/dispute(s) or the outcome impacting the Company","Tata Steel Limited has informed the Exchange about Pendency of Litigation(s)/dispute(s) or the outcome impacting the Company","25-Dec-2025 23:02:05","2025-12-25 23:02:05","25-Dec-2025 23:02:06","00:00:01","https://nsearchives.nseindia.com/corporate/SAKSHIKAPUR_25122025230148_TataSteel.pdf"
"TATASTEEL","Tata Steel Limited","Credit Rating","Tata Steel Limited has informed the Exchange about Credit Rating","24-Dec-2025 17:27:26","2025-12-24 17:27:26","24-Dec-2025 17:27:27","00:00:01","https://nsearchives.nseindia.com/corporate/NIDHIFADNAVIS_24122025172630_BSENSE.pdf"
"TATASTEEL","Tata Steel Limited","Trading Window","Tata Steel Limited has informed the Exchange regarding the Trading Window closure pursuant to SEBI (Prohibition of Insider Trading) Regulations, 2015","23-Dec-2025 19:20:48","2025-12-23 19:20:48","23-Dec-2025 19:20:49","00:00:01","https://nsearchives.nseindia.com/corporate/SWATISHETH_23122025191800_BSENSETWC.pdf"
"TATASTEEL","Tata Steel Limited","Pendency of Litigation(s)/dispute(s) or the outcome impacting the Company","Tata Steel Limited has informed the Exchange about Pendency of Litigation(s)/dispute(s) or the outcome impacting the Company","23-Dec-2025 17:37:25","2025-12-23 17:37:25","23-Dec-2025 17:37:25","00:00:00","https://nsearchives.nseindia.com/corporate/SWATISHETH_23122025173502_BSENSE.pdf"
"TATASTEEL","Tata Steel Limited","Pendency of Litigation(s)/dispute(s) or the outcome impacting the Company","Tata Steel Limited has informed the Exchange about Pendency of Litigation(s)/dispute(s) or the outcome impacting the Company","22-Dec-2025 23:34:21","2025-12-22 23:34:21","22-Dec-2025 23:34:22","00:00:01","https://nsearchives.nseindia.com/corporate/SWATISHETH_22122025233326_BSENSE.pdf"
"TATASTEEL","Tata Steel Limited","Pendency of Litigation(s)/dispute(s) or the outcome impacting the Company","Tata Steel Limited has informed the Exchange about Pendency of Litigation(s)/dispute(s) or the outcome impacting the Company","19-Dec-2025 19:07:49","2025-12-19 19:07:49","19-Dec-2025 19:07:50","00:00:01","https://nsearchives.nseindia.com/corporate/SAKSHIKAPUR_19122025190631_BSENSE.pdf"
"TATASTEEL","Tata Steel Limited","Acquisition","Tata Steel Limited has informed the Exchange about Acquisition of equity stake in T Steel Holdings Pte. Ltd","19-Dec-2025 17:55:14","2025-12-19 17:55:14","19-Dec-2025 17:55:15","00:00:01","https://nsearchives.nseindia.com/corporate/SWATISHETH_19122025175016_BSENSE.pdf"
"TATASTEEL","Tata Steel Limited","Pendency of Litigation(s)/dispute(s) or the outcome impacting the Company","Tata Steel Limited has informed the Exchange about Pendency of Litigation(s)/dispute(s) or the outcome impacting the Company","12-Dec-2025 21:33:33","2025-12-12 21:33:33","12-Dec-2025 21:33:34","00:00:01","https://nsearchives.nseindia.com/corporate/SWATISHETH_12122025213252_BSENSE.pdf"
"TATASTEEL","Tata Steel Limited","Analysts/Institutional Investor Meet/Con. Call Updates","Tata Steel Limited has informed the Exchange about Schedule of meet","12-Dec-2025 19:49:30","2025-12-12 19:49:30","12-Dec-2025 19:49:31","00:00:01","https://nsearchives.nseindia.com/corporate/SWATISHETH_12122025194709_BSENSE_signed.pdf"
"TATASTEEL","Tata Steel Limited","News Verification","The Exchange has sought clarification from Tata Steel Limited with respect to recent news item captioned Tata Steel acquires majority stake in Thriveni Pellets to boost raw material supply chain.  The response from the Company is attached.","11-Dec-2025 13:35:33","2025-12-11 13:35:33","11-Dec-2025 13:35:34","00:00:01","https://nsearchives.nseindia.com/corporate/SWATISHETH_11122025133434_NSE_signed.pdf"
"TATASTEEL","Tata Steel Limited","Press Release","Tata Steel Limited has informed the Exchange regarding a press release dated December 10, 2025","10-Dec-2025 19:09:56","2025-12-10 19:09:56","10-Dec-2025 19:09:56","00:00:00","https://nsearchives.nseindia.com/corporate/SWATISHETH_10122025190919_Combined_Outcome.pdf"
"TATASTEEL","Tata Steel Limited","Analysts/Institutional Investor Meet/Con. Call Updates","Tata Steel Limited has informed the Exchange about Schedule of meet","10-Dec-2025 19:06:05","2025-12-10 19:06:05","10-Dec-2025 19:06:07","00:00:02","https://nsearchives.nseindia.com/corporate/SWATISHETH_10122025190410_Combined_Outcome.pdf"
"TATASTEEL","Tata Steel Limited","Acquisition","Acquisition of 50.01% equity stake in Thriveni Pellets Private Limited from Thriveni Earthmovers Private Limited by Tata Steel Limited","10-Dec-2025 18:46:50","2025-12-10 18:46:50","10-Dec-2025 18:46:52","00:00:02","https://nsearchives.nseindia.com/corporate/SWATISHETH_10122025184211_Combined_Outcome.pdf"
"TATASTEEL","Tata Steel Limited","News Verification","The Exchange has sought clarification from Tata Steel Limited with respect to recent news item captioned Tata Steel acquires majority stake in Thriveni Pellets to boost raw material supply chain.  The response from the Company is awaited.","10-Dec-2025 17:57:27","2025-12-10 17:57:27","10-Dec-2025 17:57:28","00:00:01","-"
"TATASTEEL","Tata Steel Limited","Analysts/Institutional Investor Meet/Con. Call Updates","Tata Steel Limited has informed the Exchange about Schedule of meet","08-Dec-2025 22:08:40","2025-12-08 22:08:40","08-Dec-2025 22:08:41","00:00:01","https://nsearchives.nseindia.com/corporate/SWATISHETH_08122025220503_BSENSE.pdf"
"TATASTEEL","Tata Steel Limited","Pendency of Litigation(s)/dispute(s) or the outcome impacting the Company","Tata Steel Limited has informed the Exchange about Pendency of Litigation(s)/dispute(s) or the outcome impacting the Company","04-Dec-2025 20:41:32","2025-12-04 20:41:32","04-Dec-2025 20:41:33","00:00:01","https://nsearchives.nseindia.com/corporate/SWATISHETH_04122025203752_Reg_30_disclosure_-_Sukinda_Signed.pdf"
"TATASTEEL","Tata Steel Limited","Copy of Newspaper Publication","Tata Steel Limited has informed the Exchange about Copy of Newspaper Publication","28-Nov-2025 17:43:55","2025-11-28 17:43:55","28-Nov-2025 17:43:55","00:00:00","https://nsearchives.nseindia.com/corporate/SWATISHETH_28112025174341_CombinedBSENSE_signed.pdf"
"TATASTEEL","Tata Steel Limited","Pendency of Litigation(s)/dispute(s) or the outcome impacting the Company","Tata Steel Limited has informed the Exchange about Material Litigation","26-Nov-2025 12:17:08","2025-11-26 12:17:08","26-Nov-2025 12:17:09","00:00:01","https://nsearchives.nseindia.com/corporate/SWATISHETH_26112025120244_BSENSE.pdf"
"TATASTEEL","Tata Steel Limited","Pendency of Litigation(s)/dispute(s) or the outcome impacting the Company","Tata Steel Limited has informed the Exchange about Pendency of Litigation(s)/dispute(s) or the outcome impacting the Company","22-Nov-2025 17:53:42","2025-11-22 17:53:42","22-Nov-2025 17:53:43","00:00:01","https://nsearchives.nseindia.com/corporate/SWATISHETH_22112025175138_BSENSE_signed.pdf"
"TATASTEEL","Tata Steel Limited","Analysts/Institutional Investor Meet/Con. Call Updates","Tata Steel Limited has informed the Exchange about Transcript of Tata Steel Q2FY2026 Earnings Discussion","19-Nov-2025 19:54:22","2025-11-19 19:54:22","19-Nov-2025 19:54:23","00:00:01","https://nsearchives.nseindia.com/corporate/SWATISHETH_19112025195338_BSENSE.pdf"
"TATASTEEL","Tata Steel Limited","Analysts/Institutional Investor Meet/Con. Call Updates","Tata Steel Limited has informed the Exchange about Schedule of meet","17-Nov-2025 19:04:55","2025-11-17 19:04:55","17-Nov-2025 19:04:56","00:00:01","https://nsearchives.nseindia.com/corporate/SWATISHETH_17112025190354_BSENSE.pdf"
"TATASTEEL","Tata Steel Limited","Acquisition","Tata Steel Limited has informed the Exchange about Acquisition","14-Nov-2025 22:30:55","2025-11-14 22:30:55","14-Nov-2025 22:30:56","00:00:01","https://nsearchives.nseindia.com/corporate/SAKSHIKAPUR_14112025222958_Reg_30_Disclosure.pdf"
"TATASTEEL","Tata Steel Limited","Copy of Newspaper Publication","Tata Steel Limited has informed the Exchange about Copy of Newspaper Publication","14-Nov-2025 19:56:59","2025-11-14 19:56:59","14-Nov-2025 19:56:59","00:00:00","https://nsearchives.nseindia.com/corporate/SWATISHETH_14112025195556_BSENSE.pdf"
"TATASTEEL","Tata Steel Limited","Copy of Newspaper Publication","Tata Steel Limited has informed the Exchange about Copy of Newspaper Publication","14-Nov-2025 15:06:37","2025-11-14 15:06:37","14-Nov-2025 15:06:38","00:00:01","https://nsearchives.nseindia.com/corporate/SWATISHETH_14112025150107_BSENSECombined.pdf"
"TATASTEEL","Tata Steel Limited","Analysts/Institutional Investor Meet/Con. Call Updates","Tata Steel Limited has informed the Exchange about Link of Recording","14-Nov-2025 09:41:44","2025-11-14 09:41:44","14-Nov-2025 09:41:45","00:00:01","https://nsearchives.nseindia.com/corporate/SAKSHIKAPUR_14112025093830_BSENSE.pdf"
"TATASTEEL","Tata Steel Limited","Analysts/Institutional Investor Meet/Con. Call Updates","Tata Steel Limited has informed the Exchange about Link of Recording","14-Nov-2025 09:30:43","2025-11-14 09:30:43","14-Nov-2025 09:30:44","00:00:01","https://nsearchives.nseindia.com/corporate/SAKSHIKAPUR_14112025092802_nsebse.pdf"
"TATASTEEL","Tata Steel Limited","Analysts/Institutional Investor Meet/Con. Call Updates","Tata Steel Limited has informed the Exchange about Schedule of analyst meet","13-Nov-2025 18:11:02","2025-11-13 18:11:02","13-Nov-2025 18:11:03","00:00:01","https://nsearchives.nseindia.com/corporate/SWATISHETH_13112025180750_BSENSE_signed.pdf"
"TATASTEEL","Tata Steel Limited","General Updates","Tata Steel Limited has informed the Exchange about General Updates","12-Nov-2025 18:36:36","2025-11-12 18:36:36","12-Nov-2025 18:36:38","00:00:02","https://nsearchives.nseindia.com/corporate/SWATISHETH_12112025183542_BSENSE.pdf"
"TATASTEEL","Tata Steel Limited","Acquisition","Tata Steel Limited has informed the Exchange about Acquisition","12-Nov-2025 18:26:38","2025-11-12 18:26:38","12-Nov-2025 18:26:39","00:00:01","https://nsearchives.nseindia.com/corporate/SWATISHETH_12112025182548_BSENSE.pdf"
"TATASTEEL","Tata Steel Limited","Investor Presentation","Tata Steel Limited has informed the Exchange about Investor Presentation","12-Nov-2025 18:21:38","2025-11-12 18:21:38","12-Nov-2025 18:21:40","00:00:02","https://nsearchives.nseindia.com/corporate/SWATISHETH_12112025182039_BSENSE_-_Investor_Presentation.pdf"
"TATASTEEL","Tata Steel Limited","Press Release","Tata Steel Limited has informed the Exchange regarding a press release dated November 12, 2025, titled ""Press Release"".","12-Nov-2025 18:12:45","2025-11-12 18:12:45","12-Nov-2025 18:12:46","00:00:01","https://nsearchives.nseindia.com/corporate/SWATISHETH_12112025181159_BSENSE_-_Press_Release.pdf"
"TATASTEEL","Tata Steel Limited","Outcome of Board Meeting","Tata Steel Limited has submitted to the Exchange, the financial results for the period ended September 30, 2025.","12-Nov-2025 18:01:54","2025-11-12 18:01:54","12-Nov-2025 18:01:55","00:00:01","https://nsearchives.nseindia.com/corporate/SWATISHETH_12112025175712_BSENSE.pdf"
"TATASTEEL","Tata Steel Limited","Analysts/Institutional Investor Meet/Con. Call Updates","Tata Steel Limited has informed the Exchange about Schedule of meet","07-Nov-2025 17:41:08","2025-11-07 17:41:08","07-Nov-2025 17:41:09","00:00:01","https://nsearchives.nseindia.com/corporate/SWATISHETH_07112025173109_BSENSECombined.pdf"
"TATASTEEL","Tata Steel Limited","Press Release","Tata Steel Limited has informed the Exchange regarding a press release dated November 04, 2025, titled ""Tata Steel Limited signs an Asset Transfer Agreement with Indian Metals & Ferro Alloys Ltd. (IMFA) for the sale of its Ferro Alloy Plant at Jajpur, Odisha"".","04-Nov-2025 18:03:05","2025-11-04 18:03:05","04-Nov-2025 18:03:06","00:00:01","https://nsearchives.nseindia.com/corporate/SWATISHETH_04112025180219_BSENSE.pdf"
"TATASTEEL","Tata Steel Limited","Pendency of Litigation(s)/dispute(s) or the outcome impacting the Company","Tata Steel Limited has informed the Exchange about Pendency of Litigation(s)/dispute(s) or the outcome impacting the Company","29-Oct-2025 20:10:03","2025-10-29 20:10:03","29-Oct-2025 20:10:04","00:00:01","https://nsearchives.nseindia.com/corporate/SWATISHETH_29102025200336_BSENSE_Signed.pdf"
"TATASTEEL","Tata Steel Limited","Acquisition","Tata Steel Limited has informed the Exchange about Acquisition","29-Oct-2025 17:45:59","2025-10-29 17:45:59","29-Oct-2025 17:46:00","00:00:01","https://nsearchives.nseindia.com/corporate/SWATISHETH_29102025174516_BSENSE_Signed.pdf"
"TATASTEEL","Tata Steel Limited","Disclosure of material issue","Tata Steel Limited has informed regarding Disclosure of material issue","13-Oct-2025 19:12:17","2025-10-13 19:12:17","13-Oct-2025 19:12:18","00:00:01","https://nsearchives.nseindia.com/corporate/SWATISHETH_13102025190619_NSEBSE.pdf"
"TATASTEEL","Tata Steel Limited","Certificate under SEBI (Depositories and Participants) Regulations, 2018","Tata Steel Limited has informed the Exchange about Certificate under Regulation 74(5) of the SEBI (Depositories and Participants) Regulations, 2018 for the quarter ended September 30, 2025","09-Oct-2025 13:43:01","2025-10-09 13:43:01","09-Oct-2025 13:43:02","00:00:01","https://nsearchives.nseindia.com/corporate/SWATISHETH_09102025134229_BSENSE_Signed.pdf"
"TATASTEEL","Tata Steel Limited","Press Release","Tata Steel Limited has informed the Exchange regarding a press release dated October 09, 2025, titled ""Tata Steel: 2QFY2026 Production andDelivery Volumes (Provisional)"".","09-Oct-2025 11:39:16","2025-10-09 11:39:16","09-Oct-2025 11:39:17","00:00:01","https://nsearchives.nseindia.com/corporate/SWATISHETH_09102025113719_BSENSE_Signed.pdf"
"TATASTEEL","Tata Steel Limited","General Updates","Tata Steel Limited has informed the Exchange about General Updates","04-Oct-2025 19:31:27","2025-10-04 19:31:27","04-Oct-2025 19:31:28","00:00:01","https://nsearchives.nseindia.com/corporate/SAKSHIKAPUR_04102025193102_BSENSE.pdf"
"TATASTEEL","Tata Steel Limited","Updates","Tata Steel Limited has informed the Exchange regarding 'Update in contact details of Registrar and Transfer Agent of Tata Steel Limited'.","30-Sep-2025 22:05:33","2025-09-30 22:05:33","30-Sep-2025 22:05:34","00:00:01","https://nsearchives.nseindia.com/corporate/SWATISHETH_30092025220321_BSENSE.pdf"
"TATASTEEL","Tata Steel Limited","Credit Rating","Tata Steel Limited has informed the Exchange about Credit Rating","30-Sep-2025 18:14:37","2025-09-30 18:14:37","30-Sep-2025 18:14:38","00:00:01","https://nsearchives.nseindia.com/corporate/SWATISHETH_30092025181104_BSENSE.pdf"
"TATASTEEL","Tata Steel Limited","Copy of Newspaper Publication","Tata Steel Limited has informed the Exchange about Copy of Newspaper Publication","30-Sep-2025 16:46:14","2025-09-30 16:46:14","30-Sep-2025 16:46:14","00:00:00","https://nsearchives.nseindia.com/corporate/SWATISHETH_30092025164303_BSENSE.pdf"
"TATASTEEL","Tata Steel Limited","Press Release","Tata Steel Limited has informed the Exchange regarding a press release dated September 29, 2025, titled ""Tata Steel signs the non-binding Joint Letter of Intent with the Government of the Netherlands and the Province of North-Holland on Integrated Decarbonisation and Health measures Project"".","29-Sep-2025 21:19:53","2025-09-29 21:19:53","29-Sep-2025 21:19:54","00:00:01","https://nsearchives.nseindia.com/corporate/SAKSHIKAPUR_29092025211924_NSEBSEPR.pdf"
"TATASTEEL","Tata Steel Limited","Acquisition","Tata Steel Limited has informed the Exchange about Acquisition","24-Sep-2025 18:23:10","2025-09-24 18:23:10","24-Sep-2025 18:23:12","00:00:02","https://nsearchives.nseindia.com/corporate/SWATISHETH_24092025181525_BSENSE.pdf"
"TATASTEEL","Tata Steel Limited","Trading Window","Tata Steel Limited has informed the Exchange regarding the Trading Window closure pursuant to SEBI (Prohibition of Insider Trading) Regulations, 2015","22-Sep-2025 20:19:04","2025-09-22 20:19:04","22-Sep-2025 20:19:05","00:00:01","https://nsearchives.nseindia.com/corporate/SWATISHETH_22092025201706_BSENSE_Signed.pdf"
"TATASTEEL","Tata Steel Limited","Analysts/Institutional Investor Meet/Con. Call Updates","Tata Steel Limited has informed the Exchange about Schedule of meet","18-Sep-2025 17:51:31","2025-09-18 17:51:31","18-Sep-2025 17:51:32","00:00:01","https://nsearchives.nseindia.com/corporate/MELISAALVA_18092025175033_BSENSE_signed.pdf"
"TATASTEEL","Tata Steel Limited","Change in Management","Tata Steel Limited has informed the Exchange about change in Management","18-Sep-2025 13:08:13","2025-09-18 13:08:13","18-Sep-2025 13:08:13","00:00:00","https://nsearchives.nseindia.com/corporate/MELISAALVA_18092025130542_BSENSE_Signed.pdf"
"TATASTEEL","Tata Steel Limited","Copy of Newspaper Publication","Tata Steel Limited has informed the Exchange about Copy of Newspaper Publication","12-Sep-2025 17:23:29","2025-09-12 17:23:29","12-Sep-2025 17:23:30","00:00:01","https://nsearchives.nseindia.com/corporate/SAKSHIKAPUR_12092025172258_BSENSE_Signed.pdf"
"TATASTEEL","Tata Steel Limited","Pendency of Litigation(s)/dispute(s) or the outcome impacting the Company","Tata Steel Limited has informed the Exchange about Pendency of Litigation(s)/dispute(s) or the outcome impacting the Company","05-Sep-2025 18:48:18","2025-09-05 18:48:18","05-Sep-2025 18:48:19","00:00:01","https://nsearchives.nseindia.com/corporate/SWATISHETH_05092025184214_NSEBSE.pdf"
"TATASTEEL","Tata Steel Limited","Analysts/Institutional Investor Meet/Con. Call Updates","Tata Steel Limited has informed the Exchange about Schedule of meet","28-Aug-2025 19:22:31","2025-08-28 19:22:31","28-Aug-2025 19:22:31","00:00:00","https://nsearchives.nseindia.com/corporate/SWATISHETH_28082025192155_Analyst_meet_-_Sep_2_and_Sep_4_2025.pdf"
"TATASTEEL","Tata Steel Limited","Analysts/Institutional Investor Meet/Con. Call Updates","Tata Steel Limited has informed the Exchange about Schedule of meet","28-Aug-2025 19:22:31","2025-08-28 19:22:31","28-Aug-2025 19:22:31","00:00:00","https://nsearchives.nseindia.com/corporate/SWATISHETH_28082025192106_Analyst_meet_-_Sep_2_and_Sep_4_2025.pdf"
"TATASTEEL","Tata Steel Limited","Analysts/Institutional Investor Meet/Con. Call Updates","Tata Steel Limited has informed the Exchange about Schedule of meet","28-Aug-2025 19:22:31","2025-08-28 19:22:31","28-Aug-2025 19:22:31","00:00:00","https://nsearchives.nseindia.com/corporate/SWATISHETH_28082025192036_Analyst_meet_-_Sep_2_and_Sep_4_2025.pdf"
"TATASTEEL","Tata Steel Limited","Acquisition","Tata Steel Limited has informed the Exchange about Acquisition of equity stake in T Steel Holdings Pte. Ltd","26-Aug-2025 22:01:50","2025-08-26 22:01:50","26-Aug-2025 22:01:51","00:00:01","https://nsearchives.nseindia.com/corporate/SWATISHETH_26082025220030_BSENSE.pdf"
"TATASTEEL","Tata Steel Limited","Pendency of Litigation(s)/dispute(s) or the outcome impacting the Company","Tata Steel Limited has informed the Exchange about Pendency of Litigation(s)/dispute(s) or the outcome impacting the Company","19-Aug-2025 19:00:27","2025-08-19 19:00:27","19-Aug-2025 19:00:28","00:00:01","https://nsearchives.nseindia.com/corporate/SWATISHETH_19082025185113_BSENSE.pdf"
"TATASTEEL","Tata Steel Limited","Diversification/Disinvestment","Divestment of entire stake held in Ceramat Private Limited by Tata SteelAdvanced Materials Limited, a wholly owned subsidiary of Tata Steel Limited","18-Aug-2025 20:06:34","2025-08-18 20:06:34","18-Aug-2025 20:06:35","00:00:01","https://nsearchives.nseindia.com/corporate/SAKSHIKAPUR_18082025194903_NSEBSE.pdf"
"TATASTEEL","Tata Steel Limited","Pendency of Litigation(s)/dispute(s) or the outcome impacting the Company","Tata Steel Limited has informed the Exchange about Pendency of Litigation(s)/dispute(s) or the outcome impacting the Company","17-Aug-2025 18:21:56","2025-08-17 18:21:56","17-Aug-2025 18:21:58","00:00:02","https://nsearchives.nseindia.com/corporate/SWATISHETH_17082025182133_BSENSE.pdf"
"TATASTEEL","Tata Steel Limited","General Updates","Tata Steel Limited has informed the Exchange about Disclosure under Regulation 30 of the SEBI (Listing Obligations and Disclosure Requirements) Regulations, 2015 - ESG Rating","12-Aug-2025 22:56:45","2025-08-12 22:56:45","12-Aug-2025 22:56:46","00:00:01","https://nsearchives.nseindia.com/corporate/SWATISHETH_12082025225605_BSENSE_ESG_Credit_Rating_signed.pdf"
"TATASTEEL","Tata Steel Limited","Pendency of Litigation(s)/dispute(s) or the outcome impacting the Company","Tata Steel Limited has informed the Exchange about Pendency of Litigation(s)/dispute(s) or the outcome impacting the Company","08-Aug-2025 19:04:17","2025-08-08 19:04:17","08-Aug-2025 19:04:18","00:00:01","https://nsearchives.nseindia.com/corporate/SAKSHIKAPUR_08082025190339_bsense.pdf"
"TATASTEEL","Tata Steel Limited","Analysts/Institutional Investor Meet/Con. Call Updates","Tata Steel Limited has informed the Exchange about Schedule of meet","07-Aug-2025 15:36:23","2025-08-07 15:36:23","07-Aug-2025 15:36:24","00:00:01","https://nsearchives.nseindia.com/corporate/SWATISHETH_07082025153559_BSENSE.pdf"
"TATASTEEL","Tata Steel Limited","Analysts/Institutional Investor Meet/Con. Call Updates","Tata Steel Limited has informed the Exchange about Transcript","06-Aug-2025 18:04:11","2025-08-06 18:04:11","06-Aug-2025 18:04:12","00:00:01","https://nsearchives.nseindia.com/corporate/SAKSHIKAPUR_06082025180333_BSENSE_signed.pdf"
"TATASTEEL","Tata Steel Limited","Acquisition","Tata Steel Limited has informed the Exchange about Acquisition of equity stake in TSN Wires Company Limited","06-Aug-2025 16:39:58","2025-08-06 16:39:58","06-Aug-2025 16:40:00","00:00:02","https://nsearchives.nseindia.com/corporate/SAKSHIKAPUR_06082025163854_BSENSE_signed.pdf"
"TATASTEEL","Tata Steel Limited","Copy of Newspaper Publication","Tata Steel Limited has informed the Exchange about Copy of Newspaper Publication","01-Aug-2025 17:05:28","2025-08-01 17:05:28","01-Aug-2025 17:05:29","00:00:01","https://nsearchives.nseindia.com/corporate/SAKSHIKAPUR_01082025170420_BSENSE_signed.pdf"
"TATASTEEL","Tata Steel Limited","Analysts/Institutional Investor Meet/Con. Call Updates","Tata Steel Limited has informed the Exchange about Link of Recording","31-Jul-2025 22:17:55","2025-07-31 22:17:55","31-Jul-2025 22:17:56","00:00:01","https://nsearchives.nseindia.com/corporate/SAKSHIKAPUR_31072025221701_BSENSE_signed.pdf"
"TATASTEEL","Tata Steel Limited","Acquisition","Tata Steel Limited has informed the Exchange about Acquisition of equity stake in TSN Wires Company Limited","31-Jul-2025 18:11:40","2025-07-31 18:11:40","31-Jul-2025 18:11:41","00:00:01","https://nsearchives.nseindia.com/corporate/SAKSHIKAPUR_31072025181102_BSENSE_Signed.pdf"
"TATASTEEL","Tata Steel Limited","Investor Presentation","Tata Steel Limited has informed the Exchange about Investor Presentation","30-Jul-2025 19:08:44","2025-07-30 19:08:44","30-Jul-2025 19:08:45","00:00:01","https://nsearchives.nseindia.com/corporate/SAKSHIKAPUR_30072025190656_IRnsebse.pdf"
"TATASTEEL","Tata Steel Limited","Acquisition","Tata Steel Limited has informed the Exchange about Acquisition","30-Jul-2025 18:12:48","2025-07-30 18:12:48","30-Jul-2025 18:12:50","00:00:02","https://nsearchives.nseindia.com/corporate/SWATISHETH_30072025181224_BSENSE30072025.pdf"
"TATASTEEL","Tata Steel Limited","Press Release","Tata Steel Limited has informed the Exchange regarding a press release dated July 30, 2025, titled ""Tata Steel reports Consolidated EBITDA of Rs 7,480 crores for the quarter ended June 30, 2025"".","30-Jul-2025 18:11:06","2025-07-30 18:11:06","30-Jul-2025 18:11:07","00:00:01","https://nsearchives.nseindia.com/corporate/SAKSHIKAPUR_30072025181022_NSEBSEPR.pdf"
"TATASTEEL","Tata Steel Limited","Outcome of Board Meeting","Tata Steel Limited has submitted to the Exchange, the financial results for the period ended Jun 30, 2025.","30-Jul-2025 17:59:07","2025-07-30 17:59:07","30-Jul-2025 17:59:10","00:00:03","https://nsearchives.nseindia.com/corporate/SWATISHETH_30072025175716_BSENSE30072025.pdf"
"TATASTEEL","Tata Steel Limited","Copy of Newspaper Publication","Tata Steel Limited has informed the Exchange about Copy of Newspaper Publication","28-Jul-2025 18:39:45","2025-07-28 18:39:45","28-Jul-2025 18:39:45","00:00:00","https://nsearchives.nseindia.com/corporate/POOJAMARU_28072025183930_BSENSE.pdf"
"TATASTEEL","Tata Steel Limited","Analysts/Institutional Investor Meet/Con. Call Updates","Tata Steel Limited has informed the Exchange about Schedule of meet","25-Jul-2025 19:14:10","2025-07-25 19:14:10","25-Jul-2025 19:14:12","00:00:02","https://nsearchives.nseindia.com/corporate/SAKSHIKAPUR_25072025191309_BSENSE_Signed.pdf"
"TATASTEEL","Tata Steel Limited","General Updates","Tata Steel Limited has informed the Exchange about Completion of acquisition of 100% stake in Neelachal Ispat Nigam Limited","24-Jul-2025 21:06:08","2025-07-24 21:06:08","24-Jul-2025 21:06:09","00:00:01","https://nsearchives.nseindia.com/corporate/SAKSHIKAPUR_24072025210541_BSENSE_signed.pdf"
"TATASTEEL","Tata Steel Limited","Credit Rating","Tata Steel Limited has informed the Exchange about Credit Rating","23-Jul-2025 11:51:52","2025-07-23 11:51:52","23-Jul-2025 11:51:53","00:00:01","https://nsearchives.nseindia.com/corporate/SAKSHIKAPUR_23072025115026_BSENSE_Signed.pdf"
"TATASTEEL","Tata Steel Limited","Press Release","Tata Steel Limited has informed the Exchange regarding a press release dated July 14, 2025, titled ""Tata Group Chairman N. Chandrasekaran marks groundbreaking of new Electric Arc Furnace at Port Talbot"".","14-Jul-2025 09:01:24","2025-07-14 09:01:24","14-Jul-2025 09:01:25","00:00:01","https://nsearchives.nseindia.com/corporate/SAKSHIKAPUR_14072025090058_BSENSE_Signed_July14.pdf"
"TATASTEEL","Tata Steel Limited","Acquisition","Tata Steel Limited has informed the Exchange about Acquisition","10-Jul-2025 21:38:23","2025-07-10 21:38:23","10-Jul-2025 21:38:24","00:00:01","https://nsearchives.nseindia.com/corporate/POOJAMARU_10072025213021_BSENSE_signed.pdf"
"TATASTEEL","Tata Steel Limited","Press Release","Tata Steel Limited has informed the Exchange regarding a press release dated July 08, 2025, titled ""Tata Steel: 1QFY2026 Production and Delivery Volumes (Provisional)"".","08-Jul-2025 17:29:41","2025-07-08 17:29:41","08-Jul-2025 17:29:42","00:00:01","https://nsearchives.nseindia.com/corporate/SAKSHIKAPUR_08072025172921_BSENSECombined_signed.pdf"
"TATASTEEL","Tata Steel Limited","Certificate under SEBI (Depositories and Participants) Regulations, 2018","Tata Steel Limited has informed the Exchange about Certificate under Regulation 74(5) of the SEBI (Depositories and Participants) Regulations, 2018 for the quarter ended June 30, 2025","08-Jul-2025 17:08:00","2025-07-08 17:08:00","08-Jul-2025 17:08:01","00:00:01","https://nsearchives.nseindia.com/corporate/SAKSHIKAPUR_08072025170647_BSENSE.pdf"
"TATASTEEL","Tata Steel Limited","General Updates","Tata Steel Limited has informed the Exchange about Disclosure under Regulation 30 of the Securities and Exchange Board of India (Listing Obligations and Disclosure Requirements) Regulations, 2015","04-Jul-2025 17:02:32","2025-07-04 17:02:32","04-Jul-2025 17:02:33","00:00:01","https://nsearchives.nseindia.com/corporate/SAKSHIKAPUR_04072025170157_TSLBSENSE_signed.pdf"
"TATASTEEL","Tata Steel Limited","Updates","Tata Steel Limited has informed the Exchange regarding 'Voting Results, Summary of the Proceedings and Scrutinizer s Report of the 118th Annual General Meeting of Tata Steel Limited'.","02-Jul-2025 23:17:11","2025-07-02 23:17:11","02-Jul-2025 23:17:12","00:00:01","https://nsearchives.nseindia.com/corporate/SAKSHIKAPUR_02072025231301_BSENSE_Combined_signed.pdf"
"TATASTEEL","Tata Steel Limited","Shareholders meeting","Tata Steel Limited has informed the Exchange regarding Proceedings of Annual General Meeting held on July 02, 2025. Further, the company has submitted the Exchange a copy of Srutinizers report along with voting results.","02-Jul-2025 23:09:49","2025-07-02 23:09:49","02-Jul-2025 23:09:51","00:00:02","https://nsearchives.nseindia.com/corporate/SAKSHIKAPUR_02072025225932_BSENSE_Combined_signed.pdf"
"TATASTEEL","Tata Steel Limited","Investor Presentation","Tata Steel Limited has informed the Exchange about Investor Presentation","02-Jul-2025 14:36:42","2025-07-02 14:36:42","02-Jul-2025 14:36:42","00:00:00","https://nsearchives.nseindia.com/corporate/SAKSHIKAPUR_02072025143204_Tata_Steel_-_Announcement.pdf"
"TATASTEEL","Tata Steel Limited","Pendency of Litigation(s)/dispute(s) or the outcome impacting the Company","Tata Steel Limited has informed the Exchange about Pendency of Litigation(s)/dispute(s) or the outcome impacting the Company","29-Jun-2025 11:42:45","2025-06-29 11:42:45","29-Jun-2025 11:42:45","00:00:00","https://nsearchives.nseindia.com/corporate/SAKSHIKAPUR_29062025113743_BSENSE.pdf"
"TATASTEEL","Tata Steel Limited","Acquisition","Tata Steel Limited has informed the Exchange about Acquisition","25-Jun-2025 21:36:12","2025-06-25 21:36:12","25-Jun-2025 21:36:13","00:00:01","https://nsearchives.nseindia.com/corporate/SAKSHIKAPUR_25062025213545_BSENSE.pdf"
"TATASTEEL","Tata Steel Limited","Pendency of Litigation(s)/dispute(s) or the outcome impacting the Company","Tata Steel Limited has informed the Exchange about Pendency of Litigation(s)/dispute(s) or the outcome impacting the Company","25-Jun-2025 18:50:59","2025-06-25 18:50:59","25-Jun-2025 18:51:00","00:00:01","https://nsearchives.nseindia.com/corporate/POOJAMARU_25062025184230_BSENSE.pdf"
"TATASTEEL","Tata Steel Limited","Pendency of Litigation(s)/dispute(s) or the outcome impacting the Company","Tata Steel Limited has informed the Exchange about Pendency of Litigation(s)/dispute(s) or the outcome impacting the Company","21-Jun-2025 21:07:12","2025-06-21 21:07:12","21-Jun-2025 21:07:13","00:00:01","https://nsearchives.nseindia.com/corporate/SAKSHIKAPUR_21062025210635_BSENSE-Reg30_signed.pdf"
"TATASTEEL","Tata Steel Limited","Trading Window","Tata Steel Limited has informed the Exchange regarding the Trading Window closure pursuant to SEBI (Prohibition of Insider Trading) Regulations, 2015","20-Jun-2025 19:59:42","2025-06-20 19:59:42","20-Jun-2025 19:59:43","00:00:01","https://nsearchives.nseindia.com/corporate/SAKSHIKAPUR_20062025195326_BSENSE_signed.pdf"
"TATASTEEL","Tata Steel Limited","General Updates","Tata Steel Limited has informed the Exchange about Intimation to the holders of physical shares to furnish KYC details","10-Jun-2025 22:37:10","2025-06-10 22:37:10","10-Jun-2025 22:37:11","00:00:01","https://nsearchives.nseindia.com/corporate/SAKSHIKAPUR_10062025223642_NSEBSE_KYC_reminder.pdf"
"TATASTEEL","Tata Steel Limited","Copy of Newspaper Publication","Tata Steel Limited has informed the Exchange about Copy of Newspaper Publication","10-Jun-2025 16:04:17","2025-06-10 16:04:17","10-Jun-2025 16:04:19","00:00:02","https://nsearchives.nseindia.com/corporate/SAKSHIKAPUR_10062025155227_BSENSECombined.pdf"
"TATASTEEL","Tata Steel Limited","General Updates","Tata Steel Limited - Business Responsibility and Sustainability Report for FY2024-25","06-Jun-2025 20:11:35","2025-06-06 20:11:35","06-Jun-2025 20:11:36","00:00:01","https://nsearchives.nseindia.com/corporate/SAKSHIKAPUR_06062025200842_TSLBRSRFY2025.pdf"
"TATASTEEL","Tata Steel Limited","Shareholders meeting","Tata Steel Limited has informed the Exchange regarding Notice of Annual General Meeting to be held on July 02, 2025","06-Jun-2025 20:05:28","2025-06-06 20:05:28","06-Jun-2025 20:05:29","00:00:01","https://nsearchives.nseindia.com/corporate/SAKSHIKAPUR_06062025200447_TSLAGMNotice.pdf"
"TATASTEEL","Tata Steel Limited","Analysts/Institutional Investor Meet/Con. Call Updates","Tata Steel Limited has informed the Exchange about Schedule of meet","05-Jun-2025 21:18:43","2025-06-05 21:18:43","05-Jun-2025 21:18:44","00:00:01","https://nsearchives.nseindia.com/corporate/SAKSHIKAPUR_05062025211208_Analyst_meet_-_June_10_2025.pdf"
"TATASTEEL","Tata Steel Limited","Analysts/Institutional Investor Meet/Con. Call Updates","Tata Steel Limited has informed the Exchange about Schedule of meet","05-Jun-2025 21:18:43","2025-06-05 21:18:43","05-Jun-2025 21:18:44","00:00:01","https://nsearchives.nseindia.com/corporate/SAKSHIKAPUR_05062025211411_Analyst_meet_-_June_10_2025.pdf"
"TATASTEEL","Tata Steel Limited","Cessation","Tata Steel Limited has informed the Exchange regarding Cessation of Mr Henrik Adam as Other of the company w.e.f. Jun 01, 2025.","31-May-2025 20:58:43","2025-05-31 20:58:43","31-May-2025 20:58:44","00:00:01","https://nsearchives.nseindia.com/corporate/SAKSHIKAPUR_31052025205817_BSENSE.pdf"
"TATASTEEL","Tata Steel Limited","Analysts/Institutional Investor Meet/Con. Call Updates","Tata Steel Limited has informed the Exchange about Schedule of meet","30-May-2025 21:46:28","2025-05-30 21:46:28","30-May-2025 21:46:29","00:00:01","https://nsearchives.nseindia.com/corporate/POOJAMARU_30052025214500_Analyst_meet_-_June_5_2025.pdf"
"TATASTEEL","Tata Steel Limited","Analysts/Institutional Investor Meet/Con. Call Updates","Tata Steel Limited has informed the Exchange about Schedule of meet","30-May-2025 21:46:28","2025-05-30 21:46:28","30-May-2025 21:46:29","00:00:01","https://nsearchives.nseindia.com/corporate/POOJAMARU_30052025214555_Analyst_meet_-_June_5_2025.pdf"
"TATASTEEL","Tata Steel Limited","Copy of Newspaper Publication","Tata Steel Limited has informed the Exchange about Copy of Newspaper Publication","29-May-2025 18:20:37","2025-05-29 18:20:37","29-May-2025 18:20:38","00:00:01","https://nsearchives.nseindia.com/corporate/SAKSHIKAPUR_29052025182000_Combined_file_NSEBSE.pdf"
"TATASTEEL","Tata Steel Limited","Analysts/Institutional Investor Meet/Con. Call Updates","Tata Steel Limited has informed the Exchange about Schedule of meet","28-May-2025 15:54:36","2025-05-28 15:54:36","28-May-2025 15:54:38","00:00:02","https://nsearchives.nseindia.com/corporate/SAKSHIKAPUR_28052025154739_NSEBSE.pdf"
"TATASTEEL","Tata Steel Limited","Pendency of Litigation(s)/dispute(s) or the outcome impacting the Company","Tata Steel Limited has informed the Exchange about Pendency of Litigation(s)/dispute(s) or the outcome impacting the Company","27-May-2025 15:35:09","2025-05-27 15:35:09","27-May-2025 15:35:11","00:00:02","https://nsearchives.nseindia.com/corporate/SAKSHIKAPUR_27052025153243_NSEBSEMLfinal.pdf"
"TATASTEEL","Tata Steel Limited","Analysts/Institutional Investor Meet/Con. Call Updates","Tata Steel Limited has informed the Exchange about the Schedule of the meet.","26-May-2025 18:42:24","2025-05-26 18:42:24","26-May-2025 18:42:25","00:00:01","https://nsearchives.nseindia.com/corporate/SAKSHIKAPUR_26052025184040_BSENSE_signed.pdf"
"TATASTEEL","Tata Steel Limited","Press Release","Tata Steel Limited has informed the Exchange regarding a press release dated May 22, 2025, titled ""Press release titled: Tata Steel inaugurates Phase II expansion of Kalinganagar operations"".","22-May-2025 16:30:44","2025-05-22 16:30:44","22-May-2025 16:30:45","00:00:01","https://nsearchives.nseindia.com/corporate/SAKSHIKAPUR_22052025163024_BSENSE_Signed.pdf"
"TATASTEEL","Tata Steel Limited","General Updates","Tata Steel Limited has informed the Exchange about Communication to Shareholders - Intimation on Tax Deduction on Dividend","20-May-2025 16:45:38","2025-05-20 16:45:38","20-May-2025 16:45:39","00:00:01","https://nsearchives.nseindia.com/corporate/SAKSHIKAPUR_20052025164511_BSENSE__Intimation_on_Tax_Deduction_on_Dividend_signed.pdf"
"TATASTEEL","Tata Steel Limited","Copy of Newspaper Publication","Tata Steel Limited has informed the Exchange about Copy of Newspaper Publication","19-May-2025 18:43:56","2025-05-19 18:43:56","19-May-2025 18:43:57","00:00:01","https://nsearchives.nseindia.com/corporate/MELISAALVA_19052025184226_BSENSE_Tata_Steel_and_TSLP__combined__signed.pdf"
"TATASTEEL","Tata Steel Limited","Analysts/Institutional Investor Meet/Con. Call Updates","Tata Steel Limited has informed the Exchange about Transcript  Tata Steel 4QFY2025 and FY2025 Earnings Discussion","18-May-2025 12:10:38","2025-05-18 12:10:38","18-May-2025 12:10:38","00:00:00","https://nsearchives.nseindia.com/corporate/MELISAALVA_18052025120512_BSENSE_Q4Transcript_signed.pdf"
"TATASTEEL","Tata Steel Limited","Shareholders meeting","Tata Steel Limited has submitted the Exchange a copy Srutinizers report of  Postal Ballot. Further, the company has informed the Exchange regarding voting results.","16-May-2025 12:24:56","2025-05-16 12:24:56","16-May-2025 12:24:56","00:00:00","https://nsearchives.nseindia.com/corporate/MELISAALVA_16052025122327_NSEBSE.pdf"
"TATASTEEL","Tata Steel Limited","Copy of Newspaper Publication","Tata Steel Limited has informed the Exchange about Copy of Newspaper Publication","14-May-2025 18:07:41","2025-05-14 18:07:41","14-May-2025 18:07:41","00:00:00","https://nsearchives.nseindia.com/corporate/SAKSHIKAPUR_14052025180728_BSENSE.pdf"
"TATASTEEL","Tata Steel Limited","Analysts/Institutional Investor Meet/Con. Call Updates","Tata Steel Limited has informed the Exchange about Link of recordings","13-May-2025 22:23:59","2025-05-13 22:23:59","13-May-2025 22:23:59","00:00:00","https://nsearchives.nseindia.com/corporate/SAKSHIKAPUR_13052025222042_BSENSE.pdf"
"TATASTEEL","Tata Steel Limited","Acquisition","Tata Steel Limited has informed the Exchange about Investment in T Steel Holdings Pte. Ltd, wholly owned subsidiary company","12-May-2025 20:45:36","2025-05-12 20:45:36","12-May-2025 20:45:36","00:00:00","https://nsearchives.nseindia.com/corporate/SAKSHIKAPUR_12052025204247_Reg30_BSENSE_Aqn_Rev_SIGNED.pdf"
"TATASTEEL","Tata Steel Limited","General Updates","Tata Steel Limited has informed the Exchange about Change of Accounting Policy","12-May-2025 19:38:07","2025-05-12 19:38:07","12-May-2025 19:38:08","00:00:01","https://nsearchives.nseindia.com/corporate/SAKSHIKAPUR_12052025193635_BSENSERELEASE.pdf"
"TATASTEEL","Tata Steel Limited","Investor Presentation","Tata Steel Limited has informed the Exchange about Investor Presentation","12-May-2025 19:30:28","2025-05-12 19:30:28","12-May-2025 19:30:28","00:00:00","https://nsearchives.nseindia.com/corporate/MELISAALVA_12052025192921_IPR.pdf"
"TATASTEEL","Tata Steel Limited","Acquisition","Tata Steel Limited has informed the Exchange about Acquisition","12-May-2025 19:28:30","2025-05-12 19:28:30","12-May-2025 19:28:31","00:00:01","https://nsearchives.nseindia.com/corporate/SAKSHIKAPUR_12052025192641_BSENSERELEASE.pdf"
"TATASTEEL","Tata Steel Limited","Press Release","Tata Steel Limited has informed the Exchange regarding a press release dated May 12, 2025, titled ""Tata Steel reports Consolidated EBITDA of Rs 25,802 crores for FY2025"".","12-May-2025 19:26:27","2025-05-12 19:26:27","12-May-2025 19:26:27","00:00:00","https://nsearchives.nseindia.com/corporate/MELISAALVA_12052025192613_IPR.pdf"
"TATASTEEL","Tata Steel Limited","General Updates","Tata Steel Limited has informed the Exchange about appointment of Secretarial Auditors","12-May-2025 19:24:22","2025-05-12 19:24:22","12-May-2025 19:24:23","00:00:01","https://nsearchives.nseindia.com/corporate/SAKSHIKAPUR_12052025192238_BSENSERELEASE.pdf"
"TATASTEEL","Tata Steel Limited","Record Date","Tata Steel Limited has informed the Exchange that Record date for the purpose of Dividend  is 06-Jun-2025.","12-May-2025 19:21:03","2025-05-12 19:21:03","12-May-2025 19:21:04","00:00:01","https://nsearchives.nseindia.com/corporate/SAKSHIKAPUR_12052025191746_BSENSERELEASE.pdf"
"TATASTEEL","Tata Steel Limited","Outcome of Board Meeting","Tata Steel Limited has informed the Exchange regarding Outcome of Board Meeting held on May 12, 2025.","12-May-2025 19:20:17","2025-05-12 19:20:17","12-May-2025 19:20:18","00:00:01","https://nsearchives.nseindia.com/corporate/MELISAALVA_12052025191934_BSENSERELEASE.pdf"
"TATASTEEL","Tata Steel Limited","Dividend","Tata Steel Limited has informed the Exchange that Board of Directors at its meeting held on May 12, 2025, recommended Final Dividend of 3.60 per equity share.","12-May-2025 19:11:49","2025-05-12 19:11:49","12-May-2025 19:11:49","00:00:00","https://nsearchives.nseindia.com/corporate/MELISAALVA_12052025190928_BSENSERELEASE.pdf"
"TATASTEEL","Tata Steel Limited","Dividend","Tata Steel Limited has informed the Exchange that Board of Directors at its meeting held on May 12, 2025, recommended Final Dividend of Rs. 3.60 per equity share.","12-May-2025 19:11:04","2025-05-12 19:11:04","12-May-2025 19:11:04","00:00:00","https://nsearchives.nseindia.com/corporate/SAKSHIKAPUR_12052025190515_BSENSERELEASE.pdf"
"TATASTEEL","Tata Steel Limited","Analysts/Institutional Investor Meet/Con. Call Updates","Tata Steel Limited has informed the Exchange about Intimation of Schedule of Analyst / Institutional Investor Meeting","08-May-2025 16:20:25","2025-05-08 16:20:25","08-May-2025 16:20:26","00:00:01","https://nsearchives.nseindia.com/corporate/SAKSHIKAPUR_08052025162001_BSENSE_signed.pdf"
"TATASTEEL","Tata Steel Limited","Copy of Newspaper Publication","Tata Steel Limited has informed the Exchange about Copy of Newspaper Publication","07-May-2025 17:37:43","2025-05-07 17:37:43","07-May-2025 17:37:43","00:00:00","https://nsearchives.nseindia.com/corporate/SAKSHIKAPUR_07052025173641_BSENSECombined_-_TML_signed.pdf"
"TATASTEEL","Tata Steel Limited","Copy of Newspaper Publication","Tata Steel Limited has informed the Exchange about Copy of Newspaper Publication","07-May-2025 17:24:21","2025-05-07 17:24:21","07-May-2025 17:24:22","00:00:01","https://nsearchives.nseindia.com/corporate/SAKSHIKAPUR_07052025172401_BSENSECombined_-_TCIL_signed.pdf"
"TATASTEEL","Tata Steel Limited","Change in Management","Tata Steel Limited has informed the Exchange about change in Management","25-Apr-2025 21:00:15","2025-04-25 21:00:15","25-Apr-2025 21:00:15","00:00:00","https://nsearchives.nseindia.com/corporate/SAKSHIKAPUR_25042025205954_BSENSE_signed.pdf"
"TATASTEEL","Tata Steel Limited","Updates","Tata Steel Limited has informed the Exchange regarding 'Update in contact details of Registrar and Transfer Agent of Tata Steel Limited'.","22-Apr-2025 21:43:27","2025-04-22 21:43:27","22-Apr-2025 21:43:27","00:00:00","https://nsearchives.nseindia.com/corporate/SAKSHIKAPUR_22042025214305_BSENSE.pdf"
"TATASTEEL","Tata Steel Limited","Copy of Newspaper Publication","Tata Steel Limited has informed the Exchange about Copy of Newspaper Publication","17-Apr-2025 12:54:51","2025-04-17 12:54:51","17-Apr-2025 12:54:52","00:00:01","https://nsearchives.nseindia.com/corporate/SAKSHIKAPUR_17042025124837_SENEWSPAPER.pdf"
"TATASTEEL","Tata Steel Limited","Shareholders meeting","Tata Steel Limited has informed the Exchange regarding Notice of Postal Ballot","15-Apr-2025 15:47:14","2025-04-15 15:47:14","15-Apr-2025 15:47:15","00:00:01","https://nsearchives.nseindia.com/corporate/SAKSHIKAPUR_15042025154155_TATASTEELPOSTALBALLOT.pdf"
"TATASTEEL","Tata Steel Limited","Certificate under SEBI (Depositories and Participants) Regulations, 2018","Tata Steel Limited has informed the Exchange about Certificate under SEBI (Depositories and Participants) Regulations, 2018","09-Apr-2025 20:09:54","2025-04-09 20:09:54","09-Apr-2025 20:09:54","00:00:00","https://nsearchives.nseindia.com/corporate/POOJAMARU_09042025200921_BSENSE_signed.pdf"
"TATASTEEL","Tata Steel Limited","Press Release","Tata Steel Limited has informed the Exchange regarding a press release dated April 09, 2025, titled ""Tata Steel Nederland announces major transformation programme to enhance competitiveness for a sustainable future"".","09-Apr-2025 15:30:48","2025-04-09 15:30:48","09-Apr-2025 15:30:48","00:00:00","https://nsearchives.nseindia.com/corporate/POOJAMARU_09042025152733_PRESSRELEASE.pdf"
"TATASTEEL","Tata Steel Limited","Analysts/Institutional Investor Meet/Con. Call Updates","Tata Steel Limited has informed the Exchange about Schedule of meet","07-Apr-2025 23:36:12","2025-04-07 23:36:12","07-Apr-2025 23:36:13","00:00:01","https://nsearchives.nseindia.com/corporate/SAKSHIKAPUR_07042025233136_BSENSE_signed.pdf"
"TATASTEEL","Tata Steel Limited","Analysts/Institutional Investor Meet/Con. Call Updates","Tata Steel Limited has informed the Exchange about Schedule of meet","07-Apr-2025 20:24:03","2025-04-07 20:24:03","07-Apr-2025 20:24:04","00:00:01","https://nsearchives.nseindia.com/corporate/POOJAMARU_07042025202331_BSENSE_signed.pdf"
"TATASTEEL","Tata Steel Limited","Press Release","Tata Steel Limited has informed the Exchange regarding a press release dated April 07, 2025, titled ""Tata Steel: 4QFY2025 and FY2025 Production and Delivery Volumes (Provisional)"".","07-Apr-2025 13:40:45","2025-04-07 13:40:45","07-Apr-2025 13:40:45","00:00:00","https://nsearchives.nseindia.com/corporate/SAKSHIKAPUR_07042025134004_BSENSE_signed.pdf"
"TATASTEEL","Tata Steel Limited","Pendency of Litigation(s)/dispute(s) or the outcome impacting the Company","Tata Steel Limited has informed the Exchange about Pendency of Litigation(s)/dispute(s) or the outcome impacting the Company","04-Apr-2025 17:50:07","2025-04-04 17:50:07","04-Apr-2025 17:50:07","00:00:00","https://nsearchives.nseindia.com/corporate/POOJAMARU_04042025173616_REG30APRIL.pdf"
"TATASTEEL","Tata Steel Limited","Acquisition","Tata Steel Limited has informed the Exchange about Acquisition of equity stake in Indian Foundation for Quality Management","01-Apr-2025 21:17:45","2025-04-01 21:17:45","01-Apr-2025 21:17:46","00:00:01","https://nsearchives.nseindia.com/corporate/SAKSHIKAPUR_01042025211718_BSENSE_signed.pdf"
"TATASTEEL","Tata Steel Limited","Trading Window","Tata Steel Limited has informed the Exchange regarding the Trading Window closure pursuant to SEBI (Prohibition of Insider Trading) Regulations, 2015","20-Mar-2025 18:00:33","2025-03-20 18:00:33","20-Mar-2025 18:00:33","00:00:00","https://nsearchives.nseindia.com/corporate/SAKSHIKAPUR_20032025180009_BSENSE_signed.pdf"
"TATASTEEL","Tata Steel Limited","Resignation","Tata Steel Limited has informed the Exchange regarding Resignation of Mr Rajiv Kumar as Other of the company w.e.f. March 12, 2025.","12-Mar-2025 18:41:43","2025-03-12 18:41:43","12-Mar-2025 18:41:44","00:00:01","https://nsearchives.nseindia.com/corporate/SAKSHIKAPUR_12032025184110_bsense.pdf"
"TATASTEEL","Tata Steel Limited","Analysts/Institutional Investor Meet/Con. Call Updates","Tata Steel Limited has informed the Exchange about Schedule of meet","28-Feb-2025 16:46:55","2025-02-28 16:46:55","28-Feb-2025 16:46:56","00:00:01","https://nsearchives.nseindia.com/corporate/SAKSHIKAPUR_28022025164628_BSENSE.pdf"
"TATASTEEL","Tata Steel Limited","Acquisition","Tata Steel Limited has informed the Exchange about Acquisition of equity stake in T Steel Holdings Pte. Ltd.","25-Feb-2025 21:37:36","2025-02-25 21:37:36","25-Feb-2025 21:37:36","00:00:00","https://nsearchives.nseindia.com/corporate/SAKSHIKAPUR_25022025213709_BSENSE_signed.pdf"
"TATASTEEL","Tata Steel Limited","Investor Presentation","Tata Steel Limited has informed the Exchange about Investor Presentation","25-Feb-2025 12:25:22","2025-02-25 12:25:22","25-Feb-2025 12:25:23","00:00:01","https://nsearchives.nseindia.com/corporate/SAKSHIKAPUR_25022025122357_BSENSE_signed.pdf"
"TATASTEEL","Tata Steel Limited","Credit Rating","Tata Steel Limited has informed the Exchange about Credit Rating","24-Feb-2025 22:03:59","2025-02-24 22:03:59","24-Feb-2025 22:04:00","00:00:01","https://nsearchives.nseindia.com/corporate/SAKSHIKAPUR_24022025220314_NSEBSE.pdf"
"TATASTEEL","Tata Steel Limited","Allotment of Securities","Tata Steel Limited has informed the Exchange regarding allotment of 300000 securities pursuant to Other at its meeting held on February 21, 2025","21-Feb-2025 13:07:43","2025-02-21 13:07:43","21-Feb-2025 13:07:43","00:00:00","https://nsearchives.nseindia.com/corporate/SAKSHIKAPUR_21022025130720_BSENSE.pdf"
"TATASTEEL","Tata Steel Limited","Acquisition","Tata Steel Limited has informed the Exchange about Acquisition of equity stake in T Steel Holdings Pte. Ltd","20-Feb-2025 17:27:29","2025-02-20 17:27:29","20-Feb-2025 17:27:29","00:00:00","https://nsearchives.nseindia.com/corporate/SAKSHIKAPUR_20022025172714_BSENSE.pdf"
"TATASTEEL","Tata Steel Limited","Analysts/Institutional Investor Meet/Con. Call Updates","Tata Steel Limited has informed the Exchange about Schedule of meet","20-Feb-2025 13:27:44","2025-02-20 13:27:44","20-Feb-2025 13:27:45","00:00:01","https://nsearchives.nseindia.com/corporate/SAKSHIKAPUR_20022025132633_BSENSE.pdf"
"TATASTEEL","Tata Steel Limited","Press Release","TATASTEEL has informed the Exchange regarding a press release dated February 18, 2025, titled ""Neath Port Talbot Council approves plans for Electric Arc Furnace in Port Talbot"".","18-Feb-2025 21:11:23","2025-02-18 21:11:23","18-Feb-2025 21:11:25","00:00:02","https://nsearchives.nseindia.com/corporate/SAKSHIKAPUR_18022025211110_BSENSE.pdf"
"TATASTEEL","Tata Steel Limited","Issue of Securities","Tata Steel Limited has informed the Exchange about issue of Securities","14-Feb-2025 14:45:27","2025-02-14 14:45:27","14-Feb-2025 14:45:28","00:00:01","https://nsearchives.nseindia.com/corporate/POOJAMARU_14022025144453_BSENSEOUTCOME_signed.pdf"
"TATASTEEL","Tata Steel Limited","Outcome of Board Meeting","Tata Steel Limited has informed the Exchange regarding  the meeting of the Committee of Directors held on February 14, 2025.","14-Feb-2025 14:42:38","2025-02-14 14:42:38","14-Feb-2025 14:42:39","00:00:01","https://nsearchives.nseindia.com/corporate/POOJAMARU_14022025144132_BSENSEOUTCOME_signed.pdf"
"TATASTEEL","Tata Steel Limited","Analysts/Institutional Investor Meet/Con. Call Updates","Tata Steel Limited has informed the Exchange about Schedule of Analyst / Institutional Investors Meeting","12-Feb-2025 13:18:38","2025-02-12 13:18:38","12-Feb-2025 13:18:39","00:00:01","https://nsearchives.nseindia.com/corporate/SAKSHIKAPUR_12022025131655_BSENSE.pdf"
"TATASTEEL","Tata Steel Limited","Credit Rating","Tata Steel Limited has informed the Exchange about Credit Rating","11-Feb-2025 23:22:23","2025-02-11 23:22:23","11-Feb-2025 23:22:24","00:00:01","https://nsearchives.nseindia.com/corporate/SAKSHIKAPUR_11022025232211_BSENSE_signed.pdf"
"TATASTEEL","Tata Steel Limited","Analysts/Institutional Investor Meet/Con. Call Updates","Tata Steel Limited has informed the Exchange about Schedule of meet","05-Feb-2025 18:53:26","2025-02-05 18:53:26","05-Feb-2025 18:53:27","00:00:01","https://nsearchives.nseindia.com/corporate/SAKSHIKAPUR_05022025184911_BSENSE.pdf"
"TATASTEEL","Tata Steel Limited","Analysts/Institutional Investor Meet/Con. Call Updates","Tata Steel Limited has informed the Exchange about Transcript of Tata Steel 3QFY2025 Earnings Discussion","04-Feb-2025 20:22:49","2025-02-04 20:22:49","04-Feb-2025 20:22:50","00:00:01","https://nsearchives.nseindia.com/corporate/POOJAMARU_04022025202151_BSENSE_signed.pdf"
"TATASTEEL","Tata Steel Limited","Copy of Newspaper Publication","Tata Steel Limited has informed the Exchange about newspaper advertisements of the Financial Results for the quarter and nine months ended December 31, 2024","29-Jan-2025 16:31:56","2025-01-29 16:31:56","29-Jan-2025 16:31:57","00:00:01","https://nsearchives.nseindia.com/corporate/SAKSHIKAPUR_29012025163140_BSENSE_signed.pdf"
"TATASTEEL","Tata Steel Limited","Analysts/Institutional Investor Meet/Con. Call Updates","Tata Steel Limited has informed the Exchange about Link of Recording","28-Jan-2025 20:57:04","2025-01-28 20:57:04","28-Jan-2025 20:57:05","00:00:01","https://nsearchives.nseindia.com/corporate/POOJAMARU_28012025205641_Earnings_Call_-_VC_signed.pdf"
"TATASTEEL","Tata Steel Limited","Integrated Filing- Financial","Integrated Filing (Financial) for the quarter and nine months ended December 31, 2024","27-Jan-2025 20:15:02","2025-01-27 20:15:02","27-Jan-2025 20:15:03","00:00:01","https://nsearchives.nseindia.com/corporate/SAKSHIKAPUR_27012025201449_Integrated_Filing_BSENSE_signed.pdf"
"TATASTEEL","Tata Steel Limited","Investor Presentation","Tata Steel Limited has informed the Exchange about Investor Presentation","27-Jan-2025 19:40:36","2025-01-27 19:40:36","27-Jan-2025 19:40:37","00:00:01","https://nsearchives.nseindia.com/corporate/POOJAMARU_27012025193959_IRPPTSIGNED.pdf"
"TATASTEEL","Tata Steel Limited","Press Release","Tata Steel Limited has informed the Exchange regarding a press release dated January 27, 2025, titled ""Tata Steel reports Consolidated EBITDA of Rs 19,040 crores for the nine months of the financial year"".","27-Jan-2025 19:33:31","2025-01-27 19:33:31","27-Jan-2025 19:33:32","00:00:01","https://nsearchives.nseindia.com/corporate/POOJAMARU_27012025193257_PressReleaseSIGNED.pdf"
"TATASTEEL","Tata Steel Limited","Outcome of Board Meeting","Outcome of Board Meeting","27-Jan-2025 18:38:20","2025-01-27 18:38:20","27-Jan-2025 18:38:21","00:00:01","https://nsearchives.nseindia.com/corporate/SAKSHIKAPUR_27012025183617_BSENSE.pdf"
"TATASTEEL","Tata Steel Limited","Outcome of Board Meeting","Tata Steel Limited has informed the Exchange regarding  Board meeting held on January 27, 2025.","27-Jan-2025 18:32:38","2025-01-27 18:32:38","27-Jan-2025 18:32:39","00:00:01","https://nsearchives.nseindia.com/corporate/SAKSHIKAPUR_27012025183050_BSENSE.pdf"
"TATASTEEL","Tata Steel Limited","Financial Result Updates"," Tata Steel Limited has submitted to the Exchange, the financial results for the period ended December 31, 2024.","27-Jan-2025 18:31:38","2025-01-27 18:31:38","27-Jan-2025 18:31:39","00:00:01","https://nsearchives.nseindia.com/corporate/BSENSE_27012025183138.pdf"
"TATASTEEL","Tata Steel Limited","Analysts/Institutional Investor Meet/Con. Call Updates","Tata Steel Limited has informed the Exchange about Schedule of meet","23-Jan-2025 19:18:36","2025-01-23 19:18:36","23-Jan-2025 19:18:36","00:00:00","https://nsearchives.nseindia.com/corporate/SAKSHIKAPUR_23012025191217_Earningsrelease.pdf"
"TATASTEEL","Tata Steel Limited","Pendency of Litigation(s)/dispute(s) or the outcome impacting the Company","Tata Steel Limited has informed the Exchange about Pendency of Litigation(s)/dispute(s) or the outcome impacting the Company","17-Jan-2025 16:33:48","2025-01-17 16:33:48","17-Jan-2025 16:33:48","00:00:00","https://nsearchives.nseindia.com/corporate/POOJAMARU_17012025161651_NSEBSE.pdf"
"TATASTEEL","Tata Steel Limited","Action(s) taken or orders passed","Tata Steel Limited has informed the Exchange about Adjudication Order issued by the Collector of Stamps, Enforcement   I, Mumbai, Government of Maharashtra","10-Jan-2025 17:59:46","2025-01-10 17:59:46","10-Jan-2025 17:59:47","00:00:01","https://nsearchives.nseindia.com/corporate/MELISAALVA_10012025175848_BSENSE.pdf"
"TATASTEEL","Tata Steel Limited","Certificate under SEBI (Depositories and Participants) Regulations, 2018","Tata Steel Limited has informed the Exchange about Certificate under SEBI (Depositories and Participants) Regulations, 2018","10-Jan-2025 17:31:48","2025-01-10 17:31:48","10-Jan-2025 17:31:48","00:00:00","https://nsearchives.nseindia.com/corporate/POOJAMARU_10012025173132_TSLReg74_5_.pdf"
"TATASTEEL","Tata Steel Limited","Press Release","Tata Steel Limited has informed the Exchange regarding a press release dated January 07, 2025, titled ""Tata Steel: 3QFY2025 Production and Delivery Volumes (Provisional)"".","07-Jan-2025 19:49:41","2025-01-07 19:49:41","07-Jan-2025 19:49:42","00:00:01","https://nsearchives.nseindia.com/corporate/SAKSHIKAPUR_07012025194751_BSENSE.pdf"
"TATASTEEL","Tata Steel Limited","General Updates","Tata Steel Limited has informed the Exchange about change of name of Company s Registrars and Transfer Agents from Link Intime India Private Limited to MUFG Intime India Private Limited","01-Jan-2025 17:08:42","2025-01-01 17:08:42","01-Jan-2025 17:08:42","00:00:00","https://nsearchives.nseindia.com/corporate/POOJAMARU_01012025170805_BSENSE.pdf"
"TATASTEEL","Tata Steel Limited","Action(s) taken or orders passed","Tata Steel Limited has informed the Exchange about Action(s) taken or orders passed","31-Dec-2024 22:11:50","2024-12-31 22:11:50","31-Dec-2024 22:11:52","00:00:02","https://nsearchives.nseindia.com/corporate/SAKSHIKAPUR_31122024220917_Reg30.pdf"
"TATASTEEL","Tata Steel Limited","Shareholders meeting","Tata Steel Limited has submitted the Exchange a copy Srutinizers report of  Postal Ballot","26-Dec-2024 14:37:19","2024-12-26 14:37:19","26-Dec-2024 14:37:20","00:00:01","https://nsearchives.nseindia.com/corporate/MELISAALVA_26122024143417_NSEBSE2612.pdf"
"TATASTEEL","Tata Steel Limited","Trading Window","Tata Steel Limited has informed the Exchange regarding the Trading Window closure pursuant to SEBI (Prohibition of Insider Trading) Regulations, 2015","20-Dec-2024 10:31:22","2024-12-20 10:31:22","20-Dec-2024 10:31:23","00:00:01","https://nsearchives.nseindia.com/corporate/TATASTEEL_20122024103123_TWBSENSE.pdf"
"TATASTEEL","Tata Steel Limited","Loss of Share Certificates","Tata Steel Limited has informed the Exchange about Loss of Share Certificates","13-Dec-2024 15:47:11","2024-12-13 15:47:11","13-Dec-2024 15:47:12","00:00:01","https://nsearchives.nseindia.com/corporate/TATASTEEL_13122024154711_BSENSE.pdf"
"TATASTEEL","Tata Steel Limited","Issue of Duplicate Share Certificate","Tata Steel Limited has informed the Exchange about Issue of Duplicate Share Certificate","12-Dec-2024 17:47:17","2024-12-12 17:47:17","12-Dec-2024 17:47:18","00:00:01","https://nsearchives.nseindia.com/corporate/TATASTEEL_12122024174717_BSENSE.pdf"
"TATASTEEL","Tata Steel Limited","Loss of Share Certificates","Tata Steel Limited has informed the Exchange about Loss of Share Certificates","12-Dec-2024 17:47:17","2024-12-12 17:47:17","12-Dec-2024 17:47:18","00:00:01","https://nsearchives.nseindia.com/corporate/TATASTEEL_12122024174717_BSENSE.pdf"
"TATASTEEL","Tata Steel Limited","Issue of Duplicate Share Certificate","Tata Steel Limited has informed the Exchange about Issue of Duplicate Share Certificate","11-Dec-2024 17:00:50","2024-12-11 17:00:50","11-Dec-2024 17:00:51","00:00:01","https://nsearchives.nseindia.com/corporate/TATASTEEL_11122024170050_BSENSE.pdf"
"TATASTEEL","Tata Steel Limited","Loss of Share Certificates","Tata Steel Limited has informed the Exchange about Loss of Share Certificates","11-Dec-2024 17:00:50","2024-12-11 17:00:50","11-Dec-2024 17:00:52","00:00:02","https://nsearchives.nseindia.com/corporate/TATASTEEL_11122024170050_BSENSE.pdf"
"TATASTEEL","Tata Steel Limited","Cessation","Tata Steel Limited has informed the Exchange regarding cessation of  Ms. Farida Khambata (DIN: 06954123) as Non-Executive Independent Director of the Company w.e.f. December 11, 2024.","10-Dec-2024 19:24:48","2024-12-10 19:24:48","10-Dec-2024 19:24:48","00:00:00","https://nsearchives.nseindia.com/corporate/TATASTEEL_10122024192448_BSENSE.pdf"
"TATASTEEL","Tata Steel Limited","Loss of Share Certificates","Tata Steel Limited has informed the Exchange about Loss of Share Certificates","10-Dec-2024 14:57:50","2024-12-10 14:57:50","10-Dec-2024 14:57:51","00:00:01","https://nsearchives.nseindia.com/corporate/TATASTEEL_10122024145750_Reg3910122024.pdf"
"TATASTEEL","Tata Steel Limited","Loss of Share Certificates","Tata Steel Limited has informed the Exchange about Loss of Share Certificates","09-Dec-2024 13:17:36","2024-12-09 13:17:36","09-Dec-2024 13:17:36","00:00:00","https://nsearchives.nseindia.com/corporate/TATASTEEL_09122024131736_Reg3909122024.pdf"
"TATASTEEL","Tata Steel Limited","Loss of Share Certificates","Tata Steel Limited has informed the Exchange about Loss of Share Certificates","06-Dec-2024 18:48:45","2024-12-06 18:48:45","06-Dec-2024 18:48:45","00:00:00","https://nsearchives.nseindia.com/corporate/TATASTEEL_06122024184845_Reg3906122024.pdf"
"TATASTEEL","Tata Steel Limited","Loss of Share Certificates","Tata Steel Limited has informed the Exchange about Loss of Share Certificates","06-Dec-2024 18:48:45","2024-12-06 18:48:45","06-Dec-2024 18:48:47","00:00:02","https://nsearchives.nseindia.com/corporate/TATASTEEL_06122024184845_Reg3906122024.pdf"
"TATASTEEL","Tata Steel Limited","Loss of Share Certificates","Tata Steel Limited has informed the Exchange about Loss of Share Certificates","05-Dec-2024 16:31:06","2024-12-05 16:31:06","05-Dec-2024 16:31:07","00:00:01","https://nsearchives.nseindia.com/corporate/TATASTEEL_05122024163106_Reg3905122024.pdf"
"TATASTEEL","Tata Steel Limited","Loss of Share Certificates","Tata Steel Limited has informed the Exchange about Loss of Share Certificates","04-Dec-2024 15:40:38","2024-12-04 15:40:38","04-Dec-2024 15:40:39","00:00:01","https://nsearchives.nseindia.com/corporate/TATASTEEL_04122024154038_Reg3904122024.pdf"
"TATASTEEL","Tata Steel Limited","Action(s) taken or orders passed","Tata Steel Limited has informed the Exchange about the order received from the Office of Commissioner of Customs (Appeals), Kolkata imposing penalty due to inadvertent short payment of IGST against import of goods.","03-Dec-2024 19:11:17","2024-12-03 19:11:17","03-Dec-2024 19:11:18","00:00:01","https://nsearchives.nseindia.com/corporate/TATASTEEL_03122024191118_BSENSE.pdf"
"TATASTEEL","Tata Steel Limited","Loss of Share Certificates","Tata Steel Limited has informed the Exchange about Loss of Share Certificates","03-Dec-2024 15:34:37","2024-12-03 15:34:37","03-Dec-2024 15:34:38","00:00:01","https://nsearchives.nseindia.com/corporate/TATASTEEL_03122024153437_Reg3903122024.pdf"
"TATASTEEL","Tata Steel Limited","Loss of Share Certificates","Tata Steel Limited has informed the Exchange about Loss of Share Certificates","02-Dec-2024 17:33:27","2024-12-02 17:33:27","02-Dec-2024 17:33:28","00:00:01","https://nsearchives.nseindia.com/corporate/TATASTEEL_02122024173327_Reg3902122024.pdf"
"TATASTEEL","Tata Steel Limited","Loss of Share Certificates","Tata Steel Limited has informed the Exchange about Loss of Share Certificates","02-Dec-2024 17:33:26","2024-12-02 17:33:26","02-Dec-2024 17:33:27","00:00:01","https://nsearchives.nseindia.com/corporate/TATASTEEL_02122024173327_Reg3902122024.pdf"
"TATASTEEL","Tata Steel Limited","Loss of Share Certificates","Tata Steel Limited has informed the Exchange about Loss of Share Certificates","29-Nov-2024 17:45:32","2024-11-29 17:45:32","29-Nov-2024 17:45:33","00:00:01","https://nsearchives.nseindia.com/corporate/TATASTEEL_29112024174532_Reg3929112024.pdf"
"TATASTEEL","Tata Steel Limited","Analysts/Institutional Investor Meet/Con. Call Updates","Tata Steel Limited has informed the Exchange about Schedule of  Analyst / Institutional Investor meeting","28-Nov-2024 17:32:05","2024-11-28 17:32:05","28-Nov-2024 17:32:06","00:00:01","https://nsearchives.nseindia.com/corporate/TATASTEEL_28112024173205_Draft_Disclosure_-_Analyst_Meet.pdf"
"TATASTEEL","Tata Steel Limited","Loss of Share Certificates","Tata Steel Limited has informed the Exchange about Loss of Share Certificates","28-Nov-2024 13:11:33","2024-11-28 13:11:33","28-Nov-2024 13:11:33","00:00:00","https://nsearchives.nseindia.com/corporate/TATASTEEL_28112024131133_Reg3928112024.pdf"
"TATASTEEL","Tata Steel Limited","Loss of Share Certificates","Tata Steel Limited has informed the Exchange about Loss of Share Certificates","26-Nov-2024 18:02:06","2024-11-26 18:02:06","26-Nov-2024 18:02:06","00:00:00","https://nsearchives.nseindia.com/corporate/TATASTEEL_26112024180206_Reg3926112024.pdf"
"TATASTEEL","Tata Steel Limited","Loss of Share Certificates","Tata Steel Limited has informed the Exchange about Loss of Share Certificates","26-Nov-2024 18:02:06","2024-11-26 18:02:06","26-Nov-2024 18:02:07","00:00:01","https://nsearchives.nseindia.com/corporate/TATASTEEL_26112024180206_Reg3926112024.pdf"
"TATASTEEL","Tata Steel Limited","Copy of Newspaper Publication","Tata Steel Limited has informed the Exchange about Newspaper Advertisement of Postal Ballot Notice.","26-Nov-2024 14:56:45","2024-11-26 14:56:45","26-Nov-2024 14:56:45","00:00:00","https://nsearchives.nseindia.com/corporate/TATASTEEL_26112024145645_BSENSE_signed.pdf"
"TATASTEEL","Tata Steel Limited","Loss of Share Certificates","Tata Steel Limited has informed the Exchange about Loss of Share Certificates","25-Nov-2024 17:51:08","2024-11-25 17:51:08","25-Nov-2024 17:51:09","00:00:01","https://nsearchives.nseindia.com/corporate/TATASTEEL_25112024175108_Reg3925112024.pdf"
"TATASTEEL","Tata Steel Limited","Shareholders meeting","Tata Steel Limited has informed the Exchange regarding Notice of Postal Ballot dated November 24, 2024 seeking approval of the shareholders for Appointment of Mr. Pramod Agrawal (DIN: 00279727) as an Independent Director.","25-Nov-2024 15:46:50","2024-11-25 15:46:50","25-Nov-2024 15:46:51","00:00:01","https://nsearchives.nseindia.com/corporate/TATASTEEL_25112024154650_BSENSE.pdf"
"TATASTEEL","Tata Steel Limited","Loss of Share Certificates","Tata Steel Limited has informed the Exchange about Loss of Share Certificates","22-Nov-2024 17:27:38","2024-11-22 17:27:38","22-Nov-2024 17:27:38","00:00:00","https://nsearchives.nseindia.com/corporate/TATASTEEL_22112024172738_Reg3922112024.pdf"
"TATASTEEL","Tata Steel Limited","Loss of Share Certificates","Tata Steel Limited has informed the Exchange about Loss of Share Certificates","22-Nov-2024 17:27:38","2024-11-22 17:27:38","22-Nov-2024 17:27:39","00:00:01","https://nsearchives.nseindia.com/corporate/TATASTEEL_22112024172738_Reg3922112024.pdf"
"TATASTEEL","Tata Steel Limited","Loss of Share Certificates","Tata Steel Limited has informed the Exchange about Loss of Share Certificates","21-Nov-2024 17:34:41","2024-11-21 17:34:41","21-Nov-2024 17:34:42","00:00:01","https://nsearchives.nseindia.com/corporate/TATASTEEL_21112024173441_Reg3921112024.pdf"
"TATASTEEL","Tata Steel Limited","Loss of Share Certificates","Tata Steel Limited has informed the Exchange about Loss of Share Certificates","21-Nov-2024 17:34:41","2024-11-21 17:34:41","21-Nov-2024 17:34:43","00:00:02","https://nsearchives.nseindia.com/corporate/TATASTEEL_21112024173441_Reg3921112024.pdf"
"TATASTEEL","Tata Steel Limited","Loss of Share Certificates","Tata Steel Limited has informed the Exchange about Loss of Share Certificates","19-Nov-2024 16:11:04","2024-11-19 16:11:04","19-Nov-2024 16:11:04","00:00:00","https://nsearchives.nseindia.com/corporate/TATASTEEL_19112024161104_Reg3919112024.pdf"
"TATASTEEL","Tata Steel Limited","Issue of Duplicate Share Certificate","Tata Steel Limited has informed the Exchange about Issue of Duplicate Share Certificate","14-Nov-2024 15:09:56","2024-11-14 15:09:56","14-Nov-2024 15:09:57","00:00:01","https://nsearchives.nseindia.com/corporate/TATASTEEL_14112024150956_Reg3914112024.pdf"
"TATASTEEL","Tata Steel Limited","Loss of Share Certificates","Tata Steel Limited has informed the Exchange about Loss of Share Certificates","14-Nov-2024 15:09:56","2024-11-14 15:09:56","14-Nov-2024 15:09:57","00:00:01","https://nsearchives.nseindia.com/corporate/TATASTEEL_14112024150956_Reg3914112024.pdf"
"TATASTEEL","Tata Steel Limited","Analysts/Institutional Investor Meet/Con. Call Updates","Tata Steel Limited has informed the Exchange about Transcript","13-Nov-2024 15:50:35","2024-11-13 15:50:35","13-Nov-2024 15:50:36","00:00:01","https://nsearchives.nseindia.com/corporate/TATASTEEL_13112024155035_TranscriptBSENSE.pdf"
"TATASTEEL","Tata Steel Limited","Analysts/Institutional Investor Meet/Con. Call Updates","Tata Steel Limited has informed the Exchange about Schedule of meet","12-Nov-2024 20:50:52","2024-11-12 20:50:52","12-Nov-2024 20:50:53","00:00:01","https://nsearchives.nseindia.com/corporate/TATASTEEL_12112024205052_Analystmeet.pdf"
"TATASTEEL","Tata Steel Limited","Loss of Share Certificates","Tata Steel Limited has informed the Exchange about Loss of Share Certificates","12-Nov-2024 13:11:42","2024-11-12 13:11:42","12-Nov-2024 13:11:43","00:00:01","https://nsearchives.nseindia.com/corporate/TATASTEEL_12112024131143_Reg3912112024.pdf"
"TATASTEEL","Tata Steel Limited","Loss of Share Certificates","Tata Steel Limited has informed the Exchange about Loss of Share Certificates","11-Nov-2024 11:18:19","2024-11-11 11:18:19","11-Nov-2024 11:18:19","00:00:00","https://nsearchives.nseindia.com/corporate/TATASTEEL_11112024111819_Reg3911112024.pdf"
"TATASTEEL","Tata Steel Limited","Loss of Share Certificates","Tata Steel Limited has informed the Exchange about Loss of Share Certificates","08-Nov-2024 18:14:17","2024-11-08 18:14:17","08-Nov-2024 18:14:18","00:00:01","https://nsearchives.nseindia.com/corporate/TATASTEEL_08112024181417_Reg3908112024.pdf"
"TATASTEEL","Tata Steel Limited","Copy of Newspaper Publication","Tata Steel Limited has informed the Exchange about Copy of Newspaper Publication","08-Nov-2024 17:20:05","2024-11-08 17:20:05","08-Nov-2024 17:20:06","00:00:01","https://nsearchives.nseindia.com/corporate/TATASTEEL_08112024172006_BSENSE.pdf"
"TATASTEEL","Tata Steel Limited","Analysts/Institutional Investor Meet/Con. Call Updates","Tata Steel Limited has informed the Exchange about Link of Recording","07-Nov-2024 19:33:42","2024-11-07 19:33:42","07-Nov-2024 19:33:43","00:00:01","https://nsearchives.nseindia.com/corporate/TATASTEEL_07112024193343_EarningsCall.pdf"
"TATASTEEL","Tata Steel Limited","Issue of Duplicate Share Certificate","Tata Steel Limited has informed the Exchange about Issue of Duplicate Share Certificate","07-Nov-2024 15:09:13","2024-11-07 15:09:13","07-Nov-2024 15:09:14","00:00:01","https://nsearchives.nseindia.com/corporate/TATASTEEL_07112024150913_BSENSE.pdf"
"TATASTEEL","Tata Steel Limited","Loss of Share Certificates","Tata Steel Limited has informed the Exchange about Loss of Share Certificates","07-Nov-2024 15:09:13","2024-11-07 15:09:13","07-Nov-2024 15:09:14","00:00:01","https://nsearchives.nseindia.com/corporate/TATASTEEL_07112024150913_BSENSE.pdf"
"TATASTEEL","Tata Steel Limited","Investor Presentation","Tata Steel Limited has informed the Exchange about Investor Presentation","06-Nov-2024 19:55:23","2024-11-06 19:55:23","06-Nov-2024 19:55:24","00:00:01","https://nsearchives.nseindia.com/corporate/TATASTEEL_06112024195523_BSENSEIP.pdf"
"TATASTEEL","Tata Steel Limited","Press Release","Tata Steel Limited has informed the Exchange regarding a press release dated November 06, 2024, titled ""Tata Steel reports Consolidated EBITDA of Rs 6,224 crores for the quarter and Rs 13,046 crores for the half year ended September 30, 2024""."".","06-Nov-2024 19:46:21","2024-11-06 19:46:21","06-Nov-2024 19:46:22","00:00:01","https://nsearchives.nseindia.com/corporate/TATASTEEL_06112024194621_Tata_Steel_-_Press_Release.pdf"
"TATASTEEL","Tata Steel Limited","Outcome of Board Meeting","Tata Steel Limited has informed the Exchange regarding Outcome of Board Meeting held on November 06, 2024.","06-Nov-2024 17:44:27","2024-11-06 17:44:27","06-Nov-2024 17:44:28","00:00:01","https://nsearchives.nseindia.com/corporate/TATASTEEL_06112024174427_BSENSE.pdf"
"TATASTEEL","Tata Steel Limited","Appointment","Tata Steel Limited has informed the Exchange regarding Appointment of Mr Pramod Agrawal as Independent Director of the company w.e.f. November 06, 2024.","06-Nov-2024 17:39:46","2024-11-06 17:39:46","06-Nov-2024 17:39:46","00:00:00","https://nsearchives.nseindia.com/corporate/TATASTEEL_06112024173946_BSENSE.pdf"
"TATASTEEL","Tata Steel Limited","Outcome of Board Meeting","Tata Steel Limited has informed the Exchange regarding  Board meeting held on November 06, 2024.","06-Nov-2024 17:33:04","2024-11-06 17:33:04","06-Nov-2024 17:33:05","00:00:01","https://nsearchives.nseindia.com/corporate/TATASTEEL_06112024173304_BSENSE.pdf"
"TATASTEEL","Tata Steel Limited","Financial Result Updates"," Tata Steel Limited has submitted to the Exchange, the financial results for the period ended September 30, 2024.","06-Nov-2024 17:30:38","2024-11-06 17:30:38","06-Nov-2024 17:30:39","00:00:01","https://nsearchives.nseindia.com/corporate/BSENSE_06112024173038.pdf"
"TATASTEEL","Tata Steel Limited","Loss of Share Certificates","Tata Steel Limited has informed the Exchange about Loss of Share Certificates","05-Nov-2024 19:19:52","2024-11-05 19:19:52","05-Nov-2024 19:19:53","00:00:01","https://nsearchives.nseindia.com/corporate/TATASTEEL_05112024191953_Reg3905112024.pdf"
"TATASTEEL","Tata Steel Limited","Loss of Share Certificates","Tata Steel Limited has informed the Exchange about Loss of Share Certificates","04-Nov-2024 17:43:28","2024-11-04 17:43:28","04-Nov-2024 17:43:29","00:00:01","https://nsearchives.nseindia.com/corporate/TATASTEEL_04112024174328_Reg3904112024.pdf"
"TATASTEEL","Tata Steel Limited","Analysts/Institutional Investor Meet/Con. Call Updates","Tata Steel Limited has informed the Exchange about Schedule of meet","31-Oct-2024 15:02:59","2024-10-31 15:02:59","31-Oct-2024 15:03:00","00:00:01","https://nsearchives.nseindia.com/corporate/TATASTEEL_31102024150259_Q2BSENSE.pdf"
"TATASTEEL","Tata Steel Limited","Issue of Duplicate Share Certificate","Tata Steel Limited has informed the Exchange about Issue of Duplicate Share Certificate","30-Oct-2024 15:01:23","2024-10-30 15:01:23","30-Oct-2024 15:01:23","00:00:00","https://nsearchives.nseindia.com/corporate/TATASTEEL_30102024150123_Reg3930102024.pdf"
"TATASTEEL","Tata Steel Limited","Loss of Share Certificates","Tata Steel Limited has informed the Exchange about Loss of Share Certificates","29-Oct-2024 17:19:59","2024-10-29 17:19:59","29-Oct-2024 17:20:00","00:00:01","https://nsearchives.nseindia.com/corporate/TATASTEEL_29102024171959_Reg3929102024.pdf"
"TATASTEEL","Tata Steel Limited","Loss of Share Certificates","Tata Steel Limited has informed the Exchange about Loss of Share Certificates","28-Oct-2024 16:00:21","2024-10-28 16:00:21","28-Oct-2024 16:00:22","00:00:01","https://nsearchives.nseindia.com/corporate/TATASTEEL_28102024160021_BSENSE.pdf"
"TATASTEEL","Tata Steel Limited","Loss of Share Certificates","Tata Steel Limited has informed the Exchange about Loss of Share Certificates","23-Oct-2024 17:35:48","2024-10-23 17:35:48","23-Oct-2024 17:35:49","00:00:01","https://nsearchives.nseindia.com/corporate/TATASTEEL_23102024173548_Reg3923102024.pdf"
"TATASTEEL","Tata Steel Limited","Issue of Duplicate Share Certificate","Tata Steel Limited has informed the Exchange about Issue of Duplicate Share Certificate","22-Oct-2024 13:49:14","2024-10-22 13:49:14","22-Oct-2024 13:49:15","00:00:01","https://nsearchives.nseindia.com/corporate/TATASTEEL_22102024134914_Reg3922102024.pdf"
"TATASTEEL","Tata Steel Limited","Loss of Share Certificates","Tata Steel Limited has informed the Exchange about Loss of Share Certificates","22-Oct-2024 13:49:14","2024-10-22 13:49:14","22-Oct-2024 13:49:15","00:00:01","https://nsearchives.nseindia.com/corporate/TATASTEEL_22102024134914_Reg3922102024.pdf"
"TATASTEEL","Tata Steel Limited","Loss of Share Certificates","Tata Steel Limited has informed the Exchange about Loss of Share Certificates","21-Oct-2024 15:46:51","2024-10-21 15:46:51","21-Oct-2024 15:46:52","00:00:01","https://nsearchives.nseindia.com/corporate/TATASTEEL_21102024154651_Reg3921102024.pdf"
"TATASTEEL","Tata Steel Limited","Issue of Duplicate Share Certificate","Tata Steel Limited has informed the Exchange about Issue of Duplicate Share Certificate","18-Oct-2024 16:09:23","2024-10-18 16:09:23","18-Oct-2024 16:09:26","00:00:03","https://nsearchives.nseindia.com/corporate/TATASTEEL_18102024160925_BSENSE.pdf"
"TATASTEEL","Tata Steel Limited","Loss of Share Certificates","Tata Steel Limited has informed the Exchange about Loss of Share Certificates","18-Oct-2024 16:09:23","2024-10-18 16:09:23","18-Oct-2024 16:09:27","00:00:04","https://nsearchives.nseindia.com/corporate/TATASTEEL_18102024160925_BSENSE.pdf"
"TATASTEEL","Tata Steel Limited","Loss of Share Certificates","Tata Steel Limited has informed the Exchange about Loss of Share Certificates","17-Oct-2024 16:30:38","2024-10-17 16:30:38","17-Oct-2024 16:30:39","00:00:01","https://nsearchives.nseindia.com/corporate/TATASTEEL_17102024163038_Reg3917102024.pdf"
"TATASTEEL","Tata Steel Limited","Loss of Share Certificates","Tata Steel Limited has informed the Exchange about Loss of Share Certificates","15-Oct-2024 17:42:58","2024-10-15 17:42:58","15-Oct-2024 17:42:58","00:00:00","https://nsearchives.nseindia.com/corporate/TATASTEEL_15102024174258_Reg3915102024.pdf"
"TATASTEEL","Tata Steel Limited","Loss of Share Certificates","Tata Steel Limited has informed the Exchange about Loss of Share Certificates","14-Oct-2024 13:04:49","2024-10-14 13:04:49","14-Oct-2024 13:04:50","00:00:01","https://nsearchives.nseindia.com/corporate/TATASTEEL_14102024130449_BSENSE.pdf"
"TATASTEEL","Tata Steel Limited","Loss of Share Certificates","Tata Steel Limited has informed the Exchange about Loss of Share Certificates","11-Oct-2024 16:02:37","2024-10-11 16:02:37","11-Oct-2024 16:02:38","00:00:01","https://nsearchives.nseindia.com/corporate/TATASTEEL_11102024160237_Reg3911102024.pdf"
"TATASTEEL","Tata Steel Limited","Loss of Share Certificates","Tata Steel Limited has informed the Exchange about Loss of Share Certificates","10-Oct-2024 14:31:04","2024-10-10 14:31:04","10-Oct-2024 14:31:05","00:00:01","https://nsearchives.nseindia.com/corporate/TATASTEEL_10102024143104_Reg3910102024.pdf"
"TATASTEEL","Tata Steel Limited","Loss of Share Certificates","Tata Steel Limited has informed the Exchange about Loss of Share Certificates","09-Oct-2024 15:07:00","2024-10-09 15:07:00","09-Oct-2024 15:07:02","00:00:02","https://nsearchives.nseindia.com/corporate/TATASTEEL_09102024150700_Reg3909102024.pdf"
"TATASTEEL","Tata Steel Limited","Issue of Duplicate Share Certificate","Tata Steel Limited has informed the Exchange about Issue of Duplicate Share Certificate","09-Oct-2024 15:07:00","2024-10-09 15:07:00","09-Oct-2024 15:07:01","00:00:01","https://nsearchives.nseindia.com/corporate/TATASTEEL_09102024150700_Reg3909102024.pdf"
"TATASTEEL","Tata Steel Limited","Loss of Share Certificates","Tata Steel Limited has informed the Exchange about Loss of Share Certificates","08-Oct-2024 16:40:10","2024-10-08 16:40:10","08-Oct-2024 16:40:11","00:00:01","https://nsearchives.nseindia.com/corporate/TATASTEEL_08102024164010_Reg3908102024.pdf"
"TATASTEEL","Tata Steel Limited","Issue of Duplicate Share Certificate","Tata Steel Limited has informed the Exchange about Issue of Duplicate Share Certificate","08-Oct-2024 16:40:10","2024-10-08 16:40:10","08-Oct-2024 16:40:10","00:00:00","https://nsearchives.nseindia.com/corporate/TATASTEEL_08102024164010_Reg3908102024.pdf"
"TATASTEEL","Tata Steel Limited","Certificate under SEBI (Depositories and Participants) Regulations, 2018","Tata Steel Limited has informed the Exchange about Certificate under SEBI (Depositories and Participants) Regulations, 2018","07-Oct-2024 18:39:34","2024-10-07 18:39:34","07-Oct-2024 18:39:35","00:00:01","https://nsearchives.nseindia.com/corporate/TATASTEEL_07102024183934_TSLReg74_5_.pdf"
"TATASTEEL","Tata Steel Limited","Press Release","Tata Steel Limited has informed the Exchange regarding a press release dated October 06, 2024, titled ""Tata Steel 2QFY2025 Production and Delivery Volumes (Provisional)"".","06-Oct-2024 23:03:28","2024-10-06 23:03:28","06-Oct-2024 23:03:28","00:00:00","https://nsearchives.nseindia.com/corporate/TATASTEEL_06102024230328_BSENSE_PR.pdf"
"TATASTEEL","Tata Steel Limited","Issue of Duplicate Share Certificate","Tata Steel Limited has informed the Exchange about Issue of Duplicate Share Certificate","04-Oct-2024 16:13:43","2024-10-04 16:13:43","04-Oct-2024 16:13:44","00:00:01","https://nsearchives.nseindia.com/corporate/TATASTEEL_04102024161343_BSENSE.pdf"
"TATASTEEL","Tata Steel Limited","Loss of Share Certificates","Tata Steel Limited has informed the Exchange about Loss of Share Certificates","04-Oct-2024 16:13:43","2024-10-04 16:13:43","04-Oct-2024 16:13:45","00:00:02","https://nsearchives.nseindia.com/corporate/TATASTEEL_04102024161343_BSENSE.pdf"
"TATASTEEL","Tata Steel Limited","Loss of Share Certificates","Tata Steel Limited has informed the Exchange about Loss of Share Certificates","03-Oct-2024 16:00:12","2024-10-03 16:00:12","03-Oct-2024 16:00:12","00:00:00","https://nsearchives.nseindia.com/corporate/TATASTEEL_03102024160012_Reg3903102024.pdf"
"TATASTEEL","Tata Steel Limited","Press Release","Tata Steel Limited has informed the Exchange regarding a press release dated September 30, 2024, titled ""End of an era with closure of Blast Furnace 4 but green steel project will ensure next generation of steelmaking"".","30-Sep-2024 20:57:33","2024-09-30 20:57:33","30-Sep-2024 20:57:34","00:00:01","https://nsearchives.nseindia.com/corporate/TATASTEEL_30092024205733_BSENSE.pdf"
"TATASTEEL","Tata Steel Limited","Issue of Duplicate Share Certificate","Tata Steel Limited has informed the Exchange about Issue of Duplicate Share Certificate","30-Sep-2024 17:26:16","2024-09-30 17:26:16","30-Sep-2024 17:26:17","00:00:01","https://nsearchives.nseindia.com/corporate/TATASTEEL_30092024172617_BSENSE.pdf"
"TATASTEEL","Tata Steel Limited","Loss of Share Certificates","Tata Steel Limited has informed the Exchange about Loss of Share Certificates","30-Sep-2024 17:26:16","2024-09-30 17:26:16","30-Sep-2024 17:26:17","00:00:01","https://nsearchives.nseindia.com/corporate/TATASTEEL_30092024172617_BSENSE.pdf"
"TATASTEEL","Tata Steel Limited","Loss of Share Certificates","Tata Steel Limited has informed the Exchange about Loss of Share Certificates","27-Sep-2024 16:26:03","2024-09-27 16:26:03","27-Sep-2024 16:26:04","00:00:01","https://nsearchives.nseindia.com/corporate/TATASTEEL_27092024162603_Reg3927092024.pdf"
"TATASTEEL","Tata Steel Limited","Loss of Share Certificates","Tata Steel Limited has informed the Exchange about Loss of Share Certificates","27-Sep-2024 16:26:03","2024-09-27 16:26:03","27-Sep-2024 16:26:05","00:00:02","https://nsearchives.nseindia.com/corporate/TATASTEEL_27092024162603_Reg3927092024.pdf"
"TATASTEEL","Tata Steel Limited","Loss of Share Certificates","Tata Steel Limited has informed the Exchange about Loss of Share Certificates","26-Sep-2024 16:58:16","2024-09-26 16:58:16","26-Sep-2024 16:58:17","00:00:01","https://nsearchives.nseindia.com/corporate/TATASTEEL_26092024165816_Reg3926092024.pdf"
"TATASTEEL","Tata Steel Limited","Loss of Share Certificates","Tata Steel Limited has informed the Exchange about Loss of Share Certificates","25-Sep-2024 15:56:01","2024-09-25 15:56:01","25-Sep-2024 15:56:02","00:00:01","https://nsearchives.nseindia.com/corporate/TATASTEEL_25092024155601_BSENSE.pdf"
"TATASTEEL","Tata Steel Limited","Loss of Share Certificates","Tata Steel Limited has informed the Exchange about Loss of Share Certificates","25-Sep-2024 15:56:01","2024-09-25 15:56:01","25-Sep-2024 15:56:02","00:00:01","https://nsearchives.nseindia.com/corporate/TATASTEEL_25092024155601_BSENSE.pdf"
"TATASTEEL","Tata Steel Limited","Action(s) taken or orders passed","Tata Steel Limited has informed the Exchange about Order from the Office of the Assistant Commissioner of Central Tax, Haldia","25-Sep-2024 13:33:12","2024-09-25 13:33:12","25-Sep-2024 13:33:12","00:00:00","https://nsearchives.nseindia.com/corporate/TATASTEEL_25092024133312_BSENSE.pdf"
"TATASTEEL","Tata Steel Limited","Loss of Share Certificates","Tata Steel Limited has informed the Exchange about Loss of Share Certificates","24-Sep-2024 17:51:01","2024-09-24 17:51:01","24-Sep-2024 17:51:02","00:00:01","https://nsearchives.nseindia.com/corporate/TATASTEEL_24092024175101_Reg3924092024.pdf"
"TATASTEEL","Tata Steel Limited","Loss of Share Certificates","Tata Steel Limited has informed the Exchange about Loss of Share Certificates","23-Sep-2024 17:33:41","2024-09-23 17:33:41","23-Sep-2024 17:33:42","00:00:01","https://nsearchives.nseindia.com/corporate/TATASTEEL_23092024173341_Reg3923092024.pdf"
"TATASTEEL","Tata Steel Limited","Loss of Share Certificates","Tata Steel Limited has informed the Exchange about Loss of Share Certificates","23-Sep-2024 17:33:41","2024-09-23 17:33:41","23-Sep-2024 17:33:42","00:00:01","https://nsearchives.nseindia.com/corporate/TATASTEEL_23092024173341_Reg3923092024.pdf"
"TATASTEEL","Tata Steel Limited","Loss of Share Certificates","Tata Steel Limited has informed the Exchange about Loss of Share Certificates","20-Sep-2024 16:44:52","2024-09-20 16:44:52","20-Sep-2024 16:44:53","00:00:01","https://nsearchives.nseindia.com/corporate/TATASTEEL_20092024164452_BSENSE.pdf"
"TATASTEEL","Tata Steel Limited","Loss of Share Certificates","Tata Steel Limited has informed the Exchange about Loss of Share Certificates","20-Sep-2024 16:44:52","2024-09-20 16:44:52","20-Sep-2024 16:44:54","00:00:02","https://nsearchives.nseindia.com/corporate/TATASTEEL_20092024164452_BSENSE.pdf"
"TATASTEEL","Tata Steel Limited","Press Release","Tata Steel Limited has informed the Exchange regarding a press release dated September 20, 2024, titled ""Tata Steel commissions India s largest blast furnace at Kalinganagar"".","20-Sep-2024 16:19:12","2024-09-20 16:19:12","20-Sep-2024 16:19:12","00:00:00","https://nsearchives.nseindia.com/corporate/TATASTEEL_20092024161912_BSENSE.pdf"
"TATASTEEL","Tata Steel Limited","Trading Window","Tata Steel Limited has informed the Exchange regarding the Trading Window closure pursuant to SEBI (Prohibition of Insider Trading) Regulations, 2015","19-Sep-2024 16:11:14","2024-09-19 16:11:14","19-Sep-2024 16:11:15","00:00:01","https://nsearchives.nseindia.com/corporate/TATASTEEL_19092024161114_BSENSE.pdf"
"TATASTEEL","Tata Steel Limited","Loss of Share Certificates","Tata Steel Limited has informed the Exchange about Loss of Share Certificates","19-Sep-2024 14:02:58","2024-09-19 14:02:58","19-Sep-2024 14:02:59","00:00:01","https://nsearchives.nseindia.com/corporate/TATASTEEL_19092024140258_BSENSE.pdf"
"TATASTEEL","Tata Steel Limited","Analysts/Institutional Investor Meet/Con. Call Updates","Tata Steel Limited has informed the Exchange about Schedule of meet","18-Sep-2024 17:32:05","2024-09-18 17:32:05","18-Sep-2024 17:32:06","00:00:01","https://nsearchives.nseindia.com/corporate/TATASTEEL_18092024173205_Reg3018092024.pdf"
"TATASTEEL","Tata Steel Limited","Loss of Share Certificates","Tata Steel Limited has informed the Exchange about Loss of Share Certificates","18-Sep-2024 16:38:16","2024-09-18 16:38:16","18-Sep-2024 16:38:17","00:00:01","https://nsearchives.nseindia.com/corporate/TATASTEEL_18092024163816_Reg3918092024.pdf"
"TATASTEEL","Tata Steel Limited","Loss of Share Certificates","Tata Steel Limited has informed the Exchange about Loss of Share Certificates","18-Sep-2024 16:38:16","2024-09-18 16:38:16","18-Sep-2024 16:38:18","00:00:02","https://nsearchives.nseindia.com/corporate/TATASTEEL_18092024163816_Reg3918092024.pdf"
"TATASTEEL","Tata Steel Limited","Analysts/Institutional Investor Meet/Con. Call Updates","Tata Steel Limited has informed the Exchange about Schedule of meet","17-Sep-2024 12:52:06","2024-09-17 12:52:06","17-Sep-2024 12:52:09","00:00:03","https://nsearchives.nseindia.com/corporate/TATASTEEL_17092024125206_Reg3017092024_D.pdf"
"TATASTEEL","Tata Steel Limited","Analysts/Institutional Investor Meet/Con. Call Updates","Tata Steel Limited has informed the Exchange about Schedule of meet","17-Sep-2024 12:43:34","2024-09-17 12:43:34","17-Sep-2024 12:43:34","00:00:00","https://nsearchives.nseindia.com/corporate/TATASTEEL_17092024124334_Reg3017092024_C.pdf"
"TATASTEEL","Tata Steel Limited","Analysts/Institutional Investor Meet/Con. Call Updates","Tata Steel Limited has informed the Exchange about Schedule of meet","17-Sep-2024 12:36:12","2024-09-17 12:36:12","17-Sep-2024 12:36:13","00:00:01","https://nsearchives.nseindia.com/corporate/TATASTEEL_17092024123612_Reg3017092024_B.pdf"
"TATASTEEL","Tata Steel Limited","Analysts/Institutional Investor Meet/Con. Call Updates","Tata Steel Limited has informed the Exchange about Schedule of meet","17-Sep-2024 12:29:14","2024-09-17 12:29:14","17-Sep-2024 12:29:23","00:00:09","https://nsearchives.nseindia.com/corporate/TATASTEEL_17092024122914_Reg3017092024_A.pdf"
"TATASTEEL","Tata Steel Limited","Loss of Share Certificates","Tata Steel Limited has informed the Exchange about Loss of Share Certificates","16-Sep-2024 16:27:04","2024-09-16 16:27:04","16-Sep-2024 16:27:06","00:00:02","https://nsearchives.nseindia.com/corporate/TATASTEEL_16092024162704_BSENSE.pdf"
"TATASTEEL","Tata Steel Limited","Loss of Share Certificates","Tata Steel Limited has informed the Exchange about Loss of Share Certificates","13-Sep-2024 16:30:52","2024-09-13 16:30:52","13-Sep-2024 16:30:53","00:00:01","https://nsearchives.nseindia.com/corporate/TATASTEEL_13092024163053_Reg3913092024.pdf"
"TATASTEEL","Tata Steel Limited","Loss of Share Certificates","Tata Steel Limited has informed the Exchange about Loss of Share Certificates","13-Sep-2024 16:30:52","2024-09-13 16:30:52","13-Sep-2024 16:30:54","00:00:02","https://nsearchives.nseindia.com/corporate/TATASTEEL_13092024163053_Reg3913092024.pdf"
"TATASTEEL","Tata Steel Limited","Loss of Share Certificates","Tata Steel Limited has informed the Exchange about Loss of Share Certificates","12-Sep-2024 17:25:09","2024-09-12 17:25:09","12-Sep-2024 17:25:10","00:00:01","https://nsearchives.nseindia.com/corporate/TATASTEEL_12092024172509_BSENSE.pdf"
"TATASTEEL","Tata Steel Limited","Loss of Share Certificates","Tata Steel Limited has informed the Exchange about Loss of Share Certificates","11-Sep-2024 18:55:20","2024-09-11 18:55:20","11-Sep-2024 18:55:21","00:00:01","https://nsearchives.nseindia.com/corporate/TATASTEEL_11092024185520_Reg3911092024.pdf"
"TATASTEEL","Tata Steel Limited","Press Release","Tata Steel Limited has informed the Exchange regarding a press release dated September 11, 2024, titled ""Tata Steel signs #500 million Grant FundingAgreement with UK Government for #1.25 billion green steel project in Port Talbot"".","11-Sep-2024 17:20:42","2024-09-11 17:20:42","11-Sep-2024 17:20:43","00:00:01","https://nsearchives.nseindia.com/corporate/TATASTEEL_11092024172042_BSENSEPRESSRELEASE.pdf"
"TATASTEEL","Tata Steel Limited","Loss of Share Certificates","Tata Steel Limited has informed the Exchange about Loss of Share Certificates","09-Sep-2024 15:28:51","2024-09-09 15:28:51","09-Sep-2024 15:28:53","00:00:02","https://nsearchives.nseindia.com/corporate/TATASTEEL_09092024152851_BSENSE.pdf"
"TATASTEEL","Tata Steel Limited","Loss of Share Certificates","Tata Steel Limited has informed the Exchange about Loss of Share Certificates","09-Sep-2024 15:28:51","2024-09-09 15:28:51","09-Sep-2024 15:28:52","00:00:01","https://nsearchives.nseindia.com/corporate/TATASTEEL_09092024152851_BSENSE.pdf"
"TATASTEEL","Tata Steel Limited","Loss of Share Certificates","Tata Steel Limited has informed the Exchange about Loss of Share Certificates","06-Sep-2024 18:58:42","2024-09-06 18:58:42","06-Sep-2024 18:58:43","00:00:01","https://nsearchives.nseindia.com/corporate/TATASTEEL_06092024185842_Reg3906092024.pdf"
"TATASTEEL","Tata Steel Limited","Analysts/Institutional Investor Meet/Con. Call Updates","Tata Steel Limited has informed the Exchange about Schedule of meet","06-Sep-2024 14:22:59","2024-09-06 14:22:59","06-Sep-2024 14:23:00","00:00:01","https://nsearchives.nseindia.com/corporate/TATASTEEL_06092024142259_Reg3006092024.pdf"
"TATASTEEL","Tata Steel Limited","Loss of Share Certificates","Tata Steel Limited has informed the Exchange about Loss of Share Certificates","05-Sep-2024 18:13:29","2024-09-05 18:13:29","05-Sep-2024 18:13:30","00:00:01","https://nsearchives.nseindia.com/corporate/TATASTEEL_05092024181329_BSENSE.pdf"
"TATASTEEL","Tata Steel Limited","Loss of Share Certificates","Tata Steel Limited has informed the Exchange about Loss of Share Certificates","05-Sep-2024 18:13:29","2024-09-05 18:13:29","05-Sep-2024 18:13:30","00:00:01","https://nsearchives.nseindia.com/corporate/TATASTEEL_05092024181329_BSENSE.pdf"
"TATASTEEL","Tata Steel Limited","Loss of Share Certificates","Tata Steel Limited has informed the Exchange about Loss of Share Certificates","02-Sep-2024 15:24:05","2024-09-02 15:24:05","02-Sep-2024 15:24:05","00:00:00","https://nsearchives.nseindia.com/corporate/TATASTEEL_02092024152405_BSENSE.pdf"
"TATASTEEL","Tata Steel Limited","Scheme of Arrangement","Tata Steel Limited has informed the Exchange about  Effective Date  of the Scheme of Amalgamation amongst Tata Steel Limited and The Indian Steel & Wire Products Ltd and their respective shareholders","01-Sep-2024 07:50:27","2024-09-01 07:50:27","01-Sep-2024 07:50:28","00:00:01","https://nsearchives.nseindia.com/corporate/TATASTEEL_01092024075027_BSENSE.pdf"
"TATASTEEL","Tata Steel Limited","Amalgamation/Merger","Tata Steel Limited has informed the Exchange about  Effective Date  of the Scheme of Amalgamation amongst Tata Steel Limited and The Indian Steel & Wire Products Ltd and their respective shareholders","01-Sep-2024 07:44:01","2024-09-01 07:44:01","01-Sep-2024 07:44:02","00:00:01","https://nsearchives.nseindia.com/corporate/TATASTEEL_01092024074401_BSENSE.pdf"
"TATASTEEL","Tata Steel Limited","Loss of Share Certificates","Tata Steel Limited has informed the Exchange about Loss of Share Certificates","30-Aug-2024 12:23:32","2024-08-30 12:23:32","30-Aug-2024 12:23:33","00:00:01","https://nsearchives.nseindia.com/corporate/TATASTEEL_30082024122332_BSENSE.pdf"
"TATASTEEL","Tata Steel Limited","Acquisition","Tata Steel Limited has informed the Exchange about Acquisition","29-Aug-2024 18:35:20","2024-08-29 18:35:20","29-Aug-2024 18:35:21","00:00:01","https://nsearchives.nseindia.com/corporate/TATASTEEL_29082024183520_BSENSE.pdf"
"TATASTEEL","Tata Steel Limited","Loss of Share Certificates","Tata Steel Limited has informed the Exchange about Loss of Share Certificates","29-Aug-2024 16:26:04","2024-08-29 16:26:04","29-Aug-2024 16:26:05","00:00:01","https://nsearchives.nseindia.com/corporate/TATASTEEL_29082024162604_BSENSE.pdf"
"TATASTEEL","Tata Steel Limited","Credit Rating","Tata Steel Limited has informed the Exchange about Credit Rating","28-Aug-2024 22:45:14","2024-08-28 22:45:14","28-Aug-2024 22:45:15","00:00:01","https://nsearchives.nseindia.com/corporate/TATASTEEL_28082024224514_BSENSE.pdf"
"TATASTEEL","Tata Steel Limited","Acquisition","Tata Steel Limited has informed the Exchange about Acquisition of equity stake in T Steel Holdings Pte. Ltd","28-Aug-2024 18:16:33","2024-08-28 18:16:33","28-Aug-2024 18:16:34","00:00:01","https://nsearchives.nseindia.com/corporate/TATASTEEL_28082024181633_BSENSE.pdf"
"TATASTEEL","Tata Steel Limited","Loss of Share Certificates","Tata Steel Limited has informed the Exchange about Loss of Share Certificates","28-Aug-2024 15:49:28","2024-08-28 15:49:28","28-Aug-2024 15:49:28","00:00:00","https://nsearchives.nseindia.com/corporate/TATASTEEL_28082024154928_BSENSE.pdf"
"TATASTEEL","Tata Steel Limited","Loss of Share Certificates","Tata Steel Limited has informed the Exchange about Loss of Share Certificates","28-Aug-2024 15:49:28","2024-08-28 15:49:28","28-Aug-2024 15:49:29","00:00:01","https://nsearchives.nseindia.com/corporate/TATASTEEL_28082024154928_BSENSE.pdf"
"TATASTEEL","Tata Steel Limited","Loss of Share Certificates","Tata Steel Limited has informed the Exchange about Loss of Share Certificates","26-Aug-2024 16:54:34","2024-08-26 16:54:34","26-Aug-2024 16:54:35","00:00:01","https://nsearchives.nseindia.com/corporate/TATASTEEL_26082024165434_Reg3926082024.pdf"
"TATASTEEL","Tata Steel Limited","Scheme of Arrangement","Tata Steel Limited has informed the Exchange about Scheme of Arrangement","24-Aug-2024 21:34:58","2024-08-24 21:34:58","24-Aug-2024 21:34:59","00:00:01","https://nsearchives.nseindia.com/corporate/TATASTEEL_24082024213458_BSENSE.pdf"
"TATASTEEL","Tata Steel Limited","Amalgamation/Merger","Tata Steel Limited has informed the Exchange about Amalgamation/Merger","24-Aug-2024 21:30:44","2024-08-24 21:30:44","24-Aug-2024 21:30:45","00:00:01","https://nsearchives.nseindia.com/corporate/TATASTEEL_24082024213044_BSENSE.pdf"
"TATASTEEL","Tata Steel Limited","Loss of Share Certificates","Tata Steel Limited has informed the Exchange about Loss of Share Certificates","23-Aug-2024 17:03:08","2024-08-23 17:03:08","23-Aug-2024 17:03:09","00:00:01","https://nsearchives.nseindia.com/corporate/TATASTEEL_23082024170308_BSENSE.pdf"
"TATASTEEL","Tata Steel Limited","Loss of Share Certificates","Tata Steel Limited has informed the Exchange about Loss of Share Certificates","22-Aug-2024 15:57:21","2024-08-22 15:57:21","22-Aug-2024 15:57:22","00:00:01","https://nsearchives.nseindia.com/corporate/TATASTEEL_22082024155721_BSENSE.pdf"
"TATASTEEL","Tata Steel Limited","Credit Rating","Tata Steel Limited has informed the Exchange about Credit Rating","21-Aug-2024 18:58:44","2024-08-21 18:58:44","21-Aug-2024 18:58:45","00:00:01","https://nsearchives.nseindia.com/corporate/TATASTEEL_21082024185844_BSENSE.pdf"
"TATASTEEL","Tata Steel Limited","Loss of Share Certificates","Tata Steel Limited has informed the Exchange about Loss of Share Certificates","21-Aug-2024 16:44:08","2024-08-21 16:44:08","21-Aug-2024 16:44:09","00:00:01","https://nsearchives.nseindia.com/corporate/TATASTEEL_21082024164409_Reg3921082024.pdf"
"TATASTEEL","Tata Steel Limited","Loss of Share Certificates","Tata Steel Limited has informed the Exchange about Loss of Share Certificates","19-Aug-2024 14:33:11","2024-08-19 14:33:11","19-Aug-2024 14:33:12","00:00:01","https://nsearchives.nseindia.com/corporate/TATASTEEL_19082024143311_BSENSE.pdf"
"TATASTEEL","Tata Steel Limited","Investor Presentation","Tata Steel Limited has informed the Exchange about Investor Presentation","19-Aug-2024 13:23:19","2024-08-19 13:23:19","19-Aug-2024 13:23:20","00:00:01","https://nsearchives.nseindia.com/corporate/TATASTEEL_19082024132319_NSEBSECombined.pdf"
"TATASTEEL","Tata Steel Limited","Updates","Tata Steel Limited has informed the Exchange regarding 'Disclosure pursuant to Regulation 30(4) of the Securities and Exchange Board of India (Listing Obligations and Disclosure Requirements) Regulations, 2015''.","14-Aug-2024 20:18:28","2024-08-14 20:18:28","14-Aug-2024 20:18:29","00:00:01","https://nsearchives.nseindia.com/corporate/TATASTEEL_14082024201828_BSENSE.pdf"
"TATASTEEL","Tata Steel Limited","Loss of Share Certificates","Tata Steel Limited has informed the Exchange about Loss of Share Certificates","14-Aug-2024 17:40:00","2024-08-14 17:40:00","14-Aug-2024 17:40:01","00:00:01","https://nsearchives.nseindia.com/corporate/TATASTEEL_14082024174000_Reg3914082024.pdf"
"TATASTEEL","Tata Steel Limited","Acquisition","Tata Steel Limited has informed the Exchange about Acquisition","14-Aug-2024 16:50:57","2024-08-14 16:50:57","14-Aug-2024 16:50:58","00:00:01","https://nsearchives.nseindia.com/corporate/TATASTEEL_14082024165057_BSENSE.pdf"
"TATASTEEL","Tata Steel Limited","Loss of Share Certificates","Tata Steel Limited has informed the Exchange about Loss of Share Certificates","13-Aug-2024 16:18:51","2024-08-13 16:18:51","13-Aug-2024 16:18:52","00:00:01","https://nsearchives.nseindia.com/corporate/TATASTEEL_13082024161851_Reg3913082024.pdf"
"TATASTEEL","Tata Steel Limited","Loss of Share Certificates","Tata Steel Limited has informed the Exchange about Loss of Share Certificates","13-Aug-2024 16:18:51","2024-08-13 16:18:51","13-Aug-2024 16:18:52","00:00:01","https://nsearchives.nseindia.com/corporate/TATASTEEL_13082024161851_Reg3913082024.pdf"
"TATASTEEL","Tata Steel Limited","Analysts/Institutional Investor Meet/Con. Call Updates","Tata Steel Limited has informed the Exchange about Schedule of meet","12-Aug-2024 18:35:18","2024-08-12 18:35:18","12-Aug-2024 18:35:18","00:00:00","https://nsearchives.nseindia.com/corporate/TATASTEEL_12082024183518_Reg3012082024.pdf"
"TATASTEEL","Tata Steel Limited","Loss of Share Certificates","Tata Steel Limited has informed the Exchange about Loss of Share Certificates","12-Aug-2024 18:20:25","2024-08-12 18:20:25","12-Aug-2024 18:20:26","00:00:01","https://nsearchives.nseindia.com/corporate/TATASTEEL_12082024182025_Reg3912082024.pdf"
"TATASTEEL","Tata Steel Limited","Loss of Share Certificates","Tata Steel Limited has informed the Exchange about Loss of Share Certificates","09-Aug-2024 15:24:58","2024-08-09 15:24:58","09-Aug-2024 15:25:00","00:00:02","https://nsearchives.nseindia.com/corporate/TATASTEEL_09082024152459_BSENSE.pdf"
"TATASTEEL","Tata Steel Limited","Scheme of Arrangement","Tata Steel Limited has informed the Exchange about Scheme of Arrangement","07-Aug-2024 18:00:35","2024-08-07 18:00:35","07-Aug-2024 18:00:36","00:00:01","https://nsearchives.nseindia.com/corporate/TATASTEEL_07082024180035_NSE.pdf"
"TATASTEEL","Tata Steel Limited","Amalgamation/Merger","Tata Steel Limited has informed the Exchange about Amalgamation/Merger","07-Aug-2024 17:58:10","2024-08-07 17:58:10","07-Aug-2024 17:58:11","00:00:01","https://nsearchives.nseindia.com/corporate/TATASTEEL_07082024175810_NSE.pdf"
"TATASTEEL","Tata Steel Limited","Loss of Share Certificates","Tata Steel Limited has informed the Exchange about Loss of Share Certificates","07-Aug-2024 16:35:36","2024-08-07 16:35:36","07-Aug-2024 16:35:37","00:00:01","https://nsearchives.nseindia.com/corporate/TATASTEEL_07082024163536_Reg3907082024.pdf"
"TATASTEEL","Tata Steel Limited","Loss of Share Certificates","Tata Steel Limited has informed the Exchange about Loss of Share Certificates","07-Aug-2024 16:35:36","2024-08-07 16:35:36","07-Aug-2024 16:35:38","00:00:02","https://nsearchives.nseindia.com/corporate/TATASTEEL_07082024163536_Reg3907082024.pdf"
"TATASTEEL","Tata Steel Limited","Analysts/Institutional Investor Meet/Con. Call Updates","Tata Steel Limited has informed the Exchange about Transcript","07-Aug-2024 16:11:24","2024-08-07 16:11:24","07-Aug-2024 16:11:26","00:00:02","https://nsearchives.nseindia.com/corporate/TATASTEEL_07082024161124_Reg3007082024.pdf"
"TATASTEEL","Tata Steel Limited","Loss of Share Certificates","Tata Steel Limited has informed the Exchange about Loss of Share Certificates","06-Aug-2024 20:50:30","2024-08-06 20:50:30","06-Aug-2024 20:50:30","00:00:00","https://nsearchives.nseindia.com/corporate/TATASTEEL_06082024205030_Combinedfilesigned.pdf"
"TATASTEEL","Tata Steel Limited","Scheme of Arrangement","Tata Steel Limited has informed the Exchange about Scheme of Arrangement","06-Aug-2024 19:15:06","2024-08-06 19:15:06","06-Aug-2024 19:15:07","00:00:01","https://nsearchives.nseindia.com/corporate/TATASTEEL_06082024191506_BSENSE.pdf"
"TATASTEEL","Tata Steel Limited","Amalgamation/Merger","Tata Steel Limited has informed the Exchange about Amalgamation/Merger","06-Aug-2024 19:11:22","2024-08-06 19:11:22","06-Aug-2024 19:11:23","00:00:01","https://nsearchives.nseindia.com/corporate/TATASTEEL_06082024191122_BSENSE.pdf"
"TATASTEEL","Tata Steel Limited","Loss of Share Certificates","Tata Steel Limited has informed the Exchange about Loss of Share Certificates","05-Aug-2024 17:17:02","2024-08-05 17:17:02","05-Aug-2024 17:17:03","00:00:01","https://nsearchives.nseindia.com/corporate/TATASTEEL_05082024171702_Reg3905082024.pdf"
"TATASTEEL","Tata Steel Limited","Loss of Share Certificates","Tata Steel Limited has informed the Exchange about Loss of Share Certificates","02-Aug-2024 18:36:38","2024-08-02 18:36:38","02-Aug-2024 18:36:38","00:00:00","https://nsearchives.nseindia.com/corporate/TATASTEEL_02082024183638_Reg3902082024.pdf"
"TATASTEEL","Tata Steel Limited","Loss of Share Certificates","Tata Steel Limited has informed the Exchange about Loss of Share Certificates","02-Aug-2024 18:36:38","2024-08-02 18:36:38","02-Aug-2024 18:36:39","00:00:01","https://nsearchives.nseindia.com/corporate/TATASTEEL_02082024183638_Reg3902082024.pdf"
"TATASTEEL","Tata Steel Limited","Copy of Newspaper Publication","Tata Steel Limited has informed the Exchange about Copy of Newspaper Publication for the financial results of Tata Steel Limited for the quarter ended June 30, 2024","02-Aug-2024 14:31:09","2024-08-02 14:31:09","02-Aug-2024 14:31:10","00:00:01","https://nsearchives.nseindia.com/corporate/TATASTEEL_02082024143109_BSENSE_Signed.pdf"
"TATASTEEL","Tata Steel Limited","Analysts/Institutional Investor Meet/Con. Call Updates","Tata Steel Limited has informed the Exchange about Link of Recording","02-Aug-2024 12:20:59","2024-08-02 12:20:59","02-Aug-2024 12:21:00","00:00:01","https://nsearchives.nseindia.com/corporate/TATASTEEL_02082024122059_BSENSE.pdf"
"TATASTEEL","Tata Steel Limited","Analysts/Institutional Investor Meet/Con. Call Updates","Tata Steel Limited has informed the Exchange about Schedule of meet","01-Aug-2024 21:45:47","2024-08-01 21:45:47","01-Aug-2024 21:45:48","00:00:01","https://nsearchives.nseindia.com/corporate/TATASTEEL_01082024214547_BSENSE_F.pdf"
"TATASTEEL","Tata Steel Limited","Amalgamation/Merger","Tata Steel Limited has informed the Exchange about Amalgamation/Merger","01-Aug-2024 13:00:47","2024-08-01 13:00:47","01-Aug-2024 13:00:48","00:00:01","https://nsearchives.nseindia.com/corporate/TATASTEEL_01082024130047_BSENSE_AEL.pdf"
"TATASTEEL","Tata Steel Limited","Updates","Tata Steel Limited has informed the Exchange regarding 'Disclosure pursuant to Regulation 30(4) of the Securities and Exchange Board of India (Listing Obligations and Disclosure Requirements) Regulations, 2015'.","31-Jul-2024 19:37:16","2024-07-31 19:37:16","31-Jul-2024 19:37:17","00:00:01","https://nsearchives.nseindia.com/corporate/TATASTEEL_31072024193716_TSLMateriallitigation.pdf"
"TATASTEEL","Tata Steel Limited","Investor Presentation","Tata Steel Limited has informed the Exchange about Investor Presentation","31-Jul-2024 19:20:10","2024-07-31 19:20:10","31-Jul-2024 19:20:10","00:00:00","https://nsearchives.nseindia.com/corporate/TATASTEEL_31072024192010_TSL_Jul30_IRpresentation.pdf"
"TATASTEEL","Tata Steel Limited","Press Release","Tata Steel Limited has informed the Exchange regarding a press release dated July 31, 2024, titled ""Tata Steel reports Consolidated EBITDA of Rs 6,822 crores forthe quarter ended June 30, 2024"".","31-Jul-2024 18:58:11","2024-07-31 18:58:11","31-Jul-2024 18:58:11","00:00:00","https://nsearchives.nseindia.com/corporate/TATASTEEL_31072024185811_PRESSRELEASENSEBSE1.pdf"
"TATASTEEL","Tata Steel Limited","Updates","Tata Steel Limited has informed the Exchange regarding 'Outcome of Board Meeting held on July 31, 2024'.","31-Jul-2024 18:22:56","2024-07-31 18:22:56","31-Jul-2024 18:22:57","00:00:01","https://nsearchives.nseindia.com/corporate/TATASTEEL_31072024182256_BSENSE.pdf"
"TATASTEEL","Tata Steel Limited","Amalgamation/Merger","Tata Steel Limited has informed the Exchange about Scheme of Amalgamation amongst Rujuvalika Investments Limited and Tata Steel Limited and their respective shareholders","31-Jul-2024 18:19:01","2024-07-31 18:19:01","31-Jul-2024 18:19:02","00:00:01","https://nsearchives.nseindia.com/corporate/TATASTEEL_31072024181901_BSENSE.pdf"
"TATASTEEL","Tata Steel Limited","Acquisition","Tata Steel Limited has informed the Exchange about Acquisition of 26% equity stake in TP Parivart Ltd and Infusion of funds for subscription to equity shares of Neelachal Ispat Nigam Limited","31-Jul-2024 18:16:45","2024-07-31 18:16:45","31-Jul-2024 18:16:45","00:00:00","https://nsearchives.nseindia.com/corporate/TATASTEEL_31072024181645_BSENSE.pdf"
"TATASTEEL","Tata Steel Limited","Outcome of Board Meeting","Tata Steel Limited has informed the Exchange regarding  Board meeting held on July 31, 2024.","31-Jul-2024 18:12:20","2024-07-31 18:12:20","31-Jul-2024 18:12:21","00:00:01","https://nsearchives.nseindia.com/corporate/TATASTEEL_31072024181220_BSENSE.pdf"
"TATASTEEL","Tata Steel Limited","Financial Result Updates"," Tata Steel Limited has submitted to the Exchange, the financial results for the period ended June 30, 2024.","31-Jul-2024 18:10:55","2024-07-31 18:10:55","31-Jul-2024 18:10:55","00:00:00","https://nsearchives.nseindia.com/corporate/BSENSE_31072024181055.pdf"
"TATASTEEL","Tata Steel Limited","Loss of Share Certificates","Tata Steel Limited has informed the Exchange about Loss of Share Certificates","31-Jul-2024 17:25:21","2024-07-31 17:25:21","31-Jul-2024 17:25:21","00:00:00","https://nsearchives.nseindia.com/corporate/TATASTEEL_31072024172521_BSENSE.pdf"
"TATASTEEL","Tata Steel Limited","Loss of Share Certificates","Tata Steel Limited has informed the Exchange about Loss of Share Certificates","30-Jul-2024 17:44:38","2024-07-30 17:44:38","30-Jul-2024 17:44:39","00:00:01","https://nsearchives.nseindia.com/corporate/TATASTEEL_30072024174438_Reg3930072024.pdf"
"TATASTEEL","Tata Steel Limited","Loss of Share Certificates","Tata Steel Limited has informed the Exchange about Loss of Share Certificates","30-Jul-2024 17:44:38","2024-07-30 17:44:38","30-Jul-2024 17:44:38","00:00:00","https://nsearchives.nseindia.com/corporate/TATASTEEL_30072024174438_Reg3930072024.pdf"
"TATASTEEL","Tata Steel Limited","Acquisition","Tata Steel Limited has informed the Exchange about Acquisition","29-Jul-2024 18:45:51","2024-07-29 18:45:51","29-Jul-2024 18:45:51","00:00:00","https://nsearchives.nseindia.com/corporate/TATASTEEL_29072024184551_BSENSE.pdf"
"TATASTEEL","Tata Steel Limited","Loss of Share Certificates","Tata Steel Limited has informed the Exchange about Loss of Share Certificates","29-Jul-2024 17:50:28","2024-07-29 17:50:28","29-Jul-2024 17:50:29","00:00:01","https://nsearchives.nseindia.com/corporate/TATASTEEL_29072024175028_Reg3929072024.pdf"
"TATASTEEL","Tata Steel Limited","Loss of Share Certificates","Tata Steel Limited has informed the Exchange about Loss of Share Certificates","26-Jul-2024 17:50:54","2024-07-26 17:50:54","26-Jul-2024 17:50:55","00:00:01","https://nsearchives.nseindia.com/corporate/TATASTEEL_26072024175054_Reg3926072024.pdf"
"TATASTEEL","Tata Steel Limited","Loss of Share Certificates","Tata Steel Limited has informed the Exchange about Loss of Share Certificates","25-Jul-2024 16:45:12","2024-07-25 16:45:12","25-Jul-2024 16:45:14","00:00:02","https://nsearchives.nseindia.com/corporate/TATASTEEL_25072024164512_Reg3925072024.pdf"
"TATASTEEL","Tata Steel Limited","Analysts/Institutional Investor Meet/Con. Call Updates","Tata Steel Limited has informed the Exchange about Schedule of Analyst / Institutional Investor Meeting under the SEBI (Listing Obligations and Disclosure Requirements) Regulations, 2015","24-Jul-2024 15:07:40","2024-07-24 15:07:40","24-Jul-2024 15:07:40","00:00:00","https://nsearchives.nseindia.com/corporate/TATASTEEL_24072024150740_BSENSECombined.pdf"
"TATASTEEL","Tata Steel Limited","Loss of Share Certificates","Tata Steel Limited has informed the Exchange about Loss of Share Certificates","22-Jul-2024 17:23:05","2024-07-22 17:23:05","22-Jul-2024 17:23:06","00:00:01","https://nsearchives.nseindia.com/corporate/TATASTEEL_22072024172305_Reg3922072024.pdf"
"TATASTEEL","Tata Steel Limited","Amalgamation/Merger","Tata Steel Limited has informed the Exchange about Amalgamation/Merger of AngulEnergy Limited into and with Tata Steel Limited","20-Jul-2024 15:21:48","2024-07-20 15:21:48","20-Jul-2024 15:21:49","00:00:01","https://nsearchives.nseindia.com/corporate/TATASTEEL_20072024152148_BSENSEJULY20.pdf"
"TATASTEEL","Tata Steel Limited","Scheme of Arrangement","Tata Steel Limited has informed the Exchange about Scheme of Arrangement of AngulEnergy Limited into and with Tata Steel Limited","20-Jul-2024 15:17:00","2024-07-20 15:17:00","20-Jul-2024 15:17:00","00:00:00","https://nsearchives.nseindia.com/corporate/TATASTEEL_20072024151700_BSENSEJULY20.pdf"
"TATASTEEL","Tata Steel Limited","Loss of Share Certificates","Tata Steel Limited has informed the Exchange about Loss of Share Certificates","18-Jul-2024 17:58:39","2024-07-18 17:58:39","18-Jul-2024 17:58:39","00:00:00","https://nsearchives.nseindia.com/corporate/TATASTEEL_18072024175839_Reg3918072024.pdf"
"TATASTEEL","Tata Steel Limited","Change in Management","Tata Steel Limited has informed the Exchange about change in Management","17-Jul-2024 20:08:59","2024-07-17 20:08:59","17-Jul-2024 20:09:00","00:00:01","https://nsearchives.nseindia.com/corporate/TATASTEEL_17072024200859_BSENSE.pdf"
"TATASTEEL","Tata Steel Limited","Loss of Share Certificates","Tata Steel Limited has informed the Exchange about Loss of Share Certificates","16-Jul-2024 17:51:51","2024-07-16 17:51:51","16-Jul-2024 17:51:53","00:00:02","https://nsearchives.nseindia.com/corporate/TATASTEEL_16072024175151_Reg3916072024.pdf"
"TATASTEEL","Tata Steel Limited","Updates","Tata Steel Limited has informed the Exchange regarding 'Voting Results and Summary of the Proceedings of the 117th Annual General Meeting of Tata Steel Limited'.","16-Jul-2024 00:47:11","2024-07-16 00:47:11","16-Jul-2024 00:47:12","00:00:01","https://nsearchives.nseindia.com/corporate/TATASTEEL_16072024004711_BSENSECombined.pdf"
"TATASTEEL","Tata Steel Limited","Shareholders meeting","Tata Steel Limited has informed the Exchange regarding Proceedings of Annual General Meeting held on July 15, 2024. Further, the company has informed the Exchange regarding voting results along with copy of scrutinizers report together with copy of minutes.","16-Jul-2024 00:45:09","2024-07-16 00:45:09","16-Jul-2024 00:45:10","00:00:01","https://nsearchives.nseindia.com/corporate/TATASTEEL_16072024004509_BSENSECombined.pdf"
"TATASTEEL","Tata Steel Limited","Loss of Share Certificates","Tata Steel Limited has informed the Exchange about Loss of Share Certificates","15-Jul-2024 20:16:36","2024-07-15 20:16:36","15-Jul-2024 20:16:36","00:00:00","https://nsearchives.nseindia.com/corporate/TATASTEEL_15072024201636_Reg3915072024.pdf"
"TATASTEEL","Tata Steel Limited","Investor Presentation","Tata Steel Limited has informed the Exchange about Investor Presentation","15-Jul-2024 15:01:03","2024-07-15 15:01:03","15-Jul-2024 15:01:03","00:00:00","https://nsearchives.nseindia.com/corporate/TATASTEEL_15072024150103_BSENSECombined.pdf"
"TATASTEEL","Tata Steel Limited","Loss of Share Certificates","Tata Steel Limited has informed the Exchange about Loss of Share Certificates","12-Jul-2024 17:58:44","2024-07-12 17:58:44","12-Jul-2024 17:58:45","00:00:01","https://nsearchives.nseindia.com/corporate/TATASTEEL_12072024175844_BSENSE.pdf"
"TATASTEEL","Tata Steel Limited","Loss of Share Certificates","Tata Steel Limited has informed the Exchange about Loss of Share Certificates","12-Jul-2024 17:58:44","2024-07-12 17:58:44","12-Jul-2024 17:58:45","00:00:01","https://nsearchives.nseindia.com/corporate/TATASTEEL_12072024175844_BSENSE.pdf"
"TATASTEEL","Tata Steel Limited","Loss of Share Certificates","Tata Steel Limited has informed the Exchange about Loss of Share Certificates","10-Jul-2024 17:38:33","2024-07-10 17:38:33","10-Jul-2024 17:38:35","00:00:02","https://nsearchives.nseindia.com/corporate/TATASTEEL_10072024173834_Reg3910072024.pdf"
"TATASTEEL","Tata Steel Limited","Loss of Share Certificates","Tata Steel Limited has informed the Exchange about Loss of Share Certificates","09-Jul-2024 17:57:33","2024-07-09 17:57:33","09-Jul-2024 17:57:34","00:00:01","https://nsearchives.nseindia.com/corporate/TATASTEEL_09072024175733_Reg3909072024.pdf"
"TATASTEEL","Tata Steel Limited","Press Release","Tata Steel Limited has informed the Exchange regarding a press release dated July 06, 2024, titled ""Tata Steel: 1QFY2025 Production and Delivery Volumes (Provisional)"".","06-Jul-2024 15:53:55","2024-07-06 15:53:55","06-Jul-2024 15:53:56","00:00:01","https://nsearchives.nseindia.com/corporate/TATASTEEL_06072024155355_BSENSE.pdf"
"TATASTEEL","Tata Steel Limited","Loss of Share Certificates","Tata Steel Limited has informed the Exchange about Loss of Share Certificates","05-Jul-2024 17:21:54","2024-07-05 17:21:54","05-Jul-2024 17:21:55","00:00:01","https://nsearchives.nseindia.com/corporate/TATASTEEL_05072024172154_Reg3905072024.pdf"
"TATASTEEL","Tata Steel Limited","Certificate under SEBI (Depositories and Participants) Regulations, 2018","Tata Steel Limited has informed the Exchange about Certificate under SEBI (Depositories and Participants) Regulations, 2018","04-Jul-2024 16:40:34","2024-07-04 16:40:34","04-Jul-2024 16:40:35","00:00:01","https://nsearchives.nseindia.com/corporate/TATASTEEL_04072024164034_TSLReg74_5_.pdf"
"TATASTEEL","Tata Steel Limited","Loss of Share Certificates","Tata Steel Limited has informed the Exchange about Loss of Share Certificates","04-Jul-2024 14:44:36","2024-07-04 14:44:36","04-Jul-2024 14:44:37","00:00:01","https://nsearchives.nseindia.com/corporate/TATASTEEL_04072024144437_Reg3904072024.pdf"
"TATASTEEL","Tata Steel Limited","Amalgamation/Merger","Tata Steel Limited has informed the Exchange about Amalgamation/Merger","03-Jul-2024 21:18:17","2024-07-03 21:18:17","03-Jul-2024 21:18:18","00:00:01","https://nsearchives.nseindia.com/corporate/TATASTEEL_03072024211817_BSENSECombined.pdf"
"TATASTEEL","Tata Steel Limited","Scheme of Arrangement","Tata Steel Limited has informed the Exchange about Scheme of Arrangement","03-Jul-2024 21:16:37","2024-07-03 21:16:37","03-Jul-2024 21:16:38","00:00:01","https://nsearchives.nseindia.com/corporate/TATASTEEL_03072024211637_BSENSECombined.pdf"
"TATASTEEL","Tata Steel Limited","Loss of Share Certificates","Tata Steel Limited has informed the Exchange about Loss of Share Certificates","02-Jul-2024 17:23:21","2024-07-02 17:23:21","02-Jul-2024 17:23:22","00:00:01","https://nsearchives.nseindia.com/corporate/TATASTEEL_02072024172321_Reg3902072024.pdf"
"TATASTEEL","Tata Steel Limited","Press Release","Tata Steel Limited has informed the Exchange regarding a press release dated July 01, 2024, titled ""Tata Steel UK has received confirmation of suspension of proposed strike action from Unite Union""","02-Jul-2024 08:44:13","2024-07-02 08:44:13","02-Jul-2024 08:44:13","00:00:00","https://nsearchives.nseindia.com/corporate/TATASTEEL_02072024084413_TATASTEEL.pdf"
"TATASTEEL","Tata Steel Limited","Scheme of Arrangement","Tata Steel Limited has informed the Exchange about Scheme of Arrangement","01-Jul-2024 18:14:53","2024-07-01 18:14:53","01-Jul-2024 18:14:54","00:00:01","https://nsearchives.nseindia.com/corporate/TATASTEEL_01072024181453_NSEBSE.pdf"
"TATASTEEL","Tata Steel Limited","Amalgamation/Merger","Tata Steel Limited has informed the Exchange about Amalgamation/Merger","01-Jul-2024 18:13:22","2024-07-01 18:13:22","01-Jul-2024 18:13:23","00:00:01","https://nsearchives.nseindia.com/corporate/TATASTEEL_01072024181322_NSEBSE.pdf"
"TATASTEEL","Tata Steel Limited","Loss of Share Certificates","Tata Steel Limited has informed the Exchange about Loss of Share Certificates","01-Jul-2024 17:18:02","2024-07-01 17:18:02","01-Jul-2024 17:18:02","00:00:00","https://nsearchives.nseindia.com/corporate/TATASTEEL_01072024171802_Reg3901072024.pdf"
"TATASTEEL","Tata Steel Limited","Acquisition","Tata Steel Limited has informed the Exchange about Acquisition","28-Jun-2024 19:10:45","2024-06-28 19:10:45","28-Jun-2024 19:10:46","00:00:01","https://nsearchives.nseindia.com/corporate/TATASTEEL_28062024191045_NSEBSE.pdf"
"TATASTEEL","Tata Steel Limited","Loss of Share Certificates","Tata Steel Limited has informed the Exchange about Loss of Share Certificates","28-Jun-2024 17:28:30","2024-06-28 17:28:30","28-Jun-2024 17:28:30","00:00:00","https://nsearchives.nseindia.com/corporate/TATASTEEL_28062024172830_Reg3928062024.pdf"
"TATASTEEL","Tata Steel Limited","Updates","Tata Steel Limited has informed the Exchange regarding 'Intimation to the holders of physical securities to furnish PAN, KYC details and Nomination as per SEBI Master Circular dated May 7, 2024'.","27-Jun-2024 21:29:16","2024-06-27 21:29:16","27-Jun-2024 21:29:17","00:00:01","https://nsearchives.nseindia.com/corporate/TATASTEEL_27062024212916_BSENSE.pdf"
"TATASTEEL","Tata Steel Limited","Acquisition","Tata Steel Limited has informed the Exchange about Acquisition","25-Jun-2024 21:43:25","2024-06-25 21:43:25","25-Jun-2024 21:43:26","00:00:01","https://nsearchives.nseindia.com/corporate/TATASTEEL_25062024214325_BSENSE.pdf"
"TATASTEEL","Tata Steel Limited","Loss of Share Certificates","Tata Steel Limited has informed the Exchange about Loss of Share Certificates","25-Jun-2024 17:23:33","2024-06-25 17:23:33","25-Jun-2024 17:23:34","00:00:01","https://nsearchives.nseindia.com/corporate/TATASTEEL_25062024172333_Reg3925062024.pdf"
"TATASTEEL","Tata Steel Limited","Loss of Share Certificates","Tata Steel Limited has informed the Exchange about Loss of Share Certificates","24-Jun-2024 17:40:45","2024-06-24 17:40:45","24-Jun-2024 17:40:45","00:00:00","https://nsearchives.nseindia.com/corporate/TATASTEEL_24062024174045_Reg3924062024.pdf"
"TATASTEEL","Tata Steel Limited","Copy of Newspaper Publication","Tata Steel Limited has informed the Exchange about Copy of Newspaper Publication","24-Jun-2024 15:15:38","2024-06-24 15:15:38","24-Jun-2024 15:15:39","00:00:01","https://nsearchives.nseindia.com/corporate/TATASTEEL_24062024151538_BSENSECombined.pdf"
"TATASTEEL","Tata Steel Limited","Updates","Tata Steel Limited has informed the Exchange regarding 'Business Responsibility and Sustainability Report for FY 2023-24'.","22-Jun-2024 19:33:21","2024-06-22 19:33:21","22-Jun-2024 19:33:21","00:00:00","https://nsearchives.nseindia.com/corporate/TATASTEEL_22062024193321_BRSRNSEBSE.pdf"
"TATASTEEL","Tata Steel Limited","Shareholders meeting","Tata Steel Limited has informed the Exchange regarding Notice of Annual General Meeting to be held on July 15, 2024","22-Jun-2024 19:28:13","2024-06-22 19:28:13","22-Jun-2024 19:28:14","00:00:01","https://nsearchives.nseindia.com/corporate/TATASTEEL_22062024192813_AGMNOTICE.pdf"
"TATASTEEL","Tata Steel Limited","Amalgamation/Merger","Tata Steel Limited has informed the Exchange about Amalgamation/Merger","21-Jun-2024 22:43:24","2024-06-21 22:43:24","21-Jun-2024 22:43:24","00:00:00","https://nsearchives.nseindia.com/corporate/TATASTEEL_21062024224324_BSENSECombined.pdf"
"TATASTEEL","Tata Steel Limited","Scheme of Arrangement","Tata Steel Limited has informed the Exchange about Scheme of Arrangement","21-Jun-2024 22:41:47","2024-06-21 22:41:47","21-Jun-2024 22:41:48","00:00:01","https://nsearchives.nseindia.com/corporate/TATASTEEL_21062024224147_BSENSECombined.pdf"
"TATASTEEL","Tata Steel Limited","Loss of Share Certificates","Tata Steel Limited has informed the Exchange about Loss of Share Certificates","21-Jun-2024 19:12:46","2024-06-21 19:12:46","21-Jun-2024 19:12:46","00:00:00","https://nsearchives.nseindia.com/corporate/TATASTEEL_21062024191246_Reg3921062024.pdf"
"TATASTEEL","Tata Steel Limited","Loss of Share Certificates","Tata Steel Limited has informed the Exchange about Loss of Share Certificates","20-Jun-2024 18:44:17","2024-06-20 18:44:17","20-Jun-2024 18:44:19","00:00:02","https://nsearchives.nseindia.com/corporate/TATASTEEL_20062024184417_Reg3920062024.pdf"
"TATASTEEL","Tata Steel Limited","Loss of Share Certificates","Tata Steel Limited has informed the Exchange about Loss of Share Certificates","20-Jun-2024 18:44:17","2024-06-20 18:44:17","20-Jun-2024 18:44:19","00:00:02","https://nsearchives.nseindia.com/corporate/TATASTEEL_20062024184417_Reg3920062024.pdf"
"TATASTEEL","Tata Steel Limited","Trading Window","Tata Steel Limited has informed the Exchange regarding the Trading Window closure pursuant to SEBI (Prohibition of Insider Trading) Regulations, 2015","20-Jun-2024 18:23:54","2024-06-20 18:23:54","20-Jun-2024 18:23:55","00:00:01","https://nsearchives.nseindia.com/corporate/TATASTEEL_20062024182354_TWCIntimationsigned.pdf"
"TATASTEEL","Tata Steel Limited","Analysts/Institutional Investor Meet/Con. Call Updates","Tata Steel Limited has informed the Exchange about Schedule of meet","20-Jun-2024 10:23:26","2024-06-20 10:23:26","20-Jun-2024 10:23:26","00:00:00","https://nsearchives.nseindia.com/corporate/TATASTEEL_20062024102326_BReg3020062024.pdf"
"TATASTEEL","Tata Steel Limited","Analysts/Institutional Investor Meet/Con. Call Updates","Tata Steel Limited has informed the Exchange about Schedule of meet","20-Jun-2024 10:20:38","2024-06-20 10:20:38","20-Jun-2024 10:20:39","00:00:01","https://nsearchives.nseindia.com/corporate/TATASTEEL_20062024102038_AReg3020062024.pdf"
"TATASTEEL","Tata Steel Limited","Loss of Share Certificates","Tata Steel Limited has informed the Exchange about Loss of Share Certificates","19-Jun-2024 15:38:48","2024-06-19 15:38:48","19-Jun-2024 15:38:49","00:00:01","https://nsearchives.nseindia.com/corporate/TATASTEEL_19062024153848_Reg3919062024.pdf"
"TATASTEEL","Tata Steel Limited","Loss of Share Certificates","Tata Steel Limited has informed the Exchange about Loss of Share Certificates","18-Jun-2024 17:34:56","2024-06-18 17:34:56","18-Jun-2024 17:34:57","00:00:01","https://nsearchives.nseindia.com/corporate/TATASTEEL_18062024173456_Reg3918062024.pdf"
"TATASTEEL","Tata Steel Limited","Loss of Share Certificates","Tata Steel Limited has informed the Exchange about Loss of Share Certificates","18-Jun-2024 17:34:56","2024-06-18 17:34:56","18-Jun-2024 17:34:57","00:00:01","https://nsearchives.nseindia.com/corporate/TATASTEEL_18062024173456_Reg3918062024.pdf"
"TATASTEEL","Tata Steel Limited","Loss of Share Certificates","Tata Steel Limited has informed the Exchange about Loss of Share Certificates","17-Jun-2024 19:15:24","2024-06-17 19:15:24","17-Jun-2024 19:15:25","00:00:01","https://nsearchives.nseindia.com/corporate/TATASTEEL_17062024191524_Reg3917062024.pdf"
"TATASTEEL","Tata Steel Limited","Loss of Share Certificates","Tata Steel Limited has informed the Exchange about Loss of Share Certificates","14-Jun-2024 16:20:07","2024-06-14 16:20:07","14-Jun-2024 16:20:08","00:00:01","https://nsearchives.nseindia.com/corporate/TATASTEEL_14062024162007_Reg3914062024.pdf"
"TATASTEEL","Tata Steel Limited","Credit Rating","Tata Steel Limited has informed the Exchange about Credit Rating","14-Jun-2024 15:09:21","2024-06-14 15:09:21","14-Jun-2024 15:09:22","00:00:01","https://nsearchives.nseindia.com/corporate/TATASTEEL_14062024150921_BSENSE.pdf"
"TATASTEEL","Tata Steel Limited","Copy of Newspaper Publication","Tata Steel Limited has informed the Exchange about Copy of Newspaper Publication","13-Jun-2024 21:31:43","2024-06-13 21:31:43","13-Jun-2024 21:31:44","00:00:01","https://nsearchives.nseindia.com/corporate/TATASTEEL_13062024213143_BSENSECombined.pdf"
"TATASTEEL","Tata Steel Limited","Loss of Share Certificates","Tata Steel Limited has informed the Exchange about Loss of Share Certificates","13-Jun-2024 18:42:14","2024-06-13 18:42:14","13-Jun-2024 18:42:15","00:00:01","https://nsearchives.nseindia.com/corporate/TATASTEEL_13062024184214_Reg3913062024.pdf"
"TATASTEEL","Tata Steel Limited","Investor Presentation","Tata Steel Limited has informed the Exchange about Investor Presentation","12-Jun-2024 12:35:26","2024-06-12 12:35:26","12-Jun-2024 12:35:26","00:00:00","https://nsearchives.nseindia.com/corporate/TATASTEEL_12062024123526_NSEBSE.pdf"
"TATASTEEL","Tata Steel Limited","Rumour Verification - Regulation 30(11)","Tata Steel Limited submits rumour verification as enclosed.","11-Jun-2024 09:57:58","2024-06-11 09:57:58","11-Jun-2024 09:57:59","00:00:01","https://nsearchives.nseindia.com/corporate/TATASTEEL_11062024095758_BSENSE.pdf"
"TATASTEEL","Tata Steel Limited","Loss of Share Certificates","Tata Steel Limited has informed the Exchange about Loss of Share Certificates","10-Jun-2024 16:27:22","2024-06-10 16:27:22","10-Jun-2024 16:27:23","00:00:01","https://nsearchives.nseindia.com/corporate/TATASTEEL_10062024162722_Reg3910062024.pdf"
"TATASTEEL","Tata Steel Limited","Scheme of Arrangement","Tata Steel Limited has informed the Exchange about Scheme of Arrangement","07-Jun-2024 22:19:35","2024-06-07 22:19:35","07-Jun-2024 22:19:36","00:00:01","https://nsearchives.nseindia.com/corporate/TATASTEEL_07062024221935_NSEBSE.pdf"
"TATASTEEL","Tata Steel Limited","Amalgamation/Merger","Tata Steel Limited has informed the Exchange about Amalgamation/Merger","07-Jun-2024 22:19:35","2024-06-07 22:19:35","07-Jun-2024 22:19:37","00:00:02","https://nsearchives.nseindia.com/corporate/TATASTEEL_07062024221937_NSEBSE.pdf"
"TATASTEEL","Tata Steel Limited","Loss of Share Certificates","Tata Steel Limited has informed the Exchange about Loss of Share Certificates","07-Jun-2024 17:54:37","2024-06-07 17:54:37","07-Jun-2024 17:54:38","00:00:01","https://nsearchives.nseindia.com/corporate/TATASTEEL_07062024175437_BSENSE.pdf"
"TATASTEEL","Tata Steel Limited","Loss of Share Certificates","Tata Steel Limited has informed the Exchange about Loss of Share Certificates","07-Jun-2024 17:54:37","2024-06-07 17:54:37","07-Jun-2024 17:54:40","00:00:03","https://nsearchives.nseindia.com/corporate/TATASTEEL_07062024175439_BSENSE.pdf"
"TATASTEEL","Tata Steel Limited","Analysts/Institutional Investor Meet/Con. Call Updates","Tata Steel Limited has informed the Exchange about Schedule of meet","06-Jun-2024 21:18:49","2024-06-06 21:18:49","06-Jun-2024 21:18:51","00:00:02","https://nsearchives.nseindia.com/corporate/TATASTEEL_06062024211849_Reg3006062024.pdf"
"TATASTEEL","Tata Steel Limited","Amalgamation/Merger","Tata Steel Limited has informed the Exchange about Amalgamation/Merger","06-Jun-2024 18:04:12","2024-06-06 18:04:12","06-Jun-2024 18:04:13","00:00:01","https://nsearchives.nseindia.com/corporate/TATASTEEL_06062024180412_BSENSE.pdf"
"TATASTEEL","Tata Steel Limited","Scheme of Arrangement","Tata Steel Limited has informed the Exchange about Scheme of Arrangement","06-Jun-2024 18:02:20","2024-06-06 18:02:20","06-Jun-2024 18:02:20","00:00:00","https://nsearchives.nseindia.com/corporate/TATASTEEL_06062024180220_BSENSE.pdf"
"TATASTEEL","Tata Steel Limited","Analysts/Institutional Investor Meet/Con. Call Updates","Tata Steel Limited has informed the Exchange about Transcript","06-Jun-2024 12:13:43","2024-06-06 12:13:43","06-Jun-2024 12:13:44","00:00:01","https://nsearchives.nseindia.com/corporate/TATASTEEL_06062024121343_BSENSE.pdf"
"TATASTEEL","Tata Steel Limited","Rumour Verification - Regulation 30(11)","News Clarification","06-Jun-2024 09:16:21","2024-06-06 09:16:21","06-Jun-2024 09:16:22","00:00:01","https://nsearchives.nseindia.com/corporate/TATASTEEL_06062024091621_NSE.pdf"
"TATASTEEL","Tata Steel Limited","Loss of Share Certificates","Tata Steel Limited has informed the Exchange about Loss of Share Certificates","05-Jun-2024 18:48:33","2024-06-05 18:48:33","05-Jun-2024 18:48:34","00:00:01","https://nsearchives.nseindia.com/corporate/TATASTEEL_05062024184833_Reg3905062024.pdf"
"TATASTEEL","Tata Steel Limited","Loss of Share Certificates","Tata Steel Limited has informed the Exchange about Loss of Share Certificates","04-Jun-2024 17:54:52","2024-06-04 17:54:52","04-Jun-2024 17:54:53","00:00:01","https://nsearchives.nseindia.com/corporate/TATASTEEL_04062024175452_Reg3904062024.pdf"
"TATASTEEL","Tata Steel Limited","Copy of Newspaper Publication","Tata Steel Limited has informed the Exchange about Copy of Newspaper Publication","04-Jun-2024 16:42:46","2024-06-04 16:42:46","04-Jun-2024 16:42:47","00:00:01","https://nsearchives.nseindia.com/corporate/TATASTEEL_04062024164246_BSENSE.pdf"
"TATASTEEL","Tata Steel Limited","Change in Management","Tata Steel Limited has informed the Exchange about change in Management","04-Jun-2024 12:36:22","2024-06-04 12:36:22","04-Jun-2024 12:36:23","00:00:01","https://nsearchives.nseindia.com/corporate/TATASTEEL_04062024123622_nsebse.pdf"
"TATASTEEL","Tata Steel Limited","Copy of Newspaper Publication","Tata Steel Limited has informed the Exchange about Copy of Newspaper Publication","31-May-2024 21:14:36","2024-05-31 21:14:36","31-May-2024 21:14:37","00:00:01","https://nsearchives.nseindia.com/corporate/TATASTEEL_31052024211436_BSENSE.pdf"
"TATASTEEL","Tata Steel Limited","Updates","Tata Steel Limited has informed the Exchange regarding 'Communication to Shareholders - Intimation on Tax Deduction on Dividend'.","31-May-2024 19:17:39","2024-05-31 19:17:39","31-May-2024 19:17:39","00:00:00","https://nsearchives.nseindia.com/corporate/TATASTEEL_31052024191739_BSENSE.pdf"
"TATASTEEL","Tata Steel Limited","Copy of Newspaper Publication","Tata Steel Limited has informed the Exchange about Copy of Newspaper Publication","31-May-2024 15:56:45","2024-05-31 15:56:45","31-May-2024 15:56:46","00:00:01","https://nsearchives.nseindia.com/corporate/TATASTEEL_31052024155645_NSE.pdf"
"TATASTEEL","Tata Steel Limited","Analysts/Institutional Investor Meet/Con. Call Updates","Tata Steel Limited has informed the Exchange about Link of Recording","30-May-2024 21:46:30","2024-05-30 21:46:30","30-May-2024 21:46:31","00:00:01","https://nsearchives.nseindia.com/corporate/TATASTEEL_30052024214630_BSENSE.pdf"
"TATASTEEL","Tata Steel Limited","Analysts/Institutional Investor Meet/Con. Call Updates","Tata Steel Limited has informed the Exchange about Schedule of meet","30-May-2024 18:02:27","2024-05-30 18:02:27","30-May-2024 18:02:28","00:00:01","https://nsearchives.nseindia.com/corporate/TATASTEEL_30052024180227_Reg3030052024.pdf"
"TATASTEEL","Tata Steel Limited","Loss of Share Certificates","Tata Steel Limited has informed the Exchange about Loss of Share Certificates","30-May-2024 17:48:54","2024-05-30 17:48:54","30-May-2024 17:48:55","00:00:01","https://nsearchives.nseindia.com/corporate/TATASTEEL_30052024174854_Reg3930052024.pdf"
"TATASTEEL","Tata Steel Limited","Copy of Newspaper Publication","Tata Steel Limited has informed the Exchange about Copy of Newspaper Publication","30-May-2024 17:28:25","2024-05-30 17:28:25","30-May-2024 17:28:26","00:00:01","https://nsearchives.nseindia.com/corporate/TATASTEEL_30052024172825_BSENSE.pdf"
"TATASTEEL","Tata Steel Limited","Press Release","Tata Steel Limited has informed the Exchange regarding a press release dated May 29, 2024, titled ""Tata Steel reports Consolidated EBITDA of Rs 23,402 crores for FY2024"".","29-May-2024 19:25:41","2024-05-29 19:25:41","29-May-2024 19:25:42","00:00:01","https://nsearchives.nseindia.com/corporate/TATASTEEL_29052024192541_BSENSECombined.pdf"
"TATASTEEL","Tata Steel Limited","Investor Presentation","Tata Steel Limited has informed the Exchange about Investor Presentation","29-May-2024 19:22:24","2024-05-29 19:22:24","29-May-2024 19:22:25","00:00:01","https://nsearchives.nseindia.com/corporate/TATASTEEL_29052024192224_BSENSECombined.pdf"
"TATASTEEL","Tata Steel Limited","Dividend Updates","Tata Steel Limited has informed the Exchange about Dividend Updates","29-May-2024 19:06:43","2024-05-29 19:06:43","29-May-2024 19:06:44","00:00:01","https://nsearchives.nseindia.com/corporate/TATASTEEL_29052024190643_OUTCOME.pdf"
"TATASTEEL","Tata Steel Limited","Updates","Tata Steel Limited has informed the Exchange regarding 'Outcome of Board Meeting of Tata Steel held on May 29, 2024'.","29-May-2024 19:05:50","2024-05-29 19:05:50","29-May-2024 19:05:51","00:00:01","https://nsearchives.nseindia.com/corporate/TATASTEEL_29052024190550_OUTCOME.pdf"
"TATASTEEL","Tata Steel Limited","Issue of Securities","Tata Steel Limited has informed the Exchange about issue of Securities","29-May-2024 18:58:28","2024-05-29 18:58:28","29-May-2024 18:58:29","00:00:01","https://nsearchives.nseindia.com/corporate/TATASTEEL_29052024185828_OUTCOME.pdf"
"TATASTEEL","Tata Steel Limited","Acquisition","Tata Steel Limited has informed the Exchange about Acquisition - Investment in T Steel Holdings Pte. Ltd","29-May-2024 18:55:41","2024-05-29 18:55:41","29-May-2024 18:55:43","00:00:02","https://nsearchives.nseindia.com/corporate/TATASTEEL_29052024185541_OUTCOME.pdf"
"TATASTEEL","Tata Steel Limited","Record Date","Tata Steel Limited has informed the Exchange that Record date for the purpose of Dividend  is 21-Jun-2024.","29-May-2024 18:53:44","2024-05-29 18:53:44","29-May-2024 18:53:45","00:00:01","https://nsearchives.nseindia.com/corporate/TATASTEEL_29052024185344_OUTCOME.pdf"
"TATASTEEL","Tata Steel Limited","Dividend","Tata Steel Limited has informed the Exchange that Board of Directors at its meeting held on May 29, 2024, recommended Final Dividend of Rs. 3.60 per equity share.","29-May-2024 18:52:03","2024-05-29 18:52:03","29-May-2024 18:52:04","00:00:01","https://nsearchives.nseindia.com/corporate/TATASTEEL_29052024185203_OUTCOME.pdf"
"TATASTEEL","Tata Steel Limited","Dividend","Tata Steel Limited has informed the Exchange that Board of Directors at its meeting held on May 29, 2024, recommended Final Dividend of 3.60 per equity share.","29-May-2024 18:49:08","2024-05-29 18:49:08","29-May-2024 18:49:08","00:00:00","https://nsearchives.nseindia.com/corporate/TATASTEEL_29052024184908_OUTCOME.pdf"
"TATASTEEL","Tata Steel Limited","Financial Result Updates","Tata Steel Limited has submitted to the Exchange, the financial results for the period ended March 31, 2024.","29-May-2024 18:47:10","2024-05-29 18:47:10","29-May-2024 18:47:17","00:00:07","https://nsearchives.nseindia.com/corporate/OUTCOME_29052024184710.pdf"
"TATASTEEL","Tata Steel Limited","Loss of Share Certificates","Tata Steel Limited has informed the Exchange about Loss of Share Certificates","29-May-2024 15:19:01","2024-05-29 15:19:01","29-May-2024 15:19:02","00:00:01","https://nsearchives.nseindia.com/corporate/TATASTEEL_29052024151901_Reg3929052024.pdf"
"TATASTEEL","Tata Steel Limited","Copy of Newspaper Publication","Tata Steel Limited has informed the Exchange about Copy of Newspaper Publication","28-May-2024 21:37:49","2024-05-28 21:37:49","28-May-2024 21:37:50","00:00:01","https://nsearchives.nseindia.com/corporate/TATASTEEL_28052024213749_BSENSE.pdf"
"TATASTEEL","Tata Steel Limited","Loss of Share Certificates","Tata Steel Limited has informed the Exchange about Loss of Share Certificates","28-May-2024 17:37:09","2024-05-28 17:37:09","28-May-2024 17:37:10","00:00:01","https://nsearchives.nseindia.com/corporate/TATASTEEL_28052024173709_Reg3928052024.pdf"
"TATASTEEL","Tata Steel Limited","Loss of Share Certificates","Tata Steel Limited has informed the Exchange about Loss of Share Certificates","27-May-2024 17:37:02","2024-05-27 17:37:02","27-May-2024 17:37:02","00:00:00","https://nsearchives.nseindia.com/corporate/TATASTEEL_27052024173702_Reg3927052024.pdf"
"TATASTEEL","Tata Steel Limited","Updates","Tata Steel Limited has informed the Exchange regarding 'Disclosure under Regulation 30 of Securities and Exchange Board of India (Listing Obligations and Disclosure Requirements) Regulations, 2015'.","24-May-2024 20:03:58","2024-05-24 20:03:58","24-May-2024 20:03:59","00:00:01","https://nsearchives.nseindia.com/corporate/TATASTEEL_24052024200358_BSENSE.pdf"
"TATASTEEL","Tata Steel Limited","Analysts/Institutional Investor Meet/Con. Call Updates","Tata Steel Limited has informed the Exchange about Schedule of meet and Invite and guidelines for participation","24-May-2024 19:28:30","2024-05-24 19:28:30","24-May-2024 19:28:30","00:00:00","https://nsearchives.nseindia.com/corporate/TATASTEEL_24052024192830_BSENSECombined.pdf"
"TATASTEEL","Tata Steel Limited","Amalgamation/Merger","Tata Steel Limited has informed the Exchange about Amalgamation/Merger","24-May-2024 18:38:39","2024-05-24 18:38:39","24-May-2024 18:38:39","00:00:00","https://nsearchives.nseindia.com/corporate/TATASTEEL_24052024183839_BSENSE.pdf"
"TATASTEEL","Tata Steel Limited","Scheme of Arrangement","Tata Steel Limited has informed the Exchange about Scheme of Arrangement","24-May-2024 18:36:30","2024-05-24 18:36:30","24-May-2024 18:36:31","00:00:01","https://nsearchives.nseindia.com/corporate/TATASTEEL_24052024183630_BSENSE.pdf"
"TATASTEEL","Tata Steel Limited","Loss of Share Certificates","Tata Steel Limited has informed the Exchange about Loss of Share Certificates","23-May-2024 19:23:24","2024-05-23 19:23:24","23-May-2024 19:23:24","00:00:00","https://nsearchives.nseindia.com/corporate/TATASTEEL_23052024192324_Reg3923052024.pdf"
"TATASTEEL","Tata Steel Limited","Copy of Newspaper Publication","Tata Steel Limited has informed the Exchange about Copy of Newspaper Publication","22-May-2024 18:20:57","2024-05-22 18:20:57","22-May-2024 18:20:57","00:00:00","https://nsearchives.nseindia.com/corporate/TATASTEEL_22052024182057_BSENSE.pdf"
"TATASTEEL","Tata Steel Limited","Loss of Share Certificates","Tata Steel Limited has informed the Exchange about Loss of Share Certificates","22-May-2024 17:13:57","2024-05-22 17:13:57","22-May-2024 17:13:57","00:00:00","https://nsearchives.nseindia.com/corporate/TATASTEEL_22052024171357_Reg3922052024.pdf"
"TATASTEEL","Tata Steel Limited","Loss of Share Certificates","Tata Steel Limited has informed the Exchange about Loss of Share Certificates","21-May-2024 17:35:42","2024-05-21 17:35:42","21-May-2024 17:35:43","00:00:01","https://nsearchives.nseindia.com/corporate/TATASTEEL_21052024173542_Reg3921052024.pdf"
"TATASTEEL","Tata Steel Limited","Loss of Share Certificates","Tata Steel Limited has informed the Exchange about Loss of Share Certificates","17-May-2024 17:55:55","2024-05-17 17:55:55","17-May-2024 17:56:00","00:00:05","https://nsearchives.nseindia.com/corporate/TATASTEEL_17052024175555_Reg3917052024.pdf"
"TATASTEEL","Tata Steel Limited","Loss of Share Certificates","Tata Steel Limited has informed the Exchange about Loss of Share Certificates","16-May-2024 18:20:03","2024-05-16 18:20:03","16-May-2024 18:20:12","00:00:09","https://nsearchives.nseindia.com/corporate/TATASTEEL_16052024182003_Reg3916052024.pdf"
"TATASTEEL","Tata Steel Limited","Loss of Share Certificates","Tata Steel Limited has informed the Exchange about Loss of Share Certificates","16-May-2024 18:20:03","2024-05-16 18:20:03","16-May-2024 18:20:21","00:00:18","https://nsearchives.nseindia.com/corporate/TATASTEEL_16052024182005_Reg3916052024.pdf"
"TATASTEEL","Tata Steel Limited","Loss of Share Certificates","Tata Steel Limited has informed the Exchange about Loss of Share Certificates","15-May-2024 17:43:31","2024-05-15 17:43:31","15-May-2024 17:43:41","00:00:10","https://nsearchives.nseindia.com/corporate/TATASTEEL_15052024174331_Reg3915052024.pdf"
"TATASTEEL","Tata Steel Limited","Loss of Share Certificates","Tata Steel Limited has informed the Exchange about Loss of Share Certificates","14-May-2024 17:35:30","2024-05-14 17:35:30","14-May-2024 17:35:34","00:00:04","https://nsearchives.nseindia.com/corporate/TATASTEEL_14052024173530_Reg3914052024.pdf"
"TATASTEEL","Tata Steel Limited","Loss of Share Certificates","Tata Steel Limited has informed the Exchange about Loss of Share Certificates","13-May-2024 17:19:42","2024-05-13 17:19:42","13-May-2024 17:19:46","00:00:04","https://nsearchives.nseindia.com/corporate/TATASTEEL_13052024171942_Reg3913052024.pdf"
"TATASTEEL","Tata Steel Limited","Loss of Share Certificates","Tata Steel Limited has informed the Exchange about Loss of Share Certificates","13-May-2024 17:19:42","2024-05-13 17:19:42","13-May-2024 17:19:55","00:00:13","https://nsearchives.nseindia.com/corporate/TATASTEEL_13052024171943_Reg3913052024.pdf"
"TATASTEEL","Tata Steel Limited","Loss of Share Certificates","Tata Steel Limited has informed the Exchange about Loss of Share Certificates","10-May-2024 18:12:44","2024-05-10 18:12:44","10-May-2024 18:12:50","00:00:06","https://nsearchives.nseindia.com/corporate/TATASTEEL_10052024181244_Reg3910052024.pdf"
"TATASTEEL","Tata Steel Limited","Loss of Share Certificates","Tata Steel Limited has informed the Exchange about Loss of Share Certificates","10-May-2024 18:12:44","2024-05-10 18:12:44","10-May-2024 18:13:06","00:00:22","https://nsearchives.nseindia.com/corporate/TATASTEEL_10052024181246_Reg3910052024.pdf"
"TATASTEEL","Tata Steel Limited","Acquisition","Tata Steel Limited has informed the Exchange about Acquisition","09-May-2024 18:08:38","2024-05-09 18:08:38","09-May-2024 18:08:42","00:00:04","https://nsearchives.nseindia.com/corporate/TATASTEEL_09052024180838_BSENSE.pdf"
"TATASTEEL","Tata Steel Limited","Loss of Share Certificates","Tata Steel Limited has informed the Exchange about Loss of Share Certificates","09-May-2024 16:42:09","2024-05-09 16:42:09","09-May-2024 16:42:13","00:00:04","https://nsearchives.nseindia.com/corporate/TATASTEEL_09052024164209_Reg3909052024.pdf"
"TATASTEEL","Tata Steel Limited","Loss of Share Certificates","Tata Steel Limited has informed the Exchange about Loss of Share Certificates","08-May-2024 17:32:49","2024-05-08 17:32:49","08-May-2024 17:33:02","00:00:13","https://nsearchives.nseindia.com/corporate/TATASTEEL_08052024173249_Reg3908052024.pdf"
"TATASTEEL","Tata Steel Limited","Loss of Share Certificates","Tata Steel Limited has informed the Exchange about Loss of Share Certificates","06-May-2024 18:12:16","2024-05-06 18:12:16","06-May-2024 18:12:22","00:00:06","https://nsearchives.nseindia.com/corporate/TATASTEEL_06052024181216_Reg3906052024.pdf"
"TATASTEEL","Tata Steel Limited","Copy of Newspaper Publication","Newspaper Advertisement - Notice of Hearing of Company Scheme Petition","03-May-2024 18:02:54","2024-05-03 18:02:54","03-May-2024 18:02:59","00:00:05","https://nsearchives.nseindia.com/corporate/TATASTEEL_03052024180254_BSENSENP.pdf"
"TATASTEEL","Tata Steel Limited","Loss of Share Certificates","Tata Steel Limited has informed the Exchange about Loss of Share Certificates","02-May-2024 17:11:32","2024-05-02 17:11:32","02-May-2024 17:11:37","00:00:05","https://nsearchives.nseindia.com/corporate/TATASTEEL_02052024171132_Reg3902052024.pdf"
"TATASTEEL","Tata Steel Limited","Loss of Share Certificates","Tata Steel Limited has informed the Exchange about Loss of Share Certificates","30-Apr-2024 17:18:37","2024-04-30 17:18:37","30-Apr-2024 17:18:44","00:00:07","https://nsearchives.nseindia.com/corporate/TATASTEEL_30042024171839_Reg3930042024.pdf"
"TATASTEEL","Tata Steel Limited","Loss of Share Certificates","Tata Steel Limited has informed the Exchange about Loss of Share Certificates","29-Apr-2024 19:16:49","2024-04-29 19:16:49","29-Apr-2024 19:17:00","00:00:11","https://nsearchives.nseindia.com/corporate/TATASTEEL_29042024191649_Reg3929042024.pdf"
"TATASTEEL","Tata Steel Limited","Loss of Share Certificates","Tata Steel Limited has informed the Exchange about Loss of Share Certificates","29-Apr-2024 19:16:49","2024-04-29 19:16:49","29-Apr-2024 19:17:16","00:00:27","https://nsearchives.nseindia.com/corporate/TATASTEEL_29042024191651_Reg3929042024.pdf"
"TATASTEEL","Tata Steel Limited","Shareholders meeting","Tata Steel Limited has informed the Exchange regarding Proceedings of Postal Ballot. Further, the company has submitted the Exchange a copy of Srutinizers report along with voting results.","29-Apr-2024 19:01:38","2024-04-29 19:01:38","29-Apr-2024 19:01:52","00:00:14","https://nsearchives.nseindia.com/corporate/TATASTEEL_29042024190138_NSEBSE.pdf"
"TATASTEEL","Tata Steel Limited","Press Release","Tata Steel Limited has informed the Exchange regarding a press release dated April 25, 2024, titled ""Following 7 months of formal and informal national level discussions with the UK trade unions, Tata Steel will proceed with its ��1.25 Billion investment to build a state-of-the-art Electric Arc Furnace in Port Talbot and commence closure of the existing heavy end assets in the following months"".","25-Apr-2024 20:59:15","2024-04-25 20:59:15","25-Apr-2024 20:59:23","00:00:08","https://nsearchives.nseindia.com/corporate/TATASTEEL_25042024205915_BSENSE.pdf"
"TATASTEEL","Tata Steel Limited","Loss of Share Certificates","Tata Steel Limited has informed the Exchange about Loss of Share Certificates","25-Apr-2024 17:36:51","2024-04-25 17:36:51","25-Apr-2024 17:36:56","00:00:05","https://nsearchives.nseindia.com/corporate/TATASTEEL_25042024173651_Reg3925042024.pdf"
"TATASTEEL","Tata Steel Limited","Loss of Share Certificates","Tata Steel Limited has informed the Exchange about Loss of Share Certificates","23-Apr-2024 18:10:37","2024-04-23 18:10:37","23-Apr-2024 18:10:43","00:00:06","https://nsearchives.nseindia.com/corporate/TATASTEEL_23042024181037_Reg3923042024.pdf"
"TATASTEEL","Tata Steel Limited","Loss of Share Certificates","Tata Steel Limited has informed the Exchange about Loss of Share Certificates","19-Apr-2024 17:23:52","2024-04-19 17:23:52","19-Apr-2024 17:24:10","00:00:18","https://nsearchives.nseindia.com/corporate/TATASTEEL_19042024172352_Reg3919042024.pdf"
"TATASTEEL","Tata Steel Limited","Scheme of Arrangement","Tata Steel Limited has informed the Exchange about Scheme of Arrangement","19-Apr-2024 16:07:10","2024-04-19 16:07:10","19-Apr-2024 16:07:16","00:00:06","https://nsearchives.nseindia.com/corporate/TATASTEEL_19042024160710_BSENSE.pdf"
"TATASTEEL","Tata Steel Limited","Amalgamation/Merger","Tata Steel Limited has informed the Exchange about Amalgamation/Merger","19-Apr-2024 16:04:59","2024-04-19 16:04:59","19-Apr-2024 16:05:05","00:00:06","https://nsearchives.nseindia.com/corporate/TATASTEEL_19042024160459_BSENSE.pdf"
"TATASTEEL","Tata Steel Limited","Loss of Share Certificates","Tata Steel Limited has informed the Exchange about Loss of Share Certificates","19-Apr-2024 13:16:20","2024-04-19 13:16:20","19-Apr-2024 13:16:27","00:00:07","https://nsearchives.nseindia.com/corporate/TATASTEEL_19042024131620_Reg3918042024.pdf"
"TATASTEEL","Tata Steel Limited","Loss of Share Certificates","Tata Steel Limited has informed the Exchange about Loss of Share Certificates","18-Apr-2024 17:07:38","2024-04-18 17:07:38","18-Apr-2024 17:07:42","00:00:04","https://nsearchives.nseindia.com/corporate/TATASTEEL_18042024170738_Reg3918042024.pdf"
"TATASTEEL","Tata Steel Limited","Loss of Share Certificates","Tata Steel Limited has informed the Exchange about Loss of Share Certificates","17-Apr-2024 22:53:01","2024-04-17 22:53:01","17-Apr-2024 22:53:06","00:00:05","https://nsearchives.nseindia.com/corporate/TATASTEEL_17042024225301_Reg3917042024.pdf"
"TATASTEEL","Tata Steel Limited","Loss of Share Certificates","Tata Steel Limited has informed the Exchange about Loss of Share Certificates","16-Apr-2024 19:27:28","2024-04-16 19:27:28","16-Apr-2024 19:27:34","00:00:06","https://nsearchives.nseindia.com/corporate/TATASTEEL_16042024192728_Reg3916042024.pdf"
"TATASTEEL","Tata Steel Limited","Loss of Share Certificates","Tata Steel Limited has informed the Exchange about Loss of Share Certificates","15-Apr-2024 18:26:01","2024-04-15 18:26:01","15-Apr-2024 18:26:07","00:00:06","https://nsearchives.nseindia.com/corporate/TATASTEEL_15042024182601_Reg3915042024.pdf"
"TATASTEEL","Tata Steel Limited","Updates","Tata Steel Limited has informed the Exchange regarding 'Order from Regional Director, Eastern Region, Ministry of Corporate Affairs, in the matter of Compounding of Offences under the Companies Act, 2013, received by Neelachal Ispat Nigam Limited, a subsidiary company'.","13-Apr-2024 15:23:11","2024-04-13 15:23:11","13-Apr-2024 15:23:16","00:00:05","https://nsearchives.nseindia.com/corporate/TATASTEEL_13042024152311_BSENSE.pdf"
"TATASTEEL","Tata Steel Limited","Loss of Share Certificates","Tata Steel Limited has informed the Exchange about Loss of Share Certificates","12-Apr-2024 18:16:49","2024-04-12 18:16:49","12-Apr-2024 18:17:04","00:00:15","https://nsearchives.nseindia.com/corporate/TATASTEEL_12042024181649_Reg3912042024.pdf"
"TATASTEEL","Tata Steel Limited","Loss of Share Certificates","Tata Steel Limited has informed the Exchange about Loss of Share Certificates","11-Apr-2024 17:24:38","2024-04-11 17:24:38","11-Apr-2024 17:24:44","00:00:06","https://nsearchives.nseindia.com/corporate/TATASTEEL_11042024172438_Reg3911042024.pdf"
"TATASTEEL","Tata Steel Limited","Registrar & Share Transfer Agent Update","Tata Steel Limited has informed the Exchange about Registrar & Share Transfer Agent Update","10-Apr-2024 18:52:43","2024-04-10 18:52:43","10-Apr-2024 18:52:52","00:00:09","https://nsearchives.nseindia.com/corporate/TATASTEEL_10042024185243_Reg7LODR2024.pdf"
"TATASTEEL","Tata Steel Limited","Loss of Share Certificates","Tata Steel Limited has informed the Exchange about Loss of Share Certificates","10-Apr-2024 17:30:32","2024-04-10 17:30:32","10-Apr-2024 17:30:49","00:00:17","https://nsearchives.nseindia.com/corporate/TATASTEEL_10042024173032_Reg3910042024.pdf"
"TATASTEEL","Tata Steel Limited","Certificate under SEBI (Depositories and Participants) Regulations, 2018","Tata Steel Limited has informed the Exchange about Certificate under SEBI (Depositories and Participants) Regulations, 2018","08-Apr-2024 20:44:31","2024-04-08 20:44:31","08-Apr-2024 20:44:38","00:00:07","https://nsearchives.nseindia.com/corporate/TATASTEEL_08042024204431_TSLReg74_5_.pdf"
"TATASTEEL","Tata Steel Limited","Loss of Share Certificates","Tata Steel Limited has informed the Exchange about Loss of Share Certificates","08-Apr-2024 17:03:38","2024-04-08 17:03:38","08-Apr-2024 17:03:42","00:00:04","https://nsearchives.nseindia.com/corporate/TATASTEEL_08042024170338_Reg3908042024.pdf"
"TATASTEEL","Tata Steel Limited","Press Release","Tata Steel Limited has informed the Exchange regarding a press release dated April 05, 2024, titled ""Tata Steel: 4QFY2024 and FY2024 Production and Delivery Volumes (Provisional)"".","05-Apr-2024 22:36:29","2024-04-05 22:36:29","05-Apr-2024 22:36:33","00:00:04","https://nsearchives.nseindia.com/corporate/TATASTEEL_05042024223629_BSENSE.pdf"
"TATASTEEL","Tata Steel Limited","Loss of Share Certificates","Tata Steel Limited has informed the Exchange about Loss of Share Certificates","04-Apr-2024 17:29:33","2024-04-04 17:29:33","04-Apr-2024 17:29:39","00:00:06","https://nsearchives.nseindia.com/corporate/TATASTEEL_04042024172933_Reg3904042024.pdf"
"TATASTEEL","Tata Steel Limited","Loss of Share Certificates","Tata Steel Limited has informed the Exchange about Loss of Share Certificates","03-Apr-2024 17:59:27","2024-04-03 17:59:27","03-Apr-2024 17:59:32","00:00:05","https://nsearchives.nseindia.com/corporate/TATASTEEL_03042024175927_Reg3903042024.pdf"
"TATASTEEL","Tata Steel Limited","Updates","Tata Steel Limited has informed the Exchange regarding 'Disclosure under Regulation 30 of Securities and Exchange Board of India (Listing Obligations and Disclosure Requirements) Regulations, 2015'.","02-Apr-2024 23:21:42","2024-04-02 23:21:42","02-Apr-2024 23:21:47","00:00:05","https://nsearchives.nseindia.com/corporate/TATASTEEL_02042024232143_BSENSE.pdf"
"TATASTEEL","Tata Steel Limited","Loss of Share Certificates","Tata Steel Limited has informed the Exchange about Loss of Share Certificates","01-Apr-2024 19:59:04","2024-04-01 19:59:04","01-Apr-2024 19:59:17","00:00:13","https://nsearchives.nseindia.com/corporate/TATASTEEL_01042024195905_Reg3901042024.pdf"
"TATASTEEL","Tata Steel Limited","Loss of Share Certificates","Tata Steel Limited has informed the Exchange about Loss of Share Certificates","01-Apr-2024 19:59:04","2024-04-01 19:59:04","01-Apr-2024 19:59:09","00:00:05","https://nsearchives.nseindia.com/corporate/TATASTEEL_01042024195904_Reg3901042024.pdf"
"TATASTEEL","Tata Steel Limited","Copy of Newspaper Publication","Tata Steel Limited has informed the Exchange about Copy of Newspaper Publication","30-Mar-2024 14:19:22","2024-03-30 14:19:22","30-Mar-2024 14:19:27","00:00:05","https://nsearchives.nseindia.com/corporate/TATASTEEL_30032024141922_BSENSE.pdf"
"TATASTEEL","Tata Steel Limited","Loss of Share Certificates","Tata Steel Limited has informed the Exchange about Loss of Share Certificates","28-Mar-2024 19:59:36","2024-03-28 19:59:36","28-Mar-2024 19:59:43","00:00:07","https://nsearchives.nseindia.com/corporate/TATASTEEL_28032024195936_Reg3928032024.pdf"
"TATASTEEL","Tata Steel Limited","Shareholders meeting","Tata Steel Limited has informed the Exchange regarding Notice of Postal Ballot","28-Mar-2024 16:24:54","2024-03-28 16:24:54","28-Mar-2024 16:25:12","00:00:18","https://nsearchives.nseindia.com/corporate/TATASTEEL_28032024162454_BSENSECombined.pdf"
"TATASTEEL","Tata Steel Limited","Loss of Share Certificates","Tata Steel Limited has informed the Exchange about Loss of Share Certificates","28-Mar-2024 12:23:36","2024-03-28 12:23:36","28-Mar-2024 12:23:47","00:00:11","https://nsearchives.nseindia.com/corporate/TATASTEEL_28032024122336_Reg3927032024.pdf"
"TATASTEEL","Tata Steel Limited","Loss of Share Certificates","Tata Steel Limited has informed the Exchange about Loss of Share Certificates","27-Mar-2024 18:16:19","2024-03-27 18:16:19","27-Mar-2024 18:16:26","00:00:07","https://nsearchives.nseindia.com/corporate/TATASTEEL_27032024181619_Reg3927032024.pdf"
"TATASTEEL","Tata Steel Limited","Allotment of Securities","Tata Steel Limited has informed the Exchange regarding allotment of 270000 securities.","27-Mar-2024 12:15:22","2024-03-27 12:15:22","27-Mar-2024 12:15:36","00:00:14","https://nsearchives.nseindia.com/corporate/TATASTEEL_27032024121522_BSENSE.pdf"
"TATASTEEL","Tata Steel Limited","Loss of Share Certificates","Tata Steel Limited has informed the Exchange about Loss of Share Certificates","26-Mar-2024 16:46:00","2024-03-26 16:46:00","26-Mar-2024 16:46:06","00:00:06","https://nsearchives.nseindia.com/corporate/TATASTEEL_26032024164600_Reg3926032024.pdf"
"TATASTEEL","Tata Steel Limited","Loss of Share Certificates","Tata Steel Limited has informed the Exchange about Loss of Share Certificates","22-Mar-2024 18:09:52","2024-03-22 18:09:52","22-Mar-2024 18:09:57","00:00:05","https://nsearchives.nseindia.com/corporate/TATASTEEL_22032024180952_Reg3922032024.pdf"
"TATASTEEL","Tata Steel Limited","Trading Window","Tata Steel Limited has informed the Exchange regarding the Trading Window closure pursuant to SEBI (Prohibition of Insider Trading) Regulations, 2015","22-Mar-2024 17:03:10","2024-03-22 17:03:10","22-Mar-2024 17:03:18","00:00:08","https://nsearchives.nseindia.com/corporate/TATASTEEL_22032024170310_BSENSETWC.pdf"
"TATASTEEL","Tata Steel Limited","Loss of Share Certificates","Tata Steel Limited has informed the Exchange about Loss of Share Certificates","20-Mar-2024 17:31:18","2024-03-20 17:31:18","20-Mar-2024 17:31:34","00:00:16","https://nsearchives.nseindia.com/corporate/TATASTEEL_20032024173118_Reg3920032024.pdf"
"TATASTEEL","Tata Steel Limited","Issue of Securities","Tata Steel Limited has informed the Exchange about issue of Securities","19-Mar-2024 14:21:10","2024-03-19 14:21:10","19-Mar-2024 14:21:16","00:00:06","https://nsearchives.nseindia.com/corporate/TATASTEEL_19032024142110_NSEBSE.pdf"
"TATASTEEL","Tata Steel Limited","Outcome of Board Meeting","Tata Steel Limited has informed the Exchange regarding  Board meeting held on March 19, 2024.","19-Mar-2024 14:19:47","2024-03-19 14:19:47","19-Mar-2024 14:19:52","00:00:05","https://nsearchives.nseindia.com/corporate/TATASTEEL_19032024141947_NSEBSE.pdf"
"TATASTEEL","Tata Steel Limited","Loss of Share Certificates","Tata Steel Limited has informed the Exchange about Loss of Share Certificates","18-Mar-2024 20:59:47","2024-03-18 20:59:47","18-Mar-2024 20:59:54","00:00:07","https://nsearchives.nseindia.com/corporate/TATASTEEL_18032024205947_Reg3918032024.pdf"
"TATASTEEL","Tata Steel Limited","Press Release","Tata Steel Limited has informed the Exchange regarding a press release dated March 18, 2024, titled ""Submission of Press Release - Update on Tata Steel UK"".","18-Mar-2024 19:23:06","2024-03-18 19:23:06","18-Mar-2024 19:23:13","00:00:07","https://nsearchives.nseindia.com/corporate/TATASTEEL_18032024192306_BSENSECombined.pdf"
"TATASTEEL","Tata Steel Limited","Loss of Share Certificates","Tata Steel Limited has informed the Exchange about Loss of Share Certificates","15-Mar-2024 18:30:27","2024-03-15 18:30:27","15-Mar-2024 18:30:33","00:00:06","https://nsearchives.nseindia.com/corporate/TATASTEEL_15032024183027_Reg3915032024.pdf"
"TATASTEEL","Tata Steel Limited","Loss of Share Certificates","Tata Steel Limited has informed the Exchange about Loss of Share Certificates","14-Mar-2024 18:00:27","2024-03-14 18:00:27","14-Mar-2024 18:00:32","00:00:05","https://nsearchives.nseindia.com/corporate/TATASTEEL_14032024180027_Reg3914032024.pdf"
"TATASTEEL","Tata Steel Limited","Loss of Share Certificates","Tata Steel Limited has informed the Exchange about Loss of Share Certificates","12-Mar-2024 19:06:51","2024-03-12 19:06:51","12-Mar-2024 19:06:56","00:00:05","https://nsearchives.nseindia.com/corporate/TATASTEEL_12032024190651_Reg3912032024.pdf"
"TATASTEEL","Tata Steel Limited","Loss of Share Certificates","Tata Steel Limited has informed the Exchange about Loss of Share Certificates","11-Mar-2024 17:55:29","2024-03-11 17:55:29","11-Mar-2024 17:55:45","00:00:16","https://nsearchives.nseindia.com/corporate/TATASTEEL_11032024175529_Reg3911032024.pdf"
"TATASTEEL","Tata Steel Limited","Analysts/Institutional Investor Meet/Con. Call Updates","Tata Steel Limited has informed the Exchange about Schedule of meet","06-Mar-2024 20:47:57","2024-03-06 20:47:57","06-Mar-2024 20:48:03","00:00:06","https://nsearchives.nseindia.com/corporate/TATASTEEL_06032024204757_Reg3006032024.pdf"
"TATASTEEL","Tata Steel Limited","Loss of Share Certificates","Tata Steel Limited has informed the Exchange about Loss of Share Certificates","06-Mar-2024 19:14:18","2024-03-06 19:14:18","06-Mar-2024 19:14:33","00:00:15","https://nsearchives.nseindia.com/corporate/TATASTEEL_06032024191421_Reg3906032024.pdf"
"TATASTEEL","Tata Steel Limited","Loss of Share Certificates","Tata Steel Limited has informed the Exchange about Loss of Share Certificates","06-Mar-2024 19:14:18","2024-03-06 19:14:18","06-Mar-2024 19:14:25","00:00:07","https://nsearchives.nseindia.com/corporate/TATASTEEL_06032024191418_Reg3906032024.pdf"
"TATASTEEL","Tata Steel Limited","Loss of Share Certificates","Tata Steel Limited has informed the Exchange about Loss of Share Certificates","05-Mar-2024 17:57:03","2024-03-05 17:57:03","05-Mar-2024 17:57:10","00:00:07","https://nsearchives.nseindia.com/corporate/TATASTEEL_05032024175703_Reg3905032024.pdf"
"TATASTEEL","Tata Steel Limited","Loss of Share Certificates","Tata Steel Limited has informed the Exchange about Loss of Share Certificates","04-Mar-2024 20:13:05","2024-03-04 20:13:05","04-Mar-2024 20:13:10","00:00:05","https://nsearchives.nseindia.com/corporate/TATASTEEL_04032024201305_Reg3904032024.pdf"
"TATASTEEL","Tata Steel Limited","Shareholders meeting","Tata Steel Limited has informed the Exchange about outcome of Postal Ballot including scrutinizer's report","04-Mar-2024 19:38:33","2024-03-04 19:38:33","04-Mar-2024 19:38:39","00:00:06","https://nsearchives.nseindia.com/corporate/TATASTEEL_04032024193833_NSEBSE.pdf"
"TATASTEEL","Tata Steel Limited","Loss of Share Certificates","Tata Steel Limited has informed the Exchange about Loss of Share Certificates","01-Mar-2024 15:40:00","2024-03-01 15:40:00","01-Mar-2024 15:40:06","00:00:06","https://nsearchives.nseindia.com/corporate/TATASTEEL_01032024154000_Reg3901032024.pdf"
"TATASTEEL","Tata Steel Limited","Loss of Share Certificates","Tata Steel Limited has informed the Exchange about Loss of Share Certificates","29-Feb-2024 17:51:03","2024-02-29 17:51:03","29-Feb-2024 17:51:09","00:00:06","https://nsearchives.nseindia.com/corporate/TATASTEEL_29022024175103_Reg3929022024.pdf"
"TATASTEEL","Tata Steel Limited","Loss of Share Certificates","Tata Steel Limited has informed the Exchange about Loss of Share Certificates","28-Feb-2024 17:33:14","2024-02-28 17:33:14","28-Feb-2024 17:33:18","00:00:04","https://nsearchives.nseindia.com/corporate/TATASTEEL_28022024173314_Reg3928022024.pdf"
"TATASTEEL","Tata Steel Limited","Loss of Share Certificates","Tata Steel Limited has informed the Exchange about Loss of Share Certificates","27-Feb-2024 17:32:54","2024-02-27 17:32:54","27-Feb-2024 17:33:00","00:00:06","https://nsearchives.nseindia.com/corporate/TATASTEEL_27022024173254_Reg3927022024.pdf"
"TATASTEEL","Tata Steel Limited","Loss of Share Certificates","Tata Steel Limited has informed the Exchange about Loss of Share Certificates","26-Feb-2024 17:56:18","2024-02-26 17:56:18","26-Feb-2024 17:56:22","00:00:04","https://nsearchives.nseindia.com/corporate/TATASTEEL_26022024175618_Reg3926022024.pdf"
"TATASTEEL","Tata Steel Limited","Loss of Share Certificates","Tata Steel Limited has informed the Exchange about Loss of Share Certificates","23-Feb-2024 17:28:44","2024-02-23 17:28:44","23-Feb-2024 17:28:56","00:00:12","https://nsearchives.nseindia.com/corporate/TATASTEEL_23022024172845_Reg3923022024.pdf"
"TATASTEEL","Tata Steel Limited","Loss of Share Certificates","Tata Steel Limited has informed the Exchange about Loss of Share Certificates","23-Feb-2024 17:28:44","2024-02-23 17:28:44","23-Feb-2024 17:28:49","00:00:05","https://nsearchives.nseindia.com/corporate/TATASTEEL_23022024172844_Reg3923022024.pdf"
"TATASTEEL","Tata Steel Limited","Loss of Share Certificates","Tata Steel Limited has informed the Exchange about Loss of Share Certificates","21-Feb-2024 17:22:04","2024-02-21 17:22:04","21-Feb-2024 17:22:11","00:00:07","https://nsearchives.nseindia.com/corporate/TATASTEEL_21022024172204_Reg3921022024.pdf"
"TATASTEEL","Tata Steel Limited","Amalgamation/Merger","Tata Steel Limited has informed the Exchange about Amalgamation/Merger","20-Feb-2024 17:56:53","2024-02-20 17:56:53","20-Feb-2024 17:56:58","00:00:05","https://nsearchives.nseindia.com/corporate/TATASTEEL_20022024175653_BSENSE.pdf"
"TATASTEEL","Tata Steel Limited","Scheme of Arrangement","Tata Steel Limited has informed the Exchange about Scheme of Arrangement","20-Feb-2024 17:54:58","2024-02-20 17:54:58","20-Feb-2024 17:55:04","00:00:06","https://nsearchives.nseindia.com/corporate/TATASTEEL_20022024175458_BSENSE.pdf"
"TATASTEEL","Tata Steel Limited","Loss of Share Certificates","Tata Steel Limited has informed the Exchange about Loss of Share Certificates","20-Feb-2024 17:38:37","2024-02-20 17:38:37","20-Feb-2024 17:38:44","00:00:07","https://nsearchives.nseindia.com/corporate/TATASTEEL_20022024173837_Reg3920022024.pdf"
"TATASTEEL","Tata Steel Limited","Loss of Share Certificates","Tata Steel Limited has informed the Exchange about Loss of Share Certificates","19-Feb-2024 17:39:58","2024-02-19 17:39:58","19-Feb-2024 17:40:07","00:00:09","https://nsearchives.nseindia.com/corporate/TATASTEEL_19022024173958_Reg3919022024.pdf"
"TATASTEEL","Tata Steel Limited","Analysts/Institutional Investor Meet/Con. Call Updates","Tata Steel Limited has informed the Exchange about Schedule of meet","16-Feb-2024 15:06:25","2024-02-16 15:06:25","16-Feb-2024 15:06:38","00:00:13","https://nsearchives.nseindia.com/corporate/TATASTEEL_16022024150625_Reg3016022024.pdf"
"TATASTEEL","Tata Steel Limited","Loss of Share Certificates","Tata Steel Limited has informed the Exchange about Loss of Share Certificates","14-Feb-2024 17:24:13","2024-02-14 17:24:13","14-Feb-2024 17:24:54","00:00:41","https://nsearchives.nseindia.com/corporate/TATASTEEL_14022024172413_Reg3914022024.pdf"
"TATASTEEL","Tata Steel Limited","Analysts/Institutional Investor Meet/Con. Call Updates","Tata Steel Limited has informed the Exchange about Schedule of meet","13-Feb-2024 17:35:51","2024-02-13 17:35:51","13-Feb-2024 17:35:57","00:00:06","https://nsearchives.nseindia.com/corporate/TATASTEEL_13022024173551_Reg3013022024.pdf"
"TATASTEEL","Tata Steel Limited","Loss of Share Certificates","Tata Steel Limited has informed the Exchange about Loss of Share Certificates","12-Feb-2024 17:41:53","2024-02-12 17:41:53","12-Feb-2024 17:41:59","00:00:06","https://nsearchives.nseindia.com/corporate/TATASTEEL_12022024174153_Reg3912022024.pdf"
"TATASTEEL","Tata Steel Limited","Shareholders meeting","Tata Steel Limited has informed the Exchange regarding Proceedings of Court Convened General Meeting held on February 09, 2024. Further, the company has submitted the Exchange a copy of Srutinizers report along with voting results.","09-Feb-2024 22:49:41","2024-02-09 22:49:41","09-Feb-2024 22:49:47","00:00:06","https://nsearchives.nseindia.com/corporate/TATASTEEL_09022024224941_BSENSE.pdf"
"TATASTEEL","Tata Steel Limited","Loss of Share Certificates","Tata Steel Limited has informed the Exchange about Loss of Share Certificates","09-Feb-2024 16:38:49","2024-02-09 16:38:49","09-Feb-2024 16:38:54","00:00:05","https://nsearchives.nseindia.com/corporate/TATASTEEL_09022024163849_Reg3909022024.pdf"
"TATASTEEL","Tata Steel Limited","Loss of Share Certificates","Tata Steel Limited has informed the Exchange about Loss of Share Certificates","08-Feb-2024 21:12:46","2024-02-08 21:12:46","08-Feb-2024 21:12:52","00:00:06","https://nsearchives.nseindia.com/corporate/TATASTEEL_08022024211246_Reg3908022024.pdf"
"TATASTEEL","Tata Steel Limited","Amalgamation/Merger","Tata Steel Limited has informed the Exchange about Amalgamation/Merger","08-Feb-2024 17:02:24","2024-02-08 17:02:24","08-Feb-2024 17:02:35","00:00:11","https://nsearchives.nseindia.com/corporate/TATASTEEL_08022024170224_BSENSE.pdf"
"TATASTEEL","Tata Steel Limited","Scheme of Arrangement","Tata Steel Limited has informed the Exchange about Scheme of Arrangement","08-Feb-2024 17:01:12","2024-02-08 17:01:12","08-Feb-2024 17:01:16","00:00:04","https://nsearchives.nseindia.com/corporate/TATASTEEL_08022024170112_BSENSE.pdf"
"TATASTEEL","Tata Steel Limited","Allotment of Securities","Tata Steel Limited has informed the Exchange regarding allotment of 99701239 securities pursuant to Scheme of Arrangement/Amalgamation at its meeting held on February 08, 2024","08-Feb-2024 16:59:46","2024-02-08 16:59:46","08-Feb-2024 16:59:56","00:00:10","https://nsearchives.nseindia.com/corporate/TATASTEEL_08022024165946_BSENSE.pdf"
"TATASTEEL","Tata Steel Limited","Analysts/Institutional Investor Meet/Con. Call Updates","Tata Steel Limited has informed the Exchange about Schedule of meet","07-Feb-2024 19:28:41","2024-02-07 19:28:41","07-Feb-2024 19:28:46","00:00:05","https://nsearchives.nseindia.com/corporate/TATASTEEL_07022024192841_BReg3007022024.pdf"
"TATASTEEL","Tata Steel Limited","Analysts/Institutional Investor Meet/Con. Call Updates","Tata Steel Limited has informed the Exchange about Schedule of meet","07-Feb-2024 19:26:15","2024-02-07 19:26:15","07-Feb-2024 19:26:21","00:00:06","https://nsearchives.nseindia.com/corporate/TATASTEEL_07022024192615_AReg3007022024.pdf"
"TATASTEEL","Tata Steel Limited","Loss of Share Certificates","Tata Steel Limited has informed the Exchange about Loss of Share Certificates","07-Feb-2024 18:34:05","2024-02-07 18:34:05","07-Feb-2024 18:34:26","00:00:21","https://nsearchives.nseindia.com/corporate/TATASTEEL_07022024183405_Reg3907022024.pdf"
"TATASTEEL","Tata Steel Limited","Press Release","Tata Steel Limited has informed the Exchange regarding a press release dated February 07, 2024, titled ""Update on the Amalgamation of strategic businesses into Tata Steel"".","07-Feb-2024 10:12:33","2024-02-07 10:12:33","07-Feb-2024 10:12:38","00:00:05","https://nsearchives.nseindia.com/corporate/TATASTEEL_07022024101233_NSEBSE.pdf"
"TATASTEEL","Tata Steel Limited","Amalgamation/Merger","Tata Steel Limited has informed the Exchange about Amalgamation/Merger","07-Feb-2024 10:04:49","2024-02-07 10:04:49","07-Feb-2024 10:04:59","00:00:10","https://nsearchives.nseindia.com/corporate/TATASTEEL_07022024100449_BSENSE.pdf"
"TATASTEEL","Tata Steel Limited","Scheme of Arrangement","Tata Steel Limited has informed the Exchange about Scheme of Arrangement","07-Feb-2024 10:04:49","2024-02-07 10:04:49","07-Feb-2024 10:05:05","00:00:16","https://nsearchives.nseindia.com/corporate/TATASTEEL_07022024100449_BSENSE.pdf"
"TATASTEEL","Tata Steel Limited","Loss of Share Certificates","Tata Steel Limited has informed the Exchange about Loss of Share Certificates","06-Feb-2024 16:28:13","2024-02-06 16:28:13","06-Feb-2024 16:28:18","00:00:05","https://nsearchives.nseindia.com/corporate/TATASTEEL_06022024162813_Reg3905022024.pdf"
"TATASTEEL","Tata Steel Limited","Copy of Newspaper Publication","Tata Steel Limited has informed the Exchange about Copy of Newspaper Publication","03-Feb-2024 16:22:12","2024-02-03 16:22:12","03-Feb-2024 16:22:18","00:00:06","https://nsearchives.nseindia.com/corporate/TATASTEEL_03022024162212_BSENSE.pdf"
"TATASTEEL","Tata Steel Limited","Analysts/Institutional Investor Meet/Con. Call Updates","Tata Steel Limited has informed the Exchange about Transcript","02-Feb-2024 18:46:54","2024-02-02 18:46:54","02-Feb-2024 18:46:59","00:00:05","https://nsearchives.nseindia.com/corporate/TATASTEEL_02022024184654_Reg3002022024.pdf"
"TATASTEEL","Tata Steel Limited","Loss of Share Certificates","Tata Steel Limited has informed the Exchange about Loss of Share Certificates","02-Feb-2024 17:25:27","2024-02-02 17:25:27","02-Feb-2024 17:25:34","00:00:07","https://nsearchives.nseindia.com/corporate/TATASTEEL_02022024172527_Reg3902022024.pdf"
"TATASTEEL","Tata Steel Limited","Loss of Share Certificates","Tata Steel Limited has informed the Exchange about Loss of Share Certificates","01-Feb-2024 18:18:40","2024-02-01 18:18:40","01-Feb-2024 18:18:45","00:00:05","https://nsearchives.nseindia.com/corporate/TATASTEEL_01022024181840_Reg3901022024.pdf"
"TATASTEEL","Tata Steel Limited","Shareholders meeting","Tata Steel Limited has informed the Exchange regarding Notice of Postal Ballot","01-Feb-2024 17:11:25","2024-02-01 17:11:25","01-Feb-2024 17:11:33","00:00:08","https://nsearchives.nseindia.com/corporate/TATASTEEL_01022024171125_TSLBSENSECombined.pdf"
"TATASTEEL","Tata Steel Limited","Loss of Share Certificates","Tata Steel Limited has informed the Exchange about Loss of Share Certificates","01-Feb-2024 15:40:40","2024-02-01 15:40:40","01-Feb-2024 15:40:47","00:00:07","https://nsearchives.nseindia.com/corporate/TATASTEEL_01022024154040_Reg3901022024.pdf"
"TATASTEEL","Tata Steel Limited","Amalgamation/Merger","Effective Date of the Scheme of Amalgamation amongst Tata Steel Limited and Tata Metaliks Limited and their respective shareholders","01-Feb-2024 01:32:44","2024-02-01 01:32:44","01-Feb-2024 01:32:51","00:00:07","https://nsearchives.nseindia.com/corporate/TATASTEEL_01022024013244_TSLTMLEffectiveness.pdf"
"TATASTEEL","Tata Steel Limited","Scheme of Arrangement","Effective Date of the Scheme of Amalgamation amongst Tata Steel Limited and Tata Metaliks Limited and their respective shareholders","01-Feb-2024 01:28:06","2024-02-01 01:28:06","01-Feb-2024 01:28:12","00:00:06","https://nsearchives.nseindia.com/corporate/TATASTEEL_01022024012806_TSLTMLEffectiveness.pdf"
"TATASTEEL","Tata Steel Limited","Loss of Share Certificates","Tata Steel Limited has informed the Exchange about Loss of Share Certificates","31-Jan-2024 18:08:10","2024-01-31 18:08:10","31-Jan-2024 18:08:25","00:00:15","https://nsearchives.nseindia.com/corporate/TATASTEEL_31012024180810_Reg3931012024.pdf"
"TATASTEEL","Tata Steel Limited","Loss of Share Certificates","Tata Steel Limited has informed the Exchange about Loss of Share Certificates","30-Jan-2024 18:11:56","2024-01-30 18:11:56","30-Jan-2024 18:12:02","00:00:06","https://nsearchives.nseindia.com/corporate/TATASTEEL_30012024181156_Reg3930012024.pdf"
"TATASTEEL","Tata Steel Limited","Loss of Share Certificates","Tata Steel Limited has informed the Exchange about Loss of Share Certificates","29-Jan-2024 19:05:38","2024-01-29 19:05:38","29-Jan-2024 19:05:43","00:00:05","https://nsearchives.nseindia.com/corporate/TATASTEEL_29012024190538_Reg3929012024.pdf"
"TATASTEEL","Tata Steel Limited","Updates","Tata Steel Limited has informed the Exchange regarding 'Notice seeking representations, if any, on the Scheme of Amalgamation amongst Tata Steel Limited and Angul Energy Limited and their respective shareholders, issued to the secured creditors, unsecured creditors and unsecured debenture holders of the Company'.","29-Jan-2024 11:35:52","2024-01-29 11:35:52","29-Jan-2024 11:35:58","00:00:06","https://nsearchives.nseindia.com/corporate/TATASTEEL_29012024113552_BSENSE.pdf"
"TATASTEEL","Tata Steel Limited","Copy of Newspaper Publication","Tata Steel Limited has informed the Exchange about Copy of Newspaper Publication","27-Jan-2024 11:26:33","2024-01-27 11:26:33","27-Jan-2024 11:26:41","00:00:08","https://nsearchives.nseindia.com/corporate/TATASTEEL_27012024112633_BSENSECombined.pdf"
"TATASTEEL","Tata Steel Limited","Analysts/Institutional Investor Meet/Con. Call Updates","Tata Steel Limited has informed the Exchange about Link of Recording","25-Jan-2024 19:16:44","2024-01-25 19:16:44","25-Jan-2024 19:16:48","00:00:04","https://nsearchives.nseindia.com/corporate/TATASTEEL_25012024191644_BSENSE.pdf"
"TATASTEEL","Tata Steel Limited","Shareholders meeting","Summary of Proceedings and Voting Results of the Meeting of the Equity Shareholders of Tata Steel Limited  convened pursuant to the directions of the Hon ble National Company Law Tribunal, Mumbai Bench held on January 25, 2024","25-Jan-2024 17:58:09","2024-01-25 17:58:09","25-Jan-2024 17:58:20","00:00:11","https://nsearchives.nseindia.com/corporate/TATASTEEL_25012024175810_BSENSE.pdf"
"TATASTEEL","Tata Steel Limited","Loss of Share Certificates","Tata Steel Limited has informed the Exchange about Loss of Share Certificates","25-Jan-2024 17:15:21","2024-01-25 17:15:21","25-Jan-2024 17:15:27","00:00:06","https://nsearchives.nseindia.com/corporate/TATASTEEL_25012024171521_Reg3925012024.pdf"
"TATASTEEL","Tata Steel Limited","Loss of Share Certificates","Tata Steel Limited has informed the Exchange about Loss of Share Certificates","24-Jan-2024 23:24:41","2024-01-24 23:24:41","24-Jan-2024 23:24:47","00:00:06","https://nsearchives.nseindia.com/corporate/TATASTEEL_24012024232441_Reg3924012024.pdf"
"TATASTEEL","Tata Steel Limited","Loss of Share Certificates","Tata Steel Limited has informed the Exchange about Loss of Share Certificates","24-Jan-2024 23:24:41","2024-01-24 23:24:41","24-Jan-2024 23:24:54","00:00:13","https://nsearchives.nseindia.com/corporate/TATASTEEL_24012024232442_Reg3924012024.pdf"
"TATASTEEL","Tata Steel Limited","Investor Presentation","Tata Steel Limited has informed the Exchange about Investor Presentation","24-Jan-2024 19:25:12","2024-01-24 19:25:12","24-Jan-2024 19:25:18","00:00:06","https://nsearchives.nseindia.com/corporate/TATASTEEL_24012024192512_BSENSECombined.pdf"
"TATASTEEL","Tata Steel Limited","Press Release","Tata Steel Limited has informed the Exchange regarding a press release dated January 24, 2024, titled ""Tata Steel reports ConsolidatedEBITDA of Rs 16,771 crores for the first nine months of the financial year"".","24-Jan-2024 19:22:32","2024-01-24 19:22:32","24-Jan-2024 19:22:38","00:00:06","https://nsearchives.nseindia.com/corporate/TATASTEEL_24012024192232_BSENSECombined.pdf"
"TATASTEEL","Tata Steel Limited","Updates","Tata Steel Limited has informed the Exchange regarding ' Outcome of Board Meeting of Tata Steel Limited'.","24-Jan-2024 19:02:41","2024-01-24 19:02:41","24-Jan-2024 19:02:48","00:00:07","https://nsearchives.nseindia.com/corporate/TATASTEEL_24012024190241_Combined.pdf"
"TATASTEEL","Tata Steel Limited","Amalgamation/Merger","Tata Steel Limited has informed the Exchange about Amalgamation/Merger","24-Jan-2024 19:00:07","2024-01-24 19:00:07","24-Jan-2024 19:00:17","00:00:10","https://nsearchives.nseindia.com/corporate/TATASTEEL_24012024190007_Combined.pdf"
"TATASTEEL","Tata Steel Limited","Scheme of Arrangement","Tata Steel Limited has informed the Exchange about Scheme of Arrangement","24-Jan-2024 18:58:10","2024-01-24 18:58:10","24-Jan-2024 18:58:17","00:00:07","https://nsearchives.nseindia.com/corporate/TATASTEEL_24012024185810_Combined.pdf"
"TATASTEEL","Tata Steel Limited","Outcome of Board Meeting","Tata Steel Limited has informed the Exchange regarding  Board meeting held on January 24, 2024.","24-Jan-2024 18:56:09","2024-01-24 18:56:09","24-Jan-2024 18:56:14","00:00:05","https://nsearchives.nseindia.com/corporate/TATASTEEL_24012024185609_Combined.pdf"
"TATASTEEL","Tata Steel Limited","Issue of Securities","Tata Steel Limited has informed the Exchange about issue of Securities","24-Jan-2024 18:53:28","2024-01-24 18:53:28","24-Jan-2024 18:53:33","00:00:05","https://nsearchives.nseindia.com/corporate/TATASTEEL_24012024185328_Combined.pdf"
"TATASTEEL","Tata Steel Limited","Outcome of Board Meeting","Tata Steel Limited has informed the Exchange regarding Outcome of Board Meeting held on January 24, 2024.","24-Jan-2024 18:51:48","2024-01-24 18:51:48","24-Jan-2024 18:51:53","00:00:05","https://nsearchives.nseindia.com/corporate/TATASTEEL_24012024185148_Combined.pdf"
"TATASTEEL","Tata Steel Limited","Financial Result Updates","Tata Steel Limited has submitted to the Exchange, the financial results for the period ended December 31, 2023.","24-Jan-2024 18:49:19","2024-01-24 18:49:19","24-Jan-2024 18:49:22","00:00:03","https://nsearchives.nseindia.com/corporate/Combined_24012024184919.pdf"
"TATASTEEL","Tata Steel Limited","Analysts/Institutional Investor Meet/Con. Call Updates","Tata Steel Limited has informed the Exchange about revised details of the  Tata Steel 3QFY2024 Earnings Discussion  scheduled to be held on Thursday, January 25, 2024","22-Jan-2024 22:36:25","2024-01-22 22:36:25","22-Jan-2024 22:36:30","00:00:05","https://nsearchives.nseindia.com/corporate/TATASTEEL_22012024223625_BSENSE.pdf"
"TATASTEEL","Tata Steel Limited","Amalgamation/Merger","Tata Steel Limited has informed the Exchange about Amalgamation/Merger","21-Jan-2024 14:22:58","2024-01-21 14:22:58","21-Jan-2024 14:23:03","00:00:05","https://nsearchives.nseindia.com/corporate/TATASTEEL_21012024142258_BSENSE.pdf"
"TATASTEEL","Tata Steel Limited","Scheme of Arrangement","Tata Steel Limited has informed the Exchange about Scheme of Arrangement","21-Jan-2024 14:20:42","2024-01-21 14:20:42","21-Jan-2024 14:20:49","00:00:07","https://nsearchives.nseindia.com/corporate/TATASTEEL_21012024142042_BSENSE.pdf"
"TATASTEEL","Tata Steel Limited","Allotment of Securities","Tata Steel Limited has informed the Exchange regarding allotment of 86492993 securities pursuant to Scheme of Arrangement/Amalgamation at its meeting held on 0 ,","21-Jan-2024 14:17:58","2024-01-21 14:17:58","21-Jan-2024 14:18:04","00:00:06","https://nsearchives.nseindia.com/corporate/TATASTEEL_21012024141758_BSENSE.pdf"
"TATASTEEL","Tata Steel Limited","Press Release","Tata Steel Limited has informed the Exchange regarding a press release dated January 19, 2024, titled ""Tata Steel announces next steps towards its ambitious transformation from blast furnaces to green steelmaking in the UK and initiates statutory consultation"".","19-Jan-2024 18:02:00","2024-01-19 18:02:00","19-Jan-2024 18:02:07","00:00:07","https://nsearchives.nseindia.com/corporate/TATASTEEL_19012024180200_NSEBSE.pdf"
"TATASTEEL","Tata Steel Limited","Loss of Share Certificates","Tata Steel Limited has informed the Exchange about Loss of Share Certificates","19-Jan-2024 17:25:57","2024-01-19 17:25:57","19-Jan-2024 17:26:01","00:00:04","https://nsearchives.nseindia.com/corporate/TATASTEEL_19012024172558_Reg3919012024.pdf"
"TATASTEEL","Tata Steel Limited","Analysts/Institutional Investor Meet/Con. Call Updates","Tata Steel Limited has informed the Exchange about Schedule of meet and Details for joining the call","17-Jan-2024 20:02:54","2024-01-17 20:02:54","17-Jan-2024 20:02:58","00:00:04","https://nsearchives.nseindia.com/corporate/TATASTEEL_17012024200254_BSENSE.pdf"
"TATASTEEL","Tata Steel Limited","Amalgamation/Merger","Tata Steel Limited has informed the Exchange about Amalgamation/Merger","16-Jan-2024 21:16:45","2024-01-16 21:16:45","16-Jan-2024 21:16:50","00:00:05","https://nsearchives.nseindia.com/corporate/TATASTEEL_16012024211645_BSENSECombined.pdf"
"TATASTEEL","Tata Steel Limited","Scheme of Arrangement","Tata Steel Limited has informed the Exchange about Scheme of Arrangement","16-Jan-2024 21:14:31","2024-01-16 21:14:31","16-Jan-2024 21:14:36","00:00:05","https://nsearchives.nseindia.com/corporate/TATASTEEL_16012024211431_BSENSECombined.pdf"
"TATASTEEL","Tata Steel Limited","Loss of Share Certificates","Tata Steel Limited has informed the Exchange about Loss of Share Certificates","15-Jan-2024 17:59:32","2024-01-15 17:59:32","15-Jan-2024 17:59:36","00:00:04","https://nsearchives.nseindia.com/corporate/TATASTEEL_15012024175932_Reg3915012024.pdf"
"TATASTEEL","Tata Steel Limited","Scheme of Arrangement","Effective Date  of the Scheme of Amalgamation amongst Tata Steel Limitedand The Tinplate Company of India Limited and their respective shareholders","15-Jan-2024 01:45:58","2024-01-15 01:45:58","15-Jan-2024 01:46:02","00:00:04","https://nsearchives.nseindia.com/corporate/TATASTEEL_15012024014558_TCILTSL.pdf"
"TATASTEEL","Tata Steel Limited","Amalgamation/Merger","Tata Steel Limited has informed the Exchange about  Effective Date  of the Scheme of Amalgamation amongst Tata Steel Limited","15-Jan-2024 01:44:26","2024-01-15 01:44:26","15-Jan-2024 01:44:31","00:00:05","https://nsearchives.nseindia.com/corporate/TATASTEEL_15012024014426_TCILTSL.pdf"
"TATASTEEL","Tata Steel Limited","Loss of Share Certificates","Tata Steel Limited has informed the Exchange about Loss of Share Certificates","12-Jan-2024 18:01:59","2024-01-12 18:01:59","12-Jan-2024 18:02:04","00:00:05","https://nsearchives.nseindia.com/corporate/TATASTEEL_12012024180159_Reg3912012024.pdf"
"TATASTEEL","Tata Steel Limited","Loss of Share Certificates","Tata Steel Limited has informed the Exchange about Loss of Share Certificates","11-Jan-2024 19:10:00","2024-01-11 19:10:00","11-Jan-2024 19:10:14","00:00:14","https://nsearchives.nseindia.com/corporate/TATASTEEL_11012024191001_Reg3911012024.pdf"
"TATASTEEL","Tata Steel Limited","Amalgamation/Merger","Tata Steel Limited has informed the Exchange about Amalgamation/Merger","11-Jan-2024 18:40:33","2024-01-11 18:40:33","11-Jan-2024 18:40:43","00:00:10","https://nsearchives.nseindia.com/corporate/TATASTEEL_11012024184033_NSEBSE.pdf"
"TATASTEEL","Tata Steel Limited","Scheme of Arrangement","Tata Steel Limited has informed the Exchange about Scheme of Arrangement","11-Jan-2024 18:38:48","2024-01-11 18:38:48","11-Jan-2024 18:38:53","00:00:05","https://nsearchives.nseindia.com/corporate/TATASTEEL_11012024183848_NSEBSE.pdf"
"TATASTEEL","Tata Steel Limited","Updates","Tata Steel Limited has informed the Exchange regarding 'Notice seeking representations, if any, on the Scheme of Amalgamation amongst Tata Steel Limited and The Indian Steel & Wire Products Limited and their respective shareholders, issued to the unsecured creditors and unsecured debenture holders of the Company'.","10-Jan-2024 22:06:41","2024-01-10 22:06:41","10-Jan-2024 22:06:46","00:00:05","https://nsearchives.nseindia.com/corporate/TATASTEEL_10012024220641_NSEBSE.pdf"
"TATASTEEL","Tata Steel Limited","Loss of Share Certificates","Tata Steel Limited has informed the Exchange about Loss of Share Certificates","08-Jan-2024 18:31:19","2024-01-08 18:31:19","08-Jan-2024 18:31:27","00:00:08","https://nsearchives.nseindia.com/corporate/TATASTEEL_08012024183119_Reg3908012024.pdf"
"TATASTEEL","Tata Steel Limited","Loss of Share Certificates","Tata Steel Limited has informed the Exchange about Loss of Share Certificates","08-Jan-2024 17:32:52","2024-01-08 17:32:52","08-Jan-2024 17:33:08","00:00:16","https://nsearchives.nseindia.com/corporate/TATASTEEL_08012024173252_Reg3908012024.pdf"
"TATASTEEL","Tata Steel Limited","Amalgamation/Merger","Tata Steel Limited has informed the Exchange about Amalgamation/Merger","08-Jan-2024 10:53:43","2024-01-08 10:53:43","08-Jan-2024 10:53:50","00:00:07","https://nsearchives.nseindia.com/corporate/TATASTEEL_08012024105343_BSENSE.pdf"
"TATASTEEL","Tata Steel Limited","Scheme of Arrangement","Tata Steel Limited has informed the Exchange about Scheme of Arrangement","08-Jan-2024 10:52:22","2024-01-08 10:52:22","08-Jan-2024 10:52:27","00:00:05","https://nsearchives.nseindia.com/corporate/TATASTEEL_08012024105222_BSENSE.pdf"
"TATASTEEL","Tata Steel Limited","Copy of Newspaper Publication","Tata Steel Limited has informed the Exchange about Copy of Newspaper Publication","06-Jan-2024 16:25:00","2024-01-06 16:25:00","06-Jan-2024 16:25:04","00:00:04","https://nsearchives.nseindia.com/corporate/TATASTEEL_06012024162500_BSENSE.pdf"
"TATASTEEL","Tata Steel Limited","Press Release","Tata Steel Limited has informed the Exchange regarding a press release dated January 05, 2024, titled ""Tata Steel: 3QFY2024 Production and Delivery Volumes (Provisional)"".","05-Jan-2024 20:28:30","2024-01-05 20:28:30","05-Jan-2024 20:28:37","00:00:07","https://nsearchives.nseindia.com/corporate/TATASTEEL_05012024202830_BSENSE.pdf"
"TATASTEEL","Tata Steel Limited","Shareholders meeting","Tata Steel Limited has informed the Exchange regarding Notice of Court Covened General Meeting to be held on February 09, 2024","05-Jan-2024 19:15:12","2024-01-05 19:15:12","05-Jan-2024 19:15:17","00:00:05","https://nsearchives.nseindia.com/corporate/TATASTEEL_05012024191512_BSENSECombined.pdf"
"TATASTEEL","Tata Steel Limited","Loss of Share Certificates","Tata Steel Limited has informed the Exchange about Loss of Share Certificates","05-Jan-2024 18:08:31","2024-01-05 18:08:31","05-Jan-2024 18:08:35","00:00:04","https://nsearchives.nseindia.com/corporate/TATASTEEL_05012024180831_Reg3905012024.pdf"
"TATASTEEL","Tata Steel Limited","Copy of Newspaper Publication","Tata Steel Limited has informed the Exchange about Copy of Newspaper Publication","04-Jan-2024 19:31:23","2024-01-04 19:31:23","04-Jan-2024 19:31:30","00:00:07","https://nsearchives.nseindia.com/corporate/TATASTEEL_04012024193123_BSENSE.pdf"
"TATASTEEL","Tata Steel Limited","Certificate under SEBI (Depositories and Participants) Regulations, 2018","Tata Steel Limited has informed the Exchange about Certificate under SEBI (Depositories and Participants) Regulations, 2018","04-Jan-2024 19:23:09","2024-01-04 19:23:09","04-Jan-2024 19:23:13","00:00:04","https://nsearchives.nseindia.com/corporate/TATASTEEL_04012024192309_BSENSE.pdf"
"TATASTEEL","Tata Steel Limited","Loss of Share Certificates","Tata Steel Limited has informed the Exchange about Loss of Share Certificates","03-Jan-2024 19:40:19","2024-01-03 19:40:19","03-Jan-2024 19:40:26","00:00:07","https://nsearchives.nseindia.com/corporate/TATASTEEL_03012024194019_Reg3903012024.pdf"
"TATASTEEL","Tata Steel Limited","Loss of Share Certificates","Tata Steel Limited has informed the Exchange about Loss of Share Certificates","03-Jan-2024 19:40:19","2024-01-03 19:40:19","03-Jan-2024 19:40:34","00:00:15","https://nsearchives.nseindia.com/corporate/TATASTEEL_03012024194020_Reg3903012024.pdf"
"TATASTEEL","Tata Steel Limited","Loss of Share Certificates","Tata Steel Limited has informed the Exchange about Loss of Share Certificates","02-Jan-2024 18:40:08","2024-01-02 18:40:08","02-Jan-2024 18:40:16","00:00:08","https://nsearchives.nseindia.com/corporate/TATASTEEL_02012024184008_Reg3902012024.pdf"
"TATASTEEL","Tata Steel Limited","Loss of Share Certificates","Tata Steel Limited has informed the Exchange about Loss of Share Certificates","02-Jan-2024 17:46:35","2024-01-02 17:46:35","02-Jan-2024 17:46:40","00:00:05","https://nsearchives.nseindia.com/corporate/TATASTEEL_02012024174635_Reg3902012024.pdf"
"TATASTEEL","Tata Steel Limited","Amalgamation/Merger","Pronouncement of Order by the Hon ble National Company Law Tribunal, KolkataBench sanctioning the Scheme of Amalgamation amongst Tata Steel Limited and TheTinplate Company of India Limited and their respective shareholders.","01-Jan-2024 20:54:27","2024-01-01 20:54:27","01-Jan-2024 20:54:35","00:00:08","https://nsearchives.nseindia.com/corporate/TATASTEEL_01012024205428_BSENSE.pdf"
"TATASTEEL","Tata Steel Limited","Scheme of Arrangement","Pronouncement of Order by the Hon ble National Company Law Tribunal, KolkataBench sanctioning the Scheme of Amalgamation amongst Tata Steel Limited and TheTinplate Company of India Limited and their respective shareholders.","01-Jan-2024 20:51:49","2024-01-01 20:51:49","01-Jan-2024 20:51:55","00:00:06","https://nsearchives.nseindia.com/corporate/TATASTEEL_01012024205149_BSENSE.pdf"
"TATASTEEL","Tata Steel Limited","Updates","Intimation of merger of TSR Consultants Private Limited (Registrar and Transfer Agentsof the Company) with Link Intime India Private Limited","31-Dec-2023 16:58:18","2023-12-31 16:58:18","31-Dec-2023 16:58:23","00:00:05","https://nsearchives.nseindia.com/corporate/TATASTEEL_31122023165818_TATASTEEL_.pdf"
"TATASTEEL","Tata Steel Limited","Loss of Share Certificates","Tata Steel Limited has informed the Exchange about Loss of Share Certificates","29-Dec-2023 17:15:15","2023-12-29 17:15:15","29-Dec-2023 17:15:26","00:00:11","https://nsearchives.nseindia.com/corporate/TATASTEEL_29122023171515_Reg3929122023.pdf"
"TATASTEEL","Tata Steel Limited","Updates","Tata Steel Limited has informed the Exchange regarding 'Communication dated December 15, 2023, received from Uttar Pradesh StatePollution Control Board'.","28-Dec-2023 18:14:24","2023-12-28 18:14:24","28-Dec-2023 18:14:33","00:00:09","https://nsearchives.nseindia.com/corporate/TATASTEEL_28122023181424_BSENSE.pdf"
"TATASTEEL","Tata Steel Limited","Loss of Share Certificates","Tata Steel Limited has informed the Exchange about Loss of Share Certificates","28-Dec-2023 17:17:40","2023-12-28 17:17:40","28-Dec-2023 17:17:44","00:00:04","https://nsearchives.nseindia.com/corporate/TATASTEEL_28122023171740_Reg3928122023.pdf"
"TATASTEEL","Tata Steel Limited","Updates","Tata Steel Limited has informed the Exchange regarding 'Order from the Office of Superintendent, CGST & Central Excise, Guwahati'.","27-Dec-2023 21:08:13","2023-12-27 21:08:13","27-Dec-2023 21:08:19","00:00:06","https://nsearchives.nseindia.com/corporate/TATASTEEL_27122023210813_BSENSE.pdf"
"TATASTEEL","Tata Steel Limited","Loss of Share Certificates","Tata Steel Limited has informed the Exchange about Loss of Share Certificates","27-Dec-2023 16:55:18","2023-12-27 16:55:18","27-Dec-2023 16:55:33","00:00:15","https://nsearchives.nseindia.com/corporate/TATASTEEL_27122023165518_Reg3927122023.pdf"
"TATASTEEL","Tata Steel Limited","Copy of Newspaper Publication","Tata Steel Limited has informed the Exchange about Copy of Newspaper Publication of the Notice convening the Meeting of Equity Shareholders of Tata Steel Limited","23-Dec-2023 17:02:00","2023-12-23 17:02:00","23-Dec-2023 17:02:05","00:00:05","https://nsearchives.nseindia.com/corporate/TATASTEEL_23122023170200_BSENSE.pdf"
"TATASTEEL","Tata Steel Limited","Shareholders meeting","Tata Steel Limited has informed the Exchange regarding Notice of Court Convened General Meeting to be held on Thursday, January 25, 2024 at 11.00 a.m. (IST) through VC/OAVM mode","22-Dec-2023 17:12:29","2023-12-22 17:12:29","22-Dec-2023 17:12:43","00:00:14","https://nsearchives.nseindia.com/corporate/TATASTEEL_22122023171229_BSENSE.pdf"
"TATASTEEL","Tata Steel Limited","Loss of Share Certificates","Tata Steel Limited has informed the Exchange about Loss of Share Certificates","22-Dec-2023 16:26:44","2023-12-22 16:26:44","22-Dec-2023 16:26:50","00:00:06","https://nsearchives.nseindia.com/corporate/TATASTEEL_22122023162644_Reg3922122023.pdf"
"TATASTEEL","Tata Steel Limited","Copy of Newspaper Publication","Tata Steel Limited has informed the Exchange about Copy of Newspaper Publication","21-Dec-2023 18:42:03","2023-12-21 18:42:03","21-Dec-2023 18:42:09","00:00:06","https://nsearchives.nseindia.com/corporate/TATASTEEL_21122023184203_BSENSE.pdf"
"TATASTEEL","Tata Steel Limited","Loss of Share Certificates","Tata Steel Limited has informed the Exchange about Loss of Share Certificates","20-Dec-2023 17:45:08","2023-12-20 17:45:08","20-Dec-2023 17:45:14","00:00:06","https://nsearchives.nseindia.com/corporate/TATASTEEL_20122023174508_Reg3920122023.pdf"
"TATASTEEL","Tata Steel Limited","Loss of Share Certificates","Tata Steel Limited has informed the Exchange about Loss of Share Certificates","19-Dec-2023 17:35:14","2023-12-19 17:35:14","19-Dec-2023 17:35:19","00:00:05","https://nsearchives.nseindia.com/corporate/TATASTEEL_19122023173514_Reg3919122023.pdf"
"TATASTEEL","Tata Steel Limited","Trading Window","Tata Steel Limited has informed the Exchange regarding the Trading Window closure pursuant to SEBI (Prohibition of Insider Trading) Regulations, 2015","19-Dec-2023 17:03:09","2023-12-19 17:03:09","19-Dec-2023 17:03:18","00:00:09","https://nsearchives.nseindia.com/corporate/TATASTEEL_19122023170309_BSENSE.pdf"
"TATASTEEL","Tata Steel Limited","Loss of Share Certificates","Tata Steel Limited has informed the Exchange about Loss of Share Certificates","18-Dec-2023 18:21:46","2023-12-18 18:21:46","18-Dec-2023 18:21:52","00:00:06","https://nsearchives.nseindia.com/corporate/TATASTEEL_18122023182146_Reg3918122023.pdf"
"TATASTEEL","Tata Steel Limited","Loss of Share Certificates","Tata Steel Limited has informed the Exchange about Loss of Share Certificates","12-Dec-2023 17:45:31","2023-12-12 17:45:31","12-Dec-2023 17:45:39","00:00:08","https://nsearchives.nseindia.com/corporate/TATASTEEL_12122023174531_Reg3912122023.pdf"
"TATASTEEL","Tata Steel Limited","Analysts/Institutional Investor Meet/Con. Call Updates","Tata Steel Limited has informed the Exchange about Schedule of meet","11-Dec-2023 18:40:11","2023-12-11 18:40:11","11-Dec-2023 18:40:18","00:00:07","https://nsearchives.nseindia.com/corporate/TATASTEEL_11122023184011_Reg3011122023.pdf"
"TATASTEEL","Tata Steel Limited","Loss of Share Certificates","Tata Steel Limited has informed the Exchange about Loss of Share Certificates","11-Dec-2023 17:44:14","2023-12-11 17:44:14","11-Dec-2023 17:44:20","00:00:06","https://nsearchives.nseindia.com/corporate/TATASTEEL_11122023174414_Reg3911122023.pdf"
"TATASTEEL","Tata Steel Limited","Loss of Share Certificates","Tata Steel Limited has informed the Exchange about Loss of Share Certificates","08-Dec-2023 18:03:09","2023-12-08 18:03:09","08-Dec-2023 18:03:17","00:00:08","https://nsearchives.nseindia.com/corporate/TATASTEEL_08122023180309_Reg3908122023.pdf"
"TATASTEEL","Tata Steel Limited","Loss of Share Certificates","Tata Steel Limited has informed the Exchange about Loss of Share Certificates","07-Dec-2023 17:33:13","2023-12-07 17:33:13","07-Dec-2023 17:33:17","00:00:04","https://nsearchives.nseindia.com/corporate/TATASTEEL_07122023173313_Reg3907122023.pdf"
"TATASTEEL","Tata Steel Limited","Loss of Share Certificates","Tata Steel Limited has informed the Exchange about Loss of Share Certificates","06-Dec-2023 18:16:26","2023-12-06 18:16:26","06-Dec-2023 18:16:33","00:00:07","https://nsearchives.nseindia.com/corporate/TATASTEEL_06122023181626_Reg3906122023.pdf"
"TATASTEEL","Tata Steel Limited","Loss of Share Certificates","Tata Steel Limited has informed the Exchange about Loss of Share Certificates","05-Dec-2023 17:31:16","2023-12-05 17:31:16","05-Dec-2023 17:31:23","00:00:07","https://nsearchives.nseindia.com/corporate/TATASTEEL_05122023173116_Reg39051223.pdf"
"TATASTEEL","Tata Steel Limited","Amalgamation/Merger","Tata Steel Limited has informed the Exchange about Amalgamation/Merger","01-Dec-2023 17:56:34","2023-12-01 17:56:34","01-Dec-2023 17:56:41","00:00:07","https://nsearchives.nseindia.com/corporate/TATASTEEL_01122023175634_Revised.pdf"
"TATASTEEL","Tata Steel Limited","Scheme of Arrangement","Tata Steel Limited has informed the Exchange about Scheme of Arrangement","01-Dec-2023 17:54:54","2023-12-01 17:54:54","01-Dec-2023 17:55:01","00:00:07","https://nsearchives.nseindia.com/corporate/TATASTEEL_01122023175454_Revised.pdf"
"TATASTEEL","Tata Steel Limited","Analysts/Institutional Investor Meet/Con. Call Updates","Tata Steel Limited has informed the Exchange about Schedule of meet","01-Dec-2023 15:26:41","2023-12-01 15:26:41","01-Dec-2023 15:26:48","00:00:07","https://nsearchives.nseindia.com/corporate/TATASTEEL_01122023152642_Reg3001122023.pdf"
"TATASTEEL","Tata Steel Limited","Loss of Share Certificates","Tata Steel Limited has informed the Exchange about Loss of Share Certificates","30-Nov-2023 17:18:45","2023-11-30 17:18:45","30-Nov-2023 17:19:08","00:00:23","https://nsearchives.nseindia.com/corporate/TATASTEEL_30112023171845_Reg3930112023.pdf"
"TATASTEEL","Tata Steel Limited","Loss of Share Certificates","Tata Steel Limited has informed the Exchange about Loss of Share Certificates","30-Nov-2023 17:18:45","2023-11-30 17:18:45","30-Nov-2023 17:19:23","00:00:38","https://nsearchives.nseindia.com/corporate/TATASTEEL_30112023171846_Reg3930112023.pdf"
"TATASTEEL","Tata Steel Limited","Loss of Share Certificates","Tata Steel Limited has informed the Exchange about Loss of Share Certificates","29-Nov-2023 17:39:08","2023-11-29 17:39:08","29-Nov-2023 17:39:12","00:00:04","https://nsearchives.nseindia.com/corporate/TATASTEEL_29112023173908_Reg39291123.pdf"
"TATASTEEL","Tata Steel Limited","Loss of Share Certificates","Tata Steel Limited has informed the Exchange about Loss of Share Certificates","29-Nov-2023 10:58:50","2023-11-29 10:58:50","29-Nov-2023 10:58:59","00:00:09","https://nsearchives.nseindia.com/corporate/TATASTEEL_29112023105850_Reg3928112023.pdf"
"TATASTEEL","Tata Steel Limited","Analysts/Institutional Investor Meet/Con. Call Updates","Tata Steel Limited has informed the Exchange about Schedule of meet","28-Nov-2023 19:18:03","2023-11-28 19:18:03","28-Nov-2023 19:18:09","00:00:06","https://nsearchives.nseindia.com/corporate/TATASTEEL_28112023191803_BReg3028112023.pdf"
"TATASTEEL","Tata Steel Limited","Analysts/Institutional Investor Meet/Con. Call Updates","Tata Steel Limited has informed the Exchange about Schedule of meet","28-Nov-2023 19:15:11","2023-11-28 19:15:11","28-Nov-2023 19:15:19","00:00:08","https://nsearchives.nseindia.com/corporate/TATASTEEL_28112023191511_AReg3028112023.pdf"
"TATASTEEL","Tata Steel Limited","Change in Management","Tata Steel Limited has informed the Exchange about change in Management","27-Nov-2023 10:44:47","2023-11-27 10:44:47","27-Nov-2023 10:44:55","00:00:08","https://nsearchives.nseindia.com/corporate/TATASTEEL_27112023104448_BSENSE.pdf"
"TATASTEEL","Tata Steel Limited","Loss of Share Certificates","Tata Steel Limited has informed the Exchange about Loss of Share Certificates","24-Nov-2023 17:32:07","2023-11-24 17:32:07","24-Nov-2023 17:32:12","00:00:05","https://nsearchives.nseindia.com/corporate/TATASTEEL_24112023173207_Reg3924112023.pdf"
"TATASTEEL","Tata Steel Limited","Analysts/Institutional Investor Meet/Con. Call Updates","Tata Steel Limited has informed the Exchange about Schedule of meet","23-Nov-2023 18:53:01","2023-11-23 18:53:01","23-Nov-2023 18:53:07","00:00:06","https://nsearchives.nseindia.com/corporate/TATASTEEL_23112023185301_Reg3023112023.pdf"
"TATASTEEL","Tata Steel Limited","Loss of Share Certificates","Tata Steel Limited has informed the Exchange about Loss of Share Certificates","23-Nov-2023 18:12:36","2023-11-23 18:12:36","23-Nov-2023 18:12:41","00:00:05","https://nsearchives.nseindia.com/corporate/TATASTEEL_23112023181236_Reg3923112023.pdf"
"TATASTEEL","Tata Steel Limited","Allotment of Securities","Tata Steel Limited has informed the Exchange regarding allotment of 7,58,00,309 securities pursuant to Scheme of Arrangement/Amalgamation at its meeting held on November 22, 2023","23-Nov-2023 10:12:21","2023-11-23 10:12:21","23-Nov-2023 10:12:27","00:00:06","https://nsearchives.nseindia.com/corporate/TATASTEEL_23112023101221_BSENSE.pdf"
"TATASTEEL","Tata Steel Limited","Amalgamation/Merger","Tata Steel Limited has informed the Exchange about Amalgamation/Merger","22-Nov-2023 19:49:42","2023-11-22 19:49:42","22-Nov-2023 19:49:48","00:00:06","https://nsearchives.nseindia.com/corporate/TATASTEEL_22112023194942_BSENSE.pdf"
"TATASTEEL","Tata Steel Limited","Scheme of Arrangement","Tata Steel Limited has informed the Exchange about Scheme of Arrangement","22-Nov-2023 19:48:08","2023-11-22 19:48:08","22-Nov-2023 19:48:52","00:00:44","https://nsearchives.nseindia.com/corporate/TATASTEEL_22112023194808_BSENSE.pdf"
"TATASTEEL","Tata Steel Limited","Amalgamation/Merger","Tata Steel Limited has informed the Exchange about Amalgamation/Merger","22-Nov-2023 18:47:53","2023-11-22 18:47:53","22-Nov-2023 18:48:00","00:00:07","https://nsearchives.nseindia.com/corporate/TATASTEEL_22112023184753_BSENSE.pdf"
"TATASTEEL","Tata Steel Limited","Scheme of Arrangement","Tata Steel Limited has informed the Exchange about Scheme of Arrangement","22-Nov-2023 18:46:14","2023-11-22 18:46:14","22-Nov-2023 18:46:19","00:00:05","https://nsearchives.nseindia.com/corporate/TATASTEEL_22112023184614_BSENSE.pdf"
"TATASTEEL","Tata Steel Limited","Loss of Share Certificates","Tata Steel Limited has informed the Exchange about Loss of Share Certificates","22-Nov-2023 18:41:29","2023-11-22 18:41:29","22-Nov-2023 18:41:53","00:00:24","https://nsearchives.nseindia.com/corporate/TATASTEEL_22112023184139_Reg3922112023.pdf"
"TATASTEEL","Tata Steel Limited","Loss of Share Certificates","Tata Steel Limited has informed the Exchange about Loss of Share Certificates","22-Nov-2023 18:41:29","2023-11-22 18:41:29","22-Nov-2023 18:41:39","00:00:10","https://nsearchives.nseindia.com/corporate/TATASTEEL_22112023184129_Reg3922112023.pdf"
"TATASTEEL","Tata Steel Limited","Loss of Share Certificates","Tata Steel Limited has informed the Exchange about Loss of Share Certificates","21-Nov-2023 17:37:45","2023-11-21 17:37:45","21-Nov-2023 17:38:11","00:00:26","https://nsearchives.nseindia.com/corporate/TATASTEEL_21112023173745_Reg3921112023.pdf"
"TATASTEEL","Tata Steel Limited","Loss of Share Certificates","Tata Steel Limited has informed the Exchange about Loss of Share Certificates","20-Nov-2023 17:11:37","2023-11-20 17:11:37","20-Nov-2023 17:11:45","00:00:08","https://nsearchives.nseindia.com/corporate/TATASTEEL_20112023171137_Reg3920112023.pdf"
"TATASTEEL","Tata Steel Limited","Loss of Share Certificates","Tata Steel Limited has informed the Exchange about Loss of Share Certificates","17-Nov-2023 15:45:22","2023-11-17 15:45:22","17-Nov-2023 15:45:29","00:00:07","https://nsearchives.nseindia.com/corporate/TATASTEEL_17112023154522_Reg3917112023.pdf"
"TATASTEEL","Tata Steel Limited","Analysts/Institutional Investor Meet/Con. Call Updates","Tata Steel Limited has informed the Exchange about Schedule of meet","16-Nov-2023 19:07:56","2023-11-16 19:07:56","16-Nov-2023 19:08:04","00:00:08","https://nsearchives.nseindia.com/corporate/TATASTEEL_16112023190756_Reg3016112023.pdf"
"TATASTEEL","Tata Steel Limited","Loss of Share Certificates","Tata Steel Limited has informed the Exchange about Loss of Share Certificates","16-Nov-2023 17:54:51","2023-11-16 17:54:51","16-Nov-2023 17:54:56","00:00:05","https://nsearchives.nseindia.com/corporate/TATASTEEL_16112023175451_Reg3916112023.pdf"
"TATASTEEL","Tata Steel Limited","Loss of Share Certificates","Tata Steel Limited has informed the Exchange about Loss of Share Certificates","15-Nov-2023 14:23:40","2023-11-15 14:23:40","15-Nov-2023 14:23:50","00:00:10","https://nsearchives.nseindia.com/corporate/TATASTEEL_15112023142340_Reg3913112023.pdf"
"TATASTEEL","Tata Steel Limited","Change in Management","Tata Steel Limited has informed the Exchange about change in Management","15-Nov-2023 04:39:16","2023-11-15 04:39:16","15-Nov-2023 04:39:22","00:00:06","https://nsearchives.nseindia.com/corporate/TATASTEEL_15112023043916_BSENSEChange.pdf"
"TATASTEEL","Tata Steel Limited","Amalgamation/Merger","Effective Date  of the Scheme of Amalgamation amongst Tata Steel Limited and Tata Steel Long Products Limited and their respective shareholders","15-Nov-2023 04:30:40","2023-11-15 04:30:40","15-Nov-2023 04:30:47","00:00:07","https://nsearchives.nseindia.com/corporate/TATASTEEL_15112023043040_NSEBSEEffectiveness.pdf"
"TATASTEEL","Tata Steel Limited","Scheme of Arrangement","Effective Date  of the Scheme of Amalgamation amongst Tata Steel Limited and Tata Steel Long Products Limited and their respective shareholders","15-Nov-2023 04:27:27","2023-11-15 04:27:27","15-Nov-2023 04:27:32","00:00:05","https://nsearchives.nseindia.com/corporate/TATASTEEL_15112023042727_NSEBSEEffectiveness.pdf"
"TATASTEEL","Tata Steel Limited","Amalgamation/Merger","Tata Steel Limited has informed the Exchange about Amalgamation/Merger","10-Nov-2023 20:28:07","2023-11-10 20:28:07","10-Nov-2023 20:28:15","00:00:08","https://nsearchives.nseindia.com/corporate/TATASTEEL_10112023202807_NSEBSE.pdf"
"TATASTEEL","Tata Steel Limited","Scheme of Arrangement","Tata Steel Limited has informed the Exchange about Scheme of Arrangement","10-Nov-2023 20:26:39","2023-11-10 20:26:39","10-Nov-2023 20:26:43","00:00:04","https://nsearchives.nseindia.com/corporate/TATASTEEL_10112023202639_NSEBSE.pdf"
"TATASTEEL","Tata Steel Limited","Loss of Share Certificates","Tata Steel Limited has informed the Exchange about Loss of Share Certificates","10-Nov-2023 17:19:38","2023-11-10 17:19:38","10-Nov-2023 17:19:45","00:00:07","https://nsearchives.nseindia.com/corporate/TATASTEEL_10112023171938_Reg3910112023.pdf"
"TATASTEEL","Tata Steel Limited","Loss of Share Certificates","Tata Steel Limited has informed the Exchange about Loss of Share Certificates","09-Nov-2023 15:32:12","2023-11-09 15:32:12","09-Nov-2023 15:32:32","00:00:20","https://nsearchives.nseindia.com/corporate/TATASTEEL_09112023153212_Reg3909112023.pdf"
"TATASTEEL","Tata Steel Limited","Loss of Share Certificates","Tata Steel Limited has informed the Exchange about Loss of Share Certificates","09-Nov-2023 15:32:12","2023-11-09 15:32:12","09-Nov-2023 15:32:39","00:00:27","https://nsearchives.nseindia.com/corporate/TATASTEEL_09112023153213_Reg3909112023.pdf"
"TATASTEEL","Tata Steel Limited","Analysts/Institutional Investor Meet/Con. Call Updates","Tata Steel Limited has informed the Exchange about Transcript","09-Nov-2023 10:06:21","2023-11-09 10:06:21","09-Nov-2023 10:06:33","00:00:12","https://nsearchives.nseindia.com/corporate/TATASTEEL_09112023100621_Reg3009112023.pdf"
"TATASTEEL","Tata Steel Limited","Loss of Share Certificates","Tata Steel Limited has informed the Exchange about Loss of Share Certificates","08-Nov-2023 17:49:49","2023-11-08 17:49:49","08-Nov-2023 17:49:58","00:00:09","https://nsearchives.nseindia.com/corporate/TATASTEEL_08112023174949_Reg3908112023.pdf"
"TATASTEEL","Tata Steel Limited","Loss of Share Certificates","Tata Steel Limited has informed the Exchange about Loss of Share Certificates","07-Nov-2023 17:58:33","2023-11-07 17:58:33","07-Nov-2023 17:58:54","00:00:21","https://nsearchives.nseindia.com/corporate/TATASTEEL_07112023175833_Reg3907112023.pdf"
"TATASTEEL","Tata Steel Limited","Analysts/Institutional Investor Meet/Con. Call Updates","Tata Steel Limited has informed the Exchange about Schedule of meet","06-Nov-2023 21:56:34","2023-11-06 21:56:34","06-Nov-2023 21:56:39","00:00:05","https://nsearchives.nseindia.com/corporate/TATASTEEL_06112023215634_Reg3006112023.pdf"
"TATASTEEL","Tata Steel Limited","Loss of Share Certificates","Tata Steel Limited has informed the Exchange about Loss of Share Certificates","06-Nov-2023 19:41:06","2023-11-06 19:41:06","06-Nov-2023 19:41:16","00:00:10","https://nsearchives.nseindia.com/corporate/TATASTEEL_06112023194106_Reg3906112023.pdf"
"TATASTEEL","Tata Steel Limited","Acquisition","Acquisition of 26% equity stake in TP Vardhaman Surya Ltd.","06-Nov-2023 18:50:50","2023-11-06 18:50:50","06-Nov-2023 18:51:03","00:00:13","https://nsearchives.nseindia.com/corporate/TATASTEEL_06112023185050_BSENSE.pdf"
"TATASTEEL","Tata Steel Limited","Copy of Newspaper Publication","Tata Steel Limited has informed the Exchange about Copy of Newspaper Publication","03-Nov-2023 18:42:12","2023-11-03 18:42:12","03-Nov-2023 18:42:19","00:00:07","https://nsearchives.nseindia.com/corporate/TATASTEEL_03112023184212_BSENSECombined.pdf"
"TATASTEEL","Tata Steel Limited","Amalgamation/Merger","Tata Steel Limited has informed the Exchange about Amalgamation/Merger","03-Nov-2023 18:04:46","2023-11-03 18:04:46","03-Nov-2023 18:04:53","00:00:07","https://nsearchives.nseindia.com/corporate/TATASTEEL_03112023180446_BSENSE.pdf"
"TATASTEEL","Tata Steel Limited","Scheme of Arrangement","Tata Steel Limited has informed the Exchange about Scheme of Arrangement","03-Nov-2023 18:03:17","2023-11-03 18:03:17","03-Nov-2023 18:03:22","00:00:05","https://nsearchives.nseindia.com/corporate/TATASTEEL_03112023180317_BSENSE.pdf"
"TATASTEEL","Tata Steel Limited","Loss of Share Certificates","Tata Steel Limited has informed the Exchange about Loss of Share Certificates","03-Nov-2023 17:37:34","2023-11-03 17:37:34","03-Nov-2023 17:37:41","00:00:07","https://nsearchives.nseindia.com/corporate/TATASTEEL_03112023173734_Reg3903112023.pdf"
"TATASTEEL","Tata Steel Limited","Analysts/Institutional Investor Meet/Con. Call Updates","Tata Steel Limited has informed the Exchange about Schedule of meet","02-Nov-2023 23:17:40","2023-11-02 23:17:40","02-Nov-2023 23:17:45","00:00:05","https://nsearchives.nseindia.com/corporate/TATASTEEL_02112023231740_Reg3002112023.pdf"
"TATASTEEL","Tata Steel Limited","Loss of Share Certificates","Tata Steel Limited has informed the Exchange about Loss of Share Certificates","02-Nov-2023 22:43:31","2023-11-02 22:43:31","02-Nov-2023 22:43:42","00:00:11","https://nsearchives.nseindia.com/corporate/TATASTEEL_02112023224331_Reg3902112023.pdf"
"TATASTEEL","Tata Steel Limited","Analysts/Institutional Investor Meet/Con. Call Updates","Tata Steel Limited has informed the Exchange about Link of Recording","02-Nov-2023 22:36:54","2023-11-02 22:36:54","02-Nov-2023 22:37:01","00:00:07","https://nsearchives.nseindia.com/corporate/TATASTEEL_02112023223654_BSENSE.pdf"
"TATASTEEL","Tata Steel Limited","Loss of Share Certificates","Tata Steel Limited has informed the Exchange about Loss of Share Certificates","01-Nov-2023 22:18:19","2023-11-01 22:18:19","01-Nov-2023 22:18:34","00:00:15","https://nsearchives.nseindia.com/corporate/TATASTEEL_01112023221820_Reg3901112023.pdf"
"TATASTEEL","Tata Steel Limited","Loss of Share Certificates","Tata Steel Limited has informed the Exchange about Loss of Share Certificates","01-Nov-2023 22:18:19","2023-11-01 22:18:19","01-Nov-2023 22:18:26","00:00:07","https://nsearchives.nseindia.com/corporate/TATASTEEL_01112023221819_Reg3901112023.pdf"
"TATASTEEL","Tata Steel Limited","Amalgamation/Merger","Order from the Hon ble National Company Law Tribunal, Mumbai Bench in thematter of Scheme of Amalgamation amongst Tata Steel Limited and The Tinplate Company of India Limited and their respective shareholders","01-Nov-2023 21:54:25","2023-11-01 21:54:25","01-Nov-2023 21:54:36","00:00:11","https://nsearchives.nseindia.com/corporate/TATASTEEL_01112023215425_NSEBSE.pdf"
"TATASTEEL","Tata Steel Limited","Investor Presentation","Tata Steel Limited has informed the Exchange about Investor Presentation","01-Nov-2023 20:23:41","2023-11-01 20:23:41","01-Nov-2023 20:23:48","00:00:07","https://nsearchives.nseindia.com/corporate/TATASTEEL_01112023202342_BSENSECombined.pdf"
"TATASTEEL","Tata Steel Limited","Press Release","Tata Steel Limited has informed the Exchange regarding a press release dated November 01, 2023, titled ""Tata Steel reports Consolidated EBITDA of Rs 4,315 crores for the quarter"".","01-Nov-2023 20:22:40","2023-11-01 20:22:40","01-Nov-2023 20:22:47","00:00:07","https://nsearchives.nseindia.com/corporate/TATASTEEL_01112023202240_BSENSECombined.pdf"
"TATASTEEL","Tata Steel Limited","Updates","Tata Steel Limited has informed the Exchange regarding ' Outcome of Board Meeting of Tata Steel Limited'.","01-Nov-2023 20:09:21","2023-11-01 20:09:21","01-Nov-2023 20:09:27","00:00:06","https://nsearchives.nseindia.com/corporate/TATASTEEL_01112023200921_NSBSE.pdf"
"TATASTEEL","Tata Steel Limited","Issue of Securities","Tata Steel Limited has informed the Exchange about issue of Securities","01-Nov-2023 20:07:38","2023-11-01 20:07:38","01-Nov-2023 20:07:43","00:00:05","https://nsearchives.nseindia.com/corporate/TATASTEEL_01112023200738_NSBSE.pdf"
"TATASTEEL","Tata Steel Limited","Amalgamation/Merger","Tata Steel Limited has informed the Exchange about Amalgamation/Merger","01-Nov-2023 20:05:33","2023-11-01 20:05:33","01-Nov-2023 20:05:39","00:00:06","https://nsearchives.nseindia.com/corporate/TATASTEEL_01112023200533_NSBSE.pdf"
"TATASTEEL","Tata Steel Limited","Outcome of Board Meeting","Tata Steel Limited has informed the Exchange regarding Outcome of Board Meeting held on November 01, 2023.","01-Nov-2023 20:04:24","2023-11-01 20:04:24","01-Nov-2023 20:04:45","00:00:21","https://nsearchives.nseindia.com/corporate/TATASTEEL_01112023200424_NSBSE.pdf"
"TATASTEEL","Tata Steel Limited","Outcome of Board Meeting","Tata Steel Limited has informed the Exchange regarding  Board meeting held on November 01, 2023.","01-Nov-2023 20:02:35","2023-11-01 20:02:35","01-Nov-2023 20:02:41","00:00:06","https://nsearchives.nseindia.com/corporate/TATASTEEL_01112023200235_NSBSE.pdf"
"TATASTEEL","Tata Steel Limited","Financial Result Updates","Tata Steel Limited has submitted to the Exchange, the financial results for the period ended September 30, 2023.","01-Nov-2023 20:00:42","2023-11-01 20:00:42","01-Nov-2023 20:00:49","00:00:07","https://nsearchives.nseindia.com/corporate/NSBSE_01112023200043.pdf"
"TATASTEEL","Tata Steel Limited","Loss of Share Certificates","Tata Steel Limited has informed the Exchange about Loss of Share Certificates","31-Oct-2023 19:09:29","2023-10-31 19:09:29","31-Oct-2023 19:09:35","00:00:06","https://nsearchives.nseindia.com/corporate/TATASTEEL_31102023190929_Reg3931102023.pdf"
"TATASTEEL","Tata Steel Limited","Loss of Share Certificates","Tata Steel Limited has informed the Exchange about Loss of Share Certificates","31-Oct-2023 18:59:50","2023-10-31 18:59:50","31-Oct-2023 19:00:00","00:00:10","https://nsearchives.nseindia.com/corporate/TATASTEEL_31102023185950_Reg3931102023.pdf"
"TATASTEEL","Tata Steel Limited","Loss of Share Certificates","Tata Steel Limited has informed the Exchange about Loss of Share Certificates","30-Oct-2023 17:47:14","2023-10-30 17:47:14","30-Oct-2023 17:47:21","00:00:07","https://nsearchives.nseindia.com/corporate/TATASTEEL_30102023174714_Reg3930102023.pdf"
"TATASTEEL","Tata Steel Limited","Amalgamation/Merger","Tata Steel Limited has informed the Exchange about Amalgamation/Merger","27-Oct-2023 14:48:37","2023-10-27 14:48:37","27-Oct-2023 14:48:56","00:00:19","https://nsearchives.nseindia.com/corporate/TATASTEEL_27102023144837_BSENSE.pdf"
"TATASTEEL","Tata Steel Limited","Scheme of Arrangement","Tata Steel Limited has informed the Exchange about Scheme of Arrangement","27-Oct-2023 14:46:04","2023-10-27 14:46:04","27-Oct-2023 14:46:19","00:00:15","https://nsearchives.nseindia.com/corporate/TATASTEEL_27102023144604_BSENSE.pdf"
"TATASTEEL","Tata Steel Limited","Loss of Share Certificates","Tata Steel Limited has informed the Exchange about Loss of Share Certificates","26-Oct-2023 18:27:52","2023-10-26 18:27:52","26-Oct-2023 18:27:58","00:00:06","https://nsearchives.nseindia.com/corporate/TATASTEEL_26102023182752_Reg3926102023.pdf"
"TATASTEEL","Tata Steel Limited","Analysts/Institutional Investor Meet/Con. Call Updates","Tata Steel Limited has informed the Exchange about Schedule of meet and Invite and guidelines for participation","26-Oct-2023 18:08:22","2023-10-26 18:08:22","26-Oct-2023 18:08:29","00:00:07","https://nsearchives.nseindia.com/corporate/TATASTEEL_26102023180823_BSENSE.pdf"
"TATASTEEL","Tata Steel Limited","Loss of Share Certificates","Tata Steel Limited has informed the Exchange about Loss of Share Certificates","25-Oct-2023 17:23:56","2023-10-25 17:23:56","25-Oct-2023 17:24:04","00:00:08","https://nsearchives.nseindia.com/corporate/TATASTEEL_25102023172356_Reg3925102023.pdf"
"TATASTEEL","Tata Steel Limited","Loss of Share Certificates","Tata Steel Limited has informed the Exchange about Loss of Share Certificates","23-Oct-2023 18:07:34","2023-10-23 18:07:34","23-Oct-2023 18:07:48","00:00:14","https://nsearchives.nseindia.com/corporate/TATASTEEL_23102023180734_Reg3923102023.pdf"
"TATASTEEL","Tata Steel Limited","Amalgamation/Merger","Tata Steel Limited has informed the Exchange about Amalgamation/Merger","20-Oct-2023 20:19:22","2023-10-20 20:19:22","20-Oct-2023 20:19:35","00:00:13","https://nsearchives.nseindia.com/corporate/TATASTEEL_20102023201922_TCIL.pdf"
"TATASTEEL","Tata Steel Limited","Scheme of Arrangement","Tata Steel Limited has informed the Exchange about Scheme of Arrangement","20-Oct-2023 20:18:15","2023-10-20 20:18:15","20-Oct-2023 20:18:29","00:00:14","https://nsearchives.nseindia.com/corporate/TATASTEEL_20102023201815_TCIL.pdf"
"TATASTEEL","Tata Steel Limited","Amalgamation/Merger","Tata Steel Limited has informed the Exchange about Amalgamation/Merger","20-Oct-2023 20:16:43","2023-10-20 20:16:43","20-Oct-2023 20:16:54","00:00:11","https://nsearchives.nseindia.com/corporate/TATASTEEL_20102023201643_TSLP.pdf"
"TATASTEEL","Tata Steel Limited","Scheme of Arrangement","Tata Steel Limited has informed the Exchange about Scheme of Arrangement","20-Oct-2023 20:15:46","2023-10-20 20:15:46","20-Oct-2023 20:15:58","00:00:12","https://nsearchives.nseindia.com/corporate/TATASTEEL_20102023201546_TSLP.pdf"
"TATASTEEL","Tata Steel Limited","Loss of Share Certificates","Tata Steel Limited has informed the Exchange about Loss of Share Certificates","20-Oct-2023 17:53:46","2023-10-20 17:53:46","20-Oct-2023 17:53:52","00:00:06","https://nsearchives.nseindia.com/corporate/TATASTEEL_20102023175346_Reg3920102023.pdf"
"TATASTEEL","Tata Steel Limited","Loss of Share Certificates","Tata Steel Limited has informed the Exchange about Loss of Share Certificates","19-Oct-2023 18:45:44","2023-10-19 18:45:44","19-Oct-2023 18:45:50","00:00:06","https://nsearchives.nseindia.com/corporate/TATASTEEL_19102023184544_Reg3919102023.pdf"
"TATASTEEL","Tata Steel Limited","Press Release","Tata Steel Limited has informed the Exchange regarding a press release dated October 19, 2023, titled ""Tata Steel Limited to enter into agreement with Tata Power Renewable Energy Ltd. (TPREL)to source 379 MW of Renewable Power, a milestone towards achieving Net Zero"".","19-Oct-2023 17:05:01","2023-10-19 17:05:01","19-Oct-2023 17:05:14","00:00:13","https://nsearchives.nseindia.com/corporate/TATASTEEL_19102023170502_Reg30.pdf"
"TATASTEEL","Tata Steel Limited","Acquisition","Tata Steel Limited has informed the Exchange about Acquisition","19-Oct-2023 16:58:39","2023-10-19 16:58:39","19-Oct-2023 16:58:52","00:00:13","https://nsearchives.nseindia.com/corporate/TATASTEEL_19102023165839_Reg30.pdf"
"TATASTEEL","Tata Steel Limited","Copy of Newspaper Publication","Tata Steel Limited has informed the Exchange about Copy of Newspaper Publication","18-Oct-2023 18:56:34","2023-10-18 18:56:34","18-Oct-2023 18:56:40","00:00:06","https://nsearchives.nseindia.com/corporate/TATASTEEL_18102023185634_NSEBSE.pdf"
"TATASTEEL","Tata Steel Limited","Loss of Share Certificates","Tata Steel Limited has informed the Exchange about Loss of Share Certificates","18-Oct-2023 17:58:01","2023-10-18 17:58:01","18-Oct-2023 17:58:24","00:00:23","https://nsearchives.nseindia.com/corporate/TATASTEEL_18102023175801_Reg3918102023.pdf"
"TATASTEEL","Tata Steel Limited","Loss of Share Certificates","Tata Steel Limited has informed the Exchange about Loss of Share Certificates","16-Oct-2023 17:41:53","2023-10-16 17:41:53","16-Oct-2023 17:42:00","00:00:07","https://nsearchives.nseindia.com/corporate/TATASTEEL_16102023174153_Reg3916102023.pdf"
"TATASTEEL","Tata Steel Limited","Loss of Share Certificates","Tata Steel Limited has informed the Exchange about Loss of Share Certificates","13-Oct-2023 18:18:11","2023-10-13 18:18:11","13-Oct-2023 18:18:19","00:00:08","https://nsearchives.nseindia.com/corporate/TATASTEEL_13102023181811_Reg3913102023.pdf"
"TATASTEEL","Tata Steel Limited","Loss of Share Certificates","Tata Steel Limited has informed the Exchange about Loss of Share Certificates","12-Oct-2023 18:15:36","2023-10-12 18:15:36","12-Oct-2023 18:15:49","00:00:13","https://nsearchives.nseindia.com/corporate/TATASTEEL_12102023181537_Reg3912102023.pdf"
"TATASTEEL","Tata Steel Limited","Loss of Share Certificates","Tata Steel Limited has informed the Exchange about Loss of Share Certificates","12-Oct-2023 18:15:36","2023-10-12 18:15:36","12-Oct-2023 18:15:56","00:00:20","https://nsearchives.nseindia.com/corporate/TATASTEEL_12102023181537_Reg3912102023.pdf"
"TATASTEEL","Tata Steel Limited","Loss of Share Certificates","Tata Steel Limited has informed the Exchange about Loss of Share Certificates","11-Oct-2023 17:29:41","2023-10-11 17:29:41","11-Oct-2023 17:29:58","00:00:17","https://nsearchives.nseindia.com/corporate/TATASTEEL_11102023172941_Reg3911102023.pdf"
"TATASTEEL","Tata Steel Limited","Loss of Share Certificates","Tata Steel Limited has informed the Exchange about Loss of Share Certificates","10-Oct-2023 18:31:50","2023-10-10 18:31:50","10-Oct-2023 18:31:57","00:00:07","https://nsearchives.nseindia.com/corporate/TATASTEEL_10102023183150_Reg3910102023.pdf"
"TATASTEEL","Tata Steel Limited","Loss of Share Certificates","Tata Steel Limited has informed the Exchange about Loss of Share Certificates","09-Oct-2023 18:15:41","2023-10-09 18:15:41","09-Oct-2023 18:15:48","00:00:07","https://nsearchives.nseindia.com/corporate/TATASTEEL_09102023181541_Reg3909102023.pdf"
"TATASTEEL","Tata Steel Limited","Loss of Share Certificates","Tata Steel Limited has informed the Exchange about Loss of Share Certificates","09-Oct-2023 18:13:14","2023-10-09 18:13:14","09-Oct-2023 18:13:20","00:00:06","https://nsearchives.nseindia.com/corporate/TATASTEEL_09102023181314_Reg3909102023.pdf"
"TATASTEEL","Tata Steel Limited","Certificate under SEBI (Depositories and Participants) Regulations, 2018","Tata Steel Limited has informed the Exchange about Certificate under SEBI (Depositories and Participants) Regulations, 2018","09-Oct-2023 16:55:17","2023-10-09 16:55:17","09-Oct-2023 16:55:24","00:00:07","https://nsearchives.nseindia.com/corporate/TATASTEEL_09102023165517_Reg74_5_.pdf"
"TATASTEEL","Tata Steel Limited","Press Release","Tata Steel Limited has informed the Exchange regarding a press release dated October 07, 2023, titled ""Tata Steel: 2QFY2024 Production and Delivery Volumes (Provisional)"".","07-Oct-2023 15:08:23","2023-10-07 15:08:23","07-Oct-2023 15:08:29","00:00:06","https://nsearchives.nseindia.com/corporate/TATASTEEL_07102023150823_BSENSECombined.pdf"
"TATASTEEL","Tata Steel Limited","Loss of Share Certificates","Tata Steel Limited has informed the Exchange about Loss of Share Certificates","06-Oct-2023 20:23:44","2023-10-06 20:23:44","06-Oct-2023 20:23:50","00:00:06","https://nsearchives.nseindia.com/corporate/TATASTEEL_06102023202344_Reg3906102023.pdf"
"TATASTEEL","Tata Steel Limited","Loss of Share Certificates","Tata Steel Limited has informed the Exchange about Loss of Share Certificates","05-Oct-2023 18:41:53","2023-10-05 18:41:53","05-Oct-2023 18:41:59","00:00:06","https://nsearchives.nseindia.com/corporate/TATASTEEL_05102023184153_Reg3905102023.pdf"
"TATASTEEL","Tata Steel Limited","Updates","Tata Steel Limited has informed the Exchange regarding 'Disclosure Under Regulation 30 Of The Securities And Exchange Board Of India (Listing Obligations And Disclosure Requirements) Regulations, 2015'.","05-Oct-2023 18:10:12","2023-10-05 18:10:12","05-Oct-2023 18:10:18","00:00:06","https://nsearchives.nseindia.com/corporate/TATASTEEL_05102023181012_BSENSE.pdf"
"TATASTEEL","Tata Steel Limited","Loss of Share Certificates","Tata Steel Limited has informed the Exchange about Loss of Share Certificates","04-Oct-2023 17:16:46","2023-10-04 17:16:46","04-Oct-2023 17:17:32","00:00:46","https://nsearchives.nseindia.com/corporate/TATASTEEL_04102023171647_Reg3904102023.pdf"
"TATASTEEL","Tata Steel Limited","Loss of Share Certificates","Tata Steel Limited has informed the Exchange about Loss of Share Certificates","04-Oct-2023 17:16:46","2023-10-04 17:16:46","04-Oct-2023 17:17:10","00:00:24","https://nsearchives.nseindia.com/corporate/TATASTEEL_04102023171646_Reg3904102023.pdf"
"TATASTEEL","Tata Steel Limited","Loss of Share Certificates","Tata Steel Limited has informed the Exchange about Loss of Share Certificates","03-Oct-2023 18:30:35","2023-10-03 18:30:35","03-Oct-2023 18:30:40","00:00:05","https://nsearchives.nseindia.com/corporate/TATASTEEL_03102023183035_Reg3903102023.pdf"
"TATASTEEL","Tata Steel Limited","Analysts/Institutional Investor Meet/Con. Call Updates","Tata Steel Limited has informed the Exchange about Schedule of meet","29-Sep-2023 18:38:09","2023-09-29 18:38:09","29-Sep-2023 18:38:14","00:00:05","https://nsearchives.nseindia.com/corporate/TATASTEEL_29092023183809_BSENSE.pdf"
"TATASTEEL","Tata Steel Limited","Updates","Tata Steel Limited has informed the Exchange regarding 'Intimation of Adjudication Order from Registrar of Companies, Cuttack received by Neelachal Ispat Nigam Limited, indirect subsidiary company'.","28-Sep-2023 21:28:30","2023-09-28 21:28:30","28-Sep-2023 21:28:35","00:00:05","https://nsearchives.nseindia.com/corporate/TATASTEEL_28092023212830_nsebse.pdf"
"TATASTEEL","Tata Steel Limited","Loss of Share Certificates","Tata Steel Limited has informed the Exchange about Loss of Share Certificates","28-Sep-2023 17:49:42","2023-09-28 17:49:42","28-Sep-2023 17:49:47","00:00:05","https://nsearchives.nseindia.com/corporate/TATASTEEL_28092023174942_Reg3928092023.pdf"
"TATASTEEL","Tata Steel Limited","Loss of Share Certificates","Tata Steel Limited has informed the Exchange about Loss of Share Certificates","28-Sep-2023 17:49:42","2023-09-28 17:49:42","28-Sep-2023 17:49:51","00:00:09","https://nsearchives.nseindia.com/corporate/TATASTEEL_28092023174943_Reg3928092023.pdf"
"TATASTEEL","Tata Steel Limited","Loss of Share Certificates","Tata Steel Limited has informed the Exchange about Loss of Share Certificates","27-Sep-2023 18:40:06","2023-09-27 18:40:06","27-Sep-2023 18:40:17","00:00:11","https://nsearchives.nseindia.com/corporate/TATASTEEL_27092023184006_Reg3927092023.pdf"
"TATASTEEL","Tata Steel Limited","Loss of Share Certificates","Tata Steel Limited has informed the Exchange about Loss of Share Certificates","27-Sep-2023 18:38:00","2023-09-27 18:38:00","27-Sep-2023 18:38:09","00:00:09","https://nsearchives.nseindia.com/corporate/TATASTEEL_27092023183800_Reg3927092023.pdf"
"TATASTEEL","Tata Steel Limited","Loss of Share Certificates","Tata Steel Limited has informed the Exchange about Loss of Share Certificates","26-Sep-2023 19:10:39","2023-09-26 19:10:39","26-Sep-2023 19:10:43","00:00:04","https://nsearchives.nseindia.com/corporate/TATASTEEL_26092023191039_Reg3926092023.pdf"
"TATASTEEL","Tata Steel Limited","Loss of Share Certificates","Tata Steel Limited has informed the Exchange about Loss of Share Certificates","26-Sep-2023 19:07:54","2023-09-26 19:07:54","26-Sep-2023 19:07:57","00:00:03","https://nsearchives.nseindia.com/corporate/TATASTEEL_26092023190754_Reg3926092023.pdf"
"TATASTEEL","Tata Steel Limited","Loss of Share Certificates","Tata Steel Limited has informed the Exchange about Loss of Share Certificates","26-Sep-2023 12:38:01","2023-09-26 12:38:01","26-Sep-2023 12:38:07","00:00:06","https://nsearchives.nseindia.com/corporate/TATASTEEL_26092023123801_Reg3926092023.pdf"
"TATASTEEL","Tata Steel Limited","Credit Rating","Tata Steel Limited has informed the Exchange about Credit Rating","25-Sep-2023 18:33:48","2023-09-25 18:33:48","25-Sep-2023 18:33:51","00:00:03","https://nsearchives.nseindia.com/corporate/TATASTEEL_25092023183348_BSENSE.pdf"
"TATASTEEL","Tata Steel Limited","Trading Window","Tata Steel Limited has informed the Exchange regarding the Trading Window closure pursuant to SEBI (Prohibition of Insider Trading) Regulations, 2015","22-Sep-2023 14:01:41","2023-09-22 14:01:41","22-Sep-2023 14:01:55","00:00:14","https://nsearchives.nseindia.com/corporate/TATASTEEL_22092023140141_TW.pdf"
"TATASTEEL","Tata Steel Limited","Loss of Share Certificates","Tata Steel Limited has informed the Exchange about Loss of Share Certificates","20-Sep-2023 18:23:56","2023-09-20 18:23:56","20-Sep-2023 18:24:00","00:00:04","https://nsearchives.nseindia.com/corporate/TATASTEEL_20092023182356_Reg3920092023.pdf"
"TATASTEEL","Tata Steel Limited","Analysts/Institutional Investor Meet/Con. Call Updates","Tata Steel Limited has informed the Exchange about Schedule of meet","20-Sep-2023 12:02:42","2023-09-20 12:02:42","20-Sep-2023 12:02:51","00:00:09","https://nsearchives.nseindia.com/corporate/TATASTEEL_20092023120242_Reg3020092023.pdf"
"TATASTEEL","Tata Steel Limited","Shareholders meeting","Tata Steel Limited has informed the Exchange regarding Proceedings of Court Convened General Meeting of the Equity Shareholders of Tata Steel Limited held on September 18, 2023. Further, the company has submitted the Exchange a copy of Srutinizers report along with voting results.","18-Sep-2023 20:29:41","2023-09-18 20:29:41","18-Sep-2023 20:29:45","00:00:04","https://nsearchives.nseindia.com/corporate/TATASTEEL_18092023202941_Outcome.pdf"
"TATASTEEL","Tata Steel Limited","Loss of Share Certificates","Tata Steel Limited has informed the Exchange about Loss of Share Certificates","18-Sep-2023 13:55:15","2023-09-18 13:55:15","18-Sep-2023 13:55:27","00:00:12","https://nsearchives.nseindia.com/corporate/TATASTEEL_18092023135515_Reg3918092023.pdf"
"TATASTEEL","Tata Steel Limited","Loss of Share Certificates","Tata Steel Limited has informed the Exchange about Loss of Share Certificates","18-Sep-2023 13:55:15","2023-09-18 13:55:15","18-Sep-2023 13:55:32","00:00:17","https://nsearchives.nseindia.com/corporate/TATASTEEL_18092023135516_Reg3918092023.pdf"
"TATASTEEL","Tata Steel Limited","Analysts/Institutional Investor Meet/Con. Call Updates","Tata Steel Limited has informed the Exchange about Link of Recording","15-Sep-2023 22:38:41","2023-09-15 22:38:41","15-Sep-2023 22:38:57","00:00:16","https://nsearchives.nseindia.com/corporate/TATASTEEL_15092023223841_VC.pdf"
"TATASTEEL","Tata Steel Limited","Loss of Share Certificates","Tata Steel Limited has informed the Exchange about Loss of Share Certificates","15-Sep-2023 17:56:30","2023-09-15 17:56:30","15-Sep-2023 17:56:34","00:00:04","https://nsearchives.nseindia.com/corporate/TATASTEEL_15092023175630_Reg3915092023.pdf"
"TATASTEEL","Tata Steel Limited","Analysts/Institutional Investor Meet/Con. Call Updates","Tata Steel Limited has informed the Exchange about Schedule of meet and Details for joining the call","15-Sep-2023 16:12:06","2023-09-15 16:12:06","15-Sep-2023 16:12:13","00:00:07","https://nsearchives.nseindia.com/corporate/TATASTEEL_15092023161206_Call.pdf"
"TATASTEEL","Tata Steel Limited","Press Release","Tata Steel Limited has informed the Exchange regarding a press release dated September 15, 2023, titled ""Tata Steel and the UK Government jointly agree on a proposal for the largest investment in the UK Steel Industry for decades"".","15-Sep-2023 16:05:52","2023-09-15 16:05:52","15-Sep-2023 16:06:00","00:00:08","https://nsearchives.nseindia.com/corporate/TATASTEEL_15092023160553_BSENSEPR.pdf"
"TATASTEEL","Tata Steel Limited","Loss of Share Certificates","Tata Steel Limited has informed the Exchange about Loss of Share Certificates","15-Sep-2023 11:28:42","2023-09-15 11:28:42","15-Sep-2023 11:28:52","00:00:10","https://nsearchives.nseindia.com/corporate/TATASTEEL_15092023112842_Reg3915092023.pdf"
"TATASTEEL","Tata Steel Limited","Loss of Share Certificates","Tata Steel Limited has informed the Exchange about Loss of Share Certificates","15-Sep-2023 11:28:42","2023-09-15 11:28:42","15-Sep-2023 11:28:46","00:00:04","https://nsearchives.nseindia.com/corporate/TATASTEEL_15092023112842_Reg3915092023.pdf"
"TATASTEEL","Tata Steel Limited","Loss of Share Certificates","Tata Steel Limited has informed the Exchange about Loss of Share Certificates","12-Sep-2023 19:25:59","2023-09-12 19:25:59","12-Sep-2023 19:26:03","00:00:04","https://nsearchives.nseindia.com/corporate/TATASTEEL_12092023192559_Reg39.pdf"
"TATASTEEL","Tata Steel Limited","Shareholders meeting","Tata Steel Limited has submitted the Exchange a copy Srutinizers report of  Postal Ballot. Further, the company has informed the Exchange regarding voting results.","11-Sep-2023 19:44:32","2023-09-11 19:44:32","11-Sep-2023 19:44:50","00:00:18","https://nsearchives.nseindia.com/corporate/TATASTEEL_11092023194432_NSEBSE.pdf"
"TATASTEEL","Tata Steel Limited","Acquisition","Acquisition of equity stake in The Indian Steel & Wire Products Limited, subsidiary of Tata Steel Limited, on preferential basis","08-Sep-2023 22:12:04","2023-09-08 22:12:04","08-Sep-2023 22:12:07","00:00:03","https://nsearchives.nseindia.com/corporate/TATASTEEL_08092023221204_BSENSE.pdf"
"TATASTEEL","Tata Steel Limited","Loss of Share Certificates","Tata Steel Limited has informed the Exchange about Loss of Share Certificates","08-Sep-2023 18:40:51","2023-09-08 18:40:51","08-Sep-2023 18:41:13","00:00:22","https://nsearchives.nseindia.com/corporate/TATASTEEL_08092023184052_Reg3908092023.pdf"
"TATASTEEL","Tata Steel Limited","Loss of Share Certificates","Tata Steel Limited has informed the Exchange about Loss of Share Certificates","06-Sep-2023 18:04:38","2023-09-06 18:04:38","06-Sep-2023 18:04:42","00:00:04","https://nsearchives.nseindia.com/corporate/TATASTEEL_06092023180438_Reg3906092023.pdf"
"TATASTEEL","Tata Steel Limited","Loss of Share Certificates","Tata Steel Limited has informed the Exchange about Loss of Share Certificates","05-Sep-2023 18:54:19","2023-09-05 18:54:19","05-Sep-2023 18:54:23","00:00:04","https://nsearchives.nseindia.com/corporate/TATASTEEL_05092023185419_Reg3905092023.pdf"
"TATASTEEL","Tata Steel Limited","News Verification","The Exchange has sought clarification from Tata Steel Limited with respect to recent news item captioned Tata Steel gains over 3.5% amid reports to secure funds for UK plant.  The response from the Company is attached.","05-Sep-2023 14:42:16","2023-09-05 14:42:16","05-Sep-2023 14:42:22","00:00:06","https://nsearchives.nseindia.com/corporate/TATASTEEL_05092023144216_NSERESPONSE.pdf"
"TATASTEEL","Tata Steel Limited","Loss of Share Certificates","Tata Steel Limited has informed the Exchange about Loss of Share Certificates","04-Sep-2023 17:14:14","2023-09-04 17:14:14","04-Sep-2023 17:14:17","00:00:03","https://nsearchives.nseindia.com/corporate/TATASTEEL_04092023171414_Reg3904092023.pdf"
"TATASTEEL","Tata Steel Limited","News Verification","The Exchange has sought clarification from Tata Steel Limited with respect to recent news item captioned Tata Steel gains over 3.5% amid reports to secure funds for UK plant.  The response from the Company is awaited.","04-Sep-2023 12:33:11","2023-09-04 12:33:11","04-Sep-2023 12:33:16","00:00:05","-"
"TATASTEEL","Tata Steel Limited","Updates","Tata Steel Limited has informed the Exchange regarding 'Notice seeking representations, if any, on the Scheme of Amalgamation amongst Tata Steel Limited and TRF Limited and their respective shareholders, issued to the Secured Creditors, Unsecured Creditors and Unsecured Debenture Holders of the Company'.","01-Sep-2023 16:23:54","2023-09-01 16:23:54","01-Sep-2023 16:24:00","00:00:06","https://nsearchives.nseindia.com/corporate/TATASTEEL_01092023162355_NSEBSE.pdf"
"TATASTEEL","Tata Steel Limited","Updates","Tata Steel Limited has informed the Exchange regarding ' Effective Date  of the Scheme of Amalgamation of Tata Steel Mining Limited into and with Tata Steel Limited'.","01-Sep-2023 14:46:18","2023-09-01 14:46:18","01-Sep-2023 14:46:24","00:00:06","https://nsearchives.nseindia.com/corporate/TATASTEEL_01092023144618_BSENSE.pdf"
"TATASTEEL","Tata Steel Limited","Loss of Share Certificates","Tata Steel Limited has informed the Exchange about Loss of Share Certificates","01-Sep-2023 14:23:56","2023-09-01 14:23:56","01-Sep-2023 14:24:13","00:00:17","https://nsearchives.nseindia.com/corporate/TATASTEEL_01092023142357_Reg3901092023.pdf"
"TATASTEEL","Tata Steel Limited","Loss of Share Certificates","Tata Steel Limited has informed the Exchange about Loss of Share Certificates","01-Sep-2023 14:23:56","2023-09-01 14:23:56","01-Sep-2023 14:24:01","00:00:05","https://nsearchives.nseindia.com/corporate/TATASTEEL_01092023142356_Reg3901092023.pdf"
"TATASTEEL","Tata Steel Limited","Copy of Newspaper Publication","Tata Steel Limited has informed the Exchange about Copy of Newspaper Publication","30-Aug-2023 18:19:14","2023-08-30 18:19:14","30-Aug-2023 18:19:17","00:00:03","https://nsearchives.nseindia.com/corporate/TATASTEEL_30082023181914_BSENSE.pdf"
"TATASTEEL","Tata Steel Limited","Loss of Share Certificates","Tata Steel Limited has informed the Exchange about Loss of Share Certificates","30-Aug-2023 17:18:31","2023-08-30 17:18:31","30-Aug-2023 17:18:33","00:00:02","https://nsearchives.nseindia.com/corporate/TATASTEEL_30082023171831_Reg3930082023.pdf"
"TATASTEEL","Tata Steel Limited","Copy of Newspaper Publication","Tata Steel Limited has informed the Exchange about Copy of Newspaper Publication","30-Aug-2023 17:06:12","2023-08-30 17:06:12","30-Aug-2023 17:06:16","00:00:04","https://nsearchives.nseindia.com/corporate/TATASTEEL_30082023170612_BSENSECombined.pdf"
"TATASTEEL","Tata Steel Limited","Loss of Share Certificates","Tata Steel Limited has informed the Exchange about Loss of Share Certificates","29-Aug-2023 16:11:01","2023-08-29 16:11:01","29-Aug-2023 16:11:06","00:00:05","https://nsearchives.nseindia.com/corporate/TATASTEEL_29082023161101_Reg3929082023.pdf"
"TATASTEEL","Tata Steel Limited","Loss of Share Certificates","Tata Steel Limited has informed the Exchange about Loss of Share Certificates","28-Aug-2023 18:28:41","2023-08-28 18:28:41","28-Aug-2023 18:28:46","00:00:05","https://nsearchives.nseindia.com/corporate/TATASTEEL_28082023182841_Reg3928082023.pdf"
"TATASTEEL","Tata Steel Limited","Loss of Share Certificates","Tata Steel Limited has informed the Exchange about Loss of Share Certificates","25-Aug-2023 17:11:49","2023-08-25 17:11:49","25-Aug-2023 17:11:56","00:00:07","https://nsearchives.nseindia.com/corporate/TATASTEEL_25082023171149_Reg3925082023.pdf"
"TATASTEEL","Tata Steel Limited","Loss of Share Certificates","Tata Steel Limited has informed the Exchange about Loss of Share Certificates","24-Aug-2023 17:35:03","2023-08-24 17:35:03","24-Aug-2023 17:35:14","00:00:11","https://nsearchives.nseindia.com/corporate/TATASTEEL_24082023173503_Reg3924082023.pdf"
"TATASTEEL","Tata Steel Limited","Loss of Share Certificates","Tata Steel Limited has informed the Exchange about Loss of Share Certificates","23-Aug-2023 18:18:18","2023-08-23 18:18:18","23-Aug-2023 18:18:27","00:00:09","https://nsearchives.nseindia.com/corporate/TATASTEEL_23082023181818_Reg39123082023.pdf"
"TATASTEEL","Tata Steel Limited","Analysts/Institutional Investor Meet/Con. Call Updates","Tata Steel Limited has informed the Exchange about Schedule of meet","23-Aug-2023 14:46:06","2023-08-23 14:46:06","23-Aug-2023 14:46:14","00:00:08","https://nsearchives.nseindia.com/corporate/TATASTEEL_23082023144606_Reg3023082023.pdf"
"TATASTEEL","Tata Steel Limited","Investor Presentation","Tata Steel Limited has informed the Exchange about Investor Presentation","22-Aug-2023 21:30:17","2023-08-22 21:30:17","22-Aug-2023 21:30:23","00:00:06","https://nsearchives.nseindia.com/corporate/TATASTEEL_22082023213017_Reg3022082023.pdf"
"TATASTEEL","Tata Steel Limited","Loss of Share Certificates","Tata Steel Limited has informed the Exchange about Loss of Share Certificates","22-Aug-2023 11:22:56","2023-08-22 11:22:56","22-Aug-2023 11:23:03","00:00:07","https://nsearchives.nseindia.com/corporate/TATASTEEL_22082023112256_Reg3922082023.pdf"
"TATASTEEL","Tata Steel Limited","Loss of Share Certificates","Tata Steel Limited has informed the Exchange about Loss of Share Certificates","22-Aug-2023 11:22:56","2023-08-22 11:22:56","22-Aug-2023 11:23:16","00:00:20","https://nsearchives.nseindia.com/corporate/TATASTEEL_22082023112257_Reg3922082023.pdf"
"TATASTEEL","Tata Steel Limited","Copy of Newspaper Publication",": Newspaper Advertisement of the Notice convening the Meeting of Equity Shareholders of Tata Steel Limited","18-Aug-2023 12:26:06","2023-08-18 12:26:06","18-Aug-2023 12:26:20","00:00:14","https://nsearchives.nseindia.com/corporate/TATASTEEL_18082023122606_BSENSE.pdf"
"TATASTEEL","Tata Steel Limited","Analysts/Institutional Investor Meet/Con. Call Updates","Tata Steel Limited has informed the Exchange about Schedule of meet","17-Aug-2023 18:32:05","2023-08-17 18:32:05","17-Aug-2023 18:32:17","00:00:12","https://nsearchives.nseindia.com/corporate/TATASTEEL_17082023183205_Reg3017082023.pdf"
"TATASTEEL","Tata Steel Limited","Shareholders meeting","Tata Steel Limited has informed the Exchange regarding Notice of Court Convened Meeting of Equity Shareholders to be held on September 18, 2023","17-Aug-2023 18:16:48","2023-08-17 18:16:48","17-Aug-2023 18:17:00","00:00:12","https://nsearchives.nseindia.com/corporate/TATASTEEL_17082023181648_NSEBSE.pdf"
"TATASTEEL","Tata Steel Limited","Loss of Share Certificates","Tata Steel Limited has informed the Exchange about Loss of Share Certificates","17-Aug-2023 17:53:13","2023-08-17 17:53:13","17-Aug-2023 17:53:26","00:00:13","https://nsearchives.nseindia.com/corporate/TATASTEEL_17082023175313_Reg3917082023.pdf"
"TATASTEEL","Tata Steel Limited","Loss of Share Certificates","Tata Steel Limited has informed the Exchange about Loss of Share Certificates","17-Aug-2023 17:53:13","2023-08-17 17:53:13","17-Aug-2023 17:53:38","00:00:25","https://nsearchives.nseindia.com/corporate/TATASTEEL_17082023175314_Reg3917082023.pdf"
"TATASTEEL","Tata Steel Limited","Copy of Newspaper Publication","Tata Steel Limited has informed the Exchange about Copy of Newspaper Publication","17-Aug-2023 13:37:51","2023-08-17 13:37:51","17-Aug-2023 13:38:17","00:00:26","https://nsearchives.nseindia.com/corporate/TATASTEEL_17082023133751_BSENSE.pdf"
"TATASTEEL","Tata Steel Limited","Updates","Tata Steel Limited has informed the Exchange regarding 'Disclosure of continuing event or information under Regulation 30(4) of the SEBI (Listing Obligations and Disclosure Requirements) Regulations, 2015 ( SEBI Listing Regulations )'.","14-Aug-2023 23:28:37","2023-08-14 23:28:37","14-Aug-2023 23:28:53","00:00:16","https://nsearchives.nseindia.com/corporate/TATASTEEL_14082023232837_NSEBSE.pdf"
"TATASTEEL","Tata Steel Limited","Scheme of Arrangement","Tata Steel Limited has informed the Exchange about Scheme of Arrangement - Receipt of certified true copy of the Order from the Hon ble National Company Law Tribunal, Cuttack Bench in the matter of the Scheme of Amalgamation of Tata Steel Mining Limited into and with Tata Steel Limited","14-Aug-2023 20:46:19","2023-08-14 20:46:19","14-Aug-2023 20:46:33","00:00:14","https://nsearchives.nseindia.com/corporate/TATASTEEL_14082023204619_BSENSE.pdf"
"TATASTEEL","Tata Steel Limited","Amalgamation/Merger","Tata Steel Limited has informed the Exchange about Amalgamation/Merger - Receipt of certified true copy of the Order from the Hon ble National Company Law Tribunal, Cuttack Bench in the matter of the Scheme of Amalgamation of Tata Steel Mining Limited into and with Tata Steel Limited","14-Aug-2023 20:41:50","2023-08-14 20:41:50","14-Aug-2023 20:42:05","00:00:15","https://nsearchives.nseindia.com/corporate/TATASTEEL_14082023204150_BSENSE.pdf"
"TATASTEEL","Tata Steel Limited","Loss of Share Certificates","Tata Steel Limited has informed the Exchange about Loss of Share Certificates","14-Aug-2023 18:25:10","2023-08-14 18:25:10","14-Aug-2023 18:26:11","00:01:01","https://nsearchives.nseindia.com/corporate/TATASTEEL_14082023182511_Reg3914082023.pdf"
"TATASTEEL","Tata Steel Limited","Loss of Share Certificates","Tata Steel Limited has informed the Exchange about Loss of Share Certificates","14-Aug-2023 18:25:10","2023-08-14 18:25:10","14-Aug-2023 18:26:01","00:00:51","https://nsearchives.nseindia.com/corporate/TATASTEEL_14082023182510_Reg3914082023.pdf"
"TATASTEEL","Tata Steel Limited","Analysts/Institutional Investor Meet/Con. Call Updates","Tata Steel Limited has informed the Exchange about Schedule of meet","14-Aug-2023 18:17:50","2023-08-14 18:17:50","14-Aug-2023 18:18:04","00:00:14","https://nsearchives.nseindia.com/corporate/TATASTEEL_14082023181750_Reg3014082023.pdf"
"TATASTEEL","Tata Steel Limited","Copy of Newspaper Publication","Tata Steel Limited has informed the Exchange about Copy of Newspaper Publication","12-Aug-2023 20:09:24","2023-08-12 20:09:24","12-Aug-2023 20:09:37","00:00:13","https://nsearchives.nseindia.com/corporate/TATASTEEL_12082023200924_BSENSE.pdf"
"TATASTEEL","Tata Steel Limited","Shareholders meeting","Tata Steel Limited has informed the Exchange regarding Notice of Postal Ballot","11-Aug-2023 17:47:32","2023-08-11 17:47:32","11-Aug-2023 17:48:34","00:01:02","https://nsearchives.nseindia.com/corporate/TATASTEEL_11082023174732_BSENSECombined.pdf"
"TATASTEEL","Tata Steel Limited","Shareholders meeting","Tata Steel Limited has informed the Exchange about Shareholders meeting","10-Aug-2023 18:53:58","2023-08-10 18:53:58","10-Aug-2023 18:54:22","00:00:24","https://nsearchives.nseindia.com/corporate/TATASTEEL_10082023185358_BSENSE.pdf"
"TATASTEEL","Tata Steel Limited","Loss of Share Certificates","Tata Steel Limited has informed the Exchange about Loss of Share Certificates","10-Aug-2023 16:15:24","2023-08-10 16:15:24","10-Aug-2023 16:15:37","00:00:13","https://nsearchives.nseindia.com/corporate/TATASTEEL_10082023161524_Reg3910082023.pdf"
"TATASTEEL","Tata Steel Limited","Loss of Share Certificates","Tata Steel Limited has informed the Exchange about Loss of Share Certificates","10-Aug-2023 16:14:09","2023-08-10 16:14:09","10-Aug-2023 16:14:23","00:00:14","https://nsearchives.nseindia.com/corporate/TATASTEEL_10082023161409_Reg3909082023.pdf"
"TATASTEEL","Tata Steel Limited","Amalgamation/Merger","Tata Steel Limited has informed the Exchange about Amalgamation/Merger","09-Aug-2023 18:07:06","2023-08-09 18:07:06","09-Aug-2023 18:07:34","00:00:28","https://nsearchives.nseindia.com/corporate/TATASTEEL_09082023180706_BSENSECombined.pdf"
"TATASTEEL","Tata Steel Limited","Scheme of Arrangement","Tata Steel Limited has informed the Exchange about Scheme of Arrangement","09-Aug-2023 18:04:45","2023-08-09 18:04:45","09-Aug-2023 18:05:12","00:00:27","https://nsearchives.nseindia.com/corporate/TATASTEEL_09082023180445_BSENSECombined.pdf"
"TATASTEEL","Tata Steel Limited","Loss of Share Certificates","Tata Steel Limited has informed the Exchange about Loss of Share Certificates","08-Aug-2023 17:40:27","2023-08-08 17:40:27","08-Aug-2023 17:41:06","00:00:39","https://nsearchives.nseindia.com/corporate/TATASTEEL_08082023174027_Reg3908082023.pdf"
"TATASTEEL","Tata Steel Limited","Analysts/Institutional Investor Meet/Con. Call Updates","Tata Steel Limited has informed the Exchange about Schedule of meet","08-Aug-2023 12:14:33","2023-08-08 12:14:33","08-Aug-2023 12:14:45","00:00:12","https://nsearchives.nseindia.com/corporate/TATASTEEL_08082023121433_Reg3008082023.pdf"
"TATASTEEL","Tata Steel Limited","Loss of Share Certificates","Tata Steel Limited has informed the Exchange about Loss of Share Certificates","07-Aug-2023 17:09:35","2023-08-07 17:09:35","07-Aug-2023 17:09:48","00:00:13","https://nsearchives.nseindia.com/corporate/TATASTEEL_07082023170935_Reg3907082023.pdf"
"TATASTEEL","Tata Steel Limited","Loss of Share Certificates","Tata Steel Limited has informed the Exchange about Loss of Share Certificates","04-Aug-2023 17:23:34","2023-08-04 17:23:34","04-Aug-2023 17:24:03","00:00:29","https://nsearchives.nseindia.com/corporate/TATASTEEL_04082023172334_Reg3904082023.pdf"
"TATASTEEL","Tata Steel Limited","Loss of Share Certificates","Tata Steel Limited has informed the Exchange about Loss of Share Certificates","03-Aug-2023 18:05:34","2023-08-03 18:05:34","03-Aug-2023 18:05:46","00:00:12","https://nsearchives.nseindia.com/corporate/TATASTEEL_03082023180534_Reg3903082023.pdf"
"TATASTEEL","Tata Steel Limited","Loss of Share Certificates","Tata Steel Limited has informed the Exchange about Loss of Share Certificates","02-Aug-2023 17:52:57","2023-08-02 17:52:57","02-Aug-2023 17:53:20","00:00:23","https://nsearchives.nseindia.com/corporate/TATASTEEL_02082023175257_Reg3902082023.pdf"
"TATASTEEL","Tata Steel Limited","Analysts/Institutional Investor Meet/Con. Call Updates","Tata Steel Limited has informed the Exchange about Schedule of meet","01-Aug-2023 19:08:32","2023-08-01 19:08:32","01-Aug-2023 19:08:58","00:00:26","https://nsearchives.nseindia.com/corporate/TATASTEEL_01082023190832_Reg3001082023.pdf"
"TATASTEEL","Tata Steel Limited","Analysts/Institutional Investor Meet/Con. Call Updates","Tata Steel Limited has informed the Exchange about Transcript","01-Aug-2023 18:41:16","2023-08-01 18:41:16","01-Aug-2023 18:41:29","00:00:13","https://nsearchives.nseindia.com/corporate/TATASTEEL_01082023184116_Reg3001082023.pdf"
"TATASTEEL","Tata Steel Limited","Loss of Share Certificates","Tata Steel Limited has informed the Exchange about Loss of Share Certificates","01-Aug-2023 18:29:26","2023-08-01 18:29:26","01-Aug-2023 18:29:39","00:00:13","https://nsearchives.nseindia.com/corporate/TATASTEEL_01082023182926_Reg3901082023.pdf"
"TATASTEEL","Tata Steel Limited","Loss of Share Certificates","Tata Steel Limited has informed the Exchange about Loss of Share Certificates","31-Jul-2023 22:23:31","2023-07-31 22:23:31","31-Jul-2023 22:23:44","00:00:13","https://nsearchives.nseindia.com/corporate/TATASTEEL_31072023222331_Reg3931072023.pdf"
"TATASTEEL","Tata Steel Limited","Loss of Share Certificates","Tata Steel Limited has informed the Exchange about Loss of Share Certificates","28-Jul-2023 17:58:12","2023-07-28 17:58:12","28-Jul-2023 17:58:23","00:00:11","https://nsearchives.nseindia.com/corporate/TATASTEEL_28072023175812_Reg3928072023.pdf"
"TATASTEEL","Tata Steel Limited","Updates","Tata Steel Limited has informed the Exchange regarding 'Notice seeking representations, if any, on the Scheme of Amalgamationamongst Tata Steel Limited and Tata Metaliks Limited and their respectiveshareholders, issued to the Secured Creditors, Unsecured Creditors and UnsecuredDebenture Holders of the Company'.","28-Jul-2023 16:00:14","2023-07-28 16:00:14","28-Jul-2023 16:00:24","00:00:10","https://nsearchives.nseindia.com/corporate/TATASTEEL_28072023160014_NOTICETOCREDITORSTSLTML.pdf"
"TATASTEEL","Tata Steel Limited","Acquisition","Tata Steel Limited has informed the Exchange about Acquisition of equity stake in Tata Steel Advanced Materials Limited, a wholly-owned subsidiary company","27-Jul-2023 22:02:51","2023-07-27 22:02:51","27-Jul-2023 22:02:58","00:00:07","https://nsearchives.nseindia.com/corporate/TATASTEEL_27072023220251_NSEBSE.pdf"
"TATASTEEL","Tata Steel Limited","Loss of Share Certificates","Tata Steel Limited has informed the Exchange about Loss of Share Certificates","27-Jul-2023 18:34:27","2023-07-27 18:34:27","27-Jul-2023 18:34:34","00:00:07","https://nsearchives.nseindia.com/corporate/TATASTEEL_27072023183427_Reg3927072023.pdf"
"TATASTEEL","Tata Steel Limited","Copy of Newspaper Publication","Tata Steel Limited has informed the Exchange about Copy of Newspaper Publication","27-Jul-2023 18:22:47","2023-07-27 18:22:47","27-Jul-2023 18:22:59","00:00:12","https://nsearchives.nseindia.com/corporate/TATASTEEL_27072023182247_BSENSECombined.pdf"
"TATASTEEL","Tata Steel Limited","Loss of Share Certificates","Tata Steel Limited has informed the Exchange about Loss of Share Certificates","26-Jul-2023 17:18:33","2023-07-26 17:18:33","26-Jul-2023 17:18:43","00:00:10","https://nsearchives.nseindia.com/corporate/TATASTEEL_26072023171833_Reg3926072023.pdf"
"TATASTEEL","Tata Steel Limited","Analysts/Institutional Investor Meet/Con. Call Updates","Tata Steel Limited has informed the Exchange about Link of Recording","26-Jul-2023 11:58:35","2023-07-26 11:58:35","26-Jul-2023 11:58:43","00:00:08","https://nsearchives.nseindia.com/corporate/TATASTEEL_26072023115835_BSENSE.pdf"
"TATASTEEL","Tata Steel Limited","Loss of Share Certificates","Tata Steel Limited has informed the Exchange about Loss of Share Certificates","25-Jul-2023 17:49:50","2023-07-25 17:49:50","25-Jul-2023 17:49:59","00:00:09","https://nsearchives.nseindia.com/corporate/TATASTEEL_25072023174950_Reg3925072023.pdf"
"TATASTEEL","Tata Steel Limited","Investor Presentation","Tata Steel Limited has informed the Exchange about Investor Presentation","24-Jul-2023 18:15:04","2023-07-24 18:15:04","24-Jul-2023 18:15:11","00:00:07","https://nsearchives.nseindia.com/corporate/TATASTEEL_24072023181504_BSENSECombined.pdf"
"TATASTEEL","Tata Steel Limited","Press Release","Tata Steel Limited has informed the Exchange regarding a press release dated July 24, 2023, titled ""Tata Steel reports Consolidated EBITDA of Rs 6,122 crores for the quarter ended June 30, 2023"".","24-Jul-2023 18:12:20","2023-07-24 18:12:20","24-Jul-2023 18:12:26","00:00:06","https://nsearchives.nseindia.com/corporate/TATASTEEL_24072023181220_BSENSECombined.pdf"
"TATASTEEL","Tata Steel Limited","Change in Director(s)","Tata Steel Limited has informed the Exchange regarding Change in Director(s) of the company.","24-Jul-2023 18:11:02","2023-07-24 18:11:02","24-Jul-2023 18:11:11","00:00:09","https://nsearchives.nseindia.com/corporate/TATASTEEL_24072023181102_NSEBSE.pdf"
"TATASTEEL","Tata Steel Limited","Outcome of Board Meeting","Tata Steel Limited has informed the Exchange regarding Outcome of Board Meeting held on July 24, 2023.","24-Jul-2023 18:08:58","2023-07-24 18:08:58","24-Jul-2023 18:09:06","00:00:08","https://nsearchives.nseindia.com/corporate/TATASTEEL_24072023180858_NSEBSE.pdf"
"TATASTEEL","Tata Steel Limited","Outcome of Board Meeting","Tata Steel Limited has informed the Exchange regarding  Board meeting held on July 24, 2023.","24-Jul-2023 18:02:20","2023-07-24 18:02:20","24-Jul-2023 18:02:33","00:00:13","https://nsearchives.nseindia.com/corporate/TATASTEEL_24072023180220_NSEBSE.pdf"
"TATASTEEL","Tata Steel Limited","Financial Result Updates","Tata Steel Limited has submitted to the Exchange, the financial results for the period ended June 30, 2023.","24-Jul-2023 18:00:07","2023-07-24 18:00:07","24-Jul-2023 18:00:17","00:00:10","https://nsearchives.nseindia.com/corporate/NSEBSE_24072023180007.pdf"
"TATASTEEL","Tata Steel Limited","Loss of Share Certificates","Tata Steel Limited has informed the Exchange about Loss of Share Certificates","24-Jul-2023 17:08:26","2023-07-24 17:08:26","24-Jul-2023 17:08:36","00:00:10","https://nsearchives.nseindia.com/corporate/TATASTEEL_24072023170826_Reg3924072023.pdf"
"TATASTEEL","Tata Steel Limited","Loss of Share Certificates","Tata Steel Limited has informed the Exchange about Loss of Share Certificates","21-Jul-2023 16:46:22","2023-07-21 16:46:22","21-Jul-2023 16:46:31","00:00:09","https://nsearchives.nseindia.com/corporate/TATASTEEL_21072023164623_Reg3921072023.pdf"
"TATASTEEL","Tata Steel Limited","Loss of Share Certificates","Tata Steel Limited has informed the Exchange about Loss of Share Certificates","20-Jul-2023 12:51:15","2023-07-20 12:51:15","20-Jul-2023 12:51:36","00:00:21","https://nsearchives.nseindia.com/corporate/TATASTEEL_20072023125116_Reg3920072023.pdf"
"TATASTEEL","Tata Steel Limited","Loss of Share Certificates","Tata Steel Limited has informed the Exchange about Loss of Share Certificates","20-Jul-2023 12:51:15","2023-07-20 12:51:15","20-Jul-2023 12:51:25","00:00:10","https://nsearchives.nseindia.com/corporate/TATASTEEL_20072023125115_Reg3920072023.pdf"
"TATASTEEL","Tata Steel Limited","Loss of Share Certificates","Tata Steel Limited has informed the Exchange about Loss of Share Certificates","18-Jul-2023 17:17:59","2023-07-18 17:17:59","18-Jul-2023 17:18:24","00:00:25","https://nsearchives.nseindia.com/corporate/TATASTEEL_18072023171759_Reg3918072023.pdf"
"TATASTEEL","Tata Steel Limited","Analysts/Institutional Investor Meet/Con. Call Updates","Tata Steel Limited has informed the Exchange about Schedule of meet and Call Invite and Instructions","17-Jul-2023 19:33:50","2023-07-17 19:33:50","17-Jul-2023 19:34:01","00:00:11","https://nsearchives.nseindia.com/corporate/TATASTEEL_17072023193350_BSENSE.pdf"
"TATASTEEL","Tata Steel Limited","Loss of Share Certificates","Tata Steel Limited has informed the Exchange about Loss of Share Certificates","17-Jul-2023 17:43:39","2023-07-17 17:43:39","17-Jul-2023 17:43:55","00:00:16","https://nsearchives.nseindia.com/corporate/TATASTEEL_17072023174340_Reg3917072023.pdf"
"TATASTEEL","Tata Steel Limited","Loss of Share Certificates","Tata Steel Limited has informed the Exchange about Loss of Share Certificates","14-Jul-2023 17:43:01","2023-07-14 17:43:01","14-Jul-2023 17:43:09","00:00:08","https://nsearchives.nseindia.com/corporate/TATASTEEL_14072023174301_Reg3914072023.pdf"
"TATASTEEL","Tata Steel Limited","Loss of Share Certificates","Tata Steel Limited has informed the Exchange about Loss of Share Certificates","12-Jul-2023 17:24:03","2023-07-12 17:24:03","12-Jul-2023 17:24:10","00:00:07","https://nsearchives.nseindia.com/corporate/TATASTEEL_12072023172403_Reg3912072023.pdf"
"TATASTEEL","Tata Steel Limited","Copy of Newspaper Publication","Tata Steel Limited has informed the Exchange about Copy of Newspaper Publication","10-Jul-2023 18:21:25","2023-07-10 18:21:25","10-Jul-2023 18:21:45","00:00:20","https://nsearchives.nseindia.com/corporate/TATASTEEL_10072023182125_Postdispatchadv.pdf"
"TATASTEEL","Tata Steel Limited","Loss of Share Certificates","Tata Steel Limited has informed the Exchange about Loss of Share Certificates","10-Jul-2023 17:48:23","2023-07-10 17:48:23","10-Jul-2023 17:48:44","00:00:21","https://nsearchives.nseindia.com/corporate/TATASTEEL_10072023174823_Reg3910072023.pdf"
"TATASTEEL","Tata Steel Limited","Shareholders meeting","Tata Steel Limited has informed the Exchange regarding Notice of Court Convened General Meeting to be held on August 10, 2023","07-Jul-2023 19:32:04","2023-07-07 19:32:04","07-Jul-2023 19:32:10","00:00:06","https://nsearchives.nseindia.com/corporate/TATASTEEL_07072023193204_TSLTMLNotice.pdf"
"TATASTEEL","Tata Steel Limited","Loss of Share Certificates","Tata Steel Limited has informed the Exchange about Loss of Share Certificates","07-Jul-2023 18:31:56","2023-07-07 18:31:56","07-Jul-2023 18:32:05","00:00:09","https://nsearchives.nseindia.com/corporate/TATASTEEL_07072023183157_Reg3907072023.pdf"
"TATASTEEL","Tata Steel Limited","Certificate under SEBI (Depositories and Participants) Regulations, 2018","Tata Steel Limited has informed the Exchange about Certificate under SEBI (Depositories and Participants) Regulations, 2018","07-Jul-2023 11:33:59","2023-07-07 11:33:59","07-Jul-2023 11:34:08","00:00:09","https://nsearchives.nseindia.com/corporate/TATASTEEL_07072023113359_NSDLCDSLCertification.pdf"
"TATASTEEL","Tata Steel Limited","Copy of Newspaper Publication","Tata Steel Limited has informed the Exchange about Copy of Newspaper Publication","06-Jul-2023 20:50:56","2023-07-06 20:50:56","06-Jul-2023 20:51:04","00:00:08","https://nsearchives.nseindia.com/corporate/TATASTEEL_06072023205056_Predispatch.pdf"
"TATASTEEL","Tata Steel Limited","Press Release","Tata Steel Limited has informed the Exchange regarding a press release dated July 06, 2023, titled "" Tata Steel:1QFY2024 Production anddelivery volumes (Provisional) ."".","06-Jul-2023 20:13:57","2023-07-06 20:13:57","06-Jul-2023 20:14:09","00:00:12","https://nsearchives.nseindia.com/corporate/TATASTEEL_06072023201357_BSENSECombined.pdf"
"TATASTEEL","Tata Steel Limited","Loss of Share Certificates","Tata Steel Limited has informed the Exchange about Loss of Share Certificates","06-Jul-2023 17:44:32","2023-07-06 17:44:32","06-Jul-2023 17:44:47","00:00:15","https://nsearchives.nseindia.com/corporate/TATASTEEL_06072023174432_Reg3906072023.pdf"
"TATASTEEL","Tata Steel Limited","Updates","Tata Steel Limited has informed the Exchange regarding 'Outcome of Annual General Meeting held on July 5, 2023'.","06-Jul-2023 10:41:45","2023-07-06 10:41:45","06-Jul-2023 10:41:56","00:00:11","https://nsearchives.nseindia.com/corporate/TATASTEEL_06072023104145_NSEBSE.pdf"
"TATASTEEL","Tata Steel Limited","Shareholders meeting","Tata Steel Limited has informed the Exchange regarding Proceedings of Annual General Meeting held on July 05, 2023. Further, the company has submitted the Exchange a copy of Srutinizers report along with voting results.","06-Jul-2023 10:40:32","2023-07-06 10:40:32","06-Jul-2023 10:40:41","00:00:09","https://nsearchives.nseindia.com/corporate/TATASTEEL_06072023104032_NSEBSE.pdf"
"TATASTEEL","Tata Steel Limited","Investor Presentation","Tata Steel Limited has informed the Exchange about Investor Presentation","05-Jul-2023 15:01:05","2023-07-05 15:01:05","05-Jul-2023 15:01:14","00:00:09","https://nsearchives.nseindia.com/corporate/TATASTEEL_05072023150105_BSENSECombined.pdf"
"TATASTEEL","Tata Steel Limited","Loss of Share Certificates","Tata Steel Limited has informed the Exchange about Loss of Share Certificates","04-Jul-2023 18:29:03","2023-07-04 18:29:03","04-Jul-2023 18:29:12","00:00:09","https://nsearchives.nseindia.com/corporate/TATASTEEL_04072023182903_Reg3904072023.pdf"
"TATASTEEL","Tata Steel Limited","Loss of Share Certificates","Tata Steel Limited has informed the Exchange about Loss of Share Certificates","03-Jul-2023 18:59:20","2023-07-03 18:59:20","03-Jul-2023 18:59:29","00:00:09","https://nsearchives.nseindia.com/corporate/TATASTEEL_03072023185920_Reg3903072023.pdf"
"TATASTEEL","Tata Steel Limited","Loss of Share Certificates","Tata Steel Limited has informed the Exchange about Loss of Share Certificates","30-Jun-2023 19:10:47","2023-06-30 19:10:47","30-Jun-2023 19:11:03","00:00:16","https://nsearchives.nseindia.com/corporate/TATASTEEL_30062023191047_Reg3930062023.pdf"
"TATASTEEL","Tata Steel Limited","Loss of Share Certificates","Tata Steel Limited has informed the Exchange about Loss of Share Certificates","29-Jun-2023 17:40:41","2023-06-29 17:40:41","29-Jun-2023 17:40:47","00:00:06","https://nsearchives.nseindia.com/corporate/TATASTEEL_29062023174041_Reg3929062023.pdf"
"TATASTEEL","Tata Steel Limited","Loss of Share Certificates","Tata Steel Limited has informed the Exchange about Loss of Share Certificates","28-Jun-2023 22:02:33","2023-06-28 22:02:33","28-Jun-2023 22:02:38","00:00:05","https://nsearchives.nseindia.com/corporate/TATASTEEL_28062023220233_Reg3928062023.pdf"
"TATASTEEL","Tata Steel Limited","Updates","Tata Steel Limited has informed the Exchange regarding 'Outcome of Court Convened Meeting'.","28-Jun-2023 20:57:18","2023-06-28 20:57:18","28-Jun-2023 20:57:22","00:00:04","https://nsearchives.nseindia.com/corporate/TATASTEEL_28062023205718_BSENSE.pdf"
"TATASTEEL","Tata Steel Limited","Shareholders meeting","Tata Steel Limited has informed the Exchange regarding Proceedings of NCLT Convened Meeting of the Equity Shareholders held on Jun 28, 2023. Further, the Company has submitted the Exchange a copy of Srutinizers report along with voting results.","28-Jun-2023 20:37:13","2023-06-28 20:37:13","28-Jun-2023 20:37:17","00:00:04","https://nsearchives.nseindia.com/corporate/TATASTEEL_28062023203713_BSENSE.pdf"
"TATASTEEL","Tata Steel Limited","Analysts/Institutional Investor Meet/Con. Call Updates","Tata Steel Limited has informed the Exchange about Schedule of meet","27-Jun-2023 18:58:00","2023-06-27 18:58:00","27-Jun-2023 18:58:09","00:00:09","https://nsearchives.nseindia.com/corporate/TATASTEEL_27062023185800_Reg3027062023.pdf"
"TATASTEEL","Tata Steel Limited","Shareholders meeting","Tata Steel Limited has informed the Exchange regarding Proceedings of the NCLT convened Meeting of Equity Shareholders held on Jun 27, 2023. Further, the Company has submitted the Exchange a copy of Srutinizers report along with voting results.","27-Jun-2023 18:26:46","2023-06-27 18:26:46","27-Jun-2023 18:26:51","00:00:05","https://nsearchives.nseindia.com/corporate/TATASTEEL_27062023182646_NSEBSE.pdf"
"TATASTEEL","Tata Steel Limited","Loss of Share Certificates","Tata Steel Limited has informed the Exchange about Loss of Share Certificates","27-Jun-2023 17:34:21","2023-06-27 17:34:21","27-Jun-2023 17:34:36","00:00:15","https://nsearchives.nseindia.com/corporate/TATASTEEL_27062023173421_Reg3927062023.pdf"
"TATASTEEL","Tata Steel Limited","Analysts/Institutional Investor Meet/Con. Call Updates","Tata Steel Limited has informed the Exchange about Schedule of meet","26-Jun-2023 18:41:05","2023-06-26 18:41:05","26-Jun-2023 18:41:09","00:00:04","https://nsearchives.nseindia.com/corporate/TATASTEEL_26062023184105_Reg3026062023.pdf"
"TATASTEEL","Tata Steel Limited","Loss of Share Certificates","Tata Steel Limited has informed the Exchange about Loss of Share Certificates","26-Jun-2023 17:41:01","2023-06-26 17:41:01","26-Jun-2023 17:41:10","00:00:09","https://nsearchives.nseindia.com/corporate/TATASTEEL_26062023174101_Reg3926062023.pdf"
"TATASTEEL","Tata Steel Limited","Loss of Share Certificates","Tata Steel Limited has informed the Exchange about Loss of Share Certificates","23-Jun-2023 18:27:12","2023-06-23 18:27:12","23-Jun-2023 18:27:16","00:00:04","https://nsearchives.nseindia.com/corporate/TATASTEEL_23062023182712_Reg3923062023.pdf"
"TATASTEEL","Tata Steel Limited","Loss of Share Certificates","Tata Steel Limited has informed the Exchange about Loss of Share Certificates","22-Jun-2023 18:09:52","2023-06-22 18:09:52","22-Jun-2023 18:10:00","00:00:08","https://nsearchives.nseindia.com/corporate/TATASTEEL_22062023180953_Reg3922062023.pdf"
"TATASTEEL","Tata Steel Limited","Loss of Share Certificates","Tata Steel Limited has informed the Exchange about Loss of Share Certificates","22-Jun-2023 18:09:52","2023-06-22 18:09:52","22-Jun-2023 18:09:57","00:00:05","https://nsearchives.nseindia.com/corporate/TATASTEEL_22062023180952_Reg3922062023.pdf"
"TATASTEEL","Tata Steel Limited","Loss of Share Certificates","Tata Steel Limited has informed the Exchange about Loss of Share Certificates","21-Jun-2023 17:53:38","2023-06-21 17:53:38","21-Jun-2023 17:53:49","00:00:11","https://nsearchives.nseindia.com/corporate/TATASTEEL_21062023175338_Reg3921062023.pdf"
"TATASTEEL","Tata Steel Limited","Trading Window","Tata Steel Limited has informed the Exchange regarding the Trading Window closure pursuant to SEBI (Prohibition of Insider Trading) Regulations, 2015","21-Jun-2023 11:50:12","2023-06-21 11:50:12","21-Jun-2023 11:50:20","00:00:08","https://nsearchives.nseindia.com/corporate/TATASTEEL_21062023115012_BSENSE.pdf"
"TATASTEEL","Tata Steel Limited","Loss of Share Certificates","Tata Steel Limited has informed the Exchange about Loss of Share Certificates","20-Jun-2023 20:31:37","2023-06-20 20:31:37","20-Jun-2023 20:31:43","00:00:06","https://nsearchives.nseindia.com/corporate/TATASTEEL_20062023203137_Reg3920062023.pdf"
"TATASTEEL","Tata Steel Limited","Updates","Tata Steel Limited has informed the Exchange regarding 'Notice seeking representations, if any, on the Scheme of Amalgamationamongst Tata Steel Limited and The Tinplate Company of India Limited and theirrespective shareholders, issued to the Secured Creditors, Unsecured Creditors andUnsecured Debenture Holders of the Company'.","20-Jun-2023 13:08:11","2023-06-20 13:08:11","20-Jun-2023 13:08:15","00:00:04","https://nsearchives.nseindia.com/corporate/TATASTEEL_20062023130811_TCIL.pdf"
"TATASTEEL","Tata Steel Limited","Updates","Tata Steel Limited has informed the Exchange regarding 'Notice seeking representations, if any, on the Scheme of Amalgamationamongst Tata Steel Limited and Tata Steel Long Products Limited and their respectiveshareholders, issued to the Secured Creditors, Unsecured Creditors and UnsecuredDebenture Holders of the Company'.","20-Jun-2023 12:55:24","2023-06-20 12:55:24","20-Jun-2023 12:55:26","00:00:02","https://nsearchives.nseindia.com/corporate/TATASTEEL_20062023125524_Noticecreditors.pdf"
"TATASTEEL","Tata Steel Limited","Loss of Share Certificates","Tata Steel Limited has informed the Exchange about Loss of Share Certificates","19-Jun-2023 17:29:02","2023-06-19 17:29:02","19-Jun-2023 17:29:04","00:00:02","https://nsearchives.nseindia.com/corporate/TATASTEEL_19062023172902_Reg3919062023.pdf"
"TATASTEEL","Tata Steel Limited","Analysts/Institutional Investor Meet/Con. Call Updates","Tata Steel Limited has informed the Exchange about Schedule of meet","19-Jun-2023 17:20:01","2023-06-19 17:20:01","19-Jun-2023 17:20:18","00:00:17","https://nsearchives.nseindia.com/corporate/TATASTEEL_19062023172001_Reg3019062023.pdf"
"TATASTEEL","Tata Steel Limited","Loss of Share Certificates","Tata Steel Limited has informed the Exchange about Loss of Share Certificates","16-Jun-2023 18:23:18","2023-06-16 18:23:18","16-Jun-2023 18:23:29","00:00:11","https://nsearchives.nseindia.com/corporate/TATASTEEL_16062023182319_Reg3916062023.pdf"
"TATASTEEL","Tata Steel Limited","Loss of Share Certificates","Tata Steel Limited has informed the Exchange about Loss of Share Certificates","16-Jun-2023 18:23:18","2023-06-16 18:23:18","16-Jun-2023 18:23:27","00:00:09","https://nsearchives.nseindia.com/corporate/TATASTEEL_16062023182318_Reg3916062023.pdf"
"TATASTEEL","Tata Steel Limited","Copy of Newspaper Publication","Tata Steel Limited has informed the Exchange about Copy of Newspaper Publication","14-Jun-2023 15:14:47","2023-06-14 15:14:47","14-Jun-2023 15:14:54","00:00:07","https://nsearchives.nseindia.com/corporate/TATASTEEL_14062023151447_BSENSECombined.pdf"
"TATASTEEL","Tata Steel Limited","Updates","Tata Steel Limited has informed the Exchange regarding 'Business Responsibility and Sustainability Report for FY 2022-23'.","12-Jun-2023 23:55:11","2023-06-12 23:55:11","12-Jun-2023 23:55:14","00:00:03","https://nsearchives.nseindia.com/corporate/TATASTEEL_12062023235511_BRSRCombined.pdf"
"TATASTEEL","Tata Steel Limited","Shareholders meeting","Tata Steel Limited has informed the Exchange regarding Notice of Annual General Meeting to be held on July 05, 2023","12-Jun-2023 23:51:39","2023-06-12 23:51:39","12-Jun-2023 23:51:44","00:00:05","https://nsearchives.nseindia.com/corporate/TATASTEEL_12062023235139_CombinedNotice.pdf"
"TATASTEEL","Tata Steel Limited","Loss of Share Certificates","Tata Steel Limited has informed the Exchange about Loss of Share Certificates","12-Jun-2023 20:49:33","2023-06-12 20:49:33","12-Jun-2023 20:49:37","00:00:04","https://nsearchives.nseindia.com/corporate/TATASTEEL_12062023204933_Reg3912062023.pdf"
"TATASTEEL","Tata Steel Limited","Cessation","Tata Steel Limited has informed the Exchange regarding Cessation of Mr O. P. Bhatt as Non- Executive Independent Director of the company w.e.f. Jun 09, 2023.","09-Jun-2023 20:13:47","2023-06-09 20:13:47","09-Jun-2023 20:13:49","00:00:02","https://nsearchives.nseindia.com/corporate/TATASTEEL_09062023201347_BSENSE.pdf"
"TATASTEEL","Tata Steel Limited","Loss of Share Certificates","Tata Steel Limited has informed the Exchange about Loss of Share Certificates","09-Jun-2023 18:14:49","2023-06-09 18:14:49","09-Jun-2023 18:14:54","00:00:05","https://nsearchives.nseindia.com/corporate/TATASTEEL_09062023181449_Reg3909062023.pdf"
"TATASTEEL","Tata Steel Limited","Loss of Share Certificates","Tata Steel Limited has informed the Exchange about Loss of Share Certificates","08-Jun-2023 17:51:38","2023-06-08 17:51:38","08-Jun-2023 17:51:45","00:00:07","https://nsearchives.nseindia.com/corporate/TATASTEEL_08062023175138_Reg3908062023.pdf"
"TATASTEEL","Tata Steel Limited","Analysts/Institutional Investor Meet/Con. Call Updates","Tata Steel Limited has informed the Exchange about Schedule of meet","08-Jun-2023 17:32:18","2023-06-08 17:32:18","08-Jun-2023 17:32:22","00:00:04","https://nsearchives.nseindia.com/corporate/TATASTEEL_08062023173218_Reg3008062023.pdf"
"TATASTEEL","Tata Steel Limited","Copy of Newspaper Publication","Tata Steel Limited has informed the Exchange about Copy of Newspaper Publication","08-Jun-2023 14:39:24","2023-06-08 14:39:24","08-Jun-2023 14:39:30","00:00:06","https://nsearchives.nseindia.com/corporate/TATASTEEL_08062023143925_BSENSECombined.pdf"
"TATASTEEL","Tata Steel Limited","Copy of Newspaper Publication","Tata Steel Limited has informed the Exchange about Copy of Newspaper Publication","08-Jun-2023 13:54:28","2023-06-08 13:54:28","08-Jun-2023 13:54:36","00:00:08","https://nsearchives.nseindia.com/corporate/TATASTEEL_08062023135428_BSENSECombined.pdf"
"TATASTEEL","Tata Steel Limited","Loss of Share Certificates","Tata Steel Limited has informed the Exchange about Loss of Share Certificates","06-Jun-2023 20:33:56","2023-06-06 20:33:56","06-Jun-2023 20:33:59","00:00:03","https://nsearchives.nseindia.com/corporate/TATASTEEL_06062023203356_Reg3906062023.pdf"
"TATASTEEL","Tata Steel Limited","Analysts/Institutional Investor Meet/Con. Call Updates","Tata Steel Limited has informed the Exchange about Schedule of meet","06-Jun-2023 16:57:29","2023-06-06 16:57:29","06-Jun-2023 16:57:32","00:00:03","https://nsearchives.nseindia.com/corporate/TATASTEEL_06062023165729_Reg3006062023.pdf"
"TATASTEEL","Tata Steel Limited","Loss of Share Certificates","Tata Steel Limited has informed the Exchange about Loss of Share Certificates","05-Jun-2023 17:31:32","2023-06-05 17:31:32","05-Jun-2023 17:31:44","00:00:12","https://nsearchives.nseindia.com/corporate/TATASTEEL_05062023173132_Reg3905062023.pdf"
"TATASTEEL","Tata Steel Limited","Loss of Share Certificates","Tata Steel Limited has informed the Exchange about Loss of Share Certificates","02-Jun-2023 18:11:23","2023-06-02 18:11:23","02-Jun-2023 18:11:26","00:00:03","https://nsearchives.nseindia.com/corporate/TATASTEEL_02062023181123_Reg3902062023.pdf"
"TATASTEEL","Tata Steel Limited","Loss of Share Certificates","Tata Steel Limited has informed the Exchange about Loss of Share Certificates","01-Jun-2023 18:28:14","2023-06-01 18:28:14","01-Jun-2023 18:28:19","00:00:05","https://nsearchives.nseindia.com/corporate/TATASTEEL_01062023182814_Reg3901062023.pdf"
"TATASTEEL","Tata Steel Limited","Analysts/Institutional Investor Meet/Con. Call Updates","Tata Steel Limited has informed the Exchange about Schedule of meet","31-May-2023 19:11:22","2023-05-31 19:11:22","31-May-2023 19:11:31","00:00:09","https://nsearchives.nseindia.com/corporate/TATASTEEL_31052023191122_Reg3031052023.pdf"
"TATASTEEL","Tata Steel Limited","Loss of Share Certificates","Tata Steel Limited has informed the Exchange about Loss of Share Certificates","31-May-2023 18:09:01","2023-05-31 18:09:01","31-May-2023 18:09:09","00:00:08","https://nsearchives.nseindia.com/corporate/TATASTEEL_31052023180901_Reg3931052023.pdf"
"TATASTEEL","Tata Steel Limited","Loss of Share Certificates","Tata Steel Limited has informed the Exchange about Loss of Share Certificates","31-May-2023 18:09:01","2023-05-31 18:09:01","31-May-2023 18:09:12","00:00:11","https://nsearchives.nseindia.com/corporate/TATASTEEL_31052023180901_Reg3931052023.pdf"
"TATASTEEL","Tata Steel Limited","Updates","Tata Steel Limited has informed the Exchange regarding 'Intimation to the holders of physical securities to furnish PAN, shareholders KYC details and Nomination as per SEBI Circular No. Circular No. SEBI/HO/MIRSD/MIRSDPoD-1/P/CIR/2023/37 dated March 16, 2023'.","31-May-2023 17:57:51","2023-05-31 17:57:51","31-May-2023 17:57:54","00:00:03","https://nsearchives.nseindia.com/corporate/TATASTEEL_31052023175751_BSENSE.pdf"
"TATASTEEL","Tata Steel Limited","Loss of Share Certificates","Tata Steel Limited has informed the Exchange about Loss of Share Certificates","31-May-2023 15:08:23","2023-05-31 15:08:23","31-May-2023 15:08:26","00:00:03","https://nsearchives.nseindia.com/corporate/TATASTEEL_31052023150823_Reg3930052023.pdf"
"TATASTEEL","Tata Steel Limited","Shareholders meeting","Tata Steel Limited has informed the Exchange regarding Proceedings of Postal Ballot. Further, the company has submitted the Exchange a copy of Srutinizers report along with voting results.","30-May-2023 18:51:30","2023-05-30 18:51:30","30-May-2023 18:52:13","00:00:43","https://nsearchives.nseindia.com/corporate/TATASTEEL_30052023185130_PBOUTCOME.pdf"
"TATASTEEL","Tata Steel Limited","Loss of Share Certificates","Tata Steel Limited has informed the Exchange about Loss of Share Certificates","29-May-2023 18:02:45","2023-05-29 18:02:45","29-May-2023 18:03:21","00:00:36","https://nsearchives.nseindia.com/corporate/TATASTEEL_29052023180245_Reg3929052023.pdf"
"TATASTEEL","Tata Steel Limited","Copy of Newspaper Publication","Tata Steel Limited has informed the Exchange about Copy of Newspaper Publication","29-May-2023 15:34:38","2023-05-29 15:34:38","29-May-2023 15:34:44","00:00:06","https://nsearchives.nseindia.com/corporate/TATASTEEL_29052023153438_BSENSE.pdf"
"TATASTEEL","Tata Steel Limited","Analysts/Institutional Investor Meet/Con. Call Updates","Tata Steel Limited has informed the Exchange about Schedule of meet","29-May-2023 14:27:38","2023-05-29 14:27:38","29-May-2023 14:27:43","00:00:05","https://nsearchives.nseindia.com/corporate/TATASTEEL_29052023142738_Reg3029052023.pdf"
"TATASTEEL","Tata Steel Limited","Appointment","Tata Steel Limited has informed the Exchange regarding Appointment of Mr Shekhar C. Mande as Non- Executive Independent Director of the company w.e.f. Jun 01, 2023.","27-May-2023 17:15:44","2023-05-27 17:15:44","27-May-2023 17:15:49","00:00:05","https://nsearchives.nseindia.com/corporate/TATASTEEL_27052023171544_BSENSE.pdf"
"TATASTEEL","Tata Steel Limited","Copy of Newspaper Publication","Tata Steel Limited has informed the Exchange about Copy of Newspaper Publication","27-May-2023 16:56:45","2023-05-27 16:56:45","27-May-2023 16:56:47","00:00:02","https://nsearchives.nseindia.com/corporate/TATASTEEL_27052023165645_PostDispatch.pdf"
"TATASTEEL","Tata Steel Limited","Loss of Share Certificates","Tata Steel Limited has informed the Exchange about Loss of Share Certificates","26-May-2023 19:42:18","2023-05-26 19:42:18","26-May-2023 19:42:40","00:00:22","https://nsearchives.nseindia.com/corporate/TATASTEEL_26052023194218_Reg3926052023.pdf"
"TATASTEEL","Tata Steel Limited","Shareholders meeting","Tata Steel Limited has informed the Exchange regarding Notice of Court Convened General Meeting to be held on Jun 28, 2023","26-May-2023 15:46:49","2023-05-26 15:46:49","26-May-2023 15:46:51","00:00:02","https://nsearchives.nseindia.com/corporate/TATASTEEL_26052023154649_BSENSE.pdf"
"TATASTEEL","Tata Steel Limited","Copy of Newspaper Publication","Tata Steel Limited has informed the Exchange about Copy of Newspaper Publication","26-May-2023 12:22:58","2023-05-26 12:22:58","26-May-2023 12:23:11","00:00:13","https://nsearchives.nseindia.com/corporate/TATASTEEL_26052023122258_BSENSE.pdf"
"TATASTEEL","Tata Steel Limited","Shareholders meeting","Tata Steel Limited has informed the Exchange regarding Notice of Court Convened General Meeting to be held on Jun 27, 2023","25-May-2023 22:14:20","2023-05-25 22:14:20","25-May-2023 22:14:26","00:00:06","https://nsearchives.nseindia.com/corporate/TATASTEEL_25052023221421_NSEBSE.pdf"
"TATASTEEL","Tata Steel Limited","Loss of Share Certificates","Tata Steel Limited has informed the Exchange about Loss of Share Certificates","25-May-2023 20:59:02","2023-05-25 20:59:02","25-May-2023 20:59:06","00:00:04","https://nsearchives.nseindia.com/corporate/TATASTEEL_25052023205902_Reg3925052023.pdf"
"TATASTEEL","Tata Steel Limited","Copy of Newspaper Publication","Tata Steel Limited has informed the Exchange about Copy of Newspaper Publication","25-May-2023 20:22:21","2023-05-25 20:22:21","25-May-2023 20:22:25","00:00:04","https://nsearchives.nseindia.com/corporate/TATASTEEL_25052023202221_PreDispatchFinal.pdf"
"TATASTEEL","Tata Steel Limited","Analysts/Institutional Investor Meet/Con. Call Updates","Tata Steel Limited has informed the Exchange about Schedule of meet","24-May-2023 20:47:42","2023-05-24 20:47:42","24-May-2023 20:47:45","00:00:03","https://nsearchives.nseindia.com/corporate/TATASTEEL_24052023204742_Reg3024052023.pdf"
"TATASTEEL","Tata Steel Limited","Loss of Share Certificates","Tata Steel Limited has informed the Exchange about Loss of Share Certificates","22-May-2023 19:00:09","2023-05-22 19:00:09","22-May-2023 19:00:16","00:00:07","https://nsearchives.nseindia.com/corporate/TATASTEEL_22052023190009_Reg3922052023.pdf"
"TATASTEEL","Tata Steel Limited","Loss of Share Certificates","Tata Steel Limited has informed the Exchange about Loss of Share Certificates","19-May-2023 18:09:06","2023-05-19 18:09:06","19-May-2023 18:09:11","00:00:05","https://nsearchives.nseindia.com/corporate/TATASTEEL_19052023180906_Reg3919052023.pdf"
"TATASTEEL","Tata Steel Limited","Related Party Transactions","Tata Steel Limited has informed the Exchange about related Party Transactions","18-May-2023 13:53:13","2023-05-18 13:53:13","18-May-2023 13:53:15","00:00:02","https://nsearchives.nseindia.com/corporate/TATASTEEL_18052023135313_BSENSECombined.pdf"
"TATASTEEL","Tata Steel Limited","Loss of Share Certificates","Tata Steel Limited has informed the Exchange about Loss of Share Certificates","17-May-2023 22:36:44","2023-05-17 22:36:44","17-May-2023 22:36:46","00:00:02","https://nsearchives.nseindia.com/corporate/TATASTEEL_17052023223644_Reg3917052023.pdf"
"TATASTEEL","Tata Steel Limited","Annual Secretarial Compliance Report","Annual Secretarial Compliance Report for the year ended March 31, 2023","16-May-2023 12:46:11","2023-05-16 12:46:11","16-May-2023 12:46:17","00:00:06","https://nsearchives.nseindia.com/corporate/TATASTEEL_16052023124611_BSENSE.pdf"
"TATASTEEL","Tata Steel Limited","Loss of Share Certificates","Tata Steel Limited has informed the Exchange about Loss of Share Certificates","12-May-2023 19:23:10","2023-05-12 19:23:10","12-May-2023 19:23:15","00:00:05","https://nsearchives.nseindia.com/corporate/TATASTEEL_12052023192310_Reg3912052023.pdf"
"TATASTEEL","Tata Steel Limited","Updates","Tata Steel Limited has informed the Exchange regarding 'Communication to Shareholders - Intimation on Tax Deduction on Dividend'.","11-May-2023 18:08:07","2023-05-11 18:08:07","11-May-2023 18:08:10","00:00:03","https://nsearchives.nseindia.com/corporate/TATASTEEL_11052023180807_BSENSE.pdf"
"TATASTEEL","Tata Steel Limited","Analysts/Institutional Investor Meet/Con. Call Updates","Tata Steel Limited has informed the Exchange about Transcript","10-May-2023 21:45:29","2023-05-10 21:45:29","10-May-2023 21:45:33","00:00:04","https://nsearchives.nseindia.com/corporate/TATASTEEL_10052023214529_Reg3010052023.pdf"
"TATASTEEL","Tata Steel Limited","Loss of Share Certificates","Tata Steel Limited has informed the Exchange about Loss of Share Certificates","10-May-2023 18:34:50","2023-05-10 18:34:50","10-May-2023 18:34:54","00:00:04","https://nsearchives.nseindia.com/corporate/TATASTEEL_10052023183450_Reg3910052023.pdf"
"TATASTEEL","Tata Steel Limited","Loss of Share Certificates","Tata Steel Limited has informed the Exchange about Loss of Share Certificates","09-May-2023 19:12:47","2023-05-09 19:12:47","09-May-2023 19:12:55","00:00:08","https://nsearchives.nseindia.com/corporate/TATASTEEL_09052023191247_REG39.pdf"
"TATASTEEL","Tata Steel Limited","Loss of Share Certificates","Tata Steel Limited has informed the Exchange about Loss of Share Certificates","08-May-2023 17:56:39","2023-05-08 17:56:39","08-May-2023 17:56:44","00:00:05","https://nsearchives.nseindia.com/corporate/TATASTEEL_08052023175639_Reg3908052023.pdf"
"TATASTEEL","Tata Steel Limited","Copy of Newspaper Publication","Tata Steel Limited has informed the Exchange about Copy of Newspaper Publication","05-May-2023 13:16:48","2023-05-05 13:16:48","05-May-2023 13:16:52","00:00:04","https://nsearchives.nseindia.com/corporate/TATASTEEL_05052023131648_BSENSE.pdf"
"TATASTEEL","Tata Steel Limited","Analysts/Institutional Investor Meet/Con. Call Updates","Tata Steel Limited has informed the Exchange about Link of Recording","03-May-2023 21:45:11","2023-05-03 21:45:11","03-May-2023 21:45:13","00:00:02","https://nsearchives.nseindia.com/corporate/TATASTEEL_03052023214511_EarningscallQ3FY2023signed.pdf"
"TATASTEEL","Tata Steel Limited","Related Party Transactions","Tata Steel Limited has informed the Exchange about related Party Transactions","02-May-2023 22:50:49","2023-05-02 22:50:49","02-May-2023 22:50:53","00:00:04","https://nsearchives.nseindia.com/corporate/TATASTEEL_02052023225049_BSENSE.pdf"
"TATASTEEL","Tata Steel Limited","Loss of Share Certificates","Tata Steel Limited has informed the Exchange about Loss of Share Certificates","02-May-2023 19:58:32","2023-05-02 19:58:32","02-May-2023 19:58:42","00:00:10","https://nsearchives.nseindia.com/corporate/TATASTEEL_02052023195832_Reg3902052023.pdf"
"TATASTEEL","Tata Steel Limited","Loss of Share Certificates","Tata Steel Limited has informed the Exchange about Loss of Share Certificates","02-May-2023 19:58:32","2023-05-02 19:58:32","02-May-2023 19:58:48","00:00:16","https://nsearchives.nseindia.com/corporate/TATASTEEL_02052023195832_Reg3902052023.pdf"
"TATASTEEL","Tata Steel Limited","Statement of deviation(s) or variation(s) under Reg. 32","Tata Steel Limited has informed the Exchange about statement of deviation(s) or variation(s) under Reg. 32","02-May-2023 19:29:24","2023-05-02 19:29:24","02-May-2023 19:29:29","00:00:05","https://nsearchives.nseindia.com/corporate/TATASTEEL_02052023192924_BSENSEReg32.pdf"
"TATASTEEL","Tata Steel Limited","Investor Presentation","Tata Steel Limited has informed the Exchange about Investor Presentation","02-May-2023 18:54:13","2023-05-02 18:54:13","02-May-2023 18:54:17","00:00:04","https://nsearchives.nseindia.com/corporate/TATASTEEL_02052023185413_IRPR.pdf"
"TATASTEEL","Tata Steel Limited","Press Release","Tata Steel Limited has informed the Exchange regarding a press release dated May 02, 2023, titled ""Tata Steel reports ConsolidatedEBITDA of Rs 32,698 crores for FY2023; Net debt stands at Rs 67,810 crores"".","02-May-2023 18:50:56","2023-05-02 18:50:56","02-May-2023 18:51:01","00:00:05","https://nsearchives.nseindia.com/corporate/TATASTEEL_02052023185056_IRPR.pdf"
"TATASTEEL","Tata Steel Limited","Updates","Tata Steel Limited has informed the Exchange regarding 'Annual General Meeting to be held on July 5, 2023'.","02-May-2023 18:44:17","2023-05-02 18:44:17","02-May-2023 18:44:24","00:00:07","https://nsearchives.nseindia.com/corporate/TATASTEEL_02052023184417_NSEBSE.pdf"
"TATASTEEL","Tata Steel Limited","Book Closure","Tata Steel Limited has informed the Exchange that Register of Members & Share Transfer Books of the Company will remain closed from 23-Jun-2023 to 05-Jul-2023 for the purpose of Dividend & Meeting.","02-May-2023 18:39:48","2023-05-02 18:39:48","02-May-2023 18:39:54","00:00:06","https://nsearchives.nseindia.com/corporate/TATASTEEL_02052023183948_NSEBSE.pdf"
"TATASTEEL","Tata Steel Limited","Dividend","Tata Steel Limited has informed the Exchange that Board of Directors at its meeting held on May 02, 2023, recommended Final Dividend of 3.60 per equity share.","02-May-2023 18:33:06","2023-05-02 18:33:06","02-May-2023 18:33:15","00:00:09","https://nsearchives.nseindia.com/corporate/TATASTEEL_02052023183306_NSEBSE.pdf"
"TATASTEEL","Tata Steel Limited","Financial Result Updates","Tata Steel Limited has submitted to the Exchange, the financial results for the period ended March 31, 2023.","02-May-2023 18:30:39","2023-05-02 18:30:39","02-May-2023 18:30:41","00:00:02","https://nsearchives.nseindia.com/corporate/NSEBSE_02052023183039.pdf"
"TATASTEEL","Tata Steel Limited","Copy of Newspaper Publication","Tata Steel Limited has informed the Exchange about Copy of Newspaper Publication","01-May-2023 11:56:57","2023-05-01 11:56:57","01-May-2023 11:57:02","00:00:05","https://nsearchives.nseindia.com/corporate/TATASTEEL_01052023115657_BSENSE.pdf"
"TATASTEEL","Tata Steel Limited","Loss of Share Certificates","Tata Steel Limited has informed the Exchange about Loss of Share Certificates","28-Apr-2023 19:35:59","2023-04-28 19:35:59","28-Apr-2023 19:36:10","00:00:11","https://nsearchives.nseindia.com/corporate/TATASTEEL_28042023193559_Reg3928042023.pdf"
"TATASTEEL","Tata Steel Limited","Loss of Share Certificates","Tata Steel Limited has informed the Exchange about Loss of Share Certificates","28-Apr-2023 19:35:59","2023-04-28 19:35:59","28-Apr-2023 19:36:01","00:00:02","https://nsearchives.nseindia.com/corporate/TATASTEEL_28042023193559_Reg3928042023.pdf"
"TATASTEEL","Tata Steel Limited","Shareholders meeting","Tata Steel Limited has informed the Exchange regarding Notice of Postal Ballot","28-Apr-2023 12:41:32","2023-04-28 12:41:32","28-Apr-2023 12:41:39","00:00:07","https://nsearchives.nseindia.com/corporate/TATASTEEL_28042023124132_BSENSE.pdf"
"TATASTEEL","Tata Steel Limited","Loss of Share Certificates","Tata Steel Limited has informed the Exchange about Loss of Share Certificates","27-Apr-2023 17:51:44","2023-04-27 17:51:44","27-Apr-2023 17:51:49","00:00:05","https://nsearchives.nseindia.com/corporate/TATASTEEL_27042023175144_Reg3927042023.pdf"
"TATASTEEL","Tata Steel Limited","Copy of Newspaper Publication","Tata Steel Limited has informed the Exchange about Copy of Newspaper Publication","26-Apr-2023 19:27:49","2023-04-26 19:27:49","26-Apr-2023 19:27:53","00:00:04","https://nsearchives.nseindia.com/corporate/TATASTEEL_26042023192749_BSENSE.pdf"
"TATASTEEL","Tata Steel Limited","Loss of Share Certificates","Tata Steel Limited has informed the Exchange about Loss of Share Certificates","26-Apr-2023 19:23:13","2023-04-26 19:23:13","26-Apr-2023 19:23:16","00:00:03","https://nsearchives.nseindia.com/corporate/TATASTEEL_26042023192313_Reg3926042023.pdf"
"TATASTEEL","Tata Steel Limited","Loss of Share Certificates","Tata Steel Limited has informed the Exchange about Loss of Share Certificates","25-Apr-2023 18:25:44","2023-04-25 18:25:44","25-Apr-2023 18:25:49","00:00:05","https://nsearchives.nseindia.com/corporate/TATASTEEL_25042023182544_Reg3925042023.pdf"
"TATASTEEL","Tata Steel Limited","Disclosure under SEBI Takeover Regulations","Tata Sons Pvt Ltd��has Submitted to the Exchange a copy of Disclosure under Regulation 31(4) of the Securities and Exchange Board of India��(Substantial Acquisition of Shares and Takeovers) Regulations, 2011.","25-Apr-2023 14:09:31","2023-04-25 14:09:31","25-Apr-2023 14:09:39","00:00:08","https://nsearchives.nseindia.com/corporate/TATASTEEL_25042023140931_TATASTEEL.pdf"
"TATASTEEL","Tata Steel Limited","Loss of Share Certificates","Tata Steel Limited has informed the Exchange about Loss of Share Certificates","24-Apr-2023 19:41:31","2023-04-24 19:41:31","24-Apr-2023 19:41:35","00:00:04","https://nsearchives.nseindia.com/corporate/TATASTEEL_24042023194131_Reg3924042023dup.pdf"
"TATASTEEL","Tata Steel Limited","Loss of Share Certificates","Tata Steel Limited has informed the Exchange about Loss of Share Certificates","24-Apr-2023 17:51:03","2023-04-24 17:51:03","24-Apr-2023 17:51:06","00:00:03","https://nsearchives.nseindia.com/corporate/TATASTEEL_24042023175103_Reg3924042023.pdf"
"TATASTEEL","Tata Steel Limited","Loss of Share Certificates","Tata Steel Limited has informed the Exchange about Loss of Share Certificates","21-Apr-2023 19:21:30","2023-04-21 19:21:30","21-Apr-2023 19:21:36","00:00:06","https://nsearchives.nseindia.com/corporate/TATASTEEL_21042023192130_Reg3921042023.pdf"
"TATASTEEL","Tata Steel Limited","Analysts/Institutional Investor Meet/Con. Call Updates","Tata Steel Limited has informed the Exchange about Schedule of meet and Invite and guidelines for participation","20-Apr-2023 10:43:44","2023-04-20 10:43:44","20-Apr-2023 10:43:48","00:00:04","https://nsearchives.nseindia.com/corporate/TATASTEEL_20042023104344_BSENSE.pdf"
"TATASTEEL","Tata Steel Limited","Loss of Share Certificates","Tata Steel Limited has informed the Exchange about Loss of Share Certificates","17-Apr-2023 18:45:32","2023-04-17 18:45:32","17-Apr-2023 18:45:35","00:00:03","https://nsearchives.nseindia.com/corporate/TATASTEEL_17042023184532_Reg3917042023.pdf"
"TATASTEEL","Tata Steel Limited","Certificate under SEBI (Depositories and Participants) Regulations, 2018","Tata Steel Limited has informed the Exchange about Certificate under SEBI (Depositories and Participants) Regulations, 2018","13-Apr-2023 19:47:34","2023-04-13 19:47:34","13-Apr-2023 19:47:38","00:00:04","https://nsearchives.nseindia.com/corporate/TATASTEEL_13042023194734_BSENSE.pdf"
"TATASTEEL","Tata Steel Limited","Loss of Share Certificates","Tata Steel Limited has informed the Exchange about Loss of Share Certificates","11-Apr-2023 18:46:48","2023-04-11 18:46:48","11-Apr-2023 18:46:51","00:00:03","https://nsearchives.nseindia.com/corporate/TATASTEEL_11042023184648_Reg3911042023.pdf"
"TATASTEEL","Tata Steel Limited","Loss of Share Certificates","Tata Steel Limited has informed the Exchange about Loss of Share Certificates","10-Apr-2023 17:34:58","2023-04-10 17:34:58","10-Apr-2023 17:35:03","00:00:05","https://nsearchives.nseindia.com/corporate/TATASTEEL_10042023173458_Reg3910042023.pdf"
"TATASTEEL","Tata Steel Limited","Press Release","Tata Steel Limited has informed the Exchange regarding a press release dated April 05, 2023, titled ""4QFY2023 and FY2023 Production anddelivery volumes (Provisional)"".","05-Apr-2023 20:21:18","2023-04-05 20:21:18","05-Apr-2023 20:21:21","00:00:03","https://nsearchives.nseindia.com/corporate/TATASTEEL_05042023202118_BSENSE.pdf"
"TATASTEEL","Tata Steel Limited","Loss of Share Certificates","Tata Steel Limited has informed the Exchange about Loss of Share Certificates","05-Apr-2023 18:30:09","2023-04-05 18:30:09","05-Apr-2023 18:30:14","00:00:05","https://nsearchives.nseindia.com/corporate/TATASTEEL_05042023183009_Reg3905042023.pdf"
"TATASTEEL","Tata Steel Limited","Loss of Share Certificates","Tata Steel Limited has informed the Exchange about Loss of Share Certificates","04-Apr-2023 18:17:54","2023-04-04 18:17:54","04-Apr-2023 18:17:58","00:00:04","https://nsearchives.nseindia.com/corporate/TATASTEEL_04042023181754_Reg3904042023.pdf"
"TATASTEEL","Tata Steel Limited","Registrar & Share Transfer Agent Update","Tata Steel Limited has informed the Exchange about Registrar & Share Transfer Agent Update","04-Apr-2023 15:22:11","2023-04-04 15:22:11","04-Apr-2023 15:22:16","00:00:05","https://nsearchives.nseindia.com/corporate/TATASTEEL_04042023152211_REG7LODR.pdf"
"TATASTEEL","Tata Steel Limited","Loss of Share Certificates","Tata Steel Limited has informed the Exchange about Loss of Share Certificates","28-Mar-2023 18:19:18","2023-03-28 18:19:18","28-Mar-2023 18:19:21","00:00:03","https://nsearchives.nseindia.com/corporate/TATASTEEL_28032023181918_Reg3928032023.pdf"
"TATASTEEL","Tata Steel Limited","Analysts/Institutional Investor Meet/Con. Call Updates","Tata Steel Limited has informed the Exchange about Schedule of meet","28-Mar-2023 14:10:58","2023-03-28 14:10:58","28-Mar-2023 14:11:00","00:00:02","https://nsearchives.nseindia.com/corporate/TATASTEEL_28032023141058_Reg3028032023.pdf"
"TATASTEEL","Tata Steel Limited","Outcome of Board Meeting","Tata Steel Limited has informed the Exchange regarding Outcome of Board Meeting held on March 27, 2023.","27-Mar-2023 18:14:57","2023-03-27 18:14:57","27-Mar-2023 18:15:02","00:00:05","https://nsearchives.nseindia.com/corporate/TATASTEEL_27032023181457_BSENSE.pdf"
"TATASTEEL","Tata Steel Limited","Loss of Share Certificates","Tata Steel Limited has informed the Exchange about Loss of Share Certificates","27-Mar-2023 17:48:26","2023-03-27 17:48:26","27-Mar-2023 17:48:30","00:00:04","https://nsearchives.nseindia.com/corporate/TATASTEEL_27032023174826_Reg3927032023.pdf"
"TATASTEEL","Tata Steel Limited","Acquisition","Tata Steel Limited has informed the Exchange about Acquisition","24-Mar-2023 18:02:57","2023-03-24 18:02:57","24-Mar-2023 18:03:01","00:00:04","https://nsearchives.nseindia.com/corporate/TATASTEEL_24032023180257_BSENSE.pdf"
"TATASTEEL","Tata Steel Limited","Acquisition","Tata Steel Limited has informed the Exchange about Acquisition","23-Mar-2023 19:21:55","2023-03-23 19:21:55","23-Mar-2023 19:22:05","00:00:10","https://nsearchives.nseindia.com/corporate/TATASTEEL_23032023192155_BSENSE.pdf"
"TATASTEEL","Tata Steel Limited","Loss of Share Certificates","Tata Steel Limited has informed the Exchange about Loss of Share Certificates","23-Mar-2023 18:36:55","2023-03-23 18:36:55","23-Mar-2023 18:36:59","00:00:04","https://nsearchives.nseindia.com/corporate/TATASTEEL_23032023183655_Reg3923032023.pdf"
"TATASTEEL","Tata Steel Limited","Analysts/Institutional Investor Meet/Con. Call Updates","Tata Steel Limited has informed the Exchange about Schedule of meet","23-Mar-2023 15:51:38","2023-03-23 15:51:38","23-Mar-2023 15:51:41","00:00:03","https://nsearchives.nseindia.com/corporate/TATASTEEL_23032023155138_Reg3023032023.pdf"
"TATASTEEL","Tata Steel Limited","Trading Window","Tata Steel Limited has informed the Exchange regarding the Trading Window closure pursuant to SEBI (Prohibition of Insider Trading) Regulations, 2015","23-Mar-2023 14:34:36","2023-03-23 14:34:36","23-Mar-2023 14:34:39","00:00:03","https://nsearchives.nseindia.com/corporate/TATASTEEL_23032023143436_BSENSE.pdf"
"TATASTEEL","Tata Steel Limited","Loss of Share Certificates","Tata Steel Limited has informed the Exchange about Loss of Share Certificates","21-Mar-2023 17:42:03","2023-03-21 17:42:03","21-Mar-2023 17:42:09","00:00:06","https://nsearchives.nseindia.com/corporate/TATASTEEL_21032023174202_Reg3921032023.pdf"
"TATASTEEL","Tata Steel Limited","Analysts/Institutional Investor Meet/Con. Call Updates","Tata Steel Limited has informed the Exchange about Schedule of meet","20-Mar-2023 18:42:48","2023-03-20 18:42:48","20-Mar-2023 18:42:52","00:00:04","https://nsearchives.nseindia.com/corporate/TATASTEEL_20032023184248_Reg3020032023.pdf"
"TATASTEEL","Tata Steel Limited","Loss of Share Certificates","Tata Steel Limited has informed the Exchange about Loss of Share Certificates","20-Mar-2023 18:30:51","2023-03-20 18:30:51","20-Mar-2023 18:30:56","00:00:05","https://nsearchives.nseindia.com/corporate/TATASTEEL_20032023183050_Reg3920032023.pdf"
"TATASTEEL","Tata Steel Limited","Conversion","Tata Steel Limited has informed the Exchange about Conversion","18-Mar-2023 10:52:59","2023-03-18 10:52:59","18-Mar-2023 10:53:02","00:00:03","https://nsearchives.nseindia.com/corporate/TATASTEEL_18032023105259_BSENSE.pdf"
"TATASTEEL","Tata Steel Limited","Acquisition","Tata Steel Limited has informed the Exchange about Acquisition","17-Mar-2023 18:08:23","2023-03-17 18:08:23","17-Mar-2023 18:08:26","00:00:03","https://nsearchives.nseindia.com/corporate/TATASTEEL_17032023180823_BSENSE.pdf"
"TATASTEEL","Tata Steel Limited","Loss of Share Certificates","Tata Steel Limited has informed the Exchange about Loss of Share Certificates","17-Mar-2023 17:52:31","2023-03-17 17:52:31","17-Mar-2023 17:52:35","00:00:04","https://nsearchives.nseindia.com/corporate/TATASTEEL_17032023175231_Reg3917032023.pdf"
"TATASTEEL","Tata Steel Limited","Loss of Share Certificates","Tata Steel Limited has informed the Exchange about Loss of Share Certificates","16-Mar-2023 17:57:19","2023-03-16 17:57:19","16-Mar-2023 17:57:22","00:00:03","https://nsearchives.nseindia.com/corporate/TATASTEEL_16032023175719_Reg3916032023.pdf"
"TATASTEEL","Tata Steel Limited","Loss of Share Certificates","Tata Steel Limited has informed the Exchange about Loss of Share Certificates","15-Mar-2023 18:10:52","2023-03-15 18:10:52","15-Mar-2023 18:10:55","00:00:03","https://nsearchives.nseindia.com/corporate/TATASTEEL_15032023181052_Reg3915032023.pdf"
"TATASTEEL","Tata Steel Limited","Loss of Share Certificates","Tata Steel Limited has informed the Exchange about Loss of Share Certificates","13-Mar-2023 19:25:31","2023-03-13 19:25:31","13-Mar-2023 19:26:10","00:00:39","https://nsearchives.nseindia.com/corporate/TATASTEEL_13032023192531_Reg3913032023signed.pdf"
"TATASTEEL","Tata Steel Limited","Analysts/Institutional Investor Meet/Con. Call Updates","Tata Steel Limited has informed the Exchange about Schedule of meet","13-Mar-2023 18:24:27","2023-03-13 18:24:27","13-Mar-2023 18:24:34","00:00:07","https://nsearchives.nseindia.com/corporate/TATASTEEL_13032023182427_Reg3013032023.pdf"
"TATASTEEL","Tata Steel Limited","Loss of Share Certificates","Tata Steel Limited has informed the Exchange about Loss of Share Certificates","08-Mar-2023 18:17:24","2023-03-08 18:17:24","08-Mar-2023 18:17:28","00:00:04","https://nsearchives.nseindia.com/corporate/TATASTEEL_08032023181724_Reg3908032023.pdf"
"TATASTEEL","Tata Steel Limited","Loss of Share Certificates","Tata Steel Limited has informed the Exchange about Loss of Share Certificates","06-Mar-2023 22:04:23","2023-03-06 22:04:23","06-Mar-2023 22:04:26","00:00:03","https://nsearchives.nseindia.com/corporate/TATASTEEL_06032023220423_Reg3906032023.pdf"
"TATASTEEL","Tata Steel Limited","Loss of Share Certificates","Tata Steel Limited has informed the Exchange about Loss of Share Certificates","03-Mar-2023 18:23:18","2023-03-03 18:23:18","03-Mar-2023 18:23:23","00:00:05","https://nsearchives.nseindia.com/corporate/TATASTEEL_03032023182318_Reg3903032023.pdf"
"TATASTEEL","Tata Steel Limited","Acquisition","Tata Steel Limited has informed the Exchange about Acquisition","01-Mar-2023 21:03:48","2023-03-01 21:03:48","01-Mar-2023 21:03:51","00:00:03","https://nsearchives.nseindia.com/corporate/TATASTEEL_01032023210348_BSENSE.pdf"
"TATASTEEL","Tata Steel Limited","Loss of Share Certificates","Tata Steel Limited has informed the Exchange about Loss of Share Certificates","01-Mar-2023 19:49:17","2023-03-01 19:49:17","01-Mar-2023 19:49:19","00:00:02","https://nsearchives.nseindia.com/corporate/TATASTEEL_01032023194917_Reg3901032023.pdf"
"TATASTEEL","Tata Steel Limited","Loss of Share Certificates","Tata Steel Limited has informed the Exchange about Loss of Share Certificates","27-Feb-2023 19:11:24","2023-02-27 19:11:24","27-Feb-2023 19:11:28","00:00:04","https://nsearchives.nseindia.com/corporate/TATASTEEL_27022023191124_Reg3927022023.pdf"
"TATASTEEL","Tata Steel Limited","Allotment of Securities","Tata Steel Limited has informed the Exchange regarding allotment of 215000 securities pursuant to Non Convertible Securities at its meeting held on February 27, 2023","27-Feb-2023 18:05:30","2023-02-27 18:05:30","27-Feb-2023 18:05:38","00:00:08","https://nsearchives.nseindia.com/corporate/TATASTEEL_27022023180530_BSENSE.pdf"
"TATASTEEL","Tata Steel Limited","Loss of Share Certificates","Tata Steel Limited has informed the Exchange about Loss of Share Certificates","24-Feb-2023 20:16:19","2023-02-24 20:16:19","24-Feb-2023 20:16:24","00:00:05","https://nsearchives.nseindia.com/corporate/TATASTEEL_24022023201619_Reg3924022023.pdf"
"TATASTEEL","Tata Steel Limited","Acquisition","Tata Steel Limited has informed the Exchange about Acquisition","22-Feb-2023 21:34:18","2023-02-22 21:34:18","22-Feb-2023 21:34:22","00:00:04","https://nsearchives.nseindia.com/corporate/TATASTEEL_22022023213418_BSENSE.pdf"
"TATASTEEL","Tata Steel Limited","Loss of Share Certificates","Tata Steel Limited has informed the Exchange about Loss of Share Certificates","22-Feb-2023 18:33:52","2023-02-22 18:33:52","22-Feb-2023 18:33:55","00:00:03","https://nsearchives.nseindia.com/corporate/TATASTEEL_22022023183352_Reg3922022023.pdf"
"TATASTEEL","Tata Steel Limited","Loss of Share Certificates","Tata Steel Limited has informed the Exchange about Loss of Share Certificates","21-Feb-2023 18:36:02","2023-02-21 18:36:02","21-Feb-2023 18:36:08","00:00:06","https://nsearchives.nseindia.com/corporate/TATASTEEL_21022023183602_Reg3921022023.pdf"
"TATASTEEL","Tata Steel Limited","Analysts/Institutional Investor Meet/Con. Call Updates","Tata Steel Limited has informed the Exchange about Schedule of meet","21-Feb-2023 18:27:27","2023-02-21 18:27:27","21-Feb-2023 18:27:29","00:00:02","https://nsearchives.nseindia.com/corporate/TATASTEEL_21022023182727_Reg3021022023.pdf"
"TATASTEEL","Tata Steel Limited","Outcome of Board Meeting","Tata Steel Limited has informed the Exchange regarding  Board meeting held on February 20, 2023.","20-Feb-2023 22:49:14","2023-02-20 22:49:14","20-Feb-2023 22:49:17","00:00:03","https://nsearchives.nseindia.com/corporate/TATASTEEL_20022023224914_BSENSE.pdf"
"TATASTEEL","Tata Steel Limited","Loss of Share Certificates","Tata Steel Limited has informed the Exchange about Loss of Share Certificates","20-Feb-2023 18:27:33","2023-02-20 18:27:33","20-Feb-2023 18:27:37","00:00:04","https://nsearchives.nseindia.com/corporate/TATASTEEL_20022023182733_Reg3920022023.pdf"
"TATASTEEL","Tata Steel Limited","Loss of Share Certificates","Tata Steel Limited has informed the Exchange about Loss of Share Certificates","17-Feb-2023 18:18:24","2023-02-17 18:18:24","17-Feb-2023 18:18:27","00:00:03","https://nsearchives.nseindia.com/corporate/TATASTEEL_17022023181824_Reg3917022023.pdf"
"TATASTEEL","Tata Steel Limited","Loss of Share Certificates","Tata Steel Limited has informed the Exchange about Loss of Share Certificates","16-Feb-2023 18:04:38","2023-02-16 18:04:38","16-Feb-2023 18:04:43","00:00:05","https://nsearchives.nseindia.com/corporate/TATASTEEL_16022023180438_Reg3916022023.pdf"
"TATASTEEL","Tata Steel Limited","Analysts/Institutional Investor Meet/Con. Call Updates","Tata Steel Limited has informed the Exchange about Transcript","14-Feb-2023 23:45:57","2023-02-14 23:45:57","14-Feb-2023 23:46:00","00:00:03","https://nsearchives.nseindia.com/corporate/TATASTEEL_14022023234557_Reg3014022023.pdf"
"TATASTEEL","Tata Steel Limited","Loss of Share Certificates","Tata Steel Limited has informed the Exchange about Loss of Share Certificates","14-Feb-2023 18:36:07","2023-02-14 18:36:07","14-Feb-2023 18:36:18","00:00:11","https://nsearchives.nseindia.com/corporate/TATASTEEL_14022023183607_Reg3914022023.pdf"
"TATASTEEL","Tata Steel Limited","Loss of Share Certificates","Tata Steel Limited has informed the Exchange about Loss of Share Certificates","13-Feb-2023 18:23:20","2023-02-13 18:23:20","13-Feb-2023 18:23:28","00:00:08","https://nsearchives.nseindia.com/corporate/TATASTEEL_13022023182319_Reg3913022023.pdf"
"TATASTEEL","Tata Steel Limited","Loss of Share Certificates","Tata Steel Limited has informed the Exchange about Loss of Share Certificates","13-Feb-2023 18:23:19","2023-02-13 18:23:19","13-Feb-2023 18:23:22","00:00:03","https://nsearchives.nseindia.com/corporate/TATASTEEL_13022023182319_Reg3913022023.pdf"
"TATASTEEL","Tata Steel Limited","Analysts/Institutional Investor Meet/Con. Call Updates","Tata Steel Limited has informed the Exchange about Schedule of meet","13-Feb-2023 17:38:07","2023-02-13 17:38:07","13-Feb-2023 17:38:14","00:00:07","https://nsearchives.nseindia.com/corporate/TATASTEEL_13022023173807_Reg3013022023.pdf"
"TATASTEEL","Tata Steel Limited","Copy of Newspaper Publication","Tata Steel Limited has informed the Exchange about Copy of Newspaper Publication","09-Feb-2023 16:33:10","2023-02-09 16:33:10","09-Feb-2023 16:33:15","00:00:05","https://nsearchives.nseindia.com/corporate/TATASTEEL_09022023163310_BSENSECombined.pdf"
"TATASTEEL","Tata Steel Limited","Updates","Tata Steel Limited has informed the Exchange regarding 'Last and Final Reminder-cum-Forfeiture Notice # 3 (ISIN: IN9081A01010)'.","08-Feb-2023 22:30:25","2023-02-08 22:30:25","08-Feb-2023 22:30:28","00:00:03","https://nsearchives.nseindia.com/corporate/TATASTEEL_08022023223025_BSENSE.pdf"
"TATASTEEL","Tata Steel Limited","Analysts/Institutional Investor Meet/Con. Call Updates","Tata Steel Limited has informed the Exchange about Link of Recording","08-Feb-2023 10:23:35","2023-02-08 10:23:35","08-Feb-2023 10:23:37","00:00:02","https://nsearchives.nseindia.com/corporate/TATASTEEL_08022023102335_BSENSE.pdf"
"TATASTEEL","Tata Steel Limited","Analysts/Institutional Investor Meet/Con. Call Updates","Tata Steel Limited has informed the Exchange about Schedule of meet","07-Feb-2023 18:25:39","2023-02-07 18:25:39","07-Feb-2023 18:25:43","00:00:04","https://nsearchives.nseindia.com/corporate/TATASTEEL_07022023182539_Reg3007022023.pdf"
"TATASTEEL","Tata Steel Limited","Loss of Share Certificates","Tata Steel Limited has informed the Exchange about Loss of Share Certificates","06-Feb-2023 19:21:22","2023-02-06 19:21:22","06-Feb-2023 19:21:26","00:00:04","https://nsearchives.nseindia.com/corporate/TATASTEEL_06022023192122_Reg3906022023.pdf"
"TATASTEEL","Tata Steel Limited","Investor Presentation","Tata Steel Limited has informed the Exchange about Investor Presentation","06-Feb-2023 18:54:21","2023-02-06 18:54:21","06-Feb-2023 18:54:24","00:00:03","https://nsearchives.nseindia.com/corporate/TATASTEEL_06022023185421_BSENSEIR.pdf"
"TATASTEEL","Tata Steel Limited","Amalgamation/Merger","Tata Steel Limited has informed the Exchange about Amalgamation/Merger","06-Feb-2023 18:34:19","2023-02-06 18:34:19","06-Feb-2023 18:34:24","00:00:05","https://nsearchives.nseindia.com/corporate/TATASTEEL_06022023183419_Outcome.pdf"
"TATASTEEL","Tata Steel Limited","Press Release","Tata Steel Limited has informed the Exchange regarding a press release dated February 06, 2023, titled ""Tata Steel Consolidated EBITDA of Rs 25,472 crores for the first nine monthsof the financial year; Net debt stands at Rs 71,706 crores"".","06-Feb-2023 18:31:19","2023-02-06 18:31:19","06-Feb-2023 18:31:22","00:00:03","https://nsearchives.nseindia.com/corporate/TATASTEEL_06022023183119_Outcome.pdf"
"TATASTEEL","Tata Steel Limited","Outcome of Board Meeting","Tata Steel Limited has informed the Exchange regarding  Board meeting held on February 06, 2023.","06-Feb-2023 18:26:03","2023-02-06 18:26:03","06-Feb-2023 18:26:07","00:00:04","https://nsearchives.nseindia.com/corporate/TATASTEEL_06022023182603_Outcome.pdf"
"TATASTEEL","Tata Steel Limited","Financial Result Updates","Tata Steel Limited has submitted to the Exchange, the financial results for the period ended December 31, 2022.","06-Feb-2023 18:22:33","2023-02-06 18:22:33","06-Feb-2023 18:22:38","00:00:05","https://nsearchives.nseindia.com/corporate/Outcome_06022023182233.pdf"
"TATASTEEL","Tata Steel Limited","Loss of Share Certificates","Tata Steel Limited has informed the Exchange about Loss of Share Certificates","03-Feb-2023 19:28:25","2023-02-03 19:28:25","03-Feb-2023 19:28:33","00:00:08","https://nsearchives.nseindia.com/corporate/TATASTEEL_03022023192825_Reg3903022023.pdf"
"TATASTEEL","Tata Steel Limited","Loss of Share Certificates","Tata Steel Limited has informed the Exchange about Loss of Share Certificates","02-Feb-2023 19:48:13","2023-02-02 19:48:13","02-Feb-2023 19:48:16","00:00:03","https://nsearchives.nseindia.com/corporate/TATASTEEL_02022023194813_Reg3902022023.pdf"
"TATASTEEL","Tata Steel Limited","Shareholders meeting","Tata Steel Limited has submitted the Exchange a copy Srutinizers report of  Postal Ballot. Further, the company has informed the Exchange regarding voting results.","02-Feb-2023 18:40:58","2023-02-02 18:40:58","02-Feb-2023 18:41:00","00:00:02","https://nsearchives.nseindia.com/corporate/TATASTEEL_02022023184058_NSEresult.pdf"
"TATASTEEL","Tata Steel Limited","Acquisition","Tata Steel Limited has informed the Exchange about Acquisition","01-Feb-2023 20:28:43","2023-02-01 20:28:43","01-Feb-2023 20:28:45","00:00:02","https://nsearchives.nseindia.com/corporate/TATASTEEL_01022023202843_Reg30.pdf"
"TATASTEEL","Tata Steel Limited","Loss of Share Certificates","Tata Steel Limited has informed the Exchange about Loss of Share Certificates","31-Jan-2023 18:21:57","2023-01-31 18:21:57","31-Jan-2023 18:22:03","00:00:06","https://nsearchives.nseindia.com/corporate/TATASTEEL_31012023182157_Reg3931012023.pdf"
"TATASTEEL","Tata Steel Limited","Loss of Share Certificates","Tata Steel Limited has informed the Exchange about Loss of Share Certificates","30-Jan-2023 18:45:17","2023-01-30 18:45:17","30-Jan-2023 18:45:21","00:00:04","https://nsearchives.nseindia.com/corporate/TATASTEEL_30012023184517_Reg3930012023.pdf"
"TATASTEEL","Tata Steel Limited","Loss of Share Certificates","Tata Steel Limited has informed the Exchange about Loss of Share Certificates","27-Jan-2023 18:27:00","2023-01-27 18:27:00","27-Jan-2023 18:27:04","00:00:04","https://nsearchives.nseindia.com/corporate/TATASTEEL_27012023182700_Reg3927012023.pdf"
"TATASTEEL","Tata Steel Limited","Analysts/Institutional Investor Meet/Con. Call Updates","Tata Steel Limited has informed the Exchange about Schedule of meet and Invite and guidelines for participation","24-Jan-2023 16:32:40","2023-01-24 16:32:40","24-Jan-2023 16:32:46","00:00:06","https://nsearchives.nseindia.com/corporate/TATASTEEL_24012023163240_BSENSE.pdf"
"TATASTEEL","Tata Steel Limited","Loss of Share Certificates","Tata Steel Limited has informed the Exchange about Loss of Share Certificates","23-Jan-2023 17:41:00","2023-01-23 17:41:00","23-Jan-2023 17:41:07","00:00:07","https://nsearchives.nseindia.com/corporate/TATASTEEL_23012023174100_Reg3923012023.pdf"
"TATASTEEL","Tata Steel Limited","Loss of Share Certificates","Tata Steel Limited has informed the Exchange about Loss of Share Certificates","20-Jan-2023 17:55:43","2023-01-20 17:55:43","20-Jan-2023 17:55:47","00:00:04","https://nsearchives.nseindia.com/corporate/TATASTEEL_20012023175543_Reg3920012023.pdf"
"TATASTEEL","Tata Steel Limited","Loss of Share Certificates","Tata Steel Limited has informed the Exchange about Loss of Share Certificates","19-Jan-2023 17:35:57","2023-01-19 17:35:57","19-Jan-2023 17:36:00","00:00:03","https://nsearchives.nseindia.com/corporate/TATASTEEL_19012023173557_Reg3919012023.pdf"
"TATASTEEL","Tata Steel Limited","Loss of Share Certificates","Tata Steel Limited has informed the Exchange about Loss of Share Certificates","18-Jan-2023 17:35:15","2023-01-18 17:35:15","18-Jan-2023 17:35:20","00:00:05","https://nsearchives.nseindia.com/corporate/TATASTEEL_18012023173515_Reg3918012023.pdf"
"TATASTEEL","Tata Steel Limited","Loss of Share Certificates","Tata Steel Limited has informed the Exchange about Loss of Share Certificates","17-Jan-2023 18:46:41","2023-01-17 18:46:41","17-Jan-2023 18:46:43","00:00:02","https://nsearchives.nseindia.com/corporate/TATASTEEL_17012023184641_Reg3917012023.pdf"
"TATASTEEL","Tata Steel Limited","Loss of Share Certificates","Tata Steel Limited has informed the Exchange about Loss of Share Certificates","16-Jan-2023 18:29:16","2023-01-16 18:29:16","16-Jan-2023 18:29:21","00:00:05","https://nsearchives.nseindia.com/corporate/TATASTEEL_16012023182916_Reg3916012023.pdf"
"TATASTEEL","Tata Steel Limited","Loss of Share Certificates","Tata Steel Limited has informed the Exchange about Loss of Share Certificates","13-Jan-2023 19:28:11","2023-01-13 19:28:11","13-Jan-2023 19:28:14","00:00:03","https://nsearchives.nseindia.com/corporate/TATASTEEL_13012023192811_Reg3913012023.pdf"
"TATASTEEL","Tata Steel Limited","Press Release","Tata Steel Limited has informed the Exchange regarding a press release dated January 13, 2023, titled ""The British Steel Pension Scheme withTata Steel UK as Sponsor has completed a substantial part of its de-risking journeywith 60% of its liabilities now insured by an insurance company"".","13-Jan-2023 17:13:11","2023-01-13 17:13:11","13-Jan-2023 17:13:15","00:00:04","https://nsearchives.nseindia.com/corporate/TATASTEEL_13012023171311_BSENSE.pdf"
"TATASTEEL","Tata Steel Limited","Loss of Share Certificates","Tata Steel Limited has informed the Exchange about Loss of Share Certificates","12-Jan-2023 17:53:20","2023-01-12 17:53:20","12-Jan-2023 17:53:24","00:00:04","https://nsearchives.nseindia.com/corporate/TATASTEEL_12012023175320_Reg3912012023.pdf"
"TATASTEEL","Tata Steel Limited","Loss of Share Certificates","Tata Steel Limited has informed the Exchange about Loss of Share Certificates","11-Jan-2023 17:37:35","2023-01-11 17:37:35","11-Jan-2023 17:37:39","00:00:04","https://nsearchives.nseindia.com/corporate/TATASTEEL_11012023173735_Reg3911012023.pdf"
"TATASTEEL","Tata Steel Limited","Analysts/Institutional Investor Meet/Con. Call Updates","Tata Steel Limited has informed the Exchange about Schedule of meet","10-Jan-2023 18:58:32","2023-01-10 18:58:32","10-Jan-2023 18:58:36","00:00:04","https://nsearchives.nseindia.com/corporate/TATASTEEL_10012023185832_Reg3010012023.pdf"
"TATASTEEL","Tata Steel Limited","Loss of Share Certificates","Tata Steel Limited has informed the Exchange about Loss of Share Certificates","10-Jan-2023 18:06:24","2023-01-10 18:06:24","10-Jan-2023 18:06:29","00:00:05","https://nsearchives.nseindia.com/corporate/TATASTEEL_10012023180624_Reg3910012023.pdf"
"TATASTEEL","Tata Steel Limited","Analysts/Institutional Investor Meet/Con. Call Updates","Tata Steel Limited has informed the Exchange about Schedule of meet","10-Jan-2023 11:14:36","2023-01-10 11:14:36","10-Jan-2023 11:14:41","00:00:05","https://nsearchives.nseindia.com/corporate/TATASTEEL_10012023111436_Reg3010012023.pdf"
"TATASTEEL","Tata Steel Limited","Loss of Share Certificates","Tata Steel Limited has informed the Exchange about Loss of Share Certificates","09-Jan-2023 18:11:00","2023-01-09 18:11:00","09-Jan-2023 18:11:03","00:00:03","https://nsearchives.nseindia.com/corporate/TATASTEEL_09012023181100_Reg3909012023.pdf"
"TATASTEEL","Tata Steel Limited","Analysts/Institutional Investor Meet/Con. Call Updates","Tata Steel Limited has informed the Exchange about Schedule of meet","09-Jan-2023 17:37:49","2023-01-09 17:37:49","09-Jan-2023 17:37:54","00:00:05","https://nsearchives.nseindia.com/corporate/TATASTEEL_09012023173749_Reg3009012023.pdf"
"TATASTEEL","Tata Steel Limited","Press Release","Tata Steel Limited has informed the Exchange regarding a press release dated January 06, 2023, titled ""3QFY23 Production and delivery volumes(Provisional)"".","06-Jan-2023 22:11:31","2023-01-06 22:11:31","06-Jan-2023 22:11:34","00:00:03","https://nsearchives.nseindia.com/corporate/TATASTEEL_06012023221131_BSENSE.pdf"
"TATASTEEL","Tata Steel Limited","Analysts/Institutional Investor Meet/Con. Call Updates","Tata Steel Limited has informed the Exchange about Schedule of meet","06-Jan-2023 19:45:04","2023-01-06 19:45:04","06-Jan-2023 19:45:11","00:00:07","https://nsearchives.nseindia.com/corporate/TATASTEEL_06012023194504_Reg3006012023.pdf"
"TATASTEEL","Tata Steel Limited","Loss of Share Certificates","Tata Steel Limited has informed the Exchange about Loss of Share Certificates","04-Jan-2023 18:56:44","2023-01-04 18:56:44","04-Jan-2023 18:56:47","00:00:03","https://nsearchives.nseindia.com/corporate/TATASTEEL_04012023185643_Reg3904012023.pdf"
"TATASTEEL","Tata Steel Limited","Loss of Share Certificates","Tata Steel Limited has informed the Exchange about Loss of Share Certificates","03-Jan-2023 18:16:07","2023-01-03 18:16:07","03-Jan-2023 18:16:10","00:00:03","https://nsearchives.nseindia.com/corporate/TATASTEEL_03012023181607_Reg3903012023.pdf"
"TATASTEEL","Tata Steel Limited","Certificate under SEBI (Depositories and Participants) Regulations, 2018","Tata Steel Limited has informed the Exchange about Certificate under SEBI (Depositories and Participants) Regulations, 2018","03-Jan-2023 14:16:41","2023-01-03 14:16:41","03-Jan-2023 14:16:45","00:00:04","https://nsearchives.nseindia.com/corporate/TATASTEEL_03012023141641_NSEBSE.pdf"
"TATASTEEL","Tata Steel Limited","Loss of Share Certificates","Tata Steel Limited has informed the Exchange about Loss of Share Certificates","02-Jan-2023 17:52:00","2023-01-02 17:52:00","02-Jan-2023 17:52:03","00:00:03","https://nsearchives.nseindia.com/corporate/TATASTEEL_02012023175200_Reg3902012023.pdf"