"SYMBOL","COMPANY NAME","SUBJECT","DETAILS","BROADCAST DATE/TIME","RECEIPT","DISSEMINATION","DIFFERENCE","ATTACHMENT"
"SUNPHARMA","Sun Pharmaceutical Industries Limited","Trading Window","Sun Pharmaceutical Industries Limited has informed the Exchange regarding the Trading Window closure pursuant to SEBI (Prohibition of Insider Trading) Regulations, 2015","29-Dec-2025 16:37:36","2025-12-29 16:37:36","29-Dec-2025 16:37:37","00:00:01","https://nsearchives.nseindia.com/corporate/SUNSEC_29122025163650_SEintimationforCTW.pdf"
"SUNPHARMA","Sun Pharmaceutical Industries Limited","Investor Presentation","Sun Pharmaceutical Industries Limited has informed the Exchange about Investor Presentation","26-Dec-2025 14:48:08","2025-12-26 14:48:08","26-Dec-2025 14:48:09","00:00:01","https://nsearchives.nseindia.com/corporate/SUNPHARMA456_26122025144727_IntimationSE20251226_Investor_Presenatation_Dec_2025_Signed.pdf"
"SUNPHARMA","Sun Pharmaceutical Industries Limited","Copy of Newspaper Publication","Sun Pharmaceutical Industries Limited has informed the Exchange about Newspaper Advertisement","23-Dec-2025 13:15:07","2025-12-23 13:15:07","23-Dec-2025 13:15:08","00:00:01","https://nsearchives.nseindia.com/corporate/SUNSEC_23122025131453_SEIntimationforSpecialWindow.pdf"
"SUNPHARMA","Sun Pharmaceutical Industries Limited","General Updates","Intimation under Regulation 30 of SEBI (Listing Obligations and Disclosure Requirements) Regulations, 2015   US FDA determines Baska facility inspection classification as OAI","18-Dec-2025 08:27:32","2025-12-18 08:27:32","18-Dec-2025 08:27:34","00:00:02","https://nsearchives.nseindia.com/corporate/SUNSEC_18122025082632_SEIntimationforOAIstatus.pdf"
"SUNPHARMA","Sun Pharmaceutical Industries Limited","Capacity addition","Sun Pharmaceutical Industries Limited has informed the Exchange about Approval of proposal for Greenfield Project","02-Dec-2025 23:08:50","2025-12-02 23:08:50","02-Dec-2025 23:08:51","00:00:01","https://nsearchives.nseindia.com/corporate/SUNPHARMA123_02122025230649_Intimation.pdf"
"SUNPHARMA","Sun Pharmaceutical Industries Limited","Press Release","Sun Pharmaceutical Industries Limited has informed the Exchange regarding a press release dated December 01, 2025, titled ""Sun Pharma introduces its global innovative drug, Ilumya® inIndia for treatment of moderate-to-severe Plaque Psoriasis"".","01-Dec-2025 09:08:07","2025-12-01 09:08:07","01-Dec-2025 09:08:08","00:00:01","https://nsearchives.nseindia.com/corporate/SUNPHARMA456_01122025090753_IntimationSE20251201_Ilumya_launch_in_India_Signed.pdf"
"SUNPHARMA","Sun Pharmaceutical Industries Limited","Press Release","Sun Pharmaceutical Industries Limited has informed the Exchange regarding a press release dated November 26, 2025","26-Nov-2025 08:54:39","2025-11-26 08:54:39","26-Nov-2025 08:54:39","00:00:00","https://nsearchives.nseindia.com/corporate/SUNSEC_26112025085357_SE_IntimationPR.pdf"
"SUNPHARMA","Sun Pharmaceutical Industries Limited","Scheme of Arrangement","Sun Pharmaceutical Industries Limited has informed the Exchange about Effective date of Composite Scheme of Arrangement","22-Nov-2025 14:11:58","2025-11-22 14:11:58","22-Nov-2025 14:11:59","00:00:01","https://nsearchives.nseindia.com/corporate/SUNSEC_22112025140941_IntimationtoSEEffectivedateScheme.pdf"
"SUNPHARMA","Sun Pharmaceutical Industries Limited","Press Release","Sun Pharmaceutical Industries Limited has informed the Exchange regarding a press release dated November 17, 2025, titled ""AstraZeneca Pharma India Limited and Sun Pharma partner to help patients living with Hyperkalaemia in India"".","17-Nov-2025 16:02:19","2025-11-17 16:02:19","17-Nov-2025 16:02:20","00:00:01","https://nsearchives.nseindia.com/corporate/SUNPHARMA456_17112025160111_IntimationSE20251117_AstraZenca_and_Sun_partner_Hyperkalenia_Signed.pdf"
"SUNPHARMA","Sun Pharmaceutical Industries Limited","Press Release","Sun Pharmaceutical Industries Limited has informed the Exchange regarding a press release","12-Nov-2025 16:04:09","2025-11-12 16:04:09","12-Nov-2025 16:04:10","00:00:01","https://nsearchives.nseindia.com/corporate/SUNSEC_12112025160353_SE_IntimationforPRs.pdf"
"SUNPHARMA","Sun Pharmaceutical Industries Limited","Press Release","Sun Pharmaceutical Industries Limited has informed the Exchange regarding a press release dated November 12, 2025, titled ""Philogen provides update on Fibromun clinical study developments"".","12-Nov-2025 09:18:52","2025-11-12 09:18:52","12-Nov-2025 09:18:53","00:00:01","https://nsearchives.nseindia.com/corporate/SUNSEC_12112025091832_SEintimationPR12112025.pdf"
"SUNPHARMA","Sun Pharmaceutical Industries Limited","Analysts/Institutional Investor Meet/Con. Call Updates","Sun Pharmaceutical Industries Limited has informed the Exchange about Transcript","11-Nov-2025 15:56:40","2025-11-11 15:56:40","11-Nov-2025 15:56:42","00:00:02","https://nsearchives.nseindia.com/corporate/SUNPHARMA456_11112025155629_IntimationSE20251111EarningsCallTranscriptQ2FY26_Signed.pdf"
"SUNPHARMA","Sun Pharmaceutical Industries Limited","Analysts/Institutional Investor Meet/Con. Call Updates","Sun Pharmaceutical Industries Limited has informed the Exchange about Schedule of meet","10-Nov-2025 16:59:26","2025-11-10 16:59:26","10-Nov-2025 16:59:27","00:00:01","https://nsearchives.nseindia.com/corporate/SUNPHARMA456_10112025165906_IntimationSE20251110_for_Analyst_and_Investor_meeting_signed.pdf"
"SUNPHARMA","Sun Pharmaceutical Industries Limited","Analysts/Institutional Investor Meet/Con. Call Updates","Sun Pharmaceutical Industries Limited has informed the Exchange about Schedule of meet","07-Nov-2025 19:42:33","2025-11-07 19:42:33","07-Nov-2025 19:42:34","00:00:01","https://nsearchives.nseindia.com/corporate/SUNPHARMA456_07112025194221_IntimationSE20251107_for_Analyst_and_Investor_meeting_Signed.pdf"
"SUNPHARMA","Sun Pharmaceutical Industries Limited","Copy of Newspaper Publication","Sun Pharmaceutical Industries Limited has informed the Exchange about Copy of Newspaper Publication","06-Nov-2025 12:01:31","2025-11-06 12:01:31","06-Nov-2025 12:01:32","00:00:01","https://nsearchives.nseindia.com/corporate/SUNSEC_06112025115905_SEIntimationfornewspaperpublicationQ2.pdf"
"SUNPHARMA","Sun Pharmaceutical Industries Limited","Analysts/Institutional Investor Meet/Con. Call Updates","Sun Pharmaceutical Industries Limited has informed the Exchange about Link of Recording","05-Nov-2025 20:32:24","2025-11-05 20:32:24","05-Nov-2025 20:32:25","00:00:01","https://nsearchives.nseindia.com/corporate/SUNPHARMA456_05112025203155_IntimationSE20251105_Q2FY26_Investor_Call_Recording_Signed.pdf"
"SUNPHARMA","Sun Pharmaceutical Industries Limited","Amendment to AOA/MOA","Sun Pharmaceutical Industries Limited has informed the Exchange regarding the Amendment to AOA/MOA of the company.","05-Nov-2025 16:22:35","2025-11-05 16:22:35","05-Nov-2025 16:22:36","00:00:01","https://nsearchives.nseindia.com/corporate/SUNSEC_05112025162205_BMOutcomesigned.pdf"
"SUNPHARMA","Sun Pharmaceutical Industries Limited","Outcome of Board Meeting","Sun Pharmaceutical Industries Limited has submitted to the Exchange, the financial results for the period ended September 30, 2025.","05-Nov-2025 16:05:32","2025-11-05 16:05:32","05-Nov-2025 16:05:33","00:00:01","https://nsearchives.nseindia.com/corporate/SUNSEC_05112025155937_BMOutcomesigned.pdf"
"SUNPHARMA","Sun Pharmaceutical Industries Limited","Copy of Newspaper Publication","Sun Pharmaceutical Industries Limited has informed the Exchange about Copy of Newspaper Publication","31-Oct-2025 18:26:11","2025-10-31 18:26:11","31-Oct-2025 18:26:12","00:00:01","https://nsearchives.nseindia.com/corporate/SUNSEC_31102025182512_SEIntimationNewspaperspecialwindow.pdf"
"SUNPHARMA","Sun Pharmaceutical Industries Limited","Analysts/Institutional Investor Meet/Con. Call Updates","Sun Pharmaceutical Industries Limited has informed the Exchange about Schedule of meet","15-Oct-2025 14:20:16","2025-10-15 14:20:16","15-Oct-2025 14:20:17","00:00:01","https://nsearchives.nseindia.com/corporate/SUNPHARMA456_15102025141959_IntimationSE20251015_Q2FY26_Earnings_Call_Signed.pdf"
"SUNPHARMA","Sun Pharmaceutical Industries Limited","Updates","Sun Pharmaceutical Industries Limited has informed the Exchange regarding 'ESG Overview  for FY2024-25'.","14-Oct-2025 16:48:23","2025-10-14 16:48:23","14-Oct-2025 16:48:24","00:00:01","https://nsearchives.nseindia.com/corporate/SUNPHARMA123_14102025164649_seintimationforesg.pdf"
"SUNPHARMA","Sun Pharmaceutical Industries Limited","Scheme of Arrangement","Sun Pharmaceutical Industries Limited has informed the Exchange about Approval of Composite Scheme of Arrangement by NCLT","08-Oct-2025 20:23:29","2025-10-08 20:23:29","08-Oct-2025 20:23:30","00:00:01","https://nsearchives.nseindia.com/corporate/SUNHARSH_08102025202235_SEIntimationforNCLTOrder.pdf"
"SUNPHARMA","Sun Pharmaceutical Industries Limited","Certificate under SEBI (Depositories and Participants) Regulations, 2018","Sun Pharmaceutical Industries Limited has informed the Exchange about Certificate under SEBI (Depositories and Participants) Regulations, 2018","07-Oct-2025 14:39:36","2025-10-07 14:39:36","07-Oct-2025 14:39:37","00:00:01","https://nsearchives.nseindia.com/corporate/SUNSEC_07102025143850_SEintimationfor74.pdf"
"SUNPHARMA","Sun Pharmaceutical Industries Limited","Copy of Newspaper Publication","Sun Pharmaceutical Industries Limited has informed the Exchange about Newspaper Publication for the 100 Days Campaign - Saksham Niveshak","24-Sep-2025 18:01:28","2025-09-24 18:01:28","24-Sep-2025 18:01:29","00:00:01","https://nsearchives.nseindia.com/corporate/SUNSEC_24092025180042_SEintimationfor100dayscampaign.pdf"
"SUNPHARMA","Sun Pharmaceutical Industries Limited","Trading Window","Sun Pharmaceutical Industries Limited has informed the Exchange regarding the Trading Window closure pursuant to SEBI (Prohibition of Insider Trading) Regulations, 2015","22-Sep-2025 16:46:54","2025-09-22 16:46:54","22-Sep-2025 16:46:55","00:00:01","https://nsearchives.nseindia.com/corporate/SUNSEC_22092025164554_SEintimationforCTW.pdf"
"SUNPHARMA","Sun Pharmaceutical Industries Limited","Analysts/Institutional Investor Meet/Con. Call Updates","Sun Pharmaceutical Industries Limited has informed the Exchange about Schedule of meet","18-Sep-2025 16:20:59","2025-09-18 16:20:59","18-Sep-2025 16:20:59","00:00:00","https://nsearchives.nseindia.com/corporate/SUNPHARMA456_18092025161950_IntimationSE20250918_for_Analyst_and_Investor_meeting_Signed.pdf"
"SUNPHARMA","Sun Pharmaceutical Industries Limited","General Updates","Sun Pharmaceutical Industries Limited has informed the Exchange about update on US FDA Inspection at Sun Pharma Halol Facility","09-Sep-2025 20:26:22","2025-09-09 20:26:22","09-Sep-2025 20:26:22","00:00:00","https://nsearchives.nseindia.com/corporate/SUNSEC_09092025202359_SEIntimationHalolUpdate.pdf"
"SUNPHARMA","Sun Pharmaceutical Industries Limited","Analysts/Institutional Investor Meet/Con. Call Updates","Sun Pharmaceutical Industries Limited has informed the Exchange about Schedule of meet","08-Sep-2025 17:21:14","2025-09-08 17:21:14","08-Sep-2025 17:21:15","00:00:01","https://nsearchives.nseindia.com/corporate/SUNPHARMA456_08092025172101_IntimationSE20250908_for_Analyst_and_Investor_meeting_Signed.pdf"
"SUNPHARMA","Sun Pharmaceutical Industries Limited","Investor Presentation","Sun Pharmaceutical Industries Limited has informed the Exchange about Investor Presentation","01-Sep-2025 17:28:33","2025-09-01 17:28:33","01-Sep-2025 17:28:34","00:00:01","https://nsearchives.nseindia.com/corporate/SUNPHARMA456_01092025172810_IntimationSE20250901_Investor_Presenatation_Sept_2025_Signed.pdf"
"SUNPHARMA","Sun Pharmaceutical Industries Limited","Analysts/Institutional Investor Meet/Con. Call Updates","Sun Pharmaceutical Industries Limited has informed the Exchange about Schedule of meet","25-Aug-2025 18:34:33","2025-08-25 18:34:33","25-Aug-2025 18:34:34","00:00:01","https://nsearchives.nseindia.com/corporate/SUNPHARMA456_25082025183418_IntimationSE20250825_for_Analyst_and_Investor_meeting_Signed.pdf"
"SUNPHARMA","Sun Pharmaceutical Industries Limited","Analysts/Institutional Investor Meet/Con. Call Updates","Sun Pharmaceutical Industries Limited has informed the Exchange about Schedule of meet","12-Aug-2025 15:10:16","2025-08-12 15:10:16","12-Aug-2025 15:10:18","00:00:02","https://nsearchives.nseindia.com/corporate/SUNPHARMA456_12082025151001_IntimationSE20250812_for_Analyst_and_Investor_meeting_Signed.pdf"
"SUNPHARMA","Sun Pharmaceutical Industries Limited","Analysts/Institutional Investor Meet/Con. Call Updates","Sun Pharmaceutical Industries Limited has informed the Exchange about Transcript","06-Aug-2025 16:51:39","2025-08-06 16:51:39","06-Aug-2025 16:51:41","00:00:02","https://nsearchives.nseindia.com/corporate/SUNPHARMA456_06082025165115_IntimationSE20250806EarningsCallTranscriptQ1FY26_Signed.pdf"
"SUNPHARMA","Sun Pharmaceutical Industries Limited","News Verification","The Exchange has sought clarification from Sun Pharmaceutical Industries Limited with respect to recent news item captioned Pharma stocks slump as Trump shoots letters to 17 global drug majors seeking lower prices.  The response from the Company is attached.","06-Aug-2025 13:37:32","2025-08-06 13:37:32","06-Aug-2025 13:37:33","00:00:01","https://nsearchives.nseindia.com/corporate/SUNSEC_06082025133654_Reply_to_NSE.pdf"
"SUNPHARMA","Sun Pharmaceutical Industries Limited","Analysts/Institutional Investor Meet/Con. Call Updates","Sun Pharmaceutical Industries Limited has informed the Exchange about Schedule of meet","05-Aug-2025 14:42:08","2025-08-05 14:42:08","05-Aug-2025 14:42:09","00:00:01","https://nsearchives.nseindia.com/corporate/SUNPHARMA456_05082025144153_IntimationSE20250805_for_Analyst_and_Investor_meeting_Signed.pdf"
"SUNPHARMA","Sun Pharmaceutical Industries Limited","Copy of Newspaper Publication","Sun Pharmaceutical Industries Limited has informed the Exchange about Newspaper Publication","01-Aug-2025 18:57:21","2025-08-01 18:57:21","01-Aug-2025 18:57:22","00:00:01","https://nsearchives.nseindia.com/corporate/SUNSEC_01082025185611_SEIntimationfornewspaperfinancial.pdf"
"SUNPHARMA","Sun Pharmaceutical Industries Limited","News Verification","The Exchange has sought clarification from Sun Pharmaceutical Industries Limited with respect to recent news item captioned Pharma stocks slump as Trump shoots letters to 17 global drug majors seeking lower prices.  The response from the Company is awaited.","01-Aug-2025 13:06:05","2025-08-01 13:06:05","01-Aug-2025 13:06:07","00:00:02","-"
"SUNPHARMA","Sun Pharmaceutical Industries Limited","Analysts/Institutional Investor Meet/Con. Call Updates","Sun Pharmaceutical Industries Limited has informed the Exchange about Link of Recording","31-Jul-2025 20:25:46","2025-07-31 20:25:46","31-Jul-2025 20:25:46","00:00:00","https://nsearchives.nseindia.com/corporate/SUNPHARMA456_31072025202450_IntimationSE20250731_Q1FY26_Investor_Call_Recording_Signed.pdf"
"SUNPHARMA","Sun Pharmaceutical Industries Limited","Shareholders meeting","Sun Pharmaceutical Industries Limited has informed the Exchange regarding the Outcome and proceedings of the 33rd Annual General Meeting","31-Jul-2025 19:09:01","2025-07-31 19:09:01","31-Jul-2025 19:09:02","00:00:01","https://nsearchives.nseindia.com/corporate/SUNSEC_31072025190540_OutcomeofAGMFinal.pdf"
"SUNPHARMA","Sun Pharmaceutical Industries Limited","Outcome of Board Meeting","Sun Pharmaceutical Industries Limited has submitted to the Exchange, the financial results for the period ended Jun 30, 2025.","31-Jul-2025 14:22:11","2025-07-31 14:22:11","31-Jul-2025 14:22:12","00:00:01","https://nsearchives.nseindia.com/corporate/SUNSEC_31072025142149_BMoutcomeFinal.pdf"
"SUNPHARMA","Sun Pharmaceutical Industries Limited","Updates","Sun Pharmaceutical Industries Limited has informed the Exchange regarding 'Execution of settlement agreement in the In re Generic Pharmaceuticals Pricing Antitrust Litigation'.","24-Jul-2025 16:48:09","2025-07-24 16:48:09","24-Jul-2025 16:48:10","00:00:01","https://nsearchives.nseindia.com/corporate/SUNSEC_24072025164659_SEIntimationsettlement.pdf"
"SUNPHARMA","Sun Pharmaceutical Industries Limited","Press Release","Sun Pharmaceutical Industries Limited has informed the Exchange regarding a press release, titled  Phase 3 Clinical Studies Evaluating Tildrakizumab 100 mg (ILUMYA) in Active Psoriatic Arthritis Meet their Primary Endpoint.","21-Jul-2025 08:26:07","2025-07-21 08:26:07","21-Jul-2025 08:26:08","00:00:01","https://nsearchives.nseindia.com/corporate/SUNSEC_21072025082457_SEIntimationforPR.pdf"
"SUNPHARMA","Sun Pharmaceutical Industries Limited","Copy of Newspaper Publication","Sun Pharmaceutical Industries Limited has informed the Exchange about Newspaper Publication for the special window only for re-lodgement of transfer deeds","19-Jul-2025 14:15:46","2025-07-19 14:15:46","19-Jul-2025 14:15:47","00:00:01","https://nsearchives.nseindia.com/corporate/SUNSEC_19072025141536_SEIntimationforSpecial_Window.pdf"
"SUNPHARMA","Sun Pharmaceutical Industries Limited","General Updates","Sun Pharmaceutical Industries Limited has informed the Exchange about Incorporation of a Subsidiary Company","17-Jul-2025 18:24:36","2025-07-17 18:24:36","17-Jul-2025 18:24:38","00:00:02","https://nsearchives.nseindia.com/corporate/SUNSEC_17072025182331_SEIntimationforincorporation.pdf"
"SUNPHARMA","Sun Pharmaceutical Industries Limited","Copy of Newspaper Publication","Sun Pharmaceutical Industries Limited has informed the Exchange about Newspaper Advertisement","15-Jul-2025 16:36:16","2025-07-15 16:36:16","15-Jul-2025 16:36:17","00:00:01","https://nsearchives.nseindia.com/corporate/SUNSEC_15072025163512_SEIntimationforIEPF.pdf"
"SUNPHARMA","Sun Pharmaceutical Industries Limited","Analysts/Institutional Investor Meet/Con. Call Updates","Sun Pharmaceutical Industries Limited has informed the Exchange about Schedule of meet","15-Jul-2025 16:22:17","2025-07-15 16:22:17","15-Jul-2025 16:22:18","00:00:01","https://nsearchives.nseindia.com/corporate/SUNPHARMA456_15072025162157_IntimationSE20250715_Q1FY26_Earnings_Call_Signed.pdf"
"SUNPHARMA","Sun Pharmaceutical Industries Limited","Investor Presentation","Sun Pharmaceutical Industries Limited has informed the Exchange about Investor Presentation","14-Jul-2025 18:46:21","2025-07-14 18:46:21","14-Jul-2025 18:46:22","00:00:01","https://nsearchives.nseindia.com/corporate/SUNPHARMA456_14072025184602_IntimationSE20250714_Investor_Presenatation_July_2025_Signed.pdf"
"SUNPHARMA","Sun Pharmaceutical Industries Limited","Certificate under SEBI (Depositories and Participants) Regulations, 2018","Sun Pharmaceutical Industries Limited has informed the Exchange about Certificate under SEBI (Depositories and Participants) Regulations, 2018","14-Jul-2025 17:59:37","2025-07-14 17:59:37","14-Jul-2025 17:59:38","00:00:01","https://nsearchives.nseindia.com/corporate/SUNSEC_14072025175900_SEintimationfor74.pdf"
"SUNPHARMA","Sun Pharmaceutical Industries Limited","General Updates","Sun Pharmaceutical Industries Limited has informed the Exchange about launch of LEQSELVI in the US","14-Jul-2025 16:47:49","2025-07-14 16:47:49","14-Jul-2025 16:47:50","00:00:01","https://nsearchives.nseindia.com/corporate/SUNSEC_14072025164719_SEIntimationforLaunch.pdf"
"SUNPHARMA","Sun Pharmaceutical Industries Limited","General Updates","Sun Pharmaceutical Industries Limited has informed the Exchange about settlement on LEQSELVI","14-Jul-2025 16:27:57","2025-07-14 16:27:57","14-Jul-2025 16:27:58","00:00:01","https://nsearchives.nseindia.com/corporate/SUNSEC_14072025162737_SEIntimationforSettlement.pdf"
"SUNPHARMA","Sun Pharmaceutical Industries Limited","Shareholders meeting","Sun Pharmaceutical Industries Limited has informed the Exchange regarding Notice of Annual General Meeting to be held on July 31, 2025","04-Jul-2025 17:57:06","2025-07-04 17:57:06","04-Jul-2025 17:57:07","00:00:01","https://nsearchives.nseindia.com/corporate/SUNSEC_04072025175613_Sunpharmaannualreport202425.pdf"
"SUNPHARMA","Sun Pharmaceutical Industries Limited","Trading Window","Sun Pharmaceutical Industries Limited has informed the Exchange regarding the Trading Window closure pursuant to SEBI (Prohibition of Insider Trading) Regulations, 2015","26-Jun-2025 18:10:42","2025-06-26 18:10:42","26-Jun-2025 18:10:42","00:00:00","https://nsearchives.nseindia.com/corporate/SUNSEC_26062025180920_SEintimationforCTW.pdf"
"SUNPHARMA","Sun Pharmaceutical Industries Limited","Disclosure under SEBI Takeover Regulations"," Dilip S. Shanghvi has Submitted to the Exchange a copy of Disclosure under Regulation 31(4) of the Securities and Exchange Board of India (Substantial Acquisition of Shares and Takeovers) Regulations, 2011.","25-Jun-2025 19:36:13","2025-06-25 19:36:13","25-Jun-2025 19:36:14","00:00:01","https://nsearchives.nseindia.com/corporate/team_bbodade_19052025184306_SUNPHARMA.pdf"
"SUNPHARMA","Sun Pharmaceutical Industries Limited","Analysts/Institutional Investor Meet/Con. Call Updates","Sun Pharmaceutical Industries Limited has informed the Exchange about Schedule of meet","25-Jun-2025 00:50:00","2025-06-25 00:50:00","25-Jun-2025 00:50:01","00:00:01","https://nsearchives.nseindia.com/corporate/SUNPHARMA456_25062025004942_IntimationSE20250625_for_Analyst_and_Investor_meeting_Signed.pdf"
"SUNPHARMA","Sun Pharmaceutical Industries Limited","Press Release","Sun Pharmaceutical Industries Limited has informed the Exchange regarding a press release dated Jun 24, 2025, titled ""Update on Marketing Authorization Application for Nidlegy  in the European Union"".","24-Jun-2025 23:50:55","2025-06-24 23:50:55","24-Jun-2025 23:50:56","00:00:01","https://nsearchives.nseindia.com/corporate/SUNPHARMA123_24062025235009_ExchangeintimationforPR.pdf"
"SUNPHARMA","Sun Pharmaceutical Industries Limited","General Updates","Sun Pharmaceutical Industries Limited has informed the Exchange about Update on US FDA Halol Inspection","14-Jun-2025 10:23:44","2025-06-14 10:23:44","14-Jun-2025 10:23:44","00:00:00","https://nsearchives.nseindia.com/corporate/SUNSEC_14062025102323_Halol.pdf"
"SUNPHARMA","Sun Pharmaceutical Industries Limited","Change in Director(s)","Sun Pharmaceutical Industries Limited has informed the Exchange regarding Change in Director(s) of the company.","13-Jun-2025 18:00:39","2025-06-13 18:00:39","13-Jun-2025 18:00:40","00:00:01","https://nsearchives.nseindia.com/corporate/SUNSEC_13062025180024_SEIntiamtionandCIB.pdf"
"SUNPHARMA","Sun Pharmaceutical Industries Limited","Press Release","Sun Pharmaceutical Industries Limited has informed the Exchange regarding a press release dated Jun 03, 2025, titled ""Sun Pharma Announces Top-Line Results from the Phase 2 Clinical Trials Evaluating SCD-044 for Moderate to Severe Psoriasis and Atopic Dermatitis"".","03-Jun-2025 17:11:17","2025-06-03 17:11:17","03-Jun-2025 17:11:17","00:00:00","https://nsearchives.nseindia.com/corporate/SUNPHARMA456_03062025171103_IntimationSE20250603_Top-line_Results_of_SCD-044_Signed.pdf"
"SUNPHARMA","Sun Pharmaceutical Industries Limited","Press Release","Sun Pharmaceutical Industries Limited has informed the Exchange regarding a press release dated May 30, 2025, titled ""Completion of Acquisition of Checkpoint Therapeutics"".","30-May-2025 19:49:12","2025-05-30 19:49:12","30-May-2025 19:49:13","00:00:01","https://nsearchives.nseindia.com/corporate/SUNSEC_30052025194835_PR_for_Closure_of_Checkpoint_Acquisition.pdf"
"SUNPHARMA","Sun Pharmaceutical Industries Limited","Analysts/Institutional Investor Meet/Con. Call Updates","Sun Pharmaceutical Industries Limited has informed the Exchange about Transcript","29-May-2025 17:24:51","2025-05-29 17:24:51","29-May-2025 17:24:53","00:00:02","https://nsearchives.nseindia.com/corporate/SUNPHARMA456_29052025172429_IntimationSE20250529EarningsCallTranscriptQ4FY25_Signed.pdf"
"SUNPHARMA","Sun Pharmaceutical Industries Limited","General Updates","Sun Pharmaceutical Industries Limited has informed the Exchange about Update on Acquisition","23-May-2025 17:23:09","2025-05-23 17:23:09","23-May-2025 17:23:10","00:00:01","https://nsearchives.nseindia.com/corporate/SUNSEC_23052025172231_SEintimationonupdateofacquisition.pdf"
"SUNPHARMA","Sun Pharmaceutical Industries Limited","Analysts/Institutional Investor Meet/Con. Call Updates","Sun Pharmaceutical Industries Limited has informed the Exchange about Link of Recording","22-May-2025 20:47:56","2025-05-22 20:47:56","22-May-2025 20:47:57","00:00:01","https://nsearchives.nseindia.com/corporate/SUNPHARMA456_22052025204743_IntimationSE20250522_Q4FY25_Investor_Call_Recording_Signed.pdf"
"SUNPHARMA","Sun Pharmaceutical Industries Limited","Record Date","Sun Pharmaceutical Industries Limited has informed the Exchange that Record date for the purpose of Dividend  is 07-Jul-2025.","22-May-2025 17:29:31","2025-05-22 17:29:31","22-May-2025 17:29:32","00:00:01","https://nsearchives.nseindia.com/corporate/SUNSEC_22052025172752_BMOutcomefinal.pdf"
"SUNPHARMA","Sun Pharmaceutical Industries Limited","Change in Auditors","Sun Pharmaceutical Industries Limited has informed the Exchange regarding Change in Auditors of the company.","22-May-2025 17:14:13","2025-05-22 17:14:13","22-May-2025 17:14:14","00:00:01","https://nsearchives.nseindia.com/corporate/SUNSEC_22052025171228_BMOutcomefinal.pdf"
"SUNPHARMA","Sun Pharmaceutical Industries Limited","Dividend","Sun Pharmaceutical Industries Limited has informed the Exchange that Board of Directors at its meeting held on 22 May 2025, recommended Final Dividend of Rs. 5.50  per equity share.","22-May-2025 17:01:04","2025-05-22 17:01:04","22-May-2025 17:01:04","00:00:00","https://nsearchives.nseindia.com/corporate/SUNSEC_22052025165854_BMOutcomefinal.pdf"
"SUNPHARMA","Sun Pharmaceutical Industries Limited","Change in Director(s)","Sun Pharmaceutical Industries Limited has informed the Exchange regarding Change in Director(s) of the company.","22-May-2025 16:55:06","2025-05-22 16:55:06","22-May-2025 16:55:07","00:00:01","https://nsearchives.nseindia.com/corporate/SUNSEC_22052025165427_BMOutcomefinal.pdf"
"SUNPHARMA","Sun Pharmaceutical Industries Limited","Outcome of Board Meeting","Sun Pharmaceutical Industries Limited has submitted to the Exchange, the financial results for the period ended March 31, 2025.","22-May-2025 16:51:07","2025-05-22 16:51:07","22-May-2025 16:51:08","00:00:01","https://nsearchives.nseindia.com/corporate/SUNSEC_22052025164647_BMOutcomefinal.pdf"
"SUNPHARMA","Sun Pharmaceutical Industries Limited","Analysts/Institutional Investor Meet/Con. Call Updates","Sun Pharmaceutical Industries Limited has informed the Exchange about Schedule of meet","20-May-2025 20:53:25","2025-05-20 20:53:25","20-May-2025 20:53:26","00:00:01","https://nsearchives.nseindia.com/corporate/SUNPHARMA456_20052025205308_IntimationSE20250520_for_Analyst_and_Investor_meeting_Signed.pdf"
"SUNPHARMA","Sun Pharmaceutical Industries Limited","Press Release","Sun Pharmaceutical Industries Limited has informed the Exchange regarding a press release dated May 16, 2025","16-May-2025 17:47:50","2025-05-16 17:47:50","16-May-2025 17:47:50","00:00:00","https://nsearchives.nseindia.com/corporate/SUNSEC_16052025174554_SEintimationforPR.pdf"
"SUNPHARMA","Sun Pharmaceutical Industries Limited","Press Release","Sun Pharmaceutical Industries Limited has informed the Exchange regarding a press release dated May 12, 2025, titled ""Sun Pharma to announce fourth quarter results on May 22, 2025"".","12-May-2025 19:18:26","2025-05-12 19:18:26","12-May-2025 19:18:26","00:00:00","https://nsearchives.nseindia.com/corporate/SUNPHARMA456_12052025191810_IntimationSE20250512_Q4FY25_Financial_Results_Announcement_Signed.pdf"
"SUNPHARMA","Sun Pharmaceutical Industries Limited","Press Release","Sun Pharmaceutical Industries Limited has informed the Exchange regarding a press release dated May 08, 2025, titled ""Sun Pharma Launches Corporate Brand Campaign in India"".","08-May-2025 12:38:24","2025-05-08 12:38:24","08-May-2025 12:38:25","00:00:01","https://nsearchives.nseindia.com/corporate/SUNPHARMA456_08052025123749_IntimationSE20250508_Corporate_brand_campaign_in_India_signed.pdf"
"SUNPHARMA","Sun Pharmaceutical Industries Limited","Change in Management","Sun Pharmaceutical Industries Limited has informed the Exchange about change in Key Managerial Personnel - Chief Financial Officer","06-May-2025 19:13:21","2025-05-06 19:13:21","06-May-2025 19:13:22","00:00:01","https://nsearchives.nseindia.com/corporate/SUNSEC_06052025191105_SEIntimationforchangeinKMP.pdf"
"SUNPHARMA","Sun Pharmaceutical Industries Limited","Press Release","Sun Pharmaceutical Industries Limited has informed the Exchange regarding a press release dated April 24, 2025","24-Apr-2025 08:30:51","2025-04-24 08:30:51","24-Apr-2025 08:30:51","00:00:00","https://nsearchives.nseindia.com/corporate/SUNSEC_24042025082850_SEIntimationforPRMoebius.pdf"
"SUNPHARMA","Sun Pharmaceutical Industries Limited","Certificate under SEBI (Depositories and Participants) Regulations, 2018","Sun Pharmaceutical Industries Limited has informed the Exchange about Certificate under SEBI (Depositories and Participants) Regulations, 2018","14-Apr-2025 18:48:26","2025-04-14 18:48:26","14-Apr-2025 18:48:27","00:00:01","https://nsearchives.nseindia.com/corporate/SUNSEC_14042025184524_SEintimationRTAcertificate.pdf"
"SUNPHARMA","Sun Pharmaceutical Industries Limited","General Updates","Sun Pharmaceutical Industries Limited has informed the Exchange about Order Vacating Preliminary Injunction on LEQSELVI","10-Apr-2025 09:58:56","2025-04-10 09:58:56","10-Apr-2025 09:58:56","00:00:00","https://nsearchives.nseindia.com/corporate/SUNSEC_10042025095622_SEIntimationforLEQSELVI.pdf"
"SUNPHARMA","Sun Pharmaceutical Industries Limited","Disclosure under SEBI Takeover Regulations","Dilip S. Shanghvi has Submitted to the Exchange a copy of Disclosure under Regulation 31(4) and 31 (5) of the Securities and Exchange Board of India (Substantial Acquisition of Shares and Takeovers) Regulations, 2011.","08-Apr-2025 19:46:13","2025-04-08 19:46:13","08-Apr-2025 19:46:14","00:00:01","https://nsearchives.nseindia.com/corporate/team_sandeshc_03042025163138_Annual4.pdf"
"SUNPHARMA","Sun Pharmaceutical Industries Limited","Press Release","Sun Pharmaceutical Industries Limited has informed the Exchange regarding a press release dated April 07, 2025, titled ""Sun Pharma introduces a novel class of drug, Fexuclue?(Fexuprazan) in India for treatment of Erosive Esophagitis "".","07-Apr-2025 08:35:01","2025-04-07 08:35:01","07-Apr-2025 08:35:02","00:00:01","https://nsearchives.nseindia.com/corporate/SUNPHARMA456_07042025083338_IntimationSE20250407_Sunpharma_introduces_Fexuclue_in_India_Signed.pdf"
"SUNPHARMA","Sun Pharmaceutical Industries Limited","Retirement","Sun Pharmaceutical Industries Limited has informed the Exchange about the Change in the Board of Directors and the Audit Committee","31-Mar-2025 19:22:27","2025-03-31 19:22:27","31-Mar-2025 19:22:28","00:00:01","https://nsearchives.nseindia.com/corporate/SUNSEC_31032025192120_SEIntimationforboard.pdf"
"SUNPHARMA","Sun Pharmaceutical Industries Limited","General Updates","Sun Pharmaceutical Industries Limited has informed the Exchange about Updates on our Investee Company","26-Mar-2025 16:25:43","2025-03-26 16:25:43","26-Mar-2025 16:25:44","00:00:01","https://nsearchives.nseindia.com/corporate/SUNSEC_26032025162102_SEIntimation_-_Lyndra_Update.pdf"
"SUNPHARMA","Sun Pharmaceutical Industries Limited","Trading Window","Sun Pharmaceutical Industries Limited has informed the Exchange regarding the Trading Window closure pursuant to SEBI (Prohibition of Insider Trading) Regulations, 2015","25-Mar-2025 17:59:25","2025-03-25 17:59:25","25-Mar-2025 17:59:26","00:00:01","https://nsearchives.nseindia.com/corporate/SUNSEC_25032025175827_SEintimationforCTW.pdf"
"SUNPHARMA","Sun Pharmaceutical Industries Limited","General Updates","Sun Pharmaceutical Industries Limited has informed the Exchange about update on acquisition","18-Mar-2025 12:32:19","2025-03-18 12:32:19","18-Mar-2025 12:32:20","00:00:01","https://nsearchives.nseindia.com/corporate/SUNSEC_18032025122833_SEIntimationAntibe18032025.pdf"
"SUNPHARMA","Sun Pharmaceutical Industries Limited","General Updates","Sun Pharmaceutical Industries Limited has informed the Exchange about additional information for the acquisition of Checkpoint Therapeutics","10-Mar-2025 18:12:03","2025-03-10 18:12:03","10-Mar-2025 18:12:04","00:00:01","https://nsearchives.nseindia.com/corporate/SUNSEC_10032025181047_SEIntimationadditionaldisclosures.pdf"
"SUNPHARMA","Sun Pharmaceutical Industries Limited","General Updates","Sun Pharmaceutical Industries Limited has informed the Exchange about Acquisition of Checkpoint Therapeutics","10-Mar-2025 07:01:17","2025-03-10 07:01:17","10-Mar-2025 07:01:18","00:00:01","https://nsearchives.nseindia.com/corporate/SUNSEC_10032025070100_SEIntimationAcquisitionCheckpointFinal.pdf"
"SUNPHARMA","Sun Pharmaceutical Industries Limited","Investor Presentation","Sun Pharmaceutical Industries Limited has informed the Exchange about Investor Presentation","04-Mar-2025 16:56:27","2025-03-04 16:56:27","04-Mar-2025 16:56:28","00:00:01","https://nsearchives.nseindia.com/corporate/SUNPHARMA456_04032025165528_IntimationSE20250304_Investor_Presenatation_Feb_2025_Signed.pdf"
"SUNPHARMA","Sun Pharmaceutical Industries Limited","Shareholders meeting","Sun Pharmaceutical Industries Limited has informed the Exchange regarding Notice of Postal Ballot/E-voting","20-Feb-2025 16:57:51","2025-02-20 16:57:51","20-Feb-2025 16:57:52","00:00:01","https://nsearchives.nseindia.com/corporate/SUNSEC_20022025165703_SEintimationforpostalballot20022025.pdf"
"SUNPHARMA","Sun Pharmaceutical Industries Limited","Press Release","Sun Pharmaceutical Industries Limited has informed the Exchange regarding a press release dated February 17, 2025, titled ""Sun Pharma Amongst Top 5% Of Global Pharmaceutical Companies In S&P Global Sustainability Yearbook 2025"".","17-Feb-2025 14:08:55","2025-02-17 14:08:55","17-Feb-2025 14:08:56","00:00:01","https://nsearchives.nseindia.com/corporate/SUNPHARMA456_17022025140823_IntimationSE20250217_SunPhrma_included_2025_Sustainability_Signed.pdf"
"SUNPHARMA","Sun Pharmaceutical Industries Limited","Analysts/Institutional Investor Meet/Con. Call Updates","Sun Pharmaceutical Industries Limited has informed the Exchange about Schedule of meet","07-Feb-2025 16:07:44","2025-02-07 16:07:44","07-Feb-2025 16:07:45","00:00:01","https://nsearchives.nseindia.com/corporate/SUNPHARMA456_07022025160653_IntimationSE20250207_for_Analyst_and_Investor_meeting_Signed.pdf"
"SUNPHARMA","Sun Pharmaceutical Industries Limited","Analysts/Institutional Investor Meet/Con. Call Updates","Sun Pharmaceutical Industries Limited has informed the Exchange about Transcript","06-Feb-2025 15:17:10","2025-02-06 15:17:10","06-Feb-2025 15:17:11","00:00:01","https://nsearchives.nseindia.com/corporate/SUNPHARMA456_06022025151621_IntimationSE20250206EarningsCallTranscriptQ3FY25_Signed.pdf"
"SUNPHARMA","Sun Pharmaceutical Industries Limited","Action(s) taken or orders passed","Sun Pharmaceutical Industries Limited has informed the Exchange about Action(s) taken or orders passed","04-Feb-2025 19:28:29","2025-02-04 19:28:29","04-Feb-2025 19:28:30","00:00:01","https://nsearchives.nseindia.com/corporate/SUNSEC_04022025192612_SEIntimationforRegulatoryorder.pdf"
"SUNPHARMA","Sun Pharmaceutical Industries Limited","Analysts/Institutional Investor Meet/Con. Call Updates","Sun Pharmaceutical Industries Limited has informed the Exchange about Schedule of meet","04-Feb-2025 17:56:05","2025-02-04 17:56:05","04-Feb-2025 17:56:06","00:00:01","https://nsearchives.nseindia.com/corporate/SUNPHARMA456_04022025175103_IntimationSE20250204_for_Analyst_and_Investor_meeting1_Signed.pdf"
"SUNPHARMA","Sun Pharmaceutical Industries Limited","Press Release","Sun Pharmaceutical Industries Limited has informed the Exchange regarding a press release dated February 04, 2025, titled ""Intimation under Regulation 30 of SEBI (Listing Obligations and Disclosure Requirements) Regulations, 2015   Press Release"".","04-Feb-2025 16:17:40","2025-02-04 16:17:40","04-Feb-2025 16:17:41","00:00:01","https://nsearchives.nseindia.com/corporate/SUNSEC_04022025161728_SEIntimationforPR.pdf"
"SUNPHARMA","Sun Pharmaceutical Industries Limited","Analysts/Institutional Investor Meet/Con. Call Updates","Sun Pharmaceutical Industries Limited has informed the Exchange about Schedule of meet","04-Feb-2025 12:58:38","2025-02-04 12:58:38","04-Feb-2025 12:58:39","00:00:01","https://nsearchives.nseindia.com/corporate/SUNPHARMA456_04022025125653_IntimationSE20250204_for_Analyst_and_Investor_meeting_Signed.pdf"
"SUNPHARMA","Sun Pharmaceutical Industries Limited","Updates","Sun Pharmaceutical Industries Limited has informed the Exchange regarding 'Sustainability Report for the financial year 2023-24'.","03-Feb-2025 19:27:19","2025-02-03 19:27:19","03-Feb-2025 19:27:20","00:00:01","https://nsearchives.nseindia.com/corporate/SUNSEC_03022025192548_SEIntimationforSR.pdf"
"SUNPHARMA","Sun Pharmaceutical Industries Limited","Updates","Sun Pharmaceutical Industries Limited has informed the Exchange regarding 'Intimation under Regulation 30 of SEBI (Listing Obligations and Disclosure Requirements) Regulations, 2015   Appointment of Chief Operating Officer'.","03-Feb-2025 16:24:37","2025-02-03 16:24:37","03-Feb-2025 16:24:38","00:00:01","https://nsearchives.nseindia.com/corporate/SUNSEC_03022025162324_SEIntimationCOO.pdf"
"SUNPHARMA","Sun Pharmaceutical Industries Limited","Analysts/Institutional Investor Meet/Con. Call Updates","Sun Pharmaceutical Industries Limited has informed the Exchange about Link of Recording","31-Jan-2025 20:32:43","2025-01-31 20:32:43","31-Jan-2025 20:32:44","00:00:01","https://nsearchives.nseindia.com/corporate/SUNPHARMA456_31012025203137_IntimationSE20250131_Q3FY25_Investor_Call_Recording_Signed.pdf"
"SUNPHARMA","Sun Pharmaceutical Industries Limited","Integrated Filing- Financial","Integrated filing (Financial) for the quarter and year ended December 31, 2024","31-Jan-2025 20:20:07","2025-01-31 20:20:07","31-Jan-2025 20:20:08","00:00:01","https://nsearchives.nseindia.com/corporate/SUNSEC_31012025201903_SEintimationforIntegratedfinancial.pdf"
"SUNPHARMA","Sun Pharmaceutical Industries Limited","Dividend","Sun Pharmaceutical Industries Limited has informed the Exchange that Board of Directors at its meeting held on January 31, 2025, declared Interim Dividend of Rs. 10.50 per equity share.","31-Jan-2025 15:16:44","2025-01-31 15:16:44","31-Jan-2025 15:16:45","00:00:01","https://nsearchives.nseindia.com/corporate/SUNSEC_31012025151547_Outcome.pdf"
"SUNPHARMA","Sun Pharmaceutical Industries Limited","Financial Result Updates"," Sun Pharmaceutical Industries Limited has submitted to the Exchange, the financial results for the period ended December 31, 2024.","31-Jan-2025 15:11:53","2025-01-31 15:11:53","31-Jan-2025 15:11:53","00:00:00","https://nsearchives.nseindia.com/corporate/Outcome_31012025151153.pdf"
"SUNPHARMA","Sun Pharmaceutical Industries Limited","Shareholders meeting","Sun Pharmaceutical Industries Limited has informed the Exchange about Shareholders meeting","21-Jan-2025 20:01:41","2025-01-21 20:01:41","21-Jan-2025 20:01:42","00:00:01","https://nsearchives.nseindia.com/corporate/SUNSEC_21012025195810_OutcomeofNCLTMeeting.pdf"
"SUNPHARMA","Sun Pharmaceutical Industries Limited","Analysts/Institutional Investor Meet/Con. Call Updates","Sun Pharmaceutical Industries Limited has informed the Exchange about Schedule of meet","17-Jan-2025 12:12:21","2025-01-17 12:12:21","17-Jan-2025 12:12:21","00:00:00","https://nsearchives.nseindia.com/corporate/SUNPHARMA456_17012025121131_IntimationSE_20250117_Q3FY25_Result_Announcement_Signed.pdf"
"SUNPHARMA","Sun Pharmaceutical Industries Limited","Record Date","Intimation under Regulation 42 of SEBI (Listing Obligations and Disclosure Requirements) Regulations, 2015   Revision in Record Date","16-Jan-2025 18:42:56","2025-01-16 18:42:56","16-Jan-2025 18:42:57","00:00:01","https://nsearchives.nseindia.com/corporate/SUNSEC_16012025183949_SEIntimation.pdf"
"SUNPHARMA","Sun Pharmaceutical Industries Limited","Record Date","Sun Pharmaceutical Industries Limited has informed the Exchange that Record date for the purpose of Interim Dividend, if declared, is 31-Jan-2025.","16-Jan-2025 13:08:24","2025-01-16 13:08:24","16-Jan-2025 13:08:25","00:00:01","https://nsearchives.nseindia.com/corporate/SUNSEC_16012025125905_SEintimationforBMQ3.pdf"
"SUNPHARMA","Sun Pharmaceutical Industries Limited","General Updates","Sun Pharmaceutical Industries Limited has informed the Exchange about Intimation under Regulation 30 of SEBI (Listing Obligations and Disclosure Requirements) Regulations, 2015   Acquisition","16-Jan-2025 12:05:13","2025-01-16 12:05:13","16-Jan-2025 12:05:14","00:00:01","https://nsearchives.nseindia.com/corporate/SUNSEC_16012025120326_SEIntimationAntibe.pdf"
"SUNPHARMA","Sun Pharmaceutical Industries Limited","Certificate under SEBI (Depositories and Participants) Regulations, 2018","Sun Pharmaceutical Industries Limited has informed the Exchange about Certificate under SEBI (Depositories and Participants) Regulations, 2018","13-Jan-2025 14:57:40","2025-01-13 14:57:40","13-Jan-2025 14:57:40","00:00:00","https://nsearchives.nseindia.com/corporate/SUNSEC_13012025145713_SEintimationfor74_5_.pdf"
"SUNPHARMA","Sun Pharmaceutical Industries Limited","General Updates","Sun Pharmaceutical Industries Limited has informed the Exchange about Intimation under Regulation 30 of SEBI (Listing Obligations and Disclosure Requirements) Regulations, 2015   Sale of Subsidiary","31-Dec-2024 17:30:17","2024-12-31 17:30:17","31-Dec-2024 17:30:18","00:00:01","https://nsearchives.nseindia.com/corporate/SUNSEC_31122024172853_SEIntimationforsaleordisposalofsubsidiary.pdf"
"SUNPHARMA","Sun Pharmaceutical Industries Limited","Trading Window","Sun Pharmaceutical Industries Limited has informed the Exchange regarding the Trading Window closure pursuant to SEBI (Prohibition of Insider Trading) Regulations, 2015","26-Dec-2024 18:31:38","2024-12-26 18:31:38","26-Dec-2024 18:31:39","00:00:01","https://nsearchives.nseindia.com/corporate/SUNSEC_26122024183022_SEintimationforCTW.pdf"
"SUNPHARMA","Sun Pharmaceutical Industries Limited","Copy of Newspaper Publication","Sun Pharmaceutical Industries Limited has informed the Exchange about Copy of Newspaper Publication","17-Dec-2024 16:05:25","2024-12-17 16:05:25","17-Dec-2024 16:05:26","00:00:01","https://nsearchives.nseindia.com/corporate/SUNPHARMA_17122024160525_SEintimationSigned.pdf"
"SUNPHARMA","Sun Pharmaceutical Industries Limited","Shareholders meeting","Sun Pharmaceutical Industries Limited has informed the Exchange regarding Notice of Court Covened General Meeting to be held on January 21, 2025","16-Dec-2024 14:50:29","2024-12-16 14:50:29","16-Dec-2024 14:50:30","00:00:01","https://nsearchives.nseindia.com/corporate/SUNPHARMA_16122024145029_SEintimationsigned.pdf"
"SUNPHARMA","Sun Pharmaceutical Industries Limited","General Updates","Sun Pharmaceutical Industries Limited has informed the Exchange about Intimation under Regulation 30 of SEBI (Listing Obligations and Disclosure Requirements) Regulations, 2015   Regulatory Order","13-Dec-2024 19:56:22","2024-12-13 19:56:22","13-Dec-2024 19:56:22","00:00:00","https://nsearchives.nseindia.com/corporate/SUNPHARMA_13122024195622_SEIntimationforRegulatoryorder13122024.pdf"
"SUNPHARMA","Sun Pharmaceutical Industries Limited","General Updates","Sun Pharmaceutical Industries Limited has informed the Exchange about - Intimation under Regulation 30 of SEBI (Listing Obligations and Disclosure Requirements)Regulations, 2015   Regulatory Order","12-Dec-2024 17:42:53","2024-12-12 17:42:53","12-Dec-2024 17:42:54","00:00:01","https://nsearchives.nseindia.com/corporate/SUNPHARMA_12122024174253_SEIntimationforRegulatoryorder12122024.pdf"
"SUNPHARMA","Sun Pharmaceutical Industries Limited","General Updates","Sun Pharmaceutical Industries Limited has informed the Exchange about Intimation under Regulation 30 of SEBI (Listing Obligations and Disclosure Requirements) Regulations, 2015   Update on Regulatory Order","11-Dec-2024 18:52:10","2024-12-11 18:52:10","11-Dec-2024 18:52:11","00:00:01","https://nsearchives.nseindia.com/corporate/SUNPHARMA_11122024185210_SEintimation.pdf"
"SUNPHARMA","Sun Pharmaceutical Industries Limited","Copy of Newspaper Publication","Sun Pharmaceutical Industries Limited has informed the Exchange about Copy of Newspaper Publication","10-Dec-2024 13:17:23","2024-12-10 13:17:23","10-Dec-2024 13:17:25","00:00:02","https://nsearchives.nseindia.com/corporate/SUNPHARMA_10122024131723_SEintimation10122024.pdf"
"SUNPHARMA","Sun Pharmaceutical Industries Limited","Shareholders meeting","Sun Pharmaceutical Industries Limited has informed the Exchange about Shareholders meeting","10-Dec-2024 13:17:23","2024-12-10 13:17:23","10-Dec-2024 13:17:24","00:00:01","https://nsearchives.nseindia.com/corporate/SUNPHARMA_10122024131723_SEintimation10122024.pdf"
"SUNPHARMA","Sun Pharmaceutical Industries Limited","Issue of Duplicate Share Certificate","Sun Pharmaceutical Industries Limited has informed the Exchange about Issue of Duplicate Share Certificate","06-Dec-2024 18:47:25","2024-12-06 18:47:25","06-Dec-2024 18:47:26","00:00:01","https://nsearchives.nseindia.com/corporate/SUNPHARMA_06122024184726_SEintimation.pdf"
"SUNPHARMA","Sun Pharmaceutical Industries Limited","Loss of Share Certificates","Sun Pharmaceutical Industries Limited has informed the Exchange about Loss of Share Certificates","28-Nov-2024 21:14:58","2024-11-28 21:14:58","28-Nov-2024 21:14:59","00:00:01","https://nsearchives.nseindia.com/corporate/SUNPHARMA_28112024211459_SEintimationforloss.pdf"
"SUNPHARMA","Sun Pharmaceutical Industries Limited","Investor Presentation","Sun Pharmaceutical Industries Limited has informed the Exchange about Investor Presentation","28-Nov-2024 18:02:43","2024-11-28 18:02:43","28-Nov-2024 18:02:44","00:00:01","https://nsearchives.nseindia.com/corporate/SUNPHARMA_28112024180243_IntimationSE20241128_Investor_Presenatation_Nov_2024_Signed.pdf"
"SUNPHARMA","Sun Pharmaceutical Industries Limited","Action(s) taken or orders passed","Sun Pharmaceutical Industries Limited has informed the Exchange about Action(s) taken or orders passed","28-Nov-2024 12:23:32","2024-11-28 12:23:32","28-Nov-2024 12:23:33","00:00:01","https://nsearchives.nseindia.com/corporate/SUNPHARMA_28112024122332_SEIntimationforRDorderscompunding.pdf"
"SUNPHARMA","Sun Pharmaceutical Industries Limited","Analysts/Institutional Investor Meet/Con. Call Updates","Sun Pharmaceutical Industries Limited has informed the Exchange about Schedule of meet","27-Nov-2024 17:38:41","2024-11-27 17:38:41","27-Nov-2024 17:38:42","00:00:01","https://nsearchives.nseindia.com/corporate/SUNPHARMA_27112024173841_IntimationSE20241203_for_Analyst_and_Investor_meeting_Signed.pdf"
"SUNPHARMA","Sun Pharmaceutical Industries Limited","Action(s) taken or orders passed","Sun Pharmaceutical Industries Limited has informed the Exchange about Action(s) taken or orders passed","26-Nov-2024 20:15:44","2024-11-26 20:15:44","26-Nov-2024 20:15:45","00:00:01","https://nsearchives.nseindia.com/corporate/SUNPHARMA_26112024201544_SEIntimationforRegulatoryorder.pdf"
"SUNPHARMA","Sun Pharmaceutical Industries Limited","Loss of Share Certificates","Sun Pharmaceutical Industries Limited has informed the Exchange about Loss of Share Certificates","11-Nov-2024 19:45:45","2024-11-11 19:45:45","11-Nov-2024 19:45:45","00:00:00","https://nsearchives.nseindia.com/corporate/SUNPHARMA_11112024194545_SEintimationforlossofcertificate.pdf"
"SUNPHARMA","Sun Pharmaceutical Industries Limited","Analysts/Institutional Investor Meet/Con. Call Updates","Sun Pharmaceutical Industries Limited has informed the Exchange about Schedule of meet","11-Nov-2024 17:46:33","2024-11-11 17:46:33","11-Nov-2024 17:46:34","00:00:01","https://nsearchives.nseindia.com/corporate/SUNPHARMA_11112024174633_IntimationSE20241111_for_Analyst_and_Investor_meeting_Signed.pdf"
"SUNPHARMA","Sun Pharmaceutical Industries Limited","Analysts/Institutional Investor Meet/Con. Call Updates","Sun Pharmaceutical Industries Limited has informed the Exchange about Schedule of meet","07-Nov-2024 20:45:55","2024-11-07 20:45:55","07-Nov-2024 20:45:55","00:00:00","https://nsearchives.nseindia.com/corporate/SUNPHARMA_07112024204555_IntimationSE20241107_for_Analyst_and_Investor_meeting.pdf"
"SUNPHARMA","Sun Pharmaceutical Industries Limited","Action(s) taken or orders passed","Sun Pharmaceutical Industries Limited has informed the Exchange about Action(s) taken or orders passed","06-Nov-2024 15:41:46","2024-11-06 15:41:46","06-Nov-2024 15:41:47","00:00:01","https://nsearchives.nseindia.com/corporate/SUNPHARMA_06112024154146_SEIntimationforRDAdjudicationOrders06112024.pdf"
"SUNPHARMA","Sun Pharmaceutical Industries Limited","Action(s) taken or orders passed","Sun Pharmaceutical Industries Limited has informed the Exchange about Action(s) taken or orders passed","05-Nov-2024 18:33:06","2024-11-05 18:33:06","05-Nov-2024 18:33:07","00:00:01","https://nsearchives.nseindia.com/corporate/SUNPHARMA_05112024183306_SEIntimationforRegulatoryorder.pdf"
"SUNPHARMA","Sun Pharmaceutical Industries Limited","General Updates","Sun Pharmaceutical Industries Limited has informed the Exchange about Q2 FY25 Earnings Call Transcript","04-Nov-2024 18:03:18","2024-11-04 18:03:18","04-Nov-2024 18:03:19","00:00:01","https://nsearchives.nseindia.com/corporate/SUNPHARMA_04112024180318_IntimationSE20241104EarningsCallTranscriptQ2FY25.pdf"
"SUNPHARMA","Sun Pharmaceutical Industries Limited","Updates","Sun Pharmaceutical Industries Limited has informed the Exchange regarding Intimation under Regulation 30 of SEBI (Listing Obligations and Disclosure Requirements) Regulations, 2015   Preliminary injunction granted in a US Court''.","02-Nov-2024 17:23:55","2024-11-02 17:23:55","02-Nov-2024 17:23:55","00:00:00","https://nsearchives.nseindia.com/corporate/SUNPHARMA_02112024172355_NSE.pdf"
"SUNPHARMA","Sun Pharmaceutical Industries Limited","Issue of Duplicate Share Certificate","Sun Pharmaceutical Industries Limited has informed the Exchange about Issue of Duplicate Share Certificate","29-Oct-2024 16:40:46","2024-10-29 16:40:46","29-Oct-2024 16:40:46","00:00:00","https://nsearchives.nseindia.com/corporate/SUNPHARMA_29102024164046_SEintimation.pdf"
"SUNPHARMA","Sun Pharmaceutical Industries Limited","Analysts/Institutional Investor Meet/Con. Call Updates","Sun Pharmaceutical Industries Limited has informed the Exchange about Link of Recording","28-Oct-2024 20:49:05","2024-10-28 20:49:05","28-Oct-2024 20:49:05","00:00:00","https://nsearchives.nseindia.com/corporate/SUNPHARMA_28102024204905_IntimationSE20241028_Q2FY25_Investor_Call_Recording_Signed.pdf"
"SUNPHARMA","Sun Pharmaceutical Industries Limited","Financial Result Updates"," Sun Pharmaceutical Industries Limited has submitted to the Exchange, the financial results for the period ended September 30, 2024.","28-Oct-2024 14:37:52","2024-10-28 14:37:52","28-Oct-2024 14:37:52","00:00:00","https://nsearchives.nseindia.com/corporate/BMOutcomeSD_28102024143752.pdf"
"SUNPHARMA","Sun Pharmaceutical Industries Limited","Press Release","Sun Pharmaceutical Industries Limited has informed the Exchange regarding a press release dated October 25, 2024, titled ""Studies Show Sun Pharma s WINLEVI? (clascoterone) Cream 1% Reduces Sebum Levels and is Suitable for Combination With Other Commonly Used Topical Acne Medications"".","25-Oct-2024 18:32:30","2024-10-25 18:32:30","25-Oct-2024 18:32:31","00:00:01","https://nsearchives.nseindia.com/corporate/SUNPHARMA_25102024183230_IntimationSE20241025_Winlevi_at_Fall_Derma_Conf_2024_Signed.pdf"
"SUNPHARMA","Sun Pharmaceutical Industries Limited","Press Release","Sun Pharmaceutical Industries Limited has informed the Exchange regarding a press release dated October 25, 2024, titled ""Sun Pharma Presents LEQSELVITM (deuruxolitinib) Data Highlighting Clinical Efficacy & Durability for Treatment of Alopecia Areata at the 2024 Fall Clinical Dermatology Conference"".","25-Oct-2024 18:21:43","2024-10-25 18:21:43","25-Oct-2024 18:21:44","00:00:01","https://nsearchives.nseindia.com/corporate/SUNPHARMA_25102024182143_IntimationSE20241025_Leqselvi_at_Fall_Conf_2024_Signed.pdf"
"SUNPHARMA","Sun Pharmaceutical Industries Limited","Issue of Duplicate Share Certificate","Sun Pharmaceutical Industries Limited has informed the Exchange about Issue of Duplicate Share Certificate","18-Oct-2024 13:20:23","2024-10-18 13:20:23","18-Oct-2024 13:20:24","00:00:01","https://nsearchives.nseindia.com/corporate/SUNPHARMA_18102024132023_SEintimation.pdf"
"SUNPHARMA","Sun Pharmaceutical Industries Limited","Press Release","Sun Pharmaceutical Industries Limited has informed the Exchange regarding a press release dated October 15, 2024, titled ""Sun Pharma to announce second quarter results on October 28, 2024"".","15-Oct-2024 16:58:37","2024-10-15 16:58:37","15-Oct-2024 16:58:37","00:00:00","https://nsearchives.nseindia.com/corporate/SUNPHARMA_15102024165837_IntimationSE_20241015_Q2FY25_Result_Announcement_Signed.pdf"
"SUNPHARMA","Sun Pharmaceutical Industries Limited","Issue of Duplicate Share Certificate","Sun Pharmaceutical Industries Limited has informed the Exchange about Issue of Duplicate Share Certificate","11-Oct-2024 13:17:29","2024-10-11 13:17:29","11-Oct-2024 13:17:30","00:00:01","https://nsearchives.nseindia.com/corporate/SUNPHARMA_11102024131729_SEintimation.pdf"
"SUNPHARMA","Sun Pharmaceutical Industries Limited","Action(s) taken or orders passed","Sun Pharmaceutical Industries Limited has informed the Exchange about Action(s) taken or orders passed","11-Oct-2024 12:13:23","2024-10-11 12:13:23","11-Oct-2024 12:13:23","00:00:00","https://nsearchives.nseindia.com/corporate/SUNPHARMA_11102024121323_SEIntimationforRDFinalorder11102024.pdf"
"SUNPHARMA","Sun Pharmaceutical Industries Limited","Certificate under SEBI (Depositories and Participants) Regulations, 2018","Sun Pharmaceutical Industries Limited has informed the Exchange about Certificate under SEBI (Depositories and Participants) Regulations, 2018","10-Oct-2024 18:55:43","2024-10-10 18:55:43","10-Oct-2024 18:55:43","00:00:00","https://nsearchives.nseindia.com/corporate/SUNPHARMA_10102024185543_SEintimationfor74.pdf"
"SUNPHARMA","Sun Pharmaceutical Industries Limited","Loss of Share Certificates","Sun Pharmaceutical Industries Limited has informed the Exchange about Loss of Share Certificates","10-Oct-2024 13:27:45","2024-10-10 13:27:45","10-Oct-2024 13:27:46","00:00:01","https://nsearchives.nseindia.com/corporate/SUNPHARMA_10102024132745_SEintimationforlossofcertificate.pdf"
"SUNPHARMA","Sun Pharmaceutical Industries Limited","Loss of Share Certificates","Sun Pharmaceutical Industries Limited has informed the Exchange about Loss of Share Certificates","09-Oct-2024 17:42:45","2024-10-09 17:42:45","09-Oct-2024 17:42:46","00:00:01","https://nsearchives.nseindia.com/corporate/SUNPHARMA_09102024174245_SEintimationforlossofcertificate.pdf"
"SUNPHARMA","Sun Pharmaceutical Industries Limited","Loss of Share Certificates","Sun Pharmaceutical Industries Limited has informed the Exchange about Loss of Share Certificates","08-Oct-2024 13:29:59","2024-10-08 13:29:59","08-Oct-2024 13:30:00","00:00:01","https://nsearchives.nseindia.com/corporate/SUNPHARMA_08102024132959_SEintimationforlossofcertificate.pdf"
"SUNPHARMA","Sun Pharmaceutical Industries Limited","Action(s) taken or orders passed","Sun Pharmaceutical Industries Limited has informed the Exchange about Action(s) taken or orders passed","07-Oct-2024 19:48:05","2024-10-07 19:48:05","07-Oct-2024 19:48:06","00:00:01","https://nsearchives.nseindia.com/corporate/SUNPHARMA_07102024194805_SEIntimationforRegulatoryorder.pdf"
"SUNPHARMA","Sun Pharmaceutical Industries Limited","Press Release","Sun Pharmaceutical Industries Limited has informed the Exchange regarding a press release dated October 01, 2024, titled ""Press Release   Sun Pharma and Philogen enter into a global Exclusive Commercialization, License, and Supply Agreement for Commercializing the specialty product FIBROMUN"".","01-Oct-2024 09:49:04","2024-10-01 09:49:04","01-Oct-2024 09:49:05","00:00:01","https://nsearchives.nseindia.com/corporate/SUNPHARMA_01102024094904_SEIntimationletterPR.pdf"
"SUNPHARMA","Sun Pharmaceutical Industries Limited","Investor Presentation","Sun Pharmaceutical Industries Limited has informed the Exchange about Investor Presentation","30-Sep-2024 17:21:48","2024-09-30 17:21:48","30-Sep-2024 17:21:49","00:00:01","https://nsearchives.nseindia.com/corporate/SUNPHARMA_30092024172149_IntimationSE20240930_Investor_Presenatation_Sept_2024_Signed.pdf"
"SUNPHARMA","Sun Pharmaceutical Industries Limited","Press Release","Sun Pharma Presents New Clinical Efficacy and Safety Data in Severe Dermatological Conditions at the 2024 European Academy of Dermatology and Venereology (EADV) Congress","26-Sep-2024 17:42:09","2024-09-26 17:42:09","26-Sep-2024 17:42:10","00:00:01","https://nsearchives.nseindia.com/corporate/SUNPHARMA_26092024174209_20240926IntimationSE_Data_present_at_2024_EADV_Congress_Signed.pdf"
"SUNPHARMA","Sun Pharmaceutical Industries Limited","Loss of Share Certificates","Sun Pharmaceutical Industries Limited has informed the Exchange about Loss of Share Certificates","25-Sep-2024 18:27:14","2024-09-25 18:27:14","25-Sep-2024 18:27:15","00:00:01","https://nsearchives.nseindia.com/corporate/SUNPHARMA_25092024182714_SEintimationforlossofcertificate.pdf"
"SUNPHARMA","Sun Pharmaceutical Industries Limited","Trading Window","Sun Pharmaceutical Industries Limited has informed the Exchange regarding the Trading Window closure pursuant to SEBI (Prohibition of Insider Trading) Regulations, 2015","24-Sep-2024 18:43:15","2024-09-24 18:43:15","24-Sep-2024 18:43:16","00:00:01","https://nsearchives.nseindia.com/corporate/SUNPHARMA_24092024184315_SEintimationforCTW.pdf"
"SUNPHARMA","Sun Pharmaceutical Industries Limited","Loss of Share Certificates","Sun Pharmaceutical Industries Limited has informed the Exchange about Issuance of Duplicate Share Certificates.","20-Sep-2024 18:39:35","2024-09-20 18:39:35","20-Sep-2024 18:39:36","00:00:01","https://nsearchives.nseindia.com/corporate/SUNPHARMA_20092024183936_SEintimationforLOC.pdf"
"SUNPHARMA","Sun Pharmaceutical Industries Limited","Loss of Share Certificates","Sun Pharmaceutical Industries Limited has informed the Exchange about Loss of Share Certificates","18-Sep-2024 19:42:41","2024-09-18 19:42:41","18-Sep-2024 19:42:42","00:00:01","https://nsearchives.nseindia.com/corporate/SUNPHARMA_18092024194242_SEintimationforlossofcertificate.pdf"
"SUNPHARMA","Sun Pharmaceutical Industries Limited","Updates","Sun Pharmaceutical Industries Limited has informed the Exchange regarding 'Intimation under Regulation 30 of SEBI (Listing Obligations and Disclosure Requirements) Regulations, 2015   Regulatory Order'.","17-Sep-2024 18:23:09","2024-09-17 18:23:09","17-Sep-2024 18:23:10","00:00:01","https://nsearchives.nseindia.com/corporate/SUNPHARMA_17092024182309_SEIntimationforRegulatoryorder.pdf"
"SUNPHARMA","Sun Pharmaceutical Industries Limited","Analysts/Institutional Investor Meet/Con. Call Updates","Sun Pharmaceutical Industries Limited has informed the Exchange about Schedule of meet","16-Sep-2024 18:42:46","2024-09-16 18:42:46","16-Sep-2024 18:42:47","00:00:01","https://nsearchives.nseindia.com/corporate/SUNPHARMA_16092024184247_IntimationSE20240916_for_Analyst_and_Investor_meeting_Signed.pdf"
"SUNPHARMA","Sun Pharmaceutical Industries Limited","Loss of Share Certificates","Sun Pharmaceutical Industries Limited has informed the Exchange about issuance of Letter of Confirmation","13-Sep-2024 19:06:43","2024-09-13 19:06:43","13-Sep-2024 19:06:44","00:00:01","https://nsearchives.nseindia.com/corporate/SUNPHARMA_13092024190643_SEintimation.pdf"
"SUNPHARMA","Sun Pharmaceutical Industries Limited","Updates","Sun Pharmaceutical Industries Limited has informed the Exchange regarding 'Intimation under Regulation 30 of SEBI (Listing Obligations and Disclosure Requirements) Regulations, 2015   Regulatory Order'.","10-Sep-2024 18:15:25","2024-09-10 18:15:25","10-Sep-2024 18:15:26","00:00:01","https://nsearchives.nseindia.com/corporate/SUNPHARMA_10092024181525_SEIntimationfororder.pdf"
"SUNPHARMA","Sun Pharmaceutical Industries Limited","Press Release","Sun Pharmaceutical Industries Limited has informed the Exchange regarding a press release dated September 06, 2024","06-Sep-2024 12:12:21","2024-09-06 12:12:21","06-Sep-2024 12:12:22","00:00:01","https://nsearchives.nseindia.com/corporate/SUNPHARMA_06092024121221_SEIntimationforFTD.pdf"
"SUNPHARMA","Sun Pharmaceutical Industries Limited","Updates","Sun Pharmaceutical Industries Limited has informed the Exchange regarding 'Intimation under Regulation 30 of SEBI (Listing Obligations and Disclosure Requirements) Regulations, 2015   Regulatory Order'.","03-Sep-2024 17:41:34","2024-09-03 17:41:34","03-Sep-2024 17:41:34","00:00:00","https://nsearchives.nseindia.com/corporate/SUNPHARMA_03092024174134_SEIntimationforregulatoryorder.pdf"
"SUNPHARMA","Sun Pharmaceutical Industries Limited","Updates","Sun Pharmaceutical Industries Limited has informed the Exchange regarding 'Intimation under Regulation 30 of SEBI (Listing Obligations and Disclosure Requirements)Regulations, 2015   Regulatory Order'.","02-Sep-2024 19:16:05","2024-09-02 19:16:05","02-Sep-2024 19:16:05","00:00:00","https://nsearchives.nseindia.com/corporate/SUNPHARMA_02092024191605_SEIntimationforregulatoryorder.pdf"
"SUNPHARMA","Sun Pharmaceutical Industries Limited","Updates","Sun Pharmaceutical Industries Limited has informed the Exchange regarding 'Intimation under Regulation 30    Regulatory Order'.","31-Aug-2024 19:46:03","2024-08-31 19:46:03","31-Aug-2024 19:46:03","00:00:00","https://nsearchives.nseindia.com/corporate/SUNPHARMA_31082024194603_SEIntimationforregulatoryorder.pdf"
"SUNPHARMA","Sun Pharmaceutical Industries Limited","Updates","Sun Pharmaceutical Industries Limited has informed the Exchange regarding 'Intimation under Regulation 30 -Regulatory Order'.","31-Aug-2024 15:03:46","2024-08-31 15:03:46","31-Aug-2024 15:03:47","00:00:01","https://nsearchives.nseindia.com/corporate/SUNPHARMA_31082024150346_SEIntimationforRDorders.pdf"
"SUNPHARMA","Sun Pharmaceutical Industries Limited","Updates","Sun Pharmaceutical Industries Limited has informed the Exchange regarding 'Intimation under Regulation 30 of SEBI (Listing Obligations and Disclosure Requirements) Regulations, 2015   Regulatory Order'.","30-Aug-2024 18:38:52","2024-08-30 18:38:52","30-Aug-2024 18:38:53","00:00:01","https://nsearchives.nseindia.com/corporate/SUNPHARMA_30082024183852_SEIntimationforregulatoryorders.pdf"
"SUNPHARMA","Sun Pharmaceutical Industries Limited","Updates","Sun Pharmaceutical Industries Limited has informed the Exchange regarding 'Intimation under Regulation 30 of SEBI (Listing Obligations and Disclosure Requirements) Regulations, 2015   Regulatory Order'.","29-Aug-2024 20:37:49","2024-08-29 20:37:49","29-Aug-2024 20:37:50","00:00:01","https://nsearchives.nseindia.com/corporate/SUNPHARMA_29082024203749_SEIntimationforregulatoryorder.pdf"
"SUNPHARMA","Sun Pharmaceutical Industries Limited","Updates","Sun Pharmaceutical Industries Limited has informed the Exchange regarding 'Intimation under Regulation 30 of SEBI (Listing Obligations and Disclosure Requirements)Regulations, 2015   Regulatory Order'.","29-Aug-2024 19:01:08","2024-08-29 19:01:08","29-Aug-2024 19:01:09","00:00:01","https://nsearchives.nseindia.com/corporate/SUNPHARMA_29082024190108_SEIntimationforregulatoryorder.pdf"
"SUNPHARMA","Sun Pharmaceutical Industries Limited","Loss of Share Certificates","Sun Pharmaceutical Industries Limited has informed the Exchange about Loss of Share Certificates","29-Aug-2024 16:28:18","2024-08-29 16:28:18","29-Aug-2024 16:28:19","00:00:01","https://nsearchives.nseindia.com/corporate/SUNPHARMA_29082024162818_SEintimationforlossofcertificate.pdf"
"SUNPHARMA","Sun Pharmaceutical Industries Limited","Updates","Sun Pharmaceutical Industries Limited has informed the Exchange regarding 'Intimation under Regulation 30 of SEBI (Listing Obligations and Disclosure Requirements) Regulations, 2015   Regulatory Order'.","28-Aug-2024 18:16:08","2024-08-28 18:16:08","28-Aug-2024 18:16:10","00:00:02","https://nsearchives.nseindia.com/corporate/SUNPHARMA_28082024181608_SEIntimationforregulatoryorder.pdf"
"SUNPHARMA","Sun Pharmaceutical Industries Limited","Analysts/Institutional Investor Meet/Con. Call Updates","Sun Pharmaceutical Industries Limited has informed the Exchange about Schedule of meet","28-Aug-2024 18:12:57","2024-08-28 18:12:57","28-Aug-2024 18:12:58","00:00:01","https://nsearchives.nseindia.com/corporate/SUNPHARMA_28082024181257_IntimationSE20240828_for_Analyst_and_Investor_meeting_Signed.pdf"
"SUNPHARMA","Sun Pharmaceutical Industries Limited","Updates","Sun Pharmaceutical Industries Limited has informed the Exchange regarding 'Submission of ESG Overview for financial year 2023-24'.","27-Aug-2024 17:56:17","2024-08-27 17:56:17","27-Aug-2024 17:56:18","00:00:01","https://nsearchives.nseindia.com/corporate/SUNPHARMA_27082024175618_SEIntimationforESGOverview.pdf"
"SUNPHARMA","Sun Pharmaceutical Industries Limited","Updates","Sun Pharmaceutical Industries Limited has informed the Exchange regarding 'Intimation under Regulation 30 of SEBI (Listing Obligations and Disclosure Requirements) Regulations, 2015   Regulatory Order'.","26-Aug-2024 19:45:48","2024-08-26 19:45:48","26-Aug-2024 19:45:48","00:00:00","https://nsearchives.nseindia.com/corporate/SUNPHARMA_26082024194548_SEIntimationforregulatoryorder.pdf"
"SUNPHARMA","Sun Pharmaceutical Industries Limited","Updates","Sun Pharmaceutical Industries Limited has informed the Exchange regarding 'Intimation under Regulation 30 of SEBI (Listing Obligations and Disclosure Requirements) Regulations, 2015   Regulatory Order'.","23-Aug-2024 19:41:32","2024-08-23 19:41:32","23-Aug-2024 19:41:32","00:00:00","https://nsearchives.nseindia.com/corporate/SUNPHARMA_23082024194132_SEIntimationforregulatoryorder.pdf"
"SUNPHARMA","Sun Pharmaceutical Industries Limited","Press Release","Sun Pharmaceutical Industries Limited has informed the Exchange regarding a press release dated August 23, 2024, titled ""Sun Pharma introduces a novel treatment, STARIZO (Tedizolid Phosphate) in India for acute bacterial skin and skin structure infections"".","23-Aug-2024 14:12:36","2024-08-23 14:12:36","23-Aug-2024 14:12:37","00:00:01","https://nsearchives.nseindia.com/corporate/SUNPHARMA_23082024141236_IntimationSE20240823_Tedizolid_Phosphate_launch_in_India_Signed.pdf"
"SUNPHARMA","Sun Pharmaceutical Industries Limited","Loss of Share Certificates","Sun Pharmaceutical Industries Limited has informed the Exchange regarding issuance of duplicate Share Certificates","21-Aug-2024 18:53:17","2024-08-21 18:53:17","21-Aug-2024 18:53:18","00:00:01","https://nsearchives.nseindia.com/corporate/SUNPHARMA_21082024185317_SEintimationforLOC.pdf"
"SUNPHARMA","Sun Pharmaceutical Industries Limited","Loss of Share Certificates","Sun Pharmaceutical Industries Limited has informed the Exchange about Loss of Share Certificates","16-Aug-2024 12:21:07","2024-08-16 12:21:07","16-Aug-2024 12:21:07","00:00:00","https://nsearchives.nseindia.com/corporate/SUNPHARMA_16082024122107_SEintimationforlossofcertificate.pdf"
"SUNPHARMA","Sun Pharmaceutical Industries Limited","Loss of Share Certificates","Sun Pharmaceutical Industries Limited has informed the Exchange about Loss of Share Certificates","14-Aug-2024 20:03:28","2024-08-14 20:03:28","14-Aug-2024 20:03:29","00:00:01","https://nsearchives.nseindia.com/corporate/SUNPHARMA_14082024200329_SEintimationforlossofcertificate.pdf"
"SUNPHARMA","Sun Pharmaceutical Industries Limited","Acquisition","Sun Pharmaceutical Industries Limited has informed the Exchange about Acquisition","14-Aug-2024 13:43:02","2024-08-14 13:43:02","14-Aug-2024 13:43:02","00:00:00","https://nsearchives.nseindia.com/corporate/SUNPHARMA_14082024134302_SEIntimationforacquisitionPharmazz.pdf"
"SUNPHARMA","Sun Pharmaceutical Industries Limited","Analysts/Institutional Investor Meet/Con. Call Updates","Sun Pharmaceutical Industries Limited has informed the Exchange about Schedule of meet","13-Aug-2024 15:37:15","2024-08-13 15:37:15","13-Aug-2024 15:37:15","00:00:00","https://nsearchives.nseindia.com/corporate/SUNPHARMA_13082024153715_IntimationSE20240813_for_Analyst_and_Investor_meeting_Signed.pdf"
"SUNPHARMA","Sun Pharmaceutical Industries Limited","Loss of Share Certificates","Sun Pharmaceutical Industries Limited has informed the Exchange about Loss of Share Certificates","08-Aug-2024 18:04:28","2024-08-08 18:04:28","08-Aug-2024 18:04:29","00:00:01","https://nsearchives.nseindia.com/corporate/SUNPHARMA_08082024180428_SEintimationforlossofcertificate.pdf"
"SUNPHARMA","Sun Pharmaceutical Industries Limited","Analysts/Institutional Investor Meet/Con. Call Updates","Sun Pharmaceutical Industries Limited has informed the Exchange about Transcript","07-Aug-2024 19:01:47","2024-08-07 19:01:47","07-Aug-2024 19:01:48","00:00:01","https://nsearchives.nseindia.com/corporate/SUNPHARMA_07082024190147_IntimationSE20240807EarningsCallTranscriptQ1FY25_Signed.pdf"
"SUNPHARMA","Sun Pharmaceutical Industries Limited","Analysts/Institutional Investor Meet/Con. Call Updates","Sun Pharmaceutical Industries Limited has informed the Exchange about Schedule of meet","07-Aug-2024 16:20:52","2024-08-07 16:20:52","07-Aug-2024 16:20:53","00:00:01","https://nsearchives.nseindia.com/corporate/SUNPHARMA_07082024162052_IntimationSE20240807_for_Analyst_and_Investor_meeting_Signed.pdf"
"SUNPHARMA","Sun Pharmaceutical Industries Limited","Shareholders meeting","Sun Pharmaceutical Industries Limited has submitted the Scrutinizer s Consolidated Report and Voting Results for 32nd Annual General Meeting ( AGM )","06-Aug-2024 20:04:57","2024-08-06 20:04:57","06-Aug-2024 20:04:58","00:00:01","https://nsearchives.nseindia.com/corporate/SUNPHARMA_06082024200457_SEIntimationforVotingresults.pdf"
"SUNPHARMA","Sun Pharmaceutical Industries Limited","Shareholders meeting","Sun Pharmaceutical Industries Limited has informed the Exchange regarding Proceedings of  Annual General Meeting held on August 05, 2024 along with Chairman's Speech.","05-Aug-2024 19:58:42","2024-08-05 19:58:42","05-Aug-2024 19:58:43","00:00:01","https://nsearchives.nseindia.com/corporate/SUNPHARMA_05082024195843_OutcomeofAGM05082024.pdf"
"SUNPHARMA","Sun Pharmaceutical Industries Limited","Loss of Share Certificates","Sun Pharmaceutical Industries Limited has informed the Exchange about Loss of Share Certificates","02-Aug-2024 18:36:01","2024-08-02 18:36:01","02-Aug-2024 18:36:01","00:00:00","https://nsearchives.nseindia.com/corporate/SUNPHARMA_02082024183601_seintimation.pdf"
"SUNPHARMA","Sun Pharmaceutical Industries Limited","Analysts/Institutional Investor Meet/Con. Call Updates","Sun Pharmaceutical Industries Limited has informed the Exchange about Link of Recording","01-Aug-2024 20:23:29","2024-08-01 20:23:29","01-Aug-2024 20:23:29","00:00:00","https://nsearchives.nseindia.com/corporate/SUNPHARMA_01082024202329_IntimationSE20240801_Q1FY25_Investor_Call_Recording_Signed.pdf"
"SUNPHARMA","Sun Pharmaceutical Industries Limited","Financial Result Updates"," Sun Pharmaceutical Industries Limited has submitted to the Exchange, the financial results for the period ended June 30, 2024.","01-Aug-2024 14:12:02","2024-08-01 14:12:02","01-Aug-2024 14:12:02","00:00:00","https://nsearchives.nseindia.com/corporate/BMOutcome_01082024141202.pdf"
"SUNPHARMA","Sun Pharmaceutical Industries Limited","Press Release","Sun Pharmaceutical Industries Limited has informed the Exchange regarding a press release dated July 26, 2024, titled ""Intimation under Regulation 30 of SEBI (Listing Obligations and Disclosure Requirements) Regulations, 2015   U.S. FDA Approves LEQSELVI  (deuruxolitinib)"".","26-Jul-2024 05:10:56","2024-07-26 05:10:56","26-Jul-2024 05:10:57","00:00:01","https://nsearchives.nseindia.com/corporate/SUNPHARMA_26072024051056_SEintimationforLEQSELVI.pdf"
"SUNPHARMA","Sun Pharmaceutical Industries Limited","Updates","Sun Pharmaceutical Industries Limited has informed the Exchange regarding Intimation under Regulation 30 of SEBI (Listing Obligations and Disclosure Requirements) Regulations, 2015   Additional Information on Dadra facility receives Warning Letter from USFDA.","24-Jul-2024 20:22:27","2024-07-24 20:22:27","24-Jul-2024 20:22:28","00:00:01","https://nsearchives.nseindia.com/corporate/SUNPHARMA_24072024202227_SEIntimationforwarningletter.pdf"
"SUNPHARMA","Sun Pharmaceutical Industries Limited","Loss of Share Certificates","Sun Pharmaceutical Industries Limited has informed the Exchange about Loss of Share Certificates","23-Jul-2024 15:50:33","2024-07-23 15:50:33","23-Jul-2024 15:50:33","00:00:00","https://nsearchives.nseindia.com/corporate/SUNPHARMA_23072024155033_seintimationsigned.pdf"
"SUNPHARMA","Sun Pharmaceutical Industries Limited","Loss of Share Certificates","Sun Pharmaceutical Industries Limited has informed the Exchange about Loss of Share Certificates","19-Jul-2024 18:53:19","2024-07-19 18:53:19","19-Jul-2024 18:53:20","00:00:01","https://nsearchives.nseindia.com/corporate/SUNPHARMA_19072024185319_SEintimationforlossofcertificate.pdf"
"SUNPHARMA","Sun Pharmaceutical Industries Limited","Loss of Share Certificates","Sun Pharmaceutical Industries Limited has informed the Exchange regarding issuance of letter of confirmation.","19-Jul-2024 18:41:47","2024-07-19 18:41:47","19-Jul-2024 18:41:47","00:00:00","https://nsearchives.nseindia.com/corporate/SUNPHARMA_19072024184147_Seintimationsigned.pdf"
"SUNPHARMA","Sun Pharmaceutical Industries Limited","Press Release","Sun Pharmaceutical Industries Limited has informed the Exchange regarding a press release dated July 16, 2024, titled ""Sun Pharma to announce first quarter results on August 01, 2024"".","16-Jul-2024 16:08:57","2024-07-16 16:08:57","16-Jul-2024 16:08:58","00:00:01","https://nsearchives.nseindia.com/corporate/SUNPHARMA_16072024160857_IntimationSE20240716_Q1FY25_Results_Announcement_Signed.pdf"
"SUNPHARMA","Sun Pharmaceutical Industries Limited","Loss of Share Certificates","Sun Pharmaceutical Industries Limited has informed the Exchange about Loss of Share Certificates","15-Jul-2024 19:55:56","2024-07-15 19:55:56","15-Jul-2024 19:55:57","00:00:01","https://nsearchives.nseindia.com/corporate/SUNPHARMA_15072024195556_Seintimationforlosssigned.pdf"
"SUNPHARMA","Sun Pharmaceutical Industries Limited","Copy of Newspaper Publication","Sun Pharmaceutical Industries Limited has informed the Exchange about Copy of Newspaper Publication","13-Jul-2024 12:45:59","2024-07-13 12:45:59","13-Jul-2024 12:46:00","00:00:01","https://nsearchives.nseindia.com/corporate/SUNPHARMA_13072024124600_SEintimationfornewspaperadvertisement.pdf"
"SUNPHARMA","Sun Pharmaceutical Industries Limited","Updates","Sun Pharmaceutical Industries Limited has informed the Exchange regarding Intimation under Regulation 30 of SEBI (Listing Obligations and Disclosure Requirements)Regulations, 2015   Regulatory Order.","12-Jul-2024 19:40:15","2024-07-12 19:40:15","12-Jul-2024 19:40:15","00:00:00","https://nsearchives.nseindia.com/corporate/SUNPHARMA_12072024194015_SEIntimationforregulatoryorder.pdf"
"SUNPHARMA","Sun Pharmaceutical Industries Limited","Loss of Share Certificates","Sun Pharmaceutical Industries Limited has informed the Exchange about Issuance of Letter of Confirmation.","12-Jul-2024 17:16:58","2024-07-12 17:16:58","12-Jul-2024 17:16:59","00:00:01","https://nsearchives.nseindia.com/corporate/SUNPHARMA_12072024171658_SeintimationsforLOC.pdf"
"SUNPHARMA","Sun Pharmaceutical Industries Limited","Updates","Sun Pharmaceutical Industries Limited has informed the Exchange regarding 'Intimation under Regulation 30 of SEBI (Listing Obligations and Disclosure Requirements)Regulations, 2015   Regulatory Order'.","11-Jul-2024 19:14:07","2024-07-11 19:14:07","11-Jul-2024 19:14:07","00:00:00","https://nsearchives.nseindia.com/corporate/SUNPHARMA_11072024191407_SEIntimationforregulatoryorder.pdf"
"SUNPHARMA","Sun Pharmaceutical Industries Limited","Investor Presentation","Sun Pharmaceutical Industries Limited has informed the Exchange about Investor Presentation","10-Jul-2024 16:37:19","2024-07-10 16:37:19","10-Jul-2024 16:37:20","00:00:01","https://nsearchives.nseindia.com/corporate/SUNPHARMA_10072024163719_IntimationSE20240710_Investor_Presenatation_July_2024Signed.pdf"
"SUNPHARMA","Sun Pharmaceutical Industries Limited","Certificate under SEBI (Depositories and Participants) Regulations, 2018","Sun Pharmaceutical Industries Limited has informed the Exchange about Certificate under SEBI (Depositories and Participants) Regulations, 2018","09-Jul-2024 16:58:11","2024-07-09 16:58:11","09-Jul-2024 16:58:12","00:00:01","https://nsearchives.nseindia.com/corporate/SUNPHARMA_09072024165811_SEintimationfor74.pdf"
"SUNPHARMA","Sun Pharmaceutical Industries Limited","Copy of Newspaper Publication","Sun Pharmaceutical Industries Limited has informed the Exchange about Copy of Newspaper Publication","09-Jul-2024 15:51:47","2024-07-09 15:51:47","09-Jul-2024 15:51:48","00:00:01","https://nsearchives.nseindia.com/corporate/SUNPHARMA_09072024155147_Seintimationforpostdispatchnewspaper.pdf"
"SUNPHARMA","Sun Pharmaceutical Industries Limited","Shareholders meeting","Sun Pharmaceutical Industries Limited has informed the Exchange regarding Notice of 32nd Annual General Meeting to be held on August 05, 2024","08-Jul-2024 15:42:07","2024-07-08 15:42:07","08-Jul-2024 15:42:09","00:00:02","https://nsearchives.nseindia.com/corporate/SUNPHARMA_08072024154207_SEintimationforAnnualReport.pdf"
"SUNPHARMA","Sun Pharmaceutical Industries Limited","Press Release","Sun Pharmaceutical Industries Limited has informed the Exchange regarding a press release dated July 04, 2024, titled ""Validation of Nidlegy  Marketing Authorization Application Submission by EMA"".","04-Jul-2024 12:34:46","2024-07-04 12:34:46","04-Jul-2024 12:34:46","00:00:00","https://nsearchives.nseindia.com/corporate/SUNPHARMA_04072024123446_IntimationSE20240704_Nidlegy_MAA_Validation_by_EMA_Signed.pdf"
"SUNPHARMA","Sun Pharmaceutical Industries Limited","Updates","Sun Pharmaceutical Industries Limited has informed the Exchange regarding 'Intimation under Regulation 30 of SEBI (Listing Obligations and Disclosure Requirements) Regulations, 2015   Regulatory Order'.","02-Jul-2024 20:04:12","2024-07-02 20:04:12","02-Jul-2024 20:04:12","00:00:00","https://nsearchives.nseindia.com/corporate/SUNPHARMA_02072024200412_SEIntimationforregulatoryorder.pdf"
"SUNPHARMA","Sun Pharmaceutical Industries Limited","Loss of Share Certificates","Sun Pharmaceutical Industries Limited has informed the Exchange about about issuance of Duplicate Share Certificate.","02-Jul-2024 17:50:10","2024-07-02 17:50:10","02-Jul-2024 17:50:10","00:00:00","https://nsearchives.nseindia.com/corporate/SUNPHARMA_02072024175010_SEIntimationforLOC.pdf"
"SUNPHARMA","Sun Pharmaceutical Industries Limited","Updates","Sun Pharmaceutical Industries Limited has informed the Exchange regarding 'Intimation under Regulation 30 of SEBI (Listing Obligations and Disclosure Requirements)Regulations, 2015   Regulatory Order'.","27-Jun-2024 17:05:11","2024-06-27 17:05:11","27-Jun-2024 17:05:12","00:00:01","https://nsearchives.nseindia.com/corporate/SUNPHARMA_27062024170511_SEIntimationforregulatoryorder.pdf"
"SUNPHARMA","Sun Pharmaceutical Industries Limited","Copy of Newspaper Publication","Sun Pharmaceutical Industries Limited has informed the Exchange about Copy of Newspaper Publication","26-Jun-2024 18:50:35","2024-06-26 18:50:35","26-Jun-2024 18:50:36","00:00:01","https://nsearchives.nseindia.com/corporate/SUNPHARMA_26062024185035_SEintimationfornewspaperadvertisement.pdf"
"SUNPHARMA","Sun Pharmaceutical Industries Limited","Trading Window","Sun Pharmaceutical Industries Limited has informed the Exchange regarding the Trading Window closure pursuant to SEBI (Prohibition of Insider Trading) Regulations, 2015","25-Jun-2024 18:04:42","2024-06-25 18:04:42","25-Jun-2024 18:04:43","00:00:01","https://nsearchives.nseindia.com/corporate/SUNPHARMA_25062024180442_SEintimationforCTW.pdf"
"SUNPHARMA","Sun Pharmaceutical Industries Limited","Press Release","Sun Pharmaceutical Industries Limited has informed the Exchange regarding a press release dated Jun 24, 2024   Completion of Acquisition of all Outstanding Shares of Taro"".","24-Jun-2024 15:39:11","2024-06-24 15:39:11","24-Jun-2024 15:39:11","00:00:00","https://nsearchives.nseindia.com/corporate/SUNPHARMA_24062024153911_SEIntimationforacquisitionLibraClosing.pdf"
"SUNPHARMA","Sun Pharmaceutical Industries Limited","Press Release","Sun Pharmaceutical Industries Limited has informed the Exchange regarding a press release dated Jun 22, 2024, titled ""Sun Pharma s GL0034 (Utreglutide) Demonstrates Significant Weight Loss, Gluco-metabolic and Lipid Lowering Efficacy in Individuals with Obesity in Oral Presentation at the American Diabetes Association 84th Scientific Sessions"".","22-Jun-2024 15:34:25","2024-06-22 15:34:25","22-Jun-2024 15:34:26","00:00:01","https://nsearchives.nseindia.com/corporate/SUNPHARMA_22062024153425_IntimationSE20240622_GL0034_Phase1_result_at_84th_ADA_Signed.pdf"
"SUNPHARMA","Sun Pharmaceutical Industries Limited","Press Release","Sun Pharmaceutical Industries Limited has informed the Exchange regarding a press release dated Jun 21, 2024, titled ""Sun Pharma signs non-exclusive patent licensing agreement with Takeda for introducing Novel Gastrointestinal Drug, Voltapraz (Vonoprazan) in India"".","21-Jun-2024 09:01:21","2024-06-21 09:01:21","21-Jun-2024 09:01:22","00:00:01","https://nsearchives.nseindia.com/corporate/SUNPHARMA_21062024090121_IntimationSE20240621_patent_agreemnt_with_Takeda_Voltapraz_Signed.pdf"
"SUNPHARMA","Sun Pharmaceutical Industries Limited","Updates","Sun Pharmaceutical Industries Limited has informed the Exchange regarding Intimation under Regulation 30 of SEBI (Listing Obligations and DisclosureRequirements) Regulations, 2015  Dadra facility receives Warning Letter from US FDA.","19-Jun-2024 20:51:00","2024-06-19 20:51:00","19-Jun-2024 20:51:01","00:00:01","https://nsearchives.nseindia.com/corporate/SUNPHARMA_19062024205100_SEIntimationDadraWL.pdf"
"SUNPHARMA","Sun Pharmaceutical Industries Limited","Record Date","Sun Pharmaceutical Industries Limited has informed the Exchange that Record date for the purpose of Final Dividend for FY 2023-24 is 12-Jul-2024.","19-Jun-2024 18:43:28","2024-06-19 18:43:28","19-Jun-2024 18:43:29","00:00:01","https://nsearchives.nseindia.com/corporate/SUNPHARMA_19062024184328_SEIntimationforAGMandRecorddate.pdf"
"SUNPHARMA","Sun Pharmaceutical Industries Limited","Updates","Sun Pharmaceutical Industries Limited has informed the Exchange regarding Intimation of 32nd Annual General Meeting and Connected Matters.","19-Jun-2024 18:30:02","2024-06-19 18:30:02","19-Jun-2024 18:30:02","00:00:00","https://nsearchives.nseindia.com/corporate/SUNPHARMA_19062024183002_SEIntimationforAGMandRecorddate.pdf"
"SUNPHARMA","Sun Pharmaceutical Industries Limited","Loss of Share Certificates","Sun Pharmaceutical Industries Limited has informed the Exchange regarding issuance of letter of confirmation in lieu of Share Certificates","18-Jun-2024 17:57:41","2024-06-18 17:57:41","18-Jun-2024 17:57:41","00:00:00","https://nsearchives.nseindia.com/corporate/SUNPHARMA_18062024175741_SEIntimationforLOC.pdf"
"SUNPHARMA","Sun Pharmaceutical Industries Limited","Press Release","Sun Pharmaceutical Industries Limited has informed the Exchange regarding a press release dated Jun 14, 2024, titled ""Press Release Oral Presentation at EULAR 2024 of Data from Global Phase 2b Clinical Trial Demonstrates Durability of Pain Relief After a Single Injection of MM-II in Patients with Painful Knee Osteoarthritis (OA)"".","14-Jun-2024 15:28:26","2024-06-14 15:28:26","14-Jun-2024 15:28:27","00:00:01","https://nsearchives.nseindia.com/corporate/SUNPHARMA_14062024152826_IntimationSE20240614_data_of_MMII_presented_at_EULAR2024_Signed.pdf"
"SUNPHARMA","Sun Pharmaceutical Industries Limited","Loss of Share Certificates","Sun Pharmaceutical Industries Limited has informed the Exchange about Loss of Share Certificates","13-Jun-2024 19:26:57","2024-06-13 19:26:57","13-Jun-2024 19:26:58","00:00:01","https://nsearchives.nseindia.com/corporate/SUNPHARMA_13062024192657_SEintimation_signed.pdf"
"SUNPHARMA","Sun Pharmaceutical Industries Limited","Updates","Sun Pharmaceutical Industries Limited has informed the Exchange regarding  Regulatory Order.","11-Jun-2024 19:01:37","2024-06-11 19:01:37","11-Jun-2024 19:01:38","00:00:01","https://nsearchives.nseindia.com/corporate/SUNPHARMA_11062024190137_SEIntimationforregulatoryorder.pdf"
"SUNPHARMA","Sun Pharmaceutical Industries Limited","Analysts/Institutional Investor Meet/Con. Call Updates","Sun Pharmaceutical Industries Limited has informed the Exchange about Schedule of meet","11-Jun-2024 11:07:27","2024-06-11 11:07:27","11-Jun-2024 11:07:27","00:00:00","https://nsearchives.nseindia.com/corporate/SUNPHARMA_11062024110727_IntimationSE20240611_for_Analyst_and_Investor_meeting_Signed.pdf"
"SUNPHARMA","Sun Pharmaceutical Industries Limited","Loss of Share Certificates","Sun Pharmaceutical Industries Limited has informed the Exchange about Loss of Share Certificates","09-Jun-2024 16:43:08","2024-06-09 16:43:08","09-Jun-2024 16:43:08","00:00:00","https://nsearchives.nseindia.com/corporate/SUNPHARMA_09062024164308_SEintimationforloss.pdf"
"SUNPHARMA","Sun Pharmaceutical Industries Limited","Acquisition","Sun Pharmaceutical Industries Limited has informed the Exchange about Acquisition","06-Jun-2024 22:36:34","2024-06-06 22:36:34","06-Jun-2024 22:36:35","00:00:01","https://nsearchives.nseindia.com/corporate/SUNPHARMA_06062024223634_HaystackSEIntimationforacquisition06062024.pdf"
"SUNPHARMA","Sun Pharmaceutical Industries Limited","Updates","Sun Pharmaceutical Industries Limited has informed the Exchange regarding 'Intimation under Regulation 30 of SEBI (Listing Obligations and Disclosure Requirements) Regulations, 2015   Regulatory Order'.","04-Jun-2024 22:33:46","2024-06-04 22:33:46","04-Jun-2024 22:33:47","00:00:01","https://nsearchives.nseindia.com/corporate/SUNPHARMA_04062024223346_SEIntimationforregulatoryorder.pdf"
"SUNPHARMA","Sun Pharmaceutical Industries Limited","Press Release","Sun Pharmaceutical Industries Limited has informed the Exchange regarding a press release dated Jun 04, 2024, titled ""Nidlegy  Marketing Authorization Application Submitted to EMA"".","04-Jun-2024 11:36:45","2024-06-04 11:36:45","04-Jun-2024 11:36:46","00:00:01","https://nsearchives.nseindia.com/corporate/SUNPHARMA_04062024113645_IntimationSE20240604_Nidlegy_MAA_Submited_to_EMA_Signed.pdf"
"SUNPHARMA","Sun Pharmaceutical Industries Limited","Press Release","Sun Pharmaceutical Industries Limited has informed the Exchange regarding a press release dated May 31, 2024, titled ""Results of the Phase III PIVOTAL trial of Nidlegy in melanoma to be presented at ASCO 2024"".","31-May-2024 18:15:10","2024-05-31 18:15:10","31-May-2024 18:15:11","00:00:01","https://nsearchives.nseindia.com/corporate/SUNPHARMA_31052024181510_IntimationSE20240531_Result_of_Phase_Pivotal_trial_of_Nidlegy_Signed.pdf"
"SUNPHARMA","Sun Pharmaceutical Industries Limited","Acquisition","Sun Pharmaceutical Industries Limited has informed the Exchange about Acquisition","30-May-2024 19:16:35","2024-05-30 19:16:35","30-May-2024 19:16:36","00:00:01","https://nsearchives.nseindia.com/corporate/SUNPHARMA_30052024191635_SEIntimationforacquisition30052024.pdf"
"SUNPHARMA","Sun Pharmaceutical Industries Limited","Analysts/Institutional Investor Meet/Con. Call Updates","Sun Pharmaceutical Industries Limited has informed the Exchange about Schedule of meet","29-May-2024 16:17:08","2024-05-29 16:17:08","29-May-2024 16:17:10","00:00:02","https://nsearchives.nseindia.com/corporate/SUNPHARMA_29052024161708_IntimationSE20240529_for_Analyst_and_Investor_meeting_Signed.pdf"
"SUNPHARMA","Sun Pharmaceutical Industries Limited","Analysts/Institutional Investor Meet/Con. Call Updates","Sun Pharmaceutical Industries Limited has informed the Exchange about Transcript","29-May-2024 15:53:38","2024-05-29 15:53:38","29-May-2024 15:53:39","00:00:01","https://nsearchives.nseindia.com/corporate/SUNPHARMA_29052024155338_IntimationSE20240529EarningsCallTranscriptQ4FY24_Signed.pdf"
"SUNPHARMA","Sun Pharmaceutical Industries Limited","Analysts/Institutional Investor Meet/Con. Call Updates","Sun Pharmaceutical Industries Limited has informed the Exchange about Schedule of meet","27-May-2024 16:56:06","2024-05-27 16:56:06","27-May-2024 16:56:07","00:00:01","https://nsearchives.nseindia.com/corporate/SUNPHARMA_27052024165606_IntimationSE20240527_for_Analyst_and_Investor_meeting_Signed.pdf"
"SUNPHARMA","Sun Pharmaceutical Industries Limited","Loss of Share Certificates","Sun Pharmaceutical Industries Limited has informed the Exchange about Loss of Share Certificates","23-May-2024 20:23:19","2024-05-23 20:23:19","23-May-2024 20:23:20","00:00:01","https://nsearchives.nseindia.com/corporate/SUNPHARMA_23052024202319_SEintimationforloss.pdf"
"SUNPHARMA","Sun Pharmaceutical Industries Limited","Press Release","Sun Pharmaceutical Industries Limited has informed the Exchange regarding a press release dated May 23, 2024, Update on Acquisition of all outstanding shares of Taro"".","23-May-2024 17:20:58","2024-05-23 17:20:58","23-May-2024 17:20:59","00:00:01","https://nsearchives.nseindia.com/corporate/SUNPHARMA_23052024172058_SEIntimationforPR.pdf"
"SUNPHARMA","Sun Pharmaceutical Industries Limited","Analysts/Institutional Investor Meet/Con. Call Updates","Sun Pharmaceutical Industries Limited has informed the Exchange about Link of Recording","22-May-2024 20:48:38","2024-05-22 20:48:38","22-May-2024 20:48:39","00:00:01","https://nsearchives.nseindia.com/corporate/SUNPHARMA_22052024204838_IntimationSE20240522_Q4FY24_Investor_Call_Recording_Signed.pdf"
"SUNPHARMA","Sun Pharmaceutical Industries Limited","Dividend","Sun Pharmaceutical Industries Limited has informed the Exchange that Board of Directors at its meeting held on May 22, 2024, recommended Final Dividend of Rs. 5 per equity share.","22-May-2024 15:32:23","2024-05-22 15:32:23","22-May-2024 15:32:23","00:00:00","https://nsearchives.nseindia.com/corporate/SUNPHARMA_22052024153223_BMOutcome.pdf"
"SUNPHARMA","Sun Pharmaceutical Industries Limited","Financial Result Updates","Sun Pharmaceutical Industries Limited has submitted to the Exchange, the financial results for the period ended March 31, 2024.","22-May-2024 15:05:11","2024-05-22 15:05:11","22-May-2024 15:05:20","00:00:09","https://nsearchives.nseindia.com/corporate/BMOutcome_22052024150511.pdf"
"SUNPHARMA","Sun Pharmaceutical Industries Limited","Loss of Share Certificates","Sun Pharmaceutical Industries Limited has informed the Exchange about Loss of Share Certificates","21-May-2024 19:07:42","2024-05-21 19:07:42","21-May-2024 19:07:43","00:00:01","https://nsearchives.nseindia.com/corporate/SUNPHARMA_21052024190742_SEintimationforloss.pdf"
"SUNPHARMA","Sun Pharmaceutical Industries Limited","Loss of Share Certificates","Sun Pharmaceutical Industries Limited has informed the Exchange about issuance of Letter of Confirmation in lieu of duplicate share certificate.","15-May-2024 19:18:07","2024-05-15 19:18:07","15-May-2024 19:18:11","00:00:04","https://nsearchives.nseindia.com/corporate/SUNPHARMA_15052024191807_SEintimation.pdf"
"SUNPHARMA","Sun Pharmaceutical Industries Limited","Analysts/Institutional Investor Meet/Con. Call Updates","Sun Pharmaceutical Industries Limited has informed the Exchange about Schedule of meet","13-May-2024 19:10:02","2024-05-13 19:10:02","13-May-2024 19:10:08","00:00:06","https://nsearchives.nseindia.com/corporate/SUNPHARMA_13052024191002_IntimationSE20240513_Q4FY24_Results_Announcement_Signed.pdf"
"SUNPHARMA","Sun Pharmaceutical Industries Limited","Updates","Sun Pharmaceutical Industries Limited has informed the Exchange regarding 'Intimation under Regulation 30 of SEBI (Listing Obligations and Disclosure Requirements) Regulations, 2015   Regulatory Order'.","08-May-2024 20:22:30","2024-05-08 20:22:30","08-May-2024 20:22:39","00:00:09","https://nsearchives.nseindia.com/corporate/SUNPHARMA_08052024202230_SEIntimationforregulatoryorder.pdf"
"SUNPHARMA","Sun Pharmaceutical Industries Limited","Loss of Share Certificates","Sun Pharmaceutical Industries Limited has informed the Exchange about Loss of Share Certificates","08-May-2024 19:27:09","2024-05-08 19:27:09","08-May-2024 19:27:15","00:00:06","https://nsearchives.nseindia.com/corporate/SUNPHARMA_08052024192709_SEintimationforloss.pdf"
"SUNPHARMA","Sun Pharmaceutical Industries Limited","Acquisition","Sun Pharmaceutical Industries Limited has informed the Exchange about Acquisition","04-May-2024 12:23:32","2024-05-04 12:23:32","04-May-2024 12:23:37","00:00:05","https://nsearchives.nseindia.com/corporate/SUNPHARMA_04052024122332_SEIntimationforacquisition.pdf"
"SUNPHARMA","Sun Pharmaceutical Industries Limited","Updates","Sun Pharmaceutical Industries Limited has informed the Exchange regarding 'Intimation under Regulation 30 of SEBI (Listing Obligations and Disclosure Requirements) Regulations, 2015   Regulatory Order'.","30-Apr-2024 19:07:11","2024-04-30 19:07:11","30-Apr-2024 19:07:35","00:00:24","https://nsearchives.nseindia.com/corporate/SUNPHARMA_30042024190711_SEIntimationforregulatoryorder.pdf"
"SUNPHARMA","Sun Pharmaceutical Industries Limited","Loss of Share Certificates","Sun Pharmaceutical Industries Limited has informed the Exchange about Loss of Share Certificates","30-Apr-2024 18:34:44","2024-04-30 18:34:44","30-Apr-2024 18:34:55","00:00:11","https://nsearchives.nseindia.com/corporate/SUNPHARMA_30042024183444_SEintimationforloss.pdf"
"SUNPHARMA","Sun Pharmaceutical Industries Limited","Updates","Sun Pharmaceutical Industries Limited has informed the Exchange regarding 'Intimation under Regulation 30 of SEBI (Listing Obligations and Disclosure Requirements) Regulations, 2015   Regulatory Order'.","29-Apr-2024 18:57:14","2024-04-29 18:57:14","29-Apr-2024 18:57:20","00:00:06","https://nsearchives.nseindia.com/corporate/SUNPHARMA_29042024185714_SEIntimationforregulatoryorder.pdf"
"SUNPHARMA","Sun Pharmaceutical Industries Limited","Disclosure under SEBI Takeover Regulations","Dilip S. Shanghvi has Submitted to the Exchange a copy of Disclosure under Regulation 31(4) of the Securities and Exchange Board of India (Substantial Acquisition of Shares and Takeovers) Regulations, 2011.","26-Apr-2024 21:20:32","2024-04-26 21:20:32","26-Apr-2024 21:20:40","00:00:08","https://nsearchives.nseindia.com/corporate/SUNPHARMA_26042024212032_SUNPHARMA.pdf"
"SUNPHARMA","Sun Pharmaceutical Industries Limited","Loss of Share Certificates","Sun Pharmaceutical Industries Limited has informed the Exchange about Loss of Share Certificates","23-Apr-2024 17:25:34","2024-04-23 17:25:34","23-Apr-2024 17:25:39","00:00:05","https://nsearchives.nseindia.com/corporate/SUNPHARMA_23042024172534_SEintimationforloss.pdf"
"SUNPHARMA","Sun Pharmaceutical Industries Limited","Updates","Sun Pharmaceutical Industries Limited has informed the Exchange regarding 'Intimation under Regulation 30 of SEBI (Listing Obligations and Disclosure Requirements) Regulations, 2015   Regulatory Order'.","19-Apr-2024 15:48:58","2024-04-19 15:48:58","19-Apr-2024 15:49:02","00:00:04","https://nsearchives.nseindia.com/corporate/SUNPHARMA_19042024154858_SEIntimationforregulatoryorder.pdf"
"SUNPHARMA","Sun Pharmaceutical Industries Limited","Updates","Sun Pharmaceutical Industries Limited has informed the Exchange regarding 'Intimation under Regulation 30 of SEBI (Listing Obligations and Disclosure Requirements) Regulations, 2015   Regulatory Order'.","17-Apr-2024 20:16:21","2024-04-17 20:16:21","17-Apr-2024 20:16:27","00:00:06","https://nsearchives.nseindia.com/corporate/SUNPHARMA_17042024201621_SEIntimationforregulatoryorder.pdf"
"SUNPHARMA","Sun Pharmaceutical Industries Limited","Updates","Sun Pharmaceutical Industries Limited has informed the Exchange regarding 'Intimation under Regulation 30 of SEBI (Listing Obligations and Disclosure Requirements) Regulations, 2015   Dadra facility receives OAI status from US FDA'.","11-Apr-2024 19:11:43","2024-04-11 19:11:43","11-Apr-2024 19:11:48","00:00:05","https://nsearchives.nseindia.com/corporate/SUNPHARMA_11042024191143_SEIntimationforregulatoryorder11042024.pdf"
"SUNPHARMA","Sun Pharmaceutical Industries Limited","Updates","Sun Pharmaceutical Industries Limited has informed the Exchange regarding 'Intimation under Regulation 30 of SEBI (Listing Obligations and Disclosure Requirements) Regulations, 2015   Regulatory Order'.","11-Apr-2024 19:03:49","2024-04-11 19:03:49","11-Apr-2024 19:03:55","00:00:06","https://nsearchives.nseindia.com/corporate/SUNPHARMA_11042024190349_SEIntimationforregulatoryorder.pdf"
"SUNPHARMA","Sun Pharmaceutical Industries Limited","Copy of Newspaper Publication","Sun Pharmaceutical Industries Limited has informed the Exchange about Copy of Newspaper Publication","09-Apr-2024 16:56:00","2024-04-09 16:56:00","09-Apr-2024 16:56:07","00:00:07","https://nsearchives.nseindia.com/corporate/SUNPHARMA_09042024165600_SEIntimationfornewspaperadvertisement.pdf"
"SUNPHARMA","Sun Pharmaceutical Industries Limited","Shareholders meeting","Sun Pharmaceutical Industries Limited has informed the Exchange regarding Notice of Postal Ballot","08-Apr-2024 18:17:33","2024-04-08 18:17:33","08-Apr-2024 18:17:40","00:00:07","https://nsearchives.nseindia.com/corporate/SUNPHARMA_08042024181733_SEIntimationforPBN.pdf"
"SUNPHARMA","Sun Pharmaceutical Industries Limited","Certificate under SEBI (Depositories and Participants) Regulations, 2018","Sun Pharmaceutical Industries Limited has informed the Exchange about Certificate under SEBI (Depositories and Participants) Regulations, 2018","05-Apr-2024 19:35:21","2024-04-05 19:35:21","05-Apr-2024 19:35:26","00:00:05","https://nsearchives.nseindia.com/corporate/SUNPHARMA_05042024193521_ComplianceCertificate.pdf"
"SUNPHARMA","Sun Pharmaceutical Industries Limited","Change in Management","Sun Pharmaceutical Industries Limited has informed the Exchange about change in Management","03-Apr-2024 20:56:14","2024-04-03 20:56:14","03-Apr-2024 20:56:19","00:00:05","https://nsearchives.nseindia.com/corporate/SUNPHARMA_03042024205614_SEIntimationforAppointmentofSeniorManagement.pdf"
"SUNPHARMA","Sun Pharmaceutical Industries Limited","Loss of Share Certificates","Sun Pharmaceutical Industries Limited has informed the Exchange about Loss of Share Certificates","03-Apr-2024 19:24:44","2024-04-03 19:24:44","03-Apr-2024 19:24:50","00:00:06","https://nsearchives.nseindia.com/corporate/SUNPHARMA_03042024192444_SEintimationforloss.pdf"
"SUNPHARMA","Sun Pharmaceutical Industries Limited","Loss of Share Certificates","Sun Pharmaceutical Industries Limited has informed the Exchange about Loss of Share Certificates","01-Apr-2024 20:40:01","2024-04-01 20:40:01","01-Apr-2024 20:40:10","00:00:09","https://nsearchives.nseindia.com/corporate/SUNPHARMA_01042024204001_SEintimationforlossS.pdf"
"SUNPHARMA","Sun Pharmaceutical Industries Limited","Change in Director(s)","Sun Pharmaceutical Industries Limited has informed the Exchange regarding Change in Director(s) of the company.","29-Mar-2024 19:01:50","2024-03-29 19:01:50","29-Mar-2024 19:01:55","00:00:05","https://nsearchives.nseindia.com/corporate/SUNPHARMA_29032024190151_SEIntimationforetirement.pdf"
"SUNPHARMA","Sun Pharmaceutical Industries Limited","Updates","Sun Pharmaceutical Industries Limited has informed the Exchange regarding 'Intimation under Regulation 30 of SEBI (Listing Obligations and Disclosure Requirements) Regulations, 2015   Regulatory Orders'.","27-Mar-2024 20:04:38","2024-03-27 20:04:38","27-Mar-2024 20:04:47","00:00:09","https://nsearchives.nseindia.com/corporate/SUNPHARMA_27032024200438_SEIntimationforregulatoryorder.pdf"
"SUNPHARMA","Sun Pharmaceutical Industries Limited","Trading Window","Sun Pharmaceutical Industries Limited has informed the Exchange regarding the Trading Window closure pursuant to SEBI (Prohibition of Insider Trading) Regulations, 2015","26-Mar-2024 16:14:58","2024-03-26 16:14:58","26-Mar-2024 16:15:35","00:00:37","https://nsearchives.nseindia.com/corporate/SUNPHARMA_26032024161458_SEintimationforCTW.pdf"
"SUNPHARMA","Sun Pharmaceutical Industries Limited","Loss of Share Certificates","Sun Pharmaceutical Industries Limited has informed the Exchange about Loss of Share Certificate","23-Mar-2024 11:58:53","2024-03-23 11:58:53","23-Mar-2024 11:58:59","00:00:06","https://nsearchives.nseindia.com/corporate/SUNPHARMA_23032024115853_SEintimationforloss230324.pdf"
"SUNPHARMA","Sun Pharmaceutical Industries Limited","Updates","Sun Pharmaceutical Industries Limited has informed the Exchange regarding 'Intimation under Regulation 30 of SEBI (Listing Obligations and Disclosure Requirements) Regulations, 2015   Regulatory Order'.","22-Mar-2024 18:16:39","2024-03-22 18:16:39","22-Mar-2024 18:16:46","00:00:07","https://nsearchives.nseindia.com/corporate/SUNPHARMA_22032024181639_SEIntimationforregulatoryorder.pdf"
"SUNPHARMA","Sun Pharmaceutical Industries Limited","Loss of Share Certificates","Sun Pharmaceutical Industries Limited has informed the Exchange about Loss of Share Certificates","22-Mar-2024 17:23:25","2024-03-22 17:23:25","22-Mar-2024 17:23:32","00:00:07","https://nsearchives.nseindia.com/corporate/SUNPHARMA_22032024172325_SEintimationforlossSigned.pdf"
"SUNPHARMA","Sun Pharmaceutical Industries Limited","Loss of Share Certificates","Sun Pharmaceutical Industries Limited has informed the Exchange about issuance of Letter of Confirmation.","21-Mar-2024 20:22:25","2024-03-21 20:22:25","21-Mar-2024 20:22:30","00:00:05","https://nsearchives.nseindia.com/corporate/SUNPHARMA_21032024202225_SEintimationsigned.pdf"
"SUNPHARMA","Sun Pharmaceutical Industries Limited","Updates","Sun Pharmaceutical Industries Limited has informed the Exchange regarding 'Intimation under Regulation 30 of SEBI (Listing Obligations and Disclosure Requirements) Regulations, 2015   Regulatory Order'.","21-Mar-2024 17:35:20","2024-03-21 17:35:20","21-Mar-2024 17:35:27","00:00:07","https://nsearchives.nseindia.com/corporate/SUNPHARMA_21032024173520_SEIntimationforregulatoryorder.pdf"
"SUNPHARMA","Sun Pharmaceutical Industries Limited","Press Release","Sun Pharmaceutical Industries Limited has informed the Exchange regarding a press release dated March 19, 2024, titled ""Sun Pharmaceuticals announces approval of Winlevi in Australia"".","19-Mar-2024 08:22:33","2024-03-19 08:22:33","19-Mar-2024 08:22:37","00:00:04","https://nsearchives.nseindia.com/corporate/SUNPHARMA_19032024082233_IntimationSE20240319_Winlevi_Approval_in_Australia_Singed.pdf"
"SUNPHARMA","Sun Pharmaceutical Industries Limited","Loss of Share Certificates","Sun Pharmaceutical Industries Limited has informed the Exchange about Loss of Share Certificates","16-Mar-2024 11:53:24","2024-03-16 11:53:24","16-Mar-2024 11:53:31","00:00:07","https://nsearchives.nseindia.com/corporate/SUNPHARMA_16032024115324_SEintimationforloss.pdf"
"SUNPHARMA","Sun Pharmaceutical Industries Limited","Investor Presentation","Sun Pharmaceutical Industries Limited has informed the Exchange about Investor Presentation","14-Mar-2024 17:11:28","2024-03-14 17:11:28","14-Mar-2024 17:11:34","00:00:06","https://nsearchives.nseindia.com/corporate/SUNPHARMA_14032024171128_IntimationSE20240314_Investor_Presentation_March_2024_Signed.pdf"
"SUNPHARMA","Sun Pharmaceutical Industries Limited","Loss of Share Certificates","Sun Pharmaceutical Industries Limited has informed the Exchange about Loss of Share Certificates","08-Mar-2024 17:56:44","2024-03-08 17:56:44","08-Mar-2024 17:56:50","00:00:06","https://nsearchives.nseindia.com/corporate/SUNPHARMA_08032024175644_SEintimationforlossofcertificate.pdf"
"SUNPHARMA","Sun Pharmaceutical Industries Limited","Loss of Share Certificates","Sun Pharmaceutical Industries Limited has informed the Exchange about Loss of Share Certificates","06-Mar-2024 18:14:39","2024-03-06 18:14:39","06-Mar-2024 18:14:44","00:00:05","https://nsearchives.nseindia.com/corporate/SUNPHARMA_06032024181439_SEintimationforlossSIGNED.pdf"
"SUNPHARMA","Sun Pharmaceutical Industries Limited","Analysts/Institutional Investor Meet/Con. Call Updates","Sun Pharmaceutical Industries Limited has informed the Exchange about Schedule of meet","05-Mar-2024 19:33:56","2024-03-05 19:33:56","05-Mar-2024 19:34:03","00:00:07","https://nsearchives.nseindia.com/corporate/SUNPHARMA_05032024193356_IntimationSE20240305_for_Analyst_and_Investor_meeting_Signed.pdf"
"SUNPHARMA","Sun Pharmaceutical Industries Limited","Loss of Share Certificates","Sun Pharmaceutical Industries Limited has informed the Exchange about Loss of Share Certificates","01-Mar-2024 19:03:06","2024-03-01 19:03:06","01-Mar-2024 19:03:14","00:00:08","https://nsearchives.nseindia.com/corporate/SUNPHARMA_01032024190306_SEintimationsigned.pdf"
"SUNPHARMA","Sun Pharmaceutical Industries Limited","Loss of Share Certificates","Sun Pharmaceutical Industries Limited has informed the Exchange about Loss of Share Certificates","01-Mar-2024 16:22:55","2024-03-01 16:22:55","01-Mar-2024 16:23:01","00:00:06","https://nsearchives.nseindia.com/corporate/SUNPHARMA_01032024162255_SEintimationsigned.pdf"
"SUNPHARMA","Sun Pharmaceutical Industries Limited","Updates","Sun Pharmaceutical Industries Limited has informed the Exchange regarding 'Intimation under Regulation 30 of SEBI (Listing Obligations and Disclosure Requirements) Regulations, 2015   Regulatory Order'.","21-Feb-2024 15:24:24","2024-02-21 15:24:24","21-Feb-2024 15:24:29","00:00:05","https://nsearchives.nseindia.com/corporate/SUNPHARMA_21022024152424_SEIntimationforcustom.pdf"
"SUNPHARMA","Sun Pharmaceutical Industries Limited","Loss of Share Certificates","Sun Pharmaceutical Industries Limited has informed the Exchange about Loss of Share Certificates","20-Feb-2024 18:58:28","2024-02-20 18:58:28","20-Feb-2024 18:58:34","00:00:06","https://nsearchives.nseindia.com/corporate/SUNPHARMA_20022024185828_SEintimationforLOC.pdf"
"SUNPHARMA","Sun Pharmaceutical Industries Limited","Acquisition","Sun Pharmaceutical Industries Limited has informed the Exchange about Acquisition","20-Feb-2024 14:52:37","2024-02-20 14:52:37","20-Feb-2024 14:52:43","00:00:06","https://nsearchives.nseindia.com/corporate/SUNPHARMA_20022024145237_SEIntimationforacquisition.pdf"
"SUNPHARMA","Sun Pharmaceutical Industries Limited","Updates","Sun Pharmaceutical Industries Limited has informed the Exchange regarding 'Shareholder Satisfaction Survey'.","15-Feb-2024 19:39:47","2024-02-15 19:39:47","15-Feb-2024 19:39:51","00:00:04","https://nsearchives.nseindia.com/corporate/SUNPHARMA_15022024193947_SEIntimationforsurvey.pdf"
"SUNPHARMA","Sun Pharmaceutical Industries Limited","Loss of Share Certificates","Sun Pharmaceutical Industries Limited has informed the Exchange about Loss of Share Certificates","14-Feb-2024 15:47:25","2024-02-14 15:47:25","14-Feb-2024 15:47:31","00:00:06","https://nsearchives.nseindia.com/corporate/SUNPHARMA_14022024154725_LossIntimationPDF.pdf"
"SUNPHARMA","Sun Pharmaceutical Industries Limited","Updates","Sun Pharmaceutical Industries Limited has informed the Exchange regarding 'Intimation under Regulation 30 of SEBI (Listing Obligations and Disclosure Requirements) Regulations, 2015   Regulatory Order'.","12-Feb-2024 19:46:38","2024-02-12 19:46:38","12-Feb-2024 19:46:43","00:00:05","https://nsearchives.nseindia.com/corporate/SUNPHARMA_12022024194638_SEIntimationforgst.pdf"
"SUNPHARMA","Sun Pharmaceutical Industries Limited","Press Release","Sun Pharmaceutical Industries Limited has informed the Exchange regarding a press release dated February 12, 2024, titled ""Press Release - Inclusion of Sun Pharma in the S&P Global Sustainability Yearbook 2024"".","12-Feb-2024 10:16:44","2024-02-12 10:16:44","12-Feb-2024 10:16:50","00:00:06","https://nsearchives.nseindia.com/corporate/SUNPHARMA_12022024101644_IntimationSE20240212_SunPharma_SandP_Sustainability_Yearbook_Signed.pdf"
"SUNPHARMA","Sun Pharmaceutical Industries Limited","Loss of Share Certificates","Sun Pharmaceutical Industries Limited has informed the Exchange about Loss of Share Certificates","07-Feb-2024 17:09:37","2024-02-07 17:09:37","07-Feb-2024 17:09:49","00:00:12","https://nsearchives.nseindia.com/corporate/SUNPHARMA_07022024170937_SEintimationforLossofCertificate.pdf"
"SUNPHARMA","Sun Pharmaceutical Industries Limited","Updates","Sun Pharmaceutical Industries Limited has informed the Exchange regarding 'Intimation under Regulation 30 of SEBI (Listing Obligations and Disclosure Requirements) Regulations, 2015   Incorporation of a Subsidiary Company'.","06-Feb-2024 19:40:52","2024-02-06 19:40:52","06-Feb-2024 19:40:59","00:00:07","https://nsearchives.nseindia.com/corporate/SUNPHARMA_06022024194052_SEIntimationforsetupanewcompany.pdf"
"SUNPHARMA","Sun Pharmaceutical Industries Limited","Analysts/Institutional Investor Meet/Con. Call Updates","Sun Pharmaceutical Industries Limited has informed the Exchange about Transcript","06-Feb-2024 18:31:42","2024-02-06 18:31:42","06-Feb-2024 18:31:49","00:00:07","https://nsearchives.nseindia.com/corporate/SUNPHARMA_06022024183142_IntimationSE20240206EarningsCallTranscriptQ3FY24_Signed.pdf"
"SUNPHARMA","Sun Pharmaceutical Industries Limited","Updates","Sun Pharmaceutical Industries Limited has informed the Exchange regarding 'Intimation under Regulation 30 of SEBI (Listing Obligations and Disclosure Requirements) Regulations, 2015   Incorporation of a Subsidiary Company'.","05-Feb-2024 21:40:20","2024-02-05 21:40:20","05-Feb-2024 21:40:25","00:00:05","https://nsearchives.nseindia.com/corporate/SUNPHARMA_05022024214020_SEIntimationTaroPharmaCorporation.pdf"
"SUNPHARMA","Sun Pharmaceutical Industries Limited","Analysts/Institutional Investor Meet/Con. Call Updates","Sun Pharmaceutical Industries Limited has informed the Exchange about Schedule of meet","05-Feb-2024 18:14:27","2024-02-05 18:14:27","05-Feb-2024 18:14:39","00:00:12","https://nsearchives.nseindia.com/corporate/SUNPHARMA_05022024181427_IntimationSE20240205_for_Analyst_and_Investor_meeting_Signed.pdf"
"SUNPHARMA","Sun Pharmaceutical Industries Limited","Loss of Share Certificates","Sun Pharmaceutical Industries Limited has informed the Exchange about Issuance of Duplicate Share Certificates","01-Feb-2024 18:49:20","2024-02-01 18:49:20","01-Feb-2024 18:49:38","00:00:18","https://nsearchives.nseindia.com/corporate/SUNPHARMA_01022024184920_SEintimationforLOC.pdf"
"SUNPHARMA","Sun Pharmaceutical Industries Limited","Analysts/Institutional Investor Meet/Con. Call Updates","Sun Pharmaceutical Industries Limited has informed the Exchange about Link of Recording","31-Jan-2024 20:34:07","2024-01-31 20:34:07","31-Jan-2024 20:34:12","00:00:05","https://nsearchives.nseindia.com/corporate/SUNPHARMA_31012024203408_IntimationSE20240131_Q3FY24_Investor_Call_Recording_Signed.pdf"
"SUNPHARMA","Sun Pharmaceutical Industries Limited","Press Release","Sun Pharmaceutical Industries Limited has informed the Exchange regarding a press release dated January 31, 2024, titled ""Sun Pharma reports Q3FY24 results"".","31-Jan-2024 14:22:08","2024-01-31 14:22:08","31-Jan-2024 14:22:14","00:00:06","https://nsearchives.nseindia.com/corporate/SUNPHARMA_31012024142208_IntimationSE20240131_Q3FY24_Financial_Press_Release_Signed.pdf"
"SUNPHARMA","Sun Pharmaceutical Industries Limited","Dividend","Sun Pharmaceutical Industries Limited has informed the Exchange that Board of Directors at its meeting held on January 31, 2024, declared Interim Dividend of Rs. 8.5 per equity share.","31-Jan-2024 14:20:49","2024-01-31 14:20:49","31-Jan-2024 14:20:55","00:00:06","https://nsearchives.nseindia.com/corporate/SUNPHARMA_31012024142049_BMOutcomeQ3.pdf"
"SUNPHARMA","Sun Pharmaceutical Industries Limited","Financial Result Updates","Sun Pharmaceutical Industries Limited has submitted to the Exchange, the financial results for the period ended December 31, 2023.","31-Jan-2024 14:13:24","2024-01-31 14:13:24","31-Jan-2024 14:13:31","00:00:07","https://nsearchives.nseindia.com/corporate/BMOutcomeQ3_31012024141324.pdf"
"SUNPHARMA","Sun Pharmaceutical Industries Limited","Acquisition","Sun Pharmaceutical Industries Limited has informed the Exchange about Acquisition","18-Jan-2024 03:35:44","2024-01-18 03:35:44","18-Jan-2024 03:35:51","00:00:07","https://nsearchives.nseindia.com/corporate/SUNPHARMA_18012024033545_SEIntimationforacquisition.pdf"
"SUNPHARMA","Sun Pharmaceutical Industries Limited","Press Release","Sun Pharmaceutical Industries Limited has informed the Exchange regarding a press release dated January 17, 2024, titled ""Bayer and Sun Pharma sign marketing and distribution agreement for second brand of Finerenone in India "".","17-Jan-2024 13:21:02","2024-01-17 13:21:02","17-Jan-2024 13:21:09","00:00:07","https://nsearchives.nseindia.com/corporate/SUNPHARMA_17012024132102_SEIntimationforpressrelease.pdf"
"SUNPHARMA","Sun Pharmaceutical Industries Limited","Analysts/Institutional Investor Meet/Con. Call Updates","Sun Pharmaceutical Industries Limited has informed the Exchange about Schedule of meet","16-Jan-2024 11:41:52","2024-01-16 11:41:52","16-Jan-2024 11:41:57","00:00:05","https://nsearchives.nseindia.com/corporate/SUNPHARMA_16012024114152_IntimationSE20240116_Q3FY24_Result_Announcement_Signed.pdf"
"SUNPHARMA","Sun Pharmaceutical Industries Limited","Record Date","Sun Pharmaceutical Industries Limited has informed the Exchange that Record date for the purpose of Dividend  is 09-Feb-2024.","15-Jan-2024 15:43:26","2024-01-15 15:43:26","15-Jan-2024 15:43:31","00:00:05","https://nsearchives.nseindia.com/corporate/SUNPHARMA_15012024154327_SEintimationforBM.pdf"
"SUNPHARMA","Sun Pharmaceutical Industries Limited","Updates","Sun Pharmaceutical Industries Limited has informed the Exchange regarding 'Intimation Under Regulation 30 Of SEBI (Listing Obligations And Disclosure Requirements) Regulations, 2015'.","11-Jan-2024 12:24:30","2024-01-11 12:24:30","11-Jan-2024 12:24:34","00:00:04","https://nsearchives.nseindia.com/corporate/SUNPHARMA_11012024122430_SEIntimationforgst.pdf"
"SUNPHARMA","Sun Pharmaceutical Industries Limited","Certificate under SEBI (Depositories and Participants) Regulations, 2018","Sun Pharmaceutical Industries Limited has informed the Exchange about Certificate under SEBI (Depositories and Participants) Regulations, 2018","09-Jan-2024 18:12:21","2024-01-09 18:12:21","09-Jan-2024 18:12:27","00:00:06","https://nsearchives.nseindia.com/corporate/SUNPHARMA_09012024181221_SEIntimation.pdf"
"SUNPHARMA","Sun Pharmaceutical Industries Limited","Loss of Share Certificates","Sun Pharmaceutical Industries Limited has informed the Exchange about Loss of Share Certificates","05-Jan-2024 15:37:20","2024-01-05 15:37:20","05-Jan-2024 15:37:25","00:00:05","https://nsearchives.nseindia.com/corporate/SUNPHARMA_05012024153720_SEintimationforlosssigned.pdf"
"SUNPHARMA","Sun Pharmaceutical Industries Limited","Investor Presentation","Sun Pharmaceutical Industries Limited has informed the Exchange about Investor Presentation","04-Jan-2024 14:31:38","2024-01-04 14:31:38","04-Jan-2024 14:31:44","00:00:06","https://nsearchives.nseindia.com/corporate/SUNPHARMA_04012024143138_IntimationSE20240104_Investor_Presentation_Jan_2024Signed.pdf"
"SUNPHARMA","Sun Pharmaceutical Industries Limited","Updates","Sun Pharmaceutical Industries Limited has informed the Exchange regarding 'Intimation under Regulation 30 of SEBI (Listing Obligations and Disclosure Requirements) Regulations, 2015'.","03-Jan-2024 19:58:06","2024-01-03 19:58:06","03-Jan-2024 19:58:13","00:00:07","https://nsearchives.nseindia.com/corporate/SUNPHARMA_03012024195806_SEIntimationforgst.pdf"
"SUNPHARMA","Sun Pharmaceutical Industries Limited","Acquisition","Sun Pharmaceutical Industries Limited has informed the Exchange about Acquisition","02-Jan-2024 19:46:43","2024-01-02 19:46:43","02-Jan-2024 19:46:47","00:00:04","https://nsearchives.nseindia.com/corporate/SUNPHARMA_02012024194643_SEIntimationforacquisition.pdf"
"SUNPHARMA","Sun Pharmaceutical Industries Limited","Loss of Share Certificates","Sun Pharmaceutical Industries Limited has informed the Exchange about Loss of Share Certificates","31-Dec-2023 11:15:45","2023-12-31 11:15:45","31-Dec-2023 22:17:43","11:01:58","https://nsearchives.nseindia.com/corporate/SUNPHARMA_31122023111545_SEintimationforloss.pdf"
"SUNPHARMA","Sun Pharmaceutical Industries Limited","Loss of Share Certificates","Sun Pharmaceutical Industries Limited has informed the Exchange about Issuance of duplicate Share Certificates","29-Dec-2023 15:23:55","2023-12-29 15:23:55","29-Dec-2023 15:24:02","00:00:07","https://nsearchives.nseindia.com/corporate/SUNPHARMA_29122023152355_SEintimationforLOC.pdf"
"SUNPHARMA","Sun Pharmaceutical Industries Limited","Trading Window","Sun Pharmaceutical Industries Limited has informed the Exchange regarding the Trading Window closure pursuant to SEBI (Prohibition of Insider Trading) Regulations, 2015","27-Dec-2023 15:11:55","2023-12-27 15:11:55","27-Dec-2023 15:12:04","00:00:09","https://nsearchives.nseindia.com/corporate/SUNPHARMA_27122023151155_SEintimationforCTW.pdf"
"SUNPHARMA","Sun Pharmaceutical Industries Limited","Loss of Share Certificates","Sun Pharmaceutical Industries Limited has informed the Exchange regarding issuance of duplicate Share Certificates","26-Dec-2023 19:34:32","2023-12-26 19:34:32","26-Dec-2023 19:34:36","00:00:04","https://nsearchives.nseindia.com/corporate/SUNPHARMA_26122023193432_SEintimationforLOC.pdf"
"SUNPHARMA","Sun Pharmaceutical Industries Limited","Loss of Share Certificates","Sun Pharmaceutical Industries Limited has informed the Exchange about Loss of Share Certificates","22-Dec-2023 17:37:19","2023-12-22 17:37:19","22-Dec-2023 17:37:25","00:00:06","https://nsearchives.nseindia.com/corporate/SUNPHARMA_22122023173719_SEintimationforloss.pdf"
"SUNPHARMA","Sun Pharmaceutical Industries Limited","Acquisition","Sun Pharmaceutical Industries Limited has informed the Exchange about Acquisition","18-Dec-2023 18:46:15","2023-12-18 18:46:15","18-Dec-2023 18:46:22","00:00:07","https://nsearchives.nseindia.com/corporate/SUNPHARMA_18122023184615_SEIntimation.pdf"
"SUNPHARMA","Sun Pharmaceutical Industries Limited","Updates","Sun Pharmaceutical Industries Limited has informed the Exchange regarding 'Inclusion of specialty product ILUMETRI, (Tildrakizumab Injection) in category B of China s National Reimbursement Drug List'.","13-Dec-2023 13:00:22","2023-12-13 13:00:22","13-Dec-2023 13:00:27","00:00:05","https://nsearchives.nseindia.com/corporate/SUNPHARMA_13122023130022_SEIntimation.pdf"
"SUNPHARMA","Sun Pharmaceutical Industries Limited","Loss of Share Certificates","Sun Pharmaceutical Industries Limited has informed the Exchange about Loss of Share Certificates","12-Dec-2023 17:32:49","2023-12-12 17:32:49","12-Dec-2023 17:32:56","00:00:07","https://nsearchives.nseindia.com/corporate/SUNPHARMA_12122023173250_SEintimationforloss.pdf"
"SUNPHARMA","Sun Pharmaceutical Industries Limited","Updates","Sun Pharmaceutical Industries Limited has informed the Exchange regarding 'Update on Non-binding indication of interest to acquire shares of Taro Pharmaceutical Industries Ltd.'.","12-Dec-2023 03:19:15","2023-12-12 03:19:15","12-Dec-2023 03:19:19","00:00:04","https://nsearchives.nseindia.com/corporate/SUNPHARMA_12122023031915_SEIntimationforupdateonacquisition.pdf"
"SUNPHARMA","Sun Pharmaceutical Industries Limited","Change in Management","Sun Pharmaceutical Industries Limited has informed the Exchange about change in Intimation of Changes in Senior Management Personnel","07-Dec-2023 20:53:39","2023-12-07 20:53:39","07-Dec-2023 20:53:47","00:00:08","https://nsearchives.nseindia.com/corporate/SUNPHARMA_07122023205339_SEIntimationforchangeinSMP.pdf"
"SUNPHARMA","Sun Pharmaceutical Industries Limited","Updates","Sun Pharmaceutical Industries Limited has informed the Exchange regarding 'Licensing agreement with Aclaris Therapeutics, Inc'.","06-Dec-2023 03:12:16","2023-12-06 03:12:16","06-Dec-2023 03:12:21","00:00:05","https://nsearchives.nseindia.com/corporate/SUNPHARMA_06122023031216_SEIntimationforAgreement.pdf"
"SUNPHARMA","Sun Pharmaceutical Industries Limited","Updates","Sun Pharmaceutical Industries Limited has informed the Exchange regarding ''.","05-Dec-2023 17:34:29","2023-12-05 17:34:29","05-Dec-2023 17:34:33","00:00:04","https://nsearchives.nseindia.com/corporate/SUNPHARMA_05122023173429_SEIntimationforclosureofesoptrust.pdf"
"SUNPHARMA","Sun Pharmaceutical Industries Limited","Loss of Share Certificates","Sun Pharmaceutical Industries Limited has informed the Exchange about Loss of Share Certificates","04-Dec-2023 17:06:07","2023-12-04 17:06:07","04-Dec-2023 17:06:14","00:00:07","https://nsearchives.nseindia.com/corporate/SUNPHARMA_04122023170607_SEintimationforloss.pdf"
"SUNPHARMA","Sun Pharmaceutical Industries Limited","Loss of Share Certificates","Sun Pharmaceutical Industries Limited has informed the Exchange about Loss of Share Certificates","30-Nov-2023 18:49:25","2023-11-30 18:49:25","30-Nov-2023 18:49:31","00:00:06","https://nsearchives.nseindia.com/corporate/SUNPHARMA_30112023184925_SEintimationforloss.pdf"
"SUNPHARMA","Sun Pharmaceutical Industries Limited","Analysts/Institutional Investor Meet/Con. Call Updates","Sun Pharmaceutical Industries Limited has informed the Exchange about Schedule of meet","16-Nov-2023 15:55:33","2023-11-16 15:55:33","16-Nov-2023 15:55:43","00:00:10","https://nsearchives.nseindia.com/corporate/SUNPHARMA_16112023155533_IntimationSigned.pdf"
"SUNPHARMA","Sun Pharmaceutical Industries Limited","Analysts/Institutional Investor Meet/Con. Call Updates","Sun Pharmaceutical Industries Limited has informed the Exchange about Transcript","08-Nov-2023 18:06:09","2023-11-08 18:06:09","08-Nov-2023 18:06:20","00:00:11","https://nsearchives.nseindia.com/corporate/SUNPHARMA_08112023180609_IntimationSE202301108EarningsCallTranscriptQ2FY24_Signed.pdf"
"SUNPHARMA","Sun Pharmaceutical Industries Limited","Loss of Share Certificates","Sun Pharmaceutical Industries Limited has informed the Exchange about Loss of Share Certificates","08-Nov-2023 16:12:36","2023-11-08 16:12:36","08-Nov-2023 16:12:46","00:00:10","https://nsearchives.nseindia.com/corporate/SUNPHARMA_08112023161236_SEintimationforlosssigned.pdf"
"SUNPHARMA","Sun Pharmaceutical Industries Limited","Analysts/Institutional Investor Meet/Con. Call Updates","Sun Pharmaceutical Industries Limited has informed the Exchange about Link of Recording","01-Nov-2023 21:26:38","2023-11-01 21:26:38","01-Nov-2023 21:26:45","00:00:07","https://nsearchives.nseindia.com/corporate/SUNPHARMA_01112023212638_IntimationSE_20231101_Q2FY24_Investor_Call_Recording_Signed.pdf"
"SUNPHARMA","Sun Pharmaceutical Industries Limited","Press Release","Sun Pharmaceutical Industries Limited has informed the Exchange regarding a press release dated November 01, 2023, titled ""Sun Pharma reports Q2FY24 results"".","01-Nov-2023 13:33:55","2023-11-01 13:33:55","01-Nov-2023 13:34:03","00:00:08","https://nsearchives.nseindia.com/corporate/SUNPHARMA_01112023133355_IntimationSE20231101_Q2FY24_Financial_Results_Signed.pdf"
"SUNPHARMA","Sun Pharmaceutical Industries Limited","Outcome of Board Meeting","Sun Pharmaceutical Industries Limited has informed the Exchange regarding  Board meeting held on November 01, 2023.","01-Nov-2023 13:28:45","2023-11-01 13:28:45","01-Nov-2023 13:28:52","00:00:07","https://nsearchives.nseindia.com/corporate/SUNPHARMA_01112023132845_OutcomeFinalSigned.pdf"
"SUNPHARMA","Sun Pharmaceutical Industries Limited","Financial Result Updates","Sun Pharmaceutical Industries Limited has submitted to the Exchange, the financial results for the period ended September 30, 2023.","01-Nov-2023 13:22:45","2023-11-01 13:22:45","01-Nov-2023 13:22:52","00:00:07","https://nsearchives.nseindia.com/corporate/OutcomeFinalSigned_01112023132245.pdf"
"SUNPHARMA","Sun Pharmaceutical Industries Limited","Loss of Share Certificates","Sun Pharmaceutical Industries Limited has informed the Exchange about Loss of Share Certificates","31-Oct-2023 16:28:22","2023-10-31 16:28:22","31-Oct-2023 16:28:42","00:00:20","https://nsearchives.nseindia.com/corporate/SUNPHARMA_31102023162822_SEIntimationforLossSigned.pdf"
"SUNPHARMA","Sun Pharmaceutical Industries Limited","Press Release","Sun Pharmaceutical Industries Limited has informed the Exchange regarding a press release dated October 30, 2023, titled ""Sun Pharma and Zydus sign licensing agreement for co-marketing of Desidustat, a critical treatment for Chronic Kidney Disease patients in India"".","30-Oct-2023 11:01:16","2023-10-30 11:01:16","30-Oct-2023 11:02:07","00:00:51","https://nsearchives.nseindia.com/corporate/SUNPHARMA_30102023110116_IntimationSigned.pdf"
"SUNPHARMA","Sun Pharmaceutical Industries Limited","Updates","Sun Pharmaceutical Industries Limited has informed the Exchange regarding 'Sustainability Report for the financial year 2022-23'.","19-Oct-2023 15:53:52","2023-10-19 15:53:52","19-Oct-2023 15:53:57","00:00:05","https://nsearchives.nseindia.com/corporate/SUNPHARMA_19102023155352_IntimationSigned.pdf"
"SUNPHARMA","Sun Pharmaceutical Industries Limited","Loss of Share Certificates","Sun Pharmaceutical Industries Limited has informed the Exchange about Loss of Share Certificates","18-Oct-2023 15:06:16","2023-10-18 15:06:16","18-Oct-2023 15:06:21","00:00:05","https://nsearchives.nseindia.com/corporate/SUNPHARMA_18102023150616_SEsigned.pdf"
"SUNPHARMA","Sun Pharmaceutical Industries Limited","Analysts/Institutional Investor Meet/Con. Call Updates","Sun Pharmaceutical Industries Limited has informed the Exchange about Schedule of meet","17-Oct-2023 11:15:25","2023-10-17 11:15:25","17-Oct-2023 11:15:30","00:00:05","https://nsearchives.nseindia.com/corporate/SUNPHARMA_17102023111525_IntimationSE20231017_Q2FY24_Results_Announcement_Signed.pdf"
"SUNPHARMA","Sun Pharmaceutical Industries Limited","Press Release","Sun Pharmaceutical Industries Limited has informed the Exchange regarding a press release dated October 16, 2023, titled ""Nidlegy  Phase III PIVOTAL trial meets the study s primary objective demonstrating statistically significant and clinically meaningful improvement in Recurrence-Free Survival for patients with locally advanced fully resectable melanoma"".","16-Oct-2023 11:06:15","2023-10-16 11:06:15","16-Oct-2023 11:06:21","00:00:06","https://nsearchives.nseindia.com/corporate/SUNPHARMA_16102023110615_Press_release_PIVOTAL.pdf"
"SUNPHARMA","Sun Pharmaceutical Industries Limited","Loss of Share Certificates","Sun Pharmaceutical Industries Limited has informed the Exchange about Loss of Share Certificates","13-Oct-2023 18:00:41","2023-10-13 18:00:41","13-Oct-2023 18:00:47","00:00:06","https://nsearchives.nseindia.com/corporate/SUNPHARMA_13102023180041_SEIntimationforLossSigned.pdf"
"SUNPHARMA","Sun Pharmaceutical Industries Limited","Press Release","Sun Pharmaceutical Industries Limited has informed the Exchange regarding a press release dated October 12, 2023, titled ""CEQUA showed sustained improvement in dry eye disease patients switched from Restasis"".","12-Oct-2023 16:42:42","2023-10-12 16:42:42","12-Oct-2023 16:42:47","00:00:05","https://nsearchives.nseindia.com/corporate/SUNPHARMA_12102023164242_IntimationSE20231012_Cequa_for_patients_Restasis_Signed.pdf"
"SUNPHARMA","Sun Pharmaceutical Industries Limited","Certificate under SEBI (Depositories and Participants) Regulations, 2018","Sun Pharmaceutical Industries Limited has informed the Exchange about Certificate under SEBI (Depositories and Participants) Regulations, 2018","09-Oct-2023 17:47:44","2023-10-09 17:47:44","09-Oct-2023 17:47:49","00:00:05","https://nsearchives.nseindia.com/corporate/SUNPHARMA_09102023174744_IntimationSigned.pdf"
"SUNPHARMA","Sun Pharmaceutical Industries Limited","Loss of Share Certificates","Sun Pharmaceutical Industries Limited has informed the Exchange about Loss of Share Certificates","09-Oct-2023 17:43:24","2023-10-09 17:43:24","09-Oct-2023 17:43:35","00:00:11","https://nsearchives.nseindia.com/corporate/SUNPHARMA_09102023174324_SEIntimationforLossSigned.pdf"
"SUNPHARMA","Sun Pharmaceutical Industries Limited","Press Release","Sun Pharmaceutical Industries Limited has informed the Exchange regarding a press release dated October 06, 2023, titled ""Sun Pharma Announces US FDA Filing Acceptance of New Drug Application (NDA) For Deuruxolitinib"".","06-Oct-2023 09:05:28","2023-10-06 09:05:28","06-Oct-2023 09:05:34","00:00:06","https://nsearchives.nseindia.com/corporate/SUNPHARMA_06102023090528_DeuruxolitinibUSFDAFilingAcceptanceReleaseOct23.pdf"
"SUNPHARMA","Sun Pharmaceutical Industries Limited","Acquisition","Sun Pharmaceutical Industries Limited has informed the Exchange about Acquisition","05-Oct-2023 19:36:25","2023-10-05 19:36:25","05-Oct-2023 19:36:31","00:00:06","https://nsearchives.nseindia.com/corporate/SUNPHARMA_05102023193625_IntimationSigned.pdf"
"SUNPHARMA","Sun Pharmaceutical Industries Limited","Acquisition","Sun Pharmaceutical Industries Limited has informed the Exchange about Acquisition","28-Sep-2023 16:25:10","2023-09-28 16:25:10","28-Sep-2023 16:25:15","00:00:05","https://nsearchives.nseindia.com/corporate/SUNPHARMA_28092023162510_MexicoIntimationFinalSigned.pdf"
"SUNPHARMA","Sun Pharmaceutical Industries Limited","Press Release","Sun Pharmaceutical Industries Limited has informed the Exchange regarding a press release dated September 27, 2023, titled ""Sun Pharma Canada Launches PRWINLEVI�� (clascoterone cream 1% w/w), a Novel Topical Treatment for Acne"".","27-Sep-2023 12:13:52","2023-09-27 12:13:52","27-Sep-2023 12:13:57","00:00:05","https://nsearchives.nseindia.com/corporate/SUNPHARMA_27092023121352_IntimationSE20230927_Winlevi_launch_in_Canada_Signed.pdf"
"SUNPHARMA","Sun Pharmaceutical Industries Limited","Trading Window","Sun Pharmaceutical Industries Limited has informed the Exchange regarding the Trading Window closure pursuant to SEBI (Prohibition of Insider Trading) Regulations, 2015","25-Sep-2023 16:11:55","2023-09-25 16:11:55","25-Sep-2023 16:12:01","00:00:06","https://nsearchives.nseindia.com/corporate/SUNPHARMA_25092023161155_SEsigned.pdf"
"SUNPHARMA","Sun Pharmaceutical Industries Limited","Loss of Share Certificates","Sun Pharmaceutical Industries Limited has informed the Exchange about Loss of Share Certificates","25-Sep-2023 16:01:42","2023-09-25 16:01:42","25-Sep-2023 16:01:46","00:00:04","https://nsearchives.nseindia.com/corporate/SUNPHARMA_25092023160142_SEIntimationforLosssigned.pdf"
"SUNPHARMA","Sun Pharmaceutical Industries Limited","Loss of Share Certificates","Sun Pharmaceutical Industries Limited has informed the Exchange about Loss of Share Certificates","21-Sep-2023 15:03:37","2023-09-21 15:03:37","21-Sep-2023 15:03:52","00:00:15","https://nsearchives.nseindia.com/corporate/SUNPHARMA_21092023150337_SEIntimationforLossSigned.pdf"
"SUNPHARMA","Sun Pharmaceutical Industries Limited","Loss of Share Certificates","Sun Pharmaceutical Industries Limited has informed the Exchange about Loss of Share Certificates","20-Sep-2023 17:17:06","2023-09-20 17:17:06","20-Sep-2023 17:17:10","00:00:04","https://nsearchives.nseindia.com/corporate/SUNPHARMA_20092023171706_SEIntimationforLossSigned.pdf"
"SUNPHARMA","Sun Pharmaceutical Industries Limited","Analysts/Institutional Investor Meet/Con. Call Updates","Sun Pharmaceutical Industries Limited has informed the Exchange about Schedule of meet","18-Sep-2023 16:56:27","2023-09-18 16:56:27","18-Sep-2023 16:56:31","00:00:04","https://nsearchives.nseindia.com/corporate/SUNPHARMA_18092023165627_IntimationSE20230918_for_Analyst_and_Investor_Meeting_Signed.pdf"
"SUNPHARMA","Sun Pharmaceutical Industries Limited","Press Release","Sun Pharmaceutical Industries Limited has informed the Exchange regarding a press release dated September 14, 2023, titled ""Sun Pharma and Pharmazz Inc. enter into licensing agreement for introducing Tyvalzi  (Sovateltide) in India"".","14-Sep-2023 10:14:59","2023-09-14 10:14:59","14-Sep-2023 10:15:05","00:00:06","https://nsearchives.nseindia.com/corporate/SUNPHARMA_14092023101459_IntimationSE20230914_licensing_agreement_Sovateltide_Signed.pdf"
"SUNPHARMA","Sun Pharmaceutical Industries Limited","Loss of Share Certificates","Sun Pharmaceutical Industries Limited has informed the Exchange about Loss of Share Certificates","12-Sep-2023 18:42:12","2023-09-12 18:42:12","12-Sep-2023 18:42:25","00:00:13","https://nsearchives.nseindia.com/corporate/SUNPHARMA_12092023184212_DuplicateFinalsigned.pdf"
"SUNPHARMA","Sun Pharmaceutical Industries Limited","Loss of Share Certificates","Sun Pharmaceutical Industries Limited has informed the Exchange about Loss of Share Certificates","11-Sep-2023 16:05:33","2023-09-11 16:05:33","11-Sep-2023 16:05:51","00:00:18","https://nsearchives.nseindia.com/corporate/SUNPHARMA_11092023160533_SEIntimationforLosssigned.pdf"
"SUNPHARMA","Sun Pharmaceutical Industries Limited","Investor Presentation","Sun Pharmaceutical Industries Limited has informed the Exchange about Investor Presentation","11-Sep-2023 14:20:39","2023-09-11 14:20:39","11-Sep-2023 14:20:48","00:00:09","https://nsearchives.nseindia.com/corporate/SUNPHARMA_11092023142039_IntimationSE20230911_Investor_Presentation_Signed.pdf"
"SUNPHARMA","Sun Pharmaceutical Industries Limited","Loss of Share Certificates","Sun Pharmaceutical Industries Limited has informed the Exchange about Loss of Share Certificates","30-Aug-2023 12:05:48","2023-08-30 12:05:48","30-Aug-2023 12:05:51","00:00:03","https://nsearchives.nseindia.com/corporate/SUNPHARMA_30082023120548_IntimationSigned.pdf"
"SUNPHARMA","Sun Pharmaceutical Industries Limited","Loss of Share Certificates","Sun Pharmaceutical Industries Limited has informed the Exchange about Loss of Share Certificates","30-Aug-2023 12:03:46","2023-08-30 12:03:46","30-Aug-2023 12:03:55","00:00:09","https://nsearchives.nseindia.com/corporate/SUNPHARMA_30082023120346_IntimationSigned.pdf"
"SUNPHARMA","Sun Pharmaceutical Industries Limited","Updates","Sun Pharmaceutical Industries Limited has informed the Exchange regarding 'Submission of ESG Overview for financial year 2022-23'.","29-Aug-2023 21:03:04","2023-08-29 21:03:04","29-Aug-2023 21:03:11","00:00:07","https://nsearchives.nseindia.com/corporate/SUNPHARMA_29082023210304_SubmissionESGoverviewsigned.pdf"
"SUNPHARMA","Sun Pharmaceutical Industries Limited","Shareholders meeting","Sun Pharmaceutical Industries Limited has submitted the Exchange a copy Srutinizers report of  Annual General Meeting held on August 28, 2023. Further, the company has informed the Exchange regarding voting results.","29-Aug-2023 18:51:30","2023-08-29 18:51:30","29-Aug-2023 18:51:34","00:00:04","https://nsearchives.nseindia.com/corporate/SUNPHARMA_29082023185130_IntimationSigned.pdf"
"SUNPHARMA","Sun Pharmaceutical Industries Limited","Shareholders meeting","Sun Pharmaceutical Industries Limited has informed the Exchange regarding Proceedings of Annual General Meeting held on August 28, 2023","28-Aug-2023 18:53:37","2023-08-28 18:53:37","28-Aug-2023 18:53:41","00:00:04","https://nsearchives.nseindia.com/corporate/SUNPHARMA_28082023185337_IntimationSigned.pdf"
"SUNPHARMA","Sun Pharmaceutical Industries Limited","Updates","Sun Pharmaceutical Industries Limited has informed the Exchange regarding 'Speech delivered at 31st Annual General Meeting'.","28-Aug-2023 18:00:15","2023-08-28 18:00:15","28-Aug-2023 18:00:24","00:00:09","https://nsearchives.nseindia.com/corporate/SUNPHARMA_28082023180015_IntimationSigned.pdf"
"SUNPHARMA","Sun Pharmaceutical Industries Limited","Analysts/Institutional Investor Meet/Con. Call Updates","Sun Pharmaceutical Industries Limited has informed the Exchange about Schedule of meet","24-Aug-2023 14:37:19","2023-08-24 14:37:19","24-Aug-2023 14:37:21","00:00:02","https://nsearchives.nseindia.com/corporate/SUNPHARMA_24082023143719_IntimationSE20230824_for_Analyst_and_Investor_meeting_Signed.pdf"
"SUNPHARMA","Sun Pharmaceutical Industries Limited","Loss of Share Certificates","Sun Pharmaceutical Industries Limited has informed the Exchange about Loss of Share Certificates","19-Aug-2023 21:28:05","2023-08-19 21:28:05","19-Aug-2023 21:28:19","00:00:14","https://nsearchives.nseindia.com/corporate/SUNPHARMA_19082023212805_IntimationSigned.pdf"
"SUNPHARMA","Sun Pharmaceutical Industries Limited","Loss of Share Certificates","Sun Pharmaceutical Industries Limited has informed the Exchange about Loss of Share Certificates","19-Aug-2023 09:02:26","2023-08-19 09:02:26","19-Aug-2023 09:02:41","00:00:15","https://nsearchives.nseindia.com/corporate/SUNPHARMA_19082023090226_IntimationSigned.pdf"
"SUNPHARMA","Sun Pharmaceutical Industries Limited","Analysts/Institutional Investor Meet/Con. Call Updates","Sun Pharmaceutical Industries Limited has informed the Exchange about Schedule of meet","16-Aug-2023 12:21:39","2023-08-16 12:21:39","16-Aug-2023 12:21:50","00:00:11","https://nsearchives.nseindia.com/corporate/SUNPHARMA_16082023122139_IntimationSE20230816_for_Analyst_and_Investor_meeting_Signed.pdf"
"SUNPHARMA","Sun Pharmaceutical Industries Limited","Updates","Sun Pharmaceutical Industries Limited has informed the Exchange regarding 'Disclosure under Regulation 30A of the SEBI (Listing Obligations and Disclosure Requirements) Regulations, 2015'.","14-Aug-2023 19:44:51","2023-08-14 19:44:51","14-Aug-2023 19:45:15","00:00:24","https://nsearchives.nseindia.com/corporate/SUNPHARMA_14082023194451_SEIntimation30A.pdf"
"SUNPHARMA","Sun Pharmaceutical Industries Limited","Updates","Sun Pharmaceutical Industries Limited has informed the Exchange regarding 'Disclosure (details of litigation) under regulation 30 of the SEBI (Listing Obligation and Disclosure Requirements) Regulations, 2015 '.","14-Aug-2023 19:41:27","2023-08-14 19:41:27","14-Aug-2023 19:41:45","00:00:18","https://nsearchives.nseindia.com/corporate/SUNPHARMA_14082023194127_SEIntimationLitigation.pdf"
"SUNPHARMA","Sun Pharmaceutical Industries Limited","Loss of Share Certificates","Sun Pharmaceutical Industries Limited has informed the Exchange about Loss of Share Certificates","11-Aug-2023 17:37:19","2023-08-11 17:37:19","11-Aug-2023 17:39:56","00:02:37","https://nsearchives.nseindia.com/corporate/SUNPHARMA_11082023173719_SEintimationsigned.pdf"
"SUNPHARMA","Sun Pharmaceutical Industries Limited","Loss of Share Certificates","Sun Pharmaceutical Industries Limited has informed the Exchange about Loss of Share Certificates","11-Aug-2023 17:32:48","2023-08-11 17:32:48","11-Aug-2023 17:34:49","00:02:01","https://nsearchives.nseindia.com/corporate/SUNPHARMA_11082023173248_SEIntimationforLosssigned.pdf"
"SUNPHARMA","Sun Pharmaceutical Industries Limited","Analysts/Institutional Investor Meet/Con. Call Updates","Sun Pharmaceutical Industries Limited has informed the Exchange about Transcript","09-Aug-2023 15:03:19","2023-08-09 15:03:19","09-Aug-2023 15:03:44","00:00:25","https://nsearchives.nseindia.com/corporate/SUNPHARMA_09082023150319_IntimationSE20230809EarningsCallTranscriptQ1FY24_Signed.pdf"
"SUNPHARMA","Sun Pharmaceutical Industries Limited","Analysts/Institutional Investor Meet/Con. Call Updates","Sun Pharmaceutical Industries Limited has informed the Exchange about Schedule of meet","04-Aug-2023 14:27:03","2023-08-04 14:27:03","04-Aug-2023 14:27:58","00:00:55","https://nsearchives.nseindia.com/corporate/SUNPHARMA_04082023142703_IntimationSE20230804_for_Analyst_and_Investor_meeting_Signed.pdf"
"SUNPHARMA","Sun Pharmaceutical Industries Limited","Analysts/Institutional Investor Meet/Con. Call Updates","Sun Pharmaceutical Industries Limited has informed the Exchange about Link of Recording","03-Aug-2023 21:01:41","2023-08-03 21:01:41","03-Aug-2023 21:01:53","00:00:12","https://nsearchives.nseindia.com/corporate/SUNPHARMA_03082023210141_IntimationSE20230803_Q1FY24_Investor_Call_Recording.pdf"
"SUNPHARMA","Sun Pharmaceutical Industries Limited","Loss of Share Certificates","Sun Pharmaceutical Industries Limited has informed the Exchange about Loss of Share Certificates","03-Aug-2023 17:22:11","2023-08-03 17:22:11","03-Aug-2023 17:22:25","00:00:14","https://nsearchives.nseindia.com/corporate/SUNPHARMA_03082023172211_IntimationSigned.pdf"
"SUNPHARMA","Sun Pharmaceutical Industries Limited","Press Release","Sun Pharma reports Q1FY24 results","03-Aug-2023 14:21:53","2023-08-03 14:21:53","03-Aug-2023 14:22:19","00:00:26","https://nsearchives.nseindia.com/corporate/SUNPHARMA_03082023142153_IntimationSE20230803_Q1FY24_Financial_Result_Signed.pdf"
"SUNPHARMA","Sun Pharmaceutical Industries Limited","Financial Result Updates","Sun Pharmaceutical Industries Limited has submitted to the Exchange, the financial results for the period ended June 30, 2023.","03-Aug-2023 14:05:07","2023-08-03 14:05:07","03-Aug-2023 14:05:17","00:00:10","https://nsearchives.nseindia.com/corporate/OutcomeSigned_03082023140507.pdf"
"SUNPHARMA","Sun Pharmaceutical Industries Limited","Copy of Newspaper Publication","Sun Pharmaceutical Industries Limited has informed the Exchange about Copy of Newspaper Publication","29-Jul-2023 15:47:52","2023-07-29 15:47:52","29-Jul-2023 15:48:04","00:00:12","https://nsearchives.nseindia.com/corporate/SUNPHARMA_29072023154753_IntimationSigned.pdf"
"SUNPHARMA","Sun Pharmaceutical Industries Limited","Shareholders meeting","Sun Pharmaceutical Industries Limited has informed the Exchange regarding Notice of Annual General Meeting to be held on August 28, 2023","27-Jul-2023 18:09:03","2023-07-27 18:09:03","27-Jul-2023 18:09:18","00:00:15","https://nsearchives.nseindia.com/corporate/SUNPHARMA_27072023180903_AnnualReportFY23.pdf"
"SUNPHARMA","Sun Pharmaceutical Industries Limited","Investor Presentation","Sun Pharmaceutical Industries Limited has informed the Exchange about Investor Presentation","21-Jul-2023 12:47:47","2023-07-21 12:47:47","21-Jul-2023 12:47:53","00:00:06","https://nsearchives.nseindia.com/corporate/SUNPHARMA_21072023124747_IntimationSE20230721_InvestorPresentation_Signed.pdf"
"SUNPHARMA","Sun Pharmaceutical Industries Limited","Updates","Sun Pharmaceutical Industries Limited has informed the Exchange regarding 'Updates with respect to one of the Investee entities'.","20-Jul-2023 15:11:42","2023-07-20 15:11:42","20-Jul-2023 15:12:11","00:00:29","https://nsearchives.nseindia.com/corporate/SUNPHARMA_20072023151142_IntimationSgned.pdf"
"SUNPHARMA","Sun Pharmaceutical Industries Limited","Analysts/Institutional Investor Meet/Con. Call Updates","Sun Pharmaceutical Industries Limited has informed the Exchange about Schedule of meet","17-Jul-2023 18:19:25","2023-07-17 18:19:25","17-Jul-2023 18:19:32","00:00:07","https://nsearchives.nseindia.com/corporate/SUNPHARMA_17072023181925_IntimationSE20230717_Q1FY23_Result_Announcement_Signed.pdf"
"SUNPHARMA","Sun Pharmaceutical Industries Limited","Loss of Share Certificates","Sun Pharmaceutical Industries Limited has informed the Exchange about Loss of Share Certificates","15-Jul-2023 12:08:37","2023-07-15 12:08:37","15-Jul-2023 12:08:51","00:00:14","https://nsearchives.nseindia.com/corporate/SUNPHARMA_15072023120837_DuplicateIntimationSigned.pdf"
"SUNPHARMA","Sun Pharmaceutical Industries Limited","Certificate under SEBI (Depositories and Participants) Regulations, 2018","Sun Pharmaceutical Industries Limited has informed the Exchange about Certificate under SEBI (Depositories and Participants) Regulations, 2018","13-Jul-2023 17:50:51","2023-07-13 17:50:51","13-Jul-2023 17:51:00","00:00:09","https://nsearchives.nseindia.com/corporate/SUNPHARMA_13072023175051_Intimationsigned.pdf"
"SUNPHARMA","Sun Pharmaceutical Industries Limited","Copy of Newspaper Publication","Sun Pharmaceutical Industries Limited has informed the Exchange about Copy of Newspaper Publication","13-Jul-2023 12:54:43","2023-07-13 12:54:43","13-Jul-2023 12:54:51","00:00:08","https://nsearchives.nseindia.com/corporate/SUNPHARMA_13072023125443_SEintimationsigned.pdf"
"SUNPHARMA","Sun Pharmaceutical Industries Limited","Copy of Newspaper Publication","Sun Pharmaceutical Industries Limited has informed the Exchange about Copy of Newspaper Publication","11-Jul-2023 14:38:07","2023-07-11 14:38:07","11-Jul-2023 14:38:14","00:00:07","https://nsearchives.nseindia.com/corporate/SUNPHARMA_11072023143807_SEintimaationsigned.pdf"
"SUNPHARMA","Sun Pharmaceutical Industries Limited","Record Date","Sun Pharmaceutical Industries Limited has informed the Exchange that Record date for the purpose of Dividend  is 28-Jul-2023.","07-Jul-2023 16:32:29","2023-07-07 16:32:29","07-Jul-2023 16:32:37","00:00:08","https://nsearchives.nseindia.com/corporate/SUNPHARMA_07072023163229_IntimationSigned.pdf"
"SUNPHARMA","Sun Pharmaceutical Industries Limited","Updates","Sun Pharmaceutical Industries Limited has informed the Exchange regarding 'Intimation of 31st Annual General Meeting'.","07-Jul-2023 16:21:50","2023-07-07 16:21:50","07-Jul-2023 16:21:57","00:00:07","https://nsearchives.nseindia.com/corporate/SUNPHARMA_07072023162150_IntimationSigned.pdf"
"SUNPHARMA","Sun Pharmaceutical Industries Limited","Disclosure under SEBI Takeover Regulations","Dilip Shanghvi��has Submitted to the Exchange a copy of Disclosure under Regulation 31(4) of the Securities and Exchange Board of India��(Substantial Acquisition of Shares and Takeovers) Regulations, 2011.��","07-Jul-2023 15:52:46","2023-07-07 15:52:46","07-Jul-2023 15:53:52","00:01:06","https://nsearchives.nseindia.com/corporate/SUNPHARMA_07072023155246_SUNPHARMA.pdf"
"SUNPHARMA","Sun Pharmaceutical Industries Limited","Loss of Share Certificates","Sun Pharmaceutical Industries Limited has informed the Exchange about Loss of Share Certificates","03-Jul-2023 19:30:16","2023-07-03 19:30:16","03-Jul-2023 19:30:32","00:00:16","https://nsearchives.nseindia.com/corporate/SUNPHARMA_03072023193016_IntimationSigned.pdf"
"SUNPHARMA","Sun Pharmaceutical Industries Limited","Loss of Share Certificates","Sun Pharmaceutical Industries Limited has informed the Exchange about Loss of Share Certificates","30-Jun-2023 15:08:20","2023-06-30 15:08:20","30-Jun-2023 15:08:25","00:00:05","https://nsearchives.nseindia.com/corporate/SUNPHARMA_30062023150820_IntimationforLoss_signed.pdf"
"SUNPHARMA","Sun Pharmaceutical Industries Limited","Loss of Share Certificates","Sun Pharmaceutical Industries Limited has informed the Exchange about Loss of Share Certificates","29-Jun-2023 18:51:46","2023-06-29 18:51:46","29-Jun-2023 18:51:52","00:00:06","https://nsearchives.nseindia.com/corporate/SUNPHARMA_29062023185146_IntimationforLoss_signed.pdf"
"SUNPHARMA","Sun Pharmaceutical Industries Limited","Trading Window","Sun Pharmaceutical Industries Limited has informed the Exchange regarding the Trading Window closure pursuant to SEBI (Prohibition of Insider Trading) Regulations, 2015","28-Jun-2023 10:03:06","2023-06-28 10:03:06","28-Jun-2023 10:03:11","00:00:05","https://nsearchives.nseindia.com/corporate/SUNPHARMA_28062023100306_SEIntimationforwindowclosure.pdf"
"SUNPHARMA","Sun Pharmaceutical Industries Limited","Press Release","Sun Pharmaceutical Industries Limited has informed the Exchange regarding a press release dated Jun 24, 2023, titled ""Sun Pharma Presents Data from First-in-Human Phase 1 Studies of GL0034 at the American Diabetes Association 83rd Scientific Sessions"".","24-Jun-2023 17:32:34","2023-06-24 17:32:34","24-Jun-2023 17:32:38","00:00:04","https://nsearchives.nseindia.com/corporate/SUNPHARMA_24062023173234_IntimationSigned.pdf"
"SUNPHARMA","Sun Pharmaceutical Industries Limited","Loss of Share Certificates","Sun Pharmaceutical Industries Limited has informed the Exchange about Loss of Share Certificates","21-Jun-2023 10:14:30","2023-06-21 10:14:30","21-Jun-2023 10:14:33","00:00:03","https://nsearchives.nseindia.com/corporate/SUNPHARMA_21062023101430_IntimationSigned.pdf"
"SUNPHARMA","Sun Pharmaceutical Industries Limited","Press Release","Sun Pharmaceutical Industries Limited has informed the Exchange regarding a press release dated Jun 19, 2023, titled ""Sun Pharma Announces Health Canada Approval of PRWINLEVI�� (clascoterone cream 1%) for Topical Treatment of Acne"".","19-Jun-2023 18:02:13","2023-06-19 18:02:13","19-Jun-2023 18:02:17","00:00:04","https://nsearchives.nseindia.com/corporate/SUNPHARMA_19062023180213_IntimationSigned.pdf"
"SUNPHARMA","Sun Pharmaceutical Industries Limited","Loss of Share Certificates","Sun Pharmaceutical Industries Limited has informed the Exchange about Loss of Share Certificates","19-Jun-2023 12:55:57","2023-06-19 12:55:57","19-Jun-2023 12:55:59","00:00:02","https://nsearchives.nseindia.com/corporate/SUNPHARMA_19062023125557_Intimation_signed.pdf"
"SUNPHARMA","Sun Pharmaceutical Industries Limited","Updates","Sun Pharmaceutical Industries Limited has informed the Exchange regarding 'Update   Effective date of appointment of Mr. Rolf Hoffmann as an Independent Director'.","15-Jun-2023 21:03:54","2023-06-15 21:03:54","15-Jun-2023 21:03:59","00:00:05","https://nsearchives.nseindia.com/corporate/SUNPHARMA_15062023210354_4RolfSigned.pdf"
"SUNPHARMA","Sun Pharmaceutical Industries Limited","Loss of Share Certificates","Sun Pharmaceutical Industries Limited has informed the Exchange about Loss of Share Certificates","15-Jun-2023 13:11:47","2023-06-15 13:11:47","15-Jun-2023 13:11:52","00:00:05","https://nsearchives.nseindia.com/corporate/SUNPHARMA_15062023131147_IntimationSigned.pdf"
"SUNPHARMA","Sun Pharmaceutical Industries Limited","Loss of Share Certificates","Sun Pharmaceutical Industries Limited has informed the Exchange about Loss of Share Certificates","10-Jun-2023 11:12:17","2023-06-10 11:12:17","10-Jun-2023 11:12:20","00:00:03","https://nsearchives.nseindia.com/corporate/SUNPHARMA_10062023111217_IntimationSigned.pdf"
"SUNPHARMA","Sun Pharmaceutical Industries Limited","Loss of Share Certificates","Sun Pharmaceutical Industries Limited has informed the Exchange about Loss of Share Certificates","07-Jun-2023 14:43:45","2023-06-07 14:43:45","07-Jun-2023 14:43:53","00:00:08","https://nsearchives.nseindia.com/corporate/SUNPHARMA_07062023144345_IntimationSigned.pdf"
"SUNPHARMA","Sun Pharmaceutical Industries Limited","Analysts/Institutional Investor Meet/Con. Call Updates","Sun Pharmaceutical Industries Limited has informed the Exchange about Transcript","31-May-2023 14:18:27","2023-05-31 14:18:27","31-May-2023 14:18:33","00:00:06","https://nsearchives.nseindia.com/corporate/SUNPHARMA_31052023141827_IntimationSE20230531EarningsCallTranscriptQ4FY23Signed.pdf"
"SUNPHARMA","Sun Pharmaceutical Industries Limited","Annual Secretarial Compliance Report","Annual Secretarial Compliance Report","30-May-2023 22:21:39","2023-05-30 22:21:39","30-May-2023 22:21:44","00:00:05","https://nsearchives.nseindia.com/corporate/SUNPHARMA_30052023222139_IntimationSigned.pdf"
"SUNPHARMA","Sun Pharmaceutical Industries Limited","Analysts/Institutional Investor Meet/Con. Call Updates","Sun Pharmaceutical Industries Limited has informed the Exchange about Schedule of meet","30-May-2023 19:04:58","2023-05-30 19:04:58","30-May-2023 19:05:07","00:00:09","https://nsearchives.nseindia.com/corporate/SUNPHARMA_30052023190458_IntimationSE20230530AnalystMeetIntimationSinged.pdf"
"SUNPHARMA","Sun Pharmaceutical Industries Limited","Loss of Share Certificates","Sun Pharmaceutical Industries Limited has informed the Exchange about Loss of Share Certificates","30-May-2023 18:04:03","2023-05-30 18:04:03","30-May-2023 18:04:22","00:00:19","https://nsearchives.nseindia.com/corporate/SUNPHARMA_30052023180403_IntimationSigned.pdf"
"SUNPHARMA","Sun Pharmaceutical Industries Limited","Press Release","Sun Pharmaceutical Industries Limited has informed the Exchange regarding a press release dated May 30, 2023, titled ""Sun Pharma Announces China NMPA Approval For ILUMETRI (Tildrakizumab Injection) For Treatment Of Adults with Moderate-To-Severe Plaque Psoriasis"".","30-May-2023 17:17:16","2023-05-30 17:17:16","30-May-2023 17:17:25","00:00:09","https://nsearchives.nseindia.com/corporate/SUNPHARMA_30052023171717_IntimationSigned.pdf"
"SUNPHARMA","Sun Pharmaceutical Industries Limited","Press Release","Sun Pharmaceutical Industries Limited has informed the Exchange regarding a press release dated May 30, 2023, titled ""Sun Pharma and Philogen enter into an Exclusive Distribution, License, and Supply Agreement for Commercializing specialty product, NIDLEGY  in Europe, Australia and New Zealand"".","30-May-2023 10:33:55","2023-05-30 10:33:55","30-May-2023 10:34:03","00:00:08","https://nsearchives.nseindia.com/corporate/SUNPHARMA_30052023103355_IntimationFinalSigned.pdf"
"SUNPHARMA","Sun Pharmaceutical Industries Limited","Analysts/Institutional Investor Meet/Con. Call Updates","Sun Pharmaceutical Industries Limited has informed the Exchange about Schedule of meet","27-May-2023 11:38:47","2023-05-27 11:38:47","27-May-2023 11:38:50","00:00:03","https://nsearchives.nseindia.com/corporate/SUNPHARMA_27052023113847_4IntinationSE20230527MeetingSchedule.pdf"
"SUNPHARMA","Sun Pharmaceutical Industries Limited","Updates","Sun Pharmaceutical Industries Limited has informed the Exchange regarding 'Non-binding indication of interest to acquire shares of Taro Pharmaceutical Industries Ltd., Israel'.","27-May-2023 02:56:38","2023-05-27 02:56:38","27-May-2023 02:56:42","00:00:04","https://nsearchives.nseindia.com/corporate/SUNPHARMA_27052023025638_2SEIntimationSigned.pdf"
"SUNPHARMA","Sun Pharmaceutical Industries Limited","Updates","Sun Pharmaceutical Industries Limited has informed the Exchange regarding 'Appointment of Directors'.","27-May-2023 02:44:02","2023-05-27 02:44:02","27-May-2023 02:44:04","00:00:02","https://nsearchives.nseindia.com/corporate/SUNPHARMA_27052023024402_3OutcomeDirectorsSigned.pdf"
"SUNPHARMA","Sun Pharmaceutical Industries Limited","Updates","Sun Pharmaceutical Industries Limited has informed the Exchange regarding 'Update'.","27-May-2023 02:25:27","2023-05-27 02:25:27","27-May-2023 02:25:31","00:00:04","https://nsearchives.nseindia.com/corporate/SUNPHARMA_27052023022527_1AdditionalLetterSigned.pdf"
"SUNPHARMA","Sun Pharmaceutical Industries Limited","Analysts/Institutional Investor Meet/Con. Call Updates","Sun Pharmaceutical Industries Limited has informed the Exchange about Link of Recording","26-May-2023 21:41:14","2023-05-26 21:41:14","26-May-2023 21:41:19","00:00:05","https://nsearchives.nseindia.com/corporate/SUNPHARMA_26052023214114_IntimationSE20230526_Disclosure_Earnings_Call_Audio_Signed.pdf"
"SUNPHARMA","Sun Pharmaceutical Industries Limited","Related Party Transactions","Sun Pharmaceutical Industries Limited has informed the Exchange about related Party Transactions","26-May-2023 21:31:52","2023-05-26 21:31:52","26-May-2023 21:31:58","00:00:06","https://nsearchives.nseindia.com/corporate/SUNPHARMA_26052023213152_RPTLetterSigned.pdf"
"SUNPHARMA","Sun Pharmaceutical Industries Limited","Loss of Share Certificates","Sun Pharmaceutical Industries Limited has informed the Exchange about Loss of Share Certificates","26-May-2023 18:46:10","2023-05-26 18:46:10","26-May-2023 18:46:24","00:00:14","https://nsearchives.nseindia.com/corporate/SUNPHARMA_26052023184610_DuplicateFinalSigned.pdf"
"SUNPHARMA","Sun Pharmaceutical Industries Limited","Press Release","Sun Pharmaceutical Industries Limited has informed the Exchange regarding a press release dated May 26, 2023, titled ""Press Release Sun Pharma Q4 FY23 Financial Result"".","26-May-2023 15:00:41","2023-05-26 15:00:41","26-May-2023 15:00:53","00:00:12","https://nsearchives.nseindia.com/corporate/SUNPHARMA_26052023150041_PressReleaseSigned.pdf"
"SUNPHARMA","Sun Pharmaceutical Industries Limited","Dividend Updates","Sun Pharmaceutical Industries Limited has informed the Exchange about Dividend Updates","26-May-2023 14:50:10","2023-05-26 14:50:10","26-May-2023 14:50:51","00:00:41","https://nsearchives.nseindia.com/corporate/SUNPHARMA_26052023145010_OutcomeSigned.pdf"
"SUNPHARMA","Sun Pharmaceutical Industries Limited","Financial Result Updates","Sun Pharmaceutical Industries Limited has submitted to the Exchange, the financial results for the period ended March 31, 2023.","26-May-2023 14:47:35","2023-05-26 14:47:35","26-May-2023 14:47:43","00:00:08","https://nsearchives.nseindia.com/corporate/OutcomeSigned_26052023144735.pdf"
"SUNPHARMA","Sun Pharmaceutical Industries Limited","Loss of Share Certificates","Sun Pharmaceutical Industries Limited has informed the Exchange about Loss of Share Certificates","25-May-2023 16:16:58","2023-05-25 16:16:58","25-May-2023 16:17:01","00:00:03","https://nsearchives.nseindia.com/corporate/SUNPHARMA_25052023161658_IntimationSigned.pdf"
"SUNPHARMA","Sun Pharmaceutical Industries Limited","Loss of Share Certificates","Sun Pharmaceutical Industries Limited has informed the Exchange about Loss of Share Certificates","12-May-2023 18:50:30","2023-05-12 18:50:30","12-May-2023 18:50:37","00:00:07","https://nsearchives.nseindia.com/corporate/SUNPHARMA_12052023185030_DuplicateFinalSigned.pdf"
"SUNPHARMA","Sun Pharmaceutical Industries Limited","Analysts/Institutional Investor Meet/Con. Call Updates","Sun Pharmaceutical Industries Limited has informed the Exchange about Schedule of meet","11-May-2023 17:01:11","2023-05-11 17:01:11","11-May-2023 17:01:16","00:00:05","https://nsearchives.nseindia.com/corporate/SUNPHARMA_11052023170111_IntimationSE20230511_Q4FY23_Result_Announcement_26May2023_Signed.pdf"
"SUNPHARMA","Sun Pharmaceutical Industries Limited","Loss of Share Certificates","Sun Pharmaceutical Industries Limited has informed the Exchange about Loss of Share Certificates","05-May-2023 12:57:10","2023-05-05 12:57:10","05-May-2023 12:57:13","00:00:03","https://nsearchives.nseindia.com/corporate/SUNPHARMA_05052023125710_Intimationsigned.pdf"
"SUNPHARMA","Sun Pharmaceutical Industries Limited","Loss of Share Certificates","Sun Pharmaceutical Industries Limited has informed the Exchange about Loss of Share Certificates","03-May-2023 18:42:34","2023-05-03 18:42:34","03-May-2023 18:42:37","00:00:03","https://nsearchives.nseindia.com/corporate/SUNPHARMA_03052023184234_Intimation_signed.pdf"
"SUNPHARMA","Sun Pharmaceutical Industries Limited","Updates","Sun Pharmaceutical Industries Limited has informed the Exchange regarding 'Deuruxolitinib (CTP-543) Clinical Program Update'.","02-May-2023 08:42:30","2023-05-02 08:42:30","02-May-2023 08:42:34","00:00:04","https://nsearchives.nseindia.com/corporate/SUNPHARMA_02052023084230_IntimationSigned.pdf"
"SUNPHARMA","Sun Pharmaceutical Industries Limited","Loss of Share Certificates","Sun Pharmaceutical Industries Limited has informed the Exchange about Loss of Share Certificates","28-Apr-2023 18:18:36","2023-04-28 18:18:36","28-Apr-2023 18:18:40","00:00:04","https://nsearchives.nseindia.com/corporate/SUNPHARMA_28042023181836_Duplicatesigned.pdf"
"SUNPHARMA","Sun Pharmaceutical Industries Limited","Investor Presentation","Sun Pharmaceutical Industries Limited has informed the Exchange about Investor Presentation","28-Apr-2023 17:10:10","2023-04-28 17:10:10","28-Apr-2023 17:10:18","00:00:08","https://nsearchives.nseindia.com/corporate/SUNPHARMA_28042023171010_IntimationSE20230428_Investor_Presentation_Signed.pdf"
"SUNPHARMA","Sun Pharmaceutical Industries Limited","Press Release","Sun Pharmaceutical Industries Limited has informed the Exchange regarding a press release dated April 25, 2023, titled ""Sun Pharma launches CEQUA��, a novel therapy for Dry Eye Disease in India"".","25-Apr-2023 12:45:46","2023-04-25 12:45:46","25-Apr-2023 12:45:53","00:00:07","https://nsearchives.nseindia.com/corporate/SUNPHARMA_25042023124546_IntimationSigned.pdf"
"SUNPHARMA","Sun Pharmaceutical Industries Limited","Loss of Share Certificates","Sun Pharmaceutical Industries Limited has informed the Exchange about Loss of Share Certificates","24-Apr-2023 18:10:33","2023-04-24 18:10:33","24-Apr-2023 18:10:35","00:00:02","https://nsearchives.nseindia.com/corporate/SUNPHARMA_24042023181033_Losssigned.pdf"
"SUNPHARMA","Sun Pharmaceutical Industries Limited","Updates","Sun Pharmaceutical Industries Limited has informed the Exchange regarding 'Update on Mohali facility'.","23-Apr-2023 11:34:19","2023-04-23 11:34:19","23-Apr-2023 11:34:22","00:00:03","https://nsearchives.nseindia.com/corporate/SUNPHARMA_23042023113419_Intimation.pdf"
"SUNPHARMA","Sun Pharmaceutical Industries Limited","Certificate under SEBI (Depositories and Participants) Regulations, 2018","Sun Pharmaceutical Industries Limited has informed the Exchange about Certificate under SEBI (Depositories and Participants) Regulations, 2018","17-Apr-2023 12:48:44","2023-04-17 12:48:44","17-Apr-2023 12:48:48","00:00:04","https://nsearchives.nseindia.com/corporate/SUNPHARMA_17042023124844_IntimationSigned.pdf"
"SUNPHARMA","Sun Pharmaceutical Industries Limited","Loss of Share Certificates","Sun Pharmaceutical Industries Limited has informed the Exchange about Loss of Share Certificates","15-Apr-2023 17:19:54","2023-04-15 17:19:54","15-Apr-2023 17:19:57","00:00:03","https://nsearchives.nseindia.com/corporate/SUNPHARMA_15042023171954_DuplicateFinalSigned.pdf"
"SUNPHARMA","Sun Pharmaceutical Industries Limited","Loss of Share Certificates","Sun Pharmaceutical Industries Limited has informed the Exchange about Loss of Share Certificates","08-Apr-2023 12:33:46","2023-04-08 12:33:46","08-Apr-2023 12:33:51","00:00:05","https://nsearchives.nseindia.com/corporate/SUNPHARMA_08042023123346_Duplicate_Signed.pdf"
"SUNPHARMA","Sun Pharmaceutical Industries Limited","Loss of Share Certificates","Sun Pharmaceutical Industries Limited has informed the Exchange about Loss of Share Certificates","08-Apr-2023 12:30:39","2023-04-08 12:30:39","08-Apr-2023 12:30:43","00:00:04","https://nsearchives.nseindia.com/corporate/SUNPHARMA_08042023123039_Loss_Signed.pdf"
"SUNPHARMA","Sun Pharmaceutical Industries Limited","Loss of Share Certificates","Sun Pharmaceutical Industries Limited has informed the Exchange about Loss of Share Certificates","06-Apr-2023 20:52:29","2023-04-06 20:52:29","06-Apr-2023 20:52:33","00:00:04","https://nsearchives.nseindia.com/corporate/SUNPHARMA_06042023205229_IntimationSigned.pdf"
"SUNPHARMA","Sun Pharmaceutical Industries Limited","Loss of Share Certificates","Sun Pharmaceutical Industries Limited has informed the Exchange about Loss of Share Certificates","01-Apr-2023 15:06:16","2023-04-01 15:06:16","01-Apr-2023 15:06:20","00:00:04","https://nsearchives.nseindia.com/corporate/SUNPHARMA_01042023150616_IntimationSigned.pdf"
"SUNPHARMA","Sun Pharmaceutical Industries Limited","Loss of Share Certificates","Sun Pharmaceutical Industries Limited has informed the Exchange about Loss of Share Certificates","29-Mar-2023 16:15:27","2023-03-29 16:15:27","29-Mar-2023 16:15:29","00:00:02","https://nsearchives.nseindia.com/corporate/SUNPHARMA_29032023161527_Intimation2903signed.pdf"
"SUNPHARMA","Sun Pharmaceutical Industries Limited","Trading Window","Sun Pharmaceutical Industries Limited has informed the Exchange regarding the Trading Window closure pursuant to SEBI (Prohibition of Insider Trading) Regulations, 2015","27-Mar-2023 18:25:15","2023-03-27 18:25:15","27-Mar-2023 18:25:24","00:00:09","https://nsearchives.nseindia.com/corporate/SUNPHARMA_27032023182515_Intimationsigned.pdf"
"SUNPHARMA","Sun Pharmaceutical Industries Limited","Updates","Sun Pharmaceutical Industries Limited has informed the Exchange regarding 'Further to our intimation filed on 2nd March 2023, regarding an Information Technology ( IT ) security incident, we wish to provide an update.'.","26-Mar-2023 22:40:38","2023-03-26 22:40:38","26-Mar-2023 22:40:42","00:00:04","https://nsearchives.nseindia.com/corporate/SUNPHARMA_26032023224038_Intimationsigned.pdf"
"SUNPHARMA","Sun Pharmaceutical Industries Limited","Loss of Share Certificates","Sun Pharmaceutical Industries Limited has informed the Exchange about Loss of Share Certificates","25-Mar-2023 19:33:03","2023-03-25 19:33:03","25-Mar-2023 19:33:06","00:00:03","https://nsearchives.nseindia.com/corporate/SUNPHARMA_25032023193303_Duplicatesigned.pdf"
"SUNPHARMA","Sun Pharmaceutical Industries Limited","Acquisition","Sun Pharmaceutical Industries Limited has informed the Exchange about Acquisition","24-Mar-2023 18:19:33","2023-03-24 18:19:33","24-Mar-2023 18:19:37","00:00:04","https://nsearchives.nseindia.com/corporate/SUNPHARMA_24032023181933_Intimationsigned.pdf"
"SUNPHARMA","Sun Pharmaceutical Industries Limited","Loss of Share Certificates","Sun Pharmaceutical Industries Limited has informed the Exchange about Loss of Share Certificates","22-Mar-2023 18:10:49","2023-03-22 18:10:49","22-Mar-2023 18:10:54","00:00:05","https://nsearchives.nseindia.com/corporate/SUNPHARMA_22032023181049_Intimationsigned.pdf"
"SUNPHARMA","Sun Pharmaceutical Industries Limited","Press Release","Sun Pharmaceutical Industries Limited has informed the Exchange regarding a press release dated March 22, 2023, titled ""Osteoarthritis Candidate MM-II Showed Durable Pain Relief in Global Phase 2b Study"".","22-Mar-2023 18:05:37","2023-03-22 18:05:37","22-Mar-2023 18:05:43","00:00:06","https://nsearchives.nseindia.com/corporate/SUNPHARMA_22032023180537_IntimationSigned.pdf"
"SUNPHARMA","Sun Pharmaceutical Industries Limited","Loss of Share Certificates","Sun Pharmaceutical Industries Limited has informed the Exchange about Loss of Share Certificates","21-Mar-2023 16:14:19","2023-03-21 16:14:19","21-Mar-2023 16:14:24","00:00:05","https://nsearchives.nseindia.com/corporate/SUNPHARMA_21032023161419_Intimationsigned.pdf"
"SUNPHARMA","Sun Pharmaceutical Industries Limited","Loss of Share Certificates","Sun Pharmaceutical Industries Limited has informed the Exchange about Loss of Share Certificates","19-Mar-2023 18:44:56","2023-03-19 18:44:56","19-Mar-2023 18:45:00","00:00:04","https://nsearchives.nseindia.com/corporate/SUNPHARMA_19032023184456_DuplicateFinalSigned.pdf"
"SUNPHARMA","Sun Pharmaceutical Industries Limited","Press Release","Sun Pharmaceutical Industries Limited has informed the Exchange regarding a press release dated March 18, 2023, titled ""Late-Breaking Phase 3 Data at AAD 2023 Show Oral Investigational Medicine Deuruxolitinib Significantly Improved Scalp Hair Regrowth in Alopecia Areata"".","19-Mar-2023 07:50:53","2023-03-19 07:50:53","19-Mar-2023 07:50:56","00:00:03","https://nsearchives.nseindia.com/corporate/SUNPHARMA_19032023075053_IntimationSigned.pdf"
"SUNPHARMA","Sun Pharmaceutical Industries Limited","Loss of Share Certificates","Sun Pharmaceutical Industries Limited has informed the Exchange about Loss of Share Certificates","17-Mar-2023 14:30:25","2023-03-17 14:30:25","17-Mar-2023 14:30:28","00:00:03","https://nsearchives.nseindia.com/corporate/SUNPHARMA_17032023143025_Duplicateintimationsigned.pdf"
"SUNPHARMA","Sun Pharmaceutical Industries Limited","Loss of Share Certificates","Sun Pharmaceutical Industries Limited has informed the Exchange about Loss of Share Certificates","17-Mar-2023 14:25:23","2023-03-17 14:25:23","17-Mar-2023 14:25:27","00:00:04","https://nsearchives.nseindia.com/corporate/SUNPHARMA_17032023142523_intimationsigned.pdf"
"SUNPHARMA","Sun Pharmaceutical Industries Limited","Loss of Share Certificates","Sun Pharmaceutical Industries Limited has informed the Exchange about Loss of Share Certificates","16-Mar-2023 16:01:05","2023-03-16 16:01:05","16-Mar-2023 16:01:09","00:00:04","https://nsearchives.nseindia.com/corporate/SUNPHARMA_16032023160105_IntimationSigned.pdf"
"SUNPHARMA","Sun Pharmaceutical Industries Limited","Analysts/Institutional Investor Meet/Con. Call Updates","Sun Pharmaceutical Industries Limited has informed the Exchange about Schedule of meet","14-Mar-2023 10:55:51","2023-03-14 10:55:51","14-Mar-2023 10:56:01","00:00:10","https://nsearchives.nseindia.com/corporate/SUNPHARMA_14032023105551_IntimationSE20230314_for_Analyst_and_Investor_meeting_Signed.pdf"
"SUNPHARMA","Sun Pharmaceutical Industries Limited","Loss of Share Certificates","Sun Pharmaceutical Industries Limited has informed the Exchange about Loss of Share Certificates","13-Mar-2023 12:34:45","2023-03-13 12:34:45","13-Mar-2023 12:35:08","00:00:23","https://nsearchives.nseindia.com/corporate/SUNPHARMA_13032023123445_IntimationSigned.pdf"
"SUNPHARMA","Sun Pharmaceutical Industries Limited","Updates","Sun Pharmaceutical Industries Limited has informed the Exchange regarding 'Sun Pharma Completes Acquisition of Concert Pharmaceuticals'.","06-Mar-2023 19:00:50","2023-03-06 19:00:50","06-Mar-2023 19:00:54","00:00:04","https://nsearchives.nseindia.com/corporate/SUNPHARMA_06032023190050_IntimationSigned.pdf"
"SUNPHARMA","Sun Pharmaceutical Industries Limited","Analysts/Institutional Investor Meet/Con. Call Updates","Sun Pharmaceutical Industries Limited has informed the Exchange about Schedule of meet","03-Mar-2023 13:19:41","2023-03-03 13:19:41","03-Mar-2023 13:19:49","00:00:08","https://nsearchives.nseindia.com/corporate/SUNPHARMA_03032023131941_IntimationSE20230303_for_Analyst_and_Investor_meeting_Signed.pdf"
"SUNPHARMA","Sun Pharmaceutical Industries Limited","Updates","Sun Pharmaceutical Industries Limited has informed the Exchange regarding 'Intimation of IT Security Incident'.","02-Mar-2023 10:47:53","2023-03-02 10:47:53","02-Mar-2023 10:47:57","00:00:04","https://nsearchives.nseindia.com/corporate/SUNPHARMA_02032023104753_IntimationSigned.pdf"
"SUNPHARMA","Sun Pharmaceutical Industries Limited","Acquisition","Sun Pharmaceutical Industries Limited has informed the Exchange about Acquisition","18-Feb-2023 19:33:10","2023-02-18 19:33:10","18-Feb-2023 19:33:12","00:00:02","https://nsearchives.nseindia.com/corporate/SUNPHARMA_18022023193310_IntimationSigned.pdf"
"SUNPHARMA","Sun Pharmaceutical Industries Limited","Loss of Share Certificates","Sun Pharmaceutical Industries Limited has informed the Exchange about Loss of Share Certificates","17-Feb-2023 19:05:33","2023-02-17 19:05:33","17-Feb-2023 19:05:35","00:00:02","https://nsearchives.nseindia.com/corporate/SUNPHARMA_17022023190533_IntimationSigned.pdf"
"SUNPHARMA","Sun Pharmaceutical Industries Limited","Loss of Share Certificates","Sun Pharmaceutical Industries Limited has informed the Exchange about Loss of Share Certificates","14-Feb-2023 17:38:32","2023-02-14 17:38:32","14-Feb-2023 17:38:34","00:00:02","https://nsearchives.nseindia.com/corporate/SUNPHARMA_14022023173832_Intimation_signed.pdf"
"SUNPHARMA","Sun Pharmaceutical Industries Limited","Loss of Share Certificates","Sun Pharmaceutical Industries Limited has informed the Exchange about Loss of Share Certificates","10-Feb-2023 17:27:22","2023-02-10 17:27:22","10-Feb-2023 17:27:27","00:00:05","https://nsearchives.nseindia.com/corporate/SUNPHARMA_10022023172722_DuplicateFinalSigned.pdf"
"SUNPHARMA","Sun Pharmaceutical Industries Limited","Press Release","Sun Pharmaceutical Industries Limited has informed the Exchange regarding a press release dated February 10, 2023, titled ""Sun Pharma Announces US FDA Approval for Generic Lenalidomide Capsules"".","10-Feb-2023 10:59:11","2023-02-10 10:59:11","10-Feb-2023 10:59:19","00:00:08","https://nsearchives.nseindia.com/corporate/SUNPHARMA_10022023105911_IntimationSE20230210_USFDA_Approval_Lenalidomide_Capsules_Signed.pdf"
"SUNPHARMA","Sun Pharmaceutical Industries Limited","Loss of Share Certificates","Sun Pharmaceutical Industries Limited has informed the Exchange about Loss of Share Certificates","03-Feb-2023 19:54:27","2023-02-03 19:54:27","03-Feb-2023 19:54:31","00:00:04","https://nsearchives.nseindia.com/corporate/SUNPHARMA_03022023195427_DuplicateFinalsigned.pdf"
"SUNPHARMA","Sun Pharmaceutical Industries Limited","Loss of Share Certificates","Sun Pharmaceutical Industries Limited has informed the Exchange about Loss of Share Certificates","03-Feb-2023 19:52:23","2023-02-03 19:52:23","03-Feb-2023 19:52:25","00:00:02","https://nsearchives.nseindia.com/corporate/SUNPHARMA_03022023195223_Intimationsigned.pdf"
"SUNPHARMA","Sun Pharmaceutical Industries Limited","Analysts/Institutional Investor Meet/Con. Call Updates","Sun Pharmaceutical Industries Limited has informed the Exchange about Schedule of meet","03-Feb-2023 16:44:34","2023-02-03 16:44:34","03-Feb-2023 16:44:37","00:00:03","https://nsearchives.nseindia.com/corporate/SUNPHARMA_03022023164434_IntimationSE20230203_for_Analyst_and_Investor_meeting_Signed.pdf"
"SUNPHARMA","Sun Pharmaceutical Industries Limited","Analysts/Institutional Investor Meet/Con. Call Updates","Sun Pharmaceutical Industries Limited has informed the Exchange about Transcript","01-Feb-2023 20:08:37","2023-02-01 20:08:37","01-Feb-2023 20:08:42","00:00:05","https://nsearchives.nseindia.com/corporate/SUNPHARMA_01022023200837_IntimationSE20230201_Q3FY23_Transcript_Signed.pdf"
"SUNPHARMA","Sun Pharmaceutical Industries Limited","Analysts/Institutional Investor Meet/Con. Call Updates","Sun Pharmaceutical Industries Limited has informed the Exchange about Link of Recording","01-Feb-2023 08:24:29","2023-02-01 08:24:29","01-Feb-2023 08:24:32","00:00:03","https://nsearchives.nseindia.com/corporate/SUNPHARMA_01022023082429_IntimationSE20230131_Disclosure_Earnings_Call_Audio_Signed.pdf"
"SUNPHARMA","Sun Pharmaceutical Industries Limited","Press Release","Sun Pharmaceutical Industries Limited has informed the Exchange regarding a press release dated January 31, 2023, titled ""Sun Pharma reports Q3FY23 results"".","31-Jan-2023 14:26:26","2023-01-31 14:26:26","31-Jan-2023 14:26:32","00:00:06","https://nsearchives.nseindia.com/corporate/SUNPHARMA_31012023142626_IntimationSE20230131_Q3FY23_Financial_Press_Release_signed.pdf"
"SUNPHARMA","Sun Pharmaceutical Industries Limited","Change in Director(s)","Sun Pharmaceutical Industries Limited has informed the Exchange regarding Change in Director(s) of the company.","31-Jan-2023 13:36:16","2023-01-31 13:36:16","31-Jan-2023 13:36:20","00:00:04","https://nsearchives.nseindia.com/corporate/SUNPHARMA_31012023133616_IntimationSigned.pdf"
"SUNPHARMA","Sun Pharmaceutical Industries Limited","Record Date","Sun Pharmaceutical Industries Limited has informed the Exchange that Record date for the purpose of Dividend  is 08-Feb-2023.","31-Jan-2023 13:32:18","2023-01-31 13:32:18","31-Jan-2023 13:32:28","00:00:10","https://nsearchives.nseindia.com/corporate/SUNPHARMA_31012023133218_IntimationSigned.pdf"
"SUNPHARMA","Sun Pharmaceutical Industries Limited","Financial Result Updates","Sun Pharmaceutical Industries Limited has submitted to the Exchange, the financial results for the period ended December 31, 2022.","31-Jan-2023 13:28:17","2023-01-31 13:28:17","31-Jan-2023 13:28:25","00:00:08","https://nsearchives.nseindia.com/corporate/IntimationSigned_31012023132817.pdf"
"SUNPHARMA","Sun Pharmaceutical Industries Limited","Press Release","Sun Pharmaceutical Industries Limited has informed the Exchange regarding a press release dated January 30, 2023, titled ""Sun Pharma acquires Disperzyme�� and Phlogam�� brands to strengthen its anti-inflammatory portfolio"".","30-Jan-2023 11:42:13","2023-01-30 11:42:13","30-Jan-2023 11:42:22","00:00:09","https://nsearchives.nseindia.com/corporate/SUNPHARMA_30012023114213_IntimationSE20230130_Disperzyme_and_Phlogam_brand_acquisition_signed.pdf"
"SUNPHARMA","Sun Pharmaceutical Industries Limited","Shareholders meeting","Sun Pharmaceutical Industries Limited has submitted the Exchange a copy Srutinizers report of  Postal Ballot. Further, the company has informed the Exchange regarding voting results.","27-Jan-2023 20:51:22","2023-01-27 20:51:22","27-Jan-2023 20:51:27","00:00:05","https://nsearchives.nseindia.com/corporate/SUNPHARMA_27012023205122_IntimationSigned.pdf"
"SUNPHARMA","Sun Pharmaceutical Industries Limited","Updates","Sun Pharmaceutical Industries Limited has informed the Exchange regarding 'Corrigendum to our intimation dated December 23, 2022 for filing of Sustainability Report 2021-22'.","27-Jan-2023 18:06:03","2023-01-27 18:06:03","27-Jan-2023 18:06:10","00:00:07","https://nsearchives.nseindia.com/corporate/SUNPHARMA_27012023180603_20230127IntimationSE_Corrigendum_Sustainability_Report_2021_22_Signed.pdf"
"SUNPHARMA","Sun Pharmaceutical Industries Limited","Loss of Share Certificates","Sun Pharmaceutical Industries Limited has informed the Exchange about Loss of Share Certificates","27-Jan-2023 15:07:47","2023-01-27 15:07:47","27-Jan-2023 15:07:51","00:00:04","https://nsearchives.nseindia.com/corporate/SUNPHARMA_27012023150747_Intimation_signed.pdf"
"SUNPHARMA","Sun Pharmaceutical Industries Limited","Press Release","Sun Pharmaceutical Industries Limited has informed the Exchange regarding a press release dated January 25, 2023, titled ""Sun Pharma Launches SEZABY  (phenobarbital sodium) in the U.S. for Treatment of Neonatal Seizures"".","25-Jan-2023 14:06:09","2023-01-25 14:06:09","25-Jan-2023 14:06:21","00:00:12","https://nsearchives.nseindia.com/corporate/SUNPHARMA_25012023140609_IntimationSE20230125_launch_SEZABY_in_US_Signed.pdf"
"SUNPHARMA","Sun Pharmaceutical Industries Limited","Loss of Share Certificates","Sun Pharmaceutical Industries Limited has informed the Exchange about Loss of Share Certificates","22-Jan-2023 17:52:33","2023-01-22 17:52:33","22-Jan-2023 17:52:35","00:00:02","https://nsearchives.nseindia.com/corporate/SUNPHARMA_22012023175233_DuplicateFinal_Signed.pdf"
"SUNPHARMA","Sun Pharmaceutical Industries Limited","Acquisition","Sun Pharmaceutical Industries Limited has informed the Exchange about updates on Acquisition","19-Jan-2023 20:01:41","2023-01-19 20:01:41","19-Jan-2023 20:01:44","00:00:03","https://nsearchives.nseindia.com/corporate/SUNPHARMA_19012023200141_Intimation2Signed.pdf"
"SUNPHARMA","Sun Pharmaceutical Industries Limited","Acquisition","Sun Pharmaceutical Industries Limited has informed the Exchange about Acquisition","19-Jan-2023 18:36:05","2023-01-19 18:36:05","19-Jan-2023 18:36:10","00:00:05","https://nsearchives.nseindia.com/corporate/SUNPHARMA_19012023183605_Intimation1Signed.pdf"
"SUNPHARMA","Sun Pharmaceutical Industries Limited","Loss of Share Certificates","Sun Pharmaceutical Industries Limited has informed the Exchange about Loss of Share Certificates","18-Jan-2023 18:43:44","2023-01-18 18:43:44","18-Jan-2023 18:43:48","00:00:04","https://nsearchives.nseindia.com/corporate/SUNPHARMA_18012023184344_IntimationSigned.pdf"
"SUNPHARMA","Sun Pharmaceutical Industries Limited","Press Release","Sun Pharmaceutical Industries Limited has informed the Exchange regarding a press release dated January 17, 2023, titled ""Sun Pharma to announce third quarter results on January 31, 2023"".","17-Jan-2023 15:49:57","2023-01-17 15:49:57","17-Jan-2023 15:49:59","00:00:02","https://nsearchives.nseindia.com/corporate/SUNPHARMA_17012023154957_IntimationSE20130117_Q3FY23_Result_Announcement_31Jan2023_Signed.pdf"
"SUNPHARMA","Sun Pharmaceutical Industries Limited","News Verification","The Exchange has sought clarification from Sun Pharmaceutical Industries Limited with respect to recent news item captioned USFDA pulls up Sun Pharma for lapses in Halol plant.  The response from the Company is attached.","17-Jan-2023 15:17:00","2023-01-17 15:17:00","17-Jan-2023 15:17:38","00:00:38","https://nsearchives.nseindia.com/corporate/SUNPHARMA_17012023151735_IntimationSigned.pdf"
"SUNPHARMA","Sun Pharmaceutical Industries Limited","Loss of Share Certificates","Sun Pharmaceutical Industries Limited has informed the Exchange about Loss of Share Certificates","16-Jan-2023 19:44:25","2023-01-16 19:44:25","16-Jan-2023 19:44:29","00:00:04","https://nsearchives.nseindia.com/corporate/SUNPHARMA_16012023194425_IntimationSigned.pdf"
"SUNPHARMA","Sun Pharmaceutical Industries Limited","Dividend Updates","Sun Pharmaceutical Industries Limited has informed the Exchange about Dividend Updates","16-Jan-2023 19:20:03","2023-01-16 19:20:03","16-Jan-2023 19:20:09","00:00:06","https://nsearchives.nseindia.com/corporate/SUNPHARMA_16012023192003_IntimationSigned.pdf"
"SUNPHARMA","Sun Pharmaceutical Industries Limited","News Verification","The Exchange has sought clarification from Sun Pharmaceutical Industries Limited with respect to recent news item captioned USFDA pulls up Sun Pharma for lapses in Halol plant.  The response from the Company is awaited.","16-Jan-2023 18:22:00","2023-01-16 18:22:00","16-Jan-2023 18:22:43","00:00:43","-"
"SUNPHARMA","Sun Pharmaceutical Industries Limited","Investor Presentation","Sun Pharmaceutical Industries Limited has informed the Exchange about Investor Presentation","16-Jan-2023 16:43:55","2023-01-16 16:43:55","16-Jan-2023 16:43:57","00:00:02","https://nsearchives.nseindia.com/corporate/SUNPHARMA_16012023164355_IntimationSE20230116_Investor_Presentation_December_2022_Signed.pdf"
"SUNPHARMA","Sun Pharmaceutical Industries Limited","Loss of Share Certificates","Sun Pharmaceutical Industries Limited has informed the Exchange about Loss of Share Certificates","12-Jan-2023 19:18:18","2023-01-12 19:18:18","12-Jan-2023 19:18:23","00:00:05","https://nsearchives.nseindia.com/corporate/SUNPHARMA_12012023191818_IntimationS.pdf"
"SUNPHARMA","Sun Pharmaceutical Industries Limited","Press Release","Sun Pharmaceutical Industries Limited has informed the Exchange regarding a press release dated January 11, 2023, titled ""Sun Pharma launches Palbociclib, a novel targeted therapy for advanced breast cancer with a unique Patient Assistance Program"".","11-Jan-2023 10:16:23","2023-01-11 10:16:23","11-Jan-2023 10:16:30","00:00:07","https://nsearchives.nseindia.com/corporate/SUNPHARMA_11012023101623_IntimationSE230111_Launch_of_Palbociclib_in_India_Signed.pdf"
"SUNPHARMA","Sun Pharmaceutical Industries Limited","Certificate under SEBI (Depositories and Participants) Regulations, 2018","Sun Pharmaceutical Industries Limited has informed the Exchange about Certificate under SEBI (Depositories and Participants) Regulations, 2018","10-Jan-2023 15:46:50","2023-01-10 15:46:50","10-Jan-2023 15:46:55","00:00:05","https://nsearchives.nseindia.com/corporate/SUNPHARMA_10012023154650_IntimationS.pdf"
"SUNPHARMA","Sun Pharmaceutical Industries Limited","Loss of Share Certificates","Sun Pharmaceutical Industries Limited has informed the Exchange about Loss of Share Certificates","07-Jan-2023 17:30:47","2023-01-07 17:30:47","07-Jan-2023 17:30:49","00:00:02","https://nsearchives.nseindia.com/corporate/SUNPHARMA_07012023173047_Intimation_signed.pdf"
"SUNPHARMA","Sun Pharmaceutical Industries Limited","Loss of Share Certificates","Sun Pharmaceutical Industries Limited has informed the Exchange about Loss of Share Certificates","03-Jan-2023 16:24:07","2023-01-03 16:24:07","03-Jan-2023 16:24:12","00:00:05","https://nsearchives.nseindia.com/corporate/SUNPHARMA_03012023162407_Intimationsigned.pdf"