"Symbol  ","Series  ","Date  ","Prev Close  ","Open Price  ","High Price  ","Low Price  ","Last Price  ","Close Price  ","Average Price ","Total Traded Quantity  ","Turnover ₹  ","No. of Trades  ","Deliverable Qty  ","% Dly Qt to Traded Qty  "
"SUNPHARMA","EQ","31-Dec-2025","1,720.20","1,720.20","1,725.60","1,715.50","1,720.00","1,719.70","1,720.23","14,28,439","2,45,72,49,596.70","77,219","10,29,019","72.04"
"SUNPHARMA","EQ","30-Dec-2025","1,717.20","1,723.10","1,723.10","1,707.00","1,720.00","1,720.20","1,717.43","26,39,497","4,53,31,47,074.40","1,02,167","20,30,102","76.91"
"SUNPHARMA","EQ","29-Dec-2025","1,719.50","1,719.50","1,727.50","1,710.30","1,718.00","1,717.20","1,720.24","18,00,816","3,09,78,41,347.80","68,826","12,38,928","68.80"
"SUNPHARMA","EQ","26-Dec-2025","1,737.00","1,737.00","1,737.00","1,708.00","1,720.00","1,719.50","1,716.05","25,07,337","4,30,27,18,010.20","1,01,172","14,44,889","57.63"
"SUNPHARMA","EQ","24-Dec-2025","1,755.90","1,755.90","1,759.00","1,719.00","1,737.90","1,737.00","1,735.44","22,24,786","3,86,09,88,802.40","86,875","14,19,582","63.81"
"SUNPHARMA","EQ","23-Dec-2025","1,769.80","1,772.00","1,774.60","1,751.70","1,753.40","1,755.90","1,763.78","11,24,853","1,98,39,92,874.40","46,712","7,37,464","65.56"
"SUNPHARMA","EQ","22-Dec-2025","1,744.90","1,744.90","1,773.20","1,743.10","1,771.50","1,769.80","1,762.72","14,67,257","2,58,63,58,736.70","81,361","10,78,558","73.51"
"SUNPHARMA","EQ","19-Dec-2025","1,745.90","1,747.00","1,760.00","1,741.20","1,745.50","1,744.90","1,746.75","27,68,986","4,83,67,24,716.50","77,946","20,54,389","74.19"
"SUNPHARMA","EQ","18-Dec-2025","1,792.90","1,785.00","1,785.00","1,736.00","1,746.00","1,745.90","1,747.03","34,61,351","6,04,70,88,657.00","1,82,076","23,53,457","67.99"
"SUNPHARMA","EQ","17-Dec-2025","1,781.30","1,781.00","1,797.60","1,771.50","1,789.50","1,792.90","1,787.62","19,10,628","3,41,54,85,604.30","1,00,983","14,23,814","74.52"
"SUNPHARMA","EQ","16-Dec-2025","1,797.10","1,790.00","1,791.90","1,778.30","1,783.20","1,781.30","1,784.82","15,33,979","2,73,78,81,656.50","86,772","10,16,878","66.29"
"SUNPHARMA","EQ","15-Dec-2025","1,793.50","1,779.00","1,804.60","1,777.60","1,797.10","1,797.10","1,790.31","13,96,948","2,50,09,65,159.50","77,261","9,57,150","68.52"
"SUNPHARMA","EQ","12-Dec-2025","1,807.20","1,808.00","1,811.80","1,791.00","1,794.20","1,793.50","1,798.37","14,42,309","2,59,37,98,717.00","65,597","10,51,905","72.93"
"SUNPHARMA","EQ","11-Dec-2025","1,785.50","1,778.00","1,810.50","1,775.10","1,807.00","1,807.20","1,798.06","12,80,916","2,30,31,64,558.40","56,389","8,43,120","65.82"
"SUNPHARMA","EQ","10-Dec-2025","1,776.00","1,787.90","1,791.70","1,767.90","1,788.50","1,785.50","1,780.60","23,21,746","4,13,41,11,472.50","93,159","17,19,314","74.05"
"SUNPHARMA","EQ","09-Dec-2025","1,796.20","1,796.00","1,801.20","1,772.00","1,774.20","1,776.00","1,785.37","24,01,728","4,28,79,83,738.50","92,205","15,06,135","62.71"
"SUNPHARMA","EQ","08-Dec-2025","1,805.30","1,805.30","1,806.00","1,785.70","1,794.90","1,796.20","1,795.15","24,10,074","4,32,64,36,545.90","83,796","16,58,133","68.80"
"SUNPHARMA","EQ","05-Dec-2025","1,818.30","1,819.00","1,820.20","1,800.20","1,805.00","1,805.30","1,807.51","17,77,401","3,21,26,76,828.70","73,764","12,12,533","68.22"
"SUNPHARMA","EQ","04-Dec-2025","1,806.70","1,808.40","1,823.20","1,798.30","1,813.70","1,818.30","1,813.77","17,13,961","3,10,87,39,244.30","80,509","11,20,042","65.35"
"SUNPHARMA","EQ","03-Dec-2025","1,799.50","1,805.00","1,816.00","1,782.50","1,803.00","1,806.70","1,798.78","21,14,510","3,80,35,37,503.70","69,470","14,13,209","66.83"
"SUNPHARMA","EQ","02-Dec-2025","1,807.40","1,804.00","1,814.90","1,788.60","1,804.90","1,799.50","1,797.04","29,48,688","5,29,89,16,752.90","81,274","20,67,538","70.12"
"SUNPHARMA","EQ","01-Dec-2025","1,831.60","1,841.00","1,849.00","1,801.00","1,809.00","1,807.40","1,813.24","18,69,293","3,38,94,71,341.60","90,208","11,25,549","60.21"
"SUNPHARMA","EQ","28-Nov-2025","1,810.30","1,810.30","1,833.00","1,807.50","1,832.00","1,831.60","1,824.62","16,23,103","2,96,15,41,704.40","75,151","10,57,389","65.15"
"SUNPHARMA","EQ","27-Nov-2025","1,804.90","1,802.10","1,814.90","1,802.10","1,809.50","1,810.30","1,811.18","29,02,053","5,25,61,51,678.60","72,954","23,73,074","81.77"
"SUNPHARMA","EQ","26-Nov-2025","1,776.80","1,775.50","1,806.90","1,773.60","1,805.50","1,804.90","1,796.22","11,58,948","2,08,17,21,104.30","59,574","6,73,708","58.13"
"SUNPHARMA","EQ","25-Nov-2025","1,780.80","1,785.00","1,792.10","1,766.10","1,767.80","1,776.80","1,782.02","18,48,114","3,29,33,79,741.50","81,893","12,29,894","66.55"
"SUNPHARMA","EQ","24-Nov-2025","1,779.70","1,785.90","1,785.90","1,771.80","1,782.00","1,780.80","1,779.46","34,34,492","6,11,15,31,098.50","75,407","26,24,479","76.42"
"SUNPHARMA","EQ","21-Nov-2025","1,777.40","1,778.00","1,787.40","1,773.70","1,782.70","1,779.70","1,779.36","21,99,311","3,91,33,63,499.80","1,05,515","17,23,197","78.35"
"SUNPHARMA","EQ","20-Nov-2025","1,784.10","1,790.00","1,792.00","1,773.10","1,776.80","1,777.40","1,779.52","15,13,894","2,69,40,11,205.90","92,396","9,82,180","64.88"
"SUNPHARMA","EQ","19-Nov-2025","1,758.80","1,762.00","1,790.30","1,751.10","1,786.50","1,784.10","1,780.63","21,31,124","3,79,47,46,306.70","77,851","14,19,633","66.61"
"SUNPHARMA","EQ","18-Nov-2025","1,763.90","1,764.00","1,764.50","1,750.00","1,759.50","1,758.80","1,757.88","14,29,522","2,51,29,26,399.20","68,012","9,44,633","66.08"
"SUNPHARMA","EQ","17-Nov-2025","1,757.10","1,765.80","1,768.00","1,747.70","1,764.00","1,763.90","1,760.29","14,30,618","2,51,82,99,050.20","57,594","9,08,929","63.53"
"SUNPHARMA","EQ","14-Nov-2025","1,737.40","1,737.40","1,760.10","1,734.70","1,755.00","1,757.10","1,752.44","16,67,322","2,92,18,86,946.20","76,895","11,70,855","70.22"
"SUNPHARMA","EQ","13-Nov-2025","1,732.10","1,734.50","1,747.80","1,725.40","1,737.90","1,737.40","1,738.76","17,27,602","3,00,38,79,371.50","98,434","11,05,829","64.01"
"SUNPHARMA","EQ","12-Nov-2025","1,716.10","1,721.40","1,744.10","1,710.20","1,733.00","1,732.10","1,731.35","18,33,097","3,17,37,31,087.80","87,893","10,89,426","59.43"
"SUNPHARMA","EQ","11-Nov-2025","1,697.80","1,701.60","1,719.00","1,695.00","1,719.00","1,716.10","1,707.49","13,15,353","2,24,59,51,680.50","63,980","7,84,851","59.67"
"SUNPHARMA","EQ","10-Nov-2025","1,691.40","1,697.50","1,703.10","1,685.80","1,692.80","1,697.80","1,696.74","12,35,665","2,09,65,99,832.10","57,380","7,84,413","63.48"
"SUNPHARMA","EQ","07-Nov-2025","1,685.90","1,694.00","1,710.00","1,683.10","1,692.70","1,691.40","1,692.91","15,12,908","2,56,12,16,151.00","59,783","7,50,184","49.59"
"SUNPHARMA","EQ","06-Nov-2025","1,690.00","1,699.00","1,723.90","1,667.00","1,686.00","1,685.90","1,692.12","33,89,867","5,73,60,74,739.20","1,09,525","17,00,433","50.16"
"SUNPHARMA","EQ","04-Nov-2025","1,706.40","1,707.00","1,711.20","1,682.20","1,702.70","1,690.00","1,689.70","15,97,993","2,70,01,34,809.50","69,263","10,38,733","65.00"
"SUNPHARMA","EQ","03-Nov-2025","1,690.70","1,688.20","1,712.80","1,681.20","1,706.60","1,706.40","1,700.86","10,99,955","1,87,08,65,995.10","66,768","6,29,062","57.19"
"SUNPHARMA","EQ","31-Oct-2025","1,703.40","1,700.00","1,705.00","1,686.80","1,691.00","1,690.70","1,694.77","15,60,918","2,64,53,95,136.00","57,399","10,07,122","64.52"
"SUNPHARMA","EQ","30-Oct-2025","1,715.90","1,715.80","1,716.90","1,680.10","1,701.00","1,703.40","1,697.33","19,86,233","3,37,13,00,594.20","53,721","12,41,516","62.51"
"SUNPHARMA","EQ","29-Oct-2025","1,687.00","1,690.00","1,722.00","1,687.30","1,710.00","1,715.90","1,712.48","10,16,738","1,74,11,47,604.10","53,215","5,77,665","56.82"
"SUNPHARMA","EQ","28-Oct-2025","1,693.60","1,692.00","1,702.70","1,679.20","1,692.80","1,687.00","1,687.76","24,40,939","4,11,97,23,102.50","1,15,817","15,59,335","63.88"
"SUNPHARMA","EQ","27-Oct-2025","1,699.00","1,701.00","1,708.50","1,690.00","1,694.90","1,693.60","1,694.51","20,67,904","3,50,40,75,902.30","70,214","13,93,118","67.37"
"SUNPHARMA","EQ","24-Oct-2025","1,689.90","1,690.00","1,701.90","1,686.00","1,696.50","1,699.00","1,695.87","9,94,307","1,68,62,19,973.60","37,261","6,08,759","61.22"
"SUNPHARMA","EQ","23-Oct-2025","1,690.50","1,705.00","1,712.00","1,682.20","1,695.00","1,689.90","1,696.58","26,87,094","4,55,88,80,345.70","1,02,461","18,02,683","67.09"
"SUNPHARMA","EQ","21-Oct-2025","1,688.60","1,690.00","1,696.00","1,684.00","1,684.00","1,690.50","1,691.45","74,296","12,56,67,651.70","6,234","42,357","57.10"
"SUNPHARMA","EQ","20-Oct-2025","1,679.10","1,684.90","1,696.90","1,682.80","1,687.60","1,688.60","1,690.74","16,47,622","2,78,56,96,098.70","59,079","10,21,183","61.98"
"SUNPHARMA","EQ","17-Oct-2025","1,659.00","1,658.20","1,692.00","1,656.70","1,678.10","1,679.10","1,678.86","15,94,147","2,67,63,47,202.70","46,686","9,12,602","57.25"
"SUNPHARMA","EQ","16-Oct-2025","1,655.10","1,654.00","1,662.90","1,643.20","1,656.40","1,659.00","1,651.92","28,95,957","4,78,38,96,929.70","88,190","23,20,750","80.14"
"SUNPHARMA","EQ","15-Oct-2025","1,654.40","1,652.50","1,668.70","1,650.10","1,652.70","1,655.10","1,659.04","20,88,737","3,46,52,98,596.30","74,773","14,72,277","70.49"
"SUNPHARMA","EQ","14-Oct-2025","1,668.40","1,667.60","1,669.90","1,646.20","1,652.10","1,654.40","1,655.96","21,08,287","3,49,12,33,351.60","78,881","12,51,849","59.38"
"SUNPHARMA","EQ","13-Oct-2025","1,670.90","1,662.50","1,675.00","1,655.80","1,666.80","1,668.40","1,665.56","13,75,179","2,29,04,48,266.10","51,423","8,91,836","64.85"
"SUNPHARMA","EQ","10-Oct-2025","1,658.50","1,655.00","1,676.60","1,649.00","1,670.00","1,670.90","1,667.02","14,54,056","2,42,39,47,453.80","56,724","7,67,920","52.81"
"SUNPHARMA","EQ","09-Oct-2025","1,631.60","1,645.00","1,662.30","1,632.40","1,654.60","1,658.50","1,650.89","21,97,566","3,62,79,31,105.00","74,600","12,23,338","55.67"
"SUNPHARMA","EQ","08-Oct-2025","1,653.10","1,645.00","1,655.00","1,629.00","1,631.10","1,631.60","1,639.14","18,46,507","3,02,66,75,494.40","60,204","11,91,934","64.55"
"SUNPHARMA","EQ","07-Oct-2025","1,654.70","1,649.40","1,663.00","1,647.00","1,655.50","1,653.10","1,654.55","21,74,852","3,59,84,02,691.00","72,158","14,39,860","66.20"
"SUNPHARMA","EQ","06-Oct-2025","1,631.20","1,630.00","1,659.70","1,620.00","1,653.30","1,654.70","1,646.65","17,56,916","2,89,30,19,630.60","63,552","11,20,724","63.79"
"SUNPHARMA","EQ","03-Oct-2025","1,636.20","1,600.00","1,645.50","1,600.00","1,632.00","1,631.20","1,624.25","40,41,865","6,56,50,00,344.40","1,17,636","28,12,438","69.58"
"SUNPHARMA","EQ","01-Oct-2025","1,594.30","1,611.90","1,651.50","1,611.90","1,639.00","1,636.20","1,632.09","31,09,095","5,07,43,19,855.30","1,12,643","16,63,798","53.51"
"SUNPHARMA","EQ","30-Sep-2025","1,589.30","1,589.10","1,604.30","1,586.00","1,598.00","1,594.30","1,595.73","22,57,443","3,60,22,63,212.70","1,42,340","15,92,795","70.56"
"SUNPHARMA","EQ","29-Sep-2025","1,586.70","1,581.00","1,618.90","1,580.00","1,599.00","1,589.30","1,595.86","41,80,922","6,67,21,55,474.00","1,20,424","28,80,249","68.89"
"SUNPHARMA","EQ","26-Sep-2025","1,627.40","1,585.00","1,602.90","1,548.00","1,585.00","1,586.70","1,579.57","72,56,759","11,46,25,53,711.20","3,23,315","35,96,338","49.56"
"SUNPHARMA","EQ","25-Sep-2025","1,627.10","1,627.90","1,642.80","1,622.70","1,625.00","1,627.40","1,631.69","27,62,750","4,50,79,47,621.80","97,266","18,60,519","67.34"
"SUNPHARMA","EQ","24-Sep-2025","1,631.20","1,630.00","1,635.90","1,625.00","1,626.80","1,627.10","1,629.95","11,31,058","1,84,35,62,407.60","52,593","7,21,895","63.82"
"SUNPHARMA","EQ","23-Sep-2025","1,644.00","1,643.20","1,644.00","1,625.10","1,632.80","1,631.20","1,633.78","19,67,731","3,21,48,30,325.50","1,03,928","12,46,110","63.33"
"SUNPHARMA","EQ","22-Sep-2025","1,656.00","1,650.00","1,657.90","1,635.30","1,636.50","1,644.00","1,645.34","17,85,320","2,93,74,62,349.80","56,322","10,94,411","61.30"
"SUNPHARMA","EQ","19-Sep-2025","1,648.60","1,648.60","1,668.10","1,643.10","1,658.00","1,656.00","1,656.51","31,91,406","5,28,65,90,629.40","83,455","22,01,271","68.97"
"SUNPHARMA","EQ","18-Sep-2025","1,620.20","1,635.10","1,651.30","1,627.70","1,648.50","1,648.60","1,640.32","18,32,386","3,00,57,07,256.80","64,581","8,32,740","45.45"
"SUNPHARMA","EQ","17-Sep-2025","1,610.50","1,612.60","1,622.10","1,607.40","1,620.80","1,620.20","1,615.16","21,28,406","3,43,77,07,744.30","53,352","14,00,492","65.80"
"SUNPHARMA","EQ","16-Sep-2025","1,602.00","1,602.50","1,615.00","1,600.00","1,611.00","1,610.50","1,607.61","14,80,567","2,38,01,77,490.30","83,157","9,88,616","66.77"
"SUNPHARMA","EQ","15-Sep-2025","1,616.60","1,616.60","1,617.10","1,595.40","1,601.50","1,602.00","1,606.19","20,05,917","3,22,18,74,135.40","1,05,073","14,12,831","70.43"
"SUNPHARMA","EQ","12-Sep-2025","1,609.70","1,610.00","1,622.50","1,603.10","1,610.20","1,616.60","1,615.46","18,78,894","3,03,52,87,314.20","52,998","10,57,359","56.28"
"SUNPHARMA","EQ","11-Sep-2025","1,593.40","1,592.50","1,617.00","1,591.00","1,608.90","1,609.70","1,607.23","17,62,484","2,83,27,08,940.50","66,195","9,90,316","56.19"
"SUNPHARMA","EQ","10-Sep-2025","1,591.70","1,592.10","1,601.60","1,582.40","1,594.60","1,593.40","1,592.35","24,08,379","3,83,49,79,672.70","88,579","15,48,816","64.31"
"SUNPHARMA","EQ","09-Sep-2025","1,581.00","1,580.00","1,597.00","1,577.50","1,594.00","1,591.70","1,586.90","17,09,406","2,71,26,48,009.90","45,519","8,67,606","50.75"
"SUNPHARMA","EQ","08-Sep-2025","1,593.60","1,597.60","1,604.50","1,578.20","1,580.00","1,581.00","1,589.97","13,69,139","2,17,68,92,094.20","52,220","8,92,967","65.22"
"SUNPHARMA","EQ","05-Sep-2025","1,582.30","1,582.40","1,599.30","1,575.50","1,592.90","1,593.60","1,588.21","18,14,479","2,88,17,77,269.40","53,060","11,30,060","62.28"
"SUNPHARMA","EQ","04-Sep-2025","1,578.70","1,597.00","1,597.00","1,561.00","1,581.00","1,582.30","1,574.22","22,98,657","3,61,85,88,413.70","96,595","13,63,100","59.30"
"SUNPHARMA","EQ","03-Sep-2025","1,565.20","1,562.10","1,581.10","1,558.30","1,579.90","1,578.70","1,572.65","20,91,370","3,28,89,99,359.40","86,241","12,99,654","62.14"
"SUNPHARMA","EQ","02-Sep-2025","1,563.30","1,566.00","1,570.30","1,558.00","1,564.70","1,565.20","1,563.86","28,55,840","4,46,61,33,724.50","1,06,657","18,04,356","63.18"
"SUNPHARMA","EQ","01-Sep-2025","1,594.50","1,599.00","1,600.20","1,556.20","1,564.00","1,563.30","1,566.60","93,66,820","14,67,40,80,758.80","1,56,372","75,82,188","80.95"
"SUNPHARMA","EQ","29-Aug-2025","1,585.70","1,581.00","1,601.70","1,575.80","1,595.70","1,594.50","1,592.22","31,76,534","5,05,77,29,740.10","1,31,996","20,01,198","63.00"
"SUNPHARMA","EQ","28-Aug-2025","1,600.30","1,593.10","1,600.00","1,567.60","1,587.90","1,585.70","1,580.01","49,93,739","7,89,01,61,881.60","1,78,923","33,03,012","66.14"
"SUNPHARMA","EQ","26-Aug-2025","1,656.70","1,645.00","1,647.40","1,596.20","1,601.20","1,600.30","1,609.85","45,02,371","7,24,81,46,510.00","1,81,857","27,42,262","60.91"
"SUNPHARMA","EQ","25-Aug-2025","1,641.80","1,649.20","1,660.50","1,634.00","1,658.00","1,656.70","1,648.53","19,04,984","3,14,04,28,404.30","76,383","13,41,705","70.43"
"SUNPHARMA","EQ","22-Aug-2025","1,640.20","1,642.00","1,651.40","1,635.10","1,639.50","1,641.80","1,644.95","20,98,310","3,45,16,20,026.40","1,03,869","14,28,641","68.09"
"SUNPHARMA","EQ","21-Aug-2025","1,633.10","1,630.80","1,652.50","1,623.90","1,642.50","1,640.20","1,640.52","17,27,099","2,83,33,33,834.90","70,216","11,11,104","64.33"
"SUNPHARMA","EQ","20-Aug-2025","1,626.60","1,634.00","1,636.50","1,616.00","1,635.00","1,633.10","1,627.27","18,31,706","2,98,06,88,953.00","89,768","12,95,276","70.71"
"SUNPHARMA","EQ","19-Aug-2025","1,632.70","1,632.80","1,638.00","1,619.10","1,638.00","1,626.60","1,625.73","26,56,391","4,31,85,83,985.50","1,43,744","20,26,534","76.29"
"SUNPHARMA","EQ","18-Aug-2025","1,641.40","1,649.60","1,649.60","1,625.40","1,632.10","1,632.70","1,633.61","30,80,173","5,03,18,12,946.90","1,22,031","22,21,951","72.14"
"SUNPHARMA","EQ","14-Aug-2025","1,639.80","1,639.80","1,651.10","1,632.20","1,638.60","1,641.40","1,639.72","17,38,094","2,84,99,89,291.30","60,185","10,66,227","61.34"
"SUNPHARMA","EQ","13-Aug-2025","1,622.20","1,624.20","1,643.50","1,617.30","1,640.90","1,639.80","1,634.96","13,13,668","2,14,78,00,640.70","47,081","8,04,014","61.20"
"SUNPHARMA","EQ","12-Aug-2025","1,608.40","1,611.70","1,636.70","1,610.10","1,626.50","1,622.20","1,623.85","16,79,088","2,72,65,82,366.20","64,939","10,11,457","60.24"
"SUNPHARMA","EQ","11-Aug-2025","1,586.90","1,586.90","1,660.00","1,584.20","1,611.70","1,608.40","1,603.12","11,40,902","1,82,90,07,088.70","66,080","7,19,838","63.09"
"SUNPHARMA","EQ","08-Aug-2025","1,598.40","1,590.00","1,602.00","1,580.90","1,587.80","1,586.90","1,588.74","16,54,424","2,62,84,48,657.30","67,799","9,96,419","60.23"
"SUNPHARMA","EQ","07-Aug-2025","1,595.20","1,581.00","1,605.40","1,571.00","1,599.50","1,598.40","1,586.24","34,35,674","5,44,97,90,527.60","1,12,526","19,88,160","57.87"
"SUNPHARMA","EQ","06-Aug-2025","1,632.10","1,629.70","1,629.70","1,591.00","1,593.50","1,595.20","1,610.41","23,76,257","3,82,67,52,194.40","91,874","15,10,047","63.55"
"SUNPHARMA","EQ","05-Aug-2025","1,641.60","1,640.90","1,644.60","1,620.10","1,631.90","1,632.10","1,629.69","16,22,897","2,64,48,17,467.40","83,135","9,39,669","57.90"
"SUNPHARMA","EQ","04-Aug-2025","1,629.70","1,629.80","1,647.40","1,613.60","1,638.40","1,641.60","1,633.68","18,98,762","3,10,19,68,420.50","1,18,559","10,64,059","56.04"
"SUNPHARMA","EQ","01-Aug-2025","1,706.70","1,690.00","1,695.00","1,608.00","1,629.30","1,629.70","1,633.46","87,74,548","14,33,28,71,551.20","3,62,608","53,31,024","60.76"
"SUNPHARMA","EQ","31-Jul-2025","1,733.80","1,715.50","1,748.00","1,694.00","1,700.00","1,706.70","1,722.95","32,33,087","5,57,04,31,348.00","1,69,600","12,57,064","38.88"
"SUNPHARMA","EQ","30-Jul-2025","1,710.50","1,720.00","1,740.50","1,712.10","1,736.30","1,733.80","1,731.27","23,18,723","4,01,43,44,951.70","80,072","14,07,835","60.72"
"SUNPHARMA","EQ","29-Jul-2025","1,702.20","1,698.00","1,718.00","1,697.10","1,717.80","1,710.50","1,710.83","13,25,544","2,26,77,80,754.80","53,405","7,84,726","59.20"
"SUNPHARMA","EQ","28-Jul-2025","1,699.00","1,702.10","1,710.10","1,693.90","1,699.00","1,702.20","1,702.18","21,68,507","3,69,11,82,921.80","96,153","14,07,359","64.90"
"SUNPHARMA","EQ","25-Jul-2025","1,692.00","1,690.00","1,702.00","1,682.20","1,702.00","1,699.00","1,696.86","10,88,592","1,84,71,86,555.20","65,972","5,41,887","49.78"
"SUNPHARMA","EQ","24-Jul-2025","1,682.50","1,682.50","1,696.00","1,680.10","1,692.00","1,692.00","1,690.17","10,79,045","1,82,37,73,047.70","66,402","5,87,078","54.41"
"SUNPHARMA","EQ","23-Jul-2025","1,678.00","1,678.50","1,689.60","1,671.40","1,685.00","1,682.50","1,680.96","12,29,173","2,06,61,86,938.90","66,722","7,43,774","60.51"
"SUNPHARMA","EQ","22-Jul-2025","1,692.30","1,686.10","1,693.10","1,672.80","1,682.90","1,678.00","1,678.35","12,44,491","2,08,86,86,374.70","57,827","8,41,847","67.65"
"SUNPHARMA","EQ","21-Jul-2025","1,693.60","1,681.10","1,701.40","1,677.50","1,689.40","1,692.30","1,692.28","23,90,289","4,04,50,31,437.80","1,47,440","16,01,990","67.02"
"SUNPHARMA","EQ","18-Jul-2025","1,703.40","1,709.00","1,709.40","1,686.70","1,694.40","1,693.60","1,694.36","12,53,929","2,12,46,04,411.40","72,733","7,25,877","57.89"
"SUNPHARMA","EQ","17-Jul-2025","1,701.00","1,704.00","1,717.00","1,696.00","1,702.50","1,703.40","1,708.31","14,61,039","2,49,59,11,170.00","1,18,201","8,46,696","57.95"
"SUNPHARMA","EQ","16-Jul-2025","1,727.50","1,730.00","1,731.30","1,698.00","1,704.00","1,701.00","1,710.08","22,85,143","3,90,77,76,021.20","1,84,052","14,82,911","64.89"
"SUNPHARMA","EQ","15-Jul-2025","1,682.60","1,705.00","1,730.90","1,687.90","1,729.00","1,727.50","1,714.48","33,32,578","5,71,36,24,478.10","1,30,400","16,28,399","48.86"
"SUNPHARMA","EQ","14-Jul-2025","1,672.00","1,680.40","1,696.90","1,675.50","1,681.70","1,682.60","1,686.39","13,09,704","2,20,86,73,202.40","51,067","6,74,525","51.50"
"SUNPHARMA","EQ","11-Jul-2025","1,662.50","1,665.80","1,679.90","1,662.20","1,674.30","1,672.00","1,671.87","12,98,302","2,17,05,90,253.70","63,532","8,65,585","66.67"
"SUNPHARMA","EQ","10-Jul-2025","1,669.40","1,662.00","1,670.60","1,647.20","1,663.20","1,662.50","1,660.17","17,41,718","2,89,15,52,810.60","70,440","11,26,424","64.67"
"SUNPHARMA","EQ","09-Jul-2025","1,672.50","1,660.00","1,680.80","1,647.00","1,665.10","1,669.40","1,671.13","21,78,705","3,64,09,08,368.80","1,08,925","14,96,444","68.69"
"SUNPHARMA","EQ","08-Jul-2025","1,679.90","1,680.00","1,682.00","1,649.10","1,670.80","1,672.50","1,664.92","18,60,328","3,09,72,90,160.50","82,280","11,16,891","60.04"
"SUNPHARMA","EQ","07-Jul-2025","1,676.30","1,674.70","1,682.40","1,663.00","1,680.50","1,679.90","1,674.99","15,50,620","2,59,72,79,741.70","66,273","10,80,708","69.70"
"SUNPHARMA","EQ","04-Jul-2025","1,679.70","1,686.70","1,686.70","1,671.60","1,675.90","1,676.30","1,678.29","12,64,399","2,12,20,24,469.60","64,590","8,01,478","63.39"
"SUNPHARMA","EQ","03-Jul-2025","1,677.50","1,677.50","1,692.80","1,674.50","1,676.40","1,679.70","1,683.28","15,53,777","2,61,54,37,352.00","73,380","8,67,956","55.86"
"SUNPHARMA","EQ","02-Jul-2025","1,667.20","1,656.00","1,682.00","1,656.00","1,678.10","1,677.50","1,676.12","16,11,046","2,70,03,01,188.60","72,532","9,80,289","60.85"
"SUNPHARMA","EQ","01-Jul-2025","1,675.70","1,675.70","1,684.30","1,657.50","1,666.50","1,667.20","1,665.08","32,98,070","5,49,15,57,208.70","1,49,658","25,27,176","76.63"
"SUNPHARMA","EQ","30-Jun-2025","1,687.60","1,696.00","1,704.50","1,671.60","1,675.00","1,675.70","1,684.24","21,60,184","3,63,82,75,380.30","99,877","13,00,768","60.22"
"SUNPHARMA","EQ","27-Jun-2025","1,669.80","1,670.20","1,695.70","1,668.20","1,692.00","1,687.60","1,683.43","53,13,904","8,94,55,59,886.40","98,881","44,48,718","83.72"
"SUNPHARMA","EQ","26-Jun-2025","1,669.60","1,674.80","1,678.90","1,650.40","1,666.10","1,669.80","1,664.16","21,02,627","3,49,91,12,694.40","78,646","10,94,463","52.05"
"SUNPHARMA","EQ","25-Jun-2025","1,661.70","1,661.70","1,678.80","1,658.10","1,669.00","1,669.60","1,670.93","13,72,945","2,29,40,93,649.40","67,271","8,71,169","63.45"
"SUNPHARMA","EQ","24-Jun-2025","1,662.50","1,670.50","1,686.40","1,658.80","1,665.00","1,661.70","1,669.85","20,66,326","3,45,04,50,084.10","90,398","11,91,123","57.64"
"SUNPHARMA","EQ","23-Jun-2025","1,665.10","1,663.20","1,667.00","1,647.20","1,663.00","1,662.50","1,658.10","8,40,643","1,39,38,66,514.80","46,191","4,83,519","57.52"
"SUNPHARMA","EQ","20-Jun-2025","1,647.60","1,647.60","1,670.00","1,645.60","1,663.20","1,665.10","1,663.61","25,67,882","4,27,19,66,103.20","59,436","19,10,139","74.39"
"SUNPHARMA","EQ","19-Jun-2025","1,648.00","1,648.10","1,655.30","1,636.00","1,644.40","1,647.60","1,646.85","16,96,525","2,79,39,27,225.40","74,612","7,96,786","46.97"
"SUNPHARMA","EQ","18-Jun-2025","1,650.20","1,645.00","1,661.30","1,638.50","1,645.30","1,648.00","1,648.60","14,55,885","2,40,01,76,169.70","78,099","7,65,864","52.60"
"SUNPHARMA","EQ","17-Jun-2025","1,685.30","1,680.00","1,681.70","1,641.10","1,653.10","1,650.20","1,652.12","54,08,285","8,93,51,61,142.20","1,93,310","34,34,579","63.51"
"SUNPHARMA","EQ","16-Jun-2025","1,687.80","1,665.00","1,689.80","1,655.70","1,679.00","1,685.30","1,680.76","22,49,326","3,78,05,66,432.50","69,715","12,19,348","54.21"
"SUNPHARMA","EQ","13-Jun-2025","1,687.40","1,666.80","1,700.00","1,661.10","1,688.00","1,687.80","1,684.16","24,04,272","4,04,91,80,141.30","96,514","15,94,376","66.31"
"SUNPHARMA","EQ","12-Jun-2025","1,690.60","1,694.90","1,727.50","1,681.10","1,684.70","1,687.40","1,705.02","35,88,365","6,11,82,17,309.20","1,44,723","15,68,676","43.72"
"SUNPHARMA","EQ","11-Jun-2025","1,688.80","1,694.80","1,695.00","1,679.30","1,692.00","1,690.60","1,687.50","19,99,978","3,37,49,55,992.70","67,440","13,33,427","66.67"
"SUNPHARMA","EQ","10-Jun-2025","1,694.40","1,701.80","1,706.90","1,677.70","1,690.00","1,688.80","1,687.48","23,69,135","3,99,78,60,997.70","73,620","14,95,109","63.11"
"SUNPHARMA","EQ","09-Jun-2025","1,679.20","1,679.90","1,698.80","1,673.30","1,693.40","1,694.40","1,682.02","25,89,656","4,35,58,55,573.00","62,270","19,79,519","76.44"
"SUNPHARMA","EQ","06-Jun-2025","1,683.10","1,685.00","1,689.00","1,669.00","1,680.90","1,679.20","1,676.45","25,00,047","4,19,12,08,633.50","98,471","18,52,030","74.08"
"SUNPHARMA","EQ","05-Jun-2025","1,664.90","1,662.00","1,694.30","1,662.00","1,681.00","1,683.10","1,680.75","20,37,073","3,42,38,04,103.70","97,217","12,03,563","59.08"
"SUNPHARMA","EQ","04-Jun-2025","1,667.50","1,656.00","1,669.00","1,649.00","1,664.00","1,664.90","1,661.81","17,00,482","2,82,58,80,489.20","64,433","10,20,975","60.04"
"SUNPHARMA","EQ","03-Jun-2025","1,674.60","1,695.00","1,695.00","1,657.60","1,667.50","1,667.50","1,668.00","25,56,920","4,26,49,41,895.00","1,10,838","15,41,709","60.30"
"SUNPHARMA","EQ","02-Jun-2025","1,677.60","1,679.00","1,683.50","1,660.50","1,676.00","1,674.60","1,673.82","18,19,538","3,04,55,87,489.20","96,565","13,04,180","71.68"
"SUNPHARMA","EQ","30-May-2025","1,699.80","1,702.00","1,713.60","1,669.10","1,674.90","1,677.60","1,684.07","36,40,641","6,13,10,78,417.30","91,398","26,11,830","71.74"
"SUNPHARMA","EQ","29-May-2025","1,666.40","1,675.00","1,703.30","1,670.40","1,699.50","1,699.80","1,690.66","23,77,583","4,01,96,78,075.30","1,26,101","14,59,692","61.39"
"SUNPHARMA","EQ","28-May-2025","1,683.40","1,683.40","1,686.90","1,663.00","1,664.00","1,666.40","1,673.47","26,57,712","4,44,76,03,093.80","90,629","18,55,752","69.83"
"SUNPHARMA","EQ","27-May-2025","1,676.10","1,676.10","1,692.00","1,661.10","1,681.50","1,683.40","1,679.81","28,00,622","4,70,45,03,192.10","1,34,384","16,22,707","57.94"
"SUNPHARMA","EQ","26-May-2025","1,683.60","1,693.10","1,702.40","1,667.00","1,679.10","1,676.10","1,676.52","22,82,131","3,82,60,44,956.40","1,94,713","13,52,771","59.28"
"SUNPHARMA","EQ","23-May-2025","1,718.70","1,658.00","1,689.50","1,636.60","1,689.10","1,683.60","1,668.62","83,39,783","13,91,59,33,663.10","4,09,880","54,45,069","65.29"
"SUNPHARMA","EQ","22-May-2025","1,731.80","1,734.20","1,740.00","1,707.20","1,724.70","1,718.70","1,717.48","26,70,554","4,58,66,18,230.00","88,389","14,86,439","55.66"
"SUNPHARMA","EQ","21-May-2025","1,707.80","1,716.40","1,758.70","1,707.80","1,732.00","1,731.80","1,737.63","27,54,306","4,78,59,60,056.20","84,640","13,07,555","47.47"
"SUNPHARMA","EQ","20-May-2025","1,730.20","1,743.80","1,748.00","1,703.30","1,714.00","1,707.80","1,716.16","27,06,777","4,64,52,60,502.90","1,13,019","19,33,363","71.43"
"SUNPHARMA","EQ","19-May-2025","1,734.90","1,745.00","1,765.00","1,726.60","1,729.00","1,730.20","1,740.99","20,74,023","3,61,08,45,209.60","1,05,230","12,74,712","61.46"
"SUNPHARMA","EQ","16-May-2025","1,740.10","1,740.00","1,741.60","1,719.00","1,730.00","1,734.90","1,732.12","14,48,249","2,50,85,37,705.60","92,593","7,85,798","54.26"
"SUNPHARMA","EQ","15-May-2025","1,708.20","1,701.10","1,744.40","1,684.10","1,738.30","1,740.10","1,720.52","38,80,385","6,67,62,83,657.40","1,46,890","20,99,534","54.11"
"SUNPHARMA","EQ","14-May-2025","1,700.00","1,702.00","1,711.40","1,692.10","1,710.20","1,708.20","1,703.41","16,39,324","2,79,24,49,090.10","82,274","10,30,277","62.85"
"SUNPHARMA","EQ","13-May-2025","1,686.20","1,711.00","1,748.50","1,691.30","1,702.20","1,700.00","1,706.46","69,88,329","11,92,53,08,735.00","2,58,135","40,32,920","57.71"
"SUNPHARMA","EQ","12-May-2025","1,744.80","1,695.70","1,712.40","1,623.60","1,689.90","1,686.20","1,672.49","92,21,075","15,42,21,17,345.50","2,78,210","46,86,689","50.83"
"SUNPHARMA","EQ","09-May-2025","1,767.20","1,751.90","1,766.30","1,731.70","1,748.00","1,744.80","1,744.80","11,48,956","2,00,46,99,070.20","72,955","6,74,040","58.67"
"SUNPHARMA","EQ","08-May-2025","1,781.30","1,781.30","1,788.90","1,755.00","1,755.00","1,767.20","1,770.18","26,47,871","4,68,72,05,153.60","1,13,625","15,94,370","60.21"
"SUNPHARMA","EQ","07-May-2025","1,819.10","1,817.90","1,826.40","1,778.70","1,780.90","1,781.30","1,790.26","20,15,237","3,60,78,04,178.10","80,343","12,47,576","61.91"
"SUNPHARMA","EQ","06-May-2025","1,836.60","1,820.00","1,827.90","1,799.00","1,819.00","1,819.10","1,816.93","14,14,772","2,57,05,45,159.60","61,418","8,48,747","59.99"
"SUNPHARMA","EQ","05-May-2025","1,829.40","1,827.80","1,843.30","1,821.40","1,834.20","1,836.60","1,835.35","12,19,830","2,23,88,16,267.90","65,058","7,95,788","65.24"
"SUNPHARMA","EQ","02-May-2025","1,832.30","1,832.30","1,851.20","1,813.80","1,825.00","1,829.40","1,830.45","23,10,897","4,22,99,82,097.00","1,01,579","14,92,848","64.60"
"SUNPHARMA","EQ","30-Apr-2025","1,805.50","1,810.00","1,838.90","1,803.30","1,821.60","1,832.30","1,830.15","26,67,314","4,88,15,71,584.90","99,419","17,02,688","63.84"
"SUNPHARMA","EQ","29-Apr-2025","1,841.60","1,845.00","1,846.00","1,797.00","1,800.20","1,805.50","1,816.34","28,86,160","5,24,22,46,980.60","1,25,295","19,01,355","65.88"
"SUNPHARMA","EQ","28-Apr-2025","1,787.40","1,787.40","1,846.00","1,781.20","1,842.20","1,841.60","1,830.08","32,16,482","5,88,64,25,863.20","1,14,701","23,48,194","73.01"
"SUNPHARMA","EQ","25-Apr-2025","1,803.90","1,806.00","1,815.50","1,764.20","1,781.80","1,787.40","1,786.91","20,36,801","3,63,95,71,164.30","88,999","11,49,628","56.44"
"SUNPHARMA","EQ","24-Apr-2025","1,788.80","1,790.00","1,807.90","1,773.90","1,806.90","1,803.90","1,795.82","21,01,177","3,77,33,26,510.10","82,971","12,40,436","59.04"
"SUNPHARMA","EQ","23-Apr-2025","1,747.40","1,754.20","1,791.30","1,742.10","1,785.20","1,788.80","1,775.91","14,71,029","2,61,24,09,586.10","60,572","8,21,857","55.87"
"SUNPHARMA","EQ","22-Apr-2025","1,744.90","1,751.00","1,755.00","1,734.50","1,748.40","1,747.40","1,744.40","9,61,907","1,67,79,53,862.90","51,087","5,09,668","52.99"
"SUNPHARMA","EQ","21-Apr-2025","1,751.50","1,761.00","1,761.00","1,731.30","1,746.40","1,744.90","1,744.70","15,39,511","2,68,59,83,207.90","68,239","9,07,556","58.95"
"SUNPHARMA","EQ","17-Apr-2025","1,693.10","1,695.00","1,758.00","1,687.40","1,757.00","1,751.50","1,733.13","26,83,908","4,65,15,66,818.30","1,15,404","15,79,682","58.86"
"SUNPHARMA","EQ","16-Apr-2025","1,705.00","1,691.10","1,702.70","1,682.10","1,691.00","1,693.10","1,689.80","22,05,374","3,72,66,35,637.50","1,06,358","15,54,304","70.48"
"SUNPHARMA","EQ","15-Apr-2025","1,687.55","1,720.00","1,724.50","1,696.80","1,705.20","1,705.00","1,707.12","19,93,085","3,40,24,32,599.20","82,756","14,38,361","72.17"
"SUNPHARMA","EQ","11-Apr-2025","1,652.20","1,710.00","1,737.00","1,682.10","1,687.90","1,687.55","1,698.06","38,01,939","6,45,59,20,619.90","2,44,225","24,16,754","63.57"
"SUNPHARMA","EQ","09-Apr-2025","1,688.35","1,650.00","1,679.75","1,640.00","1,651.75","1,652.20","1,664.27","34,81,864","5,79,47,51,799.85","1,52,924","24,58,178","70.60"
"SUNPHARMA","EQ","08-Apr-2025","1,666.35","1,645.00","1,709.85","1,645.00","1,691.00","1,688.35","1,686.60","28,07,382","4,73,49,39,348.00","1,15,400","13,37,571","47.64"
"SUNPHARMA","EQ","07-Apr-2025","1,709.35","1,620.10","1,692.00","1,620.10","1,677.10","1,666.35","1,658.96","57,15,334","9,48,15,03,895.75","2,21,015","39,13,806","68.48"
"SUNPHARMA","EQ","04-Apr-2025","1,770.00","1,778.85","1,778.85","1,658.05","1,705.00","1,709.35","1,703.68","53,45,276","9,10,66,54,027.50","2,28,975","30,82,111","57.66"
"SUNPHARMA","EQ","03-Apr-2025","1,713.65","1,755.00","1,812.70","1,750.00","1,772.00","1,770.00","1,784.75","57,15,573","10,20,08,82,418.55","2,28,089","34,00,689","59.50"
"SUNPHARMA","EQ","02-Apr-2025","1,698.35","1,695.00","1,718.45","1,685.90","1,713.95","1,713.65","1,708.74","33,69,489","5,75,75,93,865.60","1,09,070","25,92,204","76.93"
"SUNPHARMA","EQ","01-Apr-2025","1,734.70","1,731.00","1,733.95","1,681.60","1,698.30","1,698.35","1,703.36","41,42,445","7,05,60,55,656.00","1,77,054","27,64,836","66.74"
"SUNPHARMA","EQ","28-Mar-2025","1,731.45","1,731.45","1,741.35","1,705.20","1,733.95","1,734.70","1,725.59","19,56,781","3,37,66,11,044.05","81,975","12,77,401","65.28"
"SUNPHARMA","EQ","27-Mar-2025","1,758.95","1,751.00","1,752.30","1,720.00","1,734.35","1,731.45","1,728.71","32,79,881","5,66,99,74,285.25","1,37,932","21,35,932","65.12"
"SUNPHARMA","EQ","26-Mar-2025","1,764.75","1,767.95","1,770.80","1,746.10","1,750.05","1,758.95","1,756.72","17,62,361","3,09,59,78,071.15","94,260","11,89,376","67.49"
"SUNPHARMA","EQ","25-Mar-2025","1,784.80","1,784.80","1,795.95","1,758.50","1,761.00","1,764.75","1,770.77","14,71,028","2,60,48,52,598.05","86,803","6,75,303","45.91"
"SUNPHARMA","EQ","24-Mar-2025","1,784.50","1,794.50","1,820.00","1,777.60","1,784.00","1,784.80","1,789.04","11,82,084","2,11,47,91,320.70","73,428","7,78,083","65.82"
"SUNPHARMA","EQ","21-Mar-2025","1,750.25","1,759.00","1,792.80","1,750.25","1,790.00","1,784.50","1,780.49","24,83,162","4,42,12,47,417.40","91,718","16,39,386","66.02"
"SUNPHARMA","EQ","20-Mar-2025","1,732.35","1,735.65","1,757.15","1,722.90","1,754.00","1,750.25","1,747.27","16,02,232","2,79,95,35,658.85","90,275","10,75,335","67.11"
"SUNPHARMA","EQ","19-Mar-2025","1,747.80","1,747.80","1,748.00","1,726.30","1,732.65","1,732.35","1,732.84","21,67,448","3,75,58,38,761.65","1,04,318","15,53,967","71.70"
"SUNPHARMA","EQ","18-Mar-2025","1,704.30","1,714.35","1,752.00","1,700.00","1,748.75","1,747.80","1,732.94","27,30,980","4,73,26,19,646.40","92,703","20,13,074","73.71"
"SUNPHARMA","EQ","17-Mar-2025","1,683.45","1,694.05","1,720.15","1,688.35","1,703.90","1,704.30","1,707.41","25,88,408","4,41,94,82,127.25","1,26,527","18,58,195","71.79"
"SUNPHARMA","EQ","13-Mar-2025","1,676.85","1,672.00","1,687.15","1,663.45","1,679.85","1,683.45","1,680.12","16,66,929","2,80,06,36,698.70","99,956","11,12,994","66.77"
"SUNPHARMA","EQ","12-Mar-2025","1,655.30","1,662.00","1,680.25","1,658.05","1,675.00","1,676.85","1,671.60","23,89,362","3,99,40,65,056.90","1,23,342","17,79,581","74.48"
"SUNPHARMA","EQ","11-Mar-2025","1,611.50","1,616.10","1,663.60","1,605.35","1,657.00","1,655.30","1,650.11","33,25,416","5,48,72,86,322.75","1,18,882","18,86,620","56.73"
"SUNPHARMA","EQ","10-Mar-2025","1,609.30","1,621.95","1,641.45","1,602.75","1,610.00","1,611.50","1,613.27","16,00,589","2,58,21,83,090.20","70,049","9,03,557","56.45"
"SUNPHARMA","EQ","07-Mar-2025","1,614.00","1,624.00","1,628.75","1,605.65","1,607.00","1,609.30","1,612.48","9,80,890","1,58,16,69,240.80","51,154","6,25,781","63.80"
"SUNPHARMA","EQ","06-Mar-2025","1,582.45","1,598.25","1,617.90","1,572.55","1,615.00","1,614.00","1,602.53","24,58,676","3,94,01,12,445.20","1,62,041","14,39,679","58.56"
"SUNPHARMA","EQ","05-Mar-2025","1,566.50","1,564.60","1,586.30","1,553.05","1,575.40","1,582.45","1,575.69","24,28,171","3,82,60,47,128.55","1,46,455","18,46,350","76.04"
"SUNPHARMA","EQ","04-Mar-2025","1,585.10","1,585.00","1,590.00","1,556.00","1,565.00","1,566.50","1,565.41","17,17,135","2,68,80,25,381.15","97,950","11,26,445","65.60"
"SUNPHARMA","EQ","03-Mar-2025","1,593.25","1,585.30","1,607.40","1,582.20","1,584.00","1,585.10","1,593.32","14,25,492","2,27,12,67,747.65","1,15,852","9,08,658","63.74"
"SUNPHARMA","EQ","28-Feb-2025","1,647.50","1,671.00","1,671.00","1,586.40","1,590.00","1,593.25","1,609.13","35,49,979","5,71,23,76,639.65","1,21,234","21,86,335","61.59"
"SUNPHARMA","EQ","27-Feb-2025","1,613.60","1,628.95","1,653.10","1,605.05","1,642.00","1,647.50","1,630.63","27,44,489","4,47,52,33,087.80","1,75,577","19,81,435","72.20"
"SUNPHARMA","EQ","25-Feb-2025","1,639.50","1,639.50","1,647.80","1,606.25","1,611.55","1,613.60","1,617.00","28,36,717","4,58,69,61,004.80","1,70,963","20,40,458","71.93"
"SUNPHARMA","EQ","24-Feb-2025","1,643.75","1,629.75","1,669.90","1,627.05","1,636.85","1,639.50","1,644.99","23,57,441","3,87,79,64,629.85","1,56,933","14,78,424","62.71"
"SUNPHARMA","EQ","21-Feb-2025","1,669.30","1,678.05","1,684.40","1,632.00","1,638.00","1,643.75","1,648.03","22,44,190","3,69,84,85,746.15","94,096","16,12,886","71.87"
"SUNPHARMA","EQ","20-Feb-2025","1,676.60","1,667.15","1,677.95","1,663.00","1,671.00","1,669.30","1,669.12","16,70,915","2,78,89,58,521.70","68,447","11,86,669","71.02"
"SUNPHARMA","EQ","19-Feb-2025","1,701.60","1,665.10","1,699.00","1,647.10","1,677.65","1,676.60","1,679.62","25,76,319","4,32,72,33,254.05","1,15,915","12,85,255","49.89"
"SUNPHARMA","EQ","18-Feb-2025","1,714.20","1,714.20","1,729.75","1,698.40","1,699.95","1,701.60","1,707.63","21,63,972","3,69,52,61,421.80","92,879","14,01,175","64.75"
"SUNPHARMA","EQ","17-Feb-2025","1,700.50","1,700.50","1,735.35","1,696.05","1,711.15","1,714.20","1,716.94","22,77,889","3,91,10,08,495.50","1,39,350","12,17,267","53.44"
"SUNPHARMA","EQ","14-Feb-2025","1,746.35","1,747.35","1,748.95","1,685.00","1,702.00","1,700.50","1,703.77","21,23,774","3,61,84,14,927.40","1,12,475","14,26,290","67.16"
"SUNPHARMA","EQ","13-Feb-2025","1,693.85","1,700.00","1,752.75","1,699.95","1,745.00","1,746.35","1,737.56","27,50,390","4,77,89,76,918.30","1,66,093","16,80,752","61.11"
"SUNPHARMA","EQ","12-Feb-2025","1,699.75","1,706.45","1,714.95","1,688.05","1,690.05","1,693.85","1,699.34","17,57,284","2,98,62,14,898.00","1,15,784","9,55,023","54.35"
"SUNPHARMA","EQ","11-Feb-2025","1,732.10","1,725.20","1,734.20","1,695.05","1,701.60","1,699.75","1,707.99","27,79,274","4,74,69,76,667.10","1,25,678","19,69,874","70.88"
"SUNPHARMA","EQ","10-Feb-2025","1,749.80","1,741.25","1,750.00","1,723.70","1,733.85","1,732.10","1,731.73","12,37,839","2,14,36,07,797.05","74,098","7,81,633","63.14"
"SUNPHARMA","EQ","07-Feb-2025","1,742.00","1,751.40","1,753.00","1,727.30","1,745.90","1,749.80","1,742.41","13,71,545","2,38,97,95,845.35","1,12,551","8,54,631","62.31"
"SUNPHARMA","EQ","06-Feb-2025","1,752.75","1,753.00","1,768.35","1,736.30","1,747.00","1,742.00","1,745.04","34,21,791","5,97,11,58,801.35","1,35,591","22,07,814","64.52"
"SUNPHARMA","EQ","05-Feb-2025","1,765.25","1,773.80","1,773.80","1,735.20","1,753.00","1,752.75","1,750.73","17,87,905","3,13,01,38,575.90","1,35,779","11,53,070","64.49"
"SUNPHARMA","EQ","04-Feb-2025","1,740.60","1,749.30","1,776.25","1,740.65","1,759.35","1,765.25","1,761.59","27,96,294","4,92,59,33,170.50","1,37,826","17,58,794","62.90"
"SUNPHARMA","EQ","03-Feb-2025","1,742.20","1,781.45","1,785.90","1,710.55","1,737.85","1,740.60","1,740.56","22,10,231","3,84,70,31,992.20","1,09,211","11,22,123","50.77"
"SUNPHARMA","EQ","01-Feb-2025","1,743.95","1,740.00","1,789.00","1,733.30","1,747.15","1,742.20","1,761.16","14,77,972","2,60,29,40,220.00","63,080","3,85,512","26.08"
"SUNPHARMA","EQ","31-Jan-2025","1,739.10","1,742.00","1,769.85","1,706.05","1,752.85","1,743.95","1,748.23","42,75,269","7,47,41,54,393.60","1,53,868","23,94,358","56.00"
"SUNPHARMA","EQ","30-Jan-2025","1,735.35","1,740.45","1,760.30","1,725.30","1,737.15","1,739.10","1,735.63","20,17,991","3,50,24,88,735.30","1,11,431","12,57,229","62.30"
"SUNPHARMA","EQ","29-Jan-2025","1,705.50","1,705.50","1,744.00","1,696.00","1,742.45","1,735.35","1,720.49","14,33,336","2,46,60,46,060.35","1,08,718","8,87,418","61.91"
"SUNPHARMA","EQ","28-Jan-2025","1,786.85","1,779.80","1,780.00","1,693.10","1,711.00","1,705.50","1,709.81","59,72,497","10,21,18,19,341.20","2,42,788","34,72,848","58.15"
"SUNPHARMA","EQ","27-Jan-2025","1,822.20","1,818.10","1,824.25","1,774.30","1,787.95","1,786.85","1,792.29","14,52,975","2,60,41,52,979.60","79,585","9,24,449","63.62"
"SUNPHARMA","EQ","24-Jan-2025","1,833.60","1,829.00","1,843.10","1,808.20","1,818.00","1,822.20","1,822.24","12,77,935","2,32,87,04,517.75","97,990","6,37,647","49.90"
"SUNPHARMA","EQ","23-Jan-2025","1,798.95","1,788.10","1,839.75","1,786.05","1,839.00","1,833.60","1,827.01","19,74,760","3,60,79,09,005.25","1,08,457","11,74,439","59.47"
"SUNPHARMA","EQ","22-Jan-2025","1,762.70","1,777.00","1,803.60","1,773.85","1,794.00","1,798.95","1,791.87","22,62,270","4,05,37,00,740.00","1,52,791","13,87,803","61.35"
"SUNPHARMA","EQ","21-Jan-2025","1,778.25","1,772.10","1,805.75","1,759.50","1,764.40","1,762.70","1,779.79","24,89,267","4,43,03,68,916.75","2,19,225","11,51,538","46.26"
"SUNPHARMA","EQ","20-Jan-2025","1,786.55","1,789.35","1,800.45","1,768.30","1,773.00","1,778.25","1,780.44","13,41,246","2,38,80,10,504.35","1,05,815","9,49,982","70.83"
"SUNPHARMA","EQ","17-Jan-2025","1,763.30","1,779.00","1,791.95","1,767.60","1,789.50","1,786.55","1,782.40","11,63,986","2,07,46,88,452.75","1,40,164","7,73,806","66.48"
"SUNPHARMA","EQ","16-Jan-2025","1,756.85","1,775.05","1,775.60","1,740.80","1,770.00","1,763.30","1,758.21","21,80,496","3,83,37,73,968.05","1,17,647","13,55,284","62.15"
"SUNPHARMA","EQ","15-Jan-2025","1,770.85","1,772.80","1,775.00","1,747.70","1,759.00","1,756.85","1,755.04","8,57,867","1,50,55,93,983.65","1,15,106","5,36,896","62.58"
"SUNPHARMA","EQ","14-Jan-2025","1,746.90","1,755.00","1,784.05","1,742.10","1,774.50","1,770.85","1,765.21","19,62,645","3,46,44,88,089.15","1,10,439","11,78,633","60.05"
"SUNPHARMA","EQ","13-Jan-2025","1,784.80","1,784.60","1,785.55","1,742.45","1,746.70","1,746.90","1,753.28","16,45,287","2,88,46,42,962.50","1,08,552","10,96,133","66.62"
"SUNPHARMA","EQ","10-Jan-2025","1,826.35","1,825.45","1,834.60","1,772.75","1,788.00","1,784.80","1,790.23","8,57,827","1,53,57,05,132.60","81,728","4,26,079","49.67"
"SUNPHARMA","EQ","09-Jan-2025","1,837.75","1,841.00","1,841.00","1,814.00","1,830.05","1,826.35","1,825.63","11,99,181","2,18,92,62,927.95","89,141","6,84,965","57.12"
"SUNPHARMA","EQ","08-Jan-2025","1,853.40","1,862.60","1,862.60","1,829.20","1,832.80","1,837.75","1,843.27","12,98,188","2,39,29,04,907.00","88,906","8,74,578","67.37"
"SUNPHARMA","EQ","07-Jan-2025","1,847.40","1,848.55","1,865.00","1,845.65","1,852.00","1,853.40","1,854.80","16,15,649","2,99,67,00,179.35","88,612","10,95,805","67.82"
"SUNPHARMA","EQ","06-Jan-2025","1,849.65","1,850.50","1,856.50","1,825.65","1,849.20","1,847.40","1,842.37","13,97,724","2,57,51,23,913.35","90,738","9,28,147","66.40"
"SUNPHARMA","EQ","03-Jan-2025","1,878.00","1,878.00","1,884.00","1,844.00","1,848.65","1,849.65","1,856.13","15,15,825","2,81,35,73,076.15","95,862","9,25,468","61.05"
"SUNPHARMA","EQ","02-Jan-2025","1,889.95","1,892.00","1,896.00","1,864.95","1,874.10","1,878.00","1,875.01","25,07,223","4,70,10,57,374.65","1,31,175","16,76,282","66.86"
"SUNPHARMA","EQ","01-Jan-2025","1,886.35","1,889.90","1,902.95","1,878.65","1,894.00","1,889.95","1,889.72","13,38,092","2,52,86,24,030.30","1,00,504","6,99,316","52.26"
"SUNPHARMA","EQ","31-Dec-2024","1,883.90","1,876.80","1,910.00","1,868.80","1,890.00","1,886.35","1,892.70","18,44,944","3,49,19,31,810.90","1,20,055","11,63,582","63.07"
"SUNPHARMA","EQ","30-Dec-2024","1,861.25","1,862.05","1,895.75","1,855.00","1,871.35","1,883.90","1,882.14","60,21,550","11,33,33,98,612.85","1,59,547","48,32,702","80.26"
"SUNPHARMA","EQ","27-Dec-2024","1,841.35","1,845.50","1,866.00","1,836.75","1,864.55","1,861.25","1,854.45","16,68,898","3,09,48,95,602.65","85,991","8,23,568","49.35"
"SUNPHARMA","EQ","26-Dec-2024","1,819.00","1,820.00","1,845.05","1,814.40","1,845.05","1,841.35","1,831.56","14,02,706","2,56,91,39,389.25","83,247","7,70,171","54.91"
"SUNPHARMA","EQ","24-Dec-2024","1,814.60","1,814.90","1,831.75","1,803.15","1,817.10","1,819.00","1,821.33","11,21,058","2,04,18,20,268.40","54,616","7,26,531","64.81"
"SUNPHARMA","EQ","23-Dec-2024","1,808.85","1,811.00","1,828.00","1,796.65","1,816.00","1,814.60","1,815.74","12,99,181","2,35,89,80,371.55","87,238","8,05,254","61.98"
"SUNPHARMA","EQ","20-Dec-2024","1,823.30","1,823.30","1,825.95","1,794.10","1,810.00","1,808.85","1,808.39","25,13,418","4,54,52,27,986.85","93,747","15,78,176","62.79"
"SUNPHARMA","EQ","19-Dec-2024","1,801.05","1,801.00","1,829.40","1,790.80","1,821.30","1,823.30","1,811.99","19,24,091","3,48,64,36,403.55","86,354","10,38,239","53.96"
"SUNPHARMA","EQ","18-Dec-2024","1,789.05","1,798.00","1,822.45","1,792.80","1,799.00","1,801.05","1,807.21","17,32,860","3,13,16,37,177.60","79,595","8,70,075","50.21"
"SUNPHARMA","EQ","17-Dec-2024","1,809.80","1,810.00","1,815.75","1,783.10","1,793.95","1,789.05","1,793.87","16,08,164","2,88,48,33,280.05","1,03,244","11,40,885","70.94"
"SUNPHARMA","EQ","16-Dec-2024","1,813.45","1,818.70","1,822.50","1,792.35","1,810.50","1,809.80","1,805.90","14,83,330","2,67,87,39,504.65","90,665","10,33,622","69.68"
"SUNPHARMA","EQ","13-Dec-2024","1,805.45","1,804.75","1,816.80","1,774.05","1,811.75","1,813.45","1,802.26","13,91,111","2,50,71,39,333.35","91,928","7,65,157","55.00"
"SUNPHARMA","EQ","12-Dec-2024","1,814.00","1,819.00","1,820.00","1,798.05","1,804.65","1,805.45","1,806.84","10,82,394","1,95,57,07,913.00","83,646","4,90,587","45.32"
"SUNPHARMA","EQ","11-Dec-2024","1,809.95","1,824.30","1,826.35","1,805.05","1,807.00","1,814.00","1,817.92","17,45,911","3,17,39,27,722.50","1,26,556","11,86,526","67.96"
"SUNPHARMA","EQ","10-Dec-2024","1,806.65","1,821.00","1,823.00","1,796.00","1,809.00","1,809.95","1,806.43","20,43,634","3,69,16,85,524.15","93,165","14,64,385","71.66"
"SUNPHARMA","EQ","09-Dec-2024","1,804.85","1,814.80","1,819.95","1,796.70","1,807.00","1,806.65","1,805.07","15,28,215","2,75,85,42,637.10","87,464","9,86,227","64.53"
"SUNPHARMA","EQ","06-Dec-2024","1,813.45","1,815.85","1,823.95","1,801.00","1,803.35","1,804.85","1,810.85","15,90,478","2,88,01,11,571.25","92,526","12,14,046","76.33"
"SUNPHARMA","EQ","05-Dec-2024","1,800.20","1,808.70","1,825.95","1,775.40","1,809.75","1,813.45","1,806.19","27,42,263","4,95,30,42,949.45","1,36,512","15,05,377","54.90"
"SUNPHARMA","EQ","04-Dec-2024","1,800.05","1,810.50","1,814.85","1,785.00","1,801.90","1,800.20","1,796.87","23,20,116","4,16,89,45,117.30","1,22,884","17,34,656","74.77"
"SUNPHARMA","EQ","03-Dec-2024","1,808.55","1,831.25","1,832.00","1,788.35","1,801.55","1,800.05","1,801.21","15,43,970","2,78,10,13,966.25","1,19,898","10,45,323","67.70"
"SUNPHARMA","EQ","02-Dec-2024","1,780.90","1,800.00","1,814.00","1,792.15","1,806.20","1,808.55","1,804.89","19,48,045","3,51,60,01,370.50","1,28,728","12,90,196","66.23"
"SUNPHARMA","EQ","29-Nov-2024","1,734.25","1,742.90","1,795.80","1,739.20","1,784.00","1,780.90","1,779.49","24,27,677","4,32,00,30,145.30","1,17,137","12,65,888","52.14"
"SUNPHARMA","EQ","28-Nov-2024","1,749.45","1,749.45","1,760.70","1,723.40","1,741.90","1,734.25","1,734.68","30,71,758","5,32,85,25,582.40","1,87,282","20,06,748","65.33"
"SUNPHARMA","EQ","27-Nov-2024","1,761.60","1,760.10","1,778.60","1,740.25","1,751.30","1,749.45","1,751.63","19,82,546","3,47,26,94,232.70","1,09,946","15,03,477","75.84"
"SUNPHARMA","EQ","26-Nov-2024","1,798.90","1,806.75","1,806.75","1,753.20","1,763.35","1,761.60","1,766.78","15,89,883","2,80,89,70,265.00","1,06,489","10,66,376","67.07"
"SUNPHARMA","EQ","25-Nov-2024","1,795.30","1,806.00","1,830.00","1,784.15","1,810.00","1,798.90","1,798.64","31,37,448","5,64,31,24,724.85","97,994","24,12,106","76.88"
"SUNPHARMA","EQ","22-Nov-2024","1,780.00","1,785.00","1,814.95","1,768.05","1,805.60","1,795.30","1,784.36","14,20,813","2,53,52,45,534.35","1,10,390","8,03,823","56.57"
"SUNPHARMA","EQ","21-Nov-2024","1,777.25","1,772.00","1,791.45","1,758.05","1,770.80","1,780.00","1,776.19","20,14,349","3,57,78,69,248.90","1,32,692","12,30,955","61.11"
"SUNPHARMA","EQ","19-Nov-2024","1,747.75","1,730.05","1,806.75","1,730.00","1,774.00","1,777.25","1,773.15","19,33,316","3,42,80,61,767.85","94,107","10,51,430","54.38"
"SUNPHARMA","EQ","18-Nov-2024","1,768.20","1,799.00","1,799.00","1,743.20","1,746.20","1,747.75","1,756.89","15,33,025","2,69,33,53,914.25","92,390","10,01,143","65.31"
"SUNPHARMA","EQ","14-Nov-2024","1,779.00","1,779.70","1,796.00","1,763.15","1,770.00","1,768.20","1,772.73","14,73,358","2,61,18,70,667.00","1,15,425","8,57,018","58.17"
"SUNPHARMA","EQ","13-Nov-2024","1,800.85","1,791.00","1,797.30","1,770.45","1,779.00","1,779.00","1,778.64","18,10,332","3,21,99,35,072.20","1,46,361","13,21,734","73.01"
"SUNPHARMA","EQ","12-Nov-2024","1,794.60","1,801.90","1,825.00","1,795.10","1,797.00","1,800.85","1,809.99","24,71,888","4,47,41,03,315.95","1,41,217","16,96,747","68.64"
"SUNPHARMA","EQ","11-Nov-2024","1,809.60","1,817.40","1,817.65","1,791.95","1,793.55","1,794.60","1,803.06","10,69,649","1,92,86,44,373.65","80,622","6,88,018","64.32"
"SUNPHARMA","EQ","08-Nov-2024","1,790.95","1,799.80","1,815.05","1,790.95","1,804.95","1,809.60","1,804.12","16,44,075","2,96,61,02,152.70","1,12,530","11,00,414","66.93"
"SUNPHARMA","EQ","07-Nov-2024","1,827.45","1,845.00","1,845.00","1,778.80","1,791.00","1,790.95","1,796.17","19,09,269","3,42,93,76,546.65","94,439","11,80,195","61.81"
"SUNPHARMA","EQ","06-Nov-2024","1,803.60","1,815.55","1,840.00","1,802.20","1,829.40","1,827.45","1,827.35","20,60,619","3,76,54,73,420.30","1,11,178","13,03,971","63.28"
"SUNPHARMA","EQ","05-Nov-2024","1,808.90","1,805.00","1,833.00","1,799.45","1,801.50","1,803.60","1,810.14","16,58,010","3,00,12,25,238.50","97,600","10,88,333","65.64"
"SUNPHARMA","EQ","04-Nov-2024","1,858.40","1,845.00","1,845.00","1,760.10","1,809.40","1,808.90","1,796.13","50,31,861","9,03,78,90,082.40","2,20,097","29,10,167","57.83"
"SUNPHARMA","EQ","01-Nov-2024","1,848.90","1,860.00","1,864.95","1,831.55","1,860.00","1,858.40","1,853.87","1,07,596","19,94,69,191.60","10,095","41,351","38.43"
"SUNPHARMA","EQ","31-Oct-2024","1,852.10","1,860.00","1,872.50","1,842.10","1,858.10","1,848.90","1,855.43","25,72,932","4,77,39,06,446.05","1,30,205","15,71,190","61.07"
"SUNPHARMA","EQ","30-Oct-2024","1,871.60","1,868.50","1,880.90","1,820.00","1,856.55","1,852.10","1,849.97","19,00,203","3,51,53,25,601.70","1,03,509","9,30,716","48.98"
"SUNPHARMA","EQ","29-Oct-2024","1,902.90","1,922.00","1,922.70","1,862.00","1,864.00","1,871.60","1,876.99","22,95,542","4,30,87,05,464.85","1,24,714","11,76,299","51.24"
"SUNPHARMA","EQ","28-Oct-2024","1,860.40","1,863.20","1,916.00","1,835.00","1,902.00","1,902.90","1,891.11","24,45,724","4,62,51,35,412.50","1,80,221","11,39,298","46.58"
"SUNPHARMA","EQ","25-Oct-2024","1,848.90","1,856.80","1,875.60","1,850.10","1,858.10","1,860.40","1,863.08","21,48,004","4,00,19,09,368.75","1,42,031","12,73,931","59.31"
"SUNPHARMA","EQ","24-Oct-2024","1,839.35","1,830.00","1,859.55","1,829.45","1,849.45","1,848.90","1,846.50","17,39,776","3,21,24,91,721.80","1,21,144","12,36,164","71.05"
"SUNPHARMA","EQ","23-Oct-2024","1,887.55","1,880.05","1,889.55","1,832.00","1,836.70","1,839.35","1,858.92","16,73,366","3,11,06,46,999.25","1,08,180","11,72,635","70.08"
"SUNPHARMA","EQ","22-Oct-2024","1,897.00","1,892.00","1,906.00","1,881.00","1,889.80","1,887.55","1,891.19","11,92,915","2,25,60,28,948.70","1,21,969","8,91,428","74.73"
"SUNPHARMA","EQ","21-Oct-2024","1,910.35","1,918.80","1,920.55","1,890.55","1,891.00","1,897.00","1,899.65","6,60,583","1,25,48,75,544.85","68,258","4,08,391","61.82"
"SUNPHARMA","EQ","18-Oct-2024","1,889.55","1,900.00","1,917.90","1,872.70","1,907.10","1,910.35","1,906.97","12,03,693","2,29,54,07,952.55","91,186","6,87,753","57.14"
"SUNPHARMA","EQ","17-Oct-2024","1,898.50","1,923.55","1,923.65","1,879.65","1,889.00","1,889.55","1,892.07","14,47,059","2,73,79,32,701.65","86,943","8,64,227","59.72"
"SUNPHARMA","EQ","16-Oct-2024","1,898.45","1,908.95","1,914.70","1,887.00","1,900.20","1,898.50","1,898.48","14,01,914","2,66,15,00,978.00","81,168","8,97,124","63.99"
"SUNPHARMA","EQ","15-Oct-2024","1,909.75","1,918.00","1,920.40","1,894.65","1,899.50","1,898.45","1,901.13","13,83,203","2,62,96,42,835.65","75,076","9,78,481","70.74"
"SUNPHARMA","EQ","14-Oct-2024","1,901.95","1,903.00","1,915.75","1,895.10","1,907.90","1,909.75","1,906.92","6,76,879","1,29,07,55,502.15","59,416","4,25,699","62.89"
"SUNPHARMA","EQ","11-Oct-2024","1,887.75","1,899.00","1,909.35","1,890.50","1,902.90","1,901.95","1,901.97","10,19,117","1,93,83,24,910.70","80,497","5,97,738","58.65"
"SUNPHARMA","EQ","10-Oct-2024","1,930.85","1,929.60","1,937.95","1,883.90","1,894.90","1,887.75","1,901.45","23,83,012","4,53,11,84,550.15","1,48,382","15,73,959","66.05"
"SUNPHARMA","EQ","09-Oct-2024","1,917.15","1,894.55","1,947.00","1,894.50","1,934.70","1,930.85","1,932.21","15,97,182","3,08,60,88,830.25","1,77,689","10,76,565","67.40"
"SUNPHARMA","EQ","08-Oct-2024","1,905.25","1,904.00","1,921.45","1,901.55","1,916.00","1,917.15","1,916.24","23,09,881","4,42,62,87,502.50","2,13,338","17,14,451","74.22"
"SUNPHARMA","EQ","07-Oct-2024","1,910.05","1,910.05","1,917.95","1,888.05","1,901.00","1,905.25","1,901.12","16,91,999","3,21,66,96,780.40","1,45,138","11,54,371","68.23"
"SUNPHARMA","EQ","04-Oct-2024","1,910.85","1,910.85","1,952.25","1,903.65","1,907.95","1,910.05","1,925.73","27,98,189","5,38,85,48,381.05","1,65,063","14,21,504","50.80"
"SUNPHARMA","EQ","03-Oct-2024","1,919.95","1,900.80","1,936.30","1,896.05","1,910.15","1,910.85","1,916.88","24,92,195","4,77,72,39,554.40","1,66,238","14,82,102","59.47"
"SUNPHARMA","EQ","01-Oct-2024","1,926.70","1,924.85","1,934.75","1,902.35","1,920.00","1,919.95","1,913.77","12,75,678","2,44,13,53,988.50","69,135","7,94,360","62.27"
"SUNPHARMA","EQ","30-Sep-2024","1,948.70","1,949.00","1,960.35","1,921.05","1,926.00","1,926.70","1,934.59","26,08,461","5,04,63,03,429.60","1,29,263","17,76,990","68.12"
"SUNPHARMA","EQ","27-Sep-2024","1,898.40","1,917.95","1,959.30","1,915.25","1,945.00","1,948.70","1,942.82","38,09,008","7,40,02,05,786.30","1,88,087","21,30,225","55.93"
"SUNPHARMA","EQ","26-Sep-2024","1,870.55","1,870.55","1,905.00","1,867.05","1,905.00","1,898.40","1,887.37","24,52,807","4,62,93,45,317.35","1,30,765","15,07,608","61.46"
"SUNPHARMA","EQ","25-Sep-2024","1,868.10","1,874.00","1,876.00","1,858.55","1,874.20","1,870.55","1,865.62","9,56,893","1,78,52,02,242.85","85,657","6,87,327","71.83"
"SUNPHARMA","EQ","24-Sep-2024","1,862.70","1,856.00","1,880.65","1,856.00","1,875.50","1,868.10","1,868.51","25,28,953","4,72,53,83,664.05","1,21,682","18,15,550","71.79"
"SUNPHARMA","EQ","23-Sep-2024","1,865.75","1,867.00","1,875.00","1,857.50","1,867.00","1,862.70","1,864.23","8,12,520","1,51,47,26,214.95","60,570","4,68,789","57.70"
"SUNPHARMA","EQ","20-Sep-2024","1,846.05","1,851.10","1,871.00","1,841.90","1,867.05","1,865.75","1,859.29","42,29,991","7,86,47,59,127.40","1,58,236","25,42,353","60.10"
"SUNPHARMA","EQ","19-Sep-2024","1,836.00","1,845.20","1,856.00","1,835.00","1,845.55","1,846.05","1,847.03","16,75,819","3,09,52,93,177.15","96,788","8,78,320","52.41"
"SUNPHARMA","EQ","18-Sep-2024","1,866.10","1,868.00","1,868.00","1,829.60","1,833.35","1,836.00","1,845.39","12,02,676","2,21,94,07,801.70","76,355","8,67,504","72.13"
"SUNPHARMA","EQ","17-Sep-2024","1,862.95","1,863.00","1,869.65","1,859.25","1,865.00","1,866.10","1,865.02","7,38,265","1,37,68,76,340.20","58,493","4,99,740","67.69"
"SUNPHARMA","EQ","16-Sep-2024","1,853.75","1,862.00","1,873.35","1,850.90","1,864.00","1,862.95","1,863.46","12,84,085","2,39,28,46,583.40","50,731","8,48,290","66.06"
"SUNPHARMA","EQ","13-Sep-2024","1,865.40","1,865.00","1,865.00","1,851.40","1,853.00","1,853.75","1,856.53","13,22,430","2,45,51,27,939.50","55,041","8,21,754","62.14"
"SUNPHARMA","EQ","12-Sep-2024","1,845.70","1,855.15","1,871.50","1,840.40","1,858.60","1,865.40","1,857.50","27,44,070","5,09,70,96,736.05","1,16,803","14,79,315","53.91"
"SUNPHARMA","EQ","11-Sep-2024","1,836.35","1,836.40","1,857.50","1,831.10","1,850.90","1,845.70","1,849.65","17,01,900","3,14,79,16,923.95","91,741","10,58,074","62.17"
"SUNPHARMA","EQ","10-Sep-2024","1,821.85","1,830.00","1,842.25","1,825.70","1,836.10","1,836.35","1,836.50","14,60,472","2,68,21,52,065.25","92,559","10,62,137","72.73"
"SUNPHARMA","EQ","09-Sep-2024","1,824.55","1,824.55","1,835.40","1,812.85","1,817.10","1,821.85","1,819.57","15,44,883","2,81,10,16,062.50","95,530","9,80,592","63.47"
"SUNPHARMA","EQ","06-Sep-2024","1,826.50","1,819.55","1,850.00","1,805.00","1,829.65","1,824.55","1,824.25","17,01,134","3,10,32,94,752.60","1,01,459","10,10,519","59.40"
"SUNPHARMA","EQ","05-Sep-2024","1,832.85","1,833.20","1,843.90","1,820.00","1,825.05","1,826.50","1,833.61","19,02,919","3,48,92,11,644.70","1,03,900","12,56,753","66.04"
"SUNPHARMA","EQ","04-Sep-2024","1,811.50","1,811.50","1,835.00","1,801.30","1,833.00","1,832.85","1,821.94","24,73,477","4,50,65,16,145.90","99,722","17,87,356","72.26"
"SUNPHARMA","EQ","03-Sep-2024","1,815.95","1,820.00","1,839.55","1,805.10","1,807.85","1,811.50","1,824.84","21,48,689","3,92,10,16,821.60","1,15,219","14,30,221","66.56"
"SUNPHARMA","EQ","02-Sep-2024","1,821.65","1,829.95","1,837.00","1,805.20","1,816.30","1,815.95","1,819.51","16,17,946","2,94,38,61,357.20","1,08,702","11,76,098","72.69"
"SUNPHARMA","EQ","30-Aug-2024","1,799.20","1,798.15","1,828.15","1,791.30","1,823.35","1,821.65","1,819.60","30,36,374","5,52,49,99,622.75","94,251","18,62,422","61.34"
"SUNPHARMA","EQ","29-Aug-2024","1,811.85","1,809.90","1,826.85","1,790.25","1,799.80","1,799.20","1,804.62","32,05,924","5,78,54,75,793.50","1,38,915","18,25,495","56.94"
"SUNPHARMA","EQ","28-Aug-2024","1,789.40","1,796.90","1,823.00","1,786.35","1,816.80","1,811.85","1,806.91","17,68,949","3,19,63,32,228.90","92,975","10,23,805","57.88"
"SUNPHARMA","EQ","27-Aug-2024","1,772.45","1,778.00","1,792.60","1,767.15","1,789.00","1,789.40","1,787.74","12,31,023","2,20,07,43,941.80","52,821","6,52,942","53.04"
"SUNPHARMA","EQ","26-Aug-2024","1,775.75","1,780.00","1,780.00","1,764.50","1,770.70","1,772.45","1,772.85","9,33,372","1,65,47,27,924.70","71,159","5,27,702","56.54"
"SUNPHARMA","EQ","23-Aug-2024","1,750.65","1,753.75","1,781.45","1,751.90","1,775.00","1,775.75","1,766.10","35,15,492","6,20,87,04,018.25","98,314","25,78,795","73.36"
"SUNPHARMA","EQ","22-Aug-2024","1,764.65","1,769.50","1,769.50","1,748.40","1,753.00","1,750.65","1,755.63","13,69,554","2,40,44,28,089.85","89,865","10,35,400","75.60"
"SUNPHARMA","EQ","21-Aug-2024","1,766.35","1,770.00","1,771.95","1,757.30","1,764.00","1,764.65","1,764.22","11,84,193","2,08,91,72,374.30","65,307","7,70,482","65.06"
"SUNPHARMA","EQ","20-Aug-2024","1,747.80","1,751.80","1,770.80","1,745.15","1,764.05","1,766.35","1,759.96","17,66,597","3,10,91,33,744.30","90,223","11,26,575","63.77"
"SUNPHARMA","EQ","19-Aug-2024","1,742.75","1,752.85","1,752.85","1,740.65","1,745.00","1,747.80","1,746.51","13,63,446","2,38,12,78,384.95","60,625","9,69,730","71.12"
"SUNPHARMA","EQ","16-Aug-2024","1,741.65","1,749.60","1,751.15","1,728.65","1,742.00","1,742.75","1,737.72","21,80,718","3,78,94,77,118.75","1,60,306","14,49,541","66.47"
"SUNPHARMA","EQ","14-Aug-2024","1,740.10","1,747.50","1,753.00","1,732.60","1,740.80","1,741.65","1,741.60","22,07,250","3,84,41,52,008.85","95,089","15,96,783","72.34"
"SUNPHARMA","EQ","13-Aug-2024","1,733.85","1,740.00","1,751.85","1,725.60","1,738.00","1,740.10","1,741.73","20,76,963","3,61,75,11,597.75","1,13,509","14,60,864","70.34"
"SUNPHARMA","EQ","12-Aug-2024","1,735.30","1,735.00","1,748.50","1,730.05","1,733.80","1,733.85","1,738.56","15,26,788","2,65,44,16,880.15","56,134","11,16,183","73.11"
"SUNPHARMA","EQ","09-Aug-2024","1,737.05","1,749.80","1,749.80","1,730.05","1,735.25","1,735.30","1,737.77","7,51,683","1,30,62,51,800.15","70,513","4,38,833","58.38"
"SUNPHARMA","EQ","08-Aug-2024","1,734.45","1,735.00","1,748.65","1,728.35","1,732.60","1,737.05","1,738.98","24,80,113","4,31,28,61,224.05","1,18,685","15,66,944","63.18"
"SUNPHARMA","EQ","07-Aug-2024","1,707.55","1,720.00","1,736.85","1,709.40","1,732.50","1,734.45","1,730.96","19,22,313","3,32,74,50,519.75","1,21,844","13,66,055","71.06"
"SUNPHARMA","EQ","06-Aug-2024","1,720.35","1,725.00","1,734.00","1,703.95","1,708.00","1,707.55","1,718.33","17,10,278","2,93,88,25,579.85","1,08,661","9,47,930","55.43"
"SUNPHARMA","EQ","05-Aug-2024","1,731.65","1,725.00","1,758.00","1,715.00","1,718.05","1,720.35","1,737.68","51,65,558","8,97,61,09,902.35","1,95,151","22,05,278","42.69"
"SUNPHARMA","EQ","02-Aug-2024","1,715.20","1,700.00","1,741.80","1,683.85","1,729.00","1,731.65","1,721.95","29,92,406","5,15,27,77,624.00","1,40,796","11,92,563","39.85"
"SUNPHARMA","EQ","01-Aug-2024","1,719.35","1,725.50","1,746.45","1,681.30","1,714.00","1,715.20","1,717.43","52,58,291","9,03,07,69,809.65","1,98,851","16,20,145","30.81"
"SUNPHARMA","EQ","31-Jul-2024","1,701.60","1,702.10","1,730.95","1,695.20","1,717.50","1,719.35","1,717.61","15,94,881","2,73,93,82,593.95","86,664","8,89,221","55.75"
"SUNPHARMA","EQ","30-Jul-2024","1,723.25","1,716.10","1,725.45","1,697.00","1,698.00","1,701.60","1,709.65","15,25,840","2,60,86,47,114.50","89,407","10,56,844","69.26"
"SUNPHARMA","EQ","29-Jul-2024","1,714.25","1,715.25","1,728.75","1,692.75","1,721.00","1,723.25","1,709.51","31,87,339","5,44,88,00,434.25","94,587","21,07,733","66.13"
"SUNPHARMA","EQ","26-Jul-2024","1,665.80","1,670.45","1,723.80","1,665.00","1,721.00","1,714.25","1,699.64","45,91,049","7,80,31,31,798.95","1,70,732","27,53,618","59.98"
"SUNPHARMA","EQ","25-Jul-2024","1,619.45","1,614.85","1,681.30","1,602.20","1,657.65","1,665.80","1,643.98","53,29,712","8,76,19,40,272.80","1,60,941","32,67,365","61.30"
"SUNPHARMA","EQ","24-Jul-2024","1,601.60","1,602.00","1,624.95","1,592.00","1,623.00","1,619.45","1,615.56","29,23,358","4,72,28,58,328.90","1,00,300","20,94,170","71.64"
"SUNPHARMA","EQ","23-Jul-2024","1,587.35","1,587.00","1,605.65","1,574.30","1,600.00","1,601.60","1,594.02","15,02,677","2,39,52,93,922.30","80,503","9,25,194","61.57"
"SUNPHARMA","EQ","22-Jul-2024","1,568.65","1,555.05","1,589.50","1,555.05","1,585.00","1,587.35","1,582.45","8,26,636","1,30,81,11,660.75","72,625","4,97,959","60.24"
"SUNPHARMA","EQ","19-Jul-2024","1,594.25","1,584.70","1,589.75","1,565.15","1,568.00","1,568.65","1,575.51","16,49,335","2,59,85,51,262.95","94,109","10,35,653","62.79"
"SUNPHARMA","EQ","18-Jul-2024","1,579.30","1,575.00","1,596.60","1,570.25","1,594.55","1,594.25","1,586.55","16,65,636","2,64,26,21,459.05","1,23,097","8,26,903","49.64"
"SUNPHARMA","EQ","16-Jul-2024","1,586.20","1,589.00","1,595.00","1,574.95","1,576.00","1,579.30","1,582.50","6,88,481","1,08,95,22,140.30","44,342","3,46,073","50.27"
"SUNPHARMA","EQ","15-Jul-2024","1,577.30","1,579.95","1,594.70","1,577.30","1,581.00","1,586.20","1,588.20","8,32,804","1,32,26,61,234.85","49,598","5,38,014","64.60"
"SUNPHARMA","EQ","12-Jul-2024","1,581.75","1,582.00","1,587.35","1,550.00","1,581.00","1,577.30","1,579.43","14,26,598","2,25,32,06,891.10","87,346","5,67,366","39.77"
"SUNPHARMA","EQ","11-Jul-2024","1,598.55","1,601.00","1,602.50","1,572.30","1,584.95","1,581.75","1,580.33","17,07,500","2,69,84,11,683.65","88,157","7,82,006","45.80"
"SUNPHARMA","EQ","10-Jul-2024","1,585.40","1,592.80","1,601.15","1,567.60","1,596.55","1,598.55","1,589.78","18,99,956","3,02,05,20,197.05","83,978","13,07,457","68.82"
"SUNPHARMA","EQ","09-Jul-2024","1,556.40","1,564.80","1,589.90","1,549.80","1,583.65","1,585.40","1,573.73","14,92,840","2,34,93,32,346.20","72,512","7,71,750","51.70"
"SUNPHARMA","EQ","08-Jul-2024","1,568.40","1,570.60","1,574.80","1,550.95","1,554.25","1,556.40","1,559.95","11,20,204","1,74,74,60,959.65","92,207","7,49,801","66.93"
"SUNPHARMA","EQ","05-Jul-2024","1,557.90","1,562.00","1,574.75","1,557.00","1,567.50","1,568.40","1,567.97","24,81,046","3,89,02,16,272.35","1,33,303","12,08,887","48.72"
"SUNPHARMA","EQ","04-Jul-2024","1,533.95","1,535.00","1,571.00","1,526.00","1,562.00","1,557.90","1,554.57","26,30,823","4,08,97,95,662.35","1,07,072","12,12,784","46.10"
"SUNPHARMA","EQ","03-Jul-2024","1,524.05","1,519.35","1,536.25","1,498.30","1,530.00","1,533.95","1,524.69","10,61,099","1,61,78,50,209.50","43,868","4,72,353","44.52"
"SUNPHARMA","EQ","02-Jul-2024","1,520.10","1,514.00","1,534.90","1,508.25","1,522.00","1,524.05","1,523.29","13,36,816","2,03,63,60,750.75","91,530","8,54,756","63.94"
"SUNPHARMA","EQ","01-Jul-2024","1,520.85","1,520.85","1,530.00","1,503.85","1,513.50","1,520.10","1,512.33","14,51,094","2,19,45,30,179.05","1,46,774","10,31,874","71.11"
"SUNPHARMA","EQ","28-Jun-2024","1,516.25","1,520.00","1,538.95","1,515.60","1,519.80","1,520.85","1,525.24","26,34,599","4,01,83,88,688.80","2,01,990","13,80,764","52.41"
"SUNPHARMA","EQ","27-Jun-2024","1,521.15","1,525.00","1,528.05","1,505.00","1,517.00","1,516.25","1,514.00","38,81,458","5,87,65,30,452.20","2,15,039","21,52,525","55.46"
"SUNPHARMA","EQ","26-Jun-2024","1,505.20","1,502.00","1,528.90","1,495.25","1,524.00","1,521.15","1,510.78","25,63,493","3,87,28,77,737.80","1,08,566","19,30,824","75.32"
"SUNPHARMA","EQ","25-Jun-2024","1,494.50","1,498.05","1,508.00","1,492.30","1,501.50","1,505.20","1,500.79","18,33,311","2,75,14,10,848.15","1,16,521","13,30,370","72.57"
"SUNPHARMA","EQ","24-Jun-2024","1,467.25","1,475.05","1,502.90","1,475.05","1,496.40","1,494.50","1,493.30","37,26,155","5,56,42,84,348.55","1,28,529","22,37,437","60.05"
"SUNPHARMA","EQ","21-Jun-2024","1,471.00","1,480.10","1,488.00","1,460.90","1,466.85","1,467.25","1,472.19","44,26,556","6,51,67,52,630.25","2,17,835","25,19,374","56.91"
"SUNPHARMA","EQ","20-Jun-2024","1,504.00","1,487.95","1,487.95","1,467.00","1,477.00","1,471.00","1,475.59","41,68,375","6,15,08,20,394.75","2,26,904","24,02,355","57.63"
"SUNPHARMA","EQ","19-Jun-2024","1,520.95","1,524.95","1,529.85","1,500.00","1,505.00","1,504.00","1,513.64","15,37,367","2,32,70,16,599.20","87,658","8,80,375","57.27"
"SUNPHARMA","EQ","18-Jun-2024","1,516.00","1,522.60","1,522.85","1,510.20","1,518.00","1,520.95","1,517.71","14,78,241","2,24,35,41,300.60","55,280","10,41,237","70.44"
"SUNPHARMA","EQ","14-Jun-2024","1,510.80","1,513.85","1,518.00","1,505.55","1,515.00","1,516.00","1,514.34","9,37,490","1,41,96,81,026.15","71,782","5,05,312","53.90"
"SUNPHARMA","EQ","13-Jun-2024","1,506.85","1,514.60","1,514.60","1,498.00","1,510.00","1,510.80","1,507.38","14,12,477","2,12,91,33,008.70","75,717","8,33,344","59.00"
"SUNPHARMA","EQ","12-Jun-2024","1,499.75","1,500.00","1,514.55","1,495.85","1,504.00","1,506.85","1,507.60","9,94,784","1,49,97,41,290.50","1,00,301","5,78,560","58.16"
"SUNPHARMA","EQ","11-Jun-2024","1,513.10","1,524.00","1,525.00","1,497.35","1,501.60","1,499.75","1,507.09","14,41,589","2,17,26,04,680.10","65,017","9,31,140","64.59"
"SUNPHARMA","EQ","10-Jun-2024","1,506.85","1,519.00","1,521.70","1,505.10","1,510.00","1,513.10","1,513.71","14,33,942","2,17,05,78,866.80","61,394","7,29,080","50.84"
"SUNPHARMA","EQ","07-Jun-2024","1,472.70","1,479.90","1,510.10","1,472.15","1,506.70","1,506.85","1,498.09","34,04,664","5,10,04,95,605.75","1,19,589","19,01,858","55.86"
"SUNPHARMA","EQ","06-Jun-2024","1,487.30","1,494.00","1,494.00","1,455.05","1,474.30","1,472.70","1,467.21","30,04,955","4,40,88,90,433.50","1,88,791","13,76,051","45.79"
"SUNPHARMA","EQ","05-Jun-2024","1,429.85","1,449.70","1,490.00","1,432.00","1,485.00","1,487.30","1,476.29","24,87,724","3,67,25,91,073.05","1,27,616","16,38,854","65.88"
"SUNPHARMA","EQ","04-Jun-2024","1,453.05","1,461.60","1,476.30","1,377.20","1,453.80","1,429.85","1,441.96","50,55,952","7,29,04,94,008.45","1,76,500","27,39,978","54.19"
"SUNPHARMA","EQ","03-Jun-2024","1,459.80","1,496.50","1,498.00","1,451.00","1,455.20","1,453.05","1,464.30","18,55,318","2,71,67,48,904.90","1,13,939","11,18,422","60.28"
"SUNPHARMA","EQ","31-May-2024","1,459.10","1,465.00","1,479.40","1,440.00","1,463.00","1,459.80","1,455.97","55,03,924","8,01,35,26,357.25","1,76,545","30,85,961","56.07"
"SUNPHARMA","EQ","30-May-2024","1,478.95","1,476.00","1,477.40","1,449.50","1,465.20","1,459.10","1,460.02","31,33,423","4,57,48,60,466.20","1,54,865","17,86,461","57.01"
"SUNPHARMA","EQ","29-May-2024","1,464.90","1,468.10","1,495.00","1,465.65","1,473.00","1,478.95","1,481.10","28,43,365","4,21,13,11,106.55","1,08,789","18,44,101","64.86"
"SUNPHARMA","EQ","28-May-2024","1,466.05","1,468.95","1,479.10","1,455.95","1,466.80","1,464.90","1,465.62","26,16,438","3,83,47,11,517.30","1,29,797","17,96,590","68.67"
"SUNPHARMA","EQ","27-May-2024","1,486.70","1,486.70","1,501.00","1,460.55","1,470.30","1,466.05","1,476.38","34,74,806","5,13,01,28,725.20","1,55,915","23,31,678","67.10"
"SUNPHARMA","EQ","24-May-2024","1,495.10","1,504.00","1,505.70","1,477.10","1,487.00","1,486.70","1,486.86","53,07,322","7,89,12,34,458.40","1,67,837","38,51,100","72.56"
"SUNPHARMA","EQ","23-May-2024","1,539.30","1,510.00","1,510.00","1,467.00","1,497.55","1,495.10","1,485.75","1,16,18,479","17,26,20,97,838.55","3,17,843","69,19,073","59.55"
"SUNPHARMA","EQ","22-May-2024","1,540.95","1,547.00","1,564.00","1,505.40","1,564.00","1,539.30","1,528.09","39,48,239","6,03,32,47,662.15","1,29,764","15,61,803","39.56"
"SUNPHARMA","EQ","21-May-2024","1,531.90","1,530.00","1,558.30","1,524.00","1,533.00","1,540.95","1,541.48","17,91,791","2,76,20,06,768.40","97,633","10,24,067","57.15"
"SUNPHARMA","EQ","18-May-2024","1,531.40","1,531.40","1,538.70","1,523.35","1,534.00","1,531.90","1,531.17","51,458","7,87,91,037.75","4,174","15,584","30.28"
"SUNPHARMA","EQ","17-May-2024","1,536.30","1,536.00","1,537.30","1,520.15","1,529.05","1,531.40","1,531.02","13,41,676","2,05,41,35,699.00","87,488","8,36,579","62.35"
"SUNPHARMA","EQ","16-May-2024","1,527.40","1,529.00","1,541.15","1,508.30","1,530.05","1,536.30","1,523.54","26,84,392","4,08,97,66,702.80","1,48,462","12,30,672","45.85"
"SUNPHARMA","EQ","15-May-2024","1,545.25","1,545.25","1,550.25","1,520.35","1,527.00","1,527.40","1,527.66","12,07,536","1,84,47,06,466.75","91,231","6,96,025","57.64"
"SUNPHARMA","EQ","14-May-2024","1,525.05","1,525.00","1,547.95","1,516.05","1,545.80","1,545.25","1,539.66","22,06,236","3,39,68,58,379.25","1,29,183","16,43,787","74.51"
"SUNPHARMA","EQ","13-May-2024","1,506.55","1,513.00","1,530.00","1,502.00","1,525.00","1,525.05","1,515.27","16,28,326","2,46,73,46,859.10","99,352","9,67,606","59.42"
"SUNPHARMA","EQ","10-May-2024","1,494.65","1,494.65","1,526.45","1,491.00","1,505.05","1,506.55","1,507.32","15,28,487","2,30,39,22,244.05","1,00,233","7,11,596","46.56"
"SUNPHARMA","EQ","09-May-2024","1,521.75","1,521.20","1,529.95","1,489.80","1,499.80","1,494.65","1,503.17","14,77,007","2,22,01,85,917.65","1,28,337","7,31,607","49.53"
"SUNPHARMA","EQ","08-May-2024","1,515.35","1,510.00","1,525.80","1,502.25","1,521.20","1,521.75","1,518.69","10,26,357","1,55,87,19,428.50","75,124","6,64,735","64.77"
"SUNPHARMA","EQ","07-May-2024","1,529.15","1,535.95","1,543.15","1,510.10","1,513.45","1,515.35","1,525.87","15,32,550","2,33,84,71,832.30","89,794","9,06,463","59.15"
"SUNPHARMA","EQ","06-May-2024","1,511.15","1,518.00","1,534.00","1,508.75","1,529.95","1,529.15","1,526.18","12,40,626","1,89,34,19,632.05","76,294","8,13,531","65.57"
"SUNPHARMA","EQ","03-May-2024","1,519.00","1,527.00","1,537.00","1,501.50","1,507.10","1,511.15","1,514.93","31,83,226","4,82,23,56,300.40","1,24,258","18,31,688","57.54"
"SUNPHARMA","EQ","02-May-2024","1,502.10","1,503.00","1,530.00","1,502.00","1,518.45","1,519.00","1,521.46","24,94,925","3,79,59,27,808.35","1,52,176","10,76,020","43.13"
"SUNPHARMA","EQ","30-Apr-2024","1,521.60","1,527.00","1,529.15","1,497.00","1,498.60","1,502.10","1,510.72","19,91,646","3,00,88,14,733.75","1,24,955","14,99,311","75.28"
"SUNPHARMA","EQ","29-Apr-2024","1,506.55","1,516.00","1,527.80","1,510.05","1,522.00","1,521.60","1,521.54","10,91,667","1,66,10,10,858.60","64,984","6,77,615","62.07"
"SUNPHARMA","EQ","26-Apr-2024","1,520.15","1,531.00","1,532.00","1,500.05","1,516.00","1,506.55","1,508.52","17,94,350","2,70,68,17,601.05","1,18,735","9,05,864","50.48"
"SUNPHARMA","EQ","25-Apr-2024","1,485.75","1,490.00","1,527.30","1,488.65","1,517.30","1,520.15","1,511.54","38,46,327","5,81,38,67,991.00","1,65,102","15,98,992","41.57"
"SUNPHARMA","EQ","24-Apr-2024","1,484.65","1,484.65","1,503.00","1,479.35","1,490.00","1,485.75","1,490.46","46,52,803","6,93,48,30,346.55","1,82,243","34,54,195","74.24"
"SUNPHARMA","EQ","23-Apr-2024","1,540.10","1,562.00","1,562.45","1,477.70","1,485.30","1,484.65","1,494.65","91,60,422","13,69,16,43,198.25","3,12,967","67,82,070","74.04"
"SUNPHARMA","EQ","22-Apr-2024","1,522.80","1,528.45","1,548.00","1,521.95","1,547.00","1,540.10","1,533.02","16,80,307","2,57,59,40,825.00","98,519","12,29,019","73.14"
"SUNPHARMA","EQ","19-Apr-2024","1,516.40","1,505.00","1,528.30","1,503.70","1,524.00","1,522.80","1,515.07","25,36,516","3,84,29,88,704.30","1,98,514","15,60,104","61.51"
"SUNPHARMA","EQ","18-Apr-2024","1,537.55","1,545.55","1,545.55","1,506.45","1,524.80","1,516.40","1,526.80","32,66,796","4,98,77,41,435.65","2,16,739","17,06,515","52.24"
"SUNPHARMA","EQ","16-Apr-2024","1,540.05","1,535.00","1,543.30","1,525.15","1,533.05","1,537.55","1,533.37","20,58,697","3,15,67,43,208.20","1,11,164","14,95,764","72.66"
"SUNPHARMA","EQ","15-Apr-2024","1,540.00","1,517.60","1,544.10","1,503.80","1,538.00","1,540.05","1,529.61","24,74,028","3,78,42,99,926.85","1,42,394","13,82,219","55.87"
"SUNPHARMA","EQ","12-Apr-2024","1,604.05","1,595.00","1,595.00","1,534.00","1,545.00","1,540.00","1,553.92","82,58,068","12,83,24,00,935.50","3,71,004","51,66,902","62.57"
"SUNPHARMA","EQ","10-Apr-2024","1,602.55","1,603.05","1,608.50","1,583.75","1,606.00","1,604.05","1,596.15","19,28,878","3,07,87,73,254.10","1,35,080","12,02,669","62.35"
"SUNPHARMA","EQ","09-Apr-2024","1,599.70","1,601.00","1,608.85","1,591.95","1,600.50","1,602.55","1,600.77","13,89,391","2,22,40,96,447.10","58,010","9,88,088","71.12"
"SUNPHARMA","EQ","08-Apr-2024","1,609.00","1,611.00","1,618.90","1,597.00","1,599.65","1,599.70","1,604.85","11,70,390","1,87,83,02,875.50","65,923","7,99,858","68.34"
"SUNPHARMA","EQ","05-Apr-2024","1,619.35","1,611.00","1,638.85","1,606.10","1,607.90","1,609.00","1,619.70","15,48,980","2,50,88,87,730.75","80,830","7,34,595","47.42"
"SUNPHARMA","EQ","04-Apr-2024","1,619.85","1,620.90","1,628.00","1,587.15","1,622.00","1,619.35","1,611.36","24,39,461","3,93,08,59,108.70","1,76,345","8,70,127","35.67"
"SUNPHARMA","EQ","03-Apr-2024","1,622.25","1,609.00","1,628.95","1,594.20","1,620.90","1,619.85","1,615.98","20,98,379","3,39,09,48,673.80","1,52,963","13,31,724","63.46"
"SUNPHARMA","EQ","02-Apr-2024","1,629.25","1,629.25","1,633.00","1,609.90","1,624.95","1,622.25","1,620.26","19,21,533","3,11,33,91,620.20","83,602","13,70,723","71.33"
"SUNPHARMA","EQ","01-Apr-2024","1,620.55","1,631.60","1,633.75","1,618.50","1,627.80","1,629.25","1,627.31","11,48,498","1,86,89,64,658.85","75,621","7,12,650","62.05"
"SUNPHARMA","EQ","28-Mar-2024","1,604.15","1,609.95","1,634.00","1,607.95","1,627.00","1,620.55","1,623.44","44,27,587","7,18,79,19,954.90","1,46,477","22,61,922","51.09"
"SUNPHARMA","EQ","27-Mar-2024","1,598.10","1,602.00","1,626.15","1,592.10","1,608.45","1,604.15","1,607.89","25,30,169","4,06,82,39,375.95","93,846","17,26,815","68.25"
"SUNPHARMA","EQ","26-Mar-2024","1,608.90","1,595.05","1,614.70","1,593.10","1,602.00","1,598.10","1,602.05","36,49,049","5,84,59,65,319.15","1,46,923","24,40,477","66.88"
"SUNPHARMA","EQ","22-Mar-2024","1,565.20","1,568.90","1,621.00","1,566.10","1,616.00","1,608.90","1,601.47","49,41,447","7,91,35,61,022.25","1,96,551","27,25,947","55.16"
"SUNPHARMA","EQ","21-Mar-2024","1,549.35","1,564.80","1,570.85","1,542.55","1,565.05","1,565.20","1,561.45","25,67,975","4,00,97,74,599.20","1,02,738","15,94,966","62.11"
"SUNPHARMA","EQ","20-Mar-2024","1,548.45","1,559.95","1,559.95","1,520.50","1,556.70","1,549.35","1,543.16","34,12,218","5,26,55,98,658.25","1,51,048","23,59,272","69.14"
"SUNPHARMA","EQ","19-Mar-2024","1,571.25","1,574.00","1,579.75","1,540.40","1,547.90","1,548.45","1,562.05","36,92,624","5,76,80,45,234.80","1,91,825","28,42,811","76.99"
"SUNPHARMA","EQ","18-Mar-2024","1,548.20","1,548.25","1,576.25","1,543.45","1,569.35","1,571.25","1,561.11","22,81,873","3,56,22,47,609.10","91,164","17,01,719","74.58"
"SUNPHARMA","EQ","15-Mar-2024","1,570.20","1,568.75","1,573.50","1,541.20","1,553.85","1,548.20","1,549.67","34,21,374","5,30,19,93,625.75","1,41,514","24,47,738","71.54"
"SUNPHARMA","EQ","14-Mar-2024","1,558.60","1,567.25","1,574.30","1,546.25","1,569.00","1,570.20","1,560.36","30,62,556","4,77,86,75,264.55","1,64,628","19,07,253","62.28"
"SUNPHARMA","EQ","13-Mar-2024","1,584.30","1,581.20","1,592.20","1,544.00","1,553.15","1,558.60","1,558.73","28,81,503","4,49,14,76,203.05","1,61,943","20,48,704","71.10"
"SUNPHARMA","EQ","12-Mar-2024","1,593.60","1,592.20","1,603.80","1,580.15","1,585.00","1,584.30","1,592.19","12,94,598","2,06,12,50,746.05","96,866","7,14,634","55.20"
"SUNPHARMA","EQ","11-Mar-2024","1,605.70","1,615.15","1,627.00","1,586.40","1,592.15","1,593.60","1,606.51","29,94,345","4,81,04,58,256.40","1,74,790","21,34,892","71.30"
"SUNPHARMA","EQ","07-Mar-2024","1,604.00","1,610.75","1,619.95","1,600.40","1,607.95","1,605.70","1,609.61","24,40,999","3,92,90,60,597.00","1,13,707","16,17,583","66.27"
"SUNPHARMA","EQ","06-Mar-2024","1,574.20","1,575.00","1,606.75","1,566.40","1,605.00","1,604.00","1,591.52","17,61,032","2,80,27,10,947.60","1,11,293","10,03,587","56.99"
"SUNPHARMA","EQ","05-Mar-2024","1,552.10","1,553.80","1,576.40","1,535.40","1,573.45","1,574.20","1,559.41","14,08,172","2,19,59,23,174.65","1,04,863","9,41,212","66.84"
"SUNPHARMA","EQ","04-Mar-2024","1,550.55","1,550.55","1,569.10","1,548.90","1,555.00","1,552.10","1,561.11","22,98,105","3,58,76,00,027.60","1,10,033","17,99,027","78.28"
"SUNPHARMA","EQ","02-Mar-2024","1,559.25","1,570.00","1,570.00","1,524.00","1,552.00","1,550.55","1,553.57","95,487","14,83,45,267.10","6,329","49,431","51.77"
"SUNPHARMA","EQ","01-Mar-2024","1,577.95","1,580.00","1,581.90","1,548.05","1,562.10","1,559.25","1,564.26","40,69,161","6,36,52,34,990.65","1,58,896","30,95,366","76.07"
"SUNPHARMA","EQ","29-Feb-2024","1,573.85","1,575.00","1,587.80","1,556.50","1,575.60","1,577.95","1,573.19","23,50,244","3,69,73,73,925.20","1,21,316","15,12,666","64.36"
"SUNPHARMA","EQ","28-Feb-2024","1,582.75","1,586.50","1,587.45","1,562.65","1,574.00","1,573.85","1,572.07","5,78,316","90,91,50,492.85","65,823","2,92,210","50.53"
"SUNPHARMA","EQ","27-Feb-2024","1,556.95","1,556.75","1,585.45","1,549.05","1,579.55","1,582.75","1,573.25","21,40,963","3,36,82,68,888.55","91,069","16,02,236","74.84"
"SUNPHARMA","EQ","26-Feb-2024","1,561.25","1,562.00","1,566.90","1,548.70","1,554.15","1,556.95","1,556.75","9,74,892","1,51,76,60,277.05","74,034","6,57,511","67.44"
"SUNPHARMA","EQ","23-Feb-2024","1,558.05","1,558.00","1,568.45","1,550.40","1,562.00","1,561.25","1,563.26","13,40,283","2,09,52,11,158.20","73,926","8,00,531","59.73"
"SUNPHARMA","EQ","22-Feb-2024","1,543.40","1,549.60","1,561.00","1,535.00","1,553.00","1,558.05","1,549.89","19,81,678","3,07,13,77,687.70","1,28,943","10,09,641","50.95"
"SUNPHARMA","EQ","21-Feb-2024","1,538.70","1,540.05","1,549.50","1,533.00","1,545.00","1,543.40","1,542.88","19,93,748","3,07,61,07,428.80","1,13,175","14,31,225","71.79"
"SUNPHARMA","EQ","20-Feb-2024","1,530.10","1,532.00","1,542.00","1,512.25","1,541.00","1,538.70","1,528.16","22,30,669","3,40,88,11,809.80","1,09,568","11,92,240","53.45"
"SUNPHARMA","EQ","19-Feb-2024","1,509.95","1,514.85","1,532.75","1,507.40","1,527.75","1,530.10","1,524.22","7,77,823","1,18,55,75,242.40","49,143","3,90,029","50.14"
"SUNPHARMA","EQ","16-Feb-2024","1,509.90","1,515.00","1,522.00","1,504.85","1,507.55","1,509.95","1,511.95","34,80,879","5,26,29,02,002.05","1,16,957","25,69,985","73.83"
"SUNPHARMA","EQ","15-Feb-2024","1,520.40","1,529.05","1,529.05","1,505.55","1,507.00","1,509.90","1,510.97","21,61,691","3,26,62,47,256.60","81,768","13,97,725","64.66"
"SUNPHARMA","EQ","14-Feb-2024","1,542.20","1,545.80","1,545.80","1,508.05","1,527.85","1,520.40","1,520.26","21,05,672","3,20,11,66,933.95","86,677","12,90,813","61.30"
"SUNPHARMA","EQ","13-Feb-2024","1,534.45","1,537.50","1,551.00","1,525.45","1,543.95","1,542.20","1,541.60","46,87,838","7,22,67,50,567.30","1,17,083","37,93,091","80.91"
"SUNPHARMA","EQ","12-Feb-2024","1,534.80","1,539.85","1,555.10","1,521.10","1,531.90","1,534.45","1,538.75","40,59,288","6,24,62,36,070.25","1,07,401","29,02,452","71.50"
"SUNPHARMA","EQ","09-Feb-2024","1,499.60","1,500.90","1,539.00","1,492.25","1,532.80","1,534.80","1,523.72","63,43,881","9,66,62,67,109.60","1,54,927","41,36,825","65.21"
"SUNPHARMA","EQ","08-Feb-2024","1,496.20","1,501.05","1,507.50","1,485.35","1,497.90","1,499.60","1,497.93","22,13,750","3,31,60,50,608.90","1,38,036","12,85,548","58.07"
"SUNPHARMA","EQ","07-Feb-2024","1,475.10","1,483.00","1,500.45","1,480.40","1,498.00","1,496.20","1,493.32","22,59,235","3,37,37,62,310.70","1,72,151","15,82,678","70.05"
"SUNPHARMA","EQ","06-Feb-2024","1,463.80","1,450.00","1,478.00","1,446.55","1,472.10","1,475.10","1,469.09","18,93,995","2,78,24,41,117.75","1,40,229","12,47,850","65.88"
"SUNPHARMA","EQ","05-Feb-2024","1,416.65","1,426.80","1,466.00","1,423.60","1,460.00","1,463.80","1,455.03","34,81,964","5,06,63,57,228.35","1,30,488","22,10,113","63.47"
"SUNPHARMA","EQ","02-Feb-2024","1,407.95","1,409.00","1,433.85","1,405.15","1,422.55","1,416.65","1,418.44","17,75,449","2,51,83,74,199.10","1,38,476","7,43,985","41.90"
"SUNPHARMA","EQ","01-Feb-2024","1,418.45","1,427.00","1,430.45","1,398.90","1,407.65","1,407.95","1,413.59","24,42,481","3,45,26,70,391.30","1,65,535","11,95,178","48.93"
"SUNPHARMA","EQ","31-Jan-2024","1,371.75","1,371.70","1,438.90","1,366.90","1,415.00","1,418.45","1,416.66","57,96,356","8,21,14,37,492.00","2,12,655","25,56,111","44.10"
"SUNPHARMA","EQ","30-Jan-2024","1,400.85","1,401.90","1,409.20","1,369.15","1,375.00","1,371.75","1,381.81","19,35,332","2,67,42,64,243.65","1,03,392","13,10,540","67.72"
"SUNPHARMA","EQ","29-Jan-2024","1,368.30","1,365.00","1,420.85","1,355.20","1,397.05","1,400.85","1,405.51","34,13,149","4,79,71,98,118.55","1,30,073","19,39,115","56.81"
"SUNPHARMA","EQ","25-Jan-2024","1,382.10","1,383.55","1,390.10","1,348.50","1,366.60","1,368.30","1,365.03","18,70,910","2,55,38,55,496.45","1,14,696","9,82,572","52.52"
"SUNPHARMA","EQ","24-Jan-2024","1,378.30","1,380.00","1,390.00","1,360.35","1,388.90","1,382.10","1,379.25","17,19,845","2,37,21,01,167.60","1,48,602","9,19,042","53.44"
"SUNPHARMA","EQ","23-Jan-2024","1,326.15","1,316.00","1,394.60","1,316.00","1,379.75","1,378.30","1,373.21","41,29,729","5,67,09,80,431.15","2,28,743","22,61,378","54.76"
"SUNPHARMA","EQ","20-Jan-2024","1,335.60","1,339.00","1,346.35","1,324.25","1,327.85","1,326.15","1,332.75","2,84,105","37,86,40,648.60","20,468","1,01,006","35.55"
"SUNPHARMA","EQ","19-Jan-2024","1,335.75","1,340.00","1,344.40","1,329.15","1,335.00","1,335.60","1,335.53","16,05,745","2,14,45,12,852.00","1,42,358","9,40,515","58.57"
"SUNPHARMA","EQ","18-Jan-2024","1,299.00","1,298.95","1,343.40","1,290.00","1,337.00","1,335.75","1,323.59","28,42,572","3,76,23,88,482.50","1,50,768","13,94,656","49.06"
"SUNPHARMA","EQ","17-Jan-2024","1,313.45","1,312.00","1,320.45","1,294.35","1,298.00","1,299.00","1,299.42","25,44,642","3,30,65,51,008.75","1,08,076","18,00,595","70.76"
"SUNPHARMA","EQ","16-Jan-2024","1,329.35","1,330.05","1,331.55","1,307.55","1,313.10","1,313.45","1,314.79","8,24,502","1,08,40,49,208.85","71,790","4,77,060","57.86"
"SUNPHARMA","EQ","15-Jan-2024","1,325.95","1,329.20","1,340.00","1,321.60","1,330.55","1,329.35","1,332.09","14,75,983","1,96,61,37,018.55","72,046","9,87,280","66.89"
"SUNPHARMA","EQ","12-Jan-2024","1,316.25","1,319.00","1,330.00","1,305.55","1,329.25","1,325.95","1,321.50","15,38,242","2,03,27,86,521.55","1,12,881","8,91,824","57.98"
"SUNPHARMA","EQ","11-Jan-2024","1,324.85","1,328.00","1,331.90","1,310.20","1,310.55","1,316.25","1,320.43","13,20,281","1,74,33,38,363.65","94,383","8,21,796","62.24"
"SUNPHARMA","EQ","10-Jan-2024","1,324.00","1,330.05","1,333.50","1,313.15","1,324.90","1,324.85","1,321.18","12,78,475","1,68,90,99,155.30","84,664","8,68,688","67.95"
"SUNPHARMA","EQ","09-Jan-2024","1,305.30","1,314.95","1,333.45","1,306.85","1,324.95","1,324.00","1,322.86","17,12,486","2,26,53,78,028.95","76,973","11,13,622","65.03"
"SUNPHARMA","EQ","08-Jan-2024","1,300.20","1,305.40","1,309.95","1,299.30","1,307.00","1,305.30","1,303.79","16,78,133","2,18,79,39,140.20","1,29,192","12,20,891","72.75"
"SUNPHARMA","EQ","05-Jan-2024","1,312.95","1,318.00","1,318.00","1,287.00","1,302.00","1,300.20","1,295.13","29,60,339","3,83,40,20,051.65","1,26,914","17,24,836","58.26"
"SUNPHARMA","EQ","04-Jan-2024","1,298.60","1,304.00","1,328.50","1,297.05","1,310.00","1,312.95","1,316.97","28,51,729","3,75,56,37,988.70","1,71,484","17,71,487","62.12"
"SUNPHARMA","EQ","03-Jan-2024","1,296.20","1,296.20","1,304.65","1,291.15","1,299.00","1,298.60","1,298.50","16,99,057","2,20,62,20,757.15","1,97,775","10,35,757","60.96"
"SUNPHARMA","EQ","02-Jan-2024","1,260.25","1,261.00","1,299.00","1,257.15","1,295.15","1,296.20","1,289.19","31,74,447","4,09,24,69,314.75","2,30,963","13,87,641","43.71"
"SUNPHARMA","EQ","01-Jan-2024","1,259.45","1,261.00","1,263.95","1,252.50","1,260.05","1,260.25","1,258.17","7,33,452","92,28,06,686.10","1,24,371","3,73,106","50.87"
"SUNPHARMA","EQ","29-Dec-2023","1,262.15","1,262.10","1,271.95","1,252.55","1,260.05","1,259.45","1,259.28","18,40,160","2,31,72,80,899.50","1,94,745","11,53,310","62.67"
"SUNPHARMA","EQ","28-Dec-2023","1,252.45","1,254.95","1,264.65","1,249.55","1,262.80","1,262.15","1,258.81","20,43,365","2,57,22,11,499.30","1,86,763","9,85,284","48.22"
"SUNPHARMA","EQ","27-Dec-2023","1,247.50","1,250.00","1,255.40","1,241.25","1,253.00","1,252.45","1,249.16","20,05,268","2,50,49,04,711.00","1,59,880","13,36,733","66.66"
"SUNPHARMA","EQ","26-Dec-2023","1,243.65","1,243.65","1,250.00","1,239.30","1,243.10","1,247.50","1,247.08","17,96,483","2,24,03,54,001.55","1,22,724","12,69,308","70.66"
"SUNPHARMA","EQ","22-Dec-2023","1,233.50","1,240.00","1,251.00","1,236.05","1,243.00","1,243.65","1,243.73","20,58,127","2,55,97,51,216.60","1,66,199","11,94,860","58.06"
"SUNPHARMA","EQ","21-Dec-2023","1,232.15","1,224.10","1,237.95","1,208.55","1,237.85","1,233.50","1,225.51","19,16,222","2,34,83,43,439.85","2,26,584","9,21,457","48.09"
"SUNPHARMA","EQ","20-Dec-2023","1,244.95","1,255.00","1,255.00","1,228.45","1,232.80","1,232.15","1,237.83","18,37,031","2,27,39,33,054.85","1,41,121","11,34,194","61.74"
"SUNPHARMA","EQ","19-Dec-2023","1,252.75","1,264.80","1,267.95","1,236.50","1,247.75","1,244.95","1,246.62","21,87,458","2,72,69,23,923.95","2,12,591","13,06,866","59.74"
"SUNPHARMA","EQ","18-Dec-2023","1,235.75","1,235.75","1,267.90","1,234.00","1,253.85","1,252.75","1,257.73","21,35,393","2,68,57,51,178.95","1,34,360","8,99,886","42.14"
"SUNPHARMA","EQ","15-Dec-2023","1,231.30","1,241.00","1,246.50","1,233.00","1,239.00","1,235.75","1,238.91","34,74,624","4,30,47,34,635.00","1,29,450","25,18,105","72.47"
"SUNPHARMA","EQ","14-Dec-2023","1,233.10","1,239.00","1,239.90","1,224.25","1,234.00","1,231.30","1,231.71","23,41,190","2,88,36,78,714.90","1,56,357","15,59,154","66.60"
"SUNPHARMA","EQ","13-Dec-2023","1,218.00","1,218.30","1,239.60","1,212.65","1,232.15","1,233.10","1,222.73","24,48,178","2,99,34,54,444.25","95,968","16,62,349","67.90"
"SUNPHARMA","EQ","12-Dec-2023","1,241.40","1,249.00","1,250.00","1,212.65","1,217.05","1,218.00","1,225.99","28,32,873","3,47,30,77,235.50","1,47,237","18,47,429","65.21"
"SUNPHARMA","EQ","11-Dec-2023","1,235.80","1,236.00","1,246.35","1,215.10","1,235.30","1,241.40","1,235.60","11,72,972","1,44,93,20,748.20","78,685","7,85,322","66.95"
"SUNPHARMA","EQ","08-Dec-2023","1,239.30","1,236.05","1,247.60","1,230.65","1,234.90","1,235.80","1,238.84","16,12,113","1,99,71,55,518.75","97,907","9,78,769","60.71"
"SUNPHARMA","EQ","07-Dec-2023","1,240.35","1,231.00","1,241.90","1,228.90","1,240.00","1,239.30","1,235.10","14,78,355","1,82,59,22,370.50","1,14,813","8,84,524","59.83"
"SUNPHARMA","EQ","06-Dec-2023","1,239.55","1,248.55","1,258.00","1,233.30","1,240.70","1,240.35","1,245.17","17,04,590","2,12,25,04,763.15","74,807","9,02,992","52.97"
"SUNPHARMA","EQ","05-Dec-2023","1,231.15","1,225.90","1,243.60","1,220.55","1,242.00","1,239.55","1,234.34","9,30,042","1,14,79,85,496.80","73,720","5,80,515","62.42"
"SUNPHARMA","EQ","04-Dec-2023","1,231.25","1,237.25","1,240.00","1,220.50","1,230.00","1,231.15","1,228.90","16,15,837","1,98,56,99,926.35","1,04,593","9,96,169","61.65"
"SUNPHARMA","EQ","01-Dec-2023","1,225.85","1,233.05","1,241.85","1,225.00","1,228.00","1,231.25","1,231.97","17,49,751","2,15,56,45,442.15","82,398","9,21,094","52.64"
"SUNPHARMA","EQ","30-Nov-2023","1,202.20","1,192.35","1,231.15","1,192.35","1,225.50","1,225.85","1,217.95","46,72,807","5,69,12,24,751.25","1,18,222","31,14,230","66.65"
"SUNPHARMA","EQ","29-Nov-2023","1,191.35","1,191.95","1,209.50","1,184.50","1,206.25","1,202.20","1,197.17","18,13,462","2,17,10,26,110.35","98,385","12,77,537","70.45"
"SUNPHARMA","EQ","28-Nov-2023","1,195.45","1,197.15","1,200.35","1,189.75","1,190.10","1,191.35","1,192.50","8,86,708","1,05,73,97,506.55","89,363","5,94,589","67.06"
"SUNPHARMA","EQ","24-Nov-2023","1,198.80","1,200.00","1,209.60","1,192.80","1,194.05","1,195.45","1,198.78","13,76,695","1,65,03,50,494.70","70,298","6,62,296","48.11"
"SUNPHARMA","EQ","23-Nov-2023","1,204.10","1,203.55","1,209.90","1,194.75","1,199.15","1,198.80","1,200.82","11,77,434","1,41,38,85,941.70","78,017","5,96,571","50.67"
"SUNPHARMA","EQ","22-Nov-2023","1,201.40","1,205.00","1,214.80","1,199.00","1,203.45","1,204.10","1,206.95","14,01,782","1,69,18,83,945.40","76,384","6,41,893","45.79"
"SUNPHARMA","EQ","21-Nov-2023","1,188.00","1,189.00","1,205.00","1,186.25","1,203.40","1,201.40","1,198.46","9,99,135","1,19,74,19,902.80","66,115","5,88,237","58.87"
"SUNPHARMA","EQ","20-Nov-2023","1,194.60","1,196.00","1,198.25","1,185.25","1,188.00","1,188.00","1,190.86","10,54,810","1,25,61,26,068.35","55,055","7,06,198","66.95"
"SUNPHARMA","EQ","17-Nov-2023","1,189.55","1,189.80","1,198.40","1,187.95","1,192.45","1,194.60","1,194.23","8,91,965","1,06,52,08,418.75","70,313","5,37,668","60.28"
"SUNPHARMA","EQ","16-Nov-2023","1,180.90","1,182.00","1,194.90","1,179.60","1,191.00","1,189.55","1,189.46","22,05,723","2,62,36,10,590.85","90,190","12,08,473","54.79"
"SUNPHARMA","EQ","15-Nov-2023","1,177.80","1,179.50","1,184.40","1,171.00","1,182.50","1,180.90","1,177.50","22,46,320","2,64,50,35,851.55","77,134","16,44,098","73.19"
"SUNPHARMA","EQ","13-Nov-2023","1,180.60","1,180.10","1,187.55","1,173.75","1,178.10","1,177.80","1,180.36","8,16,825","96,41,48,694.85","52,378","4,97,280","60.88"
"SUNPHARMA","EQ","12-Nov-2023","1,179.35","1,181.50","1,187.00","1,177.30","1,178.00","1,180.60","1,182.66","1,27,953","15,13,25,106.10","8,332","46,173","36.09"
"SUNPHARMA","EQ","10-Nov-2023","1,176.20","1,174.05","1,181.50","1,170.10","1,181.45","1,179.35","1,178.24","9,57,539","1,12,82,08,335.65","69,989","6,17,847","64.52"
"SUNPHARMA","EQ","09-Nov-2023","1,176.70","1,181.00","1,183.25","1,166.85","1,179.80","1,176.20","1,177.24","18,49,169","2,17,69,19,817.80","88,586","9,34,271","50.52"
"SUNPHARMA","EQ","08-Nov-2023","1,170.95","1,175.00","1,182.90","1,171.00","1,173.25","1,176.70","1,177.88","17,02,301","2,00,51,08,412.95","70,576","10,09,724","59.32"
"SUNPHARMA","EQ","07-Nov-2023","1,150.00","1,149.00","1,173.55","1,146.55","1,173.00","1,170.95","1,165.48","18,11,831","2,11,16,59,196.70","1,04,978","9,50,880","52.48"
"SUNPHARMA","EQ","06-Nov-2023","1,141.10","1,140.10","1,151.00","1,140.00","1,150.00","1,150.00","1,148.12","14,28,537","1,64,01,34,834.10","87,956","10,27,858","71.95"
"SUNPHARMA","EQ","03-Nov-2023","1,132.85","1,138.50","1,145.70","1,131.50","1,141.80","1,141.10","1,142.69","17,41,756","1,99,02,81,064.85","95,463","12,37,302","71.04"
"SUNPHARMA","EQ","02-Nov-2023","1,116.20","1,127.85","1,137.55","1,110.60","1,132.00","1,132.85","1,128.63","34,54,692","3,89,90,66,103.85","1,81,853","18,40,685","53.28"
"SUNPHARMA","EQ","01-Nov-2023","1,088.60","1,092.00","1,132.55","1,082.60","1,117.00","1,116.20","1,107.12","39,73,264","4,39,88,66,706.90","1,63,867","21,90,463","55.13"
"SUNPHARMA","EQ","31-Oct-2023","1,115.20","1,119.45","1,119.60","1,068.35","1,085.00","1,088.60","1,085.36","64,75,786","7,02,85,58,734.10","1,89,476","44,69,193","69.01"
"SUNPHARMA","EQ","30-Oct-2023","1,111.30","1,115.70","1,119.95","1,103.85","1,115.55","1,115.20","1,112.57","10,78,813","1,20,02,50,431.85","90,412","6,15,498","57.05"
"SUNPHARMA","EQ","27-Oct-2023","1,103.70","1,112.00","1,119.80","1,107.65","1,117.00","1,111.30","1,113.58","12,50,965","1,39,30,52,154.35","1,02,620","7,80,442","62.39"
"SUNPHARMA","EQ","26-Oct-2023","1,120.30","1,115.95","1,117.95","1,097.50","1,106.00","1,103.70","1,104.21","22,23,975","2,45,57,32,208.75","1,43,679","13,24,791","59.57"
"SUNPHARMA","EQ","25-Oct-2023","1,122.45","1,125.00","1,129.70","1,112.80","1,119.00","1,120.30","1,120.21","18,00,673","2,01,71,29,899.45","1,15,227","11,90,545","66.12"
"SUNPHARMA","EQ","23-Oct-2023","1,142.20","1,135.00","1,149.20","1,118.00","1,121.15","1,122.45","1,131.31","7,02,730","79,50,05,864.70","63,766","3,47,357","49.43"
"SUNPHARMA","EQ","20-Oct-2023","1,141.50","1,138.00","1,145.00","1,133.10","1,141.85","1,142.20","1,141.48","9,57,910","1,09,34,31,855.90","75,083","4,87,164","50.86"
"SUNPHARMA","EQ","19-Oct-2023","1,153.40","1,147.40","1,150.00","1,135.00","1,136.60","1,141.50","1,144.25","17,65,065","2,01,96,69,976.15","82,887","10,50,213","59.50"
"SUNPHARMA","EQ","18-Oct-2023","1,136.80","1,137.00","1,161.80","1,134.05","1,153.15","1,153.40","1,153.23","21,78,517","2,51,23,30,266.10","99,531","10,99,958","50.49"
"SUNPHARMA","EQ","17-Oct-2023","1,135.30","1,138.65","1,144.00","1,134.00","1,135.05","1,136.80","1,139.44","7,98,807","91,01,88,783.70","61,710","5,10,545","63.91"
"SUNPHARMA","EQ","16-Oct-2023","1,145.30","1,141.50","1,147.25","1,133.05","1,133.15","1,135.30","1,139.54","11,44,308","1,30,39,83,103.20","73,344","7,51,773","65.70"
"SUNPHARMA","EQ","13-Oct-2023","1,130.40","1,126.10","1,147.20","1,122.00","1,143.85","1,145.30","1,138.38","19,34,884","2,20,26,39,146.15","87,774","10,35,316","53.51"
"SUNPHARMA","EQ","12-Oct-2023","1,128.75","1,129.00","1,132.55","1,121.20","1,131.10","1,130.40","1,127.54","12,21,965","1,37,78,16,360.60","73,003","6,81,183","55.74"
"SUNPHARMA","EQ","11-Oct-2023","1,126.50","1,128.00","1,134.45","1,122.35","1,126.50","1,128.75","1,127.81","14,56,045","1,64,21,45,653.25","58,163","10,58,358","72.69"
"SUNPHARMA","EQ","10-Oct-2023","1,123.05","1,122.00","1,130.40","1,119.80","1,126.00","1,126.50","1,125.19","10,92,093","1,22,88,14,505.95","1,12,847","7,62,018","69.78"
"SUNPHARMA","EQ","09-Oct-2023","1,127.30","1,111.00","1,133.80","1,109.00","1,120.10","1,123.05","1,124.18","10,80,276","1,21,44,24,086.90","50,056","6,15,153","56.94"
"SUNPHARMA","EQ","06-Oct-2023","1,119.10","1,128.00","1,132.15","1,123.10","1,125.00","1,127.30","1,128.11","10,56,281","1,19,15,96,873.15","60,192","5,89,084","55.77"
"SUNPHARMA","EQ","05-Oct-2023","1,123.80","1,124.65","1,128.65","1,111.80","1,124.60","1,119.10","1,118.29","23,48,562","2,62,63,69,646.50","1,22,744","15,17,990","64.63"
"SUNPHARMA","EQ","04-Oct-2023","1,141.45","1,138.10","1,139.00","1,113.00","1,124.50","1,123.80","1,122.31","18,03,871","2,02,44,97,036.65","82,161","11,49,453","63.72"
"SUNPHARMA","EQ","03-Oct-2023","1,158.65","1,159.55","1,161.95","1,139.25","1,140.00","1,141.45","1,146.39","19,46,966","2,23,19,78,422.55","76,319","12,87,437","66.13"
"SUNPHARMA","EQ","29-Sep-2023","1,132.30","1,134.30","1,167.40","1,134.30","1,159.55","1,158.65","1,159.67","22,88,577","2,65,40,00,609.40","95,096","9,71,748","42.46"
"SUNPHARMA","EQ","28-Sep-2023","1,139.95","1,142.95","1,152.00","1,128.85","1,135.85","1,132.30","1,142.96","26,85,663","3,06,96,00,661.95","75,207","13,26,320","49.39"
"SUNPHARMA","EQ","27-Sep-2023","1,125.85","1,126.15","1,145.90","1,123.20","1,139.00","1,139.95","1,137.06","23,32,018","2,65,16,42,676.30","88,875","13,90,872","59.64"
"SUNPHARMA","EQ","26-Sep-2023","1,124.05","1,125.00","1,130.00","1,118.50","1,127.15","1,125.85","1,123.56","19,66,198","2,20,91,36,674.65","67,504","14,63,681","74.44"
"SUNPHARMA","EQ","25-Sep-2023","1,132.35","1,126.20","1,136.80","1,121.65","1,124.00","1,124.05","1,126.52","10,09,279","1,13,69,75,947.15","53,229","6,42,602","63.67"
"SUNPHARMA","EQ","22-Sep-2023","1,146.15","1,142.50","1,148.00","1,128.30","1,134.00","1,132.35","1,132.96","15,85,418","1,79,62,15,410.45","79,508","8,88,780","56.06"
"SUNPHARMA","EQ","21-Sep-2023","1,153.15","1,149.00","1,156.95","1,141.15","1,144.50","1,146.15","1,147.77","20,88,934","2,39,76,19,812.25","1,19,838","10,83,463","51.87"
"SUNPHARMA","EQ","20-Sep-2023","1,147.65","1,148.00","1,156.00","1,139.00","1,152.75","1,153.15","1,152.45","23,03,191","2,65,43,18,935.50","1,05,153","15,44,673","67.07"
"SUNPHARMA","EQ","18-Sep-2023","1,149.80","1,149.00","1,157.00","1,142.55","1,149.00","1,147.65","1,148.33","9,62,842","1,10,56,64,937.85","40,003","5,30,726","55.12"
"SUNPHARMA","EQ","15-Sep-2023","1,143.80","1,144.00","1,153.80","1,144.00","1,151.00","1,149.80","1,149.88","24,04,169","2,76,45,00,082.90","78,056","16,38,035","68.13"
"SUNPHARMA","EQ","14-Sep-2023","1,148.75","1,148.75","1,150.90","1,138.75","1,145.40","1,143.80","1,144.00","20,65,163","2,36,25,50,392.45","92,766","12,19,353","59.04"
"SUNPHARMA","EQ","13-Sep-2023","1,145.25","1,149.00","1,156.70","1,142.30","1,147.75","1,148.75","1,149.55","21,15,524","2,43,18,96,795.00","83,111","12,48,272","59.01"
"SUNPHARMA","EQ","12-Sep-2023","1,136.90","1,142.05","1,153.80","1,137.10","1,145.00","1,145.25","1,147.07","39,89,578","4,57,63,36,815.75","97,014","24,75,087","62.04"
"SUNPHARMA","EQ","11-Sep-2023","1,130.45","1,130.45","1,140.00","1,125.70","1,138.20","1,136.90","1,132.03","20,32,253","2,30,05,64,482.55","80,999","14,58,687","71.78"
"SUNPHARMA","EQ","08-Sep-2023","1,133.05","1,133.00","1,138.05","1,128.50","1,129.15","1,130.45","1,131.97","17,89,037","2,02,51,38,786.20","54,572","12,57,336","70.28"
"SUNPHARMA","EQ","07-Sep-2023","1,142.35","1,140.00","1,141.45","1,128.60","1,134.00","1,133.05","1,132.78","18,63,837","2,11,13,26,291.75","62,442","10,51,067","56.39"
"SUNPHARMA","EQ","06-Sep-2023","1,131.90","1,137.00","1,149.00","1,129.05","1,141.70","1,142.35","1,141.31","29,60,249","3,37,85,73,966.00","93,004","14,50,697","49.01"
"SUNPHARMA","EQ","05-Sep-2023","1,108.90","1,110.00","1,136.00","1,107.20","1,132.00","1,131.90","1,126.54","16,98,118","1,91,29,97,064.85","63,448","7,86,423","46.31"
"SUNPHARMA","EQ","04-Sep-2023","1,109.00","1,114.00","1,114.00","1,102.00","1,111.00","1,108.90","1,106.15","12,05,294","1,33,32,39,802.50","80,131","6,99,436","58.03"
"SUNPHARMA","EQ","01-Sep-2023","1,111.60","1,112.00","1,117.50","1,105.75","1,110.00","1,109.00","1,109.55","27,15,249","3,01,27,08,790.80","1,14,401","19,89,364","73.27"
"SUNPHARMA","EQ","31-Aug-2023","1,114.90","1,118.85","1,118.85","1,101.70","1,113.35","1,111.60","1,109.73","47,82,404","5,30,71,57,221.70","1,07,825","31,68,795","66.26"
"SUNPHARMA","EQ","30-Aug-2023","1,111.60","1,117.50","1,119.15","1,110.50","1,115.55","1,114.90","1,114.43","15,43,173","1,71,97,51,218.55","71,365","8,99,895","58.31"
"SUNPHARMA","EQ","29-Aug-2023","1,117.00","1,125.05","1,125.05","1,106.45","1,114.00","1,111.60","1,114.35","17,49,707","1,94,97,82,547.65","90,543","10,27,681","58.73"
"SUNPHARMA","EQ","28-Aug-2023","1,106.30","1,110.05","1,124.15","1,105.15","1,117.00","1,117.00","1,117.08","19,59,645","2,18,90,75,881.10","91,005","11,79,520","60.19"
"SUNPHARMA","EQ","25-Aug-2023","1,118.30","1,118.00","1,123.30","1,100.25","1,103.90","1,106.30","1,109.55","15,15,282","1,68,12,85,457.00","96,634","7,00,331","46.22"
"SUNPHARMA","EQ","24-Aug-2023","1,123.70","1,123.60","1,133.10","1,113.20","1,118.05","1,118.30","1,123.54","15,75,291","1,76,99,08,734.15","1,57,843","9,47,356","60.14"
"SUNPHARMA","EQ","23-Aug-2023","1,137.55","1,128.00","1,130.45","1,110.60","1,121.95","1,123.70","1,122.63","30,50,418","3,42,44,99,322.10","1,02,087","18,57,234","60.88"
"SUNPHARMA","EQ","22-Aug-2023","1,137.40","1,135.00","1,147.00","1,130.00","1,135.80","1,137.55","1,137.17","14,38,879","1,63,62,50,647.95","57,339","9,40,124","65.34"
"SUNPHARMA","EQ","21-Aug-2023","1,134.90","1,129.95","1,143.90","1,127.15","1,136.10","1,137.40","1,137.48","9,41,384","1,07,08,04,960.45","58,103","5,78,826","61.49"
"SUNPHARMA","EQ","18-Aug-2023","1,144.80","1,141.00","1,149.30","1,129.00","1,129.05","1,134.90","1,137.42","14,73,774","1,67,62,98,792.65","87,710","8,65,823","58.75"
"SUNPHARMA","EQ","17-Aug-2023","1,143.65","1,143.65","1,148.95","1,137.50","1,142.45","1,144.80","1,143.75","19,64,341","2,24,67,22,817.25","96,466","13,14,602","66.92"
"SUNPHARMA","EQ","16-Aug-2023","1,134.25","1,134.95","1,145.50","1,121.85","1,145.00","1,143.65","1,137.85","12,24,080","1,39,28,19,724.55","76,366","6,88,400","56.24"
"SUNPHARMA","EQ","14-Aug-2023","1,132.35","1,131.00","1,142.00","1,120.50","1,131.40","1,134.25","1,134.99","18,24,622","2,07,09,23,487.10","1,02,829","10,51,591","57.63"
"SUNPHARMA","EQ","11-Aug-2023","1,150.30","1,150.05","1,151.00","1,130.50","1,133.00","1,132.35","1,135.19","17,56,630","1,99,41,15,251.10","1,03,680","11,20,781","63.80"
"SUNPHARMA","EQ","10-Aug-2023","1,152.80","1,150.60","1,157.90","1,143.60","1,152.50","1,150.30","1,149.72","14,43,067","1,65,91,21,214.40","1,01,224","7,83,893","54.32"
"SUNPHARMA","EQ","09-Aug-2023","1,148.65","1,151.15","1,159.30","1,140.30","1,152.80","1,152.80","1,149.29","13,06,791","1,50,18,83,301.55","78,009","6,47,151","49.52"
"SUNPHARMA","EQ","08-Aug-2023","1,160.80","1,162.20","1,164.60","1,139.95","1,149.25","1,148.65","1,149.76","30,73,468","3,53,37,58,110.70","1,05,195","19,41,901","63.18"
"SUNPHARMA","EQ","07-Aug-2023","1,138.95","1,138.95","1,166.75","1,133.50","1,162.20","1,160.80","1,158.38","33,53,219","3,88,43,01,678.20","1,01,559","20,00,925","59.67"
"SUNPHARMA","EQ","04-Aug-2023","1,141.00","1,129.00","1,145.00","1,121.05","1,136.50","1,138.95","1,134.04","35,27,805","4,00,06,58,871.55","1,07,011","21,71,141","61.54"
"SUNPHARMA","EQ","03-Aug-2023","1,135.25","1,130.25","1,169.70","1,122.35","1,130.25","1,141.00","1,152.58","84,60,399","9,75,12,83,352.85","2,21,684","30,82,948","36.44"
"SUNPHARMA","EQ","02-Aug-2023","1,143.45","1,143.95","1,144.30","1,126.45","1,140.00","1,135.25","1,133.52","17,31,918","1,96,31,70,503.95","84,279","11,85,421","68.45"
"SUNPHARMA","EQ","01-Aug-2023","1,143.40","1,143.40","1,152.65","1,136.00","1,146.00","1,143.45","1,144.68","14,48,567","1,65,81,48,242.00","65,150","9,16,848","63.29"
"SUNPHARMA","EQ","31-Jul-2023","1,138.55","1,140.00","1,145.00","1,127.00","1,142.90","1,143.40","1,138.12","17,18,336","1,95,56,73,436.40","75,917","11,65,869","67.85"
"SUNPHARMA","EQ","28-Jul-2023","1,134.95","1,129.95","1,143.90","1,121.65","1,136.55","1,138.55","1,137.20","26,77,679","3,04,50,68,647.95","94,485","17,10,700","63.89"
"SUNPHARMA","EQ","27-Jul-2023","1,112.00","1,128.00","1,155.35","1,116.30","1,137.60","1,134.95","1,135.84","63,66,612","7,23,14,33,665.05","1,63,826","28,48,306","44.74"
"SUNPHARMA","EQ","26-Jul-2023","1,095.05","1,097.05","1,114.40","1,094.10","1,113.50","1,112.00","1,107.85","13,21,572","1,46,41,05,572.00","75,654","7,09,766","53.71"
"SUNPHARMA","EQ","25-Jul-2023","1,100.40","1,110.00","1,110.00","1,090.80","1,099.80","1,095.05","1,099.09","17,02,900","1,87,16,36,134.40","77,928","10,87,210","63.84"
"SUNPHARMA","EQ","24-Jul-2023","1,097.15","1,094.00","1,107.35","1,092.50","1,100.00","1,100.40","1,101.18","21,30,036","2,34,55,50,219.05","67,987","14,66,374","68.84"
"SUNPHARMA","EQ","21-Jul-2023","1,097.65","1,103.40","1,104.20","1,090.35","1,094.50","1,097.15","1,097.74","18,79,610","2,06,33,17,088.80","56,056","11,84,374","63.01"
"SUNPHARMA","EQ","20-Jul-2023","1,081.85","1,086.05","1,104.50","1,082.30","1,096.10","1,097.65","1,094.90","52,18,991","5,71,42,67,633.85","1,26,872","30,54,599","58.53"
"SUNPHARMA","EQ","19-Jul-2023","1,067.15","1,067.15","1,086.00","1,063.85","1,085.50","1,081.85","1,076.53","23,11,282","2,48,81,60,623.25","78,899","12,46,292","53.92"
"SUNPHARMA","EQ","18-Jul-2023","1,077.60","1,078.45","1,078.90","1,064.35","1,066.15","1,067.15","1,068.12","22,38,739","2,39,12,37,890.35","60,871","15,42,965","68.92"
"SUNPHARMA","EQ","17-Jul-2023","1,072.95","1,073.70","1,081.05","1,070.50","1,077.00","1,077.60","1,076.08","12,54,025","1,34,94,25,686.55","59,813","8,34,237","66.52"
"SUNPHARMA","EQ","14-Jul-2023","1,075.65","1,079.95","1,080.00","1,065.00","1,072.50","1,072.95","1,071.91","26,41,580","2,83,15,36,417.00","1,05,318","18,55,332","70.24"
"SUNPHARMA","EQ","13-Jul-2023","1,078.75","1,081.90","1,081.90","1,071.70","1,075.00","1,075.65","1,076.03","15,41,690","1,65,89,00,421.20","70,714","9,84,274","63.84"
"SUNPHARMA","EQ","12-Jul-2023","1,072.25","1,075.00","1,083.75","1,070.00","1,077.00","1,078.75","1,078.51","50,88,473","5,48,79,50,769.15","1,83,302","38,49,559","75.65"
"SUNPHARMA","EQ","11-Jul-2023","1,045.00","1,052.00","1,074.75","1,049.05","1,073.95","1,072.25","1,065.93","43,69,937","4,65,80,58,891.30","1,16,910","25,31,871","57.94"
"SUNPHARMA","EQ","10-Jul-2023","1,035.70","1,036.00","1,051.00","1,031.10","1,049.00","1,045.00","1,043.81","12,21,769","1,27,52,99,205.60","68,522","6,47,205","52.97"
"SUNPHARMA","EQ","07-Jul-2023","1,042.50","1,033.50","1,051.20","1,028.75","1,038.00","1,035.70","1,040.51","17,21,224","1,79,09,49,429.70","1,07,015","8,77,295","50.97"
"SUNPHARMA","EQ","06-Jul-2023","1,044.70","1,040.00","1,056.60","1,040.00","1,042.00","1,042.50","1,047.74","25,51,103","2,67,28,99,523.10","84,171","16,99,839","66.63"
"SUNPHARMA","EQ","05-Jul-2023","1,048.80","1,055.00","1,057.70","1,042.65","1,046.80","1,044.70","1,048.27","18,40,716","1,92,95,76,100.95","94,452","11,00,175","59.77"
"SUNPHARMA","EQ","04-Jul-2023","1,032.70","1,040.00","1,053.90","1,029.90","1,053.50","1,048.80","1,038.98","15,49,174","1,60,95,66,277.70","67,170","8,75,120","56.49"
"SUNPHARMA","EQ","03-Jul-2023","1,051.60","1,053.00","1,053.65","1,030.00","1,035.50","1,032.70","1,039.76","23,38,356","2,43,13,35,868.45","1,09,361","15,59,180","66.68"
"SUNPHARMA","EQ","30-Jun-2023","1,021.80","1,021.75","1,055.00","1,020.05","1,051.00","1,051.60","1,045.04","47,65,060","4,97,96,59,397.95","1,88,975","24,69,845","51.83"
"SUNPHARMA","EQ","28-Jun-2023","1,001.80","995.00","1,025.55","995.00","1,025.00","1,021.80","1,015.28","52,96,330","5,37,72,34,615.75","1,21,145","36,45,264","68.83"
"SUNPHARMA","EQ","27-Jun-2023","994.95","999.95","1,003.35","986.00","1,000.00","1,001.80","993.11","46,47,465","4,61,54,60,914.05","1,13,357","16,50,512","35.51"
"SUNPHARMA","EQ","26-Jun-2023","991.45","994.00","1,003.80","991.45","998.00","994.95","996.55","20,66,932","2,05,97,96,444.35","71,530","13,94,594","67.47"
"SUNPHARMA","EQ","23-Jun-2023","990.30","994.00","995.95","977.30","990.15","991.45","987.24","12,18,237","1,20,26,92,181.10","43,554","5,69,788","46.77"
"SUNPHARMA","EQ","22-Jun-2023","991.90","987.10","996.20","987.10","991.40","990.30","991.97","53,84,143","5,34,08,85,927.90","75,444","16,34,593","30.36"
"SUNPHARMA","EQ","21-Jun-2023","991.95","991.95","993.85","983.60","992.80","991.90","989.56","13,96,686","1,38,21,04,001.20","75,566","8,91,704","63.84"
"SUNPHARMA","EQ","20-Jun-2023","1,001.80","1,007.65","1,007.75","989.60","992.60","991.95","993.94","14,45,688","1,43,69,23,770.45","66,648","7,76,845","53.74"
"SUNPHARMA","EQ","19-Jun-2023","992.00","995.15","1,006.70","993.75","1,000.25","1,001.80","1,001.73","13,27,862","1,33,01,65,553.05","60,018","5,50,315","41.44"
"SUNPHARMA","EQ","16-Jun-2023","988.40","990.00","994.65","987.20","994.50","992.00","990.69","36,11,214","3,57,76,01,431.35","94,320","28,27,306","78.29"
"SUNPHARMA","EQ","15-Jun-2023","986.70","988.50","994.80","985.70","987.05","988.40","989.36","27,31,724","2,70,26,48,558.05","2,28,329","21,20,889","77.64"
"SUNPHARMA","EQ","14-Jun-2023","988.10","991.60","995.00","984.25","988.45","986.70","989.86","21,39,387","2,11,76,97,465.75","60,732","16,51,102","77.18"
"SUNPHARMA","EQ","13-Jun-2023","985.45","990.00","996.00","985.55","988.00","988.10","990.80","24,13,311","2,39,11,16,073.30","56,561","17,69,354","73.32"
"SUNPHARMA","EQ","12-Jun-2023","983.95","987.90","989.90","981.05","988.90","985.45","985.24","5,93,319","58,45,63,371.15","47,574","3,26,950","55.11"
"SUNPHARMA","EQ","09-Jun-2023","987.00","984.00","990.70","981.00","985.45","983.95","985.18","23,06,206","2,27,20,27,937.90","58,845","16,35,544","70.92"
"SUNPHARMA","EQ","08-Jun-2023","1,014.60","1,015.00","1,016.00","983.25","991.00","987.00","994.03","33,95,935","3,37,56,78,155.75","69,351","25,39,064","74.77"
"SUNPHARMA","EQ","07-Jun-2023","1,013.80","1,015.00","1,017.50","1,010.00","1,015.00","1,014.60","1,013.66","16,08,613","1,63,05,82,456.75","63,989","11,32,554","70.41"
"SUNPHARMA","EQ","06-Jun-2023","1,008.75","1,008.90","1,015.95","1,004.00","1,010.30","1,013.80","1,011.07","16,32,644","1,65,07,17,817.10","70,936","10,54,032","64.56"
"SUNPHARMA","EQ","05-Jun-2023","999.60","1,005.35","1,017.70","998.50","1,006.05","1,008.75","1,010.91","36,29,780","3,66,93,77,509.35","1,33,862","27,98,201","77.09"
"SUNPHARMA","EQ","02-Jun-2023","987.70","986.55","1,003.70","981.00","1,001.50","999.60","994.55","37,34,815","3,71,44,66,000.05","1,13,823","29,71,855","79.57"
"SUNPHARMA","EQ","01-Jun-2023","975.35","979.80","990.45","975.00","986.55","987.70","983.55","32,61,906","3,20,82,53,096.70","74,533","22,60,949","69.31"
"SUNPHARMA","EQ","31-May-2023","959.60","965.00","979.30","960.75","976.00","975.35","973.98","55,95,631","5,45,00,34,758.05","1,05,928","35,48,713","63.42"
"SUNPHARMA","EQ","30-May-2023","968.45","965.00","967.45","956.30","960.90","959.60","960.70","26,24,815","2,52,16,72,254.65","92,196","17,62,796","67.16"
"SUNPHARMA","EQ","29-May-2023","969.90","969.95","973.25","946.40","968.50","968.45","958.17","53,44,765","5,12,11,68,398.30","1,34,349","27,42,235","51.31"
"SUNPHARMA","EQ","26-May-2023","945.00","943.95","976.70","937.00","966.95","969.90","959.02","41,37,189","3,96,76,51,622.65","1,20,512","16,81,829","40.65"
"SUNPHARMA","EQ","25-May-2023","952.15","949.70","951.70","942.70","944.90","945.00","945.40","23,31,464","2,20,41,64,442.10","84,291","16,40,301","70.35"
"SUNPHARMA","EQ","24-May-2023","931.60","935.50","954.80","932.60","950.00","952.15","945.44","29,53,574","2,79,24,27,398.10","96,543","15,68,457","53.10"
"SUNPHARMA","EQ","23-May-2023","937.45","937.50","956.20","929.10","930.15","931.60","936.61","30,57,684","2,86,38,43,773.85","70,174","22,64,258","74.05"
"SUNPHARMA","EQ","22-May-2023","925.85","925.85","942.75","922.85","938.80","937.45","938.04","13,82,485","1,29,68,24,080.70","78,356","8,07,623","58.42"
"SUNPHARMA","EQ","19-May-2023","929.65","932.00","934.40","924.30","927.20","925.85","926.22","13,09,343","1,21,27,36,699.15","47,852","9,40,701","71.85"
"SUNPHARMA","EQ","18-May-2023","935.95","943.00","943.00","922.45","930.30","929.65","928.85","30,14,019","2,79,95,63,874.40","77,919","20,21,825","67.08"
"SUNPHARMA","EQ","17-May-2023","940.95","941.25","945.30","928.85","934.70","935.95","936.51","29,56,985","2,76,92,37,987.25","98,004","23,52,945","79.57"
"SUNPHARMA","EQ","16-May-2023","953.00","953.00","962.55","938.00","939.40","940.95","948.69","26,25,163","2,49,04,73,944.30","72,636","18,42,109","70.17"
"SUNPHARMA","EQ","15-May-2023","956.00","953.00","955.75","948.05","954.00","953.00","951.84","18,14,239","1,72,68,71,573.10","61,574","11,98,434","66.06"
"SUNPHARMA","EQ","12-May-2023","961.05","961.00","963.10","952.00","953.65","956.00","957.72","20,14,927","1,92,97,29,971.85","62,793","14,58,344","72.38"
"SUNPHARMA","EQ","11-May-2023","953.80","953.80","963.90","952.00","961.50","961.05","958.54","12,96,607","1,24,28,51,614.10","50,366","7,49,531","57.81"
"SUNPHARMA","EQ","10-May-2023","957.45","957.00","959.95","951.60","954.00","953.80","954.11","21,80,917","2,08,08,41,547.95","58,497","17,51,954","80.33"
"SUNPHARMA","EQ","09-May-2023","961.85","961.90","966.85","949.50","956.80","957.45","953.75","69,02,170","6,58,29,58,419.35","1,35,878","53,72,926","77.84"
"SUNPHARMA","EQ","08-May-2023","970.45","962.00","969.00","961.00","961.90","961.85","964.48","26,76,958","2,58,18,82,515.20","76,995","18,95,650","70.81"
"SUNPHARMA","EQ","05-May-2023","974.00","974.00","977.25","967.85","970.80","970.45","972.20","10,62,645","1,03,31,04,234.70","43,693","6,30,637","59.35"
"SUNPHARMA","EQ","04-May-2023","963.60","967.65","975.90","965.15","974.00","974.00","971.20","11,97,830","1,16,33,38,179.10","42,591","6,91,440","57.72"
"SUNPHARMA","EQ","03-May-2023","973.05","970.50","972.40","959.50","962.60","963.60","965.02","30,87,472","2,97,94,69,945.20","1,12,036","18,26,960","59.17"
"SUNPHARMA","EQ","02-May-2023","987.65","987.65","988.90","970.30","972.40","973.05","976.20","31,52,556","3,07,75,29,337.95","92,725","20,79,651","65.97"
"SUNPHARMA","EQ","28-Apr-2023","978.70","984.95","992.50","979.15","986.45","987.65","988.20","20,09,995","1,98,62,84,361.00","52,929","12,33,155","61.35"
"SUNPHARMA","EQ","27-Apr-2023","971.25","968.00","981.60","963.55","979.60","978.70","968.38","27,77,173","2,68,93,56,030.45","64,780","19,09,597","68.76"
"SUNPHARMA","EQ","26-Apr-2023","972.50","975.80","976.80","963.20","971.90","971.25","967.50","29,11,028","2,81,64,25,935.30","52,256","22,80,298","78.33"
"SUNPHARMA","EQ","25-Apr-2023","979.15","980.00","982.90","967.00","972.20","972.50","972.70","23,77,746","2,31,28,32,100.40","84,481","15,90,012","66.87"
"SUNPHARMA","EQ","24-Apr-2023","989.45","975.00","982.50","959.25","980.05","979.15","969.25","34,85,350","3,37,81,65,387.20","1,37,148","20,70,982","59.42"
"SUNPHARMA","EQ","21-Apr-2023","987.75","994.30","994.30","984.95","986.90","989.45","989.16","12,16,575","1,20,33,87,148.60","40,802","7,00,226","57.56"
"SUNPHARMA","EQ","20-Apr-2023","995.50","999.10","1,002.10","983.75","988.00","987.75","990.90","16,38,094","1,62,31,91,706.90","59,935","8,65,957","52.86"
"SUNPHARMA","EQ","19-Apr-2023","1,004.80","1,003.50","1,009.40","993.00","995.00","995.50","999.58","21,74,563","2,17,36,60,398.65","70,970","12,03,120","55.33"
"SUNPHARMA","EQ","18-Apr-2023","998.70","999.00","1,006.25","988.30","1,006.00","1,004.80","996.83","12,17,390","1,21,35,30,740.90","46,398","5,48,587","45.06"
"SUNPHARMA","EQ","17-Apr-2023","1,003.50","999.45","1,009.90","995.05","999.00","998.70","999.67","17,68,817","1,76,82,40,346.50","1,11,052","12,24,494","69.23"
"SUNPHARMA","EQ","13-Apr-2023","1,016.70","1,022.30","1,023.85","1,002.00","1,003.75","1,003.50","1,007.12","14,45,693","1,45,59,92,867.70","54,067","9,29,323","64.28"
"SUNPHARMA","EQ","12-Apr-2023","1,009.25","1,015.50","1,020.20","1,005.25","1,018.80","1,016.70","1,011.67","32,46,327","3,28,42,17,789.00","75,056","23,52,525","72.47"
"SUNPHARMA","EQ","11-Apr-2023","1,008.60","1,008.60","1,022.25","1,007.55","1,009.55","1,009.25","1,014.34","17,86,844","1,81,24,68,160.55","81,937","10,85,560","60.75"
"SUNPHARMA","EQ","10-Apr-2023","1,012.10","1,015.00","1,016.95","1,006.65","1,008.40","1,008.60","1,011.34","11,10,974","1,12,35,70,962.35","46,641","6,54,451","58.91"
"SUNPHARMA","EQ","06-Apr-2023","997.15","997.15","1,014.00","993.40","1,011.05","1,012.10","1,007.49","14,23,990","1,43,46,52,060.20","55,333","6,91,349","48.55"
"SUNPHARMA","EQ","05-Apr-2023","979.05","985.00","999.00","975.30","997.00","997.15","987.77","15,44,121","1,52,52,38,632.45","71,192","8,88,376","57.53"
"SUNPHARMA","EQ","03-Apr-2023","983.10","981.00","988.00","976.20","979.90","979.05","979.86","16,71,570","1,63,79,04,001.00","47,912","10,37,017","62.04"
"SUNPHARMA","EQ","31-Mar-2023","991.90","995.20","995.20","981.40","982.20","983.10","985.70","18,22,710","1,79,66,44,768.80","1,05,854","11,20,456","61.47"
"SUNPHARMA","EQ","29-Mar-2023","984.20","985.65","996.50","979.00","992.00","991.90","987.98","30,45,795","3,00,91,85,891.50","79,811","19,35,101","63.53"
"SUNPHARMA","EQ","28-Mar-2023","983.45","987.00","987.80","976.30","983.80","984.20","981.61","13,94,675","1,36,90,24,857.80","64,605","7,69,998","55.21"
"SUNPHARMA","EQ","27-Mar-2023","972.85","980.00","990.95","963.00","981.20","983.45","983.03","24,73,222","2,43,12,39,232.85","73,823","12,76,452","51.61"
"SUNPHARMA","EQ","24-Mar-2023","977.65","977.60","979.00","968.00","973.00","972.85","973.91","15,34,322","1,49,42,88,345.25","65,531","9,86,057","64.27"
"SUNPHARMA","EQ","23-Mar-2023","972.05","975.00","982.95","972.00","977.95","977.65","978.50","18,57,923","1,81,79,81,219.45","52,643","10,26,333","55.24"
"SUNPHARMA","EQ","22-Mar-2023","956.20","957.00","974.40","956.60","971.80","972.05","965.22","16,26,129","1,56,95,72,053.80","49,357","10,13,272","62.31"
"SUNPHARMA","EQ","21-Mar-2023","961.20","965.00","965.00","953.25","957.00","956.20","958.03","16,87,239","1,61,64,23,750.90","76,487","11,94,974","70.82"
"SUNPHARMA","EQ","20-Mar-2023","957.70","950.00","962.65","947.35","961.25","961.20","954.68","19,55,757","1,86,71,30,019.50","75,915","13,35,535","68.29"
"SUNPHARMA","EQ","17-Mar-2023","967.40","968.55","968.70","952.75","957.10","957.70","958.92","22,18,687","2,12,75,50,876.65","68,259","15,81,196","71.27"
"SUNPHARMA","EQ","16-Mar-2023","951.40","955.25","970.00","951.70","968.70","967.40","964.42","22,28,093","2,14,88,14,484.90","93,683","14,66,794","65.83"
"SUNPHARMA","EQ","15-Mar-2023","957.20","952.00","964.90","949.35","952.00","951.40","955.16","21,89,113","2,09,09,46,252.60","77,914","14,23,110","65.01"
"SUNPHARMA","EQ","14-Mar-2023","954.10","953.50","963.75","950.30","959.60","957.20","958.89","18,79,695","1,80,24,12,819.20","72,369","11,15,461","59.34"
"SUNPHARMA","EQ","13-Mar-2023","955.55","955.10","959.90","947.55","953.20","954.10","953.52","14,12,106","1,34,64,69,654.10","43,842","9,59,476","67.95"
"SUNPHARMA","EQ","10-Mar-2023","952.70","946.50","957.50","946.10","955.00","955.55","951.57","20,01,392","1,90,44,61,088.90","47,062","14,83,151","74.11"
"SUNPHARMA","EQ","09-Mar-2023","957.50","957.50","959.40","947.15","954.00","952.70","951.25","29,94,556","2,84,85,71,556.50","87,785","21,33,014","71.23"
"SUNPHARMA","EQ","08-Mar-2023","965.25","960.00","965.00","947.00","958.00","957.50","952.53","47,34,482","4,50,97,57,569.95","1,26,942","34,87,313","73.66"
"SUNPHARMA","EQ","06-Mar-2023","966.90","970.00","979.50","963.80","965.25","965.25","971.28","19,89,152","1,93,20,14,281.20","90,386","12,33,835","62.03"
"SUNPHARMA","EQ","03-Mar-2023","965.30","967.05","969.75","958.15","968.40","966.90","964.72","22,15,832","2,13,76,51,988.35","79,986","13,29,828","60.01"
"SUNPHARMA","EQ","02-Mar-2023","959.30","960.00","967.00","951.10","965.20","965.30","960.26","15,10,195","1,45,01,73,381.15","73,105","9,32,301","61.73"
"SUNPHARMA","EQ","01-Mar-2023","956.60","951.00","966.05","951.00","959.95","959.30","960.92","18,62,513","1,78,97,24,304.45","66,930","11,66,836","62.65"
"SUNPHARMA","EQ","28-Feb-2023","965.05","969.00","976.00","954.00","958.40","956.60","962.24","38,19,644","3,67,54,19,716.70","1,17,135","26,06,034","68.23"
"SUNPHARMA","EQ","27-Feb-2023","970.50","970.50","972.55","960.05","963.90","965.05","965.84","15,48,675","1,49,57,69,223.80","63,595","10,86,931","70.18"
"SUNPHARMA","EQ","24-Feb-2023","972.50","970.60","983.35","963.70","968.30","970.50","972.71","18,23,835","1,77,40,60,168.20","1,14,052","9,64,460","52.88"
"SUNPHARMA","EQ","23-Feb-2023","968.55","973.00","977.25","964.05","972.95","972.50","971.42","28,35,983","2,75,49,34,206.30","1,05,316","18,94,155","66.79"
"SUNPHARMA","EQ","22-Feb-2023","971.60","971.55","978.00","966.00","967.00","968.55","971.87","26,05,147","2,53,18,68,459.45","1,12,440","17,49,714","67.16"
"SUNPHARMA","EQ","21-Feb-2023","984.40","990.00","990.80","969.15","973.40","971.60","975.84","17,71,813","1,72,90,06,961.15","65,844","11,53,493","65.10"
"SUNPHARMA","EQ","20-Feb-2023","984.50","990.15","991.65","974.95","986.00","984.40","983.44","21,57,871","2,12,21,36,783.50","49,694","13,95,889","64.69"
"SUNPHARMA","EQ","17-Feb-2023","995.15","992.20","996.50","982.00","983.00","984.50","989.57","18,47,026","1,82,77,57,013.35","56,857","12,42,989","67.30"
"SUNPHARMA","EQ","16-Feb-2023","995.40","998.90","1,010.00","991.20","993.45","995.15","1,000.10","16,78,410","1,67,85,70,146.65","50,694","9,73,226","57.98"
"SUNPHARMA","EQ","15-Feb-2023","1,006.75","1,002.00","1,006.40","990.55","995.00","995.40","996.80","22,51,350","2,24,41,51,608.95","99,270","14,78,650","65.68"
"SUNPHARMA","EQ","14-Feb-2023","1,015.25","1,018.00","1,018.05","1,003.25","1,009.55","1,006.75","1,007.76","18,32,842","1,84,70,56,702.90","67,629","12,69,327","69.25"
"SUNPHARMA","EQ","13-Feb-2023","1,006.60","1,008.25","1,017.35","1,002.00","1,015.00","1,015.25","1,011.16","13,55,766","1,37,08,90,955.40","62,559","7,41,415","54.69"
"SUNPHARMA","EQ","10-Feb-2023","1,006.80","1,006.80","1,014.35","996.70","1,006.70","1,006.60","1,003.89","15,30,150","1,53,60,97,726.80","61,210","9,19,037","60.06"
"SUNPHARMA","EQ","09-Feb-2023","1,013.00","1,003.00","1,021.20","1,001.40","1,007.00","1,006.80","1,008.57","14,74,402","1,48,70,37,563.05","38,912","8,66,211","58.75"
"SUNPHARMA","EQ","08-Feb-2023","1,006.40","1,004.80","1,016.90","997.40","1,014.90","1,013.00","1,006.47","18,15,142","1,82,68,82,467.20","72,688","11,27,544","62.12"
"SUNPHARMA","EQ","07-Feb-2023","1,023.35","1,026.25","1,028.50","1,002.00","1,006.80","1,006.40","1,008.58","23,60,600","2,38,08,62,859.20","77,352","15,85,741","67.18"
"SUNPHARMA","EQ","06-Feb-2023","1,028.15","1,020.00","1,025.95","1,012.75","1,023.00","1,023.35","1,019.38","12,15,157","1,23,87,04,755.85","46,295","6,78,708","55.85"
"SUNPHARMA","EQ","03-Feb-2023","1,007.60","1,007.00","1,032.45","1,001.65","1,027.00","1,028.15","1,019.25","23,32,076","2,37,69,75,684.70","83,676","14,90,640","63.92"
"SUNPHARMA","EQ","02-Feb-2023","1,014.90","1,009.95","1,015.70","993.00","1,005.20","1,007.60","1,004.54","21,17,181","2,12,67,92,888.00","80,409","13,09,603","61.86"
"SUNPHARMA","EQ","01-Feb-2023","1,034.50","1,036.45","1,043.95","1,005.10","1,015.00","1,014.90","1,013.55","47,17,887","4,78,18,08,031.30","1,70,127","27,90,885","59.16"
"SUNPHARMA","EQ","31-Jan-2023","1,051.70","1,055.00","1,060.30","1,026.05","1,037.05","1,034.50","1,036.79","52,65,462","5,45,91,93,190.45","1,69,272","32,43,218","61.59"
"SUNPHARMA","EQ","30-Jan-2023","1,043.40","1,041.95","1,072.15","1,040.20","1,053.35","1,051.70","1,055.61","33,20,916","3,50,55,85,712.65","1,00,859","17,70,308","53.31"
"SUNPHARMA","EQ","27-Jan-2023","1,040.05","1,044.95","1,051.00","1,034.00","1,038.00","1,043.40","1,041.93","34,48,013","3,59,25,74,126.65","77,941","26,67,018","77.35"
"SUNPHARMA","EQ","25-Jan-2023","1,040.70","1,030.30","1,045.65","1,030.30","1,045.65","1,040.05","1,036.93","17,53,333","1,81,80,86,719.50","71,633","11,88,923","67.81"
"SUNPHARMA","EQ","24-Jan-2023","1,049.30","1,050.00","1,050.95","1,034.55","1,040.00","1,040.70","1,040.61","20,88,556","2,17,33,81,850.05","65,750","15,45,332","73.99"
"SUNPHARMA","EQ","23-Jan-2023","1,030.35","1,035.00","1,054.90","1,022.50","1,050.10","1,049.30","1,045.39","21,06,604","2,20,22,26,115.05","71,864","12,46,483","59.17"
"SUNPHARMA","EQ","20-Jan-2023","1,040.55","1,044.05","1,047.50","1,016.85","1,032.00","1,030.35","1,029.01","29,63,571","3,04,95,30,869.90","93,677","16,68,588","56.30"
"SUNPHARMA","EQ","19-Jan-2023","1,040.10","1,038.10","1,044.00","1,036.00","1,039.40","1,040.55","1,040.39","8,24,263","85,75,55,579.50","43,413","4,62,786","56.15"
"SUNPHARMA","EQ","18-Jan-2023","1,032.70","1,032.70","1,041.50","1,030.15","1,038.10","1,040.10","1,036.95","12,38,451","1,28,42,15,816.00","47,546","7,54,412","60.92"
"SUNPHARMA","EQ","17-Jan-2023","1,035.45","1,035.45","1,036.00","1,026.80","1,033.30","1,032.70","1,030.90","12,45,848","1,28,43,39,974.25","56,406","7,31,922","58.75"
"SUNPHARMA","EQ","16-Jan-2023","1,031.60","1,031.60","1,039.50","1,026.10","1,036.00","1,035.45","1,033.81","14,37,532","1,48,61,30,739.85","48,131","9,04,887","62.95"
"SUNPHARMA","EQ","13-Jan-2023","1,032.85","1,031.15","1,035.00","1,020.15","1,031.05","1,031.60","1,029.06","14,91,367","1,53,47,13,373.40","86,162","8,41,455","56.42"
"SUNPHARMA","EQ","12-Jan-2023","1,028.00","1,031.95","1,035.45","1,021.15","1,031.55","1,032.85","1,028.36","16,41,398","1,68,79,47,431.65","87,399","10,21,088","62.21"
"SUNPHARMA","EQ","11-Jan-2023","1,011.85","1,012.00","1,033.05","1,008.35","1,026.60","1,028.00","1,024.19","32,58,157","3,33,69,79,686.25","1,17,593","19,63,835","60.27"
"SUNPHARMA","EQ","10-Jan-2023","1,016.85","1,016.00","1,024.00","1,010.05","1,012.95","1,011.85","1,016.83","16,07,654","1,63,47,14,071.80","82,068","10,78,108","67.06"
"SUNPHARMA","EQ","09-Jan-2023","1,008.70","1,015.00","1,023.35","1,010.50","1,016.15","1,016.85","1,017.09","15,67,316","1,59,41,05,703.25","1,19,261","10,68,973","68.20"
"SUNPHARMA","EQ","06-Jan-2023","1,016.20","1,015.00","1,021.80","1,004.10","1,007.00","1,008.70","1,015.69","17,73,153","1,80,09,69,070.80","54,432","12,02,171","67.80"
"SUNPHARMA","EQ","05-Jan-2023","1,004.10","1,009.10","1,021.90","1,008.25","1,014.50","1,016.20","1,015.35","22,46,533","2,28,10,22,996.60","72,404","13,54,291","60.28"
"SUNPHARMA","EQ","04-Jan-2023","1,009.10","1,012.00","1,025.90","1,000.75","1,001.00","1,004.10","1,013.70","25,73,870","2,60,91,21,178.85","75,259","11,99,576","46.61"
"SUNPHARMA","EQ","03-Jan-2023","997.00","993.00","1,012.80","988.00","1,010.00","1,009.10","999.17","18,10,117","1,80,86,21,778.45","61,449","9,29,561","51.35"
"SUNPHARMA","EQ","02-Jan-2023","1,001.40","1,001.40","1,001.40","987.20","997.00","997.00","996.53","16,16,012","1,61,04,03,828.40","58,069","9,03,230","55.89"