"Symbol  ","Series  ","Date  ","Prev Close  ","Open Price  ","High Price  ","Low Price  ","Last Price  ","Close Price  ","Average Price ","Total Traded Quantity  ","Turnover ₹  ","No. of Trades  ","Deliverable Qty  ","% Dly Qt to Traded Qty  "
"ITC","EQ","31-Dec-2025","400.60","401.10","403.75","400.85","402.70","403.00","402.81","99,45,109","4,00,59,57,774.45","93,789","75,44,490","75.86"
"ITC","EQ","30-Dec-2025","402.60","403.00","403.45","400.30","401.10","400.60","401.22","1,23,40,527","4,95,12,65,566.85","1,34,214","96,51,082","78.21"
"ITC","EQ","29-Dec-2025","404.15","404.10","404.80","401.45","402.95","402.60","402.55","66,47,710","2,67,60,07,103.70","90,644","39,78,195","59.84"
"ITC","EQ","26-Dec-2025","406.60","406.50","407.15","403.85","404.90","404.15","404.63","31,52,453","1,27,55,62,322.60","76,263","20,35,880","64.58"
"ITC","EQ","24-Dec-2025","407.35","407.95","409.50","405.65","406.80","406.60","407.18","57,77,430","2,35,24,33,725.00","73,260","30,85,732","53.41"
"ITC","EQ","23-Dec-2025","402.70","402.50","408.90","401.80","408.85","407.35","405.66","1,00,81,997","4,08,98,15,715.85","1,58,483","54,84,078","54.39"
"ITC","EQ","22-Dec-2025","401.05","401.60","403.65","401.20","402.85","402.70","402.79","68,47,871","2,75,82,63,703.80","96,410","49,02,207","71.59"
"ITC","EQ","19-Dec-2025","400.40","400.25","402.65","400.25","400.90","401.05","401.39","1,06,54,835","4,27,67,83,887.20","1,38,048","69,57,888","65.30"
"ITC","EQ","18-Dec-2025","399.80","400.00","401.95","399.85","400.85","400.40","400.74","72,27,668","2,89,63,90,248.80","1,06,780","48,67,729","67.35"
"ITC","EQ","17-Dec-2025","401.70","401.00","403.10","399.10","400.25","399.80","400.53","80,87,490","3,23,93,01,844.80","1,17,330","56,74,568","70.16"
"ITC","EQ","16-Dec-2025","402.30","401.40","405.75","401.05","402.00","401.70","403.11","1,23,47,384","4,97,73,88,189.80","1,20,140","75,79,095","61.38"
"ITC","EQ","15-Dec-2025","400.10","400.10","403.35","399.50","402.00","402.30","401.80","77,56,564","3,11,65,64,595.55","96,420","48,28,405","62.25"
"ITC","EQ","12-Dec-2025","402.90","402.90","404.00","399.85","400.70","400.10","400.55","1,24,07,516","4,96,97,85,471.85","1,15,410","98,25,962","79.19"
"ITC","EQ","11-Dec-2025","403.15","403.15","404.00","401.10","403.00","402.90","402.40","69,80,147","2,80,88,21,372.05","99,653","41,24,620","59.09"
"ITC","EQ","10-Dec-2025","401.05","401.10","404.40","401.00","403.05","403.15","403.31","69,69,146","2,81,07,30,997.45","1,06,280","46,36,497","66.53"
"ITC","EQ","09-Dec-2025","402.30","402.00","404.50","400.00","401.25","401.05","402.28","94,26,717","3,79,21,90,139.05","1,19,643","54,47,982","57.79"
"ITC","EQ","08-Dec-2025","404.95","404.95","405.25","400.55","402.00","402.30","402.89","60,56,866","2,44,02,76,710.15","1,01,139","34,81,554","57.48"
"ITC","EQ","05-Dec-2025","403.05","403.05","405.35","402.00","404.60","404.95","404.12","44,19,747","1,78,60,97,800.35","73,360","27,98,339","63.31"
"ITC","EQ","04-Dec-2025","400.50","400.10","403.55","399.05","403.25","403.05","402.09","80,57,989","3,24,00,08,562.15","1,00,529","49,40,817","61.32"
"ITC","EQ","03-Dec-2025","400.95","401.70","402.20","398.85","400.70","400.50","400.33","1,07,72,192","4,31,23,88,380.25","1,45,572","74,22,026","68.90"
"ITC","EQ","02-Dec-2025","404.25","404.25","405.50","400.50","401.70","400.95","401.68","80,93,808","3,25,11,35,210.45","1,12,342","46,60,483","57.58"
"ITC","EQ","01-Dec-2025","404.25","402.80","405.50","398.20","404.05","404.25","402.48","1,34,42,658","5,41,04,24,427.90","2,04,438","71,21,279","52.98"
"ITC","EQ","28-Nov-2025","404.30","404.30","405.00","402.50","404.30","404.25","403.67","68,83,500","2,77,86,54,678.40","1,04,754","46,28,335","67.24"
"ITC","EQ","27-Nov-2025","402.30","403.50","405.95","402.10","405.00","404.30","403.22","86,79,529","3,49,97,92,465.40","1,05,551","53,74,198","61.92"
"ITC","EQ","26-Nov-2025","400.80","401.00","403.95","400.95","402.55","402.30","402.60","1,14,43,953","4,60,72,86,432.40","1,07,847","78,33,650","68.45"
"ITC","EQ","25-Nov-2025","403.55","403.55","404.50","400.10","400.40","400.80","402.29","81,99,785","3,29,87,22,901.65","1,14,076","51,92,578","63.33"
"ITC","EQ","24-Nov-2025","407.85","408.40","408.80","402.85","404.20","403.55","404.39","1,10,37,491","4,46,34,45,092.75","1,28,280","87,19,220","79.00"
"ITC","EQ","21-Nov-2025","405.45","405.00","408.50","404.70","408.00","407.85","407.28","58,08,131","2,36,55,41,111.25","92,059","38,97,974","67.11"
"ITC","EQ","20-Nov-2025","403.55","403.55","407.00","403.25","405.60","405.45","405.55","66,93,410","2,71,45,19,990.35","1,08,333","39,48,834","59.00"
"ITC","EQ","19-Nov-2025","405.85","404.85","405.55","402.80","403.70","403.55","403.68","78,82,450","3,18,19,92,048.10","1,34,281","50,63,831","64.24"
"ITC","EQ","18-Nov-2025","407.10","408.25","409.80","404.55","405.70","405.85","405.64","76,61,681","3,10,78,54,790.65","92,029","39,31,926","51.32"
"ITC","EQ","17-Nov-2025","408.15","409.75","412.00","406.00","407.50","407.10","407.38","78,55,399","3,20,01,40,693.40","1,14,679","48,51,834","61.76"
"ITC","EQ","14-Nov-2025","405.70","404.70","408.75","400.10","408.25","408.15","401.39","6,40,20,258","25,69,71,82,566.80","1,51,924","5,61,49,205","87.71"
"ITC","EQ","13-Nov-2025","407.00","407.00","407.50","404.50","406.50","405.70","406.31","66,17,185","2,68,86,12,018.50","90,395","39,31,292","59.41"
"ITC","EQ","12-Nov-2025","406.85","408.00","408.10","405.55","407.40","407.00","406.82","79,87,236","3,24,93,80,333.55","1,07,940","50,07,110","62.69"
"ITC","EQ","11-Nov-2025","405.55","406.00","408.05","404.60","407.20","406.85","406.29","1,20,05,318","4,87,76,32,724.55","97,321","80,58,840","67.13"
"ITC","EQ","10-Nov-2025","404.05","404.05","407.10","403.65","406.00","405.55","405.75","66,50,003","2,69,82,66,556.55","1,28,591","42,13,671","63.36"
"ITC","EQ","07-Nov-2025","407.50","406.05","409.10","403.10","404.40","404.05","405.13","84,11,611","3,40,78,15,043.20","92,747","59,16,918","70.34"
"ITC","EQ","06-Nov-2025","408.90","410.00","413.30","406.55","408.50","407.50","408.26","1,00,95,563","4,12,15,88,309.65","1,46,248","61,52,789","60.95"
"ITC","EQ","04-Nov-2025","413.95","414.00","414.50","408.35","408.80","408.90","410.16","1,00,85,404","4,13,66,35,461.40","1,40,114","69,14,720","68.56"
"ITC","EQ","03-Nov-2025","420.35","419.95","421.65","413.30","414.00","413.95","415.71","76,35,440","3,17,40,92,208.20","1,68,846","44,11,700","57.78"
"ITC","EQ","31-Oct-2025","418.75","420.50","426.40","418.20","419.95","420.35","422.45","1,85,99,864","7,85,74,95,955.95","2,03,655","96,38,882","51.82"
"ITC","EQ","30-Oct-2025","421.60","421.60","421.70","416.15","419.35","418.75","419.29","1,29,38,674","5,42,50,28,130.20","1,28,633","72,12,238","55.74"
"ITC","EQ","29-Oct-2025","417.90","418.20","422.20","416.05","421.85","421.60","419.47","1,14,70,661","4,81,15,76,571.15","1,26,826","75,55,657","65.87"
"ITC","EQ","28-Oct-2025","420.65","420.50","421.65","415.90","417.85","417.90","417.96","1,71,63,147","7,17,34,91,707.05","1,47,046","92,93,633","54.15"
"ITC","EQ","27-Oct-2025","416.80","417.00","422.70","416.60","421.00","420.65","420.58","1,16,03,679","4,88,02,29,507.85","1,15,318","76,48,736","65.92"
"ITC","EQ","24-Oct-2025","415.95","415.95","417.95","413.45","417.80","416.80","415.51","1,49,35,678","6,20,59,57,776.10","1,14,037","97,95,216","65.58"
"ITC","EQ","23-Oct-2025","412.85","416.00","420.45","413.55","416.25","415.95","417.33","2,43,05,990","10,14,35,43,220.15","1,89,470","1,51,01,708","62.13"
"ITC","EQ","21-Oct-2025","413.05","413.50","413.95","412.35","412.50","412.85","412.93","11,42,130","47,16,23,300.60","38,260","7,49,275","65.64"
"ITC","EQ","20-Oct-2025","412.15","412.55","414.85","411.30","412.60","413.05","412.96","1,30,83,621","5,40,30,72,501.60","1,26,249","78,31,269","59.86"
"ITC","EQ","17-Oct-2025","405.15","405.35","413.85","405.25","411.40","412.15","411.42","2,10,71,344","8,66,91,97,740.65","1,55,146","1,33,38,759","63.30"
"ITC","EQ","16-Oct-2025","399.90","401.00","406.00","399.55","405.45","405.15","403.00","2,29,62,049","9,25,37,41,617.70","1,61,737","1,65,62,623","72.13"
"ITC","EQ","15-Oct-2025","396.80","398.00","400.85","397.25","400.30","399.90","399.77","1,60,43,867","6,41,38,86,116.50","1,07,335","1,23,64,172","77.06"
"ITC","EQ","14-Oct-2025","399.25","400.00","400.85","396.20","396.70","396.80","397.77","1,02,91,102","4,09,35,09,264.00","1,55,469","55,29,960","53.74"
"ITC","EQ","13-Oct-2025","402.80","400.00","400.95","398.55","399.40","399.25","399.67","95,08,594","3,80,02,78,856.70","1,72,792","58,80,503","61.84"
"ITC","EQ","10-Oct-2025","399.90","400.45","403.85","399.50","402.50","402.80","402.29","1,50,85,738","6,06,87,94,009.10","1,15,991","1,08,89,910","72.19"
"ITC","EQ","09-Oct-2025","399.75","399.00","401.40","398.95","399.30","399.90","399.97","1,56,56,267","6,26,20,21,427.10","1,27,019","1,11,21,524","71.04"
"ITC","EQ","08-Oct-2025","399.80","400.00","401.75","398.00","399.50","399.75","399.50","84,02,463","3,35,67,45,732.55","93,216","57,95,791","68.98"
"ITC","EQ","07-Oct-2025","400.75","402.50","402.60","399.50","399.90","399.80","400.47","1,22,98,968","4,92,53,18,576.70","1,28,812","83,32,655","67.75"
"ITC","EQ","06-Oct-2025","404.30","403.00","403.90","399.80","401.10","400.75","400.71","1,39,89,077","5,60,55,84,637.30","1,19,696","1,06,47,662","76.11"
"ITC","EQ","03-Oct-2025","405.60","404.90","405.50","402.30","404.60","404.30","404.32","1,69,87,141","6,86,82,13,808.30","1,19,898","1,33,99,155","78.88"
"ITC","EQ","01-Oct-2025","401.55","402.35","406.00","399.75","404.90","405.60","403.72","1,76,43,039","7,12,28,31,971.25","1,16,986","1,24,14,506","70.36"
"ITC","EQ","30-Sep-2025","407.25","406.75","406.75","400.40","401.70","401.55","402.22","94,65,490","3,80,71,99,569.50","1,35,011","58,53,103","61.84"
"ITC","EQ","29-Sep-2025","405.10","406.90","408.00","403.20","404.40","407.25","406.55","1,97,17,660","8,01,61,25,728.80","1,38,356","1,40,83,060","71.42"
"ITC","EQ","26-Sep-2025","400.10","400.10","405.90","399.80","405.00","405.10","403.62","1,44,14,044","5,81,77,82,528.90","1,20,767","90,38,880","62.71"
"ITC","EQ","25-Sep-2025","401.00","401.45","403.00","398.00","400.45","400.10","400.05","2,20,06,368","8,80,36,08,106.55","1,74,393","1,55,63,104","70.72"
"ITC","EQ","24-Sep-2025","403.20","403.20","404.65","400.70","401.00","401.00","401.65","1,23,80,865","4,97,28,36,129.35","1,17,613","97,52,591","78.77"
"ITC","EQ","23-Sep-2025","406.95","407.10","408.10","402.10","404.00","403.20","403.67","1,49,36,357","6,02,94,14,917.85","1,65,353","88,57,898","59.30"
"ITC","EQ","22-Sep-2025","410.65","410.65","411.00","406.05","407.00","406.95","408.02","89,30,779","3,64,39,75,296.25","1,28,779","62,49,765","69.98"
"ITC","EQ","19-Sep-2025","411.55","411.55","412.60","408.95","410.00","410.65","410.47","1,95,05,321","8,00,63,79,578.25","1,19,041","1,40,18,475","71.87"
"ITC","EQ","18-Sep-2025","409.30","411.35","413.05","410.10","412.50","411.55","411.51","1,56,47,808","6,43,92,99,773.30","1,05,500","1,10,51,490","70.63"
"ITC","EQ","17-Sep-2025","413.10","413.95","414.60","408.05","410.05","409.30","410.17","1,41,13,882","5,78,91,28,854.55","1,47,228","97,25,314","68.91"
"ITC","EQ","16-Sep-2025","412.65","413.20","414.35","412.00","413.65","413.10","413.12","82,39,087","3,40,37,29,371.05","97,899","48,73,272","59.15"
"ITC","EQ","15-Sep-2025","413.75","413.05","414.30","411.75","412.80","412.65","413.05","57,07,331","2,35,74,18,512.55","91,972","35,10,955","61.52"
"ITC","EQ","12-Sep-2025","415.05","415.35","417.05","412.85","413.55","413.75","414.89","78,03,379","3,23,75,50,924.50","78,225","51,39,596","65.86"
"ITC","EQ","11-Sep-2025","413.05","413.05","416.70","412.45","415.35","415.05","415.51","82,74,406","3,43,80,66,391.55","1,95,524","56,39,007","68.15"
"ITC","EQ","10-Sep-2025","410.05","411.00","413.70","408.95","413.00","413.05","411.25","92,52,397","3,80,50,55,609.05","1,41,806","66,28,182","71.64"
"ITC","EQ","09-Sep-2025","407.55","408.50","410.95","407.40","410.00","410.05","409.78","88,25,896","3,61,66,92,854.60","88,691","58,63,268","66.43"
"ITC","EQ","08-Sep-2025","407.35","407.45","410.55","406.80","408.40","407.55","408.21","74,19,022","3,02,85,06,105.15","1,13,635","44,16,168","59.52"
"ITC","EQ","05-Sep-2025","415.90","416.90","417.00","404.40","407.90","407.35","406.82","1,60,00,675","6,50,94,28,201.45","2,13,298","89,34,303","55.84"
"ITC","EQ","04-Sep-2025","411.75","423.95","427.00","415.00","415.75","415.90","418.56","2,72,74,123","11,41,58,87,821.05","2,71,564","1,63,95,824","60.11"
"ITC","EQ","03-Sep-2025","406.75","408.50","413.25","407.30","411.10","411.75","410.55","1,29,36,588","5,31,11,34,586.60","1,18,422","83,67,495","64.68"
"ITC","EQ","02-Sep-2025","405.85","406.55","407.85","404.45","407.00","406.75","406.37","1,98,08,255","8,04,95,46,791.50","2,24,334","1,34,10,269","67.70"
"ITC","EQ","01-Sep-2025","409.75","409.75","410.20","405.00","405.55","405.85","406.32","1,22,68,090","4,98,47,83,795.80","1,69,790","86,27,807","70.33"
"ITC","EQ","29-Aug-2025","400.90","402.00","410.45","401.90","409.50","409.75","407.54","2,52,55,050","10,29,25,36,558.90","1,52,907","1,90,19,266","75.31"
"ITC","EQ","28-Aug-2025","403.35","404.50","404.50","400.00","400.80","400.90","401.40","1,24,71,719","5,00,61,14,050.00","1,65,609","85,46,436","68.53"
"ITC","EQ","26-Aug-2025","399.35","399.30","405.40","398.40","403.35","403.35","402.30","1,37,15,752","5,51,78,42,190.00","1,80,641","94,37,000","68.80"
"ITC","EQ","25-Aug-2025","398.30","399.00","400.55","396.25","399.15","399.35","399.17","1,04,40,286","4,16,74,97,911.50","1,42,577","71,90,743","68.87"
"ITC","EQ","22-Aug-2025","405.55","406.00","406.50","397.50","398.30","398.30","399.91","1,30,87,624","5,23,38,81,432.80","2,04,639","89,47,365","68.37"
"ITC","EQ","21-Aug-2025","406.05","406.05","406.85","403.35","406.00","405.55","405.69","1,50,28,966","6,09,71,00,177.45","1,82,931","97,38,849","64.80"
"ITC","EQ","20-Aug-2025","409.10","409.10","410.25","405.45","406.25","406.05","407.87","1,81,88,129","7,41,84,16,584.55","1,58,846","1,45,53,383","80.02"
"ITC","EQ","19-Aug-2025","406.30","406.35","409.40","404.50","409.10","409.10","406.86","1,66,81,331","6,78,69,12,397.30","1,75,005","1,23,30,175","73.92"
"ITC","EQ","18-Aug-2025","411.45","413.00","413.70","404.85","405.30","406.30","408.70","3,09,50,814","12,64,96,59,054.30","1,93,343","2,54,31,261","82.17"
"ITC","EQ","14-Aug-2025","414.10","414.25","415.05","411.00","411.45","411.45","412.48","95,80,361","3,95,16,69,337.50","1,22,767","63,74,688","66.54"
"ITC","EQ","13-Aug-2025","416.35","417.20","417.50","413.60","414.20","414.10","414.82","1,08,74,910","4,51,10,79,760.80","86,765","78,58,050","72.26"
"ITC","EQ","12-Aug-2025","416.85","417.00","419.80","415.30","416.10","416.35","417.43","1,36,35,738","5,69,20,02,511.40","1,05,553","94,86,988","69.57"
"ITC","EQ","11-Aug-2025","414.50","414.50","417.00","414.00","417.00","416.85","416.05","85,14,272","3,54,23,55,434.80","1,11,986","58,06,325","68.20"
"ITC","EQ","08-Aug-2025","413.60","413.90","415.35","412.95","414.45","414.50","414.32","98,14,361","4,06,62,50,194.90","95,336","67,07,257","68.34"
"ITC","EQ","07-Aug-2025","412.00","412.00","414.75","411.65","413.80","413.60","413.34","1,15,14,878","4,75,95,38,600.10","1,07,647","79,47,946","69.02"
"ITC","EQ","06-Aug-2025","414.15","414.15","415.00","410.50","412.20","412.00","411.74","90,80,543","3,73,88,41,645.30","1,23,746","58,45,492","64.37"
"ITC","EQ","05-Aug-2025","416.85","417.20","417.95","413.00","413.80","414.15","414.33","84,95,104","3,51,97,98,904.05","1,47,684","58,15,167","68.45"
"ITC","EQ","04-Aug-2025","416.45","420.20","422.50","415.10","416.65","416.85","417.96","1,83,52,458","7,67,05,04,419.40","3,46,053","1,28,66,158","70.11"
"ITC","EQ","01-Aug-2025","411.95","412.40","419.35","411.80","416.60","416.45","416.54","1,43,24,065","5,96,65,72,601.75","1,43,905","86,62,368","60.47"
"ITC","EQ","31-Jul-2025","407.60","405.95","414.00","405.55","411.70","411.95","410.46","1,93,64,174","7,94,81,30,344.70","1,45,541","1,31,66,048","67.99"
"ITC","EQ","30-Jul-2025","408.45","409.00","409.30","405.75","407.80","407.60","407.37","1,09,15,863","4,44,68,03,251.75","1,02,742","76,90,447","70.45"
"ITC","EQ","29-Jul-2025","409.90","410.00","411.40","408.00","408.20","408.45","409.30","68,11,772","2,78,80,74,823.55","97,448","40,09,213","58.86"
"ITC","EQ","28-Jul-2025","409.40","410.80","410.85","408.60","409.80","409.90","409.88","81,23,337","3,32,95,57,179.75","86,106","53,21,561","65.51"
"ITC","EQ","25-Jul-2025","409.95","410.00","410.25","407.75","409.60","409.40","409.17","58,24,089","2,38,30,43,433.05","1,00,941","38,99,862","66.96"
"ITC","EQ","24-Jul-2025","414.95","415.85","415.85","409.45","410.00","409.95","411.42","90,05,157","3,70,48,82,523.95","1,32,378","59,99,945","66.63"
"ITC","EQ","23-Jul-2025","416.00","417.10","417.90","414.00","415.00","414.95","415.04","1,21,96,187","5,06,18,66,238.40","99,775","93,63,897","76.78"
"ITC","EQ","22-Jul-2025","420.10","420.10","420.40","415.20","415.95","416.00","416.82","98,69,507","4,11,38,26,380.95","1,17,437","73,64,729","74.62"
"ITC","EQ","21-Jul-2025","422.75","422.00","422.75","418.40","420.30","420.10","420.55","48,22,343","2,02,80,12,485.95","85,747","27,01,240","56.02"
"ITC","EQ","18-Jul-2025","423.95","425.20","425.20","420.10","422.00","422.75","422.22","67,30,256","2,84,16,42,514.05","82,551","42,59,084","63.28"
"ITC","EQ","17-Jul-2025","424.60","425.80","425.90","423.00","423.25","423.95","424.62","72,40,795","3,07,46,22,256.70","85,266","44,23,015","61.08"
"ITC","EQ","16-Jul-2025","422.10","422.10","425.45","420.30","424.40","424.60","423.52","97,80,773","4,14,23,30,034.65","91,064","72,07,565","73.69"
"ITC","EQ","15-Jul-2025","419.40","420.90","422.40","419.00","422.30","422.10","421.37","85,32,755","3,59,54,25,226.20","1,12,643","55,65,660","65.23"
"ITC","EQ","14-Jul-2025","416.80","417.05","419.95","416.55","419.35","419.40","418.90","68,96,989","2,88,91,23,352.95","94,592","48,50,678","70.33"
"ITC","EQ","11-Jul-2025","416.85","417.00","418.05","415.50","416.65","416.80","416.92","85,78,844","3,57,67,13,516.45","96,778","59,38,413","69.22"
"ITC","EQ","10-Jul-2025","419.45","420.30","420.30","416.40","416.65","416.85","417.61","62,20,360","2,59,76,61,683.25","76,333","37,26,003","59.90"
"ITC","EQ","09-Jul-2025","417.20","416.20","420.30","415.45","419.10","419.45","419.08","99,30,533","4,16,16,51,352.25","1,46,808","66,94,458","67.41"
"ITC","EQ","08-Jul-2025","416.15","416.15","418.10","414.65","418.00","417.20","416.46","68,07,192","2,83,49,24,838.55","76,566","44,23,626","64.98"
"ITC","EQ","07-Jul-2025","412.55","413.00","417.20","412.00","416.50","416.15","415.88","68,45,218","2,84,68,07,822.50","1,20,392","41,58,017","60.74"
"ITC","EQ","04-Jul-2025","413.35","414.90","415.00","411.75","412.70","412.55","412.80","82,56,733","3,40,83,42,585.95","1,03,880","52,73,419","63.87"
"ITC","EQ","03-Jul-2025","412.95","414.00","416.00","411.25","413.90","413.35","413.57","1,41,85,298","5,86,66,30,211.25","1,42,804","79,90,645","56.33"
"ITC","EQ","02-Jul-2025","415.10","416.90","416.90","411.70","413.20","412.95","413.58","1,59,90,899","6,61,34,37,048.00","1,48,675","1,16,78,799","73.03"
"ITC","EQ","01-Jul-2025","416.45","417.00","418.85","414.90","415.10","415.10","416.37","1,36,70,465","5,69,19,10,423.45","1,35,207","1,02,29,290","74.83"
"ITC","EQ","30-Jun-2025","418.65","419.80","420.75","415.80","416.30","416.45","417.37","1,23,17,124","5,14,07,85,633.05","1,45,533","92,40,659","75.02"
"ITC","EQ","27-Jun-2025","420.30","421.00","422.00","417.80","420.00","418.65","419.38","2,14,09,935","8,97,88,30,736.00","1,38,937","1,67,14,118","78.07"
"ITC","EQ","26-Jun-2025","416.35","417.20","420.90","416.25","420.00","420.30","418.46","1,37,03,918","5,73,45,31,592.15","2,48,476","87,76,093","64.04"
"ITC","EQ","25-Jun-2025","414.35","416.40","418.15","415.10","416.10","416.35","416.89","99,46,718","4,14,67,14,301.45","1,50,780","70,12,871","70.50"
"ITC","EQ","24-Jun-2025","413.90","416.90","420.65","413.75","414.55","414.35","416.39","1,66,90,068","6,94,95,18,762.75","2,01,406","1,01,67,805","60.92"
"ITC","EQ","23-Jun-2025","418.55","417.00","417.50","411.75","413.40","413.90","415.00","1,48,39,890","6,15,85,08,971.45","1,71,311","1,01,01,657","68.07"
"ITC","EQ","20-Jun-2025","416.00","416.00","419.50","416.00","417.25","418.55","418.46","1,32,03,184","5,52,49,85,516.30","1,10,675","99,18,802","75.12"
"ITC","EQ","19-Jun-2025","415.90","415.65","418.25","414.80","415.80","416.00","416.72","1,26,01,006","5,25,11,07,254.85","91,846","83,57,802","66.33"
"ITC","EQ","18-Jun-2025","417.40","417.00","418.45","414.90","415.60","415.90","416.11","80,36,215","3,34,39,60,493.95","1,26,035","55,67,601","69.28"
"ITC","EQ","17-Jun-2025","418.20","418.10","419.05","415.70","417.05","417.40","417.33","90,28,406","3,76,77,81,671.25","1,15,094","59,75,840","66.19"
"ITC","EQ","16-Jun-2025","413.90","414.95","418.90","413.25","418.65","418.20","417.32","70,06,629","2,92,40,40,280.95","1,01,302","43,49,629","62.08"
"ITC","EQ","13-Jun-2025","421.00","415.00","419.35","413.50","413.95","413.90","416.29","1,78,73,926","7,44,07,50,348.70","1,63,341","1,33,75,911","74.83"
"ITC","EQ","12-Jun-2025","426.15","427.00","427.20","419.55","420.95","421.00","421.78","1,85,08,835","7,80,66,98,998.50","2,50,912","1,04,88,398","56.67"
"ITC","EQ","11-Jun-2025","427.00","428.00","428.10","424.85","425.55","426.15","426.47","2,07,89,182","8,86,60,64,896.50","1,48,079","1,69,68,873","81.62"
"ITC","EQ","10-Jun-2025","423.05","424.50","428.55","423.05","427.65","427.00","426.58","1,30,41,075","5,56,30,34,401.50","1,70,097","90,43,141","69.34"
"ITC","EQ","09-Jun-2025","421.05","422.00","423.60","420.50","423.00","423.05","422.61","1,04,73,123","4,42,60,07,949.65","1,52,980","76,58,622","73.13"
"ITC","EQ","06-Jun-2025","419.10","420.30","421.30","419.00","421.05","421.05","420.36","87,74,988","3,68,86,50,527.20","1,35,147","58,98,430","67.22"
"ITC","EQ","05-Jun-2025","417.00","418.50","420.95","415.75","419.45","419.10","418.56","1,32,12,523","5,53,02,48,629.80","1,25,958","70,71,012","53.52"
"ITC","EQ","04-Jun-2025","416.95","417.15","419.00","415.95","416.80","417.00","417.14","1,25,98,933","5,25,55,34,433.40","1,16,476","81,89,047","65.00"
"ITC","EQ","03-Jun-2025","419.30","419.00","421.70","415.65","417.00","416.95","418.03","1,32,16,486","5,52,49,19,470.20","1,40,901","72,16,414","54.60"
"ITC","EQ","02-Jun-2025","418.05","418.30","420.45","414.55","418.50","419.30","418.16","1,49,73,380","6,26,12,14,003.60","1,65,410","90,23,989","60.27"
"ITC","EQ","30-May-2025","418.75","419.10","420.05","416.40","418.75","418.05","417.87","3,06,56,239","12,81,01,87,425.40","1,59,932","2,17,72,343","71.02"
"ITC","EQ","29-May-2025","420.20","422.00","422.80","416.60","419.35","418.75","418.44","2,14,78,547","8,98,74,65,219.90","2,01,763","1,40,32,235","65.33"
"ITC","EQ","28-May-2025","433.90","417.70","422.60","413.00","421.00","420.20","415.08","43,18,51,622","1,79,25,50,83,660.80","4,13,487","32,41,48,854","75.06"
"ITC","EQ","27-May-2025","442.90","442.90","444.20","430.85","434.70","433.90","436.39","2,69,86,022","11,77,63,31,084.90","2,24,458","1,53,17,656","56.76"
"ITC","EQ","26-May-2025","436.30","438.25","443.55","436.75","442.90","442.90","440.19","1,31,07,662","5,76,98,28,393.55","1,07,919","82,63,136","63.04"
"ITC","EQ","23-May-2025","426.10","434.00","439.00","429.00","436.00","436.30","435.32","1,85,36,884","8,06,94,22,032.25","1,80,589","80,64,365","43.50"
"ITC","EQ","22-May-2025","433.00","433.00","433.00","422.90","425.50","426.10","425.53","1,94,51,749","8,27,73,12,766.40","1,72,555","1,19,45,737","61.41"
"ITC","EQ","21-May-2025","434.90","436.60","438.20","432.00","432.40","433.00","435.04","57,76,672","2,51,31,03,067.75","64,175","32,74,563","56.69"
"ITC","EQ","20-May-2025","435.35","437.00","440.80","432.90","435.40","434.90","436.58","98,68,414","4,30,83,92,163.40","1,03,234","50,67,871","51.35"
"ITC","EQ","19-May-2025","435.70","435.00","438.50","432.65","436.10","435.35","435.00","75,43,854","3,28,15,49,026.60","1,04,429","46,52,199","61.67"
"ITC","EQ","16-May-2025","432.65","434.90","436.20","432.10","435.60","435.70","434.74","1,64,02,035","7,13,06,84,218.55","1,05,849","1,23,42,349","75.25"
"ITC","EQ","15-May-2025","429.10","429.10","435.40","426.00","432.00","432.65","431.14","2,42,63,510","10,46,09,38,250.10","1,73,965","1,33,67,091","55.09"
"ITC","EQ","14-May-2025","427.90","427.10","431.85","425.90","429.05","429.10","428.65","95,57,309","4,09,67,82,375.45","96,326","64,64,062","67.63"
"ITC","EQ","13-May-2025","435.50","434.90","437.95","425.35","427.90","427.90","429.47","1,49,76,369","6,43,19,40,112.45","1,53,294","76,42,356","51.03"
"ITC","EQ","12-May-2025","423.55","429.50","436.20","428.15","435.10","435.50","433.63","80,31,891","3,48,28,63,921.65","78,145","51,15,462","63.69"
"ITC","EQ","09-May-2025","430.60","425.95","429.15","423.00","424.00","423.55","425.58","82,26,512","3,50,10,26,096.65","1,34,382","58,24,958","70.81"
"ITC","EQ","08-May-2025","431.15","429.00","431.50","423.55","429.40","430.60","428.99","1,99,37,960","8,55,31,17,657.75","1,73,524","1,21,97,943","61.18"
"ITC","EQ","07-May-2025","435.55","433.40","435.00","429.70","430.15","431.15","431.77","97,10,361","4,19,26,56,819.60","1,48,037","64,27,443","66.19"
"ITC","EQ","06-May-2025","436.95","437.50","439.65","433.00","433.20","435.55","436.24","1,50,26,568","6,55,51,76,631.90","1,33,609","1,15,24,996","76.70"
"ITC","EQ","05-May-2025","430.25","430.25","438.50","429.35","437.50","436.95","436.11","1,15,25,305","5,02,63,39,793.80","1,17,066","78,23,299","67.88"
"ITC","EQ","02-May-2025","425.80","424.10","431.50","424.10","429.30","430.25","428.82","1,27,69,461","5,47,58,58,517.65","1,15,137","92,00,332","72.05"
"ITC","EQ","30-Apr-2025","426.00","427.40","429.30","422.00","425.00","425.80","426.72","1,00,26,546","4,27,85,52,724.80","1,97,832","67,54,269","67.36"
"ITC","EQ","29-Apr-2025","428.80","428.90","429.60","425.00","425.35","426.00","426.31","1,11,89,930","4,77,03,31,679.80","2,28,223","75,39,064","67.37"
"ITC","EQ","28-Apr-2025","427.80","426.65","430.50","424.75","428.75","428.80","428.56","62,87,095","2,69,44,27,013.85","73,016","36,10,000","57.42"
"ITC","EQ","25-Apr-2025","430.05","430.05","432.70","423.30","427.60","427.80","425.99","2,29,44,377","9,77,40,87,061.50","1,20,877","1,65,24,926","72.02"
"ITC","EQ","24-Apr-2025","430.85","431.85","436.05","429.30","429.85","430.05","431.79","2,60,64,089","11,25,41,47,788.10","1,34,018","1,75,81,729","67.46"
"ITC","EQ","23-Apr-2025","433.60","436.20","437.45","428.85","430.15","430.85","431.14","1,95,66,317","8,43,59,17,733.65","1,44,472","1,41,87,075","72.51"
"ITC","EQ","22-Apr-2025","422.85","425.95","434.80","423.55","432.85","433.60","427.96","3,20,31,936","13,70,84,85,407.15","1,67,601","2,30,87,946","72.08"
"ITC","EQ","21-Apr-2025","427.25","428.05","429.10","421.50","422.95","422.85","422.51","2,73,88,236","11,57,18,85,187.30","2,18,049","1,98,51,848","72.48"
"ITC","EQ","17-Apr-2025","424.45","425.00","427.85","421.55","427.00","427.25","425.37","2,24,10,217","9,53,26,79,412.90","2,22,404","1,66,23,608","74.18"
"ITC","EQ","16-Apr-2025","420.40","418.00","426.05","418.00","424.90","424.45","423.29","1,30,34,594","5,51,74,51,893.15","1,15,189","96,98,883","74.41"
"ITC","EQ","15-Apr-2025","421.55","429.20","429.20","419.00","420.35","420.40","421.35","1,16,85,880","4,92,38,48,655.80","1,29,742","71,32,688","61.04"
"ITC","EQ","11-Apr-2025","416.30","420.00","422.45","417.00","422.00","421.55","420.40","89,39,356","3,75,80,63,114.55","98,015","55,69,100","62.30"
"ITC","EQ","09-Apr-2025","412.55","413.00","419.05","411.25","416.15","416.30","416.41","2,17,85,572","9,07,16,50,104.35","2,42,191","1,40,69,801","64.58"
"ITC","EQ","08-Apr-2025","406.05","411.90","415.80","407.25","413.50","412.55","411.57","1,86,00,796","7,65,54,92,505.50","2,34,584","1,00,61,168","54.09"
"ITC","EQ","07-Apr-2025","409.70","390.15","408.10","390.15","406.75","406.05","403.02","2,67,62,866","10,78,58,70,136.45","3,07,280","1,69,77,851","63.44"
"ITC","EQ","04-Apr-2025","409.40","407.50","412.80","404.50","409.30","409.70","409.44","1,86,27,592","7,62,67,98,175.75","1,49,408","1,28,12,576","68.78"
"ITC","EQ","03-Apr-2025","409.05","407.05","410.20","406.70","409.00","409.40","408.93","70,59,566","2,88,68,81,314.85","78,934","47,02,784","66.62"
"ITC","EQ","02-Apr-2025","406.65","407.05","410.00","406.05","408.70","409.05","408.65","80,01,323","3,26,97,11,918.80","72,562","54,12,194","67.64"
"ITC","EQ","01-Apr-2025","409.75","409.80","414.40","405.60","406.60","406.65","409.28","1,52,06,240","6,22,36,51,577.60","1,27,499","82,01,108","53.93"
"ITC","EQ","28-Mar-2025","409.45","410.90","415.60","408.15","410.25","409.75","410.91","1,29,81,873","5,33,44,43,057.90","1,14,689","76,34,889","58.81"
"ITC","EQ","27-Mar-2025","407.35","408.00","410.70","405.65","409.35","409.45","409.35","1,86,42,328","7,63,12,35,472.20","1,53,590","1,32,35,557","71.00"
"ITC","EQ","26-Mar-2025","409.80","410.30","411.20","406.25","407.40","407.35","409.03","1,38,91,436","5,68,19,50,426.05","1,03,317","92,85,307","66.84"
"ITC","EQ","25-Mar-2025","410.90","412.00","415.25","408.70","409.20","409.80","411.17","2,03,38,110","8,36,24,11,027.50","1,38,414","1,12,39,980","55.27"
"ITC","EQ","24-Mar-2025","405.55","407.00","412.85","405.60","411.00","410.90","409.64","1,43,62,572","5,88,35,05,695.50","1,38,703","95,32,216","66.37"
"ITC","EQ","21-Mar-2025","403.95","405.95","407.50","401.70","406.50","405.55","404.10","2,53,02,035","10,22,46,18,507.85","1,30,427","1,82,19,840","72.01"
"ITC","EQ","20-Mar-2025","403.05","405.00","406.65","401.90","403.60","403.95","403.50","1,69,94,037","6,85,71,53,651.65","1,25,979","1,09,43,546","64.40"
"ITC","EQ","19-Mar-2025","409.10","410.00","410.75","402.60","403.40","403.05","404.51","1,28,30,387","5,18,99,84,214.60","1,35,494","83,44,379","65.04"
"ITC","EQ","18-Mar-2025","407.95","410.00","411.95","407.75","409.50","409.10","409.50","1,38,61,897","5,67,65,00,784.85","1,06,364","88,63,863","63.94"
"ITC","EQ","17-Mar-2025","412.05","413.00","416.25","407.00","407.80","407.95","409.81","52,57,859","2,15,47,06,809.40","87,899","30,32,615","57.68"
"ITC","EQ","13-Mar-2025","412.40","413.00","414.40","408.20","411.45","412.05","412.40","81,96,569","3,38,02,86,305.70","1,22,083","41,19,199","50.26"
"ITC","EQ","12-Mar-2025","406.20","406.40","413.30","404.00","412.55","412.40","409.75","1,38,44,306","5,67,27,66,834.60","99,237","98,38,272","71.06"
"ITC","EQ","11-Mar-2025","405.00","401.50","408.40","401.20","406.20","406.20","406.58","1,10,99,475","4,51,27,93,431.70","1,16,862","71,73,525","64.63"
"ITC","EQ","10-Mar-2025","403.90","401.05","406.85","400.40","404.80","405.00","404.70","97,85,018","3,96,00,32,837.25","1,14,078","68,41,881","69.92"
"ITC","EQ","07-Mar-2025","405.70","403.55","405.85","401.70","403.75","403.90","403.66","1,11,80,761","4,51,31,90,673.15","1,29,975","83,16,240","74.38"
"ITC","EQ","06-Mar-2025","405.05","409.15","409.70","400.55","406.20","405.70","403.66","1,78,69,996","7,21,34,83,492.20","1,70,718","98,56,354","55.16"
"ITC","EQ","05-Mar-2025","394.85","394.50","412.75","394.50","409.20","405.05","399.82","1,56,65,018","6,26,31,65,318.05","1,69,098","1,04,71,994","66.85"
"ITC","EQ","04-Mar-2025","397.45","395.40","397.20","392.85","394.45","394.85","394.38","1,34,04,774","5,28,65,94,132.80","1,54,199","94,85,838","70.76"
"ITC","EQ","03-Mar-2025","395.00","395.95","399.00","391.20","397.00","397.45","396.98","1,07,02,826","4,24,87,73,535.65","1,69,634","69,93,828","65.35"
"ITC","EQ","28-Feb-2025","401.60","399.00","402.50","392.20","395.90","395.00","394.79","3,19,54,776","12,61,54,32,840.90","2,44,503","2,41,84,137","75.68"
"ITC","EQ","27-Feb-2025","404.85","404.85","406.50","399.50","401.50","401.60","401.75","1,90,51,003","7,65,36,97,871.25","1,63,369","1,51,11,793","79.32"
"ITC","EQ","25-Feb-2025","401.90","402.00","407.00","400.50","404.00","404.85","404.11","1,57,60,891","6,36,90,71,142.95","1,38,641","1,09,91,293","69.74"
"ITC","EQ","24-Feb-2025","400.90","400.00","403.40","398.75","402.00","401.90","401.96","70,37,625","2,82,88,32,996.75","1,21,155","41,55,102","59.04"
"ITC","EQ","21-Feb-2025","402.05","402.05","403.25","399.20","400.70","400.90","400.75","82,40,986","3,30,25,44,309.75","1,75,217","50,15,724","60.86"
"ITC","EQ","20-Feb-2025","406.40","399.95","403.90","396.20","402.00","402.05","401.31","1,53,55,585","6,16,23,79,397.35","2,26,856","89,37,485","58.20"
"ITC","EQ","19-Feb-2025","405.25","404.80","408.80","404.50","406.20","406.40","406.89","70,79,032","2,88,04,11,815.90","88,693","43,59,885","61.59"
"ITC","EQ","18-Feb-2025","408.60","408.00","410.85","404.00","404.90","405.25","406.53","1,29,98,403","5,28,42,37,636.80","2,08,753","96,52,056","74.26"
"ITC","EQ","17-Feb-2025","410.25","409.80","411.40","406.75","408.60","408.60","408.96","1,19,75,265","4,89,74,17,889.10","2,85,419","78,52,631","65.57"
"ITC","EQ","14-Feb-2025","409.70","411.75","416.20","408.40","410.00","410.25","411.41","1,41,24,236","5,81,08,70,731.00","1,99,616","76,52,472","54.18"
"ITC","EQ","13-Feb-2025","409.90","409.95","413.95","409.00","410.00","409.70","411.14","1,29,89,029","5,34,03,10,573.90","1,85,598","85,40,154","65.75"
"ITC","EQ","12-Feb-2025","418.30","413.15","413.80","407.60","411.20","409.90","410.36","1,38,84,574","5,69,76,74,234.65","2,07,478","76,71,814","55.25"
"ITC","EQ","11-Feb-2025","427.20","428.80","430.55","417.50","418.05","418.30","421.57","1,42,88,751","6,02,37,50,310.80","1,87,384","87,33,094","61.12"
"ITC","EQ","10-Feb-2025","430.85","427.00","433.30","426.50","427.70","427.20","428.76","1,22,27,140","5,24,24,93,795.80","1,56,939","81,94,600","67.02"
"ITC","EQ","07-Feb-2025","441.10","440.00","445.50","428.40","430.10","430.85","432.24","1,88,75,982","8,15,88,60,785.30","2,12,183","1,11,01,522","58.81"
"ITC","EQ","06-Feb-2025","448.15","450.00","450.00","438.20","442.75","441.10","441.65","1,74,69,129","7,71,52,80,524.95","1,64,798","1,00,73,598","57.67"
"ITC","EQ","05-Feb-2025","455.15","455.15","455.85","446.50","448.50","448.15","450.02","1,28,36,283","5,77,65,23,794.20","1,55,466","82,54,209","64.30"
"ITC","EQ","04-Feb-2025","454.35","458.00","460.35","448.75","454.30","455.15","454.39","1,89,23,681","8,59,86,91,176.90","2,19,082","1,08,06,930","57.11"
"ITC","EQ","03-Feb-2025","462.55","462.00","465.20","452.30","453.50","454.35","457.77","1,69,91,730","7,77,82,30,238.50","2,78,444","96,27,342","56.66"
"ITC","EQ","01-Feb-2025","447.50","448.00","471.50","439.55","461.55","462.55","459.22","3,03,93,007","13,95,70,38,228.10","3,08,264","1,27,37,210","41.91"
"ITC","EQ","31-Jan-2025","436.20","436.50","448.20","435.10","447.70","447.50","443.74","1,35,46,181","6,01,10,29,618.05","2,92,498","95,67,680","70.63"
"ITC","EQ","30-Jan-2025","433.35","433.00","438.00","431.45","436.00","436.20","434.97","2,24,96,695","9,78,54,77,722.40","2,06,602","1,54,95,715","68.88"
"ITC","EQ","29-Jan-2025","435.45","435.95","437.50","430.10","433.25","433.35","433.19","1,51,58,510","6,56,64,56,115.00","2,70,156","99,59,829","65.70"
"ITC","EQ","28-Jan-2025","440.10","440.00","441.80","434.50","434.65","435.45","437.14","2,08,13,072","9,09,82,82,699.20","1,74,411","1,25,57,031","60.33"
"ITC","EQ","27-Jan-2025","441.60","440.80","445.00","436.55","439.90","440.10","440.42","1,04,80,203","4,61,56,46,516.45","1,55,397","62,86,459","59.98"
"ITC","EQ","24-Jan-2025","440.20","439.40","445.00","439.05","441.40","441.60","442.53","96,65,384","4,27,72,28,029.70","1,41,694","60,70,113","62.80"
"ITC","EQ","23-Jan-2025","437.00","435.00","441.85","434.10","440.45","440.20","439.59","88,88,248","3,90,71,65,756.85","1,31,321","47,53,594","53.48"
"ITC","EQ","22-Jan-2025","437.55","439.90","441.95","436.55","436.75","437.00","438.79","96,19,648","4,22,09,97,156.10","1,33,708","55,67,099","57.87"
"ITC","EQ","21-Jan-2025","437.70","438.00","447.00","435.25","437.95","437.55","440.22","1,56,86,500","6,90,54,71,880.05","2,16,692","58,53,952","37.32"
"ITC","EQ","20-Jan-2025","440.20","439.00","441.20","436.00","437.45","437.70","437.61","87,42,771","3,82,59,27,431.85","1,52,896","62,68,998","71.70"
"ITC","EQ","17-Jan-2025","432.85","433.00","441.80","432.50","439.65","440.20","438.78","1,12,70,061","4,94,51,04,351.05","1,19,845","73,48,281","65.20"
"ITC","EQ","16-Jan-2025","437.35","438.05","439.45","431.10","432.90","432.85","432.62","1,57,74,070","6,82,41,78,083.40","1,97,000","97,76,135","61.98"
"ITC","EQ","15-Jan-2025","436.60","436.60","441.80","435.35","437.00","437.35","437.99","97,86,805","4,28,65,12,512.75","1,23,376","62,53,307","63.90"
"ITC","EQ","14-Jan-2025","439.05","441.00","441.50","435.85","436.95","436.60","438.04","1,80,48,459","7,90,59,15,833.35","2,33,131","1,15,03,124","63.73"
"ITC","EQ","13-Jan-2025","444.90","435.00","444.00","435.00","439.00","439.05","440.27","1,77,99,607","7,83,66,65,097.95","1,72,276","1,28,49,941","72.19"
"ITC","EQ","10-Jan-2025","450.10","449.95","452.00","442.50","443.85","444.90","445.59","91,45,729","4,07,52,02,264.90","1,69,176","58,11,680","63.55"
"ITC","EQ","09-Jan-2025","449.55","449.40","460.65","446.05","450.45","450.10","452.64","1,97,32,649","8,93,18,46,709.45","2,14,398","1,20,20,193","60.92"
"ITC","EQ","08-Jan-2025","441.10","443.00","452.05","437.10","449.65","449.55","444.83","1,34,82,926","5,99,76,60,207.25","1,63,390","74,23,150","55.06"
"ITC","EQ","07-Jan-2025","442.65","445.50","447.60","440.15","441.10","441.10","442.97","1,42,94,780","6,33,20,98,307.30","1,80,441","96,00,674","67.16"
"ITC","EQ","06-Jan-2025","481.60","455.60","461.75","441.25","445.35","442.65","450.15","2,20,09,958","9,90,77,71,203.05","2,86,532","1,32,11,468","60.02"
"ITC","EQ","03-Jan-2025","489.05","490.25","491.00","479.85","483.95","481.60","482.67","3,70,72,992","17,89,39,61,935.85","2,27,193","2,53,89,838","68.49"
"ITC","EQ","02-Jan-2025","483.95","485.35","490.00","482.30","489.50","489.05","486.22","2,61,24,980","12,70,24,91,020.45","2,24,779","2,13,81,955","81.84"
"ITC","EQ","01-Jan-2025","483.65","486.00","486.85","482.15","484.70","483.95","484.93","1,82,29,128","8,83,99,30,024.40","1,64,587","1,32,09,445","72.46"
"ITC","EQ","31-Dec-2024","477.00","478.45","484.65","474.55","484.45","483.65","479.83","1,32,76,195","6,37,02,64,307.20","1,52,025","91,57,073","68.97"
"ITC","EQ","30-Dec-2024","478.60","480.75","481.45","476.00","476.80","477.00","478.45","1,30,74,810","6,25,56,56,373.25","1,58,954","98,83,713","75.59"
"ITC","EQ","27-Dec-2024","476.95","479.75","481.90","476.00","479.70","478.60","479.17","1,62,79,450","7,80,06,52,449.55","1,66,926","1,00,11,016","61.49"
"ITC","EQ","26-Dec-2024","478.45","480.55","481.85","476.00","477.00","476.95","478.43","88,48,065","4,23,31,60,326.90","1,48,089","50,18,964","56.72"
"ITC","EQ","24-Dec-2024","474.25","474.90","480.25","472.65","478.25","478.45","478.09","1,15,64,497","5,52,88,95,414.85","1,72,646","75,49,163","65.28"
"ITC","EQ","23-Dec-2024","464.65","471.20","477.70","467.60","474.50","474.25","473.08","1,88,37,469","8,91,16,59,177.30","2,40,219","1,17,23,502","62.24"
"ITC","EQ","20-Dec-2024","466.55","466.50","467.45","459.30","465.65","464.65","463.94","1,94,81,288","9,03,81,76,739.25","2,41,995","1,02,33,036","52.53"
"ITC","EQ","19-Dec-2024","470.50","469.00","474.35","465.30","466.00","466.55","468.63","1,45,99,270","6,84,16,13,826.05","2,08,360","84,70,164","58.02"
"ITC","EQ","18-Dec-2024","469.55","472.70","473.80","466.90","471.25","470.50","470.47","1,23,65,167","5,81,74,85,040.30","1,71,373","63,17,433","51.09"
"ITC","EQ","17-Dec-2024","470.10","470.00","475.80","463.05","470.70","469.55","470.32","1,98,44,152","9,33,30,64,294.30","2,35,005","86,72,882","43.70"
"ITC","EQ","16-Dec-2024","470.00","470.25","474.40","468.00","470.00","470.10","470.12","90,07,264","4,23,44,93,701.85","1,53,567","47,81,612","53.09"
"ITC","EQ","13-Dec-2024","460.60","460.00","474.40","451.65","471.00","470.00","464.46","3,17,53,858","14,74,84,33,018.55","2,49,426","1,75,12,410","55.15"
"ITC","EQ","12-Dec-2024","465.25","465.50","467.90","459.15","460.85","460.60","462.32","1,28,84,401","5,95,67,25,495.60","1,65,742","69,64,126","54.05"
"ITC","EQ","11-Dec-2024","465.45","467.20","468.20","464.70","465.25","465.25","466.13","67,45,816","3,14,44,31,682.05","1,08,407","36,33,100","53.86"
"ITC","EQ","10-Dec-2024","464.95","465.35","466.45","462.60","465.35","465.45","464.64","88,23,805","4,09,99,16,466.30","1,37,180","58,03,821","65.77"
"ITC","EQ","09-Dec-2024","471.15","471.50","472.00","462.95","465.20","464.95","467.02","1,17,03,384","5,46,56,95,132.70","1,60,632","73,32,585","62.65"
"ITC","EQ","06-Dec-2024","467.50","470.00","474.95","467.70","471.95","471.15","472.38","75,51,407","3,56,71,34,560.35","1,18,458","32,79,177","43.42"
"ITC","EQ","05-Dec-2024","467.10","467.55","472.75","462.50","467.70","467.50","468.00","2,64,15,053","12,36,22,22,644.55","2,80,989","1,47,12,940","55.70"
"ITC","EQ","04-Dec-2024","472.55","474.40","478.20","466.40","467.20","467.10","470.88","1,34,39,484","6,32,83,46,244.15","1,84,751","83,99,289","62.50"
"ITC","EQ","03-Dec-2024","477.20","466.00","473.40","462.75","472.55","472.55","469.06","2,22,18,251","10,42,16,81,081.05","2,89,294","1,14,68,158","51.62"
"ITC","EQ","02-Dec-2024","476.75","476.00","479.30","473.40","477.40","477.20","476.84","54,78,598","2,61,23,98,108.20","1,05,775","32,74,668","59.77"
"ITC","EQ","29-Nov-2024","474.90","473.20","478.90","472.60","477.00","476.75","476.39","83,46,687","3,97,63,06,074.10","1,26,718","47,78,661","57.25"
"ITC","EQ","28-Nov-2024","476.95","477.00","483.80","470.55","475.55","474.90","476.02","1,44,12,539","6,86,05,90,338.25","1,97,328","66,09,296","45.86"
"ITC","EQ","27-Nov-2024","477.00","477.50","480.10","473.00","476.95","476.95","475.67","70,67,013","3,36,15,55,101.90","92,526","37,97,294","53.73"
"ITC","EQ","26-Nov-2024","476.80","480.00","482.65","474.10","477.00","477.00","476.76","65,39,846","3,11,79,27,466.80","1,24,209","33,60,474","51.38"
"ITC","EQ","25-Nov-2024","474.65","479.00","482.20","472.40","478.15","476.80","476.97","1,38,91,991","6,62,60,51,098.65","1,37,597","81,94,335","58.99"
"ITC","EQ","22-Nov-2024","457.15","456.20","476.50","455.50","474.00","474.65","465.47","1,94,64,568","9,06,02,24,659.45","1,78,132","1,11,68,893","57.38"
"ITC","EQ","21-Nov-2024","467.35","461.00","464.05","455.40","457.00","457.15","458.53","1,95,59,847","8,96,87,97,499.25","2,36,495","1,27,26,681","65.07"
"ITC","EQ","19-Nov-2024","466.55","468.00","473.75","466.25","466.60","467.35","471.03","68,57,374","3,23,00,38,399.65","1,11,105","44,78,830","65.31"
"ITC","EQ","18-Nov-2024","465.95","466.00","467.80","462.00","467.40","466.55","464.79","81,35,260","3,78,11,91,097.20","1,83,896","46,99,705","57.77"
"ITC","EQ","14-Nov-2024","472.20","471.20","472.95","462.25","467.00","465.95","465.91","1,16,39,562","5,42,29,31,558.70","2,30,824","60,82,557","52.26"
"ITC","EQ","13-Nov-2024","472.85","470.05","474.70","468.25","472.00","472.20","471.96","1,11,20,381","5,24,84,10,369.00","1,88,101","75,21,950","67.64"
"ITC","EQ","12-Nov-2024","476.95","477.60","477.95","471.15","471.90","472.85","474.91","50,41,916","2,39,44,32,824.50","1,29,476","32,95,131","65.35"
"ITC","EQ","11-Nov-2024","478.05","478.05","481.50","474.10","477.30","476.95","478.38","54,88,948","2,62,58,14,462.70","1,23,605","33,00,121","60.12"
"ITC","EQ","08-Nov-2024","477.90","477.90","480.70","474.60","478.80","478.05","477.78","60,90,462","2,90,99,20,473.35","1,05,996","34,54,982","56.73"
"ITC","EQ","07-Nov-2024","481.10","481.75","482.70","476.10","478.00","477.90","477.82","89,24,280","4,26,41,65,090.20","1,32,407","53,93,508","60.44"
"ITC","EQ","06-Nov-2024","480.20","480.20","484.40","478.00","481.95","481.10","480.83","1,13,13,985","5,44,01,09,205.55","1,40,673","72,42,449","64.01"
"ITC","EQ","05-Nov-2024","484.60","482.95","485.05","476.95","480.95","480.20","479.98","73,27,830","3,51,72,42,119.05","1,50,450","41,25,133","56.29"
"ITC","EQ","04-Nov-2024","490.30","493.45","493.45","479.55","485.25","484.60","483.55","84,29,731","4,07,61,59,422.90","1,70,904","49,97,006","59.28"
"ITC","EQ","01-Nov-2024","488.80","491.00","492.10","489.30","489.95","490.30","490.89","14,61,602","71,74,91,831.90","54,687","7,81,794","53.49"
"ITC","EQ","31-Oct-2024","491.55","492.00","493.00","484.70","489.25","488.80","487.80","78,10,874","3,81,01,27,063.40","1,61,609","46,80,175","59.92"
"ITC","EQ","30-Oct-2024","487.95","487.95","493.25","486.50","491.80","491.55","490.85","63,93,835","3,13,83,98,995.85","92,835","39,89,218","62.39"
"ITC","EQ","29-Oct-2024","484.15","485.00","489.20","481.30","488.00","487.95","486.12","68,66,704","3,33,80,33,179.65","1,11,564","38,84,092","56.56"
"ITC","EQ","28-Oct-2024","482.30","481.95","485.90","476.00","484.00","484.15","482.79","86,14,446","4,15,89,85,648.85","1,13,970","44,84,756","52.06"
"ITC","EQ","25-Oct-2024","471.70","475.80","493.50","474.20","482.25","482.30","486.29","3,09,61,625","15,05,62,61,874.00","3,79,810","1,15,84,087","37.41"
"ITC","EQ","24-Oct-2024","480.35","482.00","482.40","470.00","470.70","471.70","474.32","1,30,92,399","6,20,99,65,225.20","2,40,152","83,81,883","64.02"
"ITC","EQ","23-Oct-2024","481.80","481.00","483.30","479.50","480.70","480.35","480.88","1,01,62,570","4,88,70,14,877.45","1,30,143","67,93,788","66.85"
"ITC","EQ","22-Oct-2024","483.65","483.65","488.40","480.80","482.50","481.80","483.80","1,22,99,288","5,95,04,54,269.80","1,94,079","86,27,959","70.15"
"ITC","EQ","21-Oct-2024","486.70","486.70","487.60","477.35","483.10","483.65","483.40","73,95,274","3,57,48,75,531.85","1,35,775","41,29,781","55.84"
"ITC","EQ","18-Oct-2024","488.90","488.75","491.55","478.40","486.15","486.70","482.63","2,17,78,099","10,51,08,19,521.05","1,89,101","1,44,81,644","66.50"
"ITC","EQ","17-Oct-2024","493.20","495.00","495.00","488.00","489.00","488.90","490.71","73,85,299","3,62,40,29,088.45","1,06,788","40,96,098","55.46"
"ITC","EQ","16-Oct-2024","498.55","496.00","498.85","492.35","493.10","493.20","495.30","66,82,083","3,30,96,53,123.20","1,17,691","38,54,424","57.68"
"ITC","EQ","15-Oct-2024","496.95","498.00","499.40","494.50","498.00","498.55","497.33","80,37,662","3,99,73,96,320.95","1,18,170","57,03,322","70.96"
"ITC","EQ","14-Oct-2024","488.20","491.00","499.00","488.65","496.75","496.95","495.16","67,12,103","3,32,35,90,493.55","1,28,200","35,10,780","52.31"
"ITC","EQ","11-Oct-2024","492.05","493.00","493.95","487.40","488.95","488.20","489.06","1,43,94,986","7,03,99,78,268.90","1,58,339","94,06,797","65.35"
"ITC","EQ","10-Oct-2024","491.70","495.35","495.65","489.45","493.00","492.05","492.72","1,27,99,333","6,30,64,80,747.25","1,99,193","67,92,403","53.07"
"ITC","EQ","09-Oct-2024","507.95","509.80","509.80","490.55","492.50","491.70","499.12","2,39,52,459","11,95,51,85,952.75","2,78,280","1,49,72,422","62.51"
"ITC","EQ","08-Oct-2024","510.20","510.00","512.55","506.00","508.50","507.95","508.84","95,02,367","4,83,52,22,369.05","1,40,127","56,30,193","59.25"
"ITC","EQ","07-Oct-2024","503.55","507.00","514.95","506.75","510.00","510.20","511.03","1,64,79,772","8,42,16,88,874.45","2,16,682","77,25,735","46.88"
"ITC","EQ","04-Oct-2024","512.75","510.00","517.35","501.55","504.75","503.55","509.93","1,82,28,912","9,29,54,09,035.50","2,92,636","74,25,823","40.74"
"ITC","EQ","03-Oct-2024","516.20","508.55","515.70","508.10","511.75","512.75","512.47","1,58,70,147","8,13,29,38,477.90","2,27,553","1,02,03,546","64.29"
"ITC","EQ","01-Oct-2024","518.15","518.15","519.75","514.00","516.50","516.20","515.90","50,89,315","2,62,55,80,578.35","1,09,488","31,79,330","62.47"
"ITC","EQ","30-Sep-2024","522.70","520.60","524.35","514.05","518.25","518.15","518.56","1,05,31,347","5,46,11,48,445.10","1,63,844","72,91,394","69.24"
"ITC","EQ","27-Sep-2024","522.75","520.25","528.50","520.25","521.70","522.70","524.14","1,72,51,962","9,04,23,61,720.15","1,69,240","1,16,68,997","67.64"
"ITC","EQ","26-Sep-2024","517.55","517.65","523.75","517.00","522.25","522.75","521.19","1,54,89,991","8,07,31,86,016.75","2,03,237","83,26,701","53.76"
"ITC","EQ","25-Sep-2024","515.25","515.50","519.30","512.30","517.65","517.55","515.67","84,76,223","4,37,09,74,903.20","1,55,236","54,90,817","64.78"
"ITC","EQ","24-Sep-2024","516.95","517.00","517.80","514.15","515.50","515.25","515.47","67,55,320","3,48,21,95,547.40","1,21,014","46,51,571","68.86"
"ITC","EQ","23-Sep-2024","514.40","515.45","519.45","513.60","516.75","516.95","516.88","78,04,918","4,03,42,41,784.00","1,30,984","46,67,236","59.80"
"ITC","EQ","20-Sep-2024","508.25","512.00","517.35","508.00","514.15","514.40","513.97","2,38,08,194","12,23,67,58,568.15","2,31,527","1,06,42,170","44.70"
"ITC","EQ","19-Sep-2024","507.35","510.00","514.80","507.50","508.60","508.25","510.59","1,39,25,311","7,11,00,66,899.10","2,26,927","71,11,636","51.07"
"ITC","EQ","18-Sep-2024","507.75","507.85","512.40","505.10","506.75","507.35","509.15","54,29,619","2,76,45,06,352.10","98,908","23,61,842","43.50"
"ITC","EQ","17-Sep-2024","511.10","511.05","513.55","506.25","508.25","507.75","508.55","1,04,86,015","5,33,26,81,431.45","1,13,046","70,52,257","67.25"
"ITC","EQ","16-Sep-2024","513.85","515.90","517.00","509.70","509.95","511.10","513.15","75,31,604","3,86,48,31,357.30","80,552","50,41,075","66.93"
"ITC","EQ","13-Sep-2024","519.50","519.50","520.00","512.00","513.65","513.85","513.81","88,25,193","4,53,44,84,027.05","1,39,096","46,13,000","52.27"
"ITC","EQ","12-Sep-2024","514.35","515.10","520.50","508.55","518.05","519.50","515.60","1,83,77,550","9,47,54,61,095.90","2,08,255","93,31,674","50.78"
"ITC","EQ","11-Sep-2024","513.60","513.00","519.50","511.95","513.10","514.35","516.48","1,49,22,832","7,70,72,78,241.50","2,58,825","86,86,733","58.21"
"ITC","EQ","10-Sep-2024","511.75","511.90","515.00","508.75","512.90","513.60","512.86","1,09,11,995","5,59,63,26,541.20","1,73,370","71,63,535","65.65"
"ITC","EQ","09-Sep-2024","501.70","502.00","512.65","500.35","511.50","511.75","509.47","1,37,36,044","6,99,80,44,346.50","1,91,706","82,06,080","59.74"
"ITC","EQ","06-Sep-2024","511.20","512.00","512.00","497.15","502.45","501.70","502.20","1,37,16,752","6,88,85,30,757.30","2,26,806","71,50,955","52.13"
"ITC","EQ","05-Sep-2024","506.35","508.35","511.90","507.05","511.25","511.20","510.32","1,08,98,888","5,56,19,02,271.30","1,37,332","70,84,173","65.00"
"ITC","EQ","04-Sep-2024","509.40","500.00","510.05","499.95","507.45","506.35","506.14","84,14,967","4,25,91,22,977.75","1,44,592","51,68,191","61.42"
"ITC","EQ","03-Sep-2024","510.05","510.05","515.95","507.90","508.60","509.40","512.57","1,20,18,677","6,16,03,57,721.90","1,86,272","55,05,501","45.81"
"ITC","EQ","02-Sep-2024","501.90","504.00","512.90","503.30","509.85","510.05","509.98","1,58,85,469","8,10,12,52,606.15","2,15,525","76,74,892","48.31"
"ITC","EQ","30-Aug-2024","505.10","501.95","509.15","500.20","504.00","501.90","502.57","1,49,47,670","7,51,22,53,452.80","1,49,051","84,32,674","56.41"
"ITC","EQ","29-Aug-2024","497.30","498.00","507.70","497.35","505.00","505.10","503.72","1,86,70,632","9,40,48,44,586.20","2,03,893","92,91,579","49.77"
"ITC","EQ","28-Aug-2024","500.60","500.40","502.30","496.50","500.15","497.30","498.80","77,82,216","3,88,17,94,042.20","1,28,939","45,09,402","57.94"
"ITC","EQ","27-Aug-2024","505.70","507.55","507.60","500.00","500.40","500.60","502.17","79,54,114","3,99,43,35,939.60","1,23,723","49,39,849","62.10"
"ITC","EQ","26-Aug-2024","505.80","506.00","508.00","502.00","505.70","505.70","505.93","78,25,037","3,95,89,00,282.55","1,48,265","44,16,578","56.44"
"ITC","EQ","23-Aug-2024","504.55","505.05","506.95","499.95","505.40","505.80","504.20","78,91,446","3,97,88,80,053.35","1,08,800","44,04,667","55.82"
"ITC","EQ","22-Aug-2024","505.40","507.85","508.50","501.45","505.05","504.55","504.67","83,64,290","4,22,12,24,253.25","1,45,029","39,79,420","47.58"
"ITC","EQ","21-Aug-2024","498.80","500.00","509.00","499.05","505.80","505.40","505.03","84,74,830","4,28,00,48,280.45","1,21,930","39,60,062","46.73"
"ITC","EQ","20-Aug-2024","501.45","501.00","503.40","497.70","498.50","498.80","499.95","66,33,171","3,31,62,78,832.00","1,15,083","38,02,591","57.33"
"ITC","EQ","19-Aug-2024","502.65","504.75","509.30","499.60","499.95","501.45","504.39","1,01,98,725","5,14,41,20,039.10","1,66,648","57,76,498","56.64"
"ITC","EQ","16-Aug-2024","492.20","494.50","504.20","492.65","502.05","502.65","498.53","1,31,37,392","6,54,94,43,406.85","1,64,043","69,68,553","53.04"
"ITC","EQ","14-Aug-2024","490.00","491.95","499.00","489.90","492.55","492.20","494.04","92,53,598","4,57,16,25,348.00","1,50,643","48,01,558","51.89"
"ITC","EQ","13-Aug-2024","494.60","495.95","497.85","488.25","491.50","490.00","493.29","77,57,706","3,82,67,62,550.05","1,19,952","42,11,351","54.29"
"ITC","EQ","12-Aug-2024","495.90","492.00","500.00","492.00","494.40","494.60","497.04","90,76,097","4,51,11,89,537.95","1,33,143","52,01,031","57.30"
"ITC","EQ","09-Aug-2024","494.75","498.00","498.00","493.10","496.15","495.90","495.38","92,01,793","4,55,83,87,017.25","1,44,367","61,17,841","66.49"
"ITC","EQ","08-Aug-2024","492.65","494.00","498.00","492.50","494.15","494.75","494.99","2,05,58,134","10,17,59,99,936.05","2,50,724","1,27,48,162","62.01"
"ITC","EQ","07-Aug-2024","486.30","490.00","495.60","488.10","492.75","492.65","491.96","1,09,00,585","5,36,26,50,358.25","1,73,490","58,73,071","53.88"
"ITC","EQ","06-Aug-2024","486.00","486.25","491.70","484.05","487.80","486.30","487.52","1,37,22,855","6,69,01,15,892.10","1,65,576","86,17,469","62.80"
"ITC","EQ","05-Aug-2024","489.10","480.05","491.90","479.55","485.90","486.00","485.81","2,40,94,139","11,70,52,82,411.05","2,40,878","1,57,35,760","65.31"
"ITC","EQ","02-Aug-2024","493.70","484.80","499.45","484.80","488.85","489.10","491.08","2,13,20,064","10,46,99,40,924.65","2,53,754","67,13,121","31.49"
"ITC","EQ","01-Aug-2024","495.35","495.95","496.75","490.95","493.05","493.70","493.72","1,16,65,529","5,75,95,53,105.75","1,67,982","62,51,851","53.59"
"ITC","EQ","31-Jul-2024","489.90","492.45","497.95","490.50","495.50","495.35","494.03","1,15,38,215","5,70,02,70,817.40","1,84,885","59,59,946","51.65"
"ITC","EQ","30-Jul-2024","496.05","496.30","497.80","488.65","490.50","489.90","491.81","1,33,75,906","6,57,84,25,923.00","1,71,911","87,08,732","65.11"
"ITC","EQ","29-Jul-2024","502.20","505.50","506.20","494.05","496.25","496.05","498.40","1,24,96,895","6,22,84,64,277.80","1,59,533","70,59,351","56.49"
"ITC","EQ","26-Jul-2024","489.95","494.05","506.40","487.40","501.55","502.20","498.22","2,07,36,094","10,33,10,62,809.70","2,04,107","95,42,952","46.02"
"ITC","EQ","25-Jul-2024","494.05","490.00","496.00","484.65","490.20","489.95","490.32","1,78,78,994","8,76,63,83,593.60","2,27,325","95,77,960","53.57"
"ITC","EQ","24-Jul-2024","492.20","496.00","510.65","490.65","494.00","494.05","500.33","4,20,73,323","21,05,06,81,452.40","4,00,376","1,80,18,957","42.83"
"ITC","EQ","23-Jul-2024","466.55","466.55","497.40","466.40","496.95","492.20","483.29","5,40,44,423","26,11,89,22,052.35","4,99,337","2,49,18,734","46.11"
"ITC","EQ","22-Jul-2024","474.55","474.60","479.45","465.85","466.30","466.55","470.10","1,80,66,586","8,49,30,64,235.35","2,32,860","1,08,12,745","59.85"
"ITC","EQ","19-Jul-2024","470.25","471.00","479.40","469.40","473.15","474.55","474.65","2,49,77,373","11,85,53,89,560.85","2,68,257","1,33,76,162","53.55"
"ITC","EQ","18-Jul-2024","465.55","463.00","470.90","462.65","470.50","470.25","467.91","2,10,94,737","9,87,03,74,413.50","1,96,712","1,23,60,660","58.60"
"ITC","EQ","16-Jul-2024","463.40","463.45","466.75","461.40","465.70","465.55","464.53","1,29,96,711","6,03,73,70,502.75","1,37,391","77,34,725","59.51"
"ITC","EQ","15-Jul-2024","459.05","459.05","466.45","457.20","462.05","463.40","462.88","1,62,51,032","7,52,23,28,040.60","1,54,358","1,06,32,624","65.43"
"ITC","EQ","12-Jul-2024","458.65","458.65","463.25","455.85","459.05","459.05","458.95","1,89,62,800","8,70,30,17,234.70","2,15,367","96,74,939","51.02"
"ITC","EQ","11-Jul-2024","451.45","450.00","459.50","448.70","458.60","458.65","456.02","1,88,31,345","8,58,74,37,642.70","2,83,781","99,16,748","52.66"
"ITC","EQ","10-Jul-2024","452.60","453.70","455.35","446.50","450.30","451.45","450.95","1,16,18,210","5,23,92,57,713.55","1,55,469","65,87,294","56.70"
"ITC","EQ","09-Jul-2024","443.60","447.60","455.00","444.00","451.50","452.60","450.54","2,64,70,260","11,92,59,76,364.80","2,40,760","1,45,55,965","54.99"
"ITC","EQ","08-Jul-2024","433.65","435.15","444.55","433.65","443.80","443.60","439.76","2,05,21,107","9,02,44,61,950.65","1,94,693","1,23,87,881","60.37"
"ITC","EQ","05-Jul-2024","429.05","429.00","434.00","427.60","433.50","433.65","431.98","1,29,29,586","5,58,53,59,681.40","1,51,709","70,73,600","54.71"
"ITC","EQ","04-Jul-2024","428.30","430.00","431.50","427.05","429.25","429.05","429.39","91,27,340","3,91,91,90,556.65","1,25,047","51,39,172","56.31"
"ITC","EQ","03-Jul-2024","425.50","426.10","429.65","425.50","428.50","428.30","427.88","71,59,756","3,06,35,03,681.75","1,16,001","45,00,953","62.86"
"ITC","EQ","02-Jul-2024","429.05","430.00","430.65","422.55","425.75","425.50","426.86","1,07,63,335","4,59,44,02,665.60","1,74,096","64,60,520","60.02"
"ITC","EQ","01-Jul-2024","424.90","426.30","430.25","424.65","428.50","429.05","427.61","1,28,94,747","5,51,39,76,701.35","1,32,870","81,36,717","63.10"
"ITC","EQ","28-Jun-2024","425.60","425.50","428.00","423.50","425.00","424.90","425.74","1,78,66,326","7,60,63,38,079.45","1,73,097","1,08,48,104","60.72"
"ITC","EQ","27-Jun-2024","423.95","423.95","427.25","421.10","425.60","425.60","424.56","3,70,12,589","15,71,40,38,249.45","2,51,890","2,37,72,391","64.23"
"ITC","EQ","26-Jun-2024","423.30","423.00","426.40","422.05","423.50","423.95","424.28","1,10,84,805","4,70,30,58,612.05","1,09,504","74,08,404","66.83"
"ITC","EQ","25-Jun-2024","423.30","423.00","424.00","419.75","423.25","423.30","422.19","1,02,60,449","4,33,18,94,414.05","1,38,835","62,72,555","61.13"
"ITC","EQ","24-Jun-2024","419.60","420.00","423.95","420.00","423.65","423.30","422.63","93,62,433","3,95,68,53,315.35","1,17,502","50,89,583","54.36"
"ITC","EQ","21-Jun-2024","423.30","425.00","425.30","418.55","419.70","419.60","420.65","2,52,05,627","10,60,28,24,293.85","2,95,452","1,14,43,594","45.40"
"ITC","EQ","20-Jun-2024","423.65","424.05","426.50","421.50","423.85","423.30","423.74","1,45,85,806","6,18,06,05,569.50","2,03,212","77,44,806","53.10"
"ITC","EQ","19-Jun-2024","428.75","430.00","430.75","423.05","423.40","423.65","425.66","1,09,09,803","4,64,38,29,424.60","1,77,112","75,39,540","69.11"
"ITC","EQ","18-Jun-2024","431.15","433.00","434.20","428.20","429.00","428.75","430.67","1,40,98,178","6,07,17,15,080.55","2,06,941","1,05,03,511","74.50"
"ITC","EQ","14-Jun-2024","430.30","431.00","431.90","429.05","431.40","431.15","430.49","92,17,804","3,96,81,32,276.85","1,70,717","52,64,710","57.11"
"ITC","EQ","13-Jun-2024","432.30","436.90","436.90","429.75","430.35","430.30","431.79","92,83,802","4,00,86,27,163.35","1,46,737","59,23,993","63.81"
"ITC","EQ","12-Jun-2024","433.00","430.55","434.40","430.20","432.60","432.30","432.33","1,03,52,936","4,47,58,96,381.25","1,63,844","58,11,025","56.13"
"ITC","EQ","11-Jun-2024","436.90","437.00","437.80","432.25","432.75","433.00","434.79","1,26,70,589","5,50,90,08,149.30","1,87,213","90,34,060","71.30"
"ITC","EQ","10-Jun-2024","439.15","440.00","441.00","435.85","436.55","436.90","437.72","1,14,32,393","5,00,41,99,602.85","2,60,404","82,12,068","71.83"
"ITC","EQ","07-Jun-2024","435.40","431.40","441.65","431.10","438.50","439.15","437.54","2,84,48,041","12,44,70,97,826.40","3,48,935","1,50,40,647","52.87"
"ITC","EQ","06-Jun-2024","430.30","436.00","437.70","431.10","436.40","435.40","434.33","3,11,19,999","13,51,64,00,453.80","2,90,637","1,27,72,900","41.04"
"ITC","EQ","05-Jun-2024","415.20","422.00","436.00","418.05","430.70","430.30","429.14","2,71,51,351","11,65,16,63,641.95","3,09,406","1,48,55,054","54.71"
"ITC","EQ","04-Jun-2024","430.35","426.00","426.30","402.85","419.85","415.20","415.20","4,60,19,632","19,10,74,85,527.25","5,80,366","2,78,25,848","60.47"
"ITC","EQ","03-Jun-2024","426.45","434.00","434.90","428.65","431.40","430.35","430.65","1,55,19,148","6,68,33,96,998.40","2,10,108","1,01,20,207","65.21"
"ITC","EQ","31-May-2024","423.85","426.75","429.55","424.25","427.00","426.45","426.87","2,82,14,102","12,04,38,35,725.35","2,45,961","1,74,70,452","61.92"
"ITC","EQ","30-May-2024","430.95","428.50","430.95","422.35","424.85","423.85","424.72","2,05,24,428","8,71,72,37,385.80","2,49,826","1,31,85,367","64.24"
"ITC","EQ","29-May-2024","429.00","425.50","432.40","425.50","431.00","430.95","429.94","1,04,30,363","4,48,43,93,165.00","1,42,521","64,50,201","61.84"
"ITC","EQ","28-May-2024","431.50","432.10","432.50","428.25","428.80","429.00","429.82","93,10,198","4,00,17,09,938.25","1,23,935","61,51,658","66.07"
"ITC","EQ","27-May-2024","436.20","438.80","438.90","430.70","432.25","431.50","435.39","1,18,27,050","5,14,93,44,563.20","2,01,549","82,80,980","70.02"
"ITC","EQ","24-May-2024","441.35","441.00","442.45","435.30","436.55","436.20","437.48","1,27,61,457","5,58,29,17,652.90","2,08,684","67,59,409","52.97"
"ITC","EQ","23-May-2024","439.90","441.40","444.90","436.55","440.20","441.35","440.71","2,62,34,369","11,56,17,61,258.55","2,21,301","82,59,141","31.48"
"ITC","EQ","22-May-2024","434.80","437.35","441.95","435.40","440.00","439.90","439.62","1,06,27,595","4,67,21,23,744.90","1,54,238","59,98,493","56.44"
"ITC","EQ","21-May-2024","436.65","436.00","437.10","433.20","434.90","434.80","434.73","1,07,60,726","4,67,79,83,191.90","2,15,268","76,88,107","71.45"
"ITC","EQ","18-May-2024","436.30","437.00","437.65","435.20","436.70","436.65","436.64","7,13,859","31,17,00,280.95","12,556","4,40,951","61.77"
"ITC","EQ","17-May-2024","431.45","432.40","437.50","428.90","435.45","436.30","434.11","1,14,53,714","4,97,22,08,347.45","1,33,480","51,87,156","45.29"
"ITC","EQ","16-May-2024","427.80","430.00","432.60","422.90","432.60","431.45","427.89","2,30,25,186","9,85,22,75,161.55","2,86,099","1,09,18,850","47.42"
"ITC","EQ","15-May-2024","429.70","430.75","433.25","426.75","428.25","427.80","429.40","75,65,080","3,24,84,56,112.70","1,44,013","41,39,221","54.71"
"ITC","EQ","14-May-2024","431.85","430.50","433.30","428.55","429.60","429.70","430.33","1,10,00,103","4,73,36,93,443.00","1,72,146","78,85,152","71.68"
"ITC","EQ","13-May-2024","433.35","433.25","435.45","429.50","431.65","431.85","431.83","73,02,959","3,15,36,50,963.45","1,52,030","42,16,619","57.74"
"ITC","EQ","10-May-2024","425.10","426.50","436.35","426.50","433.85","433.35","433.20","1,39,85,963","6,05,87,06,127.20","1,86,451","58,64,119","41.93"
"ITC","EQ","09-May-2024","441.00","440.05","441.50","423.35","427.10","425.10","429.30","2,34,12,609","10,05,09,40,808.25","3,26,895","1,50,05,961","64.09"
"ITC","EQ","08-May-2024","440.35","441.25","444.70","438.20","441.00","441.00","441.33","1,05,11,646","4,63,91,19,798.50","1,40,409","58,32,261","55.48"
"ITC","EQ","07-May-2024","434.75","436.90","446.00","435.20","441.00","440.35","442.16","2,59,68,921","11,48,24,44,468.75","2,56,621","1,25,55,610","48.35"
"ITC","EQ","06-May-2024","436.45","438.00","440.45","433.35","434.95","434.75","435.73","1,03,55,056","4,51,19,99,548.95","1,83,306","66,68,630","64.40"
"ITC","EQ","03-May-2024","439.00","440.05","440.05","431.35","436.00","436.45","435.75","2,29,04,276","9,98,04,73,814.90","3,01,064","1,14,22,808","49.87"
"ITC","EQ","02-May-2024","435.65","436.00","442.60","434.85","439.45","439.00","439.02","2,32,28,909","10,19,79,60,968.55","4,13,344","1,08,57,217","46.74"
"ITC","EQ","30-Apr-2024","438.20","439.95","440.50","435.10","435.35","435.65","438.57","1,20,64,043","5,29,09,43,493.35","1,31,063","84,85,252","70.34"
"ITC","EQ","29-Apr-2024","440.00","442.00","442.45","434.60","438.00","438.20","437.73","1,16,27,882","5,08,99,15,581.05","1,89,919","72,79,063","62.60"
"ITC","EQ","26-Apr-2024","437.55","439.25","443.30","436.40","440.00","440.00","439.66","1,47,73,975","6,49,55,67,398.20","2,02,318","67,81,487","45.90"
"ITC","EQ","25-Apr-2024","428.90","431.00","438.30","429.00","437.80","437.55","434.52","2,92,11,997","12,69,32,03,504.00","2,70,594","1,52,52,996","52.21"
"ITC","EQ","24-Apr-2024","429.20","429.25","430.80","428.30","429.40","428.90","429.73","58,45,170","2,51,18,18,372.50","96,245","34,70,174","59.37"
"ITC","EQ","23-Apr-2024","425.30","425.30","430.50","425.10","428.70","429.20","428.84","1,20,21,404","5,15,52,32,246.00","1,94,302","72,91,868","60.66"
"ITC","EQ","22-Apr-2024","424.75","427.00","427.60","423.35","425.80","425.30","424.75","71,12,139","3,02,08,60,842.30","1,24,105","47,21,465","66.39"
"ITC","EQ","19-Apr-2024","418.85","418.00","426.25","416.00","424.00","424.75","423.64","1,65,82,634","7,02,50,82,961.80","2,04,429","75,82,651","45.73"
"ITC","EQ","18-Apr-2024","425.90","426.00","426.90","417.65","419.75","418.85","421.58","2,13,12,388","8,98,48,44,459.55","2,04,523","1,09,18,231","51.23"
"ITC","EQ","16-Apr-2024","425.90","423.25","427.00","423.20","426.45","425.90","425.24","99,73,638","4,24,11,46,046.55","1,22,310","66,65,706","66.83"
"ITC","EQ","15-Apr-2024","430.10","428.00","429.15","422.90","425.60","425.90","426.01","87,46,243","3,72,59,90,666.80","1,64,057","45,79,022","52.35"
"ITC","EQ","12-Apr-2024","436.95","435.00","435.75","428.30","430.50","430.10","431.16","1,80,88,372","7,79,90,28,304.50","2,89,969","78,35,618","43.32"
"ITC","EQ","10-Apr-2024","426.35","428.30","437.80","425.75","436.00","436.95","433.00","1,40,08,124","6,06,54,76,490.20","1,76,163","76,59,205","54.68"
"ITC","EQ","09-Apr-2024","429.10","430.45","431.50","425.55","426.60","426.35","428.43","67,08,894","2,87,42,87,671.10","90,615","39,60,066","59.03"
"ITC","EQ","08-Apr-2024","427.55","428.30","431.40","427.75","428.90","429.10","429.51","85,16,632","3,65,80,10,051.95","1,50,775","53,51,477","62.84"
"ITC","EQ","05-Apr-2024","422.75","422.50","431.70","419.95","427.50","427.55","427.69","1,61,47,032","6,90,59,82,420.40","1,57,872","94,08,424","58.27"
"ITC","EQ","04-Apr-2024","425.20","425.55","427.35","419.90","423.10","422.75","423.26","1,83,58,410","7,77,04,65,539.95","3,03,184","76,19,786","41.51"
"ITC","EQ","03-Apr-2024","425.85","426.00","428.80","421.00","425.50","425.20","424.61","1,26,64,520","5,37,74,67,608.15","1,60,696","71,88,771","56.76"
"ITC","EQ","02-Apr-2024","426.70","428.70","428.70","424.60","425.50","425.85","425.87","88,53,678","3,77,05,20,504.55","1,23,768","58,43,531","66.00"
"ITC","EQ","01-Apr-2024","428.35","429.10","431.35","425.75","427.60","426.70","427.80","93,82,308","4,01,37,82,933.55","1,18,264","58,50,987","62.36"
"ITC","EQ","28-Mar-2024","428.00","428.00","433.25","427.00","429.00","428.35","429.66","2,79,33,211","12,00,18,38,115.50","2,00,930","1,07,61,183","38.52"
"ITC","EQ","27-Mar-2024","427.65","427.00","428.90","426.45","428.40","428.00","427.94","1,22,27,545","5,23,27,02,625.55","1,48,670","88,36,527","72.27"
"ITC","EQ","26-Mar-2024","428.60","425.55","429.20","425.55","428.00","427.65","427.57","1,02,74,145","4,39,29,64,487.05","1,27,865","59,87,450","58.28"
"ITC","EQ","22-Mar-2024","421.25","421.25","429.65","421.25","428.30","428.60","427.27","3,88,61,818","16,60,46,49,595.70","2,85,729","2,67,50,823","68.84"
"ITC","EQ","21-Mar-2024","415.70","419.00","422.00","416.20","421.25","421.25","419.96","1,92,27,982","8,07,49,86,841.45","2,65,798","1,12,05,902","58.28"
"ITC","EQ","20-Mar-2024","409.55","410.00","416.65","409.55","416.00","415.70","412.87","1,96,09,321","8,09,60,10,062.95","2,00,442","1,43,06,680","72.96"
"ITC","EQ","19-Mar-2024","417.45","418.00","419.55","408.70","409.75","409.55","411.54","2,09,94,563","8,64,01,07,667.75","2,56,940","1,58,71,475","75.60"
"ITC","EQ","18-Mar-2024","419.10","419.00","420.70","416.90","417.60","417.45","418.40","1,59,33,704","6,66,67,33,164.20","2,41,095","1,18,63,495","74.46"
"ITC","EQ","15-Mar-2024","419.65","417.20","428.55","415.25","417.00","419.10","422.93","7,32,53,754","30,98,12,69,366.20","6,15,356","5,34,79,171","73.01"
"ITC","EQ","14-Mar-2024","422.45","421.95","425.50","418.00","419.00","419.65","421.67","3,07,64,728","12,97,26,46,952.80","2,92,934","1,35,51,653","44.05"
"ITC","EQ","13-Mar-2024","404.45","435.00","438.00","421.15","422.00","422.45","427.85","10,16,12,428","43,47,51,81,936.05","6,93,592","3,64,79,112","35.90"
"ITC","EQ","12-Mar-2024","409.40","406.50","406.50","399.35","401.90","404.45","402.12","3,48,82,639","14,02,71,70,213.10","4,41,602","1,86,12,162","53.36"
"ITC","EQ","11-Mar-2024","413.55","416.80","418.30","408.00","409.20","409.40","413.66","1,76,20,081","7,28,86,43,584.00","2,20,154","1,04,66,219","59.40"
"ITC","EQ","07-Mar-2024","407.85","407.85","414.95","403.65","414.70","413.55","409.07","2,30,20,545","9,41,69,41,135.65","2,66,079","1,31,73,374","57.22"
"ITC","EQ","06-Mar-2024","406.15","406.50","409.95","400.70","407.95","407.85","405.02","1,11,06,855","4,49,84,98,834.65","2,38,724","60,37,161","54.36"
"ITC","EQ","05-Mar-2024","409.10","409.65","411.40","403.95","406.50","406.15","407.09","97,33,507","3,96,24,60,772.30","1,87,977","62,31,668","64.02"
"ITC","EQ","04-Mar-2024","412.05","412.25","412.95","408.45","409.30","409.10","410.01","68,40,352","2,80,45,87,543.55","1,28,186","47,66,484","69.68"
"ITC","EQ","02-Mar-2024","409.50","411.00","412.80","410.10","412.00","412.05","411.74","9,77,655","40,25,43,968.55","18,531","6,47,680","66.25"
"ITC","EQ","01-Mar-2024","406.30","408.90","413.15","407.50","410.10","409.50","410.66","1,23,95,632","5,09,04,35,126.70","1,98,418","71,69,368","57.84"
"ITC","EQ","29-Feb-2024","408.30","409.00","411.05","404.50","406.90","406.30","407.62","1,48,95,144","6,07,14,93,472.75","1,82,863","94,72,085","63.59"
"ITC","EQ","28-Feb-2024","411.15","411.15","412.35","406.80","407.85","408.30","409.10","86,17,768","3,52,55,49,262.00","1,57,196","58,73,466","68.16"
"ITC","EQ","27-Feb-2024","409.20","410.00","412.75","408.55","410.70","411.15","410.81","77,83,743","3,19,76,56,361.80","1,49,253","49,84,666","64.04"
"ITC","EQ","26-Feb-2024","411.40","411.10","413.05","407.30","409.15","409.20","409.48","79,82,145","3,26,85,55,512.10","1,41,120","47,90,301","60.01"
"ITC","EQ","23-Feb-2024","414.45","415.90","415.90","410.50","410.90","411.40","412.65","1,11,47,636","4,60,00,35,861.05","1,68,693","62,13,335","55.74"
"ITC","EQ","22-Feb-2024","403.35","406.90","415.15","403.45","415.00","414.45","409.04","1,86,04,659","7,61,00,34,475.70","2,65,415","83,70,494","44.99"
"ITC","EQ","21-Feb-2024","406.10","407.00","410.10","401.30","402.75","403.35","406.26","1,94,14,653","7,88,74,11,451.60","3,08,873","1,31,83,146","67.90"
"ITC","EQ","20-Feb-2024","409.25","410.45","410.45","404.30","406.90","406.10","406.62","1,40,84,218","5,72,69,13,345.05","2,00,707","90,73,050","64.42"
"ITC","EQ","19-Feb-2024","404.60","405.00","412.75","404.60","409.20","409.25","410.11","1,69,49,793","6,95,13,57,970.10","1,95,499","1,07,52,387","63.44"
"ITC","EQ","16-Feb-2024","403.90","405.00","409.55","399.40","404.60","404.60","403.76","3,75,18,847","15,14,84,23,499.50","3,02,859","2,45,95,318","65.55"
"ITC","EQ","15-Feb-2024","411.55","413.00","414.55","403.15","404.75","403.90","406.08","2,03,83,983","8,27,75,77,375.40","2,67,030","1,37,66,752","67.54"
"ITC","EQ","14-Feb-2024","406.75","406.00","412.25","404.40","412.15","411.55","408.96","1,21,50,077","4,96,89,46,837.35","1,80,419","75,35,559","62.02"
"ITC","EQ","13-Feb-2024","406.85","406.90","410.80","403.30","406.90","406.75","407.16","1,56,06,705","6,35,44,78,400.20","2,51,076","99,61,342","63.83"
"ITC","EQ","12-Feb-2024","415.50","417.55","418.00","406.05","406.80","406.85","410.04","1,09,06,914","4,47,22,71,553.10","2,27,195","64,53,241","59.17"
"ITC","EQ","09-Feb-2024","414.55","410.10","424.20","408.60","415.00","415.50","417.23","3,22,83,965","13,46,97,07,741.50","3,45,877","1,61,13,855","49.91"
"ITC","EQ","08-Feb-2024","431.80","429.00","429.10","408.60","414.45","414.55","417.33","4,81,83,882","20,10,87,62,451.80","5,68,349","2,80,28,614","58.17"
"ITC","EQ","07-Feb-2024","431.40","435.00","435.00","430.80","431.80","431.80","432.35","1,28,80,824","5,56,90,65,160.55","2,34,908","94,86,689","73.65"
"ITC","EQ","06-Feb-2024","438.05","440.00","440.90","429.50","431.90","431.40","433.22","1,87,64,371","8,12,91,48,176.75","3,37,897","1,39,13,875","74.15"
"ITC","EQ","05-Feb-2024","440.10","442.00","443.65","436.55","438.15","438.05","440.45","1,20,41,897","5,30,38,74,698.30","2,03,069","90,41,318","75.08"
"ITC","EQ","02-Feb-2024","442.90","445.00","447.20","439.50","440.60","440.10","442.87","1,71,56,021","7,59,78,14,278.40","2,52,589","1,01,71,078","59.29"
"ITC","EQ","01-Feb-2024","441.55","442.00","447.75","439.30","442.40","442.90","443.51","1,91,65,409","8,50,00,57,382.95","2,72,761","1,03,23,055","53.86"
"ITC","EQ","31-Jan-2024","438.05","440.00","442.50","438.70","441.75","441.55","440.69","1,98,82,944","8,76,22,79,321.85","2,40,053","1,54,11,890","77.51"
"ITC","EQ","30-Jan-2024","449.80","447.00","453.70","437.40","438.25","438.05","442.50","4,35,14,448","19,25,51,17,086.65","6,99,940","2,87,47,175","66.06"
"ITC","EQ","29-Jan-2024","455.65","455.90","457.25","447.50","448.70","449.80","452.63","1,78,69,152","8,08,80,99,555.10","2,53,582","1,29,33,058","72.38"
"ITC","EQ","25-Jan-2024","463.60","463.55","464.95","452.10","457.50","455.65","456.11","1,96,77,700","8,97,51,18,150.05","2,06,935","1,12,34,403","57.09"
"ITC","EQ","24-Jan-2024","459.30","460.10","467.40","458.10","461.80","463.60","461.87","2,16,26,183","9,98,84,04,501.00","1,82,598","1,40,16,786","64.81"
"ITC","EQ","23-Jan-2024","468.40","473.75","473.75","456.40","459.85","459.30","465.33","84,04,513","3,91,08,81,933.90","1,74,187","48,51,770","57.73"
"ITC","EQ","20-Jan-2024","471.50","473.40","475.00","468.00","468.30","468.40","471.38","32,96,407","1,55,38,45,356.45","53,837","16,41,737","49.80"
"ITC","EQ","19-Jan-2024","465.50","468.55","473.00","466.40","472.00","471.50","470.66","1,22,03,322","5,74,35,98,363.60","1,40,093","76,37,837","62.59"
"ITC","EQ","18-Jan-2024","466.60","465.25","467.85","454.55","466.45","465.50","463.82","91,43,784","4,24,10,36,943.75","1,62,645","45,53,128","49.79"
"ITC","EQ","17-Jan-2024","472.30","471.40","477.00","465.20","467.30","466.60","470.02","1,11,08,698","5,22,13,22,440.85","1,63,870","61,51,281","55.37"
"ITC","EQ","16-Jan-2024","467.60","467.80","475.00","464.25","475.00","472.30","469.28","1,20,66,347","5,66,24,77,326.35","1,81,194","68,79,661","57.02"
"ITC","EQ","15-Jan-2024","466.70","470.00","470.50","466.10","467.55","467.60","467.74","69,02,156","3,22,84,25,376.55","1,41,310","46,11,432","66.81"
"ITC","EQ","12-Jan-2024","462.65","463.25","467.70","460.35","467.40","466.70","464.54","93,54,326","4,34,54,96,069.90","1,51,600","48,22,834","51.56"
"ITC","EQ","11-Jan-2024","463.30","464.10","466.55","461.10","463.25","462.65","463.35","65,34,775","3,02,78,85,522.20","1,28,488","42,15,285","64.51"
"ITC","EQ","10-Jan-2024","464.55","464.55","466.75","460.05","463.50","463.30","462.07","58,96,123","2,72,44,12,894.15","1,13,576","37,40,583","63.44"
"ITC","EQ","09-Jan-2024","465.50","467.50","469.95","463.65","464.20","464.55","466.06","56,96,780","2,65,50,47,091.60","1,33,889","40,27,680","70.70"
"ITC","EQ","08-Jan-2024","473.95","475.00","475.50","464.55","465.35","465.50","467.76","80,03,177","3,74,35,77,082.00","1,62,793","48,12,551","60.13"
"ITC","EQ","05-Jan-2024","476.40","479.40","479.40","472.00","473.80","473.95","474.98","92,09,405","4,37,42,80,743.70","1,91,991","44,40,737","48.22"
"ITC","EQ","04-Jan-2024","477.25","480.00","481.45","474.20","475.50","476.40","478.62","1,17,86,959","5,64,14,69,823.90","1,45,887","76,96,185","65.29"
"ITC","EQ","03-Jan-2024","470.35","470.25","480.70","469.35","477.45","477.25","477.40","2,40,36,012","11,47,47,09,723.90","2,70,703","1,47,21,255","61.25"
"ITC","EQ","02-Jan-2024","468.05","470.00","471.35","463.60","470.15","470.35","468.26","1,05,19,771","4,92,60,02,186.85","1,59,124","57,45,283","54.61"
"ITC","EQ","01-Jan-2024","462.10","463.50","469.95","462.65","465.80","468.05","467.15","93,46,277","4,36,61,27,498.30","1,67,073","54,65,510","58.48"
"ITC","EQ","29-Dec-2023","464.10","464.10","467.90","461.35","462.00","462.10","464.60","1,28,88,266","5,98,78,92,520.95","1,95,653","66,17,133","51.34"
"ITC","EQ","28-Dec-2023","457.10","457.20","464.70","456.10","463.95","464.10","461.60","2,06,96,101","9,55,32,90,485.30","2,19,642","1,34,15,647","64.82"
"ITC","EQ","27-Dec-2023","456.45","457.00","458.50","453.75","456.60","457.10","455.97","75,43,383","3,43,95,50,563.55","1,41,438","50,18,034","66.52"
"ITC","EQ","26-Dec-2023","455.20","456.05","458.90","454.70","457.05","456.45","456.90","58,71,301","2,68,26,01,608.85","1,33,599","34,81,362","59.29"
"ITC","EQ","22-Dec-2023","451.45","453.00","455.90","450.55","454.20","455.20","454.25","1,10,26,317","5,00,86,64,858.20","1,89,460","57,68,253","52.31"
"ITC","EQ","21-Dec-2023","451.00","449.00","453.75","444.45","452.00","451.45","450.19","1,11,54,625","5,02,16,73,354.15","1,73,231","44,70,012","40.07"
"ITC","EQ","20-Dec-2023","456.10","459.00","459.25","449.30","450.15","451.00","454.97","1,03,67,665","4,71,69,34,041.15","1,71,902","66,40,772","64.05"
"ITC","EQ","19-Dec-2023","451.65","453.35","458.00","452.05","456.45","456.10","455.77","1,02,68,755","4,68,02,12,654.95","1,63,132","56,12,411","54.66"
"ITC","EQ","18-Dec-2023","458.20","455.00","456.00","450.35","451.95","451.65","451.89","1,20,27,620","5,43,51,27,623.50","2,02,238","77,94,554","64.81"
"ITC","EQ","15-Dec-2023","460.10","461.90","462.95","455.00","458.55","458.20","457.72","1,57,89,845","7,22,72,99,043.70","2,05,228","1,02,08,116","64.65"
"ITC","EQ","14-Dec-2023","455.65","460.00","461.00","449.45","458.30","460.10","458.42","1,43,70,803","6,58,79,26,047.65","1,98,906","68,67,363","47.79"
"ITC","EQ","13-Dec-2023","453.10","456.30","458.85","453.10","455.60","455.65","455.72","1,12,83,868","5,14,22,61,661.75","1,36,565","74,42,384","65.96"
"ITC","EQ","12-Dec-2023","452.45","454.20","460.00","452.35","453.60","453.10","456.17","1,01,58,101","4,63,38,52,599.45","1,59,664","60,50,317","59.56"
"ITC","EQ","11-Dec-2023","449.15","451.50","453.60","449.30","453.20","452.45","451.92","65,99,973","2,98,26,67,106.30","1,53,704","37,18,291","56.34"
"ITC","EQ","08-Dec-2023","458.10","459.95","461.60","448.50","450.00","449.15","452.69","1,86,67,895","8,45,07,69,799.45","1,73,240","1,26,36,087","67.69"
"ITC","EQ","07-Dec-2023","463.25","464.75","464.80","457.40","458.20","458.10","459.40","1,13,10,918","5,19,62,08,022.50","1,75,050","73,92,937","65.36"
"ITC","EQ","06-Dec-2023","451.75","453.90","464.50","452.10","463.45","463.25","461.17","2,04,17,559","9,41,59,18,516.30","2,95,774","1,22,93,308","60.21"
"ITC","EQ","05-Dec-2023","454.05","455.00","457.80","450.10","452.40","451.75","453.52","1,21,36,292","5,50,40,17,393.25","1,54,505","88,68,016","73.07"
"ITC","EQ","04-Dec-2023","449.80","455.00","456.40","451.00","453.10","454.05","453.73","1,28,00,220","5,80,78,60,907.55","2,18,205","76,09,242","59.45"
"ITC","EQ","01-Dec-2023","435.80","437.90","450.95","437.40","449.15","449.80","446.61","1,93,36,856","8,63,60,46,292.35","2,33,084","1,11,88,784","57.86"
"ITC","EQ","30-Nov-2023","437.20","436.70","438.45","434.50","436.75","435.80","436.00","1,51,27,505","6,59,55,68,134.95","2,05,331","95,65,526","63.23"
"ITC","EQ","29-Nov-2023","435.25","436.00","438.50","434.15","436.90","437.20","436.15","1,37,85,216","6,01,24,81,178.15","1,81,426","1,08,56,023","78.75"
"ITC","EQ","28-Nov-2023","437.80","438.00","439.00","434.90","435.90","435.25","436.05","87,45,691","3,81,35,52,286.95","1,77,548","65,56,300","74.97"
"ITC","EQ","24-Nov-2023","440.35","441.00","442.25","436.85","437.90","437.80","439.00","68,21,878","2,99,47,84,740.40","1,16,779","39,10,314","57.32"
"ITC","EQ","23-Nov-2023","439.70","440.95","442.25","438.25","440.90","440.35","440.31","63,66,606","2,80,32,91,959.25","98,441","34,32,359","53.91"
"ITC","EQ","22-Nov-2023","436.25","437.00","440.40","434.80","440.15","439.70","437.80","48,86,687","2,13,94,03,597.80","94,940","32,58,964","66.69"
"ITC","EQ","21-Nov-2023","436.80","437.15","439.30","435.50","436.20","436.25","437.01","59,97,810","2,62,11,13,885.40","1,15,882","44,70,531","74.54"
"ITC","EQ","20-Nov-2023","439.25","439.85","440.30","434.50","436.30","436.80","437.43","43,35,388","1,89,64,28,774.50","1,01,713","27,19,345","62.72"
"ITC","EQ","17-Nov-2023","438.65","439.25","441.50","438.30","438.85","439.25","439.47","66,55,278","2,92,48,21,117.80","1,24,069","44,15,539","66.35"
"ITC","EQ","16-Nov-2023","441.95","441.95","444.50","437.60","439.20","438.65","441.02","1,08,57,863","4,78,85,16,957.70","1,44,767","58,13,139","53.54"
"ITC","EQ","15-Nov-2023","436.00","438.10","442.50","437.50","442.00","441.95","440.16","74,36,428","3,27,32,39,271.95","97,387","54,69,465","73.55"
"ITC","EQ","13-Nov-2023","438.45","438.40","438.40","435.00","435.95","436.00","436.25","37,44,754","1,63,36,35,527.55","91,487","26,98,233","72.05"
"ITC","EQ","12-Nov-2023","436.55","438.85","439.20","438.00","438.75","438.45","438.66","11,81,310","51,81,93,286.15","54,111","7,43,198","62.91"
"ITC","EQ","10-Nov-2023","434.40","434.40","438.00","432.50","437.95","436.55","435.19","40,79,205","1,77,52,12,626.75","99,710","26,92,615","66.01"
"ITC","EQ","09-Nov-2023","436.95","437.80","438.00","433.90","434.45","434.40","435.48","77,85,767","3,39,05,81,111.50","1,17,539","40,82,632","52.44"
"ITC","EQ","08-Nov-2023","432.70","433.15","437.50","432.30","437.00","436.95","434.61","69,79,849","3,03,34,92,148.85","1,20,482","51,69,316","74.06"
"ITC","EQ","07-Nov-2023","435.35","434.90","434.90","432.15","432.95","432.70","433.04","51,24,012","2,21,88,95,493.75","1,27,198","38,95,479","76.02"
"ITC","EQ","06-Nov-2023","433.25","433.50","436.80","432.55","434.90","435.35","434.21","73,08,229","3,17,33,28,173.20","1,29,745","55,07,380","75.36"
"ITC","EQ","03-Nov-2023","431.15","432.80","434.40","431.10","432.10","433.25","432.68","1,38,02,600","5,97,20,97,160.75","1,10,620","1,08,23,030","78.41"
"ITC","EQ","02-Nov-2023","428.10","430.05","432.70","428.65","430.80","431.15","430.18","81,52,031","3,50,68,07,055.75","1,44,426","38,09,606","46.73"
"ITC","EQ","01-Nov-2023","428.40","430.00","431.10","425.50","430.35","428.10","428.30","79,90,245","3,42,22,42,128.95","1,63,579","54,19,970","67.83"
"ITC","EQ","31-Oct-2023","430.45","430.00","433.35","427.90","428.45","428.40","429.99","86,20,154","3,70,65,53,452.70","1,63,866","64,06,898","74.32"
"ITC","EQ","30-Oct-2023","433.75","434.55","437.15","428.35","431.50","430.45","430.92","76,18,033","3,28,27,78,364.60","1,38,620","50,19,200","65.89"
"ITC","EQ","27-Oct-2023","434.35","434.35","436.80","432.20","433.90","433.75","434.00","1,31,32,487","5,69,94,53,016.85","1,55,586","87,27,617","66.46"
"ITC","EQ","26-Oct-2023","432.70","429.55","436.60","429.55","432.65","434.35","433.54","1,88,01,214","8,15,10,61,459.60","2,40,264","1,15,27,415","61.31"
"ITC","EQ","25-Oct-2023","435.90","436.90","438.00","427.05","432.30","432.70","432.29","1,08,89,221","4,70,72,51,503.70","2,27,701","63,18,695","58.03"
"ITC","EQ","23-Oct-2023","438.30","438.00","439.95","433.10","434.60","435.90","436.65","72,75,471","3,17,68,39,602.20","1,70,442","40,23,477","55.30"
"ITC","EQ","20-Oct-2023","450.40","445.00","449.00","437.35","438.00","438.30","440.74","1,30,20,371","5,73,86,37,212.35","3,47,081","64,93,745","49.87"
"ITC","EQ","19-Oct-2023","451.65","449.75","454.90","446.85","450.05","450.40","450.60","94,65,463","4,26,51,43,431.25","2,28,007","42,04,802","44.42"
"ITC","EQ","18-Oct-2023","453.45","454.25","458.20","451.00","451.70","451.65","454.49","68,94,947","3,13,36,63,541.95","1,55,654","39,02,164","56.59"
"ITC","EQ","17-Oct-2023","448.95","449.80","454.50","449.00","453.50","453.45","452.96","69,36,218","3,14,18,20,069.90","1,19,724","45,85,851","66.11"
"ITC","EQ","16-Oct-2023","448.35","448.00","451.00","446.20","448.20","448.95","449.42","42,14,958","1,89,43,05,840.25","1,03,179","25,23,150","59.86"
"ITC","EQ","13-Oct-2023","450.70","449.85","451.80","447.00","448.00","448.35","449.73","76,32,483","3,43,25,58,181.35","1,35,556","40,18,918","52.66"
"ITC","EQ","12-Oct-2023","448.25","449.65","452.50","446.15","451.00","450.70","450.47","1,17,74,487","5,30,40,11,557.70","1,27,972","72,65,163","61.70"
"ITC","EQ","11-Oct-2023","444.40","447.20","449.45","444.80","447.50","448.25","447.45","76,51,513","3,42,36,93,653.20","1,19,123","52,44,282","68.54"
"ITC","EQ","10-Oct-2023","440.45","440.45","444.85","440.45","444.70","444.40","443.47","50,14,758","2,22,38,94,873.10","1,41,128","30,86,342","61.55"
"ITC","EQ","09-Oct-2023","442.15","440.95","443.20","437.25","439.65","440.45","440.61","56,11,154","2,47,23,16,260.35","1,31,925","31,37,698","55.92"
"ITC","EQ","06-Oct-2023","436.05","437.85","443.60","436.65","442.60","442.15","441.76","84,18,580","3,71,89,97,999.10","1,46,980","41,95,917","49.84"
"ITC","EQ","05-Oct-2023","436.10","440.00","440.50","435.05","436.60","436.05","437.31","1,00,30,257","4,38,63,55,806.90","1,94,053","51,14,990","51.00"
"ITC","EQ","04-Oct-2023","439.75","439.75","441.70","433.30","435.35","436.10","437.58","1,33,96,709","5,86,21,43,527.85","2,19,368","86,37,052","64.47"
"ITC","EQ","03-Oct-2023","444.40","441.00","442.90","439.25","439.65","439.75","440.62","74,81,883","3,29,66,73,214.60","1,86,900","50,76,017","67.84"
"ITC","EQ","29-Sep-2023","440.75","442.00","445.60","439.20","443.50","444.40","443.32","81,60,058","3,61,75,50,656.80","1,38,714","45,76,583","56.09"
"ITC","EQ","28-Sep-2023","449.15","449.95","449.95","439.60","441.15","440.75","442.49","1,02,16,736","4,52,08,50,400.35","1,55,680","48,26,188","47.24"
"ITC","EQ","27-Sep-2023","442.45","442.45","449.80","438.80","449.35","449.15","445.78","1,04,90,786","4,67,65,96,819.75","1,61,084","67,04,583","63.91"
"ITC","EQ","26-Sep-2023","442.60","443.60","444.50","439.70","442.80","442.45","442.01","53,27,833","2,35,49,54,516.75","1,14,357","32,74,616","61.46"
"ITC","EQ","25-Sep-2023","443.10","443.10","444.80","438.35","443.10","442.60","441.75","57,82,955","2,55,46,32,224.30","1,26,229","32,52,494","56.24"
"ITC","EQ","22-Sep-2023","447.50","447.50","448.40","442.25","442.50","443.10","444.33","75,06,309","3,33,52,88,560.30","1,95,313","34,45,505","45.90"
"ITC","EQ","21-Sep-2023","452.95","452.80","453.55","444.50","447.50","447.50","447.41","1,07,19,470","4,79,59,86,148.20","1,87,202","42,27,235","39.44"
"ITC","EQ","20-Sep-2023","452.05","451.70","455.10","449.55","452.85","452.95","453.08","99,59,649","4,51,24,76,237.45","1,49,782","66,34,040","66.61"
"ITC","EQ","18-Sep-2023","448.35","448.35","454.00","446.20","451.95","452.05","451.88","81,97,425","3,70,42,74,692.05","1,34,382","52,12,417","63.59"
"ITC","EQ","15-Sep-2023","449.95","448.05","452.10","447.00","447.90","448.35","449.10","1,50,77,136","6,77,11,63,336.05","1,58,789","1,05,23,981","69.80"
"ITC","EQ","14-Sep-2023","453.50","455.90","455.90","447.15","450.35","449.95","450.17","1,44,30,930","6,49,63,13,051.65","2,16,539","73,79,240","51.13"
"ITC","EQ","13-Sep-2023","451.15","452.20","457.00","451.10","453.30","453.50","453.91","1,18,13,170","5,36,21,35,445.70","1,69,384","62,40,534","52.83"
"ITC","EQ","12-Sep-2023","447.20","448.90","454.30","445.60","451.00","451.15","450.56","1,44,06,441","6,49,10,27,758.45","2,03,436","71,97,702","49.96"
"ITC","EQ","11-Sep-2023","442.65","446.00","448.10","442.65","447.95","447.20","445.08","93,20,577","4,14,84,10,205.85","1,65,092","65,35,339","70.12"
"ITC","EQ","08-Sep-2023","445.90","447.90","447.90","441.85","442.70","442.65","443.46","99,39,517","4,40,77,78,233.95","1,38,338","68,36,801","68.78"
"ITC","EQ","07-Sep-2023","447.45","448.80","449.00","444.60","446.00","445.90","446.01","80,90,369","3,60,83,94,716.25","1,19,372","40,20,666","49.70"
"ITC","EQ","06-Sep-2023","443.10","443.95","448.50","442.00","448.00","447.45","445.72","1,28,63,039","5,73,32,84,923.40","1,79,677","77,56,031","60.30"
"ITC","EQ","05-Sep-2023","437.50","438.90","444.50","438.50","444.15","443.10","441.31","83,78,915","3,69,76,63,243.35","1,25,789","54,04,379","64.50"
"ITC","EQ","04-Sep-2023","441.05","443.35","443.35","436.65","437.50","437.50","438.46","1,36,04,608","5,96,50,23,205.70","1,95,519","1,01,53,713","74.63"
"ITC","EQ","01-Sep-2023","439.70","440.00","445.00","438.30","440.00","441.05","442.04","1,14,38,624","5,05,63,07,086.15","2,09,049","74,79,635","65.39"
"ITC","EQ","31-Aug-2023","442.80","443.00","444.90","436.10","439.50","439.70","439.70","1,99,00,312","8,75,01,76,727.45","2,26,365","1,24,24,314","62.43"
"ITC","EQ","30-Aug-2023","440.10","441.00","444.00","440.50","443.10","442.80","442.53","73,64,924","3,25,91,76,403.10","1,29,298","51,84,732","70.40"
"ITC","EQ","29-Aug-2023","441.40","442.95","444.00","439.20","440.70","440.10","440.75","94,80,003","4,17,83,42,360.05","1,73,053","64,16,666","67.69"
"ITC","EQ","28-Aug-2023","443.35","445.00","446.85","441.00","441.00","441.40","443.37","69,10,750","3,06,39,99,468.20","1,25,415","44,48,101","64.36"
"ITC","EQ","25-Aug-2023","450.90","450.90","451.00","442.05","443.50","443.35","445.97","92,70,988","4,13,45,66,040.80","1,69,813","56,86,487","61.34"
"ITC","EQ","24-Aug-2023","450.45","450.60","453.50","449.30","451.20","450.90","450.97","60,88,274","2,74,56,42,789.20","1,57,601","33,13,501","54.42"
"ITC","EQ","23-Aug-2023","454.25","455.60","455.65","448.60","450.60","450.45","450.74","84,45,029","3,80,65,00,841.00","1,81,446","46,22,611","54.74"
"ITC","EQ","22-Aug-2023","447.80","449.00","455.15","447.00","454.40","454.25","452.56","98,54,945","4,45,99,47,311.75","1,51,525","56,13,198","56.96"
"ITC","EQ","21-Aug-2023","441.65","442.00","448.50","441.35","448.00","447.80","445.61","95,72,041","4,26,54,03,760.50","1,48,497","65,96,905","68.92"
"ITC","EQ","18-Aug-2023","441.00","441.00","443.35","438.50","441.00","441.65","440.84","1,93,24,262","8,51,89,48,569.50","2,74,698","1,28,00,210","66.24"
"ITC","EQ","17-Aug-2023","450.25","450.00","450.00","440.00","440.95","441.00","441.95","1,62,69,569","7,19,02,76,040.40","3,53,763","89,02,443","54.72"
"ITC","EQ","16-Aug-2023","449.20","451.00","457.40","448.20","449.00","450.25","451.91","1,49,20,272","6,74,26,05,845.90","2,08,058","75,21,581","50.41"
"ITC","EQ","14-Aug-2023","448.75","448.75","451.25","445.05","447.80","449.20","447.60","75,62,808","3,38,51,19,308.20","1,87,268","39,79,581","52.62"
"ITC","EQ","11-Aug-2023","451.75","453.90","453.90","444.75","448.00","448.75","447.68","1,15,82,326","5,18,51,44,631.50","2,29,984","58,68,985","50.67"
"ITC","EQ","10-Aug-2023","458.65","458.90","459.30","449.00","452.95","451.75","452.47","1,31,94,170","5,96,99,91,295.95","2,71,611","76,71,937","58.15"
"ITC","EQ","09-Aug-2023","452.35","452.35","459.90","446.90","459.00","458.65","452.31","97,58,343","4,41,37,84,771.45","1,97,461","56,25,492","57.65"
"ITC","EQ","08-Aug-2023","454.90","457.00","457.00","451.05","452.30","452.35","453.21","63,92,488","2,89,71,08,679.70","1,67,641","42,48,813","66.47"
"ITC","EQ","07-Aug-2023","454.95","454.10","456.55","450.95","454.95","454.90","454.38","91,61,131","4,16,26,65,798.75","1,90,759","58,51,085","63.87"
"ITC","EQ","04-Aug-2023","456.05","456.30","461.40","454.25","455.25","454.95","456.12","68,34,401","3,11,73,33,363.90","1,56,261","33,51,299","49.04"
"ITC","EQ","03-Aug-2023","460.10","460.10","463.75","454.30","456.30","456.05","458.67","1,06,17,897","4,87,00,69,798.20","2,09,906","52,45,559","49.40"
"ITC","EQ","02-Aug-2023","464.80","464.60","464.80","458.00","460.00","460.10","459.99","1,03,18,220","4,74,62,32,499.30","2,41,505","63,86,860","61.90"
"ITC","EQ","01-Aug-2023","465.70","466.00","468.85","463.80","465.50","464.80","466.15","64,38,221","3,00,11,50,880.55","1,50,394","40,21,677","62.47"
"ITC","EQ","31-Jul-2023","468.45","469.00","469.70","463.50","465.25","465.70","466.31","81,94,797","3,82,13,00,383.90","1,89,948","50,42,195","61.53"
"ITC","EQ","28-Jul-2023","465.05","467.70","469.45","463.40","467.65","468.45","466.60","99,78,231","4,65,58,87,886.55","1,65,596","51,90,382","52.02"
"ITC","EQ","27-Jul-2023","472.25","474.40","475.15","461.10","467.15","465.05","468.53","1,39,89,457","6,55,44,59,376.05","2,28,805","73,36,215","52.44"
"ITC","EQ","26-Jul-2023","462.30","464.90","473.00","462.05","472.40","472.25","469.76","1,81,43,422","8,52,31,40,129.85","2,53,061","84,92,825","46.81"
"ITC","EQ","25-Jul-2023","471.35","467.90","468.50","455.40","461.35","462.30","459.90","4,35,34,718","20,02,16,34,759.95","4,55,276","2,09,55,653","48.14"
"ITC","EQ","24-Jul-2023","490.45","493.45","499.70","468.15","469.35","471.35","479.36","3,89,76,815","18,68,40,64,255.75","3,94,048","1,73,81,287","44.59"
"ITC","EQ","21-Jul-2023","492.15","491.80","497.70","487.00","493.45","490.45","492.40","1,39,71,982","6,87,98,44,644.80","2,16,222","47,55,944","34.04"
"ITC","EQ","20-Jul-2023","478.85","479.90","493.70","476.30","491.50","492.15","487.49","2,02,50,206","9,87,18,47,183.05","2,54,892","93,15,471","46.00"
"ITC","EQ","19-Jul-2023","472.50","472.75","480.45","468.10","479.15","478.85","474.71","1,38,67,323","6,58,30,23,567.35","1,72,994","91,80,775","66.20"
"ITC","EQ","18-Jul-2023","472.35","472.55","474.20","471.00","472.65","472.50","472.53","53,52,283","2,52,90,90,691.15","1,19,303","33,16,174","61.96"
"ITC","EQ","17-Jul-2023","472.90","474.50","475.80","470.60","472.40","472.35","473.01","60,90,738","2,88,09,82,660.55","1,32,996","34,88,127","57.27"
"ITC","EQ","14-Jul-2023","472.00","473.00","475.00","471.35","473.55","472.90","473.20","50,81,391","2,40,44,96,856.15","1,19,759","30,68,683","60.39"
"ITC","EQ","13-Jul-2023","472.30","473.90","476.75","471.00","472.35","472.00","474.18","79,09,757","3,75,06,47,067.45","1,30,301","50,13,014","63.38"
"ITC","EQ","12-Jul-2023","473.15","477.75","477.75","470.45","471.95","472.30","473.43","1,23,40,934","5,84,26,14,387.90","1,51,437","78,84,835","63.89"
"ITC","EQ","11-Jul-2023","465.85","466.00","474.55","466.00","473.45","473.15","471.90","84,57,557","3,99,11,28,321.35","1,41,001","50,35,059","59.53"
"ITC","EQ","10-Jul-2023","468.40","470.00","470.90","463.70","467.00","465.85","466.83","65,21,300","3,04,43,48,299.90","1,47,782","36,79,431","56.42"
"ITC","EQ","07-Jul-2023","473.90","473.00","475.50","467.60","469.50","468.40","470.80","73,23,451","3,44,78,94,801.85","1,73,910","41,93,097","57.26"
"ITC","EQ","06-Jul-2023","475.10","477.35","477.40","470.50","474.50","473.90","473.31","94,71,054","4,48,27,01,746.30","1,77,472","46,63,299","49.24"
"ITC","EQ","05-Jul-2023","466.35","466.35","480.65","464.30","475.05","475.10","474.29","1,62,52,992","7,70,86,68,274.75","2,76,676","57,10,926","35.14"
"ITC","EQ","04-Jul-2023","463.25","465.00","468.00","459.80","465.70","466.35","463.64","77,25,081","3,58,16,20,230.10","1,40,645","31,17,589","40.36"
"ITC","EQ","03-Jul-2023","451.60","451.60","465.95","450.05","465.90","463.25","458.00","1,06,99,143","4,90,02,00,625.20","1,63,111","56,37,269","52.69"
"ITC","EQ","30-Jun-2023","449.35","450.00","451.95","446.60","451.50","451.60","450.32","91,06,074","4,10,06,91,375.60","1,55,907","54,13,178","59.45"
"ITC","EQ","28-Jun-2023","445.10","445.00","450.60","444.50","449.00","449.35","448.75","1,20,82,753","5,42,21,69,509.15","1,70,319","73,21,652","60.60"
"ITC","EQ","27-Jun-2023","445.70","446.10","447.20","443.15","445.45","445.10","444.66","48,65,596","2,16,35,49,325.65","1,04,647","28,73,797","59.06"
"ITC","EQ","26-Jun-2023","444.75","446.90","451.40","444.00","445.30","445.70","446.93","54,77,339","2,44,79,61,222.15","1,37,298","28,31,648","51.70"
"ITC","EQ","23-Jun-2023","447.65","447.50","447.65","442.70","445.10","444.75","444.73","60,90,901","2,70,88,09,798.45","1,02,419","33,36,063","54.77"
"ITC","EQ","22-Jun-2023","447.05","448.00","449.65","445.85","447.75","447.65","447.94","66,37,099","2,97,30,41,763.65","90,886","34,20,124","51.53"
"ITC","EQ","21-Jun-2023","452.85","452.00","454.20","445.05","448.00","447.05","449.14","60,59,504","2,72,15,84,526.60","1,09,801","32,02,132","52.84"
"ITC","EQ","20-Jun-2023","453.60","454.80","454.80","450.15","453.20","452.85","451.91","44,72,119","2,02,09,75,859.75","84,850","25,56,009","57.15"
"ITC","EQ","19-Jun-2023","453.10","454.75","455.90","452.25","453.75","453.60","454.31","41,89,180","1,90,31,87,370.95","67,433","19,27,471","46.01"
"ITC","EQ","16-Jun-2023","448.10","449.00","455.60","447.90","453.50","453.10","452.71","1,17,29,681","5,31,01,77,400.75","1,29,067","71,49,923","60.96"
"ITC","EQ","15-Jun-2023","444.50","445.00","448.75","444.75","448.00","448.10","447.49","74,98,727","3,35,56,07,683.80","1,21,812","34,85,346","46.48"
"ITC","EQ","14-Jun-2023","445.40","446.25","447.75","443.75","444.85","444.50","446.09","87,04,178","3,88,28,46,562.00","1,36,087","54,45,806","62.57"
"ITC","EQ","13-Jun-2023","436.95","441.00","446.40","438.30","445.90","445.40","444.37","1,61,11,860","7,15,96,22,903.40","1,54,723","86,67,685","53.80"
"ITC","EQ","12-Jun-2023","438.45","440.00","440.95","433.85","437.50","436.95","436.47","87,19,176","3,80,57,01,631.45","1,34,260","58,40,811","66.99"
"ITC","EQ","09-Jun-2023","442.90","435.15","444.70","435.15","438.95","438.45","440.39","70,57,843","3,10,82,36,555.30","1,32,621","44,28,294","62.74"
"ITC","EQ","08-Jun-2023","443.95","445.70","445.75","441.90","443.10","442.90","443.56","70,24,424","3,11,57,23,109.80","1,04,805","32,12,977","45.74"
"ITC","EQ","07-Jun-2023","442.80","444.00","445.65","442.75","444.10","443.95","444.02","75,43,432","3,34,94,31,451.45","1,06,303","35,82,238","47.49"
"ITC","EQ","06-Jun-2023","440.65","440.80","443.60","440.40","443.45","442.80","441.92","64,54,486","2,85,23,56,704.20","99,335","36,08,189","55.90"
"ITC","EQ","05-Jun-2023","443.40","445.00","446.85","440.10","441.30","440.65","442.60","71,52,179","3,16,55,34,777.75","1,14,066","39,33,997","55.00"
"ITC","EQ","02-Jun-2023","439.70","440.00","444.90","439.80","442.95","443.40","442.63","92,03,842","4,07,38,82,251.10","1,22,633","54,69,187","59.42"
"ITC","EQ","01-Jun-2023","445.50","447.00","447.00","439.00","440.10","439.70","441.70","88,03,137","3,88,83,10,387.15","1,34,912","39,16,632","44.49"
"ITC","EQ","31-May-2023","449.90","449.30","452.00","442.45","446.00","445.50","446.12","1,42,72,292","6,36,71,19,611.25","1,74,471","67,68,661","47.43"
"ITC","EQ","30-May-2023","449.10","441.00","451.45","441.00","449.95","449.90","447.84","1,89,00,002","8,46,41,37,340.70","1,56,176","96,02,606","50.81"
"ITC","EQ","29-May-2023","443.60","445.00","451.80","444.10","448.95","449.10","449.07","1,98,26,254","8,90,34,60,482.55","1,38,647","1,29,59,439","65.37"
"ITC","EQ","26-May-2023","441.15","443.40","444.75","439.50","443.95","443.60","443.04","1,29,95,706","5,75,75,73,299.45","1,00,502","91,71,830","70.58"
"ITC","EQ","25-May-2023","433.50","436.95","442.45","434.80","441.75","441.15","439.95","1,82,04,464","8,00,91,08,087.90","1,49,170","83,15,084","45.68"
"ITC","EQ","24-May-2023","429.15","428.30","434.75","427.00","434.00","433.50","431.98","1,14,79,706","4,95,89,94,968.35","1,09,453","59,13,651","51.51"
"ITC","EQ","23-May-2023","424.75","426.00","431.20","424.20","429.40","429.15","428.95","87,32,608","3,74,58,34,140.90","95,039","45,68,519","52.32"
"ITC","EQ","22-May-2023","419.85","421.95","425.75","419.10","425.10","424.75","423.44","1,54,21,680","6,53,01,06,829.00","1,14,656","1,02,63,170","66.55"
"ITC","EQ","19-May-2023","419.70","420.95","423.10","411.35","420.10","419.85","417.72","2,57,67,521","10,76,35,94,935.00","2,52,667","1,34,70,675","52.28"
"ITC","EQ","18-May-2023","427.60","430.00","432.45","418.10","418.85","419.70","423.56","2,39,95,166","10,16,32,97,449.60","1,92,911","1,16,58,722","48.59"
"ITC","EQ","17-May-2023","423.95","424.15","428.95","422.60","428.05","427.60","425.56","94,79,691","4,03,42,11,521.55","1,15,983","51,54,002","54.37"
"ITC","EQ","16-May-2023","427.80","430.00","430.00","423.50","424.45","423.95","425.66","79,94,197","3,40,28,44,838.50","1,67,923","41,98,616","52.52"
"ITC","EQ","15-May-2023","420.45","420.00","428.70","419.05","428.40","427.80","425.33","91,51,102","3,89,22,10,377.75","1,42,351","46,88,935","51.24"
"ITC","EQ","12-May-2023","420.40","420.40","422.70","416.05","420.15","420.45","419.60","1,11,35,894","4,67,25,69,928.70","1,27,862","71,81,193","64.49"
"ITC","EQ","11-May-2023","425.35","427.25","427.40","418.90","421.25","420.40","422.51","1,59,82,423","6,75,26,91,707.75","1,46,138","92,54,924","57.91"
"ITC","EQ","10-May-2023","423.80","423.95","426.35","422.20","424.60","425.35","424.44","97,54,485","4,14,02,36,476.55","1,15,461","57,83,042","59.29"
"ITC","EQ","09-May-2023","431.45","432.80","433.15","421.50","424.10","423.80","426.09","99,92,962","4,25,78,75,074.60","1,92,266","58,29,710","58.34"
"ITC","EQ","08-May-2023","428.75","431.00","433.45","429.35","432.10","431.45","431.27","72,43,636","3,12,39,94,202.10","1,10,800","43,39,729","59.91"
"ITC","EQ","05-May-2023","424.60","425.95","431.90","424.35","429.30","428.75","427.76","1,24,12,416","5,30,95,05,691.45","1,36,979","79,34,569","63.92"
"ITC","EQ","04-May-2023","427.15","425.30","427.00","424.00","424.15","424.60","424.93","79,84,933","3,39,30,21,577.85","1,41,346","50,59,501","63.36"
"ITC","EQ","03-May-2023","424.45","424.00","428.50","422.05","426.95","427.15","426.65","73,25,483","3,12,54,37,667.60","1,36,925","39,22,497","53.55"
"ITC","EQ","02-May-2023","425.55","426.00","427.00","421.20","424.80","424.45","424.29","1,02,53,527","4,35,04,56,302.45","2,35,796","61,78,688","60.26"
"ITC","EQ","28-Apr-2023","416.00","418.00","428.25","413.70","426.20","425.55","421.32","1,27,18,721","5,35,86,87,978.10","1,25,288","76,77,837","60.37"
"ITC","EQ","27-Apr-2023","412.25","412.20","417.40","411.00","416.00","416.00","415.60","1,26,14,263","5,24,24,41,962.80","1,27,117","76,90,676","60.97"
"ITC","EQ","26-Apr-2023","411.55","412.00","413.00","409.05","411.75","412.25","411.37","76,20,723","3,13,49,04,442.90","1,38,179","42,42,232","55.67"
"ITC","EQ","25-Apr-2023","408.70","408.70","413.55","407.40","411.25","411.55","411.47","88,40,188","3,63,74,39,819.45","1,21,252","47,62,036","53.87"
"ITC","EQ","24-Apr-2023","408.25","410.00","410.00","404.20","408.30","408.70","406.76","59,81,760","2,43,31,34,566.40","1,04,586","30,56,118","51.09"
"ITC","EQ","21-Apr-2023","400.30","400.30","409.00","399.05","408.00","408.25","405.70","1,42,52,204","5,78,20,74,755.15","1,43,707","75,98,233","53.31"
"ITC","EQ","20-Apr-2023","398.75","400.00","402.65","397.70","400.30","400.30","400.07","66,67,781","2,66,75,94,588.70","85,369","36,42,582","54.63"
"ITC","EQ","19-Apr-2023","398.50","396.05","401.35","396.00","398.20","398.75","399.22","97,44,202","3,89,00,59,257.20","1,16,016","40,98,858","42.06"
"ITC","EQ","18-Apr-2023","400.15","400.00","402.00","397.00","398.50","398.50","399.47","94,94,641","3,79,28,11,716.30","1,01,699","58,88,898","62.02"
"ITC","EQ","17-Apr-2023","395.60","392.90","402.00","392.90","399.90","400.15","399.65","1,10,41,243","4,41,26,51,379.85","1,33,940","57,16,976","51.78"
"ITC","EQ","13-Apr-2023","393.55","395.50","396.60","393.70","395.70","395.60","395.36","60,59,044","2,39,54,87,558.30","1,01,183","33,71,548","55.64"
"ITC","EQ","12-Apr-2023","396.00","397.75","397.80","392.10","393.95","393.55","393.94","97,47,526","3,83,99,76,788.65","1,53,023","62,54,104","64.16"
"ITC","EQ","11-Apr-2023","388.55","388.55","398.10","388.00","396.00","396.00","394.80","1,82,37,451","7,20,00,71,922.80","1,71,305","1,11,82,030","61.31"
"ITC","EQ","10-Apr-2023","387.35","387.35","390.00","384.75","388.00","388.55","388.13","67,83,022","2,63,27,13,042.55","1,10,021","33,58,283","49.51"
"ITC","EQ","06-Apr-2023","386.40","386.65","390.30","384.20","387.50","387.35","386.84","1,28,97,667","4,98,93,35,495.80","1,32,193","68,26,083","52.92"
"ITC","EQ","05-Apr-2023","378.90","378.90","387.05","378.90","387.00","386.40","384.85","1,16,08,424","4,46,75,59,164.15","1,08,671","53,65,465","46.22"
"ITC","EQ","03-Apr-2023","383.50","384.00","384.00","378.50","379.20","378.90","380.29","70,59,200","2,68,45,75,844.10","99,525","46,41,292","65.75"
"ITC","EQ","31-Mar-2023","382.75","382.00","384.50","380.00","383.20","383.50","382.81","95,11,189","3,64,09,46,510.30","1,67,654","63,09,361","66.34"
"ITC","EQ","29-Mar-2023","379.75","380.20","384.00","377.15","383.05","382.75","381.12","1,01,60,322","3,87,23,00,673.45","1,20,617","62,31,122","61.33"
"ITC","EQ","28-Mar-2023","380.20","380.20","382.35","378.15","379.75","379.75","379.78","91,70,535","3,48,27,49,738.70","1,15,524","55,28,670","60.29"
"ITC","EQ","27-Mar-2023","378.70","377.95","384.40","376.35","380.00","380.20","381.06","1,08,16,352","4,12,17,29,105.80","1,03,476","65,64,514","60.69"
"ITC","EQ","24-Mar-2023","380.65","381.50","383.00","378.00","378.90","378.70","381.12","99,34,501","3,78,62,19,400.85","81,630","68,76,733","69.22"
"ITC","EQ","23-Mar-2023","377.75","377.00","382.75","374.40","380.20","380.65","380.24","97,52,326","3,70,81,99,289.55","1,18,607","52,24,282","53.57"
"ITC","EQ","22-Mar-2023","376.95","376.95","378.85","374.20","378.25","377.75","376.67","47,74,867","1,79,85,64,206.45","73,043","27,49,412","57.58"
"ITC","EQ","21-Mar-2023","378.80","378.80","378.80","374.05","377.00","376.95","376.20","1,16,10,832","4,36,79,65,152.40","1,61,927","77,48,321","66.73"
"ITC","EQ","20-Mar-2023","375.55","373.30","379.35","372.00","378.75","378.80","375.53","1,01,22,167","3,80,11,55,257.85","1,28,572","64,90,721","64.12"
"ITC","EQ","17-Mar-2023","381.45","385.00","385.00","369.65","376.45","375.55","373.83","4,89,04,254","18,28,19,54,282.65","2,43,657","3,50,77,369","71.73"
"ITC","EQ","16-Mar-2023","379.40","380.60","382.35","376.85","381.50","381.45","379.89","1,57,10,094","5,96,80,94,056.95","1,48,108","1,22,78,731","78.16"
"ITC","EQ","15-Mar-2023","379.70","381.00","384.30","378.00","379.15","379.40","380.73","84,23,692","3,20,71,42,014.80","1,08,040","55,54,068","65.93"
"ITC","EQ","14-Mar-2023","383.65","385.70","386.45","377.20","380.25","379.70","381.62","1,02,29,766","3,90,38,72,457.50","1,22,468","66,02,037","64.54"
"ITC","EQ","13-Mar-2023","388.00","389.20","390.90","382.50","386.05","383.65","385.10","87,91,872","3,38,57,66,737.20","1,04,232","58,52,846","66.57"
"ITC","EQ","10-Mar-2023","387.50","386.95","390.20","383.50","388.20","388.00","387.99","83,62,265","3,24,44,41,247.70","1,01,617","51,12,164","61.13"
"ITC","EQ","09-Mar-2023","392.40","392.10","393.60","385.65","387.00","387.50","387.94","96,34,283","3,73,75,36,340.00","99,411","61,97,685","64.33"
"ITC","EQ","08-Mar-2023","388.15","388.00","393.15","385.10","392.00","392.40","390.02","89,17,699","3,47,81,15,878.25","1,38,776","50,95,367","57.14"
"ITC","EQ","06-Mar-2023","384.95","385.90","392.50","385.25","388.50","388.15","388.76","1,07,14,339","4,16,53,30,469.40","1,30,438","61,98,351","57.85"
"ITC","EQ","03-Mar-2023","375.55","377.00","385.40","376.10","385.30","384.95","382.31","81,80,709","3,12,75,54,879.70","1,16,737","42,19,429","51.58"
"ITC","EQ","02-Mar-2023","378.70","379.50","379.75","374.70","375.85","375.55","376.22","50,19,603","1,88,84,98,850.45","98,330","25,68,003","51.16"
"ITC","EQ","01-Mar-2023","376.70","374.25","380.40","373.60","378.60","378.70","378.58","77,66,667","2,94,03,11,888.95","1,14,616","44,19,391","56.90"
"ITC","EQ","28-Feb-2023","382.20","382.50","384.25","375.00","376.50","376.70","377.55","1,63,67,477","6,17,95,66,021.75","1,61,521","1,06,61,355","65.14"
"ITC","EQ","27-Feb-2023","385.10","385.10","386.80","378.10","382.20","382.20","381.68","81,42,319","3,10,77,56,123.45","1,22,227","39,28,450","48.25"
"ITC","EQ","24-Feb-2023","387.60","389.00","389.00","381.00","385.25","385.10","384.56","1,29,10,220","4,96,47,54,019.45","1,18,753","76,27,154","59.08"
"ITC","EQ","23-Feb-2023","383.85","384.45","394.00","383.10","387.40","387.60","389.74","1,88,30,592","7,33,91,08,176.85","2,18,500","88,23,649","46.86"
"ITC","EQ","22-Feb-2023","382.25","382.00","384.90","380.00","384.15","383.85","383.28","89,61,077","3,43,46,25,178.35","99,507","48,05,723","53.63"
"ITC","EQ","21-Feb-2023","384.05","385.00","385.90","381.70","383.00","382.25","384.08","82,59,574","3,17,23,25,586.55","88,576","49,51,755","59.95"
"ITC","EQ","20-Feb-2023","383.40","384.70","387.50","381.30","383.90","384.05","384.12","78,04,976","2,99,80,18,760.35","1,02,345","34,00,621","43.57"
"ITC","EQ","17-Feb-2023","382.55","381.05","384.55","379.25","383.30","383.40","382.91","76,72,135","2,93,77,49,082.60","93,699","41,14,314","53.63"
"ITC","EQ","16-Feb-2023","382.20","382.00","385.25","381.00","382.00","382.55","383.66","97,75,280","3,75,04,25,749.60","1,19,906","58,41,367","59.76"
"ITC","EQ","15-Feb-2023","386.45","381.75","382.85","378.55","382.10","382.20","380.58","1,22,09,350","4,64,66,31,940.25","1,32,308","62,29,280","51.02"
"ITC","EQ","14-Feb-2023","374.20","375.00","387.65","373.75","385.95","386.45","383.62","2,91,25,052","11,17,28,25,493.75","2,40,562","1,51,47,893","52.01"
"ITC","EQ","13-Feb-2023","371.35","373.00","375.15","370.00","374.10","374.20","372.74","99,01,148","3,69,05,48,355.70","1,10,887","59,78,014","60.38"
"ITC","EQ","10-Feb-2023","374.25","372.20","376.95","370.30","371.20","371.35","372.27","1,02,78,597","3,82,63,70,636.70","1,01,423","66,98,230","65.17"
"ITC","EQ","09-Feb-2023","375.55","374.00","380.00","372.15","374.80","374.25","375.49","1,18,61,196","4,45,38,08,751.90","1,47,407","65,97,115","55.62"
"ITC","EQ","08-Feb-2023","373.25","374.75","377.30","371.55","374.55","375.55","375.12","1,04,20,462","3,90,89,64,512.10","1,25,965","53,23,532","51.09"
"ITC","EQ","07-Feb-2023","383.40","383.90","383.90","368.45","373.40","373.25","373.66","2,06,43,707","7,71,37,64,922.45","2,96,046","1,01,83,033","49.33"
"ITC","EQ","06-Feb-2023","380.65","382.50","388.20","379.60","383.50","383.40","384.59","2,57,90,153","9,91,86,27,583.65","2,45,965","1,33,87,419","51.91"
"ITC","EQ","03-Feb-2023","378.60","381.90","382.25","372.00","380.70","380.65","378.53","2,22,95,321","8,43,94,63,829.40","2,36,606","97,38,500","43.68"
"ITC","EQ","02-Feb-2023","361.40","361.60","384.70","360.40","378.80","378.60","376.87","5,57,45,171","21,00,85,22,194.10","4,04,278","2,64,56,337","47.46"
"ITC","EQ","01-Feb-2023","352.35","353.00","365.70","329.10","359.60","361.40","353.75","6,45,18,967","22,82,38,21,017.55","4,97,986","2,46,06,119","38.14"
"ITC","EQ","31-Jan-2023","344.80","346.00","355.00","341.05","352.60","352.35","348.73","1,71,34,291","5,97,52,79,655.05","2,07,015","1,12,39,709","65.60"
"ITC","EQ","30-Jan-2023","346.00","346.90","351.75","341.85","343.80","344.80","347.04","1,40,91,519","4,89,02,59,651.00","1,59,810","83,86,531","59.51"
"ITC","EQ","27-Jan-2023","339.25","341.80","348.85","341.50","345.50","346.00","345.50","2,10,40,139","7,26,92,87,174.45","1,98,362","1,22,47,433","58.21"
"ITC","EQ","25-Jan-2023","338.95","338.90","341.00","335.25","340.00","339.25","338.13","1,24,97,542","4,22,58,48,770.85","1,15,825","84,04,380","67.25"
"ITC","EQ","24-Jan-2023","337.75","337.80","340.75","337.60","338.90","338.95","339.02","1,23,02,874","4,17,08,78,392.80","1,23,629","91,27,402","74.19"
"ITC","EQ","23-Jan-2023","334.60","336.00","338.15","333.05","337.60","337.75","336.68","71,24,807","2,39,88,12,192.75","75,270","45,56,499","63.95"
"ITC","EQ","20-Jan-2023","332.15","332.00","335.20","329.25","334.45","334.60","332.68","1,31,03,664","4,35,92,76,710.60","1,04,023","97,44,145","74.36"
"ITC","EQ","19-Jan-2023","334.65","334.00","335.65","331.65","332.00","332.15","333.21","83,46,130","2,78,10,00,519.70","1,03,560","60,21,233","72.14"
"ITC","EQ","18-Jan-2023","332.25","334.00","336.55","332.40","335.10","334.65","334.37","1,25,55,527","4,19,81,30,682.45","1,47,165","88,10,510","70.17"
"ITC","EQ","17-Jan-2023","330.20","330.20","333.50","329.10","332.00","332.25","331.64","1,37,12,537","4,54,76,71,024.50","93,294","99,88,409","72.84"
"ITC","EQ","16-Jan-2023","328.75","330.35","332.20","327.55","330.20","330.20","329.11","82,53,942","2,71,64,69,420.90","78,391","56,24,245","68.14"
"ITC","EQ","13-Jan-2023","329.85","329.85","332.25","326.40","329.10","328.75","329.58","1,44,12,671","4,75,01,57,893.90","1,20,029","1,01,00,746","70.08"
"ITC","EQ","12-Jan-2023","331.80","333.40","333.60","328.10","329.50","329.85","329.95","66,38,422","2,19,03,37,446.10","1,39,430","42,98,493","64.75"
"ITC","EQ","11-Jan-2023","333.40","335.10","335.10","331.30","332.10","331.80","332.82","45,84,293","1,52,57,45,889.65","91,438","28,20,911","61.53"
"ITC","EQ","10-Jan-2023","338.05","337.90","338.40","332.55","333.70","333.40","333.83","69,49,605","2,31,99,78,392.15","95,343","44,37,313","63.85"
"ITC","EQ","09-Jan-2023","335.05","336.95","341.30","336.15","337.40","338.05","338.82","1,06,18,786","3,59,78,12,675.95","1,47,547","66,71,695","62.83"
"ITC","EQ","06-Jan-2023","333.45","334.70","337.55","333.10","335.00","335.05","335.48","82,84,135","2,77,91,24,776.80","1,15,819","43,25,749","52.22"
"ITC","EQ","05-Jan-2023","327.00","328.65","333.90","328.20","333.60","333.45","332.20","81,71,437","2,71,45,47,327.40","1,34,902","46,60,291","57.03"
"ITC","EQ","04-Jan-2023","331.10","331.85","332.50","326.00","326.60","327.00","327.48","66,89,769","2,19,07,48,946.45","1,55,935","38,30,059","57.25"
"ITC","EQ","03-Jan-2023","332.85","331.50","333.35","330.25","331.20","331.10","331.36","59,97,051","1,98,71,85,279.40","1,03,134","36,44,861","60.78"
"ITC","EQ","02-Jan-2023","331.55","330.90","334.00","329.65","332.80","332.85","332.25","59,51,893","1,97,75,34,074.25","1,39,495","32,39,874","54.43"