"Symbol  ","Series  ","Date  ","Prev Close  ","Open Price  ","High Price  ","Low Price  ","Last Price  ","Close Price  ","Average Price ","Total Traded Quantity  ","Turnover ₹  ","No. of Trades  ","Deliverable Qty  ","% Dly Qt to Traded Qty  "
"TATASTEEL","EQ","31-Dec-2025","175.80","180.00","181.40","178.50","179.93","180.08","180.10","5,08,97,201","9,16,63,55,732.62","3,94,423","2,19,78,807","43.18"
"TATASTEEL","EQ","30-Dec-2025","172.30","172.78","176.35","170.80","175.68","175.80","174.36","3,37,41,158","5,88,31,71,811.78","2,11,409","1,66,16,438","49.25"
"TATASTEEL","EQ","29-Dec-2025","169.12","169.51","174.13","169.29","172.30","172.30","172.74","4,80,01,907","8,29,16,44,748.20","2,01,065","2,12,53,973","44.28"
"TATASTEEL","EQ","26-Dec-2025","170.07","169.89","169.90","167.82","169.05","169.12","168.71","1,69,04,834","2,85,20,49,160.84","1,14,915","86,87,681","51.39"
"TATASTEEL","EQ","24-Dec-2025","170.90","171.35","171.65","169.67","169.89","170.07","170.67","1,74,30,406","2,97,48,33,228.87","1,00,506","90,45,171","51.89"
"TATASTEEL","EQ","23-Dec-2025","169.22","169.35","171.35","169.25","170.82","170.90","170.54","1,73,48,078","2,95,85,38,412.04","1,29,321","84,28,408","48.58"
"TATASTEEL","EQ","22-Dec-2025","168.69","169.04","171.46","169.00","169.06","169.22","170.00","2,37,29,300","4,03,40,06,284.29","1,68,942","1,38,79,916","58.49"
"TATASTEEL","EQ","19-Dec-2025","168.12","169.15","169.62","167.83","168.80","168.69","168.60","2,84,48,892","4,79,64,27,579.50","1,45,333","1,86,61,663","65.60"
"TATASTEEL","EQ","18-Dec-2025","170.34","169.92","170.45","167.56","167.95","168.12","169.05","1,31,52,378","2,22,33,52,193.86","1,29,480","51,33,368","39.03"
"TATASTEEL","EQ","17-Dec-2025","169.83","170.09","171.30","169.66","170.29","170.34","170.28","1,16,24,504","1,97,93,64,368.97","1,33,540","49,19,924","42.32"
"TATASTEEL","EQ","16-Dec-2025","172.87","172.70","172.70","169.25","169.80","169.83","170.21","2,29,81,935","3,91,18,60,834.36","2,03,504","1,27,81,669","55.62"
"TATASTEEL","EQ","15-Dec-2025","171.89","170.95","173.17","170.50","172.70","172.87","172.45","2,32,54,201","4,01,02,73,717.67","2,50,886","1,33,84,696","57.56"
"TATASTEEL","EQ","12-Dec-2025","166.38","167.60","172.50","167.40","172.00","171.89","170.70","4,11,30,927","7,02,09,42,884.67","3,31,595","1,88,00,043","45.71"
"TATASTEEL","EQ","11-Dec-2025","162.23","163.50","166.66","163.17","166.40","166.38","164.96","3,26,03,566","5,37,82,33,256.81","1,75,721","1,19,17,082","36.55"
"TATASTEEL","EQ","10-Dec-2025","160.67","161.00","163.68","160.81","162.00","162.23","162.27","2,25,37,548","3,65,72,31,933.78","1,99,408","99,01,031","43.93"
"TATASTEEL","EQ","09-Dec-2025","163.47","163.39","163.39","160.06","160.99","160.67","161.41","2,57,66,371","4,15,89,39,007.31","2,06,014","1,34,24,036","52.10"
"TATASTEEL","EQ","08-Dec-2025","167.11","167.09","168.20","163.00","163.50","163.47","164.74","1,57,72,400","2,59,83,40,828.31","1,43,653","76,53,559","48.53"
"TATASTEEL","EQ","05-Dec-2025","166.77","167.00","167.65","165.00","167.39","167.11","165.82","3,35,00,436","5,55,50,23,660.21","1,19,942","2,22,76,386","66.50"
"TATASTEEL","EQ","04-Dec-2025","166.92","167.80","167.97","166.20","166.90","166.77","166.93","1,14,19,966","1,90,63,90,648.70","1,22,230","51,04,436","44.70"
"TATASTEEL","EQ","03-Dec-2025","167.78","167.78","167.99","165.00","166.85","166.92","166.32","1,88,73,943","3,13,91,82,867.65","1,44,843","91,04,610","48.24"
"TATASTEEL","EQ","02-Dec-2025","168.63","168.43","168.85","167.00","167.89","167.78","167.80","1,53,55,023","2,57,65,40,329.95","1,54,239","82,43,744","53.69"
"TATASTEEL","EQ","01-Dec-2025","167.96","169.00","169.65","167.70","168.60","168.63","168.56","1,17,58,473","1,98,19,77,612.27","1,22,675","54,75,408","46.57"
"TATASTEEL","EQ","28-Nov-2025","168.13","168.13","169.00","167.29","168.14","167.96","168.06","1,19,75,539","2,01,26,26,665.65","1,07,176","64,89,176","54.19"
"TATASTEEL","EQ","27-Nov-2025","169.67","170.45","171.00","167.18","168.10","168.13","168.71","1,75,46,627","2,96,02,71,021.31","1,29,556","75,83,833","43.22"
"TATASTEEL","EQ","26-Nov-2025","166.33","167.00","169.95","166.90","169.59","169.67","169.26","1,50,44,796","2,54,64,29,211.91","1,08,996","54,21,115","36.03"
"TATASTEEL","EQ","25-Nov-2025","165.36","166.00","167.27","165.08","166.16","166.33","166.29","1,99,83,310","3,32,29,47,224.57","1,48,206","96,83,306","48.46"
"TATASTEEL","EQ","24-Nov-2025","168.00","168.00","168.38","165.18","165.50","165.36","166.04","3,12,02,769","5,18,08,90,017.52","1,33,342","2,14,87,853","68.87"
"TATASTEEL","EQ","21-Nov-2025","172.46","171.80","171.90","167.70","168.00","168.00","169.39","2,84,12,865","4,81,29,79,005.91","1,43,970","1,51,42,035","53.29"
"TATASTEEL","EQ","20-Nov-2025","173.21","174.10","174.36","172.26","172.40","172.46","172.93","1,59,68,891","2,76,15,58,163.58","1,20,735","76,53,182","47.93"
"TATASTEEL","EQ","19-Nov-2025","172.45","172.45","173.90","172.06","173.20","173.21","173.00","1,96,21,610","3,39,46,14,826.66","1,14,117","90,27,485","46.01"
"TATASTEEL","EQ","18-Nov-2025","173.17","172.40","173.12","170.55","172.44","172.45","171.82","3,42,78,387","5,88,97,58,002.57","1,26,450","1,88,62,691","55.03"
"TATASTEEL","EQ","17-Nov-2025","174.26","175.13","175.25","172.62","173.40","173.17","173.36","2,82,04,282","4,88,95,08,467.17","1,51,929","1,43,70,278","50.95"
"TATASTEEL","EQ","14-Nov-2025","176.65","177.52","177.70","172.12","174.00","174.26","173.94","3,83,45,500","6,66,99,35,058.64","2,13,625","1,72,28,177","44.93"
"TATASTEEL","EQ","13-Nov-2025","178.61","184.00","184.00","175.10","176.55","176.65","179.35","8,20,83,661","14,72,20,85,938.16","3,02,852","2,07,52,557","25.28"
"TATASTEEL","EQ","12-Nov-2025","181.04","181.44","182.15","178.00","178.70","178.61","179.57","1,90,37,263","3,41,85,08,992.03","1,43,638","94,95,175","49.88"
"TATASTEEL","EQ","11-Nov-2025","181.48","182.90","182.90","179.02","181.10","181.04","180.70","1,41,09,340","2,54,96,26,090.32","1,21,889","49,87,091","35.35"
"TATASTEEL","EQ","10-Nov-2025","181.37","182.03","182.51","180.20","181.50","181.48","181.48","1,83,76,132","3,33,49,29,236.83","1,48,991","87,47,877","47.60"
"TATASTEEL","EQ","07-Nov-2025","177.27","177.00","182.25","175.01","181.50","181.37","179.19","1,91,65,876","3,43,44,11,842.58","1,23,190","64,93,130","33.88"
"TATASTEEL","EQ","06-Nov-2025","179.29","179.29","180.67","176.52","177.35","177.27","177.84","2,36,64,538","4,20,84,79,735.84","1,89,659","1,41,15,355","59.65"
"TATASTEEL","EQ","04-Nov-2025","182.67","183.00","183.09","178.90","179.35","179.29","180.22","1,87,46,387","3,37,84,20,599.57","1,29,742","1,04,81,402","55.91"
"TATASTEEL","EQ","03-Nov-2025","182.84","182.40","184.10","181.80","182.70","182.67","182.88","1,66,52,212","3,04,53,92,729.64","1,30,699","74,07,669","44.48"
"TATASTEEL","EQ","31-Oct-2025","184.35","184.00","184.30","182.12","182.90","182.84","183.02","1,60,41,321","2,93,59,57,168.59","1,35,184","84,05,287","52.40"
"TATASTEEL","EQ","30-Oct-2025","185.19","184.40","185.19","182.64","184.45","184.35","183.46","2,42,70,977","4,45,28,35,993.47","1,74,110","1,17,11,959","48.25"
"TATASTEEL","EQ","29-Oct-2025","181.81","183.67","186.94","182.05","185.00","185.19","185.23","5,16,10,530","9,56,00,13,023.60","2,76,781","2,15,51,393","41.76"
"TATASTEEL","EQ","28-Oct-2025","176.66","177.35","182.06","177.02","181.65","181.81","180.69","5,95,11,794","10,75,32,71,781.54","3,00,108","2,41,71,239","40.62"
"TATASTEEL","EQ","27-Oct-2025","174.44","175.89","177.90","175.53","176.61","176.66","176.83","2,38,32,477","4,21,42,08,147.16","1,45,635","1,16,30,377","48.80"
"TATASTEEL","EQ","24-Oct-2025","174.16","174.60","177.35","173.72","174.42","174.44","175.14","2,52,26,376","4,41,82,05,824.99","1,31,563","1,11,95,903","44.38"
"TATASTEEL","EQ","23-Oct-2025","172.78","173.90","176.08","173.64","174.00","174.16","174.74","3,14,72,510","5,49,94,40,199.34","1,71,010","1,86,75,222","59.34"
"TATASTEEL","EQ","21-Oct-2025","171.95","172.40","173.25","172.10","172.68","172.78","172.75","24,71,987","42,70,27,255.19","34,539","9,90,631","40.08"
"TATASTEEL","EQ","20-Oct-2025","172.22","173.30","173.30","170.82","172.10","171.95","171.89","1,80,49,579","3,10,24,52,657.10","1,23,559","88,97,043","49.29"
"TATASTEEL","EQ","17-Oct-2025","174.00","173.60","174.31","170.99","171.50","172.22","172.40","2,16,59,007","3,73,40,59,297.06","1,15,444","1,07,82,116","49.78"
"TATASTEEL","EQ","16-Oct-2025","173.24","173.00","174.49","172.22","173.60","174.00","173.52","1,22,05,250","2,11,78,51,922.07","1,10,540","58,83,692","48.21"
"TATASTEEL","EQ","15-Oct-2025","170.51","170.83","174.00","170.11","173.00","173.24","172.92","1,50,31,989","2,59,93,42,035.68","1,12,418","68,66,110","45.68"
"TATASTEEL","EQ","14-Oct-2025","173.03","174.91","176.45","169.25","169.32","170.51","171.78","2,20,82,970","3,79,34,85,094.01","1,48,175","82,22,019","37.23"
"TATASTEEL","EQ","13-Oct-2025","173.86","173.00","173.80","170.91","173.40","173.03","172.37","1,93,86,219","3,34,15,08,151.04","1,28,139","85,08,622","43.89"
"TATASTEEL","EQ","10-Oct-2025","176.42","176.00","176.14","172.90","173.85","173.86","173.77","1,80,85,975","3,14,27,70,545.50","1,21,139","67,70,235","37.43"
"TATASTEEL","EQ","09-Oct-2025","171.94","172.79","177.82","172.78","176.21","176.42","176.24","6,85,04,717","12,07,32,53,375.17","3,24,604","2,71,36,968","39.61"
"TATASTEEL","EQ","08-Oct-2025","171.43","172.00","173.63","170.06","172.20","171.94","172.15","2,26,62,699","3,90,13,25,663.94","1,19,943","85,58,130","37.76"
"TATASTEEL","EQ","07-Oct-2025","170.06","170.40","172.20","170.40","171.50","171.43","171.36","1,91,89,843","3,28,83,88,049.36","1,01,492","88,41,673","46.07"
"TATASTEEL","EQ","06-Oct-2025","173.21","173.30","173.48","169.30","170.35","170.06","170.45","2,14,74,004","3,66,02,41,985.27","1,44,676","93,78,321","43.67"
"TATASTEEL","EQ","03-Oct-2025","167.51","168.12","174.74","168.12","173.29","173.21","173.25","5,51,72,705","9,55,88,14,164.10","2,31,073","2,30,86,597","41.84"
"TATASTEEL","EQ","01-Oct-2025","168.77","169.00","169.74","166.13","167.56","167.51","167.55","1,75,42,776","2,93,93,51,263.43","1,55,235","67,53,409","38.50"
"TATASTEEL","EQ","30-Sep-2025","168.98","169.50","170.15","168.41","169.05","168.77","169.03","2,45,53,596","4,15,02,83,055.30","1,36,022","1,37,96,676","56.19"
"TATASTEEL","EQ","29-Sep-2025","167.40","167.60","170.28","167.56","169.30","168.98","169.20","1,68,32,342","2,84,79,70,568.50","1,17,890","95,95,870","57.01"
"TATASTEEL","EQ","26-Sep-2025","172.38","172.22","173.37","167.20","167.35","167.40","169.01","2,01,57,657","3,40,68,73,943.17","1,55,844","90,67,206","44.98"
"TATASTEEL","EQ","25-Sep-2025","172.66","172.90","173.85","171.86","172.35","172.38","172.75","1,70,26,549","2,94,13,35,157.94","1,32,269","84,53,931","49.65"
"TATASTEEL","EQ","24-Sep-2025","173.29","173.16","174.44","172.38","172.70","172.66","173.43","2,01,68,891","3,49,78,09,846.07","1,69,069","95,48,377","47.34"
"TATASTEEL","EQ","23-Sep-2025","171.39","171.45","173.81","171.20","173.21","173.29","172.77","2,45,33,561","4,23,87,37,406.43","1,57,753","85,58,859","34.89"
"TATASTEEL","EQ","22-Sep-2025","171.48","170.80","172.21","170.51","171.40","171.39","171.40","2,09,70,704","3,59,42,80,078.95","1,13,244","1,17,96,809","56.25"
"TATASTEEL","EQ","19-Sep-2025","172.03","172.10","172.67","170.60","171.98","171.48","171.54","2,54,06,461","4,35,82,90,313.66","1,07,824","1,77,74,662","69.96"
"TATASTEEL","EQ","18-Sep-2025","171.36","171.46","172.20","169.81","172.09","172.03","171.40","1,64,13,388","2,81,31,85,969.57","1,13,551","70,30,183","42.83"
"TATASTEEL","EQ","17-Sep-2025","172.02","172.50","172.90","169.35","171.00","171.36","171.06","2,13,81,306","3,65,74,11,231.09","1,34,365","1,15,33,766","53.94"
"TATASTEEL","EQ","16-Sep-2025","169.23","169.39","172.27","169.02","172.00","172.02","171.30","2,66,29,438","4,56,16,76,072.33","1,94,179","1,36,56,435","51.28"
"TATASTEEL","EQ","15-Sep-2025","169.78","169.77","170.20","168.63","169.30","169.23","169.38","1,06,11,401","1,79,73,27,327.99","1,12,903","49,07,565","46.25"
"TATASTEEL","EQ","12-Sep-2025","169.41","169.60","171.00","168.63","169.58","169.78","169.67","1,21,19,036","2,05,62,18,064.83","92,691","49,90,614","41.18"
"TATASTEEL","EQ","11-Sep-2025","169.43","169.35","170.90","168.46","169.40","169.41","169.45","1,38,29,526","2,34,34,67,550.95","1,07,091","58,56,028","42.34"
"TATASTEEL","EQ","10-Sep-2025","169.15","169.19","170.73","168.75","169.35","169.43","169.65","1,31,28,306","2,22,72,31,877.32","1,27,830","59,01,259","44.95"
"TATASTEEL","EQ","09-Sep-2025","168.82","169.30","169.72","167.99","169.45","169.15","168.83","1,40,28,910","2,36,85,38,301.06","1,12,356","62,58,999","44.62"
"TATASTEEL","EQ","08-Sep-2025","167.68","170.00","172.50","168.46","168.85","168.82","170.90","3,64,02,317","6,22,10,67,174.56","2,54,251","1,30,70,014","35.90"
"TATASTEEL","EQ","05-Sep-2025","166.81","167.00","168.00","165.94","167.80","167.68","167.03","1,67,98,170","2,80,58,13,958.21","1,60,936","86,18,329","51.31"
"TATASTEEL","EQ","04-Sep-2025","167.85","169.00","169.30","166.62","166.70","166.81","167.24","2,63,16,842","4,40,12,13,165.94","1,99,237","1,21,23,700","46.07"
"TATASTEEL","EQ","03-Sep-2025","158.39","158.40","168.00","158.40","167.83","167.85","165.43","8,23,52,014","13,62,36,59,440.32","4,22,282","3,74,17,102","45.44"
"TATASTEEL","EQ","02-Sep-2025","156.17","156.17","159.07","155.50","158.45","158.39","157.92","2,12,02,113","3,34,82,55,578.36","1,53,167","1,05,47,563","49.75"
"TATASTEEL","EQ","01-Sep-2025","154.48","154.48","156.36","153.70","156.17","156.17","155.56","1,07,98,622","1,67,98,36,985.28","1,19,778","53,19,594","49.26"
"TATASTEEL","EQ","29-Aug-2025","153.63","154.50","155.10","153.05","154.50","154.48","154.39","1,69,71,859","2,62,03,18,128.23","1,34,583","98,35,646","57.95"
"TATASTEEL","EQ","28-Aug-2025","155.03","155.78","155.87","153.16","154.17","153.63","154.13","2,22,69,875","3,43,25,03,613.00","1,22,402","1,24,87,681","56.07"
"TATASTEEL","EQ","26-Aug-2025","159.63","159.16","159.16","154.64","155.05","155.03","156.04","1,96,21,100","3,06,15,87,758.38","1,14,429","1,00,07,188","51.00"
"TATASTEEL","EQ","25-Aug-2025","158.55","159.20","160.33","158.64","159.65","159.63","159.62","1,63,76,542","2,61,40,49,036.29","1,04,963","93,44,185","57.06"
"TATASTEEL","EQ","22-Aug-2025","161.51","161.25","161.28","158.10","158.30","158.55","159.76","1,60,63,984","2,56,64,38,480.54","1,18,594","96,08,612","59.81"
"TATASTEEL","EQ","21-Aug-2025","161.92","161.92","162.54","161.19","161.29","161.51","161.86","1,72,82,594","2,79,72,93,208.19","1,88,647","94,76,736","54.83"
"TATASTEEL","EQ","20-Aug-2025","159.23","158.20","162.76","158.03","161.77","161.92","161.13","2,85,20,245","4,59,54,21,094.45","1,75,151","1,36,88,834","48.00"
"TATASTEEL","EQ","19-Aug-2025","157.96","158.50","159.46","156.76","159.20","159.23","158.52","2,12,24,239","3,36,43,66,794.33","1,28,791","1,08,38,431","51.07"
"TATASTEEL","EQ","18-Aug-2025","155.30","158.00","159.00","156.00","157.97","157.96","157.44","6,10,22,494","9,60,71,64,180.05","1,41,423","3,90,27,086","63.96"
"TATASTEEL","EQ","14-Aug-2025","160.18","160.02","160.60","154.83","155.68","155.30","156.57","4,72,56,126","7,39,89,80,151.67","1,83,512","2,98,43,274","63.15"
"TATASTEEL","EQ","13-Aug-2025","160.16","160.96","162.40","159.90","160.35","160.18","161.07","1,80,79,396","2,91,19,76,062.73","1,17,633","81,15,084","44.89"
"TATASTEEL","EQ","12-Aug-2025","158.52","158.52","161.65","158.50","160.13","160.16","160.62","2,00,56,598","3,22,15,39,927.51","1,33,490","71,11,731","35.46"
"TATASTEEL","EQ","11-Aug-2025","157.95","157.95","160.00","157.15","158.50","158.52","158.16","1,43,25,736","2,26,57,29,580.40","1,16,920","70,01,792","48.88"
"TATASTEEL","EQ","08-Aug-2025","159.67","159.50","159.95","157.01","158.25","157.95","158.22","1,19,51,173","1,89,08,59,315.71","1,04,268","44,90,526","37.57"
"TATASTEEL","EQ","07-Aug-2025","158.66","157.15","160.00","156.26","159.83","159.67","157.92","2,31,59,540","3,65,74,21,986.21","1,90,119","1,28,73,255","55.59"
"TATASTEEL","EQ","06-Aug-2025","159.62","159.62","159.80","157.80","158.70","158.66","158.59","1,34,38,851","2,13,12,11,060.17","2,19,272","69,59,820","51.79"
"TATASTEEL","EQ","05-Aug-2025","159.56","159.56","160.14","158.28","159.45","159.62","159.39","1,44,41,034","2,30,17,32,501.24","1,65,331","63,12,316","43.71"
"TATASTEEL","EQ","04-Aug-2025","153.01","153.50","159.92","153.50","159.25","159.56","158.06","3,00,64,719","4,75,19,62,110.35","2,00,990","1,07,85,153","35.87"
"TATASTEEL","EQ","01-Aug-2025","157.94","157.93","157.93","152.51","153.00","153.01","154.24","2,39,27,359","3,69,05,81,798.45","1,83,972","98,90,627","41.34"
"TATASTEEL","EQ","31-Jul-2025","161.36","161.00","162.13","156.56","157.30","157.94","160.15","2,62,13,891","4,19,81,75,446.12","1,55,822","84,63,894","32.29"
"TATASTEEL","EQ","30-Jul-2025","161.69","161.69","162.79","161.05","161.30","161.36","161.74","1,60,83,106","2,60,12,44,577.73","90,693","90,54,364","56.30"
"TATASTEEL","EQ","29-Jul-2025","159.68","158.20","162.45","158.20","162.22","161.69","160.78","1,52,62,937","2,45,39,35,250.07","95,240","63,76,395","41.78"
"TATASTEEL","EQ","28-Jul-2025","161.43","161.23","162.29","159.09","159.34","159.68","160.51","1,92,96,285","3,09,72,28,521.77","2,20,177","1,10,44,520","57.24"
"TATASTEEL","EQ","25-Jul-2025","163.48","163.50","163.59","161.05","161.51","161.43","161.79","1,24,43,495","2,01,31,77,001.53","1,40,857","47,98,378","38.56"
"TATASTEEL","EQ","24-Jul-2025","162.77","163.00","164.75","162.81","163.60","163.48","163.70","1,43,77,270","2,35,34,90,655.47","1,17,000","65,30,162","45.42"
"TATASTEEL","EQ","23-Jul-2025","163.04","163.25","164.14","161.88","162.51","162.77","163.02","1,42,87,149","2,32,90,66,721.33","1,22,780","66,79,262","46.75"
"TATASTEEL","EQ","22-Jul-2025","163.02","163.30","164.41","162.73","162.97","163.04","163.59","1,36,15,524","2,22,72,99,724.19","1,35,609","67,16,313","49.33"
"TATASTEEL","EQ","21-Jul-2025","162.37","162.50","165.60","162.49","163.18","163.02","163.66","2,98,12,899","4,87,91,17,483.09","1,74,007","1,30,51,947","43.78"
"TATASTEEL","EQ","18-Jul-2025","159.90","160.10","162.75","160.10","162.50","162.37","161.77","3,07,28,478","4,97,08,71,355.15","1,73,316","1,42,33,294","46.32"
"TATASTEEL","EQ","17-Jul-2025","157.33","157.50","160.70","157.12","159.97","159.90","159.06","2,17,33,241","3,45,68,71,121.62","1,38,067","84,47,552","38.87"
"TATASTEEL","EQ","16-Jul-2025","159.00","159.00","159.27","157.00","157.30","157.33","157.49","1,45,91,157","2,29,79,16,076.70","1,26,421","68,05,254","46.64"
"TATASTEEL","EQ","15-Jul-2025","160.44","160.26","160.85","157.95","159.30","159.00","159.12","1,79,93,051","2,86,29,95,009.50","1,10,529","77,20,952","42.91"
"TATASTEEL","EQ","14-Jul-2025","159.84","159.84","161.12","159.30","160.25","160.44","160.23","1,51,52,964","2,42,79,12,916.42","1,46,442","74,13,714","48.93"
"TATASTEEL","EQ","11-Jul-2025","160.66","160.64","161.62","159.32","159.99","159.84","160.12","2,06,89,511","3,31,27,58,884.80","1,46,555","98,98,492","47.84"
"TATASTEEL","EQ","10-Jul-2025","159.00","160.00","161.55","159.28","160.63","160.66","160.44","1,75,66,887","2,81,84,00,050.43","1,34,347","58,19,910","33.13"
"TATASTEEL","EQ","09-Jul-2025","161.97","161.95","161.95","157.51","159.20","159.00","159.15","2,98,39,077","4,74,90,12,087.28","2,16,941","1,34,80,672","45.18"
"TATASTEEL","EQ","08-Jul-2025","162.40","162.45","162.90","161.60","161.90","161.97","162.03","1,13,98,248","1,84,68,07,797.96","81,709","64,76,866","56.82"
"TATASTEEL","EQ","07-Jul-2025","163.01","163.00","163.35","160.05","162.52","162.40","162.47","1,74,69,909","2,83,82,87,843.46","1,23,250","81,07,060","46.41"
"TATASTEEL","EQ","04-Jul-2025","165.91","165.91","166.49","162.00","163.10","163.01","163.37","2,29,38,753","3,74,75,36,836.05","1,67,118","83,70,911","36.49"
"TATASTEEL","EQ","03-Jul-2025","165.88","166.00","168.78","165.21","165.55","165.91","166.97","6,05,71,824","10,11,36,75,423.24","2,47,576","2,66,63,806","44.02"
"TATASTEEL","EQ","02-Jul-2025","160.06","160.06","166.15","159.83","165.95","165.88","164.17","6,33,15,210","10,39,45,30,770.33","2,58,609","2,84,20,200","44.89"
"TATASTEEL","EQ","01-Jul-2025","159.76","160.01","160.44","157.73","159.80","160.06","159.30","1,78,23,415","2,83,91,98,867.00","1,38,779","72,57,790","40.72"
"TATASTEEL","EQ","30-Jun-2025","161.45","160.99","162.20","159.50","159.80","159.76","160.62","1,58,42,285","2,54,45,27,360.88","1,43,198","68,63,504","43.32"
"TATASTEEL","EQ","27-Jun-2025","160.54","161.00","163.30","160.70","161.29","161.45","162.18","3,19,89,509","5,18,80,45,925.09","1,79,054","1,45,57,136","45.51"
"TATASTEEL","EQ","26-Jun-2025","156.39","156.87","161.10","156.45","160.40","160.54","158.90","4,06,50,557","6,45,91,90,605.70","2,00,746","1,85,09,427","45.53"
"TATASTEEL","EQ","25-Jun-2025","154.79","155.90","156.90","155.51","156.33","156.39","156.25","1,82,40,433","2,84,99,80,442.59","1,15,858","95,46,028","52.33"
"TATASTEEL","EQ","24-Jun-2025","152.43","153.80","156.97","153.64","155.03","154.79","155.29","2,54,03,324","3,94,49,49,688.49","1,68,818","1,02,43,096","40.32"
"TATASTEEL","EQ","23-Jun-2025","151.97","150.50","153.30","150.48","152.35","152.43","151.85","1,70,96,676","2,59,61,69,014.17","1,07,530","81,87,151","47.89"
"TATASTEEL","EQ","20-Jun-2025","151.00","150.75","153.17","150.63","151.70","151.97","152.01","2,99,44,714","4,55,19,25,313.29","1,18,765","2,00,66,589","67.01"
"TATASTEEL","EQ","19-Jun-2025","152.11","152.00","152.45","150.50","150.51","151.00","151.16","2,01,45,922","3,04,53,43,206.89","1,62,901","98,69,383","48.99"
"TATASTEEL","EQ","18-Jun-2025","152.60","152.20","153.20","150.80","152.00","152.11","151.99","1,48,60,746","2,25,87,49,524.45","91,669","64,10,182","43.13"
"TATASTEEL","EQ","17-Jun-2025","154.17","153.81","154.89","152.35","152.58","152.60","153.42","1,67,40,382","2,56,82,77,833.38","1,12,427","80,40,981","48.03"
"TATASTEEL","EQ","16-Jun-2025","152.13","152.01","154.50","150.84","154.10","154.17","153.22","1,61,88,193","2,48,03,18,213.73","1,19,308","68,31,702","42.20"
"TATASTEEL","EQ","13-Jun-2025","152.89","149.80","152.50","149.80","152.34","152.13","151.71","2,42,77,592","3,68,32,71,732.64","1,31,667","1,23,65,343","50.93"
"TATASTEEL","EQ","12-Jun-2025","156.41","156.00","156.26","151.85","152.60","152.89","153.46","2,78,46,151","4,27,33,15,865.00","1,65,106","1,42,24,462","51.08"
"TATASTEEL","EQ","11-Jun-2025","155.68","156.45","157.53","155.31","156.09","156.41","156.54","1,76,05,668","2,75,59,81,215.78","1,07,872","62,00,493","35.22"
"TATASTEEL","EQ","10-Jun-2025","157.32","158.00","159.30","155.50","155.65","155.68","156.87","2,27,64,080","3,57,09,61,629.98","1,32,605","99,36,816","43.65"
"TATASTEEL","EQ","09-Jun-2025","157.49","157.69","158.20","156.82","157.30","157.32","157.52","1,53,15,437","2,41,24,61,355.70","1,27,577","69,22,150","45.20"
"TATASTEEL","EQ","06-Jun-2025","157.97","155.70","157.88","154.25","157.55","157.49","156.38","2,58,04,151","4,03,52,14,926.14","1,33,400","96,15,928","37.27"
"TATASTEEL","EQ","05-Jun-2025","158.18","158.86","159.09","157.05","158.05","157.97","157.93","2,37,08,504","3,74,43,25,538.10","1,22,241","1,26,33,200","53.29"
"TATASTEEL","EQ","04-Jun-2025","157.35","157.50","158.98","156.81","158.40","158.18","158.01","1,66,60,138","2,63,25,49,264.24","1,29,263","88,56,355","53.16"
"TATASTEEL","EQ","03-Jun-2025","159.04","159.04","160.65","157.17","157.39","157.35","158.36","2,83,98,746","4,49,71,79,711.39","1,56,056","1,66,61,984","58.67"
"TATASTEEL","EQ","02-Jun-2025","161.02","159.00","160.12","157.30","159.12","159.04","158.87","3,13,65,564","4,98,30,82,554.34","1,69,213","1,60,69,335","51.23"
"TATASTEEL","EQ","30-May-2025","163.12","163.11","163.89","160.51","161.00","161.02","161.30","3,27,39,340","5,28,07,69,846.88","1,51,091","2,04,34,630","62.42"
"TATASTEEL","EQ","29-May-2025","161.24","162.19","163.95","161.50","163.15","163.12","162.87","2,64,55,081","4,30,87,11,010.73","1,92,455","1,12,32,275","42.46"
"TATASTEEL","EQ","28-May-2025","161.66","162.40","162.69","160.65","161.06","161.24","161.30","1,30,44,476","2,10,40,98,511.17","91,891","46,15,303","35.38"
"TATASTEEL","EQ","27-May-2025","162.51","162.51","163.90","160.62","161.76","161.66","162.06","2,32,96,776","3,77,55,35,758.64","1,77,933","82,26,302","35.31"
"TATASTEEL","EQ","26-May-2025","162.97","163.10","165.55","162.05","162.37","162.51","163.34","2,55,81,584","4,17,85,34,087.15","1,64,313","87,12,332","34.06"
"TATASTEEL","EQ","23-May-2025","161.29","161.60","163.53","161.50","163.10","162.97","162.62","2,94,83,665","4,79,46,11,681.16","1,83,753","1,69,43,736","57.47"
"TATASTEEL","EQ","22-May-2025","161.64","160.98","163.60","160.36","161.50","161.29","162.03","6,07,15,453","9,83,76,42,663.43","2,62,828","3,53,37,633","58.20"
"TATASTEEL","EQ","21-May-2025","158.69","159.45","161.85","158.53","161.75","161.64","160.74","3,60,44,599","5,79,36,34,967.30","2,21,401","1,87,69,866","52.07"
"TATASTEEL","EQ","20-May-2025","157.57","158.35","162.10","158.00","159.59","158.69","159.87","5,80,61,639","9,28,25,78,000.22","2,71,597","2,47,53,673","42.63"
"TATASTEEL","EQ","19-May-2025","157.55","158.00","158.14","156.13","157.25","157.57","157.15","2,18,39,582","3,43,21,07,324.54","1,38,964","1,01,30,837","46.39"
"TATASTEEL","EQ","16-May-2025","157.35","157.35","158.15","157.00","157.40","157.55","157.53","2,28,84,754","3,60,49,83,002.25","1,62,033","99,99,932","43.70"
"TATASTEEL","EQ","15-May-2025","155.31","155.50","157.84","154.30","157.19","157.35","156.79","5,70,66,105","8,94,72,11,738.95","2,73,956","2,45,48,816","43.02"
"TATASTEEL","EQ","14-May-2025","149.43","151.00","157.15","151.00","155.30","155.31","155.49","6,00,02,060","9,33,00,07,517.78","2,90,806","1,91,13,978","31.86"
"TATASTEEL","EQ","13-May-2025","151.63","152.00","152.99","149.01","149.60","149.43","150.33","5,43,89,876","8,17,64,31,830.42","2,66,505","2,15,14,956","39.56"
"TATASTEEL","EQ","12-May-2025","142.78","145.61","151.95","144.50","150.95","151.63","149.79","4,70,87,413","7,05,33,42,672.26","2,33,295","2,00,20,085","42.52"
"TATASTEEL","EQ","09-May-2025","143.67","140.99","143.27","140.51","142.80","142.78","142.22","2,18,75,453","3,11,10,85,069.45","1,45,961","71,77,063","32.81"
"TATASTEEL","EQ","08-May-2025","146.00","146.00","146.66","142.85","143.28","143.67","144.24","2,96,87,927","4,28,22,62,715.18","1,54,433","1,50,40,709","50.66"
"TATASTEEL","EQ","07-May-2025","144.44","142.20","146.95","142.20","145.70","146.00","145.11","3,46,74,594","5,03,17,39,767.38","1,92,575","1,32,31,478","38.16"
"TATASTEEL","EQ","06-May-2025","142.08","142.08","145.40","141.54","144.03","144.44","143.99","4,26,58,262","6,14,23,62,668.10","2,30,798","1,48,84,708","34.89"
"TATASTEEL","EQ","05-May-2025","141.18","141.57","142.70","141.20","142.10","142.08","142.08","1,72,13,477","2,44,56,79,467.61","1,10,720","75,28,731","43.74"
"TATASTEEL","EQ","02-May-2025","140.08","140.00","143.10","139.45","141.01","141.18","141.52","3,48,52,288","4,93,23,73,274.49","2,13,141","1,44,99,226","41.60"
"TATASTEEL","EQ","30-Apr-2025","141.50","141.45","141.56","138.00","139.56","140.08","140.63","2,92,05,042","4,10,72,41,617.98","1,49,767","1,31,55,765","45.05"
"TATASTEEL","EQ","29-Apr-2025","142.07","142.07","143.30","140.92","141.56","141.50","141.93","2,57,58,449","3,65,59,94,014.18","1,62,820","85,94,256","33.36"
"TATASTEEL","EQ","28-Apr-2025","138.85","138.54","142.60","138.38","141.99","142.07","141.25","2,69,71,589","3,80,96,14,109.69","1,60,043","1,00,27,777","37.18"
"TATASTEEL","EQ","25-Apr-2025","141.52","142.00","143.45","138.02","138.54","138.85","139.96","3,77,64,696","5,28,56,18,336.86","1,98,899","1,37,16,788","36.32"
"TATASTEEL","EQ","24-Apr-2025","141.16","140.70","141.88","140.28","141.44","141.52","141.36","2,30,61,444","3,26,00,00,657.11","1,26,453","84,61,667","36.69"
"TATASTEEL","EQ","23-Apr-2025","138.16","139.39","141.50","137.32","140.70","141.16","139.59","3,78,51,304","5,28,34,98,279.14","2,00,342","1,42,73,704","37.71"
"TATASTEEL","EQ","22-Apr-2025","139.18","142.00","142.84","137.70","137.97","138.16","139.74","5,84,29,662","8,16,51,64,937.32","2,30,625","2,35,53,329","40.31"
"TATASTEEL","EQ","21-Apr-2025","137.14","137.65","140.30","137.05","139.50","139.18","139.08","2,65,03,486","3,68,62,12,972.38","2,07,964","86,75,738","32.73"
"TATASTEEL","EQ","17-Apr-2025","136.97","134.40","137.96","133.70","137.24","137.14","135.99","6,22,82,856","8,47,01,43,514.15","3,62,747","2,38,31,161","38.26"
"TATASTEEL","EQ","16-Apr-2025","136.41","136.41","137.60","134.62","137.10","136.97","135.86","4,26,84,087","5,79,91,67,230.47","1,96,883","1,34,53,089","31.52"
"TATASTEEL","EQ","15-Apr-2025","133.42","135.60","137.00","134.84","136.70","136.41","135.97","3,89,67,608","5,29,84,86,163.86","2,36,436","1,60,72,784","41.25"
"TATASTEEL","EQ","11-Apr-2025","127.18","134.67","134.70","130.49","133.47","133.42","133.00","7,37,06,472","9,80,30,73,537.58","3,49,444","2,50,63,106","34.00"
"TATASTEEL","EQ","09-Apr-2025","130.28","130.00","130.00","125.30","127.35","127.18","127.06","7,33,99,980","9,32,62,18,503.85","4,26,871","3,05,71,861","41.65"
"TATASTEEL","EQ","08-Apr-2025","129.48","134.89","136.20","128.02","130.05","130.28","131.06","6,89,99,181","9,04,32,62,229.44","3,60,513","2,12,70,380","30.83"
"TATASTEEL","EQ","07-Apr-2025","140.39","128.00","130.35","125.33","130.20","129.48","127.62","12,18,06,340","15,54,44,31,644.89","6,07,208","4,76,71,276","39.14"
"TATASTEEL","EQ","04-Apr-2025","153.62","152.62","152.99","140.00","140.67","140.39","143.35","8,08,46,143","11,58,95,98,417.40","4,39,854","4,33,89,776","53.67"
"TATASTEEL","EQ","03-Apr-2025","154.69","153.00","155.97","152.60","153.85","153.62","154.44","1,51,17,526","2,33,47,71,453.89","1,10,552","54,66,140","36.16"
"TATASTEEL","EQ","02-Apr-2025","153.12","154.00","156.25","152.27","154.84","154.69","154.35","2,49,77,582","3,85,52,06,531.03","1,22,844","1,08,65,755","43.50"
"TATASTEEL","EQ","01-Apr-2025","154.24","152.07","155.34","152.07","153.25","153.12","153.41","2,91,42,122","4,47,07,69,084.97","1,51,632","1,47,51,159","50.62"
"TATASTEEL","EQ","28-Mar-2025","155.42","155.38","156.91","153.37","153.98","154.24","154.50","2,45,89,315","3,79,89,35,508.26","1,05,656","1,41,47,410","57.53"
"TATASTEEL","EQ","27-Mar-2025","155.81","154.80","156.10","154.20","155.36","155.42","155.47","2,59,09,068","4,02,80,14,189.92","1,36,794","1,62,32,793","62.65"
"TATASTEEL","EQ","26-Mar-2025","156.73","156.20","157.54","155.01","155.07","155.81","156.44","2,31,82,869","3,62,67,32,598.78","1,42,138","1,42,83,560","61.61"
"TATASTEEL","EQ","25-Mar-2025","158.42","159.00","159.00","156.05","156.27","156.73","157.22","2,84,67,187","4,47,57,45,077.22","1,82,282","1,24,42,133","43.71"
"TATASTEEL","EQ","24-Mar-2025","157.28","158.00","159.00","157.11","158.29","158.42","158.42","3,09,05,773","4,89,59,84,860.52","1,54,989","1,91,64,089","62.01"
"TATASTEEL","EQ","21-Mar-2025","159.04","159.03","159.75","156.82","157.08","157.28","157.96","4,91,84,821","7,76,92,39,117.59","1,54,615","3,30,06,839","67.11"
"TATASTEEL","EQ","20-Mar-2025","158.60","160.00","160.10","156.65","159.03","159.04","158.64","3,98,89,517","6,32,80,46,698.67","1,93,466","2,26,57,432","56.80"
"TATASTEEL","EQ","19-Mar-2025","154.66","156.80","159.20","156.50","158.54","158.60","158.11","6,61,61,413","10,46,08,45,185.47","3,62,436","4,09,44,691","61.89"
"TATASTEEL","EQ","18-Mar-2025","151.81","153.00","154.83","152.22","154.60","154.66","153.68","3,81,25,586","5,85,91,64,416.95","2,77,281","2,25,17,237","59.06"
"TATASTEEL","EQ","17-Mar-2025","150.88","151.99","152.64","150.90","152.01","151.81","151.74","3,58,79,781","5,44,44,35,545.07","1,91,938","2,12,04,636","59.10"
"TATASTEEL","EQ","13-Mar-2025","150.30","152.00","153.56","150.02","150.70","150.88","151.47","4,82,86,431","7,31,40,85,180.50","2,06,875","2,54,10,188","52.62"
"TATASTEEL","EQ","12-Mar-2025","150.75","151.00","152.28","147.70","150.28","150.30","149.75","2,63,77,549","3,95,00,05,335.92","1,52,112","98,11,597","37.20"
"TATASTEEL","EQ","11-Mar-2025","151.05","148.10","151.70","148.00","150.83","150.75","150.56","3,59,16,900","5,40,77,20,556.67","1,82,888","1,53,12,958","42.63"
"TATASTEEL","EQ","10-Mar-2025","151.56","151.56","154.24","150.41","150.65","151.05","152.25","5,44,50,331","8,29,02,75,937.58","2,72,383","2,76,75,732","50.83"
"TATASTEEL","EQ","07-Mar-2025","150.44","149.74","152.45","149.27","151.50","151.56","151.57","8,18,21,791","12,40,15,72,015.30","2,98,325","4,94,64,819","60.45"
"TATASTEEL","EQ","06-Mar-2025","146.10","146.79","152.20","146.20","149.74","150.44","149.77","7,91,21,467","11,84,98,00,824.69","3,48,979","3,87,52,788","48.98"
"TATASTEEL","EQ","05-Mar-2025","139.34","139.00","146.49","139.00","145.68","146.10","144.05","6,21,09,377","8,94,68,72,004.34","3,84,142","2,88,16,049","46.40"
"TATASTEEL","EQ","04-Mar-2025","138.57","136.15","140.94","135.81","139.29","139.34","139.13","2,86,34,645","3,98,38,76,585.13","1,73,877","94,20,679","32.90"
"TATASTEEL","EQ","03-Mar-2025","137.20","137.00","139.05","134.31","138.32","138.57","137.02","3,11,54,401","4,26,88,41,100.55","2,28,959","1,24,86,250","40.08"
"TATASTEEL","EQ","28-Feb-2025","138.69","137.80","137.80","134.06","137.16","137.20","136.23","4,55,40,594","6,20,39,16,419.27","2,70,079","2,18,50,030","47.98"
"TATASTEEL","EQ","27-Feb-2025","137.07","137.21","138.99","135.88","138.80","138.69","137.24","3,07,47,044","4,21,96,34,170.42","1,77,643","1,53,03,125","49.77"
"TATASTEEL","EQ","25-Feb-2025","137.65","138.49","139.35","136.70","137.00","137.07","137.56","2,35,75,603","3,24,30,71,564.86","2,02,741","83,61,925","35.47"
"TATASTEEL","EQ","24-Feb-2025","140.76","138.81","140.66","136.66","137.39","137.65","138.86","2,51,93,205","3,49,82,35,797.80","1,94,696","77,70,450","30.84"
"TATASTEEL","EQ","21-Feb-2025","138.04","137.91","141.60","137.15","140.60","140.76","140.19","4,19,87,785","5,88,62,50,057.98","2,58,806","1,47,67,144","35.17"
"TATASTEEL","EQ","20-Feb-2025","135.76","135.27","138.36","135.00","138.00","138.04","137.22","2,41,39,808","3,31,25,52,015.27","1,75,522","1,05,55,441","43.73"
"TATASTEEL","EQ","19-Feb-2025","134.54","134.50","136.88","133.03","135.80","135.76","135.87","1,84,47,487","2,50,63,99,510.52","1,42,282","43,28,733","23.47"
"TATASTEEL","EQ","18-Feb-2025","134.29","134.29","134.90","131.75","134.16","134.54","133.31","2,39,57,576","3,19,37,39,383.77","1,44,444","88,31,890","36.86"
"TATASTEEL","EQ","17-Feb-2025","134.47","132.91","134.80","130.73","134.31","134.29","133.28","2,11,89,637","2,82,41,89,592.79","1,94,558","53,28,613","25.15"
"TATASTEEL","EQ","14-Feb-2025","136.25","136.25","139.25","133.33","134.02","134.47","135.51","4,14,69,242","5,61,95,70,218.29","2,24,745","1,31,58,571","31.73"
"TATASTEEL","EQ","13-Feb-2025","132.28","132.28","137.69","131.86","136.41","136.25","136.07","5,20,36,196","7,08,07,56,827.59","2,40,088","2,38,47,755","45.83"
"TATASTEEL","EQ","12-Feb-2025","130.11","129.35","133.29","128.31","132.25","132.28","130.91","3,79,27,696","4,96,51,12,642.36","2,19,471","1,34,53,594","35.47"
"TATASTEEL","EQ","11-Feb-2025","134.04","133.00","134.34","129.70","130.20","130.11","131.71","2,36,35,428","3,11,30,46,800.70","1,89,150","69,85,575","29.56"
"TATASTEEL","EQ","10-Feb-2025","138.31","138.10","138.10","133.00","133.91","134.04","134.12","2,61,20,805","3,50,33,87,611.66","1,88,430","84,52,030","32.36"
"TATASTEEL","EQ","07-Feb-2025","132.54","133.30","138.75","132.56","138.16","138.31","136.76","5,29,50,146","7,24,16,65,875.06","2,78,840","1,54,10,196","29.10"
"TATASTEEL","EQ","06-Feb-2025","134.40","134.50","134.87","132.02","132.65","132.54","132.72","2,24,08,168","2,97,39,56,819.77","1,52,707","87,83,873","39.20"
"TATASTEEL","EQ","05-Feb-2025","133.42","133.15","135.39","133.08","134.34","134.40","134.61","1,69,58,362","2,28,28,13,794.56","1,50,442","67,73,457","39.94"
"TATASTEEL","EQ","04-Feb-2025","131.82","132.80","134.34","131.87","133.10","133.42","133.08","2,50,32,519","3,33,13,80,045.26","1,73,008","94,66,982","37.82"
"TATASTEEL","EQ","03-Feb-2025","132.97","131.29","132.51","127.81","131.52","131.82","130.02","2,77,65,357","3,61,01,21,727.84","2,17,595","1,00,31,570","36.13"
"TATASTEEL","EQ","01-Feb-2025","134.62","135.00","135.50","130.25","133.00","132.97","133.26","2,11,73,846","2,82,17,02,724.62","1,22,582","60,93,849","28.78"
"TATASTEEL","EQ","31-Jan-2025","131.12","131.12","135.00","129.93","134.90","134.62","133.62","2,66,89,228","3,56,63,38,275.87","1,70,870","94,55,216","35.43"
"TATASTEEL","EQ","30-Jan-2025","130.80","130.80","132.15","130.10","131.80","131.12","131.30","2,52,56,096","3,31,60,53,251.18","1,52,907","1,11,63,956","44.20"
"TATASTEEL","EQ","29-Jan-2025","128.62","129.00","131.34","128.55","131.00","130.80","130.49","1,66,74,706","2,17,58,73,479.85","1,51,765","49,80,978","29.87"
"TATASTEEL","EQ","28-Jan-2025","126.37","126.37","130.49","124.74","128.95","128.62","128.42","4,03,73,804","5,18,48,26,348.23","2,80,931","1,04,99,657","26.01"
"TATASTEEL","EQ","27-Jan-2025","129.74","129.02","129.45","125.74","126.55","126.37","127.93","2,46,50,571","3,15,36,38,220.92","1,92,562","79,48,419","32.24"
"TATASTEEL","EQ","24-Jan-2025","130.37","130.50","133.20","129.31","130.50","129.74","131.01","3,70,92,106","4,85,96,03,275.51","2,32,578","1,74,63,444","47.08"
"TATASTEEL","EQ","23-Jan-2025","128.92","127.85","130.75","127.70","130.65","130.37","130.01","2,07,22,538","2,69,40,72,514.27","1,49,396","70,29,949","33.92"
"TATASTEEL","EQ","22-Jan-2025","129.70","130.25","130.35","127.12","128.85","128.92","128.45","2,75,05,569","3,53,30,07,239.30","1,96,312","1,20,73,421","43.89"
"TATASTEEL","EQ","21-Jan-2025","131.66","132.06","132.40","129.25","129.78","129.70","130.69","3,22,38,213","4,21,33,67,366.39","2,16,078","1,13,30,959","35.15"
"TATASTEEL","EQ","20-Jan-2025","130.28","130.99","132.10","128.91","131.47","131.66","130.59","2,05,71,916","2,68,64,64,953.32","1,73,350","82,99,727","40.34"
"TATASTEEL","EQ","17-Jan-2025","127.81","127.90","131.16","127.64","130.15","130.28","129.60","2,74,21,959","3,55,37,81,052.65","2,08,791","95,40,696","34.79"
"TATASTEEL","EQ","16-Jan-2025","126.53","128.00","128.47","126.56","127.70","127.81","127.54","2,21,64,393","2,82,68,49,469.18","1,76,428","75,85,901","34.23"
"TATASTEEL","EQ","15-Jan-2025","126.93","128.00","128.31","125.78","126.60","126.53","127.00","1,87,73,125","2,38,41,73,457.53","1,96,481","61,49,299","32.76"
"TATASTEEL","EQ","14-Jan-2025","122.93","122.94","127.64","122.94","127.22","126.93","126.13","3,68,77,365","4,65,14,65,899.79","2,53,782","1,42,43,031","38.62"
"TATASTEEL","EQ","13-Jan-2025","127.43","126.00","126.50","122.62","122.80","122.93","124.43","3,89,68,332","4,84,87,85,035.50","3,30,215","1,73,62,463","44.56"
"TATASTEEL","EQ","10-Jan-2025","129.93","129.93","130.39","126.70","127.78","127.43","128.02","3,48,55,510","4,46,23,16,144.21","2,61,109","1,67,62,199","48.09"
"TATASTEEL","EQ","09-Jan-2025","132.64","132.00","132.40","129.70","130.12","129.93","130.53","3,19,03,107","4,16,42,81,728.67","2,52,233","1,64,17,897","51.46"
"TATASTEEL","EQ","08-Jan-2025","133.38","133.93","134.24","131.77","132.55","132.64","132.65","3,15,70,331","4,18,76,51,105.64","2,62,476","1,61,75,067","51.24"
"TATASTEEL","EQ","07-Jan-2025","132.18","132.78","133.88","132.01","133.18","133.38","133.05","2,42,39,451","3,22,49,73,077.16","1,93,472","90,10,071","37.17"
"TATASTEEL","EQ","06-Jan-2025","138.36","138.36","138.39","131.35","132.00","132.18","133.44","4,46,20,509","5,95,40,73,554.56","3,89,702","2,13,28,941","47.80"
"TATASTEEL","EQ","03-Jan-2025","138.18","138.18","139.73","137.84","138.33","138.36","138.69","2,33,51,832","3,23,86,24,775.28","1,74,962","88,28,901","37.81"
"TATASTEEL","EQ","02-Jan-2025","136.74","137.00","138.45","136.40","138.00","138.18","137.44","2,33,88,424","3,21,44,29,963.27","2,12,832","1,02,70,582","43.91"
"TATASTEEL","EQ","01-Jan-2025","138.05","138.10","138.45","136.58","136.87","136.74","137.06","1,81,69,498","2,49,02,38,878.67","1,67,193","78,38,300","43.14"
"TATASTEEL","EQ","31-Dec-2024","136.88","136.87","138.68","136.56","138.10","138.05","137.63","2,00,80,291","2,76,36,36,940.24","1,84,867","84,54,825","42.11"
"TATASTEEL","EQ","30-Dec-2024","138.91","138.91","139.25","136.09","137.50","136.88","137.76","3,25,55,723","4,48,49,71,555.03","2,08,126","1,55,34,115","47.72"
"TATASTEEL","EQ","27-Dec-2024","140.36","140.70","141.75","138.61","138.97","138.91","139.95","1,95,62,177","2,73,77,25,744.49","1,67,507","77,19,115","39.46"
"TATASTEEL","EQ","26-Dec-2024","140.38","140.95","141.15","139.51","140.60","140.36","140.24","2,39,39,932","3,35,72,75,738.90","1,76,823","1,04,20,583","43.53"
"TATASTEEL","EQ","24-Dec-2024","141.71","141.20","141.50","139.25","140.90","140.38","140.29","2,58,82,917","3,63,11,84,790.95","2,20,844","87,78,145","33.91"
"TATASTEEL","EQ","23-Dec-2024","140.68","142.45","143.80","140.61","141.81","141.71","142.37","2,75,14,178","3,91,70,66,565.54","1,80,882","77,69,505","28.24"
"TATASTEEL","EQ","20-Dec-2024","143.26","142.89","144.40","140.00","140.45","140.68","142.23","4,65,03,449","6,61,42,64,006.51","2,39,716","2,10,81,842","45.33"
"TATASTEEL","EQ","19-Dec-2024","144.46","141.55","143.80","141.10","143.14","143.26","142.36","2,71,04,579","3,85,84,97,950.48","1,76,879","1,10,15,640","40.64"
"TATASTEEL","EQ","18-Dec-2024","145.68","146.00","146.90","143.30","144.54","144.46","144.65","1,98,50,229","2,87,13,62,747.44","1,70,033","71,85,565","36.20"
"TATASTEEL","EQ","17-Dec-2024","147.79","147.79","148.50","145.33","145.65","145.68","146.89","2,71,10,781","3,98,24,33,031.75","1,78,654","1,04,51,830","38.55"
"TATASTEEL","EQ","16-Dec-2024","148.95","148.94","149.80","147.10","147.80","147.79","148.03","2,26,34,773","3,35,06,62,277.23","1,34,545","74,34,504","32.85"
"TATASTEEL","EQ","13-Dec-2024","150.78","150.00","150.05","145.55","148.80","148.95","147.45","3,97,01,388","5,85,37,97,485.13","2,44,523","1,04,58,032","26.34"
"TATASTEEL","EQ","12-Dec-2024","150.60","150.87","151.63","148.70","150.40","150.78","150.22","2,57,61,723","3,87,00,04,937.04","2,10,043","61,78,814","23.98"
"TATASTEEL","EQ","11-Dec-2024","150.32","150.59","152.11","150.06","150.65","150.60","151.24","2,04,99,709","3,10,03,14,497.16","1,54,183","66,15,107","32.27"
"TATASTEEL","EQ","10-Dec-2024","149.88","150.19","152.50","149.31","150.38","150.32","150.93","3,62,78,104","5,47,54,08,272.35","1,98,144","1,35,88,131","37.46"
"TATASTEEL","EQ","09-Dec-2024","148.29","148.29","150.67","146.63","149.70","149.88","148.72","3,90,59,139","5,80,90,31,759.51","2,13,740","1,30,43,660","33.39"
"TATASTEEL","EQ","06-Dec-2024","147.07","147.50","148.68","146.60","148.10","148.29","147.54","3,06,04,899","4,51,55,76,192.18","1,52,986","1,46,48,833","47.86"
"TATASTEEL","EQ","05-Dec-2024","145.85","146.50","147.88","144.80","147.11","147.07","146.48","3,63,28,245","5,32,11,83,497.69","3,20,660","1,13,42,882","31.22"
"TATASTEEL","EQ","04-Dec-2024","146.54","147.00","147.05","144.00","145.89","145.85","145.43","3,85,37,808","5,60,44,63,660.25","2,93,458","1,70,05,816","44.13"
"TATASTEEL","EQ","03-Dec-2024","146.41","146.75","148.20","146.34","146.60","146.54","146.87","3,55,27,228","5,21,80,28,534.67","2,56,795","1,56,14,932","43.95"
"TATASTEEL","EQ","02-Dec-2024","144.54","144.11","146.83","143.14","146.36","146.41","145.29","2,38,40,351","3,46,36,51,919.14","1,78,524","90,28,407","37.87"
"TATASTEEL","EQ","29-Nov-2024","143.39","143.90","145.49","143.05","144.45","144.54","144.47","2,97,42,979","4,29,70,99,540.79","1,80,493","1,42,15,380","47.79"
"TATASTEEL","EQ","28-Nov-2024","144.53","144.00","145.25","143.09","143.63","143.39","144.13","3,09,47,861","4,46,05,28,750.48","2,67,599","1,37,00,711","44.27"
"TATASTEEL","EQ","27-Nov-2024","144.47","144.31","144.90","142.90","144.64","144.53","143.94","2,48,95,631","3,58,34,50,837.82","1,71,733","75,85,432","30.47"
"TATASTEEL","EQ","26-Nov-2024","143.67","144.22","145.80","143.58","144.42","144.47","144.86","2,56,08,469","3,70,96,54,966.85","1,40,188","80,09,333","31.28"
"TATASTEEL","EQ","25-Nov-2024","142.78","144.94","146.15","142.84","143.87","143.67","144.36","5,38,83,890","7,77,88,49,397.59","1,94,245","3,07,38,487","57.05"
"TATASTEEL","EQ","22-Nov-2024","140.22","140.15","143.19","139.65","142.55","142.78","141.57","4,37,10,169","6,18,80,14,583.09","2,18,947","1,93,37,251","44.24"
"TATASTEEL","EQ","21-Nov-2024","139.46","139.50","141.60","137.25","140.00","140.22","139.78","5,83,98,744","8,16,28,40,711.77","3,07,883","2,52,08,823","43.17"
"TATASTEEL","EQ","19-Nov-2024","141.21","142.00","142.49","139.06","139.58","139.46","140.88","3,76,11,903","5,29,87,00,773.90","2,10,103","1,77,40,268","47.17"
"TATASTEEL","EQ","18-Nov-2024","137.98","139.49","143.25","138.00","141.20","141.21","140.81","4,02,33,848","5,66,52,74,322.36","2,69,998","87,82,603","21.83"
"TATASTEEL","EQ","14-Nov-2024","139.17","139.71","140.73","137.50","138.10","137.98","138.75","3,63,45,184","5,04,29,69,174.22","2,92,008","1,26,78,206","34.88"
"TATASTEEL","EQ","13-Nov-2024","144.17","143.60","143.60","138.60","139.69","139.17","140.03","5,76,09,083","8,06,67,78,657.17","4,28,370","2,52,99,294","43.92"
"TATASTEEL","EQ","12-Nov-2024","145.01","145.65","147.13","143.60","143.90","144.17","145.51","2,88,61,672","4,19,97,99,655.07","2,46,899","82,14,920","28.46"
"TATASTEEL","EQ","11-Nov-2024","147.57","147.57","147.69","144.10","145.30","145.01","145.58","4,74,97,863","6,91,45,06,463.50","3,15,622","1,80,17,875","37.93"
"TATASTEEL","EQ","08-Nov-2024","150.95","152.00","152.00","146.94","147.30","147.57","149.20","6,19,80,989","9,24,74,04,903.34","2,88,855","2,32,87,029","37.57"
"TATASTEEL","EQ","07-Nov-2024","153.62","156.11","156.92","150.20","151.15","150.95","153.48","8,82,54,789","13,54,54,12,839.66","3,73,011","2,68,66,314","30.44"
"TATASTEEL","EQ","06-Nov-2024","152.29","154.00","154.95","149.59","153.81","153.62","151.73","4,89,28,986","7,42,39,63,642.10","2,61,381","1,06,02,115","21.67"
"TATASTEEL","EQ","05-Nov-2024","146.95","147.00","152.55","146.95","152.45","152.29","150.69","4,27,72,283","6,44,51,42,415.20","2,44,601","1,04,48,968","24.43"
"TATASTEEL","EQ","04-Nov-2024","149.75","150.00","150.00","145.10","147.10","146.95","146.86","2,55,71,021","3,75,54,35,352.87","2,87,395","92,79,923","36.29"
"TATASTEEL","EQ","01-Nov-2024","148.56","149.66","150.25","149.00","149.70","149.75","149.85","51,06,804","76,52,48,053.69","90,862","26,71,486","52.31"
"TATASTEEL","EQ","31-Oct-2024","148.97","149.08","149.95","148.20","148.33","148.56","148.87","2,63,83,702","3,92,76,61,607.97","1,92,116","1,22,75,028","46.53"
"TATASTEEL","EQ","30-Oct-2024","150.06","148.10","150.95","148.10","148.85","148.97","149.65","2,13,62,130","3,19,69,26,857.03","1,79,907","83,52,434","39.10"
"TATASTEEL","EQ","29-Oct-2024","149.38","149.85","150.45","146.55","150.10","150.06","148.24","3,22,58,407","4,78,20,62,026.21","2,78,118","1,17,48,879","36.42"
"TATASTEEL","EQ","28-Oct-2024","145.86","146.00","149.73","144.73","149.50","149.38","148.11","2,83,86,897","4,20,44,85,399.50","2,02,518","85,94,846","30.28"
"TATASTEEL","EQ","25-Oct-2024","148.98","149.00","149.50","144.43","146.25","145.86","145.89","3,97,30,802","5,79,62,63,940.69","3,02,722","1,60,69,565","40.45"
"TATASTEEL","EQ","24-Oct-2024","148.78","149.49","149.83","148.01","149.06","148.98","148.92","2,21,15,070","3,29,34,53,859.18","2,09,076","75,41,178","34.10"
"TATASTEEL","EQ","23-Oct-2024","150.39","150.30","151.95","148.05","148.69","148.78","149.84","4,21,07,893","6,30,95,47,439.99","2,45,073","1,79,30,957","42.58"
"TATASTEEL","EQ","22-Oct-2024","155.03","154.90","154.90","150.10","150.90","150.39","151.88","3,90,79,846","5,93,54,26,865.61","2,28,867","1,86,96,813","47.84"
"TATASTEEL","EQ","21-Oct-2024","155.39","156.10","157.93","154.59","155.00","155.03","155.43","2,57,99,090","4,01,00,16,405.81","1,96,995","79,65,787","30.88"
"TATASTEEL","EQ","18-Oct-2024","152.40","152.40","156.20","151.10","155.50","155.39","154.30","3,47,50,795","5,36,22,10,491.59","2,12,619","1,12,31,365","32.32"
"TATASTEEL","EQ","17-Oct-2024","155.24","155.65","156.30","152.10","152.50","152.40","153.63","2,84,04,223","4,36,37,40,733.71","1,87,556","1,06,31,356","37.43"
"TATASTEEL","EQ","16-Oct-2024","155.63","155.19","156.55","154.02","155.10","155.24","155.35","2,85,18,262","4,43,03,22,683.94","2,14,491","1,16,18,758","40.74"
"TATASTEEL","EQ","15-Oct-2024","158.32","159.50","159.53","155.05","155.66","155.63","156.14","3,89,64,393","6,08,38,46,366.99","2,61,649","1,71,68,288","44.06"
"TATASTEEL","EQ","14-Oct-2024","160.66","161.88","163.38","158.04","158.29","158.32","159.69","3,55,66,857","5,67,98,04,268.10","2,36,374","1,27,30,924","35.79"
"TATASTEEL","EQ","11-Oct-2024","159.72","159.30","163.78","159.20","160.85","160.66","161.54","5,32,63,433","8,60,41,75,534.70","2,31,565","1,88,95,849","35.48"
"TATASTEEL","EQ","10-Oct-2024","159.06","158.30","161.18","156.60","159.99","159.72","159.82","4,65,07,936","7,43,30,63,758.17","2,85,169","1,60,15,836","34.44"
"TATASTEEL","EQ","09-Oct-2024","159.52","159.52","162.20","158.11","158.30","159.06","160.33","4,27,66,218","6,85,69,06,324.55","2,47,518","1,56,32,110","36.55"
"TATASTEEL","EQ","08-Oct-2024","164.36","163.00","163.59","156.70","159.89","159.52","159.07","7,49,56,764","11,92,30,16,296.84","4,92,897","3,19,93,673","42.68"
"TATASTEEL","EQ","07-Oct-2024","166.75","167.10","167.95","162.33","164.08","164.36","164.93","4,87,75,098","8,04,43,65,273.28","3,74,772","2,12,82,314","43.63"
"TATASTEEL","EQ","04-Oct-2024","166.98","167.00","169.10","164.00","166.92","166.75","166.97","5,38,80,875","8,99,64,65,098.83","3,25,032","1,70,60,606","31.66"
"TATASTEEL","EQ","03-Oct-2024","167.03","165.50","169.99","164.52","166.99","166.98","167.92","7,59,59,797","12,75,49,92,195.57","4,75,585","3,16,71,110","41.69"
"TATASTEEL","EQ","01-Oct-2024","168.55","169.49","169.49","165.10","166.70","167.03","167.13","5,07,61,579","8,48,38,29,166.82","2,85,911","2,13,47,351","42.05"
"TATASTEEL","EQ","30-Sep-2024","166.55","167.50","170.18","167.26","168.11","168.55","169.02","9,23,81,529","15,61,46,00,724.62","4,40,055","4,12,23,528","44.62"
"TATASTEEL","EQ","27-Sep-2024","165.61","167.00","169.01","165.89","166.13","166.55","167.16","7,27,95,668","12,16,87,93,625.37","3,90,367","3,06,04,042","42.04"
"TATASTEEL","EQ","26-Sep-2024","161.66","162.00","165.90","160.48","165.41","165.61","164.02","8,86,61,662","14,54,21,31,498.26","4,02,853","3,97,76,172","44.86"
"TATASTEEL","EQ","25-Sep-2024","160.53","161.50","162.69","159.52","161.53","161.66","161.19","5,80,44,967","9,35,62,42,523.27","3,45,741","2,10,14,701","36.20"
"TATASTEEL","EQ","24-Sep-2024","153.99","155.15","161.50","154.85","160.65","160.53","159.11","13,74,14,352","21,86,40,32,282.12","5,60,847","5,72,01,568","41.63"
"TATASTEEL","EQ","23-Sep-2024","152.02","154.38","154.39","152.80","153.85","153.99","153.57","3,32,81,905","5,11,11,94,267.46","2,32,550","1,79,48,429","53.93"
"TATASTEEL","EQ","20-Sep-2024","149.54","151.00","153.34","150.65","152.10","152.02","152.14","5,38,73,369","8,19,61,75,102.12","2,75,747","2,25,91,256","41.93"
"TATASTEEL","EQ","19-Sep-2024","150.60","151.89","152.19","147.79","150.08","149.54","149.59","3,69,13,781","5,52,18,18,580.40","2,76,513","1,58,17,099","42.85"
"TATASTEEL","EQ","18-Sep-2024","152.82","152.40","152.98","149.61","150.55","150.60","151.06","2,48,56,345","3,75,48,98,081.08","1,93,657","84,79,739","34.11"
"TATASTEEL","EQ","17-Sep-2024","154.21","154.00","154.24","152.27","152.70","152.82","153.06","1,82,75,113","2,79,72,51,834.59","1,70,530","58,92,501","32.24"
"TATASTEEL","EQ","16-Sep-2024","153.49","155.00","155.66","153.50","154.15","154.21","154.43","3,25,75,460","5,03,05,30,504.26","2,20,809","81,46,709","25.01"
"TATASTEEL","EQ","13-Sep-2024","151.74","152.78","155.40","152.50","153.40","153.49","153.99","5,48,94,255","8,45,29,36,106.91","3,07,875","1,70,55,845","31.07"
"TATASTEEL","EQ","12-Sep-2024","148.17","152.00","152.44","148.75","151.80","151.74","150.69","7,31,91,476","11,02,95,00,349.23","3,94,657","2,51,25,276","34.33"
"TATASTEEL","EQ","11-Sep-2024","149.42","149.90","150.20","147.62","148.38","148.17","148.90","2,46,33,287","3,66,78,99,119.21","2,14,629","97,27,793","39.49"
"TATASTEEL","EQ","10-Sep-2024","149.47","150.50","151.59","148.81","149.59","149.42","149.93","4,16,07,844","6,23,81,34,738.95","3,03,910","1,81,04,034","43.51"
"TATASTEEL","EQ","09-Sep-2024","151.22","150.90","150.90","148.05","149.50","149.47","149.39","3,26,24,586","4,87,36,87,014.29","3,74,794","1,45,85,316","44.71"
"TATASTEEL","EQ","06-Sep-2024","151.72","151.94","152.90","149.65","151.25","151.22","151.12","3,07,09,532","4,64,07,28,389.77","2,44,219","96,12,123","31.30"
"TATASTEEL","EQ","05-Sep-2024","151.18","151.00","152.79","151.00","152.03","151.72","151.90","2,83,47,324","4,30,60,27,852.48","2,04,493","1,37,59,860","48.54"
"TATASTEEL","EQ","04-Sep-2024","152.15","149.50","152.18","149.16","150.95","151.18","150.88","3,96,13,696","5,97,67,22,246.84","2,71,132","2,02,72,632","51.18"
"TATASTEEL","EQ","03-Sep-2024","152.88","152.84","153.45","152.01","152.28","152.15","152.42","1,97,80,066","3,01,48,27,041.84","2,17,103","1,03,23,069","52.19"
"TATASTEEL","EQ","02-Sep-2024","152.76","153.90","153.90","152.14","152.70","152.88","152.93","1,92,00,143","2,93,62,09,047.13","2,02,414","79,33,902","41.32"
"TATASTEEL","EQ","30-Aug-2024","152.97","153.00","155.25","152.47","153.30","152.76","153.54","5,51,34,023","8,46,52,02,363.90","2,38,118","3,52,77,431","63.98"
"TATASTEEL","EQ","29-Aug-2024","153.70","153.21","153.56","151.20","153.15","152.97","152.64","4,44,52,983","6,78,54,77,200.23","2,63,576","2,26,40,716","50.93"
"TATASTEEL","EQ","28-Aug-2024","154.70","154.70","155.00","153.05","153.65","153.70","153.88","2,51,95,197","3,87,69,60,988.41","2,00,539","1,16,21,415","46.13"
"TATASTEEL","EQ","27-Aug-2024","155.70","155.80","156.50","154.60","154.75","154.70","155.27","2,45,23,684","3,80,78,46,590.08","1,86,818","98,11,497","40.01"
"TATASTEEL","EQ","26-Aug-2024","154.20","154.61","156.40","153.70","155.90","155.70","155.03","3,24,97,603","5,03,81,36,287.29","2,23,228","1,30,57,007","40.18"
"TATASTEEL","EQ","23-Aug-2024","154.14","154.00","154.39","152.55","154.30","154.20","153.73","3,14,90,857","4,84,11,54,185.73","2,03,065","1,32,10,144","41.95"
"TATASTEEL","EQ","22-Aug-2024","151.92","152.51","154.35","152.51","154.00","154.14","153.67","3,67,19,176","5,64,27,70,858.27","2,47,398","1,70,13,399","46.33"
"TATASTEEL","EQ","21-Aug-2024","153.93","153.00","154.18","151.77","152.00","151.92","152.43","4,97,49,381","7,58,33,11,060.60","2,79,210","3,10,26,030","62.36"
"TATASTEEL","EQ","20-Aug-2024","153.96","155.70","155.70","152.80","153.85","153.93","153.47","3,75,59,016","5,76,40,44,551.48","2,51,608","1,55,88,808","41.50"
"TATASTEEL","EQ","19-Aug-2024","149.52","150.85","154.30","150.39","154.09","153.96","152.26","6,28,89,770","9,57,53,47,355.95","4,56,383","2,45,51,621","39.04"
"TATASTEEL","EQ","16-Aug-2024","146.17","148.00","150.00","146.46","149.50","149.52","147.79","5,41,31,721","8,00,02,49,513.64","3,59,932","2,12,72,561","39.30"
"TATASTEEL","EQ","14-Aug-2024","148.88","149.90","149.90","142.35","146.50","146.17","145.48","9,79,11,180","14,24,38,51,337.90","5,69,116","4,14,50,430","42.33"
"TATASTEEL","EQ","13-Aug-2024","152.06","152.10","152.95","148.50","148.90","148.88","150.42","2,93,96,493","4,42,18,44,562.26","3,00,330","1,31,05,100","44.58"
"TATASTEEL","EQ","12-Aug-2024","151.81","151.00","153.40","149.88","152.14","152.06","152.12","3,05,50,334","4,64,73,83,059.79","2,38,401","1,13,19,700","37.05"
"TATASTEEL","EQ","09-Aug-2024","150.28","153.00","153.00","151.25","151.70","151.81","152.06","2,32,90,101","3,54,14,92,860.00","2,59,551","69,64,153","29.90"
"TATASTEEL","EQ","08-Aug-2024","153.86","153.40","153.44","150.00","150.60","150.28","151.32","5,18,58,615","7,84,73,12,494.99","3,71,279","2,42,82,309","46.82"
"TATASTEEL","EQ","07-Aug-2024","150.32","153.70","154.30","151.90","154.15","153.86","153.05","3,20,29,697","4,90,21,70,111.94","3,09,953","1,14,82,677","35.85"
"TATASTEEL","EQ","06-Aug-2024","149.82","151.21","153.80","149.61","151.17","150.32","151.52","5,35,07,102","8,10,71,88,228.99","5,89,379","2,31,45,077","43.26"
"TATASTEEL","EQ","05-Aug-2024","158.22","153.66","154.00","149.00","149.34","149.82","151.19","10,28,83,971","15,55,49,00,022.60","9,17,741","4,95,06,752","48.12"
"TATASTEEL","EQ","02-Aug-2024","163.06","161.00","161.19","154.72","158.39","158.22","158.29","7,24,27,529","11,46,46,27,804.85","6,69,777","3,33,97,693","46.11"
"TATASTEEL","EQ","01-Aug-2024","165.33","168.20","168.95","160.90","163.07","163.06","164.04","11,83,41,338","19,41,26,42,515.80","5,12,835","5,29,40,254","44.74"
"TATASTEEL","EQ","31-Jul-2024","164.07","166.29","166.50","163.55","165.44","165.33","164.78","5,27,69,925","8,69,54,59,962.33","2,77,640","2,25,39,158","42.71"
"TATASTEEL","EQ","30-Jul-2024","162.87","162.90","165.30","161.31","164.55","164.07","163.43","4,28,24,600","6,99,89,37,220.51","3,09,634","1,78,74,062","41.74"
"TATASTEEL","EQ","29-Jul-2024","162.55","164.70","164.70","162.33","162.90","162.87","163.32","3,17,54,833","5,18,63,46,203.02","2,53,901","1,42,55,512","44.89"
"TATASTEEL","EQ","26-Jul-2024","157.39","158.75","162.95","158.21","162.62","162.55","161.88","4,56,42,032","7,38,86,88,304.32","2,92,607","1,84,95,878","40.52"
"TATASTEEL","EQ","25-Jul-2024","160.31","158.50","158.50","156.90","157.50","157.39","157.50","4,51,55,876","7,11,21,29,022.84","3,40,737","2,12,04,711","46.96"
"TATASTEEL","EQ","24-Jul-2024","160.02","160.02","162.02","159.19","160.20","160.31","160.83","2,80,86,566","4,51,72,54,761.79","2,24,594","1,16,15,539","41.36"
"TATASTEEL","EQ","23-Jul-2024","160.32","161.60","161.97","155.00","160.19","160.02","159.14","3,70,77,411","5,90,06,78,615.09","3,69,290","1,25,44,829","33.83"
"TATASTEEL","EQ","22-Jul-2024","157.77","158.40","160.70","156.41","160.69","160.32","159.58","4,03,53,690","6,43,97,80,658.54","3,88,728","1,44,24,434","35.75"
"TATASTEEL","EQ","19-Jul-2024","166.36","166.00","166.09","157.20","158.10","157.77","159.86","7,79,87,514","12,46,73,82,132.43","6,97,738","3,75,84,389","48.19"
"TATASTEEL","EQ","18-Jul-2024","167.07","167.61","167.61","164.44","166.45","166.36","165.60","3,65,68,852","6,05,58,94,401.51","3,44,341","1,57,02,720","42.94"
"TATASTEEL","EQ","16-Jul-2024","166.76","167.80","169.82","166.70","167.25","167.07","168.15","2,65,06,026","4,45,71,05,771.25","2,28,148","1,12,28,676","42.36"
"TATASTEEL","EQ","15-Jul-2024","168.69","168.69","168.99","165.80","167.10","166.76","167.02","3,26,35,187","5,45,05,97,682.05","3,25,344","1,62,80,168","49.89"
"TATASTEEL","EQ","12-Jul-2024","168.92","170.20","170.39","168.01","168.10","168.69","168.98","3,33,11,402","5,62,87,97,434.72","2,09,844","1,88,98,261","56.73"
"TATASTEEL","EQ","11-Jul-2024","167.98","170.00","170.95","168.67","169.45","168.92","169.53","3,39,87,236","5,76,17,12,816.45","3,28,338","1,37,54,332","40.47"
"TATASTEEL","EQ","10-Jul-2024","171.80","172.50","172.89","167.02","168.20","167.98","168.76","4,15,25,591","7,00,78,41,961.34","3,56,940","2,07,89,124","50.06"
"TATASTEEL","EQ","09-Jul-2024","172.28","173.60","173.70","171.51","171.94","171.80","172.31","2,51,27,904","4,32,99,05,477.88","3,60,530","1,37,05,565","54.54"
"TATASTEEL","EQ","08-Jul-2024","174.71","174.60","175.47","172.09","172.49","172.28","173.35","3,14,79,861","5,45,70,79,671.28","2,56,103","1,64,34,447","52.21"
"TATASTEEL","EQ","05-Jul-2024","176.29","176.20","176.20","173.40","175.00","174.71","174.65","3,81,23,217","6,65,83,21,110.79","2,62,997","1,54,18,098","40.44"
"TATASTEEL","EQ","04-Jul-2024","176.37","177.00","178.19","175.82","176.50","176.29","176.85","2,95,04,744","5,21,78,39,029.17","3,78,450","1,46,45,505","49.64"
"TATASTEEL","EQ","03-Jul-2024","174.54","174.54","176.88","174.40","176.38","176.37","175.56","2,90,90,492","5,10,70,40,274.06","3,39,843","1,59,88,733","54.96"
"TATASTEEL","EQ","02-Jul-2024","174.07","174.47","175.75","173.60","174.61","174.54","174.54","3,33,59,495","5,82,25,81,444.09","3,90,213","1,51,02,112","45.27"
"TATASTEEL","EQ","01-Jul-2024","174.01","174.50","175.99","173.51","174.25","174.07","174.62","2,78,07,688","4,85,58,62,130.02","2,60,872","1,15,82,142","41.65"
"TATASTEEL","EQ","28-Jun-2024","174.16","174.17","177.10","173.57","174.75","174.01","175.29","3,75,21,949","6,57,72,42,858.11","2,75,273","1,40,06,164","37.33"
"TATASTEEL","EQ","27-Jun-2024","172.56","172.56","174.95","171.80","174.35","174.16","173.41","4,97,67,976","8,63,02,91,052.14","3,49,831","1,62,71,364","32.69"
"TATASTEEL","EQ","26-Jun-2024","175.68","175.68","176.00","171.84","172.80","172.56","172.87","4,40,06,436","7,60,71,81,995.48","3,46,807","2,17,00,375","49.31"
"TATASTEEL","EQ","25-Jun-2024","177.96","177.99","179.00","175.25","175.86","175.68","176.61","3,05,99,989","5,40,41,51,626.85","3,25,368","1,31,26,298","42.90"
"TATASTEEL","EQ","24-Jun-2024","179.94","177.44","178.95","175.10","177.80","177.96","177.26","4,75,97,307","8,43,70,45,247.90","3,14,462","1,80,74,911","37.97"
"TATASTEEL","EQ","21-Jun-2024","182.28","179.40","180.90","178.18","179.94","179.94","179.76","6,54,94,855","11,77,36,31,523.51","2,84,687","2,97,58,311","45.44"
"TATASTEEL","EQ","20-Jun-2024","180.02","181.60","182.95","179.37","182.75","182.28","181.91","3,88,37,494","7,06,48,44,872.79","2,78,129","1,50,20,222","38.67"
"TATASTEEL","EQ","19-Jun-2024","181.12","182.45","182.49","179.31","180.07","180.02","180.63","2,74,76,795","4,96,31,57,445.21","1,97,494","95,70,050","34.83"
"TATASTEEL","EQ","18-Jun-2024","183.15","183.80","184.60","180.60","181.25","181.12","182.12","3,50,32,118","6,37,98,81,671.57","2,95,636","1,69,01,403","48.25"
"TATASTEEL","EQ","14-Jun-2024","182.56","182.95","183.50","181.40","182.90","183.15","182.61","2,85,09,237","5,20,59,31,798.41","2,32,292","1,12,18,481","39.35"
"TATASTEEL","EQ","13-Jun-2024","182.23","183.40","184.10","180.51","182.50","182.56","182.23","3,66,69,164","6,68,21,15,954.32","3,32,013","1,57,24,271","42.88"
"TATASTEEL","EQ","12-Jun-2024","181.33","182.25","183.87","181.50","182.47","182.23","182.95","3,33,04,643","6,09,30,95,872.19","2,54,524","1,32,88,930","39.90"
"TATASTEEL","EQ","11-Jun-2024","180.29","180.50","183.75","180.50","181.60","181.33","182.06","5,55,55,544","10,11,46,35,970.89","3,24,246","2,04,59,062","36.83"
"TATASTEEL","EQ","10-Jun-2024","178.90","180.21","182.10","177.36","180.45","180.29","180.40","7,42,86,848","13,40,10,77,404.61","3,20,294","2,91,50,471","39.24"
"TATASTEEL","EQ","07-Jun-2024","172.05","172.00","179.65","170.80","178.85","178.90","177.14","8,43,19,867","14,93,61,04,189.40","4,88,851","3,45,84,954","41.02"
"TATASTEEL","EQ","06-Jun-2024","169.20","170.00","174.70","169.40","172.15","172.05","172.34","5,79,20,819","9,98,18,49,630.15","5,02,032","1,86,88,249","32.27"
"TATASTEEL","EQ","05-Jun-2024","158.95","162.15","169.60","159.00","169.00","169.20","164.36","6,00,98,501","9,87,80,09,016.65","4,38,996","2,27,93,721","37.93"
"TATASTEEL","EQ","04-Jun-2024","174.25","174.50","174.65","148.15","160.00","158.95","160.74","12,50,42,158","20,09,89,94,147.15","7,84,621","5,32,86,190","42.61"
"TATASTEEL","EQ","03-Jun-2024","167.20","173.25","175.00","168.85","174.35","174.25","172.44","8,63,97,540","14,89,83,11,518.85","4,10,714","4,41,56,986","51.11"
"TATASTEEL","EQ","31-May-2024","164.15","166.05","167.95","164.00","167.45","167.20","166.27","8,37,13,848","13,91,93,26,623.35","3,59,449","3,51,20,511","41.95"
"TATASTEEL","EQ","30-May-2024","174.25","172.00","172.00","163.35","165.20","164.15","166.88","10,88,13,875","18,15,84,03,070.95","5,73,678","3,90,55,736","35.89"
"TATASTEEL","EQ","29-May-2024","174.90","174.75","176.00","173.50","174.00","174.25","174.52","3,65,75,550","6,38,32,86,199.70","1,82,235","1,26,13,893","34.49"
"TATASTEEL","EQ","28-May-2024","175.50","175.90","177.50","173.45","175.10","174.90","175.61","3,92,08,456","6,88,55,22,861.00","2,08,812","1,39,20,091","35.50"
"TATASTEEL","EQ","27-May-2024","174.85","177.70","177.70","174.85","175.70","175.50","176.22","3,04,10,585","5,35,89,26,345.45","2,01,390","1,17,72,611","38.71"
"TATASTEEL","EQ","24-May-2024","175.50","174.95","177.55","174.15","174.90","174.85","176.15","3,86,74,485","6,81,23,56,745.80","2,27,760","1,43,35,975","37.07"
"TATASTEEL","EQ","23-May-2024","173.30","173.05","175.80","170.50","175.15","175.50","173.37","4,93,77,680","8,56,04,07,772.75","2,59,776","1,85,40,156","37.55"
"TATASTEEL","EQ","22-May-2024","174.35","175.45","175.50","171.50","173.05","173.30","173.10","4,29,19,832","7,42,95,55,143.25","2,98,848","1,91,83,036","44.70"
"TATASTEEL","EQ","21-May-2024","167.90","168.50","175.20","167.95","174.00","174.35","172.79","8,48,33,644","14,65,84,80,689.45","4,50,461","4,42,72,957","52.19"
"TATASTEEL","EQ","18-May-2024","167.35","168.00","168.30","167.30","167.80","167.90","167.97","36,01,856","60,49,92,471.00","41,951","23,13,458","64.23"
"TATASTEEL","EQ","17-May-2024","165.90","166.60","168.45","165.45","167.20","167.35","167.21","3,91,81,277","6,55,16,40,449.55","2,07,093","1,42,66,880","36.41"
"TATASTEEL","EQ","16-May-2024","165.60","167.25","168.00","162.30","165.85","165.90","165.10","4,11,26,570","6,78,99,14,756.65","2,45,941","99,38,938","24.17"
"TATASTEEL","EQ","15-May-2024","164.95","164.95","167.55","164.95","165.85","165.60","166.13","2,96,01,304","4,91,77,56,615.05","1,74,079","1,19,77,144","40.46"
"TATASTEEL","EQ","14-May-2024","163.85","164.10","166.55","163.50","164.85","164.95","165.16","4,62,61,468","7,64,07,42,993.35","1,83,357","2,52,08,679","54.49"
"TATASTEEL","EQ","13-May-2024","162.25","162.45","164.50","158.05","164.00","163.85","161.69","3,65,61,003","5,91,16,80,494.35","2,26,641","1,39,37,816","38.12"
"TATASTEEL","EQ","10-May-2024","161.90","163.20","164.35","161.85","162.40","162.25","162.98","3,14,72,419","5,12,93,34,327.70","1,97,325","1,10,98,862","35.27"
"TATASTEEL","EQ","09-May-2024","166.05","165.95","166.70","161.50","162.00","161.90","164.05","3,02,23,088","4,95,81,23,948.30","2,53,157","96,34,529","31.88"
"TATASTEEL","EQ","08-May-2024","164.25","164.20","167.10","163.50","166.40","166.05","165.88","3,01,28,705","4,99,78,67,651.85","2,15,473","1,05,03,563","34.86"
"TATASTEEL","EQ","07-May-2024","167.60","167.95","167.95","162.30","164.20","164.25","164.76","4,36,11,824","7,18,56,54,180.00","2,46,880","1,75,52,126","40.25"
"TATASTEEL","EQ","06-May-2024","166.50","167.95","168.65","164.70","167.50","167.60","167.17","3,76,21,296","6,28,92,01,845.55","2,41,194","1,09,26,137","29.04"
"TATASTEEL","EQ","03-May-2024","167.35","168.95","170.75","165.15","166.50","166.50","168.13","6,25,73,586","10,52,04,00,677.30","3,11,958","1,84,45,606","29.48"
"TATASTEEL","EQ","02-May-2024","165.00","165.00","168.90","165.00","167.60","167.35","167.53","6,93,20,283","11,61,34,35,326.65","3,25,535","2,99,62,653","43.22"
"TATASTEEL","EQ","30-Apr-2024","167.40","168.40","168.40","164.50","164.75","165.00","165.94","5,50,43,389","9,13,38,38,759.10","2,46,416","3,22,36,497","58.57"
"TATASTEEL","EQ","29-Apr-2024","165.80","168.20","169.60","166.90","167.40","167.40","167.97","4,49,06,151","7,54,29,47,752.55","2,33,688","1,97,74,657","44.04"
"TATASTEEL","EQ","26-Apr-2024","167.70","168.00","170.70","165.25","166.20","165.80","167.69","6,53,55,111","10,95,95,87,744.55","3,35,513","2,36,92,567","36.25"
"TATASTEEL","EQ","25-Apr-2024","165.55","165.40","168.00","164.15","167.00","167.70","166.15","5,01,28,523","8,32,87,69,807.60","2,51,319","1,59,04,475","31.73"
"TATASTEEL","EQ","24-Apr-2024","161.15","162.45","166.90","161.45","165.70","165.55","164.89","5,98,94,921","9,87,58,69,663.50","2,85,424","1,86,77,619","31.18"
"TATASTEEL","EQ","23-Apr-2024","161.85","163.50","163.50","160.80","161.10","161.15","161.98","3,02,95,177","4,90,72,04,050.10","1,93,536","1,16,78,618","38.55"
"TATASTEEL","EQ","22-Apr-2024","162.10","163.80","164.70","161.50","162.10","161.85","162.68","3,93,04,790","6,39,42,60,034.35","2,18,374","1,25,50,168","31.93"
"TATASTEEL","EQ","19-Apr-2024","160.05","160.00","162.50","157.30","161.90","162.10","160.47","6,00,78,229","9,64,07,77,692.75","3,35,708","1,40,16,948","23.33"
"TATASTEEL","EQ","18-Apr-2024","160.05","160.90","164.00","159.15","161.20","160.05","161.96","6,80,93,672","11,02,83,07,685.70","3,42,037","2,05,11,158","30.12"
"TATASTEEL","EQ","16-Apr-2024","160.85","160.85","162.45","159.00","160.30","160.05","160.80","4,13,91,261","6,65,57,79,993.65","2,46,139","1,18,44,067","28.61"
"TATASTEEL","EQ","15-Apr-2024","163.50","161.80","164.70","158.60","161.15","160.85","161.55","6,64,26,404","10,73,14,69,727.25","3,93,289","2,14,43,191","32.28"
"TATASTEEL","EQ","12-Apr-2024","165.05","166.00","166.00","163.00","163.50","163.50","164.33","5,53,17,636","9,09,04,22,774.55","3,11,078","1,80,53,950","32.64"
"TATASTEEL","EQ","10-Apr-2024","166.00","167.30","169.20","164.50","165.10","165.05","166.69","6,41,34,758","10,69,03,58,754.00","3,52,243","2,30,53,910","35.95"
"TATASTEEL","EQ","09-Apr-2024","165.20","166.00","169.80","165.20","166.05","166.00","167.56","6,38,84,687","10,70,42,98,236.30","3,06,316","1,82,94,325","28.64"
"TATASTEEL","EQ","08-Apr-2024","163.35","166.95","166.95","164.20","164.90","165.20","165.36","4,82,55,703","7,97,94,91,102.00","2,62,899","1,93,15,549","40.03"
"TATASTEEL","EQ","05-Apr-2024","163.40","163.90","164.15","160.80","163.30","163.35","162.44","4,46,68,121","7,25,60,80,475.65","2,59,852","1,44,66,359","32.39"
"TATASTEEL","EQ","04-Apr-2024","163.65","165.55","165.95","161.00","163.95","163.40","163.29","6,10,94,750","9,97,60,16,855.60","3,46,150","1,78,03,479","29.14"
"TATASTEEL","EQ","03-Apr-2024","164.65","164.65","166.25","163.10","163.60","163.65","164.75","5,09,38,559","8,39,19,59,653.70","3,58,923","1,76,64,035","34.68"
"TATASTEEL","EQ","02-Apr-2024","163.15","162.95","165.50","161.80","164.60","164.65","163.87","6,95,33,405","11,39,43,81,243.00","3,35,307","2,03,96,151","29.33"
"TATASTEEL","EQ","01-Apr-2024","155.85","156.80","163.90","156.50","162.80","163.15","161.41","8,45,83,929","13,65,25,41,333.45","3,97,933","2,72,55,682","32.22"
"TATASTEEL","EQ","28-Mar-2024","152.70","152.70","157.00","152.70","156.20","155.85","155.17","6,25,75,327","9,71,01,20,664.75","3,29,742","2,33,13,553","37.26"
"TATASTEEL","EQ","27-Mar-2024","152.40","152.45","154.10","152.00","152.60","152.70","153.04","3,53,28,794","5,40,67,35,730.80","1,99,762","1,39,73,066","39.55"
"TATASTEEL","EQ","26-Mar-2024","151.80","151.15","153.40","150.50","152.25","152.40","152.04","5,29,65,508","8,05,29,25,286.50","2,93,448","1,92,07,286","36.26"
"TATASTEEL","EQ","22-Mar-2024","150.10","149.00","152.75","148.35","151.45","151.80","151.31","6,82,41,556","10,32,53,86,812.25","3,11,476","1,83,43,685","26.88"
"TATASTEEL","EQ","21-Mar-2024","145.65","148.00","151.20","147.80","150.20","150.10","150.09","8,42,25,737","12,64,14,13,031.40","4,39,293","2,51,42,421","29.85"
"TATASTEEL","EQ","20-Mar-2024","148.75","149.60","150.65","143.85","145.40","145.65","146.24","7,75,50,319","11,34,12,30,039.55","3,43,720","1,80,78,381","23.31"
"TATASTEEL","EQ","19-Mar-2024","149.70","149.00","152.45","147.60","148.70","148.75","149.67","10,50,04,268","15,71,61,92,714.60","5,17,768","2,23,43,292","21.28"
"TATASTEEL","EQ","18-Mar-2024","141.70","142.55","150.25","142.20","148.80","149.70","147.47","16,69,13,078","24,61,39,25,688.70","5,75,951","6,32,06,078","37.87"
"TATASTEEL","EQ","15-Mar-2024","142.45","142.90","143.70","139.85","141.80","141.70","141.75","6,84,82,621","9,70,77,07,220.45","3,40,024","2,66,16,610","38.87"
"TATASTEEL","EQ","14-Mar-2024","143.65","143.60","143.95","138.35","142.70","142.45","141.39","9,19,56,952","13,00,14,14,682.75","4,73,239","2,89,35,556","31.47"
"TATASTEEL","EQ","13-Mar-2024","152.50","152.80","152.90","142.50","143.35","143.65","146.32","7,09,37,597","10,37,94,00,488.50","3,86,517","3,22,20,241","45.42"
"TATASTEEL","EQ","12-Mar-2024","153.45","154.20","154.55","150.90","152.30","152.50","152.46","3,49,47,937","5,32,81,22,657.40","2,51,671","1,15,70,218","33.11"
"TATASTEEL","EQ","11-Mar-2024","157.25","158.90","158.90","153.00","153.75","153.45","154.27","5,41,55,385","8,35,45,83,831.05","3,50,516","2,11,57,322","39.07"
"TATASTEEL","EQ","07-Mar-2024","151.60","152.40","159.15","152.25","157.05","157.25","156.50","12,48,47,699","19,53,90,09,874.65","5,69,247","3,30,57,420","26.48"
"TATASTEEL","EQ","06-Mar-2024","151.85","151.80","152.65","147.90","151.75","151.60","149.88","5,17,82,444","7,76,11,23,617.70","2,48,968","2,26,20,351","43.68"
"TATASTEEL","EQ","05-Mar-2024","153.10","153.20","154.00","150.75","152.00","151.85","152.40","3,71,65,490","5,66,41,92,406.90","2,55,164","1,36,32,526","36.68"
"TATASTEEL","EQ","04-Mar-2024","155.25","154.90","154.90","151.05","153.00","153.10","153.02","6,75,77,785","10,34,07,52,738.50","4,53,939","2,24,25,256","33.18"
"TATASTEEL","EQ","02-Mar-2024","149.95","152.00","156.20","151.00","155.35","155.25","154.02","2,16,43,047","3,33,34,79,361.50","1,39,508","85,80,625","39.65"
"TATASTEEL","EQ","01-Mar-2024","140.85","143.00","150.65","143.00","150.55","149.95","147.83","12,37,09,943","18,28,82,83,973.95","4,52,172","5,25,24,625","42.46"
"TATASTEEL","EQ","29-Feb-2024","140.75","140.80","141.85","139.40","141.60","140.85","140.78","3,22,48,156","4,54,00,48,126.75","1,84,138","1,55,08,775","48.09"
"TATASTEEL","EQ","28-Feb-2024","144.20","144.05","144.95","140.05","140.70","140.75","142.20","2,07,21,926","2,94,66,18,968.40","1,94,968","83,96,489","40.52"
"TATASTEEL","EQ","27-Feb-2024","142.65","142.65","144.50","142.00","144.20","144.20","143.45","2,41,19,469","3,45,98,28,038.65","1,81,981","1,06,56,715","44.18"
"TATASTEEL","EQ","26-Feb-2024","145.45","145.85","145.95","142.25","142.60","142.65","143.68","2,25,70,277","3,24,28,62,425.45","1,81,967","93,25,653","41.32"
"TATASTEEL","EQ","23-Feb-2024","145.90","146.40","147.10","145.00","145.40","145.45","146.22","2,84,14,697","4,15,47,98,679.20","2,06,077","1,13,00,157","39.77"
"TATASTEEL","EQ","22-Feb-2024","143.90","145.00","146.15","143.50","145.95","145.90","145.05","4,67,28,176","6,77,81,28,561.45","3,01,165","1,47,72,825","31.61"
"TATASTEEL","EQ","21-Feb-2024","141.05","141.55","146.20","141.45","144.00","143.90","144.64","8,80,00,833","12,72,80,88,397.95","4,02,755","3,95,88,969","44.99"
"TATASTEEL","EQ","20-Feb-2024","141.95","141.95","142.25","140.05","141.15","141.05","140.86","2,42,91,123","3,42,15,58,010.60","1,69,579","1,27,93,248","52.67"
"TATASTEEL","EQ","19-Feb-2024","142.30","142.95","143.35","141.35","141.80","141.95","142.28","1,69,73,568","2,41,49,47,922.85","1,48,665","70,19,885","41.36"
"TATASTEEL","EQ","16-Feb-2024","141.20","142.05","143.45","141.50","142.25","142.30","142.68","2,23,16,127","3,18,41,04,399.85","1,59,823","93,55,538","41.92"
"TATASTEEL","EQ","15-Feb-2024","141.20","141.50","143.45","141.00","141.10","141.20","142.05","3,15,87,387","4,48,70,16,479.10","2,01,451","1,41,23,793","44.71"
"TATASTEEL","EQ","14-Feb-2024","137.85","137.00","141.50","135.75","141.45","141.20","138.83","2,91,41,690","4,04,58,31,003.05","2,02,721","1,15,98,530","39.80"
"TATASTEEL","EQ","13-Feb-2024","137.40","137.75","138.25","134.10","137.80","137.85","136.95","3,91,55,909","5,36,23,27,557.60","2,05,902","1,57,29,075","40.17"
"TATASTEEL","EQ","12-Feb-2024","141.30","142.00","142.95","136.65","137.50","137.40","139.16","3,64,77,544","5,07,62,68,769.20","2,19,005","1,63,34,895","44.78"
"TATASTEEL","EQ","09-Feb-2024","143.65","144.20","144.45","139.15","141.30","141.30","141.21","3,59,61,925","5,07,80,64,740.80","2,37,401","1,23,83,921","34.44"
"TATASTEEL","EQ","08-Feb-2024","144.40","145.30","145.65","143.05","143.80","143.65","144.24","3,89,97,666","5,62,49,77,247.20","2,56,373","1,50,08,275","38.49"
"TATASTEEL","EQ","07-Feb-2024","144.65","146.85","147.40","144.05","144.40","144.40","145.61","6,15,17,064","8,95,74,48,815.35","2,92,894","2,89,10,135","47.00"
"TATASTEEL","EQ","06-Feb-2024","141.55","143.00","145.10","140.45","144.60","144.65","143.03","5,31,92,936","7,60,80,22,638.70","2,56,507","2,60,10,170","48.90"
"TATASTEEL","EQ","05-Feb-2024","138.70","140.00","143.35","139.35","141.60","141.55","141.50","8,07,37,626","11,42,42,81,407.05","3,75,154","3,51,53,051","43.54"
"TATASTEEL","EQ","02-Feb-2024","134.80","135.30","139.60","134.80","138.60","138.70","137.64","6,92,96,192","9,53,80,94,505.80","3,53,725","3,30,25,915","47.66"
"TATASTEEL","EQ","01-Feb-2024","135.95","136.40","136.75","134.50","134.90","134.80","135.69","3,17,01,793","4,30,15,05,287.60","2,14,127","1,16,58,734","36.78"
"TATASTEEL","EQ","31-Jan-2024","134.70","135.00","136.70","134.50","135.95","135.95","135.84","3,60,79,354","4,90,09,53,896.15","2,17,115","2,01,91,325","55.96"
"TATASTEEL","EQ","30-Jan-2024","135.00","135.60","137.70","134.50","134.75","134.70","136.17","3,57,04,185","4,86,19,61,220.20","2,45,199","1,67,88,897","47.02"
"TATASTEEL","EQ","29-Jan-2024","133.75","134.70","135.40","133.50","135.05","135.00","134.67","2,97,45,400","4,00,56,83,022.65","1,87,551","1,32,76,693","44.63"
"TATASTEEL","EQ","25-Jan-2024","135.15","136.50","136.50","132.00","134.15","133.75","134.19","6,13,58,839","8,23,37,55,323.50","3,06,685","2,16,91,073","35.35"
"TATASTEEL","EQ","24-Jan-2024","130.10","130.20","135.55","130.10","134.90","135.15","133.35","3,93,40,119","5,24,58,53,350.90","2,16,385","1,57,68,536","40.08"
"TATASTEEL","EQ","23-Jan-2024","133.95","134.80","135.20","129.30","130.05","130.10","132.31","3,53,73,970","4,68,04,31,862.50","2,17,517","1,73,20,071","48.96"
"TATASTEEL","EQ","20-Jan-2024","134.25","134.25","135.20","133.30","133.90","133.95","134.26","1,65,78,179","2,22,57,19,129.05","1,22,378","67,53,550","40.74"
"TATASTEEL","EQ","19-Jan-2024","131.00","132.60","134.70","131.60","134.10","134.25","133.63","3,26,53,013","4,36,35,34,601.95","1,87,679","1,21,62,380","37.25"
"TATASTEEL","EQ","18-Jan-2024","131.65","131.65","132.25","128.20","131.35","131.00","130.47","4,52,73,496","5,90,66,40,975.60","2,67,573","2,00,66,091","44.32"
"TATASTEEL","EQ","17-Jan-2024","137.25","135.45","135.75","131.40","131.80","131.65","133.28","5,89,82,971","7,86,10,46,380.15","2,98,756","3,23,93,747","54.92"
"TATASTEEL","EQ","16-Jan-2024","134.90","134.70","138.50","134.00","137.25","137.25","136.59","5,63,61,287","7,69,81,43,042.30","2,13,394","2,43,97,180","43.29"
"TATASTEEL","EQ","15-Jan-2024","135.30","136.00","136.25","133.95","135.00","134.90","134.79","3,41,58,775","4,60,43,27,884.95","1,77,458","1,74,64,591","51.13"
"TATASTEEL","EQ","12-Jan-2024","134.90","135.80","136.25","134.65","135.45","135.30","135.58","3,28,83,921","4,45,85,50,005.35","1,70,543","1,68,25,060","51.17"
"TATASTEEL","EQ","11-Jan-2024","134.10","134.85","135.65","134.20","135.10","134.90","135.05","2,31,13,349","3,12,15,21,575.35","1,52,705","1,06,01,792","45.87"
"TATASTEEL","EQ","10-Jan-2024","133.65","133.80","134.70","132.10","134.15","134.10","133.72","2,72,13,624","3,63,90,89,609.30","1,75,426","1,13,92,493","41.86"
"TATASTEEL","EQ","09-Jan-2024","132.00","133.50","134.80","132.50","133.85","133.65","133.81","3,07,36,868","4,11,30,02,298.90","1,68,721","1,56,76,957","51.00"
"TATASTEEL","EQ","08-Jan-2024","133.65","135.30","135.95","131.75","132.30","132.00","133.63","3,95,59,717","5,28,64,69,683.20","2,28,285","1,90,11,288","48.06"
"TATASTEEL","EQ","05-Jan-2024","134.25","135.00","135.95","132.85","133.70","133.65","134.34","7,13,30,190","9,58,21,67,218.80","2,48,067","4,35,66,825","61.08"
"TATASTEEL","EQ","04-Jan-2024","135.35","136.00","136.35","134.00","134.40","134.25","134.42","4,39,13,498","5,90,26,44,745.45","2,49,740","2,35,66,864","53.67"
"TATASTEEL","EQ","03-Jan-2024","139.60","139.50","139.60","134.35","135.00","135.35","136.44","4,51,76,618","6,16,40,41,917.50","2,79,840","2,51,70,203","55.72"
"TATASTEEL","EQ","02-Jan-2024","139.85","140.50","140.60","137.05","139.50","139.60","139.16","2,77,64,060","3,86,37,03,836.75","1,67,466","1,12,28,879","40.44"
"TATASTEEL","EQ","01-Jan-2024","139.60","140.00","140.95","139.05","139.70","139.85","140.16","2,11,86,105","2,96,94,70,656.95","1,87,550","94,35,252","44.54"
"TATASTEEL","EQ","29-Dec-2023","138.15","138.60","141.25","137.15","139.30","139.60","139.52","4,92,02,910","6,86,49,63,120.60","2,34,503","2,16,11,634","43.92"
"TATASTEEL","EQ","28-Dec-2023","137.20","138.15","138.75","136.85","138.25","138.15","137.88","3,46,61,176","4,77,91,01,020.60","2,15,436","1,48,85,856","42.95"
"TATASTEEL","EQ","27-Dec-2023","135.20","135.85","138.90","135.50","137.00","137.20","137.40","4,81,01,400","6,60,92,21,199.10","2,40,022","2,22,66,016","46.29"
"TATASTEEL","EQ","26-Dec-2023","133.55","134.70","136.10","134.45","135.40","135.20","135.43","2,59,36,447","3,51,24,75,189.45","1,82,329","1,13,79,637","43.88"
"TATASTEEL","EQ","22-Dec-2023","131.00","132.40","134.75","131.75","133.45","133.55","133.44","3,73,57,334","4,98,48,74,945.75","2,13,314","1,32,76,647","35.54"
"TATASTEEL","EQ","21-Dec-2023","129.75","128.70","131.45","127.85","131.40","131.00","130.01","3,49,14,399","4,53,92,19,050.25","1,98,021","1,17,93,975","33.78"
"TATASTEEL","EQ","20-Dec-2023","135.40","135.90","136.15","128.75","128.85","129.75","132.87","3,94,95,961","5,24,77,06,866.60","2,01,438","2,02,77,844","51.34"
"TATASTEEL","EQ","19-Dec-2023","136.60","136.65","137.60","134.80","135.50","135.40","135.81","2,77,26,431","3,76,54,16,442.20","1,67,461","1,47,54,019","53.21"
"TATASTEEL","EQ","18-Dec-2023","136.45","136.85","137.60","135.10","136.55","136.60","136.73","3,84,61,877","5,25,88,16,795.55","2,59,565","1,74,31,203","45.32"
"TATASTEEL","EQ","15-Dec-2023","132.00","133.40","136.75","133.00","136.55","136.45","135.24","7,73,77,446","10,46,44,13,045.45","2,92,704","3,50,40,594","45.29"
"TATASTEEL","EQ","14-Dec-2023","131.40","132.30","133.25","131.50","132.00","132.00","132.33","4,33,72,143","5,73,93,57,415.20","1,85,803","2,27,22,634","52.39"
"TATASTEEL","EQ","13-Dec-2023","130.10","130.55","131.50","129.15","131.35","131.40","130.59","2,27,67,972","2,97,31,83,996.20","1,46,208","1,11,96,152","49.18"
"TATASTEEL","EQ","12-Dec-2023","130.05","130.05","132.15","129.70","130.35","130.10","130.87","3,06,96,410","4,01,71,98,896.85","1,55,668","1,48,95,233","48.52"
"TATASTEEL","EQ","11-Dec-2023","129.20","129.85","130.50","128.75","130.25","130.05","129.82","2,40,38,059","3,12,05,31,964.30","1,44,371","1,27,30,517","52.96"
"TATASTEEL","EQ","08-Dec-2023","130.00","130.15","131.40","127.95","129.20","129.20","129.66","3,43,93,711","4,45,93,53,470.85","1,64,457","1,86,30,947","54.17"
"TATASTEEL","EQ","07-Dec-2023","131.85","131.70","132.20","129.80","130.05","130.00","130.51","3,46,86,333","4,52,70,01,638.35","1,76,826","2,02,20,786","58.30"
"TATASTEEL","EQ","06-Dec-2023","131.60","132.50","133.40","130.80","132.00","131.85","132.00","4,07,53,593","5,37,95,58,472.95","1,83,004","2,17,57,891","53.39"
"TATASTEEL","EQ","05-Dec-2023","131.00","131.00","132.45","130.00","131.70","131.60","131.38","3,51,92,149","4,62,33,85,317.75","1,91,777","1,96,87,473","55.94"
"TATASTEEL","EQ","04-Dec-2023","130.00","132.20","132.35","130.40","131.00","131.00","131.07","4,12,30,928","5,40,40,51,813.10","2,13,569","2,53,81,773","61.56"
"TATASTEEL","EQ","01-Dec-2023","127.90","128.90","130.30","128.05","130.00","130.00","129.41","3,11,92,397","4,03,64,76,816.00","1,72,753","1,52,61,121","48.93"
"TATASTEEL","EQ","30-Nov-2023","127.75","127.80","128.85","126.50","127.90","127.90","127.97","4,01,65,104","5,13,99,85,066.50","1,73,510","2,34,01,076","58.26"
"TATASTEEL","EQ","29-Nov-2023","126.85","127.15","128.15","126.70","127.80","127.75","127.60","2,30,92,165","2,94,64,45,299.55","1,37,907","1,30,85,861","56.67"
"TATASTEEL","EQ","28-Nov-2023","125.95","127.00","127.00","126.00","126.95","126.85","126.49","1,83,77,843","2,32,45,66,454.85","1,37,072","1,01,36,368","55.16"
"TATASTEEL","EQ","24-Nov-2023","126.70","126.70","127.00","125.55","126.05","125.95","126.15","1,47,19,450","1,85,67,93,943.75","1,04,736","57,69,267","39.19"
"TATASTEEL","EQ","23-Nov-2023","126.10","126.35","127.40","125.90","126.75","126.70","126.78","3,07,36,851","3,89,67,87,469.35","1,52,378","1,71,81,131","55.90"
"TATASTEEL","EQ","22-Nov-2023","126.25","126.40","126.90","125.50","126.30","126.10","126.11","1,95,88,063","2,47,03,14,487.15","1,12,127","1,00,95,071","51.54"
"TATASTEEL","EQ","21-Nov-2023","124.35","125.05","126.40","124.95","126.20","126.25","125.95","2,96,43,312","3,73,35,34,250.25","1,52,063","1,64,10,691","55.36"
"TATASTEEL","EQ","20-Nov-2023","125.20","125.05","125.65","124.05","124.25","124.35","124.89","1,87,80,290","2,34,54,28,249.95","1,44,456","1,04,01,815","55.39"
"TATASTEEL","EQ","17-Nov-2023","124.70","124.70","125.75","124.30","125.00","125.20","125.16","2,33,19,439","2,91,85,81,820.75","1,30,629","1,01,21,371","43.40"
"TATASTEEL","EQ","16-Nov-2023","124.05","124.00","125.25","123.00","124.40","124.70","124.48","3,08,36,413","3,83,85,18,574.75","1,65,433","1,41,40,315","45.86"
"TATASTEEL","EQ","15-Nov-2023","121.00","121.70","124.40","121.50","124.10","124.05","123.38","3,83,44,393","4,73,09,75,784.75","1,83,566","1,87,51,117","48.90"
"TATASTEEL","EQ","13-Nov-2023","120.85","120.85","121.25","119.90","120.80","121.00","120.74","1,79,51,775","2,16,74,12,969.40","1,28,808","81,01,611","45.13"
"TATASTEEL","EQ","12-Nov-2023","120.05","121.60","121.60","120.60","120.85","120.85","120.92","39,84,034","48,17,33,972.85","69,992","25,84,096","64.86"
"TATASTEEL","EQ","10-Nov-2023","119.65","119.50","120.45","118.80","120.15","120.05","119.81","2,35,84,510","2,82,56,63,511.45","1,37,597","1,16,28,454","49.31"
"TATASTEEL","EQ","09-Nov-2023","119.05","119.20","120.50","118.85","119.65","119.65","119.70","2,29,79,112","2,75,05,17,129.70","1,32,295","1,10,55,492","48.11"
"TATASTEEL","EQ","08-Nov-2023","119.65","119.75","120.50","118.55","119.05","119.05","119.11","2,25,52,386","2,68,61,43,473.10","1,28,934","1,24,91,823","55.39"
"TATASTEEL","EQ","07-Nov-2023","119.40","119.30","120.20","118.40","119.75","119.65","119.62","2,58,18,033","3,08,84,35,269.90","1,35,129","1,18,69,641","45.97"
"TATASTEEL","EQ","06-Nov-2023","117.30","118.50","119.65","117.50","119.60","119.40","118.62","2,78,83,152","3,30,74,44,876.55","1,50,363","1,50,32,425","53.91"
"TATASTEEL","EQ","03-Nov-2023","118.10","118.20","118.60","117.10","117.40","117.30","117.73","3,17,47,230","3,73,75,15,379.95","1,79,215","1,31,19,948","41.33"
"TATASTEEL","EQ","02-Nov-2023","116.60","114.60","118.55","114.60","118.50","118.10","116.70","7,25,38,804","8,46,54,95,277.35","2,80,659","2,55,38,121","35.21"
"TATASTEEL","EQ","01-Nov-2023","118.75","119.00","119.10","116.00","116.15","116.60","117.78","2,47,17,941","2,91,12,36,884.90","1,62,002","1,00,78,581","40.77"
"TATASTEEL","EQ","31-Oct-2023","119.15","120.00","120.15","118.40","118.90","118.75","119.02","2,23,19,950","2,65,64,47,467.15","1,47,250","97,76,269","43.80"
"TATASTEEL","EQ","30-Oct-2023","119.90","121.05","121.25","118.95","119.15","119.15","119.37","1,87,53,217","2,23,85,32,926.65","1,45,518","71,11,077","37.92"
"TATASTEEL","EQ","27-Oct-2023","119.90","120.50","121.80","119.50","120.00","119.90","120.34","2,84,24,007","3,42,05,65,260.80","1,44,880","1,27,72,992","44.94"
"TATASTEEL","EQ","26-Oct-2023","121.35","120.85","120.90","118.90","120.05","119.90","119.81","3,62,98,907","4,34,89,29,304.25","1,91,297","1,80,83,675","49.82"
"TATASTEEL","EQ","25-Oct-2023","120.00","121.20","122.80","120.75","121.30","121.35","121.79","2,73,46,103","3,33,05,69,435.45","1,66,352","1,10,77,568","40.51"
"TATASTEEL","EQ","23-Oct-2023","123.10","123.35","123.40","119.70","120.05","120.00","120.97","3,06,99,479","3,71,37,36,345.95","1,98,614","1,58,71,719","51.70"
"TATASTEEL","EQ","20-Oct-2023","126.00","125.00","125.75","122.70","123.10","123.10","124.01","3,07,46,140","3,81,27,44,831.35","1,92,203","1,60,10,456","52.07"
"TATASTEEL","EQ","19-Oct-2023","127.10","125.50","126.50","124.35","125.80","126.00","125.46","3,09,41,319","3,88,19,44,628.55","1,65,387","1,32,56,849","42.85"
"TATASTEEL","EQ","18-Oct-2023","127.40","127.85","128.70","126.60","127.10","127.10","127.42","2,09,26,079","2,66,65,01,947.15","1,41,265","90,50,062","43.25"
"TATASTEEL","EQ","17-Oct-2023","127.00","127.90","128.55","127.00","127.75","127.40","127.90","2,42,41,710","3,10,05,88,399.80","1,36,830","1,10,81,475","45.71"
"TATASTEEL","EQ","16-Oct-2023","125.05","125.10","127.25","124.95","127.10","127.00","126.51","2,38,68,700","3,01,95,47,026.80","1,48,084","92,27,056","38.66"
"TATASTEEL","EQ","13-Oct-2023","125.90","125.00","125.75","124.00","125.20","125.05","124.93","2,69,12,800","3,36,20,90,989.25","1,60,443","1,08,02,197","40.14"
"TATASTEEL","EQ","12-Oct-2023","124.95","125.35","126.90","125.10","125.80","125.90","126.09","1,93,61,688","2,44,13,91,694.90","1,26,504","60,05,958","31.02"
"TATASTEEL","EQ","11-Oct-2023","125.30","126.00","126.30","124.70","124.95","124.95","125.48","2,44,55,932","3,06,86,16,682.35","1,32,086","1,02,75,919","42.02"
"TATASTEEL","EQ","10-Oct-2023","123.85","124.70","125.90","123.75","125.25","125.30","124.78","2,87,45,957","3,58,68,19,958.85","1,71,447","91,29,296","31.76"
"TATASTEEL","EQ","09-Oct-2023","125.90","124.80","124.90","122.60","123.35","123.85","123.88","2,14,57,836","2,65,82,19,956.95","1,87,353","88,57,712","41.28"
"TATASTEEL","EQ","06-Oct-2023","125.25","126.50","127.00","125.10","125.85","125.90","125.85","2,19,28,671","2,75,97,25,379.50","1,45,005","85,76,602","39.11"
"TATASTEEL","EQ","05-Oct-2023","125.30","125.90","126.15","124.55","125.55","125.25","125.31","2,70,63,441","3,39,13,65,474.55","1,65,593","1,11,67,651","41.26"
"TATASTEEL","EQ","04-Oct-2023","128.00","127.00","127.10","124.50","125.35","125.30","125.49","3,32,72,725","4,17,52,49,159.90","2,14,486","1,64,74,619","49.51"
"TATASTEEL","EQ","03-Oct-2023","128.90","129.00","129.10","127.25","128.10","128.00","127.82","1,86,13,557","2,37,91,07,875.80","1,36,399","66,30,374","35.62"
"TATASTEEL","EQ","29-Sep-2023","126.80","128.20","129.55","127.55","129.05","128.90","128.73","2,84,06,435","3,65,67,17,531.85","1,56,353","92,11,800","32.43"
"TATASTEEL","EQ","28-Sep-2023","128.15","128.35","129.30","126.30","127.25","126.80","127.69","2,99,82,233","3,82,82,88,872.45","1,65,709","95,22,142","31.76"
"TATASTEEL","EQ","27-Sep-2023","128.90","128.75","128.75","126.70","128.40","128.15","127.79","3,32,77,329","4,25,24,37,333.00","1,84,173","1,49,34,149","44.88"
"TATASTEEL","EQ","26-Sep-2023","127.40","129.00","130.55","128.40","128.95","128.90","129.50","4,89,36,598","6,33,72,43,511.85","2,35,615","1,54,64,657","31.60"
"TATASTEEL","EQ","25-Sep-2023","126.75","127.30","128.30","126.10","127.25","127.40","127.29","2,34,66,981","2,98,70,46,458.00","1,48,843","97,44,629","41.52"
"TATASTEEL","EQ","22-Sep-2023","127.80","127.15","128.70","125.50","127.20","126.75","127.09","3,40,59,194","4,32,85,63,173.75","1,93,209","1,26,82,272","37.24"
"TATASTEEL","EQ","21-Sep-2023","128.30","128.30","129.25","127.20","127.90","127.80","128.19","2,98,26,091","3,82,32,96,128.15","1,89,809","91,41,175","30.65"
"TATASTEEL","EQ","20-Sep-2023","130.45","130.45","131.80","128.00","128.50","128.30","129.55","4,36,27,379","5,65,19,83,902.35","2,20,289","1,81,97,736","41.71"
"TATASTEEL","EQ","18-Sep-2023","131.95","135.00","135.00","130.05","130.50","130.45","131.81","6,24,20,823","8,22,79,68,331.45","2,82,655","2,70,27,964","43.30"
"TATASTEEL","EQ","15-Sep-2023","131.70","132.60","133.30","129.85","132.20","131.95","131.48","8,50,58,495","11,18,37,54,761.50","1,89,446","5,38,93,265","63.36"
"TATASTEEL","EQ","14-Sep-2023","129.55","131.00","134.20","130.80","131.95","131.70","132.32","5,88,00,620","7,78,03,13,510.10","3,33,183","2,21,96,545","37.75"
"TATASTEEL","EQ","13-Sep-2023","129.00","129.60","130.50","127.70","129.90","129.55","129.32","2,33,71,459","3,02,24,84,084.00","1,63,917","94,77,034","40.55"
"TATASTEEL","EQ","12-Sep-2023","131.15","132.80","133.15","128.65","128.90","129.00","130.05","3,80,65,283","4,95,03,14,633.25","2,12,107","1,68,70,428","44.32"
"TATASTEEL","EQ","11-Sep-2023","129.50","129.50","131.85","129.20","131.10","131.15","130.71","3,33,77,857","4,36,28,62,449.95","1,74,961","1,34,87,558","40.41"
"TATASTEEL","EQ","08-Sep-2023","130.15","131.40","131.65","129.20","129.60","129.50","130.24","3,43,13,523","4,46,90,52,986.90","1,26,365","1,57,86,559","46.01"
"TATASTEEL","EQ","07-Sep-2023","129.60","129.50","130.80","128.60","130.10","130.15","130.00","3,02,68,235","3,93,47,81,899.05","1,53,956","1,30,09,983","42.98"
"TATASTEEL","EQ","06-Sep-2023","131.70","132.40","132.40","128.20","129.45","129.60","129.55","3,60,58,850","4,67,14,65,545.35","2,16,595","1,62,63,994","45.10"
"TATASTEEL","EQ","05-Sep-2023","131.75","131.75","132.45","128.85","131.75","131.70","130.75","3,64,66,807","4,76,78,57,575.05","1,90,902","1,23,62,283","33.90"
"TATASTEEL","EQ","04-Sep-2023","127.05","129.20","132.90","128.85","131.90","131.75","131.69","6,85,25,900","9,02,42,25,220.75","3,42,443","2,89,21,797","42.21"
"TATASTEEL","EQ","01-Sep-2023","122.90","123.50","128.70","123.40","126.80","127.05","127.05","7,64,60,408","9,71,40,89,379.55","3,15,467","2,90,18,534","37.95"
"TATASTEEL","EQ","31-Aug-2023","122.10","122.85","123.60","122.15","123.60","122.90","122.77","6,06,26,985","7,44,34,73,788.50","2,01,344","3,69,12,762","60.89"
"TATASTEEL","EQ","30-Aug-2023","119.55","120.50","122.70","120.25","122.05","122.10","122.02","5,14,67,177","6,27,99,89,423.50","2,65,241","2,31,86,873","45.05"
"TATASTEEL","EQ","29-Aug-2023","117.60","118.50","120.15","117.75","119.80","119.55","119.10","3,60,38,317","4,29,23,28,896.10","1,29,481","1,88,34,917","52.26"
"TATASTEEL","EQ","28-Aug-2023","116.90","117.00","118.25","117.00","117.55","117.60","117.68","1,92,18,821","2,26,16,79,617.10","1,03,263","1,00,08,335","52.08"
"TATASTEEL","EQ","25-Aug-2023","118.25","118.00","118.15","116.70","117.10","116.90","117.39","2,36,92,527","2,78,11,76,955.20","1,07,610","1,14,15,334","48.18"
"TATASTEEL","EQ","24-Aug-2023","118.95","119.50","120.10","118.05","118.30","118.25","118.81","2,71,03,446","3,22,00,87,938.55","1,34,041","1,37,10,773","50.59"
"TATASTEEL","EQ","23-Aug-2023","117.55","117.85","119.25","117.65","118.85","118.95","118.89","4,37,44,909","5,20,08,86,017.65","1,33,768","2,52,29,506","57.67"
"TATASTEEL","EQ","22-Aug-2023","116.90","117.15","117.75","116.50","117.55","117.55","117.21","1,73,43,131","2,03,27,61,447.10","1,11,027","83,75,999","48.30"
"TATASTEEL","EQ","21-Aug-2023","115.80","116.75","117.10","115.85","116.80","116.90","116.64","2,26,29,651","2,63,96,28,824.70","1,34,669","1,16,94,190","51.68"
"TATASTEEL","EQ","18-Aug-2023","116.05","116.30","116.40","114.75","116.40","115.80","115.55","3,03,81,609","3,51,05,16,688.50","1,37,398","1,81,25,280","59.66"
"TATASTEEL","EQ","17-Aug-2023","115.95","115.90","116.80","114.70","115.95","116.05","115.78","2,84,61,865","3,29,54,20,065.10","1,71,164","1,25,86,947","44.22"
"TATASTEEL","EQ","16-Aug-2023","118.15","117.95","117.95","115.40","115.90","115.95","116.22","3,12,52,473","3,63,20,61,298.05","1,69,033","1,47,97,120","47.35"
"TATASTEEL","EQ","14-Aug-2023","120.30","120.30","120.40","117.35","117.85","118.15","118.23","3,30,95,516","3,91,28,29,472.45","1,67,262","1,60,88,191","48.61"
"TATASTEEL","EQ","11-Aug-2023","120.00","120.30","121.40","119.15","120.55","120.30","120.43","2,63,37,436","3,17,17,61,199.15","1,44,366","97,40,925","36.99"
"TATASTEEL","EQ","10-Aug-2023","120.20","120.00","120.65","119.25","120.00","120.00","119.92","2,44,39,101","2,93,06,27,924.30","1,40,513","1,16,91,859","47.84"
"TATASTEEL","EQ","09-Aug-2023","118.15","118.35","120.50","116.90","120.40","120.20","118.53","3,41,54,214","4,04,84,50,641.55","1,46,911","1,62,09,425","47.46"
"TATASTEEL","EQ","08-Aug-2023","118.85","119.00","119.50","117.95","118.15","118.15","118.51","2,12,75,054","2,52,13,77,215.10","1,22,839","1,21,61,443","57.16"
"TATASTEEL","EQ","07-Aug-2023","119.00","119.60","119.60","118.00","118.60","118.85","118.73","2,07,11,952","2,45,90,82,671.95","1,33,643","1,02,35,281","49.42"
"TATASTEEL","EQ","04-Aug-2023","118.20","119.40","119.75","118.00","119.00","119.00","118.93","2,23,03,966","2,65,25,51,989.70","1,14,669","1,18,35,801","53.07"
"TATASTEEL","EQ","03-Aug-2023","118.95","118.70","119.65","117.50","118.60","118.20","118.24","3,46,24,188","4,09,38,84,505.55","1,96,496","1,36,35,103","39.38"
"TATASTEEL","EQ","02-Aug-2023","123.20","122.90","122.90","118.25","119.20","118.95","119.89","5,49,51,586","6,58,78,87,454.35","2,40,403","3,00,24,744","54.64"
"TATASTEEL","EQ","01-Aug-2023","123.15","123.55","124.15","122.55","123.15","123.20","123.36","2,78,63,562","3,43,73,63,292.15","1,52,455","1,56,69,398","56.24"
"TATASTEEL","EQ","31-Jul-2023","120.60","120.60","123.85","120.60","122.85","123.15","122.85","5,23,30,311","6,42,90,27,091.55","2,23,916","2,64,77,333","50.60"
"TATASTEEL","EQ","28-Jul-2023","119.80","120.20","121.10","118.70","120.50","120.60","119.93","3,39,96,691","4,07,73,60,851.60","1,40,641","1,39,53,237","41.04"
"TATASTEEL","EQ","27-Jul-2023","119.95","120.25","121.45","119.15","120.30","119.80","120.27","3,96,64,251","4,77,04,85,839.25","1,55,050","2,12,98,073","53.70"
"TATASTEEL","EQ","26-Jul-2023","119.25","119.80","120.60","118.85","119.85","119.95","119.81","2,97,16,336","3,56,03,54,181.25","1,66,824","1,44,40,834","48.60"
"TATASTEEL","EQ","25-Jul-2023","115.50","115.00","119.90","114.35","119.10","119.25","118.27","8,80,35,259","10,41,21,64,866.45","2,90,928","3,68,10,507","41.81"
"TATASTEEL","EQ","24-Jul-2023","116.60","116.50","116.50","114.35","115.25","115.50","115.37","3,81,13,555","4,39,72,47,627.25","1,66,031","1,96,84,535","51.65"
"TATASTEEL","EQ","21-Jul-2023","116.95","116.60","117.95","115.50","116.70","116.60","116.65","3,15,46,136","3,67,98,25,459.10","1,26,664","1,05,70,260","33.51"
"TATASTEEL","EQ","20-Jul-2023","116.70","116.70","117.25","116.35","116.90","116.95","116.87","2,23,03,831","2,60,67,03,327.15","1,06,969","98,54,954","44.19"
"TATASTEEL","EQ","19-Jul-2023","116.60","116.70","117.20","116.10","116.55","116.70","116.69","1,72,22,355","2,00,96,94,774.10","1,12,312","67,26,288","39.06"
"TATASTEEL","EQ","18-Jul-2023","117.75","118.00","118.15","116.40","116.60","116.60","117.09","2,34,33,431","2,74,38,57,232.85","1,24,030","1,02,34,267","43.67"
"TATASTEEL","EQ","17-Jul-2023","117.15","117.95","119.35","117.10","117.80","117.75","118.34","4,91,15,369","5,81,23,13,828.95","1,96,197","2,15,66,106","43.91"
"TATASTEEL","EQ","14-Jul-2023","114.85","115.70","117.90","114.80","117.65","117.15","116.26","3,45,21,821","4,01,35,34,242.35","1,38,452","1,94,20,168","56.25"
"TATASTEEL","EQ","13-Jul-2023","114.70","116.00","116.95","114.50","114.95","114.85","115.73","4,48,47,814","5,19,00,13,535.60","1,61,649","2,31,17,986","51.55"
"TATASTEEL","EQ","12-Jul-2023","115.15","115.15","116.05","114.00","114.75","114.70","114.77","3,27,71,204","3,76,10,70,520.60","1,49,737","1,57,74,315","48.13"
"TATASTEEL","EQ","11-Jul-2023","115.30","115.60","116.10","114.80","115.10","115.15","115.43","3,79,99,385","4,38,61,30,159.45","1,92,661","1,82,02,108","47.90"
"TATASTEEL","EQ","10-Jul-2023","111.60","112.25","115.70","111.65","115.25","115.30","114.48","6,06,52,690","6,94,38,15,581.60","2,19,509","3,07,02,973","50.62"
"TATASTEEL","EQ","07-Jul-2023","112.65","112.00","113.30","111.25","111.60","111.60","112.11","3,00,34,274","3,36,71,02,319.95","1,13,689","1,53,49,723","51.11"
"TATASTEEL","EQ","06-Jul-2023","112.95","112.00","112.85","111.50","112.65","112.65","112.15","3,43,20,086","3,84,90,61,350.15","1,38,042","1,29,86,191","37.84"
"TATASTEEL","EQ","05-Jul-2023","112.40","112.55","113.55","112.20","112.90","112.95","112.97","2,78,77,180","3,14,93,05,413.45","1,19,567","1,32,29,149","47.46"
"TATASTEEL","EQ","04-Jul-2023","113.10","113.20","113.40","112.10","112.35","112.40","112.66","2,50,80,307","2,82,54,46,861.10","1,24,580","1,22,50,571","48.85"
"TATASTEEL","EQ","03-Jul-2023","112.00","112.25","114.25","112.05","113.00","113.10","113.38","3,09,79,256","3,51,23,45,035.75","1,37,687","1,47,87,967","47.74"
"TATASTEEL","EQ","30-Jun-2023","111.55","111.60","112.20","110.40","112.00","112.00","111.64","2,67,41,918","2,98,53,82,486.20","1,29,098","1,30,92,405","48.96"
"TATASTEEL","EQ","28-Jun-2023","110.75","111.50","112.05","110.90","111.65","111.55","111.54","2,38,95,274","2,66,53,15,375.20","1,23,251","1,11,29,309","46.58"
"TATASTEEL","EQ","27-Jun-2023","109.85","110.60","111.50","110.15","110.90","110.75","110.86","2,41,29,403","2,67,50,86,307.85","1,38,795","1,04,79,720","43.43"
"TATASTEEL","EQ","26-Jun-2023","109.60","109.60","110.20","108.10","110.20","109.85","109.10","2,53,32,751","2,76,37,34,572.75","1,29,004","1,22,52,344","48.37"
"TATASTEEL","EQ","23-Jun-2023","111.10","110.50","110.75","109.20","109.35","109.60","109.97","2,21,90,233","2,44,02,21,682.95","1,12,770","1,05,43,561","47.51"
"TATASTEEL","EQ","22-Jun-2023","113.90","110.60","112.20","110.55","111.20","111.10","111.38","3,47,69,987","3,87,26,88,551.20","1,53,503","1,53,40,663","44.12"
"TATASTEEL","EQ","21-Jun-2023","114.25","114.90","114.90","112.85","113.95","113.90","113.68","3,56,27,983","4,05,01,86,870.45","1,41,248","1,98,03,274","55.58"
"TATASTEEL","EQ","20-Jun-2023","114.10","114.10","115.25","113.50","114.50","114.25","114.53","3,03,71,599","3,47,84,40,270.40","1,37,218","1,25,82,219","41.43"
"TATASTEEL","EQ","19-Jun-2023","114.25","115.45","115.60","113.05","114.20","114.10","114.08","3,35,02,185","3,82,20,38,084.40","1,40,304","1,73,64,036","51.83"
"TATASTEEL","EQ","16-Jun-2023","113.75","114.40","114.80","113.85","114.35","114.25","114.24","3,17,15,807","3,62,31,57,859.10","1,19,137","1,87,26,828","59.05"
"TATASTEEL","EQ","15-Jun-2023","113.80","113.90","114.20","113.25","113.65","113.75","113.75","3,94,30,138","4,48,52,56,302.80","1,48,524","2,01,23,406","51.04"
"TATASTEEL","EQ","14-Jun-2023","111.15","111.50","114.00","111.40","113.75","113.80","113.22","6,66,96,433","7,55,10,41,425.20","2,45,307","2,83,91,262","42.57"
"TATASTEEL","EQ","13-Jun-2023","109.50","110.00","111.85","109.65","111.05","111.15","110.85","3,00,18,212","3,32,76,32,939.35","1,29,410","1,47,87,238","49.26"
"TATASTEEL","EQ","12-Jun-2023","108.90","109.15","110.60","109.15","109.55","109.50","109.79","2,34,72,313","2,57,70,57,322.15","1,29,504","98,85,609","42.12"
"TATASTEEL","EQ","09-Jun-2023","111.15","111.25","111.65","108.65","109.15","108.90","109.42","3,63,92,617","3,98,21,74,835.80","1,60,353","1,71,16,650","47.03"
"TATASTEEL","EQ","08-Jun-2023","111.50","111.50","113.00","110.95","111.25","111.15","111.81","4,63,80,294","5,18,57,82,963.20","1,63,368","2,08,68,181","44.99"
"TATASTEEL","EQ","07-Jun-2023","109.00","109.50","111.75","108.90","111.50","111.50","110.46","4,51,57,197","4,98,78,84,439.90","1,72,381","2,36,77,031","52.43"
"TATASTEEL","EQ","06-Jun-2023","109.40","109.75","109.85","108.30","109.10","109.00","108.94","2,67,51,372","2,91,44,20,221.25","1,23,777","1,32,34,760","49.47"
"TATASTEEL","EQ","05-Jun-2023","108.00","108.65","109.90","107.80","109.60","109.40","108.83","3,96,42,539","4,31,43,34,583.10","1,43,608","2,12,89,860","53.70"
"TATASTEEL","EQ","02-Jun-2023","105.95","106.50","108.30","106.50","108.05","108.00","107.48","4,66,86,933","5,01,77,25,667.70","1,38,198","3,01,59,023","64.60"
"TATASTEEL","EQ","01-Jun-2023","105.80","105.90","106.70","105.80","106.00","105.95","106.15","2,12,11,538","2,25,15,51,758.05","94,464","1,12,14,399","52.87"
"TATASTEEL","EQ","31-May-2023","107.05","106.40","106.95","105.60","105.85","105.80","106.14","4,12,49,944","4,37,82,51,037.75","1,31,061","2,51,12,522","60.88"
"TATASTEEL","EQ","30-May-2023","108.45","108.95","108.95","106.90","106.95","107.05","107.57","3,34,75,211","3,60,09,17,274.85","1,34,867","1,82,72,201","54.58"
"TATASTEEL","EQ","29-May-2023","106.40","107.00","108.85","106.30","108.35","108.45","107.92","4,10,62,311","4,43,15,34,295.90","1,49,388","2,05,08,284","49.94"
"TATASTEEL","EQ","26-May-2023","104.85","105.00","106.75","104.95","106.45","106.40","105.85","2,83,62,042","3,00,22,17,896.90","1,06,252","1,48,17,472","52.24"
"TATASTEEL","EQ","25-May-2023","105.20","105.00","105.20","104.30","105.00","104.85","104.66","2,58,85,062","2,70,90,50,705.20","1,20,182","1,22,00,550","47.13"
"TATASTEEL","EQ","24-May-2023","105.60","105.10","105.80","104.90","105.00","105.20","105.30","2,84,54,367","2,99,63,44,304.75","1,13,015","1,54,97,052","54.46"
"TATASTEEL","EQ","23-May-2023","105.00","105.10","106.05","105.00","105.60","105.60","105.58","2,13,04,034","2,24,93,49,513.10","1,20,258","1,10,51,597","51.88"
"TATASTEEL","EQ","22-May-2023","104.65","105.00","105.25","104.30","105.10","105.00","104.88","2,15,88,716","2,26,43,31,112.70","1,46,640","96,73,127","44.81"
"TATASTEEL","EQ","19-May-2023","105.20","105.60","105.70","104.05","104.70","104.65","104.56","2,98,48,841","3,12,09,08,345.85","1,64,196","1,31,32,048","44.00"
"TATASTEEL","EQ","18-May-2023","106.00","106.50","107.15","105.10","105.35","105.20","105.92","2,42,08,481","2,56,42,75,088.30","1,53,094","1,05,24,301","43.47"
"TATASTEEL","EQ","17-May-2023","107.40","107.40","107.50","105.55","106.05","106.00","106.26","2,88,95,465","3,07,04,86,552.55","1,58,469","1,49,82,642","51.85"
"TATASTEEL","EQ","16-May-2023","107.70","108.20","108.65","107.20","107.55","107.40","107.62","1,85,87,658","2,00,03,32,266.55","95,237","86,43,656","46.50"
"TATASTEEL","EQ","15-May-2023","106.75","107.05","108.20","105.65","107.65","107.70","107.17","2,21,48,028","2,37,35,07,495.90","1,24,207","74,70,584","33.73"
"TATASTEEL","EQ","12-May-2023","108.55","108.35","108.40","106.55","106.85","106.75","107.06","3,67,94,838","3,93,91,90,769.55","1,52,385","1,92,97,051","52.44"
"TATASTEEL","EQ","11-May-2023","109.25","109.20","109.50","108.25","108.65","108.55","108.80","1,98,17,637","2,15,61,37,340.30","1,08,331","97,45,164","49.17"
"TATASTEEL","EQ","10-May-2023","109.55","109.60","110.00","108.60","109.35","109.25","109.03","1,92,13,215","2,09,49,12,629.60","1,02,095","92,59,378","48.19"
"TATASTEEL","EQ","09-May-2023","109.55","109.60","111.20","109.15","109.65","109.55","110.22","2,79,99,202","3,08,59,64,389.15","1,24,913","1,13,25,490","40.45"
"TATASTEEL","EQ","08-May-2023","108.65","109.25","109.85","108.25","109.75","109.55","109.36","2,31,30,472","2,52,94,84,680.95","1,00,999","1,10,42,547","47.74"
"TATASTEEL","EQ","05-May-2023","111.05","110.85","110.85","108.40","108.70","108.65","109.25","3,29,58,346","3,60,06,77,932.40","1,32,104","1,51,67,678","46.02"
"TATASTEEL","EQ","04-May-2023","109.70","110.00","111.90","109.50","110.90","111.05","111.10","3,86,36,907","4,29,23,97,887.10","1,41,966","1,37,93,437","35.70"
"TATASTEEL","EQ","03-May-2023","110.30","109.80","111.00","108.75","109.75","109.70","109.71","5,12,72,624","5,62,50,37,044.30","1,64,302","1,94,63,117","37.96"
"TATASTEEL","EQ","02-May-2023","107.95","108.00","110.85","108.00","110.40","110.30","109.88","5,28,22,162","5,80,39,26,375.60","1,77,776","2,55,63,029","48.39"
"TATASTEEL","EQ","28-Apr-2023","107.65","107.80","108.50","107.30","108.00","107.95","107.80","3,00,72,920","3,24,18,48,071.05","1,21,074","1,55,72,159","51.78"
"TATASTEEL","EQ","27-Apr-2023","106.85","106.30","107.85","106.30","107.65","107.65","107.29","2,23,64,308","2,39,93,60,923.30","1,01,664","96,55,214","43.17"
"TATASTEEL","EQ","26-Apr-2023","107.05","106.50","107.05","105.85","106.90","106.85","106.61","2,35,90,297","2,51,48,95,123.15","1,02,154","1,08,60,256","46.04"
"TATASTEEL","EQ","25-Apr-2023","106.50","106.70","107.60","106.25","106.95","107.05","107.17","2,33,33,425","2,50,05,46,363.50","1,17,726","1,05,42,235","45.18"
"TATASTEEL","EQ","24-Apr-2023","106.15","106.40","106.70","105.35","106.70","106.50","106.21","2,34,75,012","2,49,33,11,630.90","1,04,865","81,41,753","34.68"
"TATASTEEL","EQ","21-Apr-2023","108.00","108.00","108.10","105.35","106.10","106.15","106.06","3,76,38,506","3,99,18,43,098.75","1,55,242","1,64,21,534","43.63"
"TATASTEEL","EQ","20-Apr-2023","108.10","108.20","108.70","107.40","108.10","108.00","108.02","1,83,37,948","1,98,08,44,661.65","99,645","70,21,275","38.29"
"TATASTEEL","EQ","19-Apr-2023","107.60","107.85","110.40","107.75","108.10","108.10","109.04","6,21,00,775","6,77,17,63,621.70","1,84,789","2,43,93,050","39.28"
"TATASTEEL","EQ","18-Apr-2023","107.15","107.20","107.90","106.85","107.55","107.60","107.33","2,54,76,339","2,73,44,57,761.10","81,880","1,24,64,201","48.92"
"TATASTEEL","EQ","17-Apr-2023","107.50","107.60","108.30","106.75","107.20","107.15","107.25","2,46,42,162","2,64,28,35,449.50","1,24,418","1,13,33,677","45.99"
"TATASTEEL","EQ","13-Apr-2023","107.60","107.50","108.15","105.90","107.60","107.50","106.90","3,48,80,922","3,72,88,37,192.45","1,23,611","1,58,78,284","45.52"
"TATASTEEL","EQ","12-Apr-2023","107.55","108.20","108.40","106.95","107.70","107.60","107.81","2,73,49,538","2,94,85,17,983.10","1,28,731","1,04,33,581","38.15"
"TATASTEEL","EQ","11-Apr-2023","104.95","105.55","107.85","105.10","107.60","107.55","106.20","4,93,04,956","5,23,61,10,495.10","1,30,047","2,50,63,215","50.83"
"TATASTEEL","EQ","10-Apr-2023","104.35","104.50","105.75","104.50","105.10","104.95","105.07","1,99,92,257","2,10,06,42,987.95","99,915","85,05,539","42.54"
"TATASTEEL","EQ","06-Apr-2023","104.85","104.85","105.10","104.20","104.50","104.35","104.58","2,10,53,782","2,20,18,00,059.70","95,727","1,04,48,387","49.63"
"TATASTEEL","EQ","05-Apr-2023","104.10","104.10","105.00","103.20","104.80","104.85","104.27","2,51,94,802","2,62,70,43,258.30","1,26,999","1,04,12,316","41.33"
"TATASTEEL","EQ","03-Apr-2023","104.50","105.10","105.25","103.80","104.15","104.10","104.30","2,18,40,428","2,27,80,58,629.40","1,11,674","1,08,90,378","49.86"
"TATASTEEL","EQ","31-Mar-2023","103.60","105.00","105.50","104.10","104.50","104.50","104.90","3,45,79,415","3,62,73,14,028.05","1,43,838","2,10,18,305","60.78"
"TATASTEEL","EQ","29-Mar-2023","102.50","102.50","104.50","101.65","103.80","103.60","102.55","3,72,21,124","3,81,70,72,842.05","1,50,605","1,79,00,104","48.09"
"TATASTEEL","EQ","28-Mar-2023","102.30","102.85","103.10","102.35","102.60","102.50","102.66","1,87,03,734","1,92,02,12,067.45","1,19,164","84,12,290","44.98"
"TATASTEEL","EQ","27-Mar-2023","102.10","102.55","103.40","102.10","102.30","102.30","102.63","2,47,53,289","2,54,05,28,569.55","1,49,006","81,59,264","32.96"
"TATASTEEL","EQ","24-Mar-2023","104.90","105.00","105.05","101.55","102.05","102.10","103.10","3,90,14,278","4,02,23,77,160.10","2,41,782","1,74,56,932","44.74"
"TATASTEEL","EQ","23-Mar-2023","104.80","104.40","105.50","104.35","105.00","104.90","105.06","2,09,13,844","2,19,71,43,347.90","1,14,789","72,94,075","34.88"
"TATASTEEL","EQ","22-Mar-2023","104.75","104.75","105.95","104.40","104.95","104.80","105.21","2,58,91,259","2,72,40,80,059.55","1,05,023","1,08,50,705","41.91"
"TATASTEEL","EQ","21-Mar-2023","104.50","105.10","105.40","104.30","104.80","104.75","104.71","2,64,34,897","2,76,80,91,153.40","1,42,994","89,89,938","34.01"
"TATASTEEL","EQ","20-Mar-2023","107.00","106.10","106.45","103.85","104.50","104.50","104.71","4,15,69,640","4,35,26,03,949.85","1,82,679","1,76,59,007","42.48"
"TATASTEEL","EQ","17-Mar-2023","105.05","106.45","107.35","105.00","107.15","107.00","106.25","4,89,62,238","5,20,24,72,538.40","1,65,069","2,05,38,331","41.95"
"TATASTEEL","EQ","16-Mar-2023","108.65","107.25","107.25","103.70","105.30","105.05","104.83","8,10,88,340","8,50,01,65,789.10","2,76,188","3,91,06,588","48.23"
"TATASTEEL","EQ","15-Mar-2023","106.40","107.50","109.15","107.40","108.70","108.65","108.53","3,89,30,902","4,22,53,15,557.85","1,50,243","1,33,50,894","34.29"
"TATASTEEL","EQ","14-Mar-2023","106.80","107.00","108.55","106.20","106.55","106.40","107.38","4,85,84,984","5,21,71,99,866.90","1,66,949","1,92,91,939","39.71"
"TATASTEEL","EQ","13-Mar-2023","108.10","108.25","109.00","106.35","107.15","106.80","107.66","3,45,52,596","3,72,00,63,116.85","1,43,686","1,43,00,754","41.39"
"TATASTEEL","EQ","10-Mar-2023","108.20","107.00","108.35","106.60","108.15","108.10","107.74","4,76,99,832","5,13,89,44,228.45","1,54,176","2,05,36,679","43.05"
"TATASTEEL","EQ","09-Mar-2023","106.50","107.85","108.95","107.50","108.20","108.20","108.41","5,19,67,449","5,63,39,85,537.85","1,99,963","2,23,11,886","42.93"
"TATASTEEL","EQ","08-Mar-2023","105.65","105.30","106.90","104.00","106.40","106.50","106.10","4,39,39,583","4,66,18,90,631.85","1,76,234","1,57,56,770","35.86"
"TATASTEEL","EQ","06-Mar-2023","107.00","107.50","107.60","105.00","105.85","105.65","106.04","10,68,68,143","11,33,19,46,650.00","2,35,575","5,80,07,016","54.28"
"TATASTEEL","EQ","03-Mar-2023","104.65","106.00","107.45","105.00","107.45","107.00","105.92","11,71,75,295","12,41,09,56,853.75","2,12,882","7,75,47,013","66.18"
"TATASTEEL","EQ","02-Mar-2023","105.50","106.05","106.90","104.35","104.85","104.65","105.14","5,52,76,248","5,81,18,26,485.25","2,00,155","2,67,03,232","48.31"
"TATASTEEL","EQ","01-Mar-2023","103.95","104.70","107.10","104.50","105.70","105.50","105.57","7,61,75,319","8,04,18,59,455.85","2,12,265","4,16,76,332","54.71"
"TATASTEEL","EQ","28-Feb-2023","106.10","106.85","107.05","103.55","104.10","103.95","104.68","7,65,40,448","8,01,22,43,048.10","2,73,452","4,37,11,078","57.11"
"TATASTEEL","EQ","27-Feb-2023","109.75","109.80","110.05","105.15","106.50","106.10","106.67","5,62,17,189","5,99,65,71,618.55","2,76,383","2,29,07,853","40.75"
"TATASTEEL","EQ","24-Feb-2023","112.05","112.50","112.90","109.55","109.85","109.75","110.47","3,43,26,940","3,79,20,36,662.95","1,54,954","1,16,11,926","33.83"
"TATASTEEL","EQ","23-Feb-2023","111.15","111.55","113.65","111.35","112.20","112.05","112.32","3,08,45,778","3,46,44,72,213.65","1,53,482","95,81,338","31.06"
"TATASTEEL","EQ","22-Feb-2023","113.15","113.25","113.70","110.65","111.15","111.15","111.85","2,43,91,211","2,72,81,86,737.25","1,28,818","81,83,288","33.55"
"TATASTEEL","EQ","21-Feb-2023","112.35","112.90","114.20","112.75","113.45","113.15","113.56","2,98,30,864","3,38,74,74,094.25","1,49,603","94,50,087","31.68"
"TATASTEEL","EQ","20-Feb-2023","112.25","112.30","112.70","111.05","112.55","112.35","112.16","1,98,96,764","2,23,16,99,003.55","1,05,686","53,42,643","26.85"
"TATASTEEL","EQ","17-Feb-2023","112.00","111.55","113.10","111.30","112.10","112.25","112.56","3,41,07,244","3,83,92,75,198.65","1,50,582","1,06,08,676","31.10"
"TATASTEEL","EQ","16-Feb-2023","110.30","111.00","112.20","110.65","112.00","112.00","111.38","3,09,56,191","3,44,79,51,206.65","1,33,246","1,32,21,443","42.71"
"TATASTEEL","EQ","15-Feb-2023","109.25","109.00","110.60","108.80","110.35","110.30","109.82","3,55,44,190","3,90,33,13,900.75","1,50,839","1,22,76,457","34.54"
"TATASTEEL","EQ","14-Feb-2023","108.75","109.55","109.90","108.25","109.30","109.25","109.07","3,11,63,587","3,39,91,53,115.15","1,47,750","1,09,31,916","35.08"
"TATASTEEL","EQ","13-Feb-2023","108.80","108.80","110.60","108.40","109.15","108.75","109.23","5,61,86,469","6,13,69,99,513.30","2,13,478","2,19,17,969","39.01"
"TATASTEEL","EQ","10-Feb-2023","111.25","111.00","111.25","108.30","108.75","108.80","109.08","6,08,10,058","6,63,33,01,056.70","2,70,870","3,13,18,955","51.50"
"TATASTEEL","EQ","09-Feb-2023","111.45","112.15","112.95","109.95","111.35","111.25","111.11","6,47,10,455","7,19,01,26,333.05","1,95,025","3,24,57,777","50.16"
"TATASTEEL","EQ","08-Feb-2023","111.45","111.45","112.75","110.10","111.60","111.45","111.47","6,65,23,699","7,41,56,60,810.80","2,46,258","2,48,33,734","37.33"
"TATASTEEL","EQ","07-Feb-2023","117.45","112.60","115.35","110.55","111.20","111.45","112.53","11,09,53,246","12,48,55,38,285.30","4,27,378","3,83,76,423","34.59"
"TATASTEEL","EQ","06-Feb-2023","120.35","120.00","120.00","117.00","117.20","117.45","117.84","4,95,46,361","5,83,86,95,548.50","2,09,239","2,48,62,878","50.18"
"TATASTEEL","EQ","03-Feb-2023","119.95","120.05","121.00","117.20","120.00","120.35","119.18","4,69,77,350","5,59,87,05,778.30","1,80,644","1,87,76,888","39.97"
"TATASTEEL","EQ","02-Feb-2023","122.05","121.95","122.50","118.40","120.00","119.95","119.70","3,87,68,010","4,64,06,08,722.05","1,56,869","1,51,56,490","39.10"
"TATASTEEL","EQ","01-Feb-2023","119.70","120.10","124.15","119.30","122.05","122.05","122.17","7,29,19,626","8,90,82,55,658.10","2,18,692","2,45,93,935","33.73"
"TATASTEEL","EQ","31-Jan-2023","118.75","118.75","120.45","117.75","119.60","119.70","119.48","4,39,86,769","5,25,55,11,455.05","1,65,252","2,02,13,553","45.95"
"TATASTEEL","EQ","30-Jan-2023","120.65","120.45","121.10","116.90","118.65","118.75","118.48","4,65,51,837","5,51,53,00,590.95","1,97,879","1,96,06,847","42.12"
"TATASTEEL","EQ","27-Jan-2023","121.00","121.90","123.25","119.10","120.65","120.65","121.04","5,87,71,746","7,11,37,14,095.55","1,93,540","2,77,90,525","47.29"
"TATASTEEL","EQ","25-Jan-2023","120.40","120.35","122.25","120.10","121.00","121.00","120.91","4,65,22,102","5,62,48,60,373.10","1,52,844","2,03,99,060","43.85"
"TATASTEEL","EQ","24-Jan-2023","122.00","122.50","122.55","120.10","120.40","120.40","121.01","2,77,07,765","3,35,30,43,685.55","1,37,675","1,09,64,423","39.57"
"TATASTEEL","EQ","23-Jan-2023","122.95","123.40","123.85","121.50","121.80","122.00","122.60","2,86,01,260","3,50,64,07,861.10","1,33,056","1,08,80,240","38.04"
"TATASTEEL","EQ","20-Jan-2023","123.55","123.40","124.20","122.00","122.90","122.95","123.27","3,77,84,498","4,65,76,78,101.50","1,60,324","1,46,83,427","38.86"
"TATASTEEL","EQ","19-Jan-2023","122.45","121.80","124.30","121.15","123.50","123.55","123.39","5,35,64,076","6,60,93,06,267.85","2,38,773","2,10,75,519","39.35"
"TATASTEEL","EQ","18-Jan-2023","119.35","120.00","123.00","120.00","122.20","122.45","122.08","6,47,49,065","7,90,44,67,813.20","2,36,724","2,02,32,228","31.25"
"TATASTEEL","EQ","17-Jan-2023","119.95","119.75","119.90","118.00","119.30","119.35","119.00","2,78,80,531","3,31,77,31,473.65","1,17,336","1,01,16,199","36.28"
"TATASTEEL","EQ","16-Jan-2023","120.45","121.45","121.45","118.80","119.65","119.95","119.80","4,43,62,359","5,31,44,17,958.05","1,78,138","2,09,17,533","47.15"
"TATASTEEL","EQ","13-Jan-2023","118.10","118.55","121.60","118.15","120.35","120.45","120.31","6,88,84,010","8,28,73,20,121.45","2,42,859","2,28,41,088","33.16"
"TATASTEEL","EQ","12-Jan-2023","118.85","118.95","119.25","117.60","117.90","118.10","118.16","3,37,40,024","3,98,67,28,182.75","1,27,108","1,19,15,232","35.31"
"TATASTEEL","EQ","11-Jan-2023","118.85","119.45","120.35","118.00","118.60","118.85","119.04","4,93,21,252","5,87,12,10,496.25","1,82,298","1,80,92,757","36.68"
"TATASTEEL","EQ","10-Jan-2023","117.55","117.65","119.75","117.55","118.70","118.85","118.63","5,67,50,710","6,73,23,75,346.95","2,06,267","2,32,67,439","41.00"
"TATASTEEL","EQ","09-Jan-2023","115.65","116.90","118.10","116.55","117.60","117.55","117.54","3,77,63,131","4,43,86,28,753.10","1,84,045","1,30,17,072","34.47"
"TATASTEEL","EQ","06-Jan-2023","116.55","117.00","117.85","115.25","115.60","115.65","116.57","5,85,51,863","6,82,53,54,273.05","1,87,180","2,01,67,939","34.44"
"TATASTEEL","EQ","05-Jan-2023","115.75","116.50","117.00","114.50","116.80","116.55","115.74","5,88,06,907","6,80,60,57,647.80","2,38,074","1,86,65,056","31.74"
"TATASTEEL","EQ","04-Jan-2023","118.45","118.75","119.05","115.35","115.45","115.75","116.56","5,56,34,568","6,48,48,36,352.55","2,19,447","1,79,54,484","32.27"
"TATASTEEL","EQ","03-Jan-2023","119.25","119.80","120.50","117.75","118.50","118.45","119.04","7,44,19,090","8,85,90,42,586.45","2,79,140","2,00,27,658","26.91"
"TATASTEEL","EQ","02-Jan-2023","112.65","114.40","119.70","113.75","119.10","119.25","117.82","14,34,44,095","16,89,99,38,209.60","4,81,935","4,70,23,511","32.78"