"Symbol  ","Series  ","Date  ","Prev Close  ","Open Price  ","High Price  ","Low Price  ","Last Price  ","Close Price  ","Average Price ","Total Traded Quantity  ","Turnover ₹  ","No. of Trades  ","Deliverable Qty  ","% Dly Qt to Traded Qty  "
"M&M","EQ","31-Dec-2025","3,660.30","3,653.00","3,723.60","3,640.40","3,716.00","3,709.20","3,684.25","18,68,363","6,88,35,22,424.60","1,05,249","11,92,725","63.84"
"M&M","EQ","30-Dec-2025","3,592.10","3,590.00","3,666.00","3,575.20","3,660.00","3,660.30","3,646.84","20,63,179","7,52,40,77,539.00","1,23,302","12,66,316","61.38"
"M&M","EQ","29-Dec-2025","3,623.10","3,622.70","3,640.20","3,588.10","3,595.00","3,592.10","3,614.18","10,34,692","3,73,95,65,908.10","59,021","6,70,941","64.84"
"M&M","EQ","26-Dec-2025","3,636.70","3,636.70","3,647.00","3,614.60","3,627.00","3,623.10","3,626.77","8,29,910","3,00,98,90,089.10","38,529","5,76,999","69.53"
"M&M","EQ","24-Dec-2025","3,625.10","3,624.60","3,658.00","3,612.10","3,636.10","3,636.70","3,640.27","8,42,897","3,06,83,68,459.70","53,785","4,81,991","57.18"
"M&M","EQ","23-Dec-2025","3,616.70","3,619.20","3,637.50","3,605.00","3,622.00","3,625.10","3,621.54","14,13,628","5,11,95,09,275.80","95,084","7,52,026","53.20"
"M&M","EQ","22-Dec-2025","3,603.60","3,600.00","3,625.00","3,576.90","3,612.50","3,616.70","3,606.92","14,00,786","5,05,25,26,395.20","1,08,908","8,99,452","64.21"
"M&M","EQ","19-Dec-2025","3,586.60","3,571.00","3,615.00","3,560.00","3,605.00","3,603.60","3,598.04","16,47,819","5,92,89,15,962.40","93,791","11,26,245","68.35"
"M&M","EQ","18-Dec-2025","3,612.80","3,600.00","3,611.90","3,540.10","3,585.00","3,586.60","3,568.76","24,46,168","8,72,97,93,973.50","1,42,491","15,04,816","61.52"
"M&M","EQ","17-Dec-2025","3,621.00","3,647.90","3,647.90","3,594.00","3,612.50","3,612.80","3,612.94","12,09,367","4,36,93,65,281.50","1,03,978","7,84,289","64.85"
"M&M","EQ","16-Dec-2025","3,608.00","3,581.00","3,633.50","3,577.90","3,628.90","3,621.00","3,617.75","13,94,406","5,04,46,17,192.80","1,08,047","8,21,666","58.93"
"M&M","EQ","15-Dec-2025","3,679.60","3,632.00","3,665.40","3,603.60","3,609.70","3,608.00","3,619.21","17,04,069","6,16,73,80,944.30","1,52,694","10,85,048","63.67"
"M&M","EQ","12-Dec-2025","3,665.20","3,665.40","3,695.00","3,661.30","3,679.10","3,679.60","3,679.41","10,78,982","3,97,00,13,397.30","88,836","7,89,591","73.18"
"M&M","EQ","11-Dec-2025","3,630.00","3,623.40","3,669.10","3,615.90","3,658.60","3,665.20","3,642.92","9,81,456","3,57,53,66,554.50","81,623","4,94,077","50.34"
"M&M","EQ","10-Dec-2025","3,635.90","3,660.00","3,694.90","3,626.20","3,633.40","3,630.00","3,654.49","15,93,915","5,82,49,43,872.10","99,751","9,72,873","61.04"
"M&M","EQ","09-Dec-2025","3,681.70","3,658.00","3,674.40","3,604.50","3,648.40","3,635.90","3,633.20","39,01,255","14,17,40,28,840.00","1,59,487","24,75,149","63.44"
"M&M","EQ","08-Dec-2025","3,717.10","3,720.00","3,725.00","3,671.60","3,679.00","3,681.70","3,689.44","15,00,195","5,53,48,85,312.70","97,521","8,27,104","55.13"
"M&M","EQ","05-Dec-2025","3,671.60","3,659.30","3,721.50","3,642.50","3,708.30","3,717.10","3,704.63","23,93,280","8,86,62,05,885.30","80,840","14,65,642","61.24"
"M&M","EQ","04-Dec-2025","3,649.40","3,675.00","3,678.20","3,620.20","3,670.00","3,671.60","3,662.60","19,84,001","7,26,66,08,912.70","1,14,158","13,16,332","66.35"
"M&M","EQ","03-Dec-2025","3,716.50","3,736.00","3,740.00","3,640.00","3,649.00","3,649.40","3,660.65","20,02,476","7,33,03,56,933.00","1,11,944","12,72,068","63.52"
"M&M","EQ","02-Dec-2025","3,741.60","3,722.80","3,748.00","3,705.50","3,720.90","3,716.50","3,721.62","22,85,922","8,50,73,25,850.30","1,08,543","12,66,571","55.41"
"M&M","EQ","01-Dec-2025","3,757.30","3,790.00","3,795.00","3,730.00","3,733.00","3,741.60","3,755.36","18,30,158","6,87,29,04,233.50","1,24,425","9,87,225","53.94"
"M&M","EQ","28-Nov-2025","3,681.20","3,692.00","3,768.90","3,690.10","3,761.00","3,757.30","3,749.96","29,44,457","11,04,15,89,221.50","1,50,530","15,78,092","53.60"
"M&M","EQ","27-Nov-2025","3,686.40","3,701.50","3,717.60","3,665.00","3,679.00","3,681.20","3,684.90","19,93,274","7,34,50,23,294.10","1,25,917","11,91,871","59.79"
"M&M","EQ","26-Nov-2025","3,669.30","3,681.00","3,708.00","3,669.30","3,686.40","3,686.40","3,686.10","21,16,524","7,80,17,10,688.40","1,02,699","13,15,000","62.13"
"M&M","EQ","25-Nov-2025","3,690.80","3,687.00","3,695.80","3,653.00","3,660.70","3,669.30","3,675.94","17,14,176","6,30,12,02,655.30","1,12,437","9,66,524","56.38"
"M&M","EQ","24-Nov-2025","3,749.60","3,745.10","3,749.50","3,677.20","3,687.00","3,690.80","3,698.21","40,59,935","15,01,44,84,799.60","1,73,533","30,19,887","74.38"
"M&M","EQ","21-Nov-2025","3,716.70","3,730.00","3,779.00","3,726.00","3,747.00","3,749.60","3,758.37","31,84,145","11,96,71,79,242.90","1,33,438","17,87,061","56.12"
"M&M","EQ","20-Nov-2025","3,722.50","3,744.80","3,759.00","3,711.10","3,711.80","3,716.70","3,734.77","18,15,617","6,78,09,19,678.00","1,09,216","12,23,759","67.40"
"M&M","EQ","19-Nov-2025","3,694.80","3,695.00","3,746.50","3,667.80","3,718.00","3,722.50","3,719.32","16,26,043","6,04,77,72,644.50","79,016","10,72,009","65.93"
"M&M","EQ","18-Nov-2025","3,734.90","3,718.50","3,732.70","3,688.00","3,699.00","3,694.80","3,704.51","26,13,743","9,68,26,41,192.00","80,348","18,56,129","71.01"
"M&M","EQ","17-Nov-2025","3,698.60","3,710.00","3,754.50","3,682.30","3,731.70","3,734.90","3,731.18","20,94,008","7,81,31,20,933.70","1,13,027","14,18,085","67.72"
"M&M","EQ","14-Nov-2025","3,699.50","3,700.00","3,716.80","3,660.50","3,698.00","3,698.60","3,694.19","18,47,028","6,82,32,70,329.90","99,835","12,26,646","66.41"
"M&M","EQ","13-Nov-2025","3,754.30","3,748.20","3,754.10","3,690.20","3,699.40","3,699.50","3,722.97","15,99,079","5,95,33,30,624.90","82,467","8,54,417","53.43"
"M&M","EQ","12-Nov-2025","3,749.10","3,761.00","3,781.00","3,740.00","3,740.30","3,754.30","3,759.25","19,84,901","7,46,17,45,051.30","1,22,975","13,11,813","66.09"
"M&M","EQ","11-Nov-2025","3,663.90","3,699.90","3,759.00","3,670.00","3,745.10","3,749.10","3,718.02","30,44,040","11,31,78,14,134.90","1,51,361","15,24,811","50.09"
"M&M","EQ","10-Nov-2025","3,690.20","3,690.20","3,715.80","3,645.10","3,666.00","3,663.90","3,670.99","16,20,889","5,95,02,69,334.70","1,08,575","9,27,400","57.22"
"M&M","EQ","07-Nov-2025","3,618.50","3,615.60","3,718.00","3,566.80","3,685.00","3,690.20","3,657.39","25,95,934","9,49,43,49,340.40","1,14,599","14,97,107","57.67"
"M&M","EQ","06-Nov-2025","3,581.20","3,625.00","3,674.70","3,586.30","3,615.10","3,618.50","3,632.90","45,35,984","16,47,87,92,759.10","2,36,481","24,97,541","55.06"
"M&M","EQ","04-Nov-2025","3,548.90","3,548.60","3,632.80","3,537.20","3,584.30","3,581.20","3,579.83","34,94,428","12,50,94,54,839.60","1,58,797","15,76,038","45.10"
"M&M","EQ","03-Nov-2025","3,487.20","3,511.00","3,590.00","3,511.00","3,553.20","3,548.90","3,553.25","17,76,510","6,31,23,77,054.90","1,01,811","9,68,536","54.52"
"M&M","EQ","31-Oct-2025","3,502.10","3,516.10","3,526.70","3,483.70","3,490.60","3,487.20","3,497.71","19,15,577","6,70,01,39,749.60","86,391","14,23,681","74.32"
"M&M","EQ","30-Oct-2025","3,534.70","3,540.00","3,550.00","3,496.00","3,503.00","3,502.10","3,509.41","21,03,351","7,38,15,25,198.10","1,54,066","14,40,733","68.50"
"M&M","EQ","29-Oct-2025","3,579.10","3,580.00","3,583.50","3,522.10","3,539.50","3,534.70","3,539.66","25,26,473","8,94,28,52,378.10","1,16,799","16,72,267","66.19"
"M&M","EQ","28-Oct-2025","3,611.60","3,605.00","3,624.90","3,562.00","3,581.00","3,579.10","3,591.79","28,51,093","10,24,05,38,836.50","1,34,052","13,40,973","47.03"
"M&M","EQ","27-Oct-2025","3,625.00","3,626.80","3,635.30","3,593.00","3,616.00","3,611.60","3,612.50","14,40,893","5,20,52,19,258.20","1,15,594","9,23,106","64.06"
"M&M","EQ","24-Oct-2025","3,623.60","3,630.00","3,655.30","3,615.10","3,618.20","3,625.00","3,633.70","16,54,500","6,01,19,48,836.10","86,815","10,42,405","63.00"
"M&M","EQ","23-Oct-2025","3,621.20","3,632.10","3,650.00","3,600.00","3,627.50","3,623.60","3,627.70","37,24,956","13,51,30,26,368.10","1,75,986","23,31,507","62.59"
"M&M","EQ","21-Oct-2025","3,599.10","3,608.20","3,628.10","3,604.30","3,606.00","3,621.20","3,621.39","2,86,950","1,03,91,57,741.10","28,419","1,84,835","64.43"
"M&M","EQ","20-Oct-2025","3,647.20","3,674.00","3,676.00","3,593.00","3,596.70","3,599.10","3,630.88","28,27,250","10,26,53,93,771.20","1,20,487","19,47,713","68.89"
"M&M","EQ","17-Oct-2025","3,560.80","3,561.00","3,656.00","3,560.10","3,656.00","3,647.20","3,629.84","33,39,579","12,12,21,53,989.00","1,43,948","19,57,224","58.61"
"M&M","EQ","16-Oct-2025","3,497.20","3,503.00","3,573.20","3,498.30","3,563.90","3,560.80","3,552.62","21,25,552","7,55,12,75,887.70","1,49,417","10,96,542","51.59"
"M&M","EQ","15-Oct-2025","3,459.80","3,461.00","3,500.00","3,460.00","3,494.40","3,497.20","3,490.86","13,19,445","4,60,59,99,810.80","74,577","8,54,770","64.78"
"M&M","EQ","14-Oct-2025","3,459.70","3,469.90","3,487.10","3,428.00","3,453.00","3,459.80","3,453.14","15,18,505","5,24,36,14,247.80","88,544","7,53,551","49.62"
"M&M","EQ","13-Oct-2025","3,454.90","3,432.00","3,470.00","3,432.00","3,457.00","3,459.70","3,456.02","10,90,517","3,76,88,49,508.80","98,582","5,85,933","53.73"
"M&M","EQ","10-Oct-2025","3,442.90","3,425.00","3,473.90","3,395.70","3,454.00","3,454.90","3,444.15","14,16,272","4,87,78,54,709.30","98,132","7,28,084","51.41"
"M&M","EQ","09-Oct-2025","3,426.50","3,450.00","3,475.00","3,424.00","3,436.00","3,442.90","3,441.65","19,97,853","6,87,59,19,859.40","99,935","10,23,944","51.25"
"M&M","EQ","08-Oct-2025","3,492.80","3,500.00","3,509.70","3,422.60","3,425.00","3,426.50","3,447.19","14,44,911","4,98,08,86,190.20","96,223","8,90,449","61.63"
"M&M","EQ","07-Oct-2025","3,472.00","3,468.10","3,521.40","3,465.10","3,497.00","3,492.80","3,491.83","15,08,939","5,26,89,52,345.40","88,944","6,74,314","44.69"
"M&M","EQ","06-Oct-2025","3,462.00","3,462.00","3,480.00","3,425.10","3,476.00","3,472.00","3,463.48","11,56,082","4,00,40,68,116.50","71,226","6,15,108","53.21"
"M&M","EQ","03-Oct-2025","3,463.40","3,462.10","3,492.40","3,404.20","3,460.00","3,462.00","3,445.02","23,57,702","8,12,23,29,194.80","1,22,072","15,34,565","65.09"
"M&M","EQ","01-Oct-2025","3,427.00","3,419.20","3,501.00","3,415.50","3,468.50","3,463.40","3,467.09","23,64,844","8,19,91,17,035.70","1,20,394","12,59,560","53.26"
"M&M","EQ","30-Sep-2025","3,418.10","3,420.00","3,454.00","3,393.10","3,435.00","3,427.00","3,425.21","26,11,078","8,94,34,78,480.40","1,21,816","16,71,536","64.02"
"M&M","EQ","29-Sep-2025","3,396.50","3,419.00","3,458.00","3,405.00","3,433.10","3,418.10","3,431.03","31,75,716","10,89,59,80,137.60","2,11,089","21,41,544","67.43"
"M&M","EQ","26-Sep-2025","3,530.00","3,510.00","3,547.50","3,391.60","3,400.00","3,396.50","3,438.21","30,46,760","10,47,53,89,442.70","2,11,846","20,25,745","66.49"
"M&M","EQ","25-Sep-2025","3,574.90","3,579.90","3,584.10","3,521.80","3,538.20","3,530.00","3,545.18","21,06,344","7,46,73,76,220.70","1,20,749","13,21,489","62.74"
"M&M","EQ","24-Sep-2025","3,614.60","3,614.50","3,626.30","3,568.00","3,580.50","3,574.90","3,593.60","13,20,014","4,74,35,96,986.00","99,535","7,56,135","57.28"
"M&M","EQ","23-Sep-2025","3,584.80","3,610.00","3,679.20","3,606.80","3,610.00","3,614.60","3,627.06","25,23,224","9,15,18,89,431.90","1,26,861","12,08,006","47.88"
"M&M","EQ","22-Sep-2025","3,592.10","3,600.00","3,616.60","3,569.30","3,585.00","3,584.80","3,592.08","16,64,133","5,97,76,94,949.50","80,506","10,96,368","65.88"
"M&M","EQ","19-Sep-2025","3,642.20","3,601.00","3,636.70","3,584.50","3,600.90","3,592.10","3,602.33","40,18,342","14,47,54,07,169.30","1,16,789","30,68,776","76.37"
"M&M","EQ","18-Sep-2025","3,633.20","3,636.10","3,650.00","3,603.30","3,637.00","3,642.20","3,629.28","24,80,472","9,00,23,15,211.40","1,07,896","17,35,583","69.97"
"M&M","EQ","17-Sep-2025","3,608.00","3,608.00","3,644.90","3,593.10","3,635.00","3,633.20","3,625.72","22,37,804","8,11,36,52,038.50","92,659","13,64,428","60.97"
"M&M","EQ","16-Sep-2025","3,530.30","3,545.00","3,619.90","3,528.90","3,612.00","3,608.00","3,580.21","24,65,043","8,82,53,61,957.90","1,17,952","12,22,837","49.61"
"M&M","EQ","15-Sep-2025","3,589.90","3,590.00","3,603.40","3,526.60","3,530.30","3,530.30","3,544.99","25,50,444","9,04,12,91,874.40","1,40,495","19,03,461","74.63"
"M&M","EQ","12-Sep-2025","3,595.70","3,594.90","3,641.00","3,582.00","3,591.00","3,589.90","3,599.07","28,39,264","10,21,87,04,650.10","1,29,437","19,82,368","69.82"
"M&M","EQ","11-Sep-2025","3,604.40","3,620.00","3,647.90","3,580.00","3,597.00","3,595.70","3,597.27","19,49,934","7,01,44,30,014.50","1,28,933","10,57,975","54.26"
"M&M","EQ","10-Sep-2025","3,696.30","3,702.00","3,708.90","3,591.40","3,609.00","3,604.40","3,624.04","22,98,202","8,32,87,64,832.90","1,49,195","11,76,435","51.19"
"M&M","EQ","09-Sep-2025","3,701.40","3,702.20","3,723.80","3,673.10","3,702.00","3,696.30","3,696.11","28,79,258","10,64,20,60,040.70","1,94,157","13,96,612","48.51"
"M&M","EQ","08-Sep-2025","3,561.30","3,585.00","3,715.20","3,579.10","3,704.20","3,701.40","3,673.43","46,23,789","16,98,51,71,650.00","2,20,538","24,61,463","53.23"
"M&M","EQ","05-Sep-2025","3,481.50","3,511.00","3,577.80","3,481.50","3,562.90","3,561.30","3,554.30","37,00,943","13,15,42,58,911.70","1,90,252","15,58,866","42.12"
"M&M","EQ","04-Sep-2025","3,286.00","3,527.00","3,550.00","3,463.40","3,480.00","3,481.50","3,494.72","76,00,320","26,56,09,76,128.40","3,53,688","37,22,778","48.98"
"M&M","EQ","03-Sep-2025","3,234.50","3,269.00","3,293.70","3,232.80","3,288.00","3,286.00","3,266.31","26,72,659","8,72,97,29,375.60","1,21,638","14,08,290","52.69"
"M&M","EQ","02-Sep-2025","3,315.40","3,325.00","3,330.00","3,223.00","3,238.00","3,234.50","3,270.24","30,73,407","10,05,07,75,941.00","1,81,109","13,66,099","44.45"
"M&M","EQ","01-Sep-2025","3,199.50","3,191.10","3,324.90","3,191.10","3,312.00","3,315.40","3,278.35","35,25,726","11,55,85,58,577.60","1,74,792","21,66,140","61.44"
"M&M","EQ","29-Aug-2025","3,295.30","3,271.00","3,280.00","3,187.00","3,200.00","3,199.50","3,213.52","30,17,625","9,69,71,94,403.80","2,07,686","16,16,689","53.57"
"M&M","EQ","28-Aug-2025","3,330.80","3,375.00","3,375.00","3,287.30","3,301.00","3,295.30","3,308.84","29,36,428","9,71,61,60,339.20","1,80,770","14,98,033","51.02"
"M&M","EQ","26-Aug-2025","3,398.90","3,395.00","3,414.00","3,318.10","3,340.00","3,330.80","3,354.33","31,22,442","10,47,36,88,991.00","1,45,646","20,34,087","65.14"
"M&M","EQ","25-Aug-2025","3,403.00","3,428.00","3,429.00","3,381.80","3,400.00","3,398.90","3,396.86","18,59,862","6,31,76,85,152.40","1,32,740","12,46,324","67.01"
"M&M","EQ","22-Aug-2025","3,375.10","3,380.00","3,420.00","3,375.40","3,400.10","3,403.00","3,399.83","25,09,867","8,53,31,31,905.20","1,29,261","17,58,254","70.05"
"M&M","EQ","21-Aug-2025","3,395.60","3,410.00","3,410.00","3,370.00","3,377.50","3,375.10","3,387.18","19,64,795","6,65,51,07,263.60","1,12,757","12,62,106","64.24"
"M&M","EQ","20-Aug-2025","3,354.00","3,354.10","3,404.20","3,335.00","3,392.00","3,395.60","3,374.40","29,57,816","9,98,08,49,538.80","1,76,971","21,20,951","71.71"
"M&M","EQ","19-Aug-2025","3,383.10","3,400.00","3,403.90","3,338.10","3,357.00","3,354.00","3,367.12","25,96,242","8,74,18,54,869.20","2,14,611","17,05,328","65.68"
"M&M","EQ","18-Aug-2025","3,265.40","3,350.00","3,432.00","3,335.30","3,379.00","3,383.10","3,401.48","57,87,481","19,68,60,00,130.20","3,29,583","36,99,413","63.92"
"M&M","EQ","14-Aug-2025","3,282.20","3,273.20","3,313.50","3,262.00","3,265.00","3,265.40","3,276.60","15,08,721","4,94,34,76,384.10","1,04,267","9,06,289","60.07"
"M&M","EQ","13-Aug-2025","3,236.50","3,255.00","3,300.00","3,238.70","3,294.00","3,282.20","3,273.00","24,36,029","7,97,31,34,836.80","1,14,569","15,19,092","62.36"
"M&M","EQ","12-Aug-2025","3,186.20","3,186.10","3,253.00","3,185.10","3,236.00","3,236.50","3,235.18","33,15,978","10,72,77,84,089.50","1,52,785","21,39,543","64.52"
"M&M","EQ","11-Aug-2025","3,144.20","3,150.90","3,230.00","3,130.30","3,184.10","3,186.20","3,169.91","20,46,761","6,48,80,40,275.70","1,32,454","14,04,479","68.62"
"M&M","EQ","08-Aug-2025","3,211.10","3,207.00","3,214.90","3,135.60","3,141.80","3,144.20","3,169.17","17,21,037","5,45,42,53,481.60","1,35,295","11,15,991","64.84"
"M&M","EQ","07-Aug-2025","3,227.50","3,198.00","3,229.60","3,161.10","3,206.00","3,211.10","3,203.57","23,74,621","7,60,72,59,640.90","96,751","15,55,640","65.51"
"M&M","EQ","06-Aug-2025","3,212.20","3,212.20","3,240.10","3,178.60","3,240.10","3,227.50","3,212.42","18,66,321","5,99,54,14,551.80","1,01,809","12,83,000","68.74"
"M&M","EQ","05-Aug-2025","3,200.20","3,195.00","3,222.00","3,170.10","3,213.00","3,212.20","3,198.75","18,05,644","5,77,57,96,842.20","94,042","11,08,471","61.39"
"M&M","EQ","04-Aug-2025","3,159.30","3,170.00","3,223.00","3,160.00","3,197.60","3,200.20","3,200.23","26,84,012","8,58,94,44,766.90","1,01,458","15,77,253","58.76"
"M&M","EQ","01-Aug-2025","3,203.10","3,205.00","3,205.00","3,116.70","3,165.00","3,159.30","3,160.76","37,81,457","11,95,22,81,862.40","1,83,054","20,17,323","53.35"
"M&M","EQ","31-Jul-2025","3,208.90","3,225.00","3,238.20","3,135.60","3,197.50","3,203.10","3,199.17","44,65,859","14,28,70,51,740.90","2,42,288","20,13,788","45.09"
"M&M","EQ","30-Jul-2025","3,199.40","3,195.00","3,241.60","3,151.90","3,225.00","3,208.90","3,191.71","21,99,654","7,02,06,66,358.40","1,55,483","12,05,888","54.82"
"M&M","EQ","29-Jul-2025","3,209.80","3,203.00","3,225.90","3,186.60","3,207.00","3,199.40","3,203.08","18,24,673","5,84,45,75,813.70","1,32,200","12,71,369","69.68"
"M&M","EQ","28-Jul-2025","3,246.40","3,246.40","3,256.90","3,199.20","3,210.00","3,209.80","3,219.27","19,39,520","6,24,38,45,327.80","1,11,553","13,55,716","69.90"
"M&M","EQ","25-Jul-2025","3,260.90","3,256.00","3,259.00","3,214.00","3,245.00","3,246.40","3,237.82","14,75,856","4,77,85,58,496.30","74,302","9,62,014","65.18"
"M&M","EQ","24-Jul-2025","3,268.80","3,255.00","3,286.50","3,243.70","3,245.00","3,260.90","3,264.66","14,69,406","4,79,71,13,228.70","1,08,929","9,51,732","64.77"
"M&M","EQ","23-Jul-2025","3,257.20","3,260.00","3,303.00","3,248.00","3,265.00","3,268.80","3,274.46","21,59,800","7,07,21,73,921.40","1,20,588","11,54,275","53.44"
"M&M","EQ","22-Jul-2025","3,246.70","3,246.70","3,271.90","3,210.50","3,260.00","3,257.20","3,242.64","18,54,072","6,01,20,96,306.20","1,31,531","9,52,159","51.36"
"M&M","EQ","21-Jul-2025","3,192.40","3,177.00","3,253.60","3,152.80","3,246.30","3,246.70","3,223.16","24,36,535","7,85,33,38,648.50","1,29,022","13,79,673","56.62"
"M&M","EQ","18-Jul-2025","3,195.00","3,208.00","3,252.00","3,176.70","3,199.00","3,192.40","3,202.66","20,40,381","6,53,46,36,726.90","1,26,629","10,96,179","53.72"
"M&M","EQ","17-Jul-2025","3,196.50","3,186.30","3,238.00","3,171.00","3,216.00","3,195.00","3,192.87","32,67,180","10,43,16,77,227.00","1,25,112","19,98,058","61.16"
"M&M","EQ","16-Jul-2025","3,128.60","3,128.60","3,210.00","3,082.40","3,203.00","3,196.50","3,154.19","28,92,812","9,12,44,66,835.80","1,40,712","17,10,748","59.14"
"M&M","EQ","15-Jul-2025","3,092.10","3,086.10","3,148.30","3,082.90","3,135.00","3,128.60","3,123.96","28,26,720","8,83,05,61,477.60","1,23,399","20,15,205","71.29"
"M&M","EQ","14-Jul-2025","3,073.20","3,072.80","3,104.80","3,053.60","3,093.20","3,092.10","3,089.15","29,58,843","9,14,03,20,464.20","93,030","21,12,495","71.40"
"M&M","EQ","11-Jul-2025","3,162.40","3,158.00","3,162.40","3,062.40","3,069.90","3,073.20","3,091.91","30,41,614","9,40,43,99,177.80","1,50,131","19,95,409","65.60"
"M&M","EQ","10-Jul-2025","3,176.30","3,172.10","3,192.60","3,137.60","3,160.00","3,162.40","3,161.04","17,01,384","5,37,81,35,216.60","84,149","10,58,849","62.23"
"M&M","EQ","09-Jul-2025","3,157.90","3,145.00","3,189.00","3,141.00","3,175.00","3,176.30","3,174.88","12,45,661","3,95,48,24,484.60","69,074","7,62,378","61.20"
"M&M","EQ","08-Jul-2025","3,160.20","3,150.00","3,168.00","3,123.00","3,163.00","3,157.90","3,145.25","15,13,129","4,75,91,68,871.90","1,20,541","8,37,618","55.36"
"M&M","EQ","07-Jul-2025","3,162.50","3,162.50","3,173.00","3,152.10","3,158.00","3,160.20","3,163.69","8,53,459","2,70,00,77,746.00","68,501","5,58,959","65.49"
"M&M","EQ","04-Jul-2025","3,174.40","3,161.10","3,177.00","3,134.10","3,162.00","3,162.50","3,155.27","9,68,006","3,05,43,21,981.60","63,482","4,52,159","46.71"
"M&M","EQ","03-Jul-2025","3,165.20","3,165.20","3,221.00","3,164.80","3,175.60","3,174.40","3,196.86","21,02,806","6,72,23,67,311.20","98,684","11,76,494","55.95"
"M&M","EQ","02-Jul-2025","3,176.10","3,168.00","3,202.70","3,153.70","3,164.80","3,165.20","3,172.44","15,59,309","4,94,68,21,700.00","76,219","10,03,866","64.38"
"M&M","EQ","01-Jul-2025","3,183.20","3,188.00","3,218.00","3,168.20","3,176.00","3,176.10","3,188.97","14,07,074","4,48,71,21,750.10","90,034","7,12,564","50.64"
"M&M","EQ","30-Jun-2025","3,203.30","3,205.40","3,219.80","3,161.00","3,178.80","3,183.20","3,184.38","20,83,572","6,63,48,93,924.00","1,11,475","13,48,672","64.73"
"M&M","EQ","27-Jun-2025","3,215.80","3,205.00","3,241.50","3,187.10","3,220.00","3,203.30","3,206.86","50,98,406","16,34,98,56,926.00","1,76,163","39,20,621","76.90"
"M&M","EQ","26-Jun-2025","3,215.50","3,225.90","3,238.00","3,183.50","3,203.20","3,215.80","3,208.13","29,07,261","9,32,68,73,893.20","1,61,956","16,91,206","58.17"
"M&M","EQ","25-Jun-2025","3,150.10","3,180.00","3,225.50","3,160.50","3,218.00","3,215.50","3,195.35","20,78,771","6,64,24,06,851.10","1,01,906","12,59,543","60.59"
"M&M","EQ","24-Jun-2025","3,135.00","3,155.10","3,216.60","3,136.80","3,156.20","3,150.10","3,177.77","28,34,887","9,00,86,22,103.80","1,51,693","12,55,072","44.27"
"M&M","EQ","23-Jun-2025","3,184.40","3,163.60","3,184.40","3,122.70","3,136.00","3,135.00","3,141.92","17,31,432","5,44,00,16,795.60","96,994","8,16,382","47.15"
"M&M","EQ","20-Jun-2025","3,094.80","3,100.00","3,203.00","3,090.30","3,189.90","3,184.40","3,173.67","83,15,834","26,39,17,40,253.10","2,33,029","57,48,231","69.12"
"M&M","EQ","19-Jun-2025","3,041.10","3,038.00","3,106.90","3,034.20","3,089.00","3,094.80","3,082.49","24,82,920","7,65,35,64,735.10","1,07,167","11,41,839","45.99"
"M&M","EQ","18-Jun-2025","3,007.20","3,000.00","3,074.90","2,986.60","3,038.00","3,041.10","3,043.90","21,61,043","6,57,79,97,630.30","93,881","10,80,142","49.98"
"M&M","EQ","17-Jun-2025","3,023.60","3,043.00","3,043.00","2,994.00","3,008.00","3,007.20","3,008.48","14,55,355","4,37,84,04,686.10","1,13,661","9,09,840","62.52"
"M&M","EQ","16-Jun-2025","3,006.00","3,001.00","3,045.00","2,988.10","3,021.00","3,023.60","3,019.76","16,73,726","5,05,42,44,285.80","82,046","11,57,804","69.18"
"M&M","EQ","13-Jun-2025","3,019.20","2,932.00","3,018.50","2,932.00","3,005.90","3,006.00","2,990.46","20,03,184","5,99,04,41,411.50","1,02,647","13,17,447","65.77"
"M&M","EQ","12-Jun-2025","3,080.70","3,088.00","3,094.00","3,007.00","3,008.00","3,019.20","3,035.72","22,78,398","6,91,65,79,589.50","1,17,848","11,17,100","49.03"
"M&M","EQ","11-Jun-2025","3,067.50","3,085.00","3,124.00","3,076.00","3,082.00","3,080.70","3,096.19","17,49,787","5,41,76,68,102.90","81,643","8,93,969","51.09"
"M&M","EQ","10-Jun-2025","3,087.40","3,102.00","3,106.90","3,059.80","3,075.20","3,067.50","3,082.98","17,87,253","5,51,00,67,863.50","1,11,508","10,32,525","57.77"
"M&M","EQ","09-Jun-2025","3,106.50","3,130.00","3,141.00","3,078.00","3,085.00","3,087.40","3,101.96","13,64,639","4,23,30,53,183.50","76,538","7,40,672","54.28"
"M&M","EQ","06-Jun-2025","3,041.60","3,041.60","3,112.90","3,027.00","3,106.50","3,106.50","3,075.56","20,28,071","6,23,74,51,267.20","95,355","10,41,267","51.34"
"M&M","EQ","05-Jun-2025","3,053.40","3,078.00","3,095.00","2,994.80","3,045.00","3,041.60","3,049.40","35,04,632","10,68,70,29,172.00","1,43,954","15,83,830","45.19"
"M&M","EQ","04-Jun-2025","3,046.50","3,045.10","3,087.00","3,040.10","3,051.00","3,053.40","3,061.48","15,84,653","4,85,13,81,285.30","82,506","8,24,834","52.05"
"M&M","EQ","03-Jun-2025","3,025.90","3,042.00","3,064.80","3,027.00","3,044.00","3,046.50","3,045.88","32,04,094","9,75,92,96,418.70","1,39,606","18,79,883","58.67"
"M&M","EQ","02-Jun-2025","2,976.80","2,976.80","3,038.50","2,962.30","3,024.00","3,025.90","3,015.36","29,67,741","8,94,88,07,437.30","1,70,070","18,24,352","61.47"
"M&M","EQ","30-May-2025","3,009.00","3,005.00","3,017.40","2,957.00","2,971.00","2,976.80","2,977.23","37,00,191","11,01,63,20,512.70","1,13,144","24,17,696","65.34"
"M&M","EQ","29-May-2025","2,997.80","2,999.00","3,028.90","2,987.20","3,013.60","3,009.00","3,003.39","20,93,429","6,28,73,88,111.40","1,02,777","12,00,293","57.34"
"M&M","EQ","28-May-2025","3,039.80","3,039.70","3,044.80","2,993.00","2,994.50","2,997.80","3,009.00","14,91,995","4,48,94,15,080.40","93,521","8,17,951","54.82"
"M&M","EQ","27-May-2025","3,080.20","3,080.20","3,085.00","3,014.60","3,042.00","3,039.80","3,040.70","25,99,143","7,90,32,17,359.60","1,30,075","11,48,898","44.20"
"M&M","EQ","26-May-2025","3,012.70","3,038.00","3,101.00","3,027.70","3,075.00","3,080.20","3,078.97","21,64,190","6,66,34,81,816.60","1,50,987","11,96,105","55.27"
"M&M","EQ","23-May-2025","3,006.30","3,020.00","3,030.80","2,984.20","3,014.80","3,012.70","3,011.07","18,28,093","5,50,45,16,972.40","1,05,053","10,89,203","59.58"
"M&M","EQ","22-May-2025","3,090.70","3,076.60","3,089.80","2,980.50","3,016.00","3,006.30","3,010.09","38,70,830","11,65,15,31,830.40","1,87,573","23,50,179","60.72"
"M&M","EQ","21-May-2025","3,063.50","3,063.00","3,132.00","3,048.10","3,086.30","3,090.70","3,096.44","13,95,136","4,31,99,50,164.00","78,449","7,36,196","52.77"
"M&M","EQ","20-May-2025","3,128.00","3,128.20","3,135.30","3,049.10","3,073.00","3,063.50","3,076.55","26,67,772","8,20,75,24,069.70","1,15,914","17,39,697","65.21"
"M&M","EQ","19-May-2025","3,135.60","3,115.00","3,157.00","3,103.60","3,125.00","3,128.00","3,133.83","20,11,149","6,30,25,92,642.00","1,49,542","13,59,898","67.62"
"M&M","EQ","16-May-2025","3,144.30","3,135.00","3,149.50","3,115.00","3,133.90","3,135.60","3,134.27","22,69,659","7,11,37,19,402.80","1,86,310","14,14,434","62.32"
"M&M","EQ","15-May-2025","3,101.80","3,085.00","3,170.70","3,073.00","3,132.00","3,144.30","3,127.25","35,90,003","11,22,68,42,035.00","1,98,690","18,29,468","50.96"
"M&M","EQ","14-May-2025","3,053.80","3,037.50","3,110.00","3,018.00","3,103.10","3,101.80","3,092.44","22,36,302","6,91,56,34,317.10","98,515","12,91,326","57.74"
"M&M","EQ","13-May-2025","3,104.70","3,050.00","3,111.00","3,035.00","3,058.00","3,053.80","3,073.02","26,81,662","8,24,08,13,022.90","1,78,009","14,20,071","52.95"
"M&M","EQ","12-May-2025","2,982.10","3,044.70","3,112.20","3,033.70","3,097.50","3,104.70","3,067.99","21,66,730","6,64,75,00,167.20","1,57,748","11,70,364","54.02"
"M&M","EQ","09-May-2025","3,033.10","2,961.60","3,057.10","2,955.00","2,989.70","2,982.10","3,009.04","23,08,852","6,94,74,25,357.40","1,27,115","13,57,442","58.79"
"M&M","EQ","08-May-2025","3,119.90","3,127.40","3,137.00","3,008.50","3,009.00","3,033.10","3,058.10","33,23,894","10,16,47,98,793.40","1,55,291","18,67,867","56.20"
"M&M","EQ","07-May-2025","3,068.40","3,021.90","3,125.00","3,021.90","3,109.90","3,119.90","3,098.08","29,42,902","9,11,73,59,370.70","1,40,228","17,98,490","61.11"
"M&M","EQ","06-May-2025","3,021.50","3,150.60","3,159.70","3,056.00","3,058.40","3,068.40","3,097.22","56,83,215","17,60,21,47,039.90","2,66,730","16,48,477","29.01"
"M&M","EQ","05-May-2025","2,926.20","2,948.90","3,044.00","2,937.70","3,024.00","3,021.50","2,995.56","40,49,197","12,12,96,25,352.00","1,98,957","14,24,070","35.17"
"M&M","EQ","02-May-2025","2,928.80","2,950.00","3,000.00","2,910.20","2,918.60","2,926.20","2,953.27","33,84,402","9,99,50,52,108.00","1,42,813","19,57,019","57.82"
"M&M","EQ","30-Apr-2025","2,909.60","2,908.80","2,948.90","2,887.00","2,919.50","2,928.80","2,927.07","26,89,753","7,87,30,97,540.70","1,15,500","16,68,685","62.04"
"M&M","EQ","29-Apr-2025","2,930.60","2,950.00","2,969.50","2,901.80","2,905.80","2,909.60","2,920.47","20,51,228","5,99,05,42,010.30","1,10,088","11,21,669","54.68"
"M&M","EQ","28-Apr-2025","2,864.20","2,918.90","2,945.00","2,882.30","2,930.00","2,930.60","2,911.69","18,64,672","5,42,93,40,679.30","1,05,189","7,91,977","42.47"
"M&M","EQ","25-Apr-2025","2,901.40","2,901.40","2,939.60","2,831.10","2,865.00","2,864.20","2,872.73","22,99,310","6,60,52,95,806.00","1,07,647","12,25,347","53.29"
"M&M","EQ","24-Apr-2025","2,917.80","2,917.80","2,928.00","2,865.00","2,898.00","2,901.40","2,893.16","24,88,496","7,19,96,08,088.00","1,07,895","12,98,187","52.17"
"M&M","EQ","23-Apr-2025","2,817.10","2,830.00","2,923.00","2,826.00","2,900.90","2,917.80","2,890.96","39,06,215","11,29,26,94,450.30","1,53,835","24,77,410","63.42"
"M&M","EQ","22-Apr-2025","2,764.00","2,765.00","2,822.00","2,756.00","2,811.10","2,817.10","2,800.01","31,93,757","8,94,25,40,174.50","1,66,491","21,51,672","67.37"
"M&M","EQ","21-Apr-2025","2,679.40","2,699.90","2,774.00","2,665.90","2,765.00","2,764.00","2,742.15","31,20,955","8,55,81,40,689.60","1,29,375","19,49,413","62.46"
"M&M","EQ","17-Apr-2025","2,634.60","2,632.00","2,682.80","2,602.40","2,675.30","2,679.40","2,653.58","26,38,979","7,00,27,33,750.00","1,74,058","14,18,452","53.75"
"M&M","EQ","16-Apr-2025","2,646.00","2,660.00","2,665.00","2,618.30","2,632.20","2,634.60","2,636.04","30,70,954","8,09,51,44,350.70","2,30,796","19,23,830","62.65"
"M&M","EQ","15-Apr-2025","2,580.35","2,606.00","2,690.00","2,606.00","2,650.00","2,646.00","2,661.82","32,87,861","8,75,17,06,211.90","2,35,293","20,31,120","61.78"
"M&M","EQ","11-Apr-2025","2,523.10","2,549.00","2,604.00","2,532.05","2,600.60","2,580.35","2,575.14","36,00,209","9,27,10,28,199.65","2,26,713","21,73,524","60.37"
"M&M","EQ","09-Apr-2025","2,523.65","2,540.00","2,571.95","2,515.95","2,530.50","2,523.10","2,542.52","33,47,213","8,51,03,65,788.75","1,88,585","17,85,845","53.35"
"M&M","EQ","08-Apr-2025","2,491.25","2,510.00","2,550.00","2,454.00","2,524.85","2,523.65","2,508.62","42,53,527","10,67,05,02,713.60","2,27,666","18,24,796","42.90"
"M&M","EQ","07-Apr-2025","2,596.55","2,425.00","2,524.65","2,425.00","2,508.00","2,491.25","2,486.05","39,37,471","9,78,87,65,284.05","2,84,875","22,39,871","56.89"
"M&M","EQ","04-Apr-2025","2,611.45","2,614.95","2,631.50","2,557.05","2,601.40","2,596.55","2,598.52","35,98,415","9,35,05,69,400.25","1,81,164","22,07,531","61.35"
"M&M","EQ","03-Apr-2025","2,637.55","2,607.75","2,652.40","2,600.25","2,617.00","2,611.45","2,624.91","23,61,203","6,19,79,50,577.35","1,26,111","14,51,199","61.46"
"M&M","EQ","02-Apr-2025","2,637.90","2,631.10","2,660.00","2,625.30","2,637.95","2,637.55","2,641.07","22,43,574","5,92,54,34,011.85","1,29,253","14,87,790","66.31"
"M&M","EQ","01-Apr-2025","2,665.80","2,652.80","2,728.00","2,623.15","2,640.00","2,637.90","2,662.50","33,00,417","8,78,73,74,453.80","1,71,785","18,29,929","55.45"
"M&M","EQ","28-Mar-2025","2,733.00","2,735.80","2,739.70","2,635.00","2,661.15","2,665.80","2,659.63","60,74,446","16,15,57,85,635.85","2,83,613","35,76,036","58.87"
"M&M","EQ","27-Mar-2025","2,742.25","2,735.00","2,751.00","2,695.55","2,734.00","2,733.00","2,727.11","43,25,599","11,79,63,76,825.80","2,16,437","27,08,085","62.61"
"M&M","EQ","26-Mar-2025","2,736.00","2,751.30","2,795.00","2,737.05","2,742.05","2,742.25","2,759.30","31,11,504","8,58,55,69,216.85","1,55,421","20,07,247","64.51"
"M&M","EQ","25-Mar-2025","2,774.70","2,774.70","2,802.45","2,725.05","2,730.50","2,736.00","2,752.07","35,76,766","9,84,35,20,381.40","2,20,783","17,98,955","50.30"
"M&M","EQ","24-Mar-2025","2,801.85","2,815.30","2,822.15","2,709.40","2,777.00","2,774.70","2,758.48","53,95,134","14,88,23,45,906.65","2,62,642","27,81,853","51.56"
"M&M","EQ","21-Mar-2025","2,828.10","2,839.10","2,893.00","2,781.25","2,787.20","2,801.85","2,833.87","38,24,316","10,83,76,17,894.85","1,28,915","24,51,495","64.10"
"M&M","EQ","20-Mar-2025","2,789.10","2,803.75","2,847.00","2,801.00","2,838.00","2,828.10","2,827.02","23,54,374","6,65,58,53,148.65","1,46,188","13,19,450","56.04"
"M&M","EQ","19-Mar-2025","2,791.40","2,795.00","2,831.90","2,779.55","2,785.00","2,789.10","2,804.00","24,38,912","6,83,87,03,620.55","1,30,749","14,52,821","59.57"
"M&M","EQ","18-Mar-2025","2,705.15","2,732.30","2,798.00","2,715.05","2,785.00","2,791.40","2,769.58","35,22,624","9,75,61,90,786.80","1,47,651","21,82,466","61.96"
"M&M","EQ","17-Mar-2025","2,643.50","2,635.00","2,727.05","2,635.00","2,701.00","2,705.15","2,689.17","25,27,623","6,79,72,00,209.55","1,60,528","13,13,507","51.97"
"M&M","EQ","13-Mar-2025","2,653.30","2,677.10","2,686.35","2,618.30","2,644.50","2,643.50","2,643.38","24,46,428","6,46,68,47,997.95","1,26,240","13,61,732","55.66"
"M&M","EQ","12-Mar-2025","2,645.60","2,645.60","2,678.00","2,636.10","2,650.00","2,653.30","2,655.73","34,47,155","9,15,46,99,019.80","1,49,821","22,58,417","65.52"
"M&M","EQ","11-Mar-2025","2,702.60","2,684.75","2,685.00","2,613.15","2,657.85","2,645.60","2,648.19","36,16,140","9,57,62,28,724.45","2,02,979","23,25,430","64.31"
"M&M","EQ","10-Mar-2025","2,727.85","2,695.00","2,734.65","2,665.10","2,699.00","2,702.60","2,706.17","25,20,931","6,82,20,78,572.15","1,12,467","13,71,763","54.41"
"M&M","EQ","07-Mar-2025","2,742.40","2,721.30","2,765.95","2,708.10","2,728.10","2,727.85","2,734.27","18,86,774","5,15,89,52,088.80","1,19,343","10,42,120","55.23"
"M&M","EQ","06-Mar-2025","2,726.60","2,748.00","2,766.85","2,695.00","2,740.60","2,742.40","2,736.25","37,06,264","10,14,12,82,937.65","1,52,491","18,95,302","51.14"
"M&M","EQ","05-Mar-2025","2,613.35","2,661.95","2,736.90","2,642.65","2,721.35","2,726.60","2,708.55","36,65,710","9,92,87,69,339.95","1,80,134","17,47,380","47.67"
"M&M","EQ","04-Mar-2025","2,611.90","2,561.00","2,627.30","2,550.00","2,612.85","2,613.35","2,603.43","19,84,876","5,16,74,87,843.95","1,18,486","9,29,416","46.82"
"M&M","EQ","03-Mar-2025","2,585.10","2,613.80","2,695.95","2,595.00","2,612.00","2,611.90","2,628.07","43,40,806","11,40,79,48,555.15","2,18,511","19,23,955","44.32"
"M&M","EQ","28-Feb-2025","2,726.55","2,695.10","2,699.00","2,572.20","2,595.00","2,585.10","2,604.06","75,49,863","19,66,03,15,531.70","3,73,075","47,54,887","62.98"
"M&M","EQ","27-Feb-2025","2,777.85","2,837.00","2,840.00","2,703.50","2,720.00","2,726.55","2,738.18","26,69,767","7,31,03,09,066.65","1,32,720","11,72,307","43.91"
"M&M","EQ","25-Feb-2025","2,709.20","2,740.00","2,803.95","2,728.15","2,767.00","2,777.85","2,778.01","49,16,248","13,65,73,66,847.05","2,47,707","21,42,048","43.57"
"M&M","EQ","24-Feb-2025","2,669.35","2,669.00","2,716.80","2,631.15","2,710.50","2,709.20","2,688.30","61,67,313","16,57,95,58,765.15","2,82,137","30,68,806","49.76"
"M&M","EQ","21-Feb-2025","2,839.45","2,815.20","2,815.20","2,653.35","2,663.50","2,669.35","2,694.03","89,40,621","24,08,62,80,053.25","4,07,564","44,42,713","49.69"
"M&M","EQ","20-Feb-2025","2,757.40","2,745.10","2,844.50","2,690.05","2,832.35","2,839.45","2,793.23","37,99,854","10,61,38,49,775.10","2,63,951","15,19,892","40.00"
"M&M","EQ","19-Feb-2025","2,790.05","2,750.00","2,782.65","2,728.00","2,758.85","2,757.40","2,756.02","26,71,072","7,36,15,29,633.40","2,80,089","14,44,807","54.09"
"M&M","EQ","18-Feb-2025","2,831.95","2,844.00","2,845.00","2,755.90","2,780.95","2,790.05","2,789.68","23,01,836","6,42,13,97,120.70","1,62,427","10,47,304","45.50"
"M&M","EQ","17-Feb-2025","2,942.60","2,940.80","2,955.00","2,792.25","2,841.00","2,831.95","2,825.13","47,73,279","13,48,51,51,658.05","2,68,050","20,89,108","43.77"
"M&M","EQ","14-Feb-2025","2,978.00","2,999.00","3,020.00","2,907.05","2,939.00","2,942.60","2,949.12","19,59,802","5,77,96,99,750.25","1,27,522","9,92,488","50.64"
"M&M","EQ","13-Feb-2025","2,987.20","3,024.95","3,047.00","2,971.05","2,979.95","2,978.00","3,003.54","24,81,783","7,45,41,37,121.55","1,47,059","12,85,263","51.79"
"M&M","EQ","12-Feb-2025","3,085.95","3,068.55","3,075.00","2,955.10","2,987.10","2,987.20","3,001.67","46,09,887","13,83,73,73,569.90","2,08,885","24,06,285","52.20"
"M&M","EQ","11-Feb-2025","3,137.25","3,146.85","3,154.00","3,071.10","3,085.00","3,085.95","3,113.75","24,70,280","7,69,18,30,725.55","1,45,323","11,40,752","46.18"
"M&M","EQ","10-Feb-2025","3,198.45","3,209.20","3,270.95","3,128.80","3,130.75","3,137.25","3,194.69","38,52,783","12,30,84,45,237.05","2,03,318","15,99,258","41.51"
"M&M","EQ","07-Feb-2025","3,139.95","3,168.00","3,219.95","3,110.00","3,193.00","3,198.45","3,174.75","47,90,111","15,20,73,85,377.65","2,20,264","19,71,775","41.16"
"M&M","EQ","06-Feb-2025","3,178.75","3,170.00","3,180.85","3,121.25","3,152.00","3,139.95","3,144.07","23,41,341","7,36,13,28,842.35","1,26,022","11,61,297","49.60"
"M&M","EQ","05-Feb-2025","3,189.05","3,189.05","3,218.65","3,142.00","3,175.45","3,178.75","3,180.80","22,64,208","7,20,19,89,629.25","1,30,694","13,89,467","61.37"
"M&M","EQ","04-Feb-2025","3,173.30","3,225.00","3,270.55","3,137.85","3,180.00","3,189.05","3,190.27","38,62,456","12,32,22,78,209.50","1,93,503","21,70,953","56.21"
"M&M","EQ","03-Feb-2025","3,076.75","3,056.60","3,187.95","3,044.75","3,169.00","3,173.30","3,129.67","36,64,084","11,46,73,73,532.90","2,41,251","20,33,630","55.50"
"M&M","EQ","01-Feb-2025","2,989.85","2,990.00","3,098.95","2,990.00","3,069.85","3,076.75","3,052.90","26,74,573","8,16,52,08,918.35","1,52,464","11,91,338","44.54"
"M&M","EQ","31-Jan-2025","2,971.45","2,970.00","3,049.85","2,955.10","3,000.00","2,989.85","3,005.90","24,12,370","7,25,13,51,432.55","1,34,679","13,78,942","57.16"
"M&M","EQ","30-Jan-2025","2,924.35","2,924.35","3,008.90","2,919.00","2,972.00","2,971.45","2,970.94","30,55,352","9,07,72,52,819.00","1,38,896","16,04,975","52.53"
"M&M","EQ","29-Jan-2025","2,870.60","2,883.95","2,933.50","2,856.30","2,933.50","2,924.35","2,901.11","18,08,565","5,24,68,39,928.40","1,23,662","8,24,182","45.57"
"M&M","EQ","28-Jan-2025","2,831.60","2,835.00","2,925.00","2,784.00","2,875.30","2,870.60","2,865.44","24,32,787","6,97,10,15,603.20","1,83,499","10,66,729","43.85"
"M&M","EQ","27-Jan-2025","2,801.40","2,772.30","2,846.90","2,754.15","2,830.00","2,831.60","2,802.78","20,22,141","5,66,76,25,142.10","1,38,368","9,91,606","49.04"
"M&M","EQ","24-Jan-2025","2,886.45","2,875.00","2,896.00","2,790.00","2,799.00","2,801.40","2,845.11","26,65,366","7,58,32,59,220.05","1,93,220","16,73,095","62.77"
"M&M","EQ","23-Jan-2025","2,826.45","2,826.45","2,899.40","2,810.00","2,888.90","2,886.45","2,880.58","26,50,506","7,63,49,81,768.35","1,68,309","16,02,491","60.46"
"M&M","EQ","22-Jan-2025","2,821.30","2,848.00","2,851.90","2,805.85","2,830.10","2,826.45","2,827.65","31,33,157","8,85,94,67,567.70","2,25,916","20,18,752","64.43"
"M&M","EQ","21-Jan-2025","2,888.10","2,900.10","2,907.00","2,808.90","2,816.60","2,821.30","2,846.08","33,81,309","9,62,34,62,601.50","1,90,805","15,33,422","45.35"
"M&M","EQ","20-Jan-2025","2,917.35","2,910.00","2,935.95","2,877.30","2,890.00","2,888.10","2,893.31","29,05,527","8,40,65,93,954.40","1,67,093","20,13,942","69.31"
"M&M","EQ","17-Jan-2025","2,980.60","2,969.95","2,970.35","2,903.10","2,922.35","2,917.35","2,926.89","20,02,830","5,86,20,59,283.85","1,91,158","11,14,894","55.67"
"M&M","EQ","16-Jan-2025","2,960.25","2,978.15","2,997.40","2,945.00","2,979.75","2,980.60","2,973.93","25,98,449","7,72,75,99,257.20","2,56,445","15,04,309","57.89"
"M&M","EQ","15-Jan-2025","3,049.50","3,057.10","3,063.95","2,951.00","2,961.00","2,960.25","2,982.20","24,40,803","7,27,89,58,805.40","2,07,416","12,85,717","52.68"
"M&M","EQ","14-Jan-2025","2,999.65","3,000.00","3,078.45","2,999.65","3,051.50","3,049.50","3,052.44","28,51,530","8,70,41,36,862.25","1,69,874","17,69,779","62.06"
"M&M","EQ","13-Jan-2025","3,092.85","3,053.65","3,066.85","2,993.45","3,000.00","2,999.65","3,020.83","22,07,294","6,66,78,49,423.90","1,47,852","13,95,215","63.21"
"M&M","EQ","10-Jan-2025","3,126.50","3,110.00","3,149.60","3,055.00","3,090.00","3,092.85","3,101.17","23,41,303","7,26,07,81,318.60","1,38,023","14,32,928","61.20"
"M&M","EQ","09-Jan-2025","3,086.10","3,103.80","3,157.90","3,085.35","3,131.80","3,126.50","3,128.73","24,34,207","7,61,59,78,956.85","1,83,787","12,42,099","51.03"
"M&M","EQ","08-Jan-2025","3,108.85","3,135.00","3,135.00","3,057.00","3,093.00","3,086.10","3,101.99","27,15,102","8,42,22,30,068.65","1,60,444","17,12,332","63.07"
"M&M","EQ","07-Jan-2025","3,105.70","3,110.00","3,131.30","3,081.75","3,099.00","3,108.85","3,107.77","19,78,328","6,14,81,87,068.85","1,31,011","11,86,931","60.00"
"M&M","EQ","06-Jan-2025","3,190.55","3,209.60","3,235.00","3,090.10","3,095.95","3,105.70","3,145.70","26,57,204","8,35,87,55,572.80","1,34,839","13,40,440","50.45"
"M&M","EQ","03-Jan-2025","3,211.10","3,215.00","3,237.05","3,175.70","3,180.00","3,190.55","3,200.56","22,57,218","7,22,43,52,082.80","1,14,347","11,07,303","49.06"
"M&M","EQ","02-Jan-2025","3,082.00","3,100.00","3,228.10","3,085.05","3,203.00","3,211.10","3,186.00","42,98,090","13,69,37,29,849.90","2,43,475","19,44,002","45.23"
"M&M","EQ","01-Jan-2025","3,007.10","3,007.10","3,086.95","2,995.20","3,078.00","3,082.00","3,058.12","16,86,613","5,15,78,59,203.50","1,05,839","5,94,164","35.23"
"M&M","EQ","31-Dec-2024","3,002.90","2,994.40","3,018.90","2,971.20","3,014.85","3,007.10","3,002.52","15,36,411","4,61,31,01,288.15","1,03,146","9,53,165","62.04"
"M&M","EQ","30-Dec-2024","3,049.45","3,028.05","3,044.60","2,991.05","3,015.00","3,002.90","3,021.00","23,36,275","7,05,78,94,484.30","1,35,762","14,28,261","61.13"
"M&M","EQ","27-Dec-2024","2,975.65","2,987.20","3,064.00","2,978.05","3,042.00","3,049.45","3,044.76","22,90,315","6,97,34,66,553.80","1,26,468","10,17,894","44.44"
"M&M","EQ","26-Dec-2024","2,928.70","2,925.00","2,984.45","2,923.35","2,984.20","2,975.65","2,965.85","21,62,163","6,41,26,48,587.30","1,26,043","12,98,302","60.05"
"M&M","EQ","24-Dec-2024","2,909.30","2,909.40","2,950.20","2,900.80","2,916.50","2,928.70","2,932.16","18,58,546","5,44,95,59,827.10","95,864","11,28,603","60.73"
"M&M","EQ","23-Dec-2024","2,906.35","2,918.00","2,942.40","2,891.10","2,915.00","2,909.30","2,908.63","21,42,508","6,23,17,61,429.10","1,16,382","11,53,720","53.85"
"M&M","EQ","20-Dec-2024","3,014.65","3,014.65","3,025.00","2,886.35","2,916.95","2,906.35","2,921.81","80,46,336","23,50,98,27,079.65","1,78,148","55,62,771","69.13"
"M&M","EQ","19-Dec-2024","3,051.20","3,006.00","3,045.00","2,970.50","3,015.00","3,014.65","3,009.29","23,72,390","7,13,92,04,242.55","1,26,113","13,74,738","57.95"
"M&M","EQ","18-Dec-2024","3,041.50","3,026.10","3,062.00","3,024.55","3,049.30","3,051.20","3,047.31","20,14,105","6,13,75,96,710.65","1,07,664","11,61,956","57.69"
"M&M","EQ","17-Dec-2024","3,084.85","3,055.10","3,093.75","3,028.00","3,035.20","3,041.50","3,053.91","25,64,201","7,83,08,49,808.35","1,30,274","15,20,893","59.31"
"M&M","EQ","16-Dec-2024","3,081.40","3,089.40","3,092.15","3,040.00","3,083.30","3,084.85","3,068.33","23,00,493","7,05,86,75,404.15","1,08,823","15,41,135","66.99"
"M&M","EQ","13-Dec-2024","3,067.45","3,051.00","3,093.10","3,000.00","3,082.65","3,081.40","3,057.47","24,67,964","7,54,57,35,060.75","1,61,210","12,44,555","50.43"
"M&M","EQ","12-Dec-2024","3,072.05","3,084.80","3,086.00","3,045.00","3,059.65","3,067.45","3,067.50","19,58,999","6,00,92,23,924.10","1,03,751","10,03,925","51.25"
"M&M","EQ","11-Dec-2024","3,066.90","3,052.00","3,115.00","3,047.80","3,075.30","3,072.05","3,083.64","24,09,385","7,42,96,67,275.05","1,23,928","13,58,149","56.37"
"M&M","EQ","10-Dec-2024","3,051.25","3,047.95","3,081.25","3,005.30","3,066.00","3,066.90","3,038.98","20,61,909","6,26,61,10,443.20","1,12,898","11,28,131","54.71"
"M&M","EQ","09-Dec-2024","3,073.00","3,063.40","3,073.00","3,040.00","3,048.00","3,051.25","3,055.30","18,79,542","5,74,25,68,051.70","92,999","12,45,531","66.27"
"M&M","EQ","06-Dec-2024","3,071.60","3,075.50","3,099.00","3,065.95","3,070.00","3,073.00","3,082.29","26,88,767","8,28,75,47,290.75","1,40,317","17,85,051","66.39"
"M&M","EQ","05-Dec-2024","3,031.75","3,049.95","3,099.00","3,016.05","3,069.00","3,071.60","3,058.47","37,97,063","11,61,32,16,825.90","1,66,421","21,05,743","55.46"
"M&M","EQ","04-Dec-2024","3,027.30","3,003.00","3,051.85","3,003.00","3,025.00","3,031.75","3,032.57","33,64,025","10,20,16,51,331.45","1,74,102","21,70,089","64.51"
"M&M","EQ","03-Dec-2024","3,016.40","3,041.70","3,041.70","2,987.65","3,025.00","3,027.30","3,020.04","23,08,865","6,97,28,56,050.00","1,11,711","15,23,252","65.97"
"M&M","EQ","02-Dec-2024","2,966.10","2,984.00","3,026.25","2,961.90","3,019.40","3,016.40","3,004.29","23,18,823","6,96,64,22,287.80","1,24,690","11,03,724","47.60"
"M&M","EQ","29-Nov-2024","2,898.70","2,903.00","2,991.65","2,903.00","2,973.60","2,966.10","2,957.03","35,42,836","10,47,62,82,364.85","2,13,329","16,85,375","47.57"
"M&M","EQ","28-Nov-2024","3,004.80","2,995.00","2,999.95","2,892.00","2,904.00","2,898.70","2,928.88","44,57,143","13,05,44,19,649.45","2,83,790","22,54,537","50.58"
"M&M","EQ","27-Nov-2024","2,985.20","3,025.95","3,070.00","2,986.05","3,000.00","3,004.80","3,021.24","35,93,911","10,85,80,71,838.80","1,60,444","13,91,182","38.71"
"M&M","EQ","26-Nov-2024","3,045.60","3,053.50","3,068.10","2,952.50","3,005.00","2,985.20","2,997.87","21,44,702","6,42,95,32,777.85","1,09,018","8,98,568","41.90"
"M&M","EQ","25-Nov-2024","3,012.95","3,075.00","3,149.65","3,022.40","3,047.60","3,045.60","3,069.03","62,99,837","19,33,44,14,421.20","2,31,715","39,24,048","62.29"
"M&M","EQ","22-Nov-2024","2,936.25","2,944.00","3,063.50","2,896.70","3,005.50","3,012.95","2,977.33","48,27,125","14,37,19,65,141.60","2,28,670","26,99,636","55.93"
"M&M","EQ","21-Nov-2024","2,948.95","2,962.50","2,974.00","2,918.00","2,925.05","2,936.25","2,939.66","38,21,808","11,23,48,12,173.15","1,98,573","20,81,492","54.46"
"M&M","EQ","19-Nov-2024","2,846.90","2,845.00","2,998.00","2,845.00","2,936.55","2,948.95","2,955.35","52,30,405","15,45,76,91,246.80","2,43,063","28,41,608","54.33"
"M&M","EQ","18-Nov-2024","2,807.20","2,844.00","2,874.70","2,800.05","2,846.95","2,846.90","2,833.55","24,05,351","6,81,56,91,926.35","1,27,014","12,55,491","52.20"
"M&M","EQ","14-Nov-2024","2,798.95","2,815.00","2,842.40","2,736.25","2,818.25","2,807.20","2,793.03","24,78,112","6,92,14,41,550.45","1,75,000","10,97,492","44.29"
"M&M","EQ","13-Nov-2024","2,898.55","2,876.00","2,895.00","2,782.90","2,798.00","2,798.95","2,808.05","39,49,602","11,09,06,61,915.05","2,85,055","22,25,054","56.34"
"M&M","EQ","12-Nov-2024","2,930.60","2,931.20","2,945.90","2,880.00","2,884.05","2,898.55","2,912.87","24,14,528","7,03,32,00,332.95","1,24,178","14,42,356","59.74"
"M&M","EQ","11-Nov-2024","2,974.90","2,962.35","3,009.60","2,889.05","2,920.00","2,930.60","2,946.34","26,28,672","7,74,49,72,849.00","1,37,708","11,52,991","43.86"
"M&M","EQ","08-Nov-2024","2,891.35","2,910.00","2,990.95","2,851.25","2,960.60","2,974.90","2,932.06","44,55,563","13,06,39,61,740.65","2,39,380","20,99,464","47.12"
"M&M","EQ","07-Nov-2024","2,934.55","2,971.75","2,972.55","2,857.95","2,900.00","2,891.35","2,910.04","42,51,557","12,37,21,87,568.00","2,04,748","15,23,963","35.84"
"M&M","EQ","06-Nov-2024","2,899.45","2,910.00","2,953.80","2,885.40","2,912.40","2,934.55","2,925.64","29,02,347","8,49,12,25,138.90","1,50,639","12,96,929","44.69"
"M&M","EQ","05-Nov-2024","2,883.95","2,875.50","2,908.00","2,822.10","2,890.00","2,899.45","2,877.99","35,62,624","10,25,31,95,982.75","1,15,664","21,10,708","59.25"
"M&M","EQ","04-Nov-2024","2,817.65","2,804.50","2,971.75","2,804.50","2,878.00","2,883.95","2,876.88","75,59,263","21,74,71,15,179.60","3,62,491","33,15,825","43.86"
"M&M","EQ","01-Nov-2024","2,728.55","2,780.00","2,840.90","2,780.00","2,826.45","2,817.65","2,807.12","10,61,709","2,98,03,47,418.60","46,914","1,84,024","17.33"
"M&M","EQ","31-Oct-2024","2,707.70","2,707.70","2,752.00","2,671.60","2,751.30","2,728.55","2,709.60","38,33,325","10,38,67,64,265.70","1,65,119","25,66,540","66.95"
"M&M","EQ","30-Oct-2024","2,746.90","2,689.25","2,755.85","2,669.05","2,700.00","2,707.70","2,722.71","56,77,865","15,45,91,77,763.05","1,73,902","38,15,227","67.19"
"M&M","EQ","29-Oct-2024","2,781.00","2,762.00","2,797.95","2,702.55","2,743.55","2,746.90","2,734.80","31,56,567","8,63,25,90,207.15","1,35,960","16,15,048","51.16"
"M&M","EQ","28-Oct-2024","2,720.85","2,730.00","2,834.90","2,713.90","2,788.00","2,781.00","2,788.92","28,13,985","7,84,79,67,750.70","1,90,929","15,17,282","53.92"
"M&M","EQ","25-Oct-2024","2,826.35","2,825.00","2,825.05","2,679.30","2,726.65","2,720.85","2,715.16","45,32,596","12,30,67,04,235.70","3,05,866","25,90,414","57.15"
"M&M","EQ","24-Oct-2024","2,793.50","2,763.00","2,842.20","2,763.00","2,834.90","2,826.35","2,812.00","39,92,102","11,22,57,75,315.15","1,63,897","20,53,035","51.43"
"M&M","EQ","23-Oct-2024","2,887.20","2,876.15","2,924.90","2,781.25","2,794.30","2,793.50","2,843.79","79,13,897","22,50,54,85,890.25","2,16,249","50,39,468","63.68"
"M&M","EQ","22-Oct-2024","2,998.20","3,005.00","3,008.95","2,878.20","2,889.30","2,887.20","2,933.72","41,95,638","12,30,88,44,415.95","1,82,571","28,70,650","68.42"
"M&M","EQ","21-Oct-2024","2,964.25","2,959.75","3,001.40","2,892.90","2,998.95","2,998.20","2,960.36","50,59,952","14,97,92,80,248.55","2,52,336","34,21,790","67.62"
"M&M","EQ","18-Oct-2024","2,964.60","2,945.35","2,988.85","2,914.70","2,965.00","2,964.25","2,961.76","34,07,751","10,09,29,31,933.00","1,77,177","19,04,913","55.90"
"M&M","EQ","17-Oct-2024","3,068.00","3,055.00","3,065.30","2,952.20","2,960.00","2,964.60","2,979.43","36,22,197","10,79,20,77,109.25","2,23,538","21,81,223","60.22"
"M&M","EQ","16-Oct-2024","3,155.80","3,138.00","3,147.90","3,052.15","3,068.00","3,068.00","3,080.49","19,72,106","6,07,50,58,757.05","1,47,424","9,00,473","45.66"
"M&M","EQ","15-Oct-2024","3,154.90","3,177.00","3,192.95","3,086.55","3,154.80","3,155.80","3,127.74","22,45,701","7,02,39,73,344.25","1,17,012","12,43,335","55.37"
"M&M","EQ","14-Oct-2024","3,134.35","3,151.00","3,174.00","3,115.00","3,155.00","3,154.90","3,155.22","24,25,178","7,65,19,62,599.25","97,400","17,03,570","70.25"
"M&M","EQ","11-Oct-2024","3,194.30","3,200.00","3,210.50","3,121.00","3,136.80","3,134.35","3,148.63","16,52,856","5,20,42,26,016.40","1,06,728","8,77,674","53.10"
"M&M","EQ","10-Oct-2024","3,153.00","3,156.00","3,220.30","3,155.00","3,191.60","3,194.30","3,196.77","25,07,231","8,01,50,49,479.05","1,84,816","11,55,949","46.10"
"M&M","EQ","09-Oct-2024","3,165.85","3,164.80","3,204.30","3,145.00","3,154.75","3,153.00","3,168.73","24,32,656","7,70,84,25,490.75","1,19,641","13,28,785","54.62"
"M&M","EQ","08-Oct-2024","3,060.20","3,074.00","3,176.90","3,066.00","3,169.25","3,165.85","3,132.88","60,60,165","18,98,57,58,735.25","2,14,050","40,26,417","66.44"
"M&M","EQ","07-Oct-2024","3,017.45","3,028.00","3,066.95","2,982.90","3,062.00","3,060.20","3,031.21","27,32,276","8,28,21,12,553.40","1,42,221","14,22,502","52.06"
"M&M","EQ","04-Oct-2024","3,129.85","3,127.05","3,157.60","3,009.50","3,019.00","3,017.45","3,071.80","42,81,562","13,15,21,20,767.65","2,45,327","17,31,447","40.44"
"M&M","EQ","03-Oct-2024","3,165.50","3,085.00","3,171.00","3,072.45","3,137.60","3,129.85","3,135.52","32,37,011","10,14,97,22,860.85","2,20,055","16,26,666","50.25"
"M&M","EQ","01-Oct-2024","3,094.90","3,105.50","3,185.45","3,095.80","3,168.00","3,165.50","3,148.04","40,28,211","12,68,09,85,238.80","2,02,691","24,05,334","59.71"
"M&M","EQ","30-Sep-2024","3,183.65","3,163.15","3,179.00","3,087.00","3,115.00","3,094.90","3,114.00","35,54,400","11,06,83,90,764.70","1,59,274","24,34,462","68.49"
"M&M","EQ","27-Sep-2024","3,181.10","3,171.00","3,222.10","3,152.55","3,190.00","3,183.65","3,186.02","68,03,795","21,67,70,08,008.85","2,33,093","47,92,673","70.44"
"M&M","EQ","26-Sep-2024","3,091.05","3,072.00","3,197.20","3,045.65","3,169.00","3,181.10","3,131.62","47,53,617","14,88,65,12,721.40","1,80,991","21,71,030","45.67"
"M&M","EQ","25-Sep-2024","3,074.30","3,045.00","3,149.00","3,034.55","3,092.00","3,091.05","3,092.75","42,18,815","13,04,77,51,911.80","1,66,721","19,92,200","47.22"
"M&M","EQ","24-Sep-2024","3,049.80","3,020.00","3,098.55","3,020.00","3,075.00","3,074.30","3,068.43","36,97,722","11,34,61,87,109.75","1,62,487","17,72,216","47.93"
"M&M","EQ","23-Sep-2024","2,950.85","2,962.75","3,056.90","2,956.15","3,047.00","3,049.80","3,021.80","39,25,490","11,86,20,63,350.75","1,89,322","16,52,803","42.10"
"M&M","EQ","20-Sep-2024","2,797.50","2,798.70","2,960.00","2,798.50","2,946.35","2,950.85","2,925.84","1,24,92,909","36,55,21,95,685.75","2,81,790","72,65,204","58.15"
"M&M","EQ","19-Sep-2024","2,808.20","2,812.00","2,852.00","2,792.20","2,801.75","2,797.50","2,813.03","28,07,727","7,89,82,26,039.15","1,41,920","16,29,743","58.04"
"M&M","EQ","18-Sep-2024","2,787.65","2,781.50","2,848.00","2,777.65","2,807.45","2,808.20","2,816.63","25,26,756","7,11,69,47,063.10","1,15,551","15,21,418","60.21"
"M&M","EQ","17-Sep-2024","2,757.40","2,765.00","2,793.50","2,745.30","2,782.00","2,787.65","2,780.45","13,87,175","3,85,69,73,632.70","81,028","8,81,975","63.58"
"M&M","EQ","16-Sep-2024","2,739.10","2,740.20","2,784.30","2,732.05","2,756.50","2,757.40","2,767.49","12,34,752","3,41,71,66,949.35","51,786","6,31,618","51.15"
"M&M","EQ","13-Sep-2024","2,740.90","2,755.00","2,758.55","2,711.75","2,737.20","2,739.10","2,732.91","21,02,332","5,74,54,87,395.80","1,01,869","11,16,005","53.08"
"M&M","EQ","12-Sep-2024","2,654.25","2,665.00","2,751.60","2,635.60","2,729.35","2,740.90","2,707.74","37,30,285","10,10,06,47,235.55","1,89,378","19,07,212","51.13"
"M&M","EQ","11-Sep-2024","2,690.00","2,681.50","2,708.00","2,644.10","2,652.00","2,654.25","2,673.19","20,34,245","5,43,79,24,108.35","1,03,805","12,95,033","63.66"
"M&M","EQ","10-Sep-2024","2,708.85","2,691.25","2,715.00","2,677.00","2,694.00","2,690.00","2,692.58","20,34,126","5,47,70,56,062.15","1,07,644","12,85,575","63.20"
"M&M","EQ","09-Sep-2024","2,698.10","2,688.15","2,714.30","2,660.05","2,709.00","2,708.85","2,699.07","12,69,082","3,42,53,45,368.95","1,01,169","7,16,105","56.43"
"M&M","EQ","06-Sep-2024","2,723.10","2,723.00","2,738.90","2,680.10","2,699.40","2,698.10","2,702.07","28,35,519","7,66,17,62,844.70","1,65,868","17,48,793","61.67"
"M&M","EQ","05-Sep-2024","2,749.60","2,756.20","2,760.00","2,711.90","2,721.00","2,723.10","2,732.01","23,60,312","6,44,83,86,255.05","1,31,629","17,30,453","73.31"
"M&M","EQ","04-Sep-2024","2,784.85","2,761.00","2,779.90","2,731.10","2,755.20","2,749.60","2,744.34","16,97,000","4,65,71,42,167.00","93,071","10,47,225","61.71"
"M&M","EQ","03-Sep-2024","2,777.00","2,780.00","2,798.10","2,772.60","2,783.00","2,784.85","2,786.41","15,92,710","4,43,79,44,183.10","68,765","9,95,357","62.49"
"M&M","EQ","02-Sep-2024","2,805.40","2,848.80","2,848.80","2,756.50","2,775.80","2,777.00","2,779.04","22,70,687","6,31,03,22,574.95","1,68,417","14,82,800","65.30"
"M&M","EQ","30-Aug-2024","2,757.60","2,780.00","2,821.55","2,765.00","2,812.00","2,805.40","2,802.90","48,95,220","13,72,07,93,825.45","1,27,641","32,72,785","66.86"
"M&M","EQ","29-Aug-2024","2,798.00","2,789.35","2,801.65","2,741.65","2,763.00","2,757.60","2,764.43","22,37,121","6,18,43,59,971.90","1,21,924","12,35,775","55.24"
"M&M","EQ","28-Aug-2024","2,780.80","2,781.90","2,827.00","2,780.80","2,800.75","2,798.00","2,807.00","18,51,275","5,19,65,22,608.35","79,156","9,40,852","50.82"
"M&M","EQ","27-Aug-2024","2,793.10","2,797.95","2,800.00","2,773.95","2,792.00","2,780.80","2,784.70","16,04,159","4,46,70,99,110.70","93,051","10,31,734","64.32"
"M&M","EQ","26-Aug-2024","2,759.00","2,764.95","2,799.00","2,753.10","2,795.00","2,793.10","2,777.40","27,65,969","7,68,22,07,851.10","92,686","21,32,252","77.09"
"M&M","EQ","23-Aug-2024","2,732.95","2,732.95","2,769.00","2,725.30","2,761.00","2,759.00","2,755.20","19,43,539","5,35,48,39,968.25","91,338","11,55,504","59.45"
"M&M","EQ","22-Aug-2024","2,769.40","2,771.10","2,775.75","2,724.05","2,736.00","2,732.95","2,742.05","23,46,622","6,43,45,61,513.15","1,32,160","16,27,277","69.35"
"M&M","EQ","21-Aug-2024","2,771.30","2,774.00","2,780.95","2,755.00","2,769.50","2,769.40","2,763.80","14,97,501","4,13,87,96,539.05","77,871","10,81,542","72.22"
"M&M","EQ","20-Aug-2024","2,765.15","2,779.75","2,783.20","2,748.50","2,773.00","2,771.30","2,761.79","17,62,399","4,86,73,71,118.80","88,796","10,29,402","58.41"
"M&M","EQ","19-Aug-2024","2,840.45","2,859.90","2,859.90","2,760.00","2,767.00","2,765.15","2,787.85","25,00,718","6,97,16,38,875.65","1,28,646","14,57,842","58.30"
"M&M","EQ","16-Aug-2024","2,745.25","2,789.00","2,845.05","2,776.15","2,839.90","2,840.45","2,820.65","43,76,092","12,34,34,29,089.80","2,20,601","23,48,109","53.66"
"M&M","EQ","14-Aug-2024","2,718.05","2,728.80","2,771.95","2,715.30","2,749.45","2,745.25","2,751.31","26,09,359","7,17,91,43,467.65","2,28,537","15,80,591","60.57"
"M&M","EQ","13-Aug-2024","2,717.65","2,718.10","2,738.65","2,704.10","2,717.05","2,718.05","2,721.95","12,92,521","3,51,81,73,051.95","80,390","7,82,772","60.56"
"M&M","EQ","12-Aug-2024","2,749.15","2,749.15","2,757.00","2,708.70","2,717.00","2,717.65","2,725.50","23,21,474","6,32,71,80,057.25","1,34,027","15,29,715","65.89"
"M&M","EQ","09-Aug-2024","2,682.95","2,734.00","2,765.00","2,705.00","2,764.90","2,749.15","2,739.96","22,79,076","6,24,45,74,698.05","1,34,308","13,38,467","58.73"
"M&M","EQ","08-Aug-2024","2,680.85","2,660.50","2,716.50","2,656.50","2,680.20","2,682.95","2,684.35","26,73,182","7,17,57,43,339.35","1,57,089","15,98,664","59.80"
"M&M","EQ","07-Aug-2024","2,632.95","2,697.50","2,704.75","2,661.00","2,686.35","2,680.85","2,679.10","24,79,171","6,64,19,56,289.50","1,79,114","16,01,840","64.61"
"M&M","EQ","06-Aug-2024","2,678.95","2,688.30","2,748.75","2,625.70","2,644.45","2,632.95","2,677.72","30,69,277","8,21,86,69,400.65","1,40,271","18,34,951","59.78"
"M&M","EQ","05-Aug-2024","2,749.65","2,679.65","2,729.20","2,635.80","2,688.00","2,678.95","2,666.64","37,31,770","9,95,12,90,198.05","2,54,274","21,37,047","57.27"
"M&M","EQ","02-Aug-2024","2,828.40","2,810.30","2,810.30","2,733.85","2,755.40","2,749.65","2,764.79","30,41,513","8,40,91,33,531.45","2,13,631","17,50,251","57.55"
"M&M","EQ","01-Aug-2024","2,907.80","2,926.50","2,926.50","2,820.10","2,827.00","2,828.40","2,844.77","49,71,708","14,14,33,83,089.35","2,29,181","28,05,305","56.43"
"M&M","EQ","31-Jul-2024","2,922.10","2,937.00","2,979.60","2,872.95","2,909.00","2,907.80","2,934.35","42,38,740","12,43,79,31,579.60","2,01,456","15,95,847","37.65"
"M&M","EQ","30-Jul-2024","2,933.00","2,945.00","2,950.00","2,904.60","2,929.00","2,922.10","2,924.84","22,90,006","6,69,78,91,503.15","1,31,275","13,50,121","58.96"
"M&M","EQ","29-Jul-2024","2,887.80","2,900.00","2,945.00","2,875.50","2,945.00","2,933.00","2,907.04","23,88,937","6,94,47,39,099.25","1,24,039","14,58,103","61.04"
"M&M","EQ","26-Jul-2024","2,811.40","2,821.60","2,897.40","2,790.00","2,881.80","2,887.80","2,860.83","23,52,661","6,73,05,74,701.55","1,25,594","12,14,869","51.64"
"M&M","EQ","25-Jul-2024","2,805.50","2,799.80","2,827.00","2,781.80","2,809.40","2,811.40","2,806.70","18,57,122","5,21,23,81,274.30","1,13,038","10,41,104","56.06"
"M&M","EQ","24-Jul-2024","2,821.35","2,823.00","2,830.40","2,763.65","2,815.70","2,805.50","2,793.66","22,76,082","6,35,85,92,571.60","1,29,470","14,05,233","61.74"
"M&M","EQ","23-Jul-2024","2,804.75","2,824.00","2,854.50","2,743.40","2,817.00","2,821.35","2,818.29","25,72,524","7,25,01,23,643.30","1,30,724","11,94,503","46.43"
"M&M","EQ","22-Jul-2024","2,749.30","2,751.05","2,819.00","2,725.00","2,805.00","2,804.75","2,794.83","22,08,103","6,17,12,77,473.15","1,38,149","11,90,019","53.89"
"M&M","EQ","19-Jul-2024","2,819.45","2,819.95","2,819.95","2,743.00","2,756.20","2,749.30","2,773.85","20,42,568","5,66,57,71,010.45","1,31,251","12,61,978","61.78"
"M&M","EQ","18-Jul-2024","2,756.75","2,756.00","2,825.95","2,736.50","2,815.05","2,819.45","2,789.28","41,22,844","11,49,97,61,577.25","2,08,380","24,92,815","60.46"
"M&M","EQ","16-Jul-2024","2,731.05","2,754.95","2,766.85","2,740.00","2,752.20","2,756.75","2,752.88","19,25,983","5,30,19,98,871.70","89,569","11,26,043","58.47"
"M&M","EQ","15-Jul-2024","2,703.95","2,722.85","2,739.00","2,708.10","2,730.00","2,731.05","2,724.70","20,17,720","5,49,76,89,205.20","1,44,350","12,78,231","63.35"
"M&M","EQ","12-Jul-2024","2,698.05","2,689.65","2,722.30","2,687.15","2,704.00","2,703.95","2,706.37","33,98,732","9,19,82,27,939.40","1,89,109","20,26,248","59.62"
"M&M","EQ","11-Jul-2024","2,732.00","2,757.95","2,757.95","2,691.00","2,700.00","2,698.05","2,714.29","43,14,565","11,71,09,77,305.15","2,26,150","23,89,458","55.38"
"M&M","EQ","10-Jul-2024","2,925.50","2,930.00","2,930.00","2,697.90","2,729.90","2,732.00","2,739.33","1,44,81,615","39,66,99,23,612.65","6,26,816","73,42,210","50.70"
"M&M","EQ","09-Jul-2024","2,851.35","2,855.35","2,940.00","2,837.25","2,915.05","2,925.50","2,905.08","29,02,129","8,43,09,08,732.90","1,58,508","17,64,054","60.78"
"M&M","EQ","08-Jul-2024","2,880.60","2,880.60","2,918.60","2,847.50","2,849.65","2,851.35","2,873.64","16,31,998","4,68,97,76,456.45","93,280","10,41,819","63.84"
"M&M","EQ","05-Jul-2024","2,902.80","2,886.00","2,886.00","2,840.00","2,879.00","2,880.60","2,863.73","19,66,103","5,63,03,87,330.55","1,35,972","8,17,315","41.57"
"M&M","EQ","04-Jul-2024","2,877.95","2,890.00","2,922.00","2,885.05","2,901.10","2,902.80","2,906.64","15,02,213","4,36,63,87,530.35","89,312","6,98,600","46.50"
"M&M","EQ","03-Jul-2024","2,865.15","2,871.00","2,895.00","2,865.10","2,880.00","2,877.95","2,877.60","10,19,710","2,93,43,16,164.00","57,181","5,80,585","56.94"
"M&M","EQ","02-Jul-2024","2,875.85","2,890.20","2,891.00","2,850.00","2,862.95","2,865.15","2,870.12","15,07,890","4,32,78,18,202.15","1,04,840","9,29,837","61.66"
"M&M","EQ","01-Jul-2024","2,866.65","2,841.00","2,894.05","2,838.25","2,867.50","2,875.85","2,870.30","17,18,501","4,93,26,15,396.90","1,12,190","9,04,755","52.65"
"M&M","EQ","28-Jun-2024","2,888.95","2,855.00","2,896.00","2,855.00","2,866.45","2,866.65","2,870.77","25,48,169","7,31,52,00,075.70","2,00,148","15,38,441","60.37"
"M&M","EQ","27-Jun-2024","2,851.50","2,842.00","2,905.00","2,793.05","2,885.00","2,888.95","2,855.69","69,00,180","19,70,48,06,762.00","3,18,943","41,87,288","60.68"
"M&M","EQ","26-Jun-2024","2,909.40","2,907.05","2,912.95","2,844.60","2,856.75","2,851.50","2,870.49","32,82,318","9,42,18,69,983.70","1,51,058","23,99,459","73.10"
"M&M","EQ","25-Jun-2024","2,915.80","2,921.20","2,947.00","2,891.05","2,909.00","2,909.40","2,913.46","19,10,886","5,56,72,98,518.65","87,557","11,31,286","59.20"
"M&M","EQ","24-Jun-2024","2,839.95","2,836.50","2,923.95","2,813.05","2,921.20","2,915.80","2,884.85","26,99,784","7,78,84,82,677.65","2,06,488","13,31,805","49.33"
"M&M","EQ","21-Jun-2024","2,871.20","2,884.75","2,920.90","2,825.05","2,834.65","2,839.95","2,858.53","84,00,461","24,01,29,94,456.40","2,67,549","50,09,179","59.63"
"M&M","EQ","20-Jun-2024","2,933.85","2,945.05","2,954.75","2,857.30","2,874.05","2,871.20","2,889.52","40,24,418","11,62,86,43,402.40","1,73,356","21,75,887","54.07"
"M&M","EQ","19-Jun-2024","2,961.90","2,975.00","2,977.00","2,926.45","2,930.00","2,933.85","2,952.72","35,12,298","10,37,08,40,452.70","1,35,558","24,20,235","68.91"
"M&M","EQ","18-Jun-2024","2,928.60","2,965.00","3,013.50","2,956.65","2,958.15","2,961.90","2,977.67","48,87,512","14,55,34,14,432.35","1,91,759","30,25,955","61.91"
"M&M","EQ","14-Jun-2024","2,861.70","2,875.00","2,946.00","2,865.00","2,924.00","2,928.60","2,913.17","35,15,019","10,23,98,54,158.60","1,89,489","14,94,586","42.52"
"M&M","EQ","13-Jun-2024","2,787.55","2,850.00","2,879.10","2,788.65","2,877.00","2,861.70","2,833.48","24,92,637","7,06,28,34,186.90","1,43,736","12,15,627","48.77"
"M&M","EQ","12-Jun-2024","2,835.55","2,835.55","2,848.60","2,782.05","2,796.65","2,787.55","2,812.62","25,80,846","7,25,89,33,750.00","1,40,894","17,54,740","67.99"
"M&M","EQ","11-Jun-2024","2,807.55","2,821.00","2,855.00","2,813.40","2,833.25","2,835.55","2,834.11","22,98,974","6,51,55,35,399.70","1,21,561","13,71,903","59.67"
"M&M","EQ","10-Jun-2024","2,857.45","2,861.00","2,886.00","2,800.00","2,814.00","2,807.55","2,824.87","20,21,106","5,70,93,64,107.25","1,26,237","11,39,606","56.39"
"M&M","EQ","07-Jun-2024","2,699.85","2,668.35","2,867.60","2,668.35","2,845.00","2,857.45","2,800.79","64,47,821","18,05,90,18,225.70","2,63,057","32,43,967","50.31"
"M&M","EQ","06-Jun-2024","2,740.95","2,745.00","2,761.90","2,670.90","2,699.00","2,699.85","2,705.02","49,92,660","13,50,52,57,471.65","2,90,943","28,63,296","57.35"
"M&M","EQ","05-Jun-2024","2,572.90","2,572.90","2,753.70","2,571.80","2,728.90","2,740.95","2,694.50","42,42,881","11,43,24,36,746.25","2,41,980","26,09,010","61.49"
"M&M","EQ","04-Jun-2024","2,634.00","2,634.25","2,639.00","2,448.20","2,584.00","2,572.90","2,557.71","63,72,249","16,29,83,92,753.85","3,75,878","36,41,658","57.15"
"M&M","EQ","03-Jun-2024","2,506.25","2,575.05","2,654.35","2,570.40","2,641.80","2,634.00","2,631.64","27,01,157","7,10,84,82,575.95","1,43,508","15,19,348","56.25"
"M&M","EQ","31-May-2024","2,493.50","2,517.75","2,569.20","2,495.15","2,517.95","2,506.25","2,520.24","87,69,724","22,10,17,81,610.85","2,73,642","58,02,619","66.17"
"M&M","EQ","30-May-2024","2,533.65","2,518.00","2,531.45","2,478.00","2,501.15","2,493.50","2,497.83","33,67,101","8,41,04,58,256.20","1,70,101","21,41,186","63.59"
"M&M","EQ","29-May-2024","2,552.80","2,510.25","2,547.00","2,500.60","2,530.00","2,533.65","2,525.21","27,20,451","6,86,97,20,458.35","1,12,815","18,37,451","67.54"
"M&M","EQ","28-May-2024","2,549.10","2,550.00","2,581.95","2,548.00","2,550.00","2,552.80","2,558.57","15,49,203","3,96,37,47,876.75","85,473","8,95,507","57.80"
"M&M","EQ","27-May-2024","2,579.75","2,581.15","2,589.75","2,541.00","2,548.90","2,549.10","2,565.01","33,28,559","8,53,77,84,466.25","88,947","25,42,382","76.38"
"M&M","EQ","24-May-2024","2,609.20","2,589.80","2,605.00","2,572.40","2,576.45","2,579.75","2,588.50","29,19,241","7,55,64,69,846.60","1,30,155","19,23,995","65.91"
"M&M","EQ","23-May-2024","2,521.05","2,520.00","2,617.40","2,500.25","2,610.00","2,609.20","2,565.13","47,15,263","12,09,52,58,090.65","2,09,714","25,24,490","53.54"
"M&M","EQ","22-May-2024","2,522.65","2,521.70","2,535.00","2,490.00","2,516.00","2,521.05","2,510.64","29,74,921","7,46,89,66,735.75","1,42,667","20,40,765","68.60"
"M&M","EQ","21-May-2024","2,503.70","2,503.00","2,536.95","2,467.00","2,516.55","2,522.65","2,504.01","37,47,292","9,38,32,70,683.15","1,68,361","23,55,178","62.85"
"M&M","EQ","18-May-2024","2,514.60","2,527.95","2,527.95","2,500.05","2,504.00","2,503.70","2,509.63","2,57,091","64,52,03,745.00","13,739","1,16,501","45.32"
"M&M","EQ","17-May-2024","2,371.75","2,425.35","2,557.95","2,425.35","2,510.00","2,514.60","2,519.07","97,96,445","24,67,79,57,925.85","3,89,049","34,97,675","35.70"
"M&M","EQ","16-May-2024","2,302.30","2,319.45","2,393.90","2,286.20","2,393.90","2,371.75","2,326.15","74,44,517","17,31,70,83,306.05","3,06,022","30,53,712","41.02"
"M&M","EQ","15-May-2024","2,269.90","2,281.30","2,317.15","2,256.00","2,301.45","2,302.30","2,292.14","25,69,084","5,88,86,94,717.25","1,25,876","15,28,108","59.48"
"M&M","EQ","14-May-2024","2,184.25","2,175.00","2,280.35","2,175.00","2,271.80","2,269.90","2,252.95","38,30,189","8,62,92,23,966.15","2,33,647","19,19,453","50.11"
"M&M","EQ","13-May-2024","2,193.05","2,208.00","2,208.05","2,160.00","2,206.90","2,184.25","2,176.83","25,75,573","5,60,65,91,080.55","1,22,635","17,70,539","68.74"
"M&M","EQ","10-May-2024","2,212.55","2,211.85","2,231.65","2,183.00","2,193.80","2,193.05","2,200.08","30,45,912","6,70,12,63,581.85","1,56,040","18,62,600","61.15"
"M&M","EQ","09-May-2024","2,182.40","2,185.55","2,256.75","2,185.00","2,215.65","2,212.55","2,225.13","39,98,822","8,89,78,90,554.65","2,81,445","18,59,998","46.51"
"M&M","EQ","08-May-2024","2,191.50","2,191.70","2,195.00","2,160.00","2,183.60","2,182.40","2,178.86","19,93,202","4,34,29,06,748.55","1,13,972","12,19,597","61.19"
"M&M","EQ","07-May-2024","2,224.95","2,236.00","2,236.90","2,164.85","2,195.70","2,191.50","2,193.59","17,27,823","3,79,01,38,026.15","1,21,466","10,20,311","59.05"
"M&M","EQ","06-May-2024","2,193.00","2,200.45","2,240.00","2,190.00","2,227.00","2,224.95","2,220.18","21,11,447","4,68,77,85,713.15","1,17,348","9,50,179","45.00"
"M&M","EQ","03-May-2024","2,185.15","2,210.00","2,210.00","2,172.35","2,193.15","2,193.00","2,189.88","38,59,227","8,45,12,28,639.95","2,00,650","20,97,367","54.35"
"M&M","EQ","02-May-2024","2,156.35","2,165.10","2,204.00","2,165.10","2,183.80","2,185.15","2,190.11","33,47,541","7,33,14,82,177.80","2,19,943","9,92,272","29.64"
"M&M","EQ","30-Apr-2024","2,062.05","2,073.05","2,169.00","2,073.05","2,159.90","2,156.35","2,149.44","57,45,143","12,34,88,42,487.85","2,64,690","24,55,150","42.73"
"M&M","EQ","29-Apr-2024","2,044.90","2,045.50","2,068.35","2,001.00","2,065.55","2,062.05","2,041.16","27,24,604","5,56,13,40,119.85","1,12,964","16,63,971","61.07"
"M&M","EQ","26-Apr-2024","2,096.85","2,099.55","2,103.00","2,038.80","2,055.00","2,044.90","2,063.69","29,52,484","6,09,30,02,392.35","1,54,737","18,27,710","61.90"
"M&M","EQ","25-Apr-2024","2,058.45","2,060.00","2,113.95","2,041.90","2,092.35","2,096.85","2,084.46","30,84,498","6,42,95,10,430.95","1,52,671","13,44,105","43.58"
"M&M","EQ","24-Apr-2024","2,062.60","2,055.00","2,090.85","2,052.95","2,059.95","2,058.45","2,068.83","19,29,834","3,99,25,06,955.20","83,959","13,77,255","71.37"
"M&M","EQ","23-Apr-2024","2,090.65","2,096.00","2,114.00","2,056.85","2,069.70","2,062.60","2,080.68","28,86,136","6,00,51,17,881.95","1,25,119","20,05,569","69.49"
"M&M","EQ","22-Apr-2024","2,082.90","2,124.55","2,133.00","2,065.00","2,093.00","2,090.65","2,086.95","24,49,171","5,11,12,95,496.65","1,10,402","14,64,011","59.78"
"M&M","EQ","19-Apr-2024","2,024.95","2,034.00","2,087.00","1,998.20","2,084.00","2,082.90","2,056.75","32,53,248","6,69,11,33,980.15","1,55,276","16,99,975","52.25"
"M&M","EQ","18-Apr-2024","2,031.30","2,031.30","2,087.00","2,016.50","2,025.00","2,024.95","2,051.09","35,39,862","7,26,05,91,199.85","2,02,224","17,83,580","50.39"
"M&M","EQ","16-Apr-2024","2,053.45","2,047.05","2,073.75","2,027.75","2,031.90","2,031.30","2,044.91","19,81,730","4,05,24,61,711.65","1,13,029","10,97,363","55.37"
"M&M","EQ","15-Apr-2024","2,070.95","2,055.25","2,083.90","2,035.00","2,052.00","2,053.45","2,056.93","20,24,919","4,16,51,25,300.35","95,536","11,80,623","58.30"
"M&M","EQ","12-Apr-2024","2,076.20","2,084.00","2,087.50","2,051.65","2,072.00","2,070.95","2,072.81","40,08,660","8,30,91,73,468.05","1,69,073","25,19,317","62.85"
"M&M","EQ","10-Apr-2024","2,090.90","2,098.45","2,108.60","2,070.00","2,077.00","2,076.20","2,084.46","22,80,814","4,75,42,71,184.55","1,27,279","15,81,365","69.33"
"M&M","EQ","09-Apr-2024","2,078.10","2,095.00","2,098.65","2,070.10","2,087.00","2,090.90","2,084.31","28,53,137","5,94,68,17,842.75","95,608","18,89,815","66.24"
"M&M","EQ","08-Apr-2024","2,013.30","2,018.00","2,087.00","2,016.90","2,080.90","2,078.10","2,066.63","27,81,568","5,74,84,78,216.95","1,76,571","14,67,492","52.76"
"M&M","EQ","05-Apr-2024","2,002.70","1,995.35","2,027.45","1,992.25","2,011.90","2,013.30","2,014.55","27,67,027","5,57,43,00,725.65","93,624","19,35,941","69.96"
"M&M","EQ","04-Apr-2024","1,989.30","1,999.00","2,015.00","1,963.20","2,008.00","2,002.70","1,990.02","30,07,920","5,98,58,08,386.85","1,78,669","10,77,420","35.82"
"M&M","EQ","03-Apr-2024","1,971.95","1,967.00","2,003.30","1,956.20","1,985.00","1,989.30","1,984.89","36,15,370","7,17,60,95,709.25","1,45,827","22,01,246","60.89"
"M&M","EQ","02-Apr-2024","1,915.95","1,915.95","1,977.50","1,901.45","1,970.00","1,971.95","1,941.57","34,31,715","6,66,29,18,731.95","1,59,650","21,24,098","61.90"
"M&M","EQ","01-Apr-2024","1,921.35","1,938.00","1,963.85","1,891.80","1,917.00","1,915.95","1,926.88","27,65,845","5,32,94,38,096.90","1,32,571","13,80,345","49.91"
"M&M","EQ","28-Mar-2024","1,881.15","1,881.15","1,962.95","1,870.35","1,915.35","1,921.35","1,920.47","37,90,854","7,28,02,24,678.00","1,79,599","15,63,118","41.23"
"M&M","EQ","27-Mar-2024","1,863.95","1,869.90","1,899.90","1,855.30","1,884.00","1,881.15","1,876.70","41,96,597","7,87,57,70,141.65","1,24,880","33,03,968","78.73"
"M&M","EQ","26-Mar-2024","1,878.80","1,878.20","1,917.50","1,861.10","1,868.00","1,863.95","1,877.23","40,92,744","7,68,30,30,551.55","1,63,561","28,68,529","70.09"
"M&M","EQ","22-Mar-2024","1,865.85","1,865.85","1,905.45","1,847.25","1,875.00","1,878.80","1,880.49","37,86,990","7,12,14,01,214.60","1,88,135","21,29,210","56.22"
"M&M","EQ","21-Mar-2024","1,844.40","1,859.95","1,875.00","1,845.00","1,870.00","1,865.85","1,860.35","20,72,960","3,85,64,22,569.10","1,21,686","11,05,928","53.35"
"M&M","EQ","20-Mar-2024","1,843.90","1,851.95","1,859.05","1,820.55","1,847.00","1,844.40","1,839.70","15,50,415","2,85,23,05,700.55","96,982","9,23,926","59.59"
"M&M","EQ","19-Mar-2024","1,856.05","1,856.05","1,865.00","1,826.80","1,847.35","1,843.90","1,846.15","21,89,225","4,04,16,32,744.40","1,03,604","13,52,380","61.77"
"M&M","EQ","18-Mar-2024","1,799.50","1,807.95","1,867.40","1,801.05","1,859.00","1,856.05","1,850.05","34,04,076","6,29,77,07,676.45","1,72,055","14,93,597","43.88"
"M&M","EQ","15-Mar-2024","1,890.55","1,875.00","1,882.10","1,788.80","1,796.30","1,799.50","1,812.83","55,04,948","9,97,95,54,718.20","1,91,028","35,25,523","64.04"
"M&M","EQ","14-Mar-2024","1,853.70","1,853.70","1,895.60","1,844.60","1,881.50","1,890.55","1,884.28","23,88,133","4,49,99,14,034.70","1,28,629","12,03,806","50.41"
"M&M","EQ","13-Mar-2024","1,895.15","1,896.00","1,901.40","1,844.25","1,847.10","1,853.70","1,871.86","42,70,994","7,99,46,94,457.40","1,65,984","29,91,264","70.04"
"M&M","EQ","12-Mar-2024","1,894.35","1,892.00","1,898.35","1,876.65","1,893.00","1,895.15","1,889.35","31,86,510","6,02,04,35,340.30","1,45,929","21,97,384","68.96"
"M&M","EQ","11-Mar-2024","1,897.55","1,913.00","1,913.70","1,873.30","1,888.60","1,894.35","1,893.01","32,50,782","6,15,37,67,603.25","2,04,948","21,30,752","65.55"
"M&M","EQ","07-Mar-2024","1,970.65","1,930.15","1,932.15","1,884.30","1,892.00","1,897.55","1,907.06","1,83,23,831","34,94,45,54,378.05","3,70,373","1,17,51,636","64.13"
"M&M","EQ","06-Mar-2024","1,939.25","1,945.00","1,979.90","1,922.00","1,972.00","1,970.65","1,949.69","16,73,183","3,26,21,93,561.40","1,21,313","10,15,012","60.66"
"M&M","EQ","05-Mar-2024","1,921.05","1,925.00","1,968.00","1,923.05","1,942.30","1,939.25","1,944.99","22,08,384","4,29,52,86,730.65","1,59,181","11,27,113","51.04"
"M&M","EQ","04-Mar-2024","1,960.10","1,967.00","1,974.95","1,919.05","1,926.00","1,921.05","1,933.08","16,45,331","3,18,05,50,992.95","97,713","10,00,206","60.79"
"M&M","EQ","02-Mar-2024","1,972.95","1,978.00","1,978.00","1,957.00","1,959.80","1,960.10","1,962.48","1,10,564","21,69,79,425.85","8,738","62,071","56.14"
"M&M","EQ","01-Mar-2024","1,932.40","1,933.60","1,982.30","1,930.50","1,973.00","1,972.95","1,962.75","33,84,932","6,64,37,81,847.85","2,14,057","17,23,651","50.92"
"M&M","EQ","29-Feb-2024","1,901.65","1,902.85","1,950.90","1,892.55","1,932.00","1,932.40","1,933.38","55,39,065","10,70,91,20,457.20","2,03,880","34,56,296","62.40"
"M&M","EQ","28-Feb-2024","1,950.60","1,951.95","1,953.15","1,897.05","1,905.00","1,901.65","1,921.29","20,10,429","3,86,26,13,934.35","1,15,877","12,16,048","60.49"
"M&M","EQ","27-Feb-2024","1,929.80","1,926.00","1,956.95","1,915.05","1,945.00","1,950.60","1,929.39","28,21,465","5,44,36,96,175.20","1,15,924","18,53,912","65.71"
"M&M","EQ","26-Feb-2024","1,929.95","1,935.00","1,951.00","1,925.20","1,926.00","1,929.80","1,937.46","24,36,063","4,71,97,63,840.85","97,255","17,02,370","69.88"
"M&M","EQ","23-Feb-2024","1,910.35","1,926.35","1,947.85","1,901.10","1,924.95","1,929.95","1,927.71","33,23,441","6,40,66,32,831.35","1,27,112","17,42,479","52.43"
"M&M","EQ","22-Feb-2024","1,859.65","1,870.95","1,917.00","1,853.00","1,908.00","1,910.35","1,876.80","33,60,123","6,30,62,67,779.00","1,75,607","17,02,316","50.66"
"M&M","EQ","21-Feb-2024","1,853.65","1,849.90","1,889.70","1,846.70","1,858.00","1,859.65","1,866.69","44,66,234","8,33,70,64,019.10","1,58,000","27,50,588","61.59"
"M&M","EQ","20-Feb-2024","1,848.55","1,837.40","1,860.00","1,820.50","1,848.75","1,853.65","1,845.06","18,30,562","3,37,75,01,723.05","1,05,235","8,50,188","46.44"
"M&M","EQ","19-Feb-2024","1,835.55","1,836.05","1,856.45","1,820.00","1,847.10","1,848.55","1,843.43","26,82,236","4,94,45,25,867.95","1,12,120","13,29,721","49.58"
"M&M","EQ","16-Feb-2024","1,765.05","1,788.00","1,864.65","1,776.85","1,838.00","1,835.55","1,825.59","71,88,957","13,12,40,79,097.95","3,16,154","21,01,070","29.23"
"M&M","EQ","15-Feb-2024","1,657.05","1,681.05","1,784.90","1,668.10","1,769.85","1,765.05","1,748.30","98,87,134","17,28,56,35,543.90","3,65,256","41,09,578","41.56"
"M&M","EQ","14-Feb-2024","1,646.75","1,631.00","1,679.65","1,623.90","1,662.00","1,657.05","1,650.42","43,68,695","7,21,01,83,363.85","1,84,976","18,83,538","43.11"
"M&M","EQ","13-Feb-2024","1,660.45","1,670.00","1,679.40","1,623.45","1,650.00","1,646.75","1,649.01","20,75,130","3,42,19,16,330.55","1,11,100","11,41,291","55.00"
"M&M","EQ","12-Feb-2024","1,646.40","1,654.00","1,675.05","1,640.55","1,661.60","1,660.45","1,657.26","11,97,925","1,98,52,71,523.25","95,274","6,25,805","52.24"
"M&M","EQ","09-Feb-2024","1,685.90","1,686.00","1,689.75","1,628.00","1,644.45","1,646.40","1,647.76","20,33,950","3,35,14,65,286.60","1,45,064","9,55,487","46.98"
"M&M","EQ","08-Feb-2024","1,721.00","1,729.00","1,743.90","1,675.55","1,691.20","1,685.90","1,707.81","25,50,690","4,35,61,02,159.50","1,45,744","13,31,198","52.19"
"M&M","EQ","07-Feb-2024","1,727.65","1,731.45","1,752.00","1,715.70","1,722.00","1,721.00","1,727.35","12,13,661","2,09,64,13,185.25","1,11,960","7,39,979","60.97"
"M&M","EQ","06-Feb-2024","1,703.55","1,710.95","1,730.00","1,706.00","1,728.00","1,727.65","1,722.89","22,19,874","3,82,45,98,913.10","1,26,701","13,63,445","61.42"
"M&M","EQ","05-Feb-2024","1,660.75","1,676.70","1,712.85","1,665.10","1,700.00","1,703.55","1,697.06","35,25,423","5,98,28,67,697.00","1,49,948","23,79,202","67.49"
"M&M","EQ","02-Feb-2024","1,651.15","1,655.00","1,687.05","1,650.00","1,660.00","1,660.75","1,666.64","33,04,158","5,50,68,39,985.10","1,71,830","19,28,724","58.37"
"M&M","EQ","01-Feb-2024","1,651.55","1,659.25","1,702.60","1,645.55","1,651.00","1,651.15","1,676.52","40,65,784","6,81,63,83,895.35","1,69,445","20,87,749","51.35"
"M&M","EQ","31-Jan-2024","1,620.35","1,615.05","1,658.30","1,609.05","1,656.80","1,651.55","1,644.55","31,54,787","5,18,82,19,997.35","1,78,458","20,94,992","66.41"
"M&M","EQ","30-Jan-2024","1,640.00","1,649.95","1,659.50","1,614.45","1,618.00","1,620.35","1,636.71","25,69,098","4,20,48,67,337.00","1,30,366","16,65,270","64.82"
"M&M","EQ","29-Jan-2024","1,635.50","1,635.50","1,645.00","1,625.00","1,637.50","1,640.00","1,637.85","30,75,670","5,03,74,74,705.10","1,32,824","23,32,644","75.84"
"M&M","EQ","25-Jan-2024","1,628.10","1,631.60","1,642.75","1,603.90","1,633.10","1,635.50","1,627.41","20,38,472","3,31,74,33,483.65","1,44,616","11,83,828","58.07"
"M&M","EQ","24-Jan-2024","1,595.20","1,595.00","1,632.30","1,575.00","1,628.00","1,628.10","1,604.55","25,43,323","4,08,08,86,969.10","1,71,147","15,40,243","60.56"
"M&M","EQ","23-Jan-2024","1,622.30","1,619.00","1,647.60","1,588.25","1,595.10","1,595.20","1,620.52","27,72,880","4,49,35,17,297.70","1,57,662","18,19,195","65.61"
"M&M","EQ","20-Jan-2024","1,655.55","1,660.50","1,673.95","1,616.00","1,624.00","1,622.30","1,639.07","7,11,300","1,16,58,67,502.95","46,251","2,83,648","39.88"
"M&M","EQ","19-Jan-2024","1,617.25","1,624.95","1,659.00","1,622.25","1,653.30","1,655.55","1,644.09","28,36,976","4,66,42,30,995.40","1,33,905","16,86,296","59.44"
"M&M","EQ","18-Jan-2024","1,597.70","1,600.00","1,623.30","1,580.65","1,617.30","1,617.25","1,609.83","23,28,588","3,74,86,40,616.60","1,62,681","13,95,128","59.91"
"M&M","EQ","17-Jan-2024","1,620.35","1,612.00","1,615.00","1,591.00","1,595.00","1,597.70","1,600.90","25,48,169","4,07,93,65,507.05","1,21,110","16,76,809","65.80"
"M&M","EQ","16-Jan-2024","1,635.55","1,638.00","1,640.00","1,617.55","1,621.00","1,620.35","1,627.10","22,36,688","3,63,93,24,487.40","1,06,188","14,59,830","65.27"
"M&M","EQ","15-Jan-2024","1,624.45","1,635.00","1,640.90","1,616.10","1,638.00","1,635.55","1,628.55","14,05,514","2,28,89,52,748.85","90,573","8,57,320","61.00"
"M&M","EQ","12-Jan-2024","1,628.65","1,630.00","1,633.85","1,601.50","1,626.50","1,624.45","1,614.52","30,61,539","4,94,29,19,898.50","1,55,045","17,92,589","58.55"
"M&M","EQ","11-Jan-2024","1,632.80","1,643.90","1,651.25","1,625.85","1,631.45","1,628.65","1,635.48","22,28,002","3,64,38,52,904.75","94,877","14,97,989","67.23"
"M&M","EQ","10-Jan-2024","1,629.90","1,645.00","1,647.45","1,621.35","1,626.50","1,632.80","1,630.09","19,54,233","3,18,55,79,690.15","93,797","11,96,049","61.20"
"M&M","EQ","09-Jan-2024","1,616.15","1,625.00","1,636.80","1,615.00","1,630.50","1,629.90","1,630.04","25,42,484","4,14,43,56,068.95","1,20,247","17,70,687","69.64"
"M&M","EQ","08-Jan-2024","1,642.00","1,648.15","1,653.40","1,606.10","1,606.10","1,616.15","1,625.06","14,92,195","2,42,49,00,552.30","1,31,119","9,16,260","61.40"
"M&M","EQ","05-Jan-2024","1,641.70","1,647.95","1,661.50","1,636.50","1,640.65","1,642.00","1,645.68","17,09,313","2,81,29,87,716.25","1,25,534","9,74,366","57.00"
"M&M","EQ","04-Jan-2024","1,655.25","1,666.90","1,674.45","1,638.20","1,642.00","1,641.70","1,653.75","28,35,768","4,68,96,64,224.40","1,47,068","19,40,025","68.41"
"M&M","EQ","03-Jan-2024","1,656.20","1,672.00","1,678.20","1,648.05","1,656.50","1,655.25","1,658.32","19,27,812","3,19,69,31,108.10","1,36,110","10,60,295","55.00"
"M&M","EQ","02-Jan-2024","1,703.30","1,703.60","1,705.00","1,649.45","1,661.00","1,656.20","1,661.80","28,57,334","4,74,83,22,508.25","1,78,353","18,11,155","63.39"
"M&M","EQ","01-Jan-2024","1,729.40","1,729.40","1,730.00","1,699.00","1,702.00","1,703.30","1,705.61","13,07,485","2,23,00,55,234.00","88,305","6,11,782","46.79"
"M&M","EQ","29-Dec-2023","1,734.45","1,730.00","1,758.00","1,715.00","1,725.00","1,729.40","1,736.08","22,73,255","3,94,65,49,150.10","1,12,932","12,41,939","54.63"
"M&M","EQ","28-Dec-2023","1,687.95","1,688.95","1,739.95","1,688.40","1,735.00","1,734.45","1,717.64","29,63,938","5,09,09,64,717.35","1,39,021","14,05,533","47.42"
"M&M","EQ","27-Dec-2023","1,662.25","1,670.00","1,691.80","1,660.25","1,683.00","1,687.95","1,677.56","17,93,638","3,00,89,30,098.65","93,360","10,77,999","60.10"
"M&M","EQ","26-Dec-2023","1,634.25","1,640.90","1,669.00","1,634.50","1,657.10","1,662.25","1,659.40","12,03,594","1,99,72,37,988.25","85,702","5,97,105","49.61"
"M&M","EQ","22-Dec-2023","1,633.85","1,630.00","1,652.00","1,622.75","1,635.00","1,634.25","1,637.84","27,51,274","4,50,61,54,106.05","1,89,768","18,07,489","65.70"
"M&M","EQ","21-Dec-2023","1,646.95","1,635.00","1,653.15","1,620.40","1,639.00","1,633.85","1,637.23","32,11,338","5,25,76,99,123.20","2,49,337","20,04,656","62.42"
"M&M","EQ","20-Dec-2023","1,699.35","1,710.00","1,711.95","1,640.60","1,660.00","1,646.95","1,672.97","30,47,660","5,09,86,41,405.40","1,86,996","19,24,565","63.15"
"M&M","EQ","19-Dec-2023","1,710.80","1,720.00","1,723.85","1,691.30","1,699.60","1,699.35","1,699.44","16,60,221","2,82,14,41,539.80","1,31,426","10,88,972","65.59"
"M&M","EQ","18-Dec-2023","1,724.95","1,720.00","1,731.85","1,698.75","1,710.10","1,710.80","1,715.62","17,39,425","2,98,41,90,960.75","1,24,391","11,62,512","66.83"
"M&M","EQ","15-Dec-2023","1,703.55","1,727.90","1,739.60","1,698.00","1,721.40","1,724.95","1,721.54","38,58,594","6,64,27,22,791.95","1,30,820","20,70,465","53.66"
"M&M","EQ","14-Dec-2023","1,666.15","1,676.00","1,709.85","1,671.05","1,704.00","1,703.55","1,690.28","33,26,228","5,62,22,69,608.75","1,22,685","20,84,609","62.67"
"M&M","EQ","13-Dec-2023","1,635.40","1,639.00","1,670.50","1,629.55","1,668.05","1,666.15","1,652.49","22,47,441","3,71,38,78,152.95","83,152","14,09,441","62.71"
"M&M","EQ","12-Dec-2023","1,652.20","1,663.00","1,670.00","1,626.50","1,634.80","1,635.40","1,644.36","20,51,527","3,37,34,56,932.95","98,456","14,29,794","69.69"
"M&M","EQ","11-Dec-2023","1,668.55","1,674.00","1,674.45","1,647.10","1,652.00","1,652.20","1,655.74","20,37,178","3,37,30,31,067.35","87,156","12,86,309","63.14"
"M&M","EQ","08-Dec-2023","1,692.65","1,699.00","1,708.15","1,662.55","1,668.00","1,668.55","1,676.43","19,42,667","3,25,67,48,653.40","1,04,421","10,16,289","52.31"
"M&M","EQ","07-Dec-2023","1,702.40","1,703.00","1,706.00","1,681.65","1,697.95","1,692.65","1,694.46","24,61,051","4,17,01,45,824.70","1,17,808","13,73,108","55.79"
"M&M","EQ","06-Dec-2023","1,686.05","1,688.10","1,710.45","1,684.15","1,706.45","1,702.40","1,698.46","22,79,220","3,87,11,69,734.40","1,18,171","15,99,703","70.19"
"M&M","EQ","05-Dec-2023","1,656.85","1,660.90","1,708.00","1,640.60","1,684.50","1,686.05","1,687.33","34,23,953","5,77,73,40,535.90","1,30,952","18,41,933","53.80"
"M&M","EQ","04-Dec-2023","1,625.50","1,662.85","1,675.00","1,639.45","1,655.00","1,656.85","1,655.66","30,01,010","4,96,86,42,170.20","1,00,100","18,50,073","61.65"
"M&M","EQ","01-Dec-2023","1,647.75","1,656.00","1,666.00","1,621.20","1,627.00","1,625.50","1,640.08","24,89,755","4,08,33,87,511.45","98,599","13,52,999","54.34"
"M&M","EQ","30-Nov-2023","1,619.10","1,615.05","1,660.00","1,613.70","1,644.60","1,647.75","1,645.03","52,14,960","8,57,87,68,910.00","1,71,773","28,02,695","53.74"
"M&M","EQ","29-Nov-2023","1,566.05","1,576.00","1,623.40","1,567.25","1,614.00","1,619.10","1,606.73","35,81,220","5,75,40,64,065.50","1,46,890","19,29,727","53.88"
"M&M","EQ","28-Nov-2023","1,553.20","1,553.20","1,572.00","1,542.15","1,565.50","1,566.05","1,559.99","25,96,766","4,05,09,29,463.50","1,43,836","17,85,527","68.76"
"M&M","EQ","24-Nov-2023","1,545.85","1,549.00","1,559.50","1,547.50","1,551.95","1,553.20","1,553.16","12,39,270","1,92,47,87,709.00","64,427","7,64,149","61.66"
"M&M","EQ","23-Nov-2023","1,543.45","1,556.60","1,560.95","1,535.10","1,547.50","1,545.85","1,546.53","15,52,635","2,40,11,91,549.55","78,433","6,54,391","42.15"
"M&M","EQ","22-Nov-2023","1,559.75","1,560.00","1,564.65","1,535.00","1,545.50","1,543.45","1,547.17","12,69,475","1,96,40,98,546.80","74,110","6,65,034","52.39"
"M&M","EQ","21-Nov-2023","1,552.20","1,553.00","1,571.40","1,549.15","1,561.25","1,559.75","1,560.72","22,13,144","3,45,40,99,064.10","74,086","14,38,046","64.98"
"M&M","EQ","20-Nov-2023","1,584.55","1,589.80","1,589.80","1,540.60","1,553.00","1,552.20","1,552.86","29,18,577","4,53,21,42,535.20","1,00,706","16,92,474","57.99"
"M&M","EQ","17-Nov-2023","1,569.50","1,575.00","1,596.00","1,572.65","1,582.00","1,584.55","1,586.80","20,35,309","3,22,96,34,318.15","96,008","9,79,295","48.12"
"M&M","EQ","16-Nov-2023","1,544.15","1,544.20","1,583.95","1,538.50","1,571.00","1,569.50","1,560.31","32,24,223","5,03,07,72,372.00","1,31,439","19,00,132","58.93"
"M&M","EQ","15-Nov-2023","1,540.25","1,549.00","1,550.80","1,533.55","1,541.25","1,544.15","1,541.12","27,82,942","4,28,88,49,627.70","96,931","19,80,064","71.15"
"M&M","EQ","13-Nov-2023","1,526.25","1,526.25","1,543.30","1,513.05","1,537.65","1,540.25","1,532.61","19,68,032","3,01,62,18,939.75","76,313","11,69,534","59.43"
"M&M","EQ","12-Nov-2023","1,524.10","1,540.00","1,540.00","1,523.35","1,527.50","1,526.25","1,530.61","3,40,544","52,12,39,526.35","18,133","1,50,536","44.20"
"M&M","EQ","10-Nov-2023","1,552.05","1,550.00","1,551.00","1,515.30","1,523.50","1,524.10","1,528.30","48,72,228","7,44,62,49,607.25","1,56,757","16,20,457","33.26"
"M&M","EQ","09-Nov-2023","1,487.40","1,487.40","1,558.70","1,487.40","1,550.00","1,552.05","1,532.62","48,31,782","7,40,53,07,780.85","1,75,935","20,30,967","42.03"
"M&M","EQ","08-Nov-2023","1,479.75","1,485.05","1,489.40","1,474.00","1,486.00","1,487.40","1,481.64","13,42,202","1,98,86,62,938.30","63,329","8,26,544","61.58"
"M&M","EQ","07-Nov-2023","1,488.30","1,488.25","1,497.00","1,475.00","1,479.60","1,479.75","1,486.39","19,40,908","2,88,49,37,770.10","91,741","12,49,961","64.40"
"M&M","EQ","06-Nov-2023","1,469.00","1,481.80","1,492.20","1,473.55","1,492.05","1,488.30","1,482.59","12,71,868","1,88,56,58,642.35","70,563","8,78,236","69.05"
"M&M","EQ","03-Nov-2023","1,469.70","1,480.00","1,488.10","1,460.45","1,470.00","1,469.00","1,473.06","24,56,723","3,61,89,07,743.05","1,14,156","14,42,878","58.73"
"M&M","EQ","02-Nov-2023","1,454.60","1,465.00","1,477.50","1,452.50","1,475.25","1,469.70","1,461.99","20,91,122","3,05,71,89,957.30","1,14,675","9,48,766","45.37"
"M&M","EQ","01-Nov-2023","1,458.60","1,464.90","1,485.00","1,450.00","1,452.50","1,454.60","1,464.95","26,27,536","3,84,92,13,929.40","1,24,446","13,85,854","52.74"
"M&M","EQ","31-Oct-2023","1,497.80","1,494.20","1,497.30","1,455.55","1,464.00","1,458.60","1,471.08","25,55,737","3,75,97,06,051.90","1,20,821","14,17,073","55.45"
"M&M","EQ","30-Oct-2023","1,510.80","1,502.10","1,515.45","1,463.20","1,494.95","1,497.80","1,486.97","26,37,486","3,92,18,62,448.80","1,09,907","12,10,710","45.90"
"M&M","EQ","27-Oct-2023","1,506.10","1,508.35","1,533.95","1,507.30","1,511.80","1,510.80","1,518.97","33,41,111","5,07,50,44,106.80","1,31,095","21,66,039","64.83"
"M&M","EQ","26-Oct-2023","1,569.10","1,554.00","1,558.20","1,500.00","1,508.00","1,506.10","1,516.88","33,43,802","5,07,21,38,488.05","1,60,693","19,23,540","57.53"
"M&M","EQ","25-Oct-2023","1,565.15","1,574.00","1,576.60","1,547.00","1,570.95","1,569.10","1,564.71","25,10,769","3,92,86,25,248.65","1,00,426","18,14,824","72.28"
"M&M","EQ","23-Oct-2023","1,558.25","1,548.25","1,574.90","1,546.50","1,561.00","1,565.15","1,567.05","40,69,167","6,37,65,72,423.80","69,299","33,10,331","81.35"
"M&M","EQ","20-Oct-2023","1,569.55","1,566.00","1,575.00","1,545.10","1,553.75","1,558.25","1,557.96","14,35,102","2,23,58,34,548.50","91,618","9,04,795","63.05"
"M&M","EQ","19-Oct-2023","1,574.85","1,553.35","1,578.90","1,553.35","1,566.90","1,569.55","1,569.38","12,39,578","1,94,53,72,083.35","96,393","4,72,126","38.09"
"M&M","EQ","18-Oct-2023","1,576.60","1,576.60","1,579.45","1,561.75","1,577.95","1,574.85","1,573.68","12,12,994","1,90,88,62,078.40","84,374","7,21,232","59.46"
"M&M","EQ","17-Oct-2023","1,574.55","1,575.00","1,583.90","1,568.60","1,572.55","1,576.60","1,577.41","9,97,962","1,57,41,91,504.05","70,716","5,37,367","53.85"
"M&M","EQ","16-Oct-2023","1,562.45","1,562.85","1,577.25","1,558.50","1,574.70","1,574.55","1,569.82","10,89,610","1,71,04,92,703.95","72,668","5,83,329","53.54"
"M&M","EQ","13-Oct-2023","1,566.65","1,560.50","1,574.40","1,550.30","1,564.50","1,562.45","1,562.94","14,65,554","2,29,05,80,060.65","91,610","7,31,955","49.94"
"M&M","EQ","12-Oct-2023","1,556.30","1,559.00","1,570.05","1,555.60","1,569.00","1,566.65","1,563.66","17,31,806","2,70,79,61,661.65","96,976","9,14,351","52.80"
"M&M","EQ","11-Oct-2023","1,537.85","1,540.00","1,559.15","1,540.00","1,556.00","1,556.30","1,550.73","15,36,986","2,38,34,46,754.70","81,417","9,35,036","60.84"
"M&M","EQ","10-Oct-2023","1,515.20","1,521.45","1,543.85","1,519.20","1,538.00","1,537.85","1,534.77","19,56,653","3,00,30,15,413.15","99,328","11,41,285","58.33"
"M&M","EQ","09-Oct-2023","1,548.85","1,540.00","1,541.25","1,514.00","1,515.00","1,515.20","1,528.82","21,23,175","3,24,59,42,615.00","78,785","15,90,119","74.89"
"M&M","EQ","06-Oct-2023","1,537.95","1,545.00","1,554.00","1,540.35","1,544.90","1,548.85","1,548.27","17,43,027","2,69,86,74,998.50","82,505","8,30,658","47.66"
"M&M","EQ","05-Oct-2023","1,522.10","1,533.00","1,550.80","1,513.05","1,548.85","1,537.95","1,530.68","19,91,367","3,04,81,45,568.15","1,49,329","10,88,943","54.68"
"M&M","EQ","04-Oct-2023","1,537.40","1,531.80","1,537.90","1,501.75","1,522.70","1,522.10","1,514.78","25,80,901","3,90,94,95,362.90","1,05,636","15,83,424","61.35"
"M&M","EQ","03-Oct-2023","1,554.25","1,597.20","1,598.00","1,533.05","1,535.90","1,537.40","1,548.60","34,36,776","5,32,21,80,370.85","1,15,789","20,65,131","60.09"
"M&M","EQ","29-Sep-2023","1,556.05","1,574.00","1,576.50","1,550.10","1,555.75","1,554.25","1,558.54","12,54,881","1,95,57,78,620.00","78,231","6,55,136","52.21"
"M&M","EQ","28-Sep-2023","1,589.20","1,595.95","1,596.90","1,544.00","1,554.35","1,556.05","1,563.62","23,69,699","3,70,53,00,764.65","1,25,645","10,12,374","42.72"
"M&M","EQ","27-Sep-2023","1,595.20","1,594.85","1,599.60","1,583.25","1,597.00","1,589.20","1,590.55","19,91,198","3,16,70,91,344.10","67,369","14,52,014","72.92"
"M&M","EQ","26-Sep-2023","1,589.45","1,589.45","1,606.60","1,582.00","1,597.85","1,595.20","1,594.86","14,79,841","2,36,01,44,550.35","90,867","8,06,177","54.48"
"M&M","EQ","25-Sep-2023","1,607.15","1,612.95","1,620.00","1,582.35","1,587.05","1,589.45","1,598.36","32,31,962","5,16,58,38,001.75","1,19,251","19,39,820","60.02"
"M&M","EQ","22-Sep-2023","1,583.25","1,580.00","1,617.95","1,566.10","1,610.00","1,607.15","1,601.02","38,27,771","6,12,83,20,005.60","1,58,229","14,62,485","38.21"
"M&M","EQ","21-Sep-2023","1,634.00","1,637.80","1,656.20","1,575.10","1,586.90","1,583.25","1,598.98","28,98,266","4,63,42,77,070.80","1,32,021","8,97,066","30.95"
"M&M","EQ","20-Sep-2023","1,641.45","1,620.10","1,665.00","1,620.10","1,642.00","1,634.00","1,641.12","61,16,670","10,03,81,94,819.80","1,61,553","38,57,167","63.06"
"M&M","EQ","18-Sep-2023","1,601.10","1,608.75","1,670.00","1,602.10","1,637.25","1,641.45","1,643.96","68,87,528","11,32,28,21,630.20","2,38,663","32,84,443","47.69"
"M&M","EQ","15-Sep-2023","1,566.00","1,579.65","1,610.70","1,571.85","1,600.05","1,601.10","1,596.74","54,25,897","8,66,37,46,439.45","1,32,986","33,21,107","61.21"
"M&M","EQ","14-Sep-2023","1,536.95","1,545.00","1,575.40","1,538.35","1,574.00","1,566.00","1,555.96","22,20,196","3,45,45,43,286.40","1,11,644","10,49,719","47.28"
"M&M","EQ","13-Sep-2023","1,557.95","1,564.00","1,568.60","1,530.10","1,536.65","1,536.95","1,544.36","23,82,637","3,67,96,49,124.45","1,06,500","16,09,541","67.55"
"M&M","EQ","12-Sep-2023","1,582.10","1,582.20","1,589.45","1,513.05","1,552.70","1,557.95","1,547.80","37,70,868","5,83,65,61,603.85","1,51,631","15,13,423","40.13"
"M&M","EQ","11-Sep-2023","1,567.55","1,567.65","1,589.00","1,564.00","1,580.55","1,582.10","1,578.07","19,21,950","3,03,29,76,545.50","71,137","13,01,927","67.74"
"M&M","EQ","08-Sep-2023","1,565.75","1,565.10","1,578.00","1,560.00","1,567.30","1,567.55","1,568.94","12,23,910","1,92,02,38,327.90","54,277","7,03,684","57.49"
"M&M","EQ","07-Sep-2023","1,577.00","1,572.20","1,577.90","1,560.25","1,564.90","1,565.75","1,566.50","15,14,369","2,37,22,52,819.20","64,556","7,08,201","46.77"
"M&M","EQ","06-Sep-2023","1,571.15","1,577.00","1,580.90","1,558.70","1,572.20","1,577.00","1,571.48","13,01,466","2,04,52,22,551.50","75,648","7,65,134","58.79"
"M&M","EQ","05-Sep-2023","1,576.40","1,577.60","1,584.10","1,565.25","1,571.65","1,571.15","1,572.71","10,78,759","1,69,65,79,170.45","71,823","5,46,277","50.64"
"M&M","EQ","04-Sep-2023","1,591.95","1,605.90","1,605.90","1,564.20","1,576.00","1,576.40","1,579.78","22,00,142","3,47,57,30,985.35","91,998","10,61,868","48.26"
"M&M","EQ","01-Sep-2023","1,575.40","1,577.00","1,604.50","1,575.00","1,589.95","1,591.95","1,594.46","21,47,299","3,42,37,88,677.25","92,628","9,00,496","41.94"
"M&M","EQ","31-Aug-2023","1,583.20","1,588.95","1,590.00","1,567.15","1,577.70","1,575.40","1,578.93","35,12,885","5,54,66,07,060.75","96,186","20,59,606","58.63"
"M&M","EQ","30-Aug-2023","1,560.85","1,569.00","1,589.00","1,559.80","1,579.40","1,583.20","1,580.41","31,40,040","4,96,25,52,408.20","81,860","19,51,836","62.16"
"M&M","EQ","29-Aug-2023","1,549.25","1,554.90","1,564.35","1,540.00","1,555.05","1,560.85","1,553.95","13,25,882","2,06,03,57,379.60","64,986","8,04,869","60.70"
"M&M","EQ","28-Aug-2023","1,520.05","1,528.00","1,553.00","1,524.10","1,547.80","1,549.25","1,542.12","21,32,512","3,28,85,87,350.20","1,16,884","13,41,273","62.90"
"M&M","EQ","25-Aug-2023","1,542.20","1,530.90","1,547.25","1,508.20","1,517.50","1,520.05","1,526.22","14,55,320","2,22,11,35,433.00","89,655","6,04,931","41.57"
"M&M","EQ","24-Aug-2023","1,542.45","1,550.05","1,554.95","1,528.05","1,542.00","1,542.20","1,542.05","21,11,147","3,25,54,93,056.80","90,572","13,07,134","61.92"
"M&M","EQ","23-Aug-2023","1,550.50","1,546.05","1,554.85","1,536.10","1,544.75","1,542.45","1,543.98","14,05,076","2,16,94,06,989.35","73,804","7,72,522","54.98"
"M&M","EQ","22-Aug-2023","1,538.55","1,538.00","1,555.00","1,534.75","1,550.00","1,550.50","1,549.55","9,75,607","1,51,17,50,845.35","48,063","4,46,055","45.72"
"M&M","EQ","21-Aug-2023","1,552.65","1,546.00","1,552.65","1,531.75","1,538.50","1,538.55","1,540.09","14,87,526","2,29,09,30,187.00","67,927","7,02,587","47.23"
"M&M","EQ","18-Aug-2023","1,573.50","1,568.75","1,582.55","1,544.60","1,548.90","1,552.65","1,559.13","22,02,570","3,43,40,92,716.15","1,09,131","12,44,310","56.49"
"M&M","EQ","17-Aug-2023","1,570.60","1,573.00","1,579.05","1,560.15","1,568.75","1,573.50","1,570.95","23,77,711","3,73,52,59,102.15","1,06,994","15,01,612","63.15"
"M&M","EQ","16-Aug-2023","1,546.85","1,559.05","1,573.00","1,538.60","1,570.00","1,570.60","1,554.23","23,61,632","3,67,05,16,760.55","73,729","14,86,004","62.92"
"M&M","EQ","14-Aug-2023","1,546.45","1,544.95","1,550.75","1,524.00","1,544.95","1,546.85","1,536.80","18,75,450","2,88,22,00,322.00","84,182","12,17,515","64.92"
"M&M","EQ","11-Aug-2023","1,545.40","1,548.55","1,559.60","1,533.05","1,544.45","1,546.45","1,548.93","24,02,812","3,72,17,97,012.45","1,05,088","15,41,963","64.17"
"M&M","EQ","10-Aug-2023","1,534.75","1,534.50","1,556.05","1,531.80","1,546.00","1,545.40","1,543.62","36,00,607","5,55,79,77,030.40","1,25,399","22,31,691","61.98"
"M&M","EQ","09-Aug-2023","1,499.70","1,505.00","1,537.55","1,492.25","1,535.80","1,534.75","1,523.49","37,13,003","5,65,67,22,762.40","1,38,085","23,20,378","62.49"
"M&M","EQ","08-Aug-2023","1,526.90","1,530.00","1,534.00","1,485.00","1,500.00","1,499.70","1,501.87","34,26,948","5,14,68,35,747.20","1,31,009","20,74,398","60.53"
"M&M","EQ","07-Aug-2023","1,464.65","1,489.00","1,531.00","1,480.75","1,528.00","1,526.90","1,511.54","92,57,291","13,99,27,70,403.85","2,50,334","46,62,233","50.36"
"M&M","EQ","04-Aug-2023","1,469.15","1,481.00","1,502.45","1,415.75","1,463.50","1,464.65","1,473.57","80,66,091","11,88,59,27,353.40","2,11,004","25,71,087","31.88"
"M&M","EQ","03-Aug-2023","1,485.30","1,485.00","1,501.55","1,447.60","1,470.90","1,469.15","1,475.46","22,22,395","3,27,90,49,817.95","1,02,440","8,19,716","36.88"
"M&M","EQ","02-Aug-2023","1,493.35","1,493.35","1,497.00","1,465.25","1,480.50","1,485.30","1,480.42","31,88,395","4,72,01,74,968.70","1,15,865","23,29,894","73.07"
"M&M","EQ","01-Aug-2023","1,475.20","1,475.20","1,504.00","1,470.20","1,490.00","1,493.35","1,491.08","41,84,243","6,23,90,54,567.40","1,41,243","26,25,757","62.75"
"M&M","EQ","31-Jul-2023","1,467.80","1,476.80","1,479.00","1,457.60","1,474.00","1,475.20","1,471.47","24,60,789","3,62,09,87,285.80","95,493","17,45,148","70.92"
"M&M","EQ","28-Jul-2023","1,447.40","1,460.00","1,471.00","1,450.00","1,467.95","1,467.80","1,465.88","47,14,146","6,91,03,85,047.05","1,83,184","31,95,611","67.79"
"M&M","EQ","27-Jul-2023","1,544.85","1,499.00","1,500.00","1,438.35","1,448.60","1,447.40","1,456.47","1,18,79,512","17,30,21,19,830.30","5,29,448","75,68,396","63.71"
"M&M","EQ","26-Jul-2023","1,565.75","1,570.15","1,574.00","1,532.00","1,545.90","1,544.85","1,548.29","21,00,855","3,25,27,35,692.95","1,38,339","13,04,509","62.09"
"M&M","EQ","25-Jul-2023","1,546.85","1,551.45","1,569.50","1,548.05","1,566.00","1,565.75","1,559.57","19,96,604","3,11,38,51,815.85","93,250","12,39,119","62.06"
"M&M","EQ","24-Jul-2023","1,523.50","1,522.00","1,557.00","1,514.95","1,547.00","1,546.85","1,545.52","21,29,706","3,29,14,95,808.20","63,981","11,74,377","55.14"
"M&M","EQ","21-Jul-2023","1,545.35","1,548.95","1,552.60","1,518.85","1,522.35","1,523.50","1,535.40","16,68,783","2,56,22,44,084.50","53,153","10,97,755","65.78"
"M&M","EQ","20-Jul-2023","1,544.45","1,550.05","1,553.75","1,530.55","1,545.95","1,545.35","1,542.53","15,38,263","2,37,28,23,593.30","59,514","10,17,018","66.11"
"M&M","EQ","19-Jul-2023","1,534.70","1,530.20","1,549.50","1,524.00","1,544.00","1,544.45","1,537.33","10,81,196","1,66,21,59,892.10","70,954","5,53,446","51.19"
"M&M","EQ","18-Jul-2023","1,536.30","1,536.00","1,542.15","1,526.00","1,536.50","1,534.70","1,532.81","10,59,058","1,62,33,35,669.05","60,751","5,75,441","54.34"
"M&M","EQ","17-Jul-2023","1,546.55","1,559.00","1,559.00","1,529.50","1,538.00","1,536.30","1,540.14","15,20,990","2,34,25,35,168.80","86,235","9,13,298","60.05"
"M&M","EQ","14-Jul-2023","1,566.90","1,562.70","1,566.90","1,542.70","1,545.00","1,546.55","1,551.94","21,74,792","3,37,51,54,000.35","96,588","14,93,802","68.69"
"M&M","EQ","13-Jul-2023","1,570.85","1,576.00","1,594.80","1,558.45","1,571.05","1,566.90","1,578.32","18,59,405","2,93,47,32,700.90","87,474","9,27,976","49.91"
"M&M","EQ","12-Jul-2023","1,569.45","1,569.00","1,579.65","1,541.65","1,570.00","1,570.85","1,563.94","26,58,457","4,15,76,78,302.60","1,09,295","16,91,478","63.63"
"M&M","EQ","11-Jul-2023","1,551.40","1,558.25","1,576.00","1,550.40","1,569.00","1,569.45","1,567.19","15,63,376","2,45,01,14,284.30","1,14,002","9,57,357","61.24"
"M&M","EQ","10-Jul-2023","1,564.15","1,567.00","1,579.00","1,545.95","1,553.00","1,551.40","1,560.33","22,76,342","3,55,18,33,862.95","1,49,933","13,78,966","60.58"
"M&M","EQ","07-Jul-2023","1,548.80","1,546.90","1,591.95","1,539.30","1,561.00","1,564.15","1,564.56","69,05,845","10,80,46,25,639.95","2,60,393","33,14,036","47.99"
"M&M","EQ","06-Jul-2023","1,475.35","1,477.85","1,552.90","1,472.65","1,549.50","1,548.80","1,525.41","56,28,945","8,58,64,43,512.65","2,05,433","29,46,475","52.35"
"M&M","EQ","05-Jul-2023","1,464.45","1,463.95","1,478.00","1,457.10","1,477.90","1,475.35","1,468.79","14,56,527","2,13,93,34,212.80","63,472","7,23,637","49.68"
"M&M","EQ","04-Jul-2023","1,467.95","1,487.00","1,487.00","1,462.10","1,467.55","1,464.45","1,474.83","15,95,700","2,35,33,86,706.45","69,329","8,92,010","55.90"
"M&M","EQ","03-Jul-2023","1,453.60","1,470.00","1,498.05","1,459.30","1,471.70","1,467.95","1,475.68","36,15,176","5,33,48,36,255.65","1,51,271","18,57,175","51.37"
"M&M","EQ","30-Jun-2023","1,395.00","1,402.65","1,461.00","1,400.00","1,456.00","1,453.60","1,442.59","41,14,865","5,93,60,69,457.00","1,45,578","19,14,512","46.53"
"M&M","EQ","28-Jun-2023","1,402.40","1,408.95","1,413.75","1,390.15","1,397.00","1,395.00","1,401.57","26,11,913","3,66,07,89,774.80","95,156","18,51,446","70.88"
"M&M","EQ","27-Jun-2023","1,397.65","1,406.70","1,417.00","1,393.60","1,401.50","1,402.40","1,405.15","27,37,379","3,84,64,40,646.50","1,09,787","17,50,153","63.94"
"M&M","EQ","26-Jun-2023","1,373.25","1,375.00","1,404.90","1,369.95","1,398.00","1,397.65","1,391.55","22,81,046","3,17,41,79,572.45","1,18,787","14,42,944","63.26"
"M&M","EQ","23-Jun-2023","1,378.70","1,376.90","1,379.60","1,368.50","1,374.35","1,373.25","1,374.34","12,58,590","1,72,97,28,767.55","76,941","8,19,880","65.14"
"M&M","EQ","22-Jun-2023","1,374.25","1,379.00","1,392.00","1,374.65","1,379.80","1,378.70","1,382.36","12,96,616","1,79,23,85,557.15","59,952","6,37,111","49.14"
"M&M","EQ","21-Jun-2023","1,396.45","1,394.05","1,403.40","1,370.65","1,377.25","1,374.25","1,384.41","20,08,628","2,78,07,63,287.50","73,106","14,39,304","71.66"
"M&M","EQ","20-Jun-2023","1,402.55","1,402.60","1,409.90","1,380.70","1,397.65","1,396.45","1,389.88","10,42,428","1,44,88,48,860.75","75,030","4,90,982","47.10"
"M&M","EQ","19-Jun-2023","1,403.85","1,409.50","1,415.35","1,396.00","1,400.50","1,402.55","1,406.43","14,76,764","2,07,69,59,980.90","50,352","10,46,083","70.84"
"M&M","EQ","16-Jun-2023","1,392.75","1,399.00","1,409.80","1,393.40","1,406.00","1,403.85","1,403.03","21,32,678","2,99,22,14,928.45","83,278","14,44,864","67.75"
"M&M","EQ","15-Jun-2023","1,378.65","1,381.80","1,407.20","1,371.50","1,393.05","1,392.75","1,393.96","17,20,070","2,39,77,14,144.80","69,075","8,77,831","51.03"
"M&M","EQ","14-Jun-2023","1,373.15","1,374.00","1,381.00","1,366.00","1,378.15","1,378.65","1,376.09","9,05,086","1,24,54,81,508.85","39,756","5,59,127","61.78"
"M&M","EQ","13-Jun-2023","1,381.40","1,383.15","1,388.50","1,368.20","1,374.20","1,373.15","1,374.16","25,16,583","3,45,81,94,422.90","88,930","18,84,972","74.90"
"M&M","EQ","12-Jun-2023","1,370.65","1,377.90","1,384.80","1,369.30","1,384.00","1,381.40","1,377.34","13,89,300","1,91,35,42,866.75","87,121","8,10,302","58.32"
"M&M","EQ","09-Jun-2023","1,381.05","1,380.75","1,387.00","1,363.00","1,371.85","1,370.65","1,369.64","18,81,329","2,57,67,41,282.00","77,964","11,09,944","59.00"
"M&M","EQ","08-Jun-2023","1,406.40","1,412.70","1,415.55","1,377.50","1,379.95","1,381.05","1,390.27","17,76,230","2,46,94,33,713.70","58,863","10,51,704","59.21"
"M&M","EQ","07-Jun-2023","1,411.20","1,422.80","1,422.80","1,395.00","1,409.00","1,406.40","1,405.42","24,91,079","3,50,10,08,994.00","85,909","16,85,533","67.66"
"M&M","EQ","06-Jun-2023","1,395.40","1,395.40","1,414.90","1,388.05","1,410.10","1,411.20","1,404.61","23,35,838","3,28,09,49,721.20","1,48,600","13,22,702","56.63"
"M&M","EQ","05-Jun-2023","1,341.40","1,349.80","1,401.00","1,346.35","1,394.95","1,395.40","1,382.09","51,05,293","7,05,59,93,111.65","2,22,575","23,69,214","46.41"
"M&M","EQ","02-Jun-2023","1,318.90","1,324.85","1,345.00","1,320.30","1,343.00","1,341.40","1,333.58","23,13,841","3,08,56,84,622.00","1,19,337","15,79,056","68.24"
"M&M","EQ","01-Jun-2023","1,319.00","1,319.00","1,337.70","1,312.80","1,319.80","1,318.90","1,324.42","23,64,455","3,13,15,20,548.20","1,61,465","14,64,908","61.96"
"M&M","EQ","31-May-2023","1,328.45","1,325.00","1,328.25","1,303.25","1,316.20","1,319.00","1,318.27","56,29,378","7,42,10,49,375.10","1,36,284","46,73,086","83.01"
"M&M","EQ","30-May-2023","1,330.15","1,329.95","1,335.30","1,320.00","1,327.05","1,328.45","1,330.40","24,93,657","3,31,75,65,304.05","1,02,790","17,35,275","69.59"
"M&M","EQ","29-May-2023","1,281.85","1,321.50","1,350.00","1,298.00","1,325.05","1,330.15","1,329.30","61,85,862","8,22,28,50,122.70","2,67,574","31,18,492","50.41"
"M&M","EQ","26-May-2023","1,277.80","1,290.00","1,292.80","1,268.35","1,277.00","1,281.85","1,283.55","35,08,112","4,50,28,27,826.00","97,532","19,40,517","55.32"
"M&M","EQ","25-May-2023","1,275.70","1,280.00","1,280.80","1,257.55","1,279.35","1,277.80","1,268.92","20,40,166","2,58,87,99,776.75","88,205","13,74,015","67.35"
"M&M","EQ","24-May-2023","1,268.55","1,260.00","1,278.00","1,254.50","1,277.10","1,275.70","1,268.82","13,69,297","1,73,73,94,061.30","51,832","8,15,606","59.56"
"M&M","EQ","23-May-2023","1,265.55","1,265.55","1,270.75","1,256.55","1,268.00","1,268.55","1,265.72","18,03,955","2,28,33,09,711.00","63,990","12,78,558","70.88"
"M&M","EQ","22-May-2023","1,260.40","1,259.25","1,269.45","1,251.30","1,265.00","1,265.55","1,264.15","9,17,769","1,16,01,98,733.60","50,047","5,42,621","59.12"
"M&M","EQ","19-May-2023","1,245.50","1,252.90","1,262.45","1,237.45","1,258.00","1,260.40","1,252.59","15,88,996","1,99,03,59,577.40","76,012","10,42,511","65.61"
"M&M","EQ","18-May-2023","1,263.10","1,269.95","1,269.95","1,241.25","1,248.80","1,245.50","1,253.56","19,00,447","2,38,23,23,213.50","58,030","12,53,783","65.97"
"M&M","EQ","17-May-2023","1,262.45","1,265.00","1,271.70","1,260.70","1,262.00","1,263.10","1,265.63","16,43,851","2,08,05,08,122.70","70,293","11,59,845","70.56"
"M&M","EQ","16-May-2023","1,285.65","1,287.00","1,291.70","1,258.85","1,265.00","1,262.45","1,271.96","15,71,371","1,99,87,28,640.75","88,509","10,53,780","67.06"
"M&M","EQ","15-May-2023","1,275.95","1,279.90","1,287.75","1,272.60","1,287.50","1,285.65","1,283.33","26,47,630","3,39,77,82,400.75","88,203","19,35,599","73.11"
"M&M","EQ","12-May-2023","1,251.30","1,256.40","1,278.80","1,251.30","1,275.05","1,275.95","1,267.70","24,27,624","3,07,75,03,825.20","81,774","16,06,379","66.17"
"M&M","EQ","11-May-2023","1,248.65","1,250.00","1,260.85","1,244.15","1,251.05","1,251.30","1,251.60","41,00,467","5,13,21,38,074.80","81,913","28,96,046","70.63"
"M&M","EQ","10-May-2023","1,245.45","1,250.00","1,255.80","1,235.00","1,250.00","1,248.65","1,244.32","21,08,081","2,62,31,26,522.95","1,01,400","13,89,328","65.90"
"M&M","EQ","09-May-2023","1,231.80","1,239.00","1,250.00","1,234.05","1,244.70","1,245.45","1,244.17","18,46,359","2,29,71,76,570.65","96,037","10,81,441","58.57"
"M&M","EQ","08-May-2023","1,211.20","1,216.95","1,239.85","1,213.70","1,233.50","1,231.80","1,233.24","35,13,667","4,33,31,84,372.70","1,19,692","24,02,597","68.38"
"M&M","EQ","05-May-2023","1,231.70","1,232.80","1,242.35","1,208.05","1,213.00","1,211.20","1,220.48","47,53,718","5,80,18,23,647.55","74,419","35,85,036","75.42"
"M&M","EQ","04-May-2023","1,235.45","1,235.00","1,238.05","1,228.00","1,230.45","1,231.70","1,231.41","15,41,188","1,89,78,27,472.00","1,07,298","9,58,516","62.19"
"M&M","EQ","03-May-2023","1,237.30","1,237.30","1,242.00","1,230.10","1,235.00","1,235.45","1,235.35","13,07,304","1,61,49,83,470.55","51,373","8,10,843","62.02"
"M&M","EQ","02-May-2023","1,226.90","1,230.00","1,240.80","1,217.50","1,234.00","1,237.30","1,231.82","26,07,580","3,21,20,76,691.70","83,747","14,96,760","57.40"
"M&M","EQ","28-Apr-2023","1,224.00","1,225.00","1,228.75","1,211.50","1,225.10","1,226.90","1,222.57","23,33,102","2,85,23,80,878.35","94,563","14,48,571","62.09"
"M&M","EQ","27-Apr-2023","1,213.55","1,210.05","1,225.00","1,210.05","1,224.00","1,224.00","1,221.02","13,40,045","1,63,62,25,046.95","70,970","8,04,404","60.03"
"M&M","EQ","26-Apr-2023","1,209.85","1,212.00","1,217.25","1,205.30","1,215.75","1,213.55","1,211.52","17,08,865","2,07,03,30,615.65","82,752","10,65,013","62.32"
"M&M","EQ","25-Apr-2023","1,207.75","1,207.75","1,215.00","1,199.40","1,207.65","1,209.85","1,207.02","13,60,260","1,64,18,67,112.00","78,457","7,99,276","58.76"
"M&M","EQ","24-Apr-2023","1,212.75","1,210.40","1,217.10","1,196.00","1,206.90","1,207.75","1,204.34","13,89,756","1,67,37,44,359.05","79,708","8,46,833","60.93"
"M&M","EQ","21-Apr-2023","1,218.60","1,221.95","1,221.95","1,209.05","1,212.15","1,212.75","1,212.84","10,15,815","1,23,20,23,990.80","49,947","6,88,377","67.77"
"M&M","EQ","20-Apr-2023","1,215.50","1,218.00","1,224.90","1,214.55","1,215.05","1,218.60","1,219.80","21,72,677","2,65,02,41,378.90","64,800","14,34,877","66.04"
"M&M","EQ","19-Apr-2023","1,204.70","1,204.65","1,217.95","1,203.40","1,215.45","1,215.50","1,213.10","18,18,732","2,20,63,05,714.25","53,648","11,16,510","61.39"
"M&M","EQ","18-Apr-2023","1,212.95","1,213.00","1,217.90","1,202.60","1,205.40","1,204.70","1,207.20","20,75,066","2,50,50,25,632.40","82,844","13,96,346","67.29"
"M&M","EQ","17-Apr-2023","1,204.55","1,218.95","1,218.95","1,203.40","1,214.00","1,212.95","1,208.96","19,56,198","2,36,49,60,178.35","89,774","11,92,515","60.96"
"M&M","EQ","13-Apr-2023","1,207.35","1,213.45","1,222.20","1,199.55","1,205.45","1,204.55","1,205.80","44,70,196","5,39,01,48,195.90","1,22,229","31,31,847","70.06"
"M&M","EQ","12-Apr-2023","1,201.70","1,203.50","1,212.95","1,198.60","1,209.00","1,207.35","1,207.59","24,69,405","2,98,20,17,349.05","1,21,209","15,65,380","63.39"
"M&M","EQ","11-Apr-2023","1,188.60","1,200.00","1,204.20","1,188.20","1,203.50","1,201.70","1,196.00","24,43,384","2,92,22,81,034.80","1,13,995","15,19,519","62.19"
"M&M","EQ","10-Apr-2023","1,171.25","1,171.25","1,191.00","1,171.25","1,189.00","1,188.60","1,184.20","25,86,918","3,06,34,28,073.95","93,434","14,55,734","56.27"
"M&M","EQ","06-Apr-2023","1,155.45","1,154.00","1,175.00","1,148.30","1,171.95","1,171.25","1,165.09","20,29,418","2,36,44,59,862.00","88,915","11,62,445","57.28"
"M&M","EQ","05-Apr-2023","1,169.90","1,172.00","1,173.30","1,151.95","1,154.05","1,155.45","1,161.44","20,28,469","2,35,59,52,263.75","1,08,271","13,25,845","65.36"
"M&M","EQ","03-Apr-2023","1,158.70","1,161.30","1,180.00","1,155.30","1,172.00","1,169.90","1,168.18","25,46,562","2,97,48,37,861.15","1,78,078","14,08,233","55.30"
"M&M","EQ","31-Mar-2023","1,144.30","1,147.60","1,163.00","1,145.85","1,158.00","1,158.70","1,154.92","23,43,070","2,70,60,56,495.25","86,258","14,58,853","62.26"
"M&M","EQ","29-Mar-2023","1,128.30","1,133.95","1,152.45","1,132.00","1,145.85","1,144.30","1,144.74","40,03,003","4,58,24,01,176.45","95,406","26,04,885","65.07"
"M&M","EQ","28-Mar-2023","1,137.90","1,143.60","1,149.00","1,123.40","1,130.90","1,128.30","1,131.73","19,03,339","2,15,40,65,712.00","74,023","10,71,280","56.28"
"M&M","EQ","27-Mar-2023","1,150.80","1,141.50","1,150.60","1,125.50","1,139.00","1,137.90","1,139.30","24,46,528","2,78,73,30,742.15","1,00,900","12,11,904","49.54"
"M&M","EQ","24-Mar-2023","1,164.95","1,160.55","1,170.55","1,147.10","1,148.00","1,150.80","1,158.08","18,39,876","2,13,07,17,389.55","1,11,241","10,20,048","55.44"
"M&M","EQ","23-Mar-2023","1,164.10","1,161.00","1,175.00","1,153.80","1,160.25","1,164.95","1,165.52","25,94,282","3,02,36,86,000.60","1,12,210","16,27,417","62.73"
"M&M","EQ","22-Mar-2023","1,160.30","1,167.50","1,180.50","1,159.15","1,164.00","1,164.10","1,167.95","22,11,909","2,58,34,08,999.50","1,03,691","11,62,952","52.58"
"M&M","EQ","21-Mar-2023","1,167.65","1,170.60","1,175.00","1,156.40","1,162.70","1,160.30","1,162.55","22,09,422","2,56,85,60,892.80","1,10,281","12,48,822","56.52"
"M&M","EQ","20-Mar-2023","1,171.50","1,169.95","1,179.15","1,145.00","1,169.00","1,167.65","1,158.59","20,82,268","2,41,24,88,159.60","1,46,872","10,18,830","48.93"
"M&M","EQ","17-Mar-2023","1,167.05","1,172.90","1,186.25","1,152.00","1,171.40","1,171.50","1,169.99","36,83,701","4,30,98,90,014.00","98,483","21,30,652","57.84"
"M&M","EQ","16-Mar-2023","1,160.35","1,160.00","1,175.25","1,140.15","1,170.00","1,167.05","1,161.29","36,04,480","4,18,58,52,141.90","1,85,190","21,97,980","60.98"
"M&M","EQ","15-Mar-2023","1,160.80","1,167.00","1,174.40","1,153.20","1,158.50","1,160.35","1,165.20","22,26,887","2,59,47,77,066.65","95,603","10,76,715","48.35"
"M&M","EQ","14-Mar-2023","1,193.45","1,192.30","1,192.40","1,156.85","1,159.65","1,160.80","1,170.17","53,79,592","6,29,50,17,026.85","2,10,285","32,59,783","60.60"
"M&M","EQ","13-Mar-2023","1,226.70","1,222.70","1,231.00","1,182.45","1,193.00","1,193.45","1,203.05","38,42,775","4,62,30,44,928.10","1,74,287","22,68,336","59.03"
"M&M","EQ","10-Mar-2023","1,248.15","1,249.00","1,256.70","1,225.35","1,227.65","1,226.70","1,234.74","26,64,696","3,29,02,06,651.25","1,05,829","12,04,513","45.20"
"M&M","EQ","09-Mar-2023","1,289.95","1,291.00","1,294.80","1,244.95","1,245.15","1,248.15","1,259.52","35,96,577","4,52,99,65,390.05","1,04,594","24,01,347","66.77"
"M&M","EQ","08-Mar-2023","1,270.45","1,270.00","1,291.95","1,258.30","1,288.10","1,289.95","1,278.12","23,70,800","3,03,01,74,932.65","1,02,908","15,64,395","65.99"
"M&M","EQ","06-Mar-2023","1,268.60","1,269.55","1,284.25","1,268.00","1,274.90","1,270.45","1,276.65","15,70,410","2,00,48,60,450.45","82,701","9,73,901","62.02"
"M&M","EQ","03-Mar-2023","1,251.55","1,257.90","1,276.95","1,253.25","1,266.95","1,268.60","1,266.28","14,93,291","1,89,09,26,721.65","79,127","8,41,629","56.36"
"M&M","EQ","02-Mar-2023","1,272.15","1,278.55","1,278.55","1,250.00","1,253.00","1,251.55","1,257.01","15,63,750","1,96,56,41,591.45","1,03,192","8,02,151","51.30"
"M&M","EQ","01-Mar-2023","1,269.60","1,275.95","1,305.55","1,269.05","1,274.80","1,272.15","1,288.26","23,38,935","3,01,31,47,989.80","93,922","8,72,964","37.32"
"M&M","EQ","28-Feb-2023","1,257.40","1,263.70","1,293.25","1,260.00","1,275.35","1,269.60","1,275.72","34,07,211","4,34,66,52,629.15","1,08,781","16,31,141","47.87"
"M&M","EQ","27-Feb-2023","1,280.20","1,270.05","1,285.40","1,248.40","1,261.00","1,257.40","1,259.93","20,19,964","2,54,50,17,171.90","1,08,471","10,58,826","52.42"
"M&M","EQ","24-Feb-2023","1,313.95","1,320.20","1,320.55","1,278.20","1,280.45","1,280.20","1,293.06","28,24,384","3,65,20,99,151.90","1,38,382","16,79,190","59.45"
"M&M","EQ","23-Feb-2023","1,319.75","1,325.25","1,326.25","1,305.00","1,315.60","1,313.95","1,315.69","18,47,879","2,43,12,31,348.65","1,18,680","9,49,113","51.36"
"M&M","EQ","22-Feb-2023","1,351.85","1,346.90","1,352.85","1,311.15","1,331.00","1,319.75","1,333.84","21,96,484","2,92,97,53,843.90","1,06,037","14,01,367","63.80"
"M&M","EQ","21-Feb-2023","1,346.25","1,354.50","1,362.40","1,341.00","1,346.45","1,351.85","1,351.36","21,18,816","2,86,32,73,608.00","1,34,813","13,48,928","63.66"
"M&M","EQ","20-Feb-2023","1,341.50","1,342.10","1,354.95","1,332.60","1,343.00","1,346.25","1,347.12","14,97,314","2,01,70,54,185.10","65,991","7,67,747","51.27"
"M&M","EQ","17-Feb-2023","1,368.15","1,359.95","1,372.55","1,332.30","1,343.00","1,341.50","1,349.63","21,50,027","2,90,17,32,428.25","99,592","9,20,722","42.82"
"M&M","EQ","16-Feb-2023","1,379.35","1,380.10","1,397.00","1,363.20","1,366.10","1,368.15","1,381.70","26,46,301","3,65,63,84,718.80","1,06,674","15,46,981","58.46"
"M&M","EQ","15-Feb-2023","1,363.15","1,364.20","1,383.15","1,360.05","1,378.00","1,379.35","1,371.71","20,07,214","2,75,33,13,947.30","67,652","12,83,646","63.95"
"M&M","EQ","14-Feb-2023","1,353.00","1,358.00","1,377.00","1,350.00","1,365.50","1,363.15","1,367.97","23,73,179","3,24,64,33,929.55","1,36,512","11,14,954","46.98"
"M&M","EQ","13-Feb-2023","1,365.45","1,375.00","1,384.00","1,325.05","1,350.00","1,353.00","1,352.12","44,01,219","5,95,09,57,408.60","1,41,710","15,73,329","35.75"
"M&M","EQ","10-Feb-2023","1,372.20","1,378.55","1,386.95","1,350.80","1,362.95","1,365.45","1,370.68","32,82,665","4,49,94,77,051.75","1,08,794","5,82,137","17.73"
"M&M","EQ","09-Feb-2023","1,373.05","1,372.00","1,386.00","1,363.00","1,372.00","1,372.20","1,372.95","18,66,387","2,56,24,47,273.20","79,925","9,65,251","51.72"
"M&M","EQ","08-Feb-2023","1,366.70","1,373.55","1,380.00","1,360.00","1,373.60","1,373.05","1,371.06","12,41,238","1,70,18,11,890.30","65,375","6,07,267","48.92"
"M&M","EQ","07-Feb-2023","1,376.00","1,382.90","1,385.00","1,361.00","1,368.80","1,366.70","1,370.26","14,13,825","1,93,73,03,492.05","90,555","8,06,012","57.01"
"M&M","EQ","06-Feb-2023","1,388.00","1,391.90","1,391.90","1,360.00","1,374.15","1,376.00","1,372.28","15,04,382","2,06,44,37,635.85","70,435","7,15,637","47.57"
"M&M","EQ","03-Feb-2023","1,352.40","1,359.20","1,391.95","1,350.55","1,390.00","1,388.00","1,369.93","18,03,085","2,47,01,04,448.20","1,17,288","9,94,605","55.16"
"M&M","EQ","02-Feb-2023","1,352.05","1,348.05","1,378.20","1,330.50","1,354.00","1,352.40","1,356.97","20,29,111","2,75,34,35,257.05","1,12,553","10,80,776","53.26"
"M&M","EQ","01-Feb-2023","1,378.75","1,386.55","1,390.00","1,322.00","1,350.10","1,352.05","1,365.58","30,10,838","4,11,15,48,690.30","1,54,533","13,80,421","45.85"
"M&M","EQ","31-Jan-2023","1,331.60","1,350.30","1,385.50","1,335.30","1,377.00","1,378.75","1,365.83","52,65,862","7,19,22,74,482.85","2,04,323","36,63,358","69.57"
"M&M","EQ","30-Jan-2023","1,320.20","1,320.10","1,342.00","1,305.00","1,332.00","1,331.60","1,327.94","24,02,331","3,19,01,52,274.10","1,17,782","14,66,016","61.02"
"M&M","EQ","27-Jan-2023","1,311.50","1,318.10","1,339.80","1,286.65","1,320.00","1,320.20","1,314.55","19,14,769","2,51,70,63,798.60","1,13,017","9,00,726","47.04"
"M&M","EQ","25-Jan-2023","1,323.90","1,324.90","1,332.00","1,306.05","1,317.95","1,311.50","1,314.87","13,59,090","1,78,70,29,928.95","45,866","7,62,595","56.11"
"M&M","EQ","24-Jan-2023","1,328.45","1,335.10","1,335.10","1,321.05","1,323.55","1,323.90","1,326.45","14,08,040","1,86,76,91,102.90","54,049","9,17,791","65.18"
"M&M","EQ","23-Jan-2023","1,314.75","1,321.35","1,345.95","1,312.30","1,326.95","1,328.45","1,333.88","16,81,075","2,24,23,55,208.60","58,969","8,47,119","50.39"
"M&M","EQ","20-Jan-2023","1,319.55","1,324.05","1,325.00","1,311.65","1,318.85","1,314.75","1,318.48","13,32,666","1,75,70,99,309.90","68,589","8,56,465","64.27"
"M&M","EQ","19-Jan-2023","1,322.15","1,317.60","1,328.70","1,312.30","1,318.00","1,319.55","1,320.94","20,66,881","2,73,02,29,248.15","75,393","12,79,501","61.90"
"M&M","EQ","18-Jan-2023","1,320.85","1,320.35","1,325.00","1,308.10","1,320.60","1,322.15","1,317.60","11,79,938","1,55,46,87,089.55","71,949","7,13,118","60.44"
"M&M","EQ","17-Jan-2023","1,315.60","1,318.95","1,323.85","1,304.10","1,318.00","1,320.85","1,315.24","16,07,137","2,11,37,63,483.40","82,409","9,97,255","62.05"
"M&M","EQ","16-Jan-2023","1,328.15","1,333.00","1,335.25","1,302.95","1,315.30","1,315.60","1,313.88","16,51,972","2,17,04,93,795.60","73,856","9,80,222","59.34"
"M&M","EQ","13-Jan-2023","1,319.90","1,325.00","1,337.00","1,311.60","1,327.55","1,328.15","1,328.14","26,00,139","3,45,33,42,140.80","85,649","15,74,343","60.55"
"M&M","EQ","12-Jan-2023","1,312.60","1,316.00","1,327.00","1,310.00","1,322.00","1,319.90","1,317.72","24,48,619","3,22,66,00,093.45","98,403","16,08,862","65.70"
"M&M","EQ","11-Jan-2023","1,314.90","1,315.50","1,320.00","1,300.50","1,312.00","1,312.60","1,308.72","20,41,750","2,67,20,68,950.40","1,11,463","14,13,102","69.21"
"M&M","EQ","10-Jan-2023","1,310.35","1,310.50","1,326.40","1,305.75","1,317.00","1,314.90","1,316.71","31,39,930","4,13,43,88,498.50","1,04,788","17,87,842","56.94"
"M&M","EQ","09-Jan-2023","1,264.90","1,272.95","1,313.90","1,271.65","1,310.10","1,310.35","1,303.44","36,34,805","4,73,77,37,669.40","1,45,295","16,87,162","46.42"
"M&M","EQ","06-Jan-2023","1,252.65","1,252.65","1,274.95","1,248.15","1,263.40","1,264.90","1,263.26","22,14,972","2,79,80,96,003.20","63,562","10,21,175","46.10"
"M&M","EQ","05-Jan-2023","1,236.20","1,240.00","1,255.00","1,231.00","1,253.00","1,252.65","1,248.46","27,45,160","3,42,72,25,186.85","1,03,100","18,51,620","67.45"
"M&M","EQ","04-Jan-2023","1,249.30","1,252.35","1,255.80","1,231.00","1,235.50","1,236.20","1,241.09","13,44,532","1,66,86,84,918.65","59,066","6,03,115","44.86"
"M&M","EQ","03-Jan-2023","1,262.85","1,263.00","1,265.00","1,246.70","1,251.00","1,249.30","1,253.06","15,10,751","1,89,30,65,513.75","68,244","8,47,362","56.09"
"M&M","EQ","02-Jan-2023","1,249.20","1,251.00","1,271.00","1,242.60","1,262.00","1,262.85","1,262.06","17,18,385","2,16,86,96,725.65","76,028","8,88,015","51.68"