"Symbol  ","Series  ","Date  ","Prev Close  ","Open Price  ","High Price  ","Low Price  ","Last Price  ","Close Price  ","Average Price ","Total Traded Quantity  ","Turnover ₹  ","No. of Trades  ","Deliverable Qty  ","% Dly Qt to Traded Qty  "
"TCS","EQ","31-Dec-2025","3,246.80","3,240.00","3,246.00","3,198.50","3,210.00","3,206.20","3,216.08","33,62,634","10,81,45,02,991.90","1,45,683","24,28,193","72.21"
"TCS","EQ","30-Dec-2025","3,251.50","3,250.00","3,267.50","3,239.50","3,255.00","3,246.80","3,250.64","28,07,593","9,12,64,73,823.50","1,84,541","19,39,014","69.06"
"TCS","EQ","29-Dec-2025","3,280.00","3,280.00","3,288.00","3,242.90","3,256.00","3,251.50","3,254.98","20,79,473","6,76,86,50,796.40","1,17,390","14,03,152","67.48"
"TCS","EQ","26-Dec-2025","3,319.00","3,313.10","3,320.00","3,271.80","3,276.80","3,280.00","3,287.91","11,76,664","3,86,87,59,940.60","89,363","7,38,341","62.75"
"TCS","EQ","24-Dec-2025","3,310.00","3,304.10","3,327.10","3,296.10","3,313.10","3,319.00","3,312.41","13,67,708","4,53,04,13,590.90","84,873","7,53,755","55.11"
"TCS","EQ","23-Dec-2025","3,324.90","3,319.90","3,319.90","3,293.50","3,305.10","3,310.00","3,304.76","23,65,420","7,81,71,55,849.90","1,39,216","10,69,663","45.22"
"TCS","EQ","22-Dec-2025","3,282.00","3,310.00","3,328.60","3,291.00","3,324.90","3,324.90","3,314.14","26,32,816","8,72,55,23,457.10","1,01,733","17,33,705","65.85"
"TCS","EQ","19-Dec-2025","3,280.80","3,299.00","3,317.90","3,278.80","3,285.00","3,282.00","3,295.00","39,02,511","12,85,87,80,664.30","1,22,711","24,37,494","62.46"
"TCS","EQ","18-Dec-2025","3,217.80","3,228.00","3,287.80","3,221.00","3,281.20","3,280.80","3,260.45","23,07,422","7,52,32,25,819.80","1,66,551","11,85,210","51.37"
"TCS","EQ","17-Dec-2025","3,205.10","3,200.50","3,236.90","3,200.50","3,217.80","3,217.80","3,218.60","13,76,350","4,42,99,15,958.70","88,357","8,21,318","59.67"
"TCS","EQ","16-Dec-2025","3,230.20","3,220.00","3,220.00","3,191.10","3,206.60","3,205.10","3,204.68","17,34,623","5,55,89,13,487.80","97,265","10,29,972","59.38"
"TCS","EQ","15-Dec-2025","3,220.50","3,211.10","3,238.20","3,197.30","3,227.00","3,230.20","3,220.97","15,62,190","5,03,17,66,680.70","1,07,289","9,70,452","62.12"
"TCS","EQ","12-Dec-2025","3,191.90","3,197.70","3,223.00","3,185.70","3,220.10","3,220.50","3,209.12","11,46,554","3,67,94,24,706.90","83,968","7,40,058","64.55"
"TCS","EQ","11-Dec-2025","3,189.20","3,205.00","3,208.40","3,153.10","3,193.90","3,191.90","3,184.35","19,14,362","6,09,59,95,407.30","1,00,793","9,44,111","49.32"
"TCS","EQ","10-Dec-2025","3,208.30","3,225.00","3,225.00","3,178.10","3,185.00","3,189.20","3,191.56","13,86,849","4,42,62,07,513.50","82,261","7,22,010","52.06"
"TCS","EQ","09-Dec-2025","3,236.50","3,230.00","3,233.70","3,181.20","3,208.00","3,208.30","3,201.08","27,34,893","8,75,46,08,897.60","1,38,787","12,62,341","46.16"
"TCS","EQ","08-Dec-2025","3,238.20","3,243.00","3,259.90","3,208.60","3,237.90","3,236.50","3,236.92","25,44,725","8,23,70,58,645.90","1,21,186","15,36,350","60.37"
"TCS","EQ","05-Dec-2025","3,229.20","3,230.00","3,271.60","3,222.40","3,241.00","3,238.20","3,246.03","52,44,013","17,02,22,14,888.30","1,78,219","32,39,404","61.77"
"TCS","EQ","04-Dec-2025","3,180.00","3,194.00","3,250.00","3,187.40","3,227.00","3,229.20","3,231.21","50,25,905","16,23,97,49,623.20","1,85,585","33,63,573","66.92"
"TCS","EQ","03-Dec-2025","3,135.70","3,140.00","3,211.90","3,139.00","3,180.00","3,180.00","3,185.48","39,52,112","12,58,93,78,283.40","1,92,454","21,22,464","53.70"
"TCS","EQ","02-Dec-2025","3,133.40","3,131.00","3,144.00","3,120.40","3,137.50","3,135.70","3,133.36","25,12,003","7,87,10,11,640.60","1,27,701","16,03,990","63.85"
"TCS","EQ","01-Dec-2025","3,137.50","3,137.90","3,154.00","3,122.20","3,138.00","3,133.40","3,133.29","17,47,647","5,47,58,78,282.20","1,30,698","10,72,880","61.39"
"TCS","EQ","28-Nov-2025","3,136.60","3,140.00","3,147.30","3,125.00","3,135.90","3,137.50","3,137.82","16,16,690","5,07,28,88,841.30","79,463","10,02,178","61.99"
"TCS","EQ","27-Nov-2025","3,162.90","3,180.00","3,180.00","3,125.00","3,134.00","3,136.60","3,142.97","28,36,233","8,91,41,92,099.10","1,71,374","16,56,213","58.39"
"TCS","EQ","26-Nov-2025","3,119.20","3,118.80","3,178.00","3,117.00","3,162.90","3,162.90","3,157.95","25,08,527","7,92,18,09,747.00","1,12,405","16,16,953","64.46"
"TCS","EQ","25-Nov-2025","3,141.20","3,145.30","3,149.80","3,115.00","3,115.70","3,119.20","3,127.55","27,37,920","8,56,29,68,101.70","1,44,573","16,19,081","59.14"
"TCS","EQ","24-Nov-2025","3,150.60","3,158.00","3,178.90","3,131.00","3,134.00","3,141.20","3,151.71","67,03,764","21,12,83,17,183.50","1,76,937","47,63,581","71.06"
"TCS","EQ","21-Nov-2025","3,144.80","3,144.80","3,170.00","3,135.20","3,150.00","3,150.60","3,153.22","41,77,037","13,17,11,33,172.80","1,36,571","22,77,567","54.53"
"TCS","EQ","20-Nov-2025","3,147.70","3,148.00","3,164.50","3,138.10","3,149.80","3,144.80","3,152.05","27,00,767","8,51,29,40,687.70","1,13,822","14,67,605","54.34"
"TCS","EQ","19-Nov-2025","3,087.10","3,097.00","3,155.00","3,083.50","3,147.00","3,147.70","3,136.67","31,51,053","9,88,38,20,509.80","1,60,625","17,88,158","56.75"
"TCS","EQ","18-Nov-2025","3,102.20","3,102.00","3,105.00","3,078.00","3,080.10","3,087.10","3,090.92","25,48,350","7,87,67,55,648.90","1,10,903","14,03,839","55.09"
"TCS","EQ","17-Nov-2025","3,106.00","3,106.00","3,123.50","3,086.60","3,100.00","3,102.20","3,099.87","22,32,853","6,92,15,46,326.90","96,155","13,88,889","62.20"
"TCS","EQ","14-Nov-2025","3,105.70","3,090.00","3,113.10","3,077.30","3,112.00","3,106.00","3,095.35","22,10,794","6,84,31,77,119.90","1,05,008","15,41,959","69.75"
"TCS","EQ","13-Nov-2025","3,131.80","3,131.80","3,131.90","3,102.00","3,104.80","3,105.70","3,113.07","17,40,435","5,41,80,91,012.50","1,20,845","10,55,344","60.64"
"TCS","EQ","12-Nov-2025","3,047.00","3,060.00","3,136.40","3,057.10","3,125.10","3,131.80","3,114.78","44,60,315","13,89,29,02,410.20","1,75,446","30,15,019","67.60"
"TCS","EQ","11-Nov-2025","3,025.20","3,045.00","3,055.70","3,018.00","3,049.00","3,047.00","3,037.03","28,06,868","8,52,45,41,738.50","1,12,361","13,42,988","47.85"
"TCS","EQ","10-Nov-2025","2,991.80","2,993.00","3,047.90","2,992.00","3,025.00","3,025.20","3,022.51","15,56,656","4,70,50,08,219.70","78,119","8,16,069","52.42"
"TCS","EQ","07-Nov-2025","3,010.90","3,001.00","3,004.00","2,960.50","2,993.50","2,991.80","2,979.65","18,30,520","5,45,43,08,584.30","1,06,949","11,09,024","60.59"
"TCS","EQ","06-Nov-2025","2,990.20","2,990.10","3,024.00","2,990.00","3,010.00","3,010.90","3,010.50","25,42,721","7,65,48,60,638.80","2,00,775","14,13,297","55.58"
"TCS","EQ","04-Nov-2025","3,016.80","3,019.60","3,029.30","2,976.00","2,987.70","2,990.20","2,992.11","26,70,720","7,99,10,78,689.60","1,68,525","14,83,484","55.55"
"TCS","EQ","03-Nov-2025","3,058.00","3,046.90","3,058.00","3,010.00","3,019.50","3,016.80","3,024.83","21,94,877","6,63,91,24,030.70","1,01,452","13,36,910","60.91"
"TCS","EQ","31-Oct-2025","3,035.30","3,035.00","3,067.40","3,025.10","3,060.00","3,058.00","3,055.61","18,68,085","5,70,81,36,334.30","81,376","10,61,052","56.80"
"TCS","EQ","30-Oct-2025","3,057.60","3,049.10","3,063.80","3,032.80","3,035.50","3,035.30","3,039.99","22,41,536","6,81,42,45,032.00","1,15,244","14,19,911","63.35"
"TCS","EQ","29-Oct-2025","3,057.90","3,057.90","3,076.00","3,046.10","3,060.00","3,057.60","3,061.14","28,95,420","8,86,32,86,092.50","1,16,138","20,28,880","70.07"
"TCS","EQ","28-Oct-2025","3,084.90","3,076.00","3,090.20","3,040.20","3,059.80","3,057.90","3,059.27","34,70,737","10,61,79,38,168.30","1,40,326","18,58,414","53.55"
"TCS","EQ","27-Oct-2025","3,063.20","3,066.50","3,094.20","3,060.20","3,083.00","3,084.90","3,083.94","19,46,312","6,00,23,14,206.60","85,517","12,79,790","65.75"
"TCS","EQ","24-Oct-2025","3,073.20","3,080.00","3,090.00","3,058.30","3,060.60","3,063.20","3,073.62","26,84,318","8,25,05,73,087.80","1,87,127","17,40,995","64.86"
"TCS","EQ","23-Oct-2025","3,006.70","3,055.00","3,098.00","3,036.10","3,070.00","3,073.20","3,075.63","55,64,758","17,11,51,35,296.00","2,90,229","35,39,362","63.60"
"TCS","EQ","21-Oct-2025","3,015.20","3,031.10","3,031.80","2,996.00","3,000.00","3,006.70","3,013.14","3,10,644","93,60,15,414.70","29,319","1,99,309","64.17"
"TCS","EQ","20-Oct-2025","2,962.20","2,985.50","3,023.00","2,978.50","3,016.30","3,015.20","3,007.54","31,33,039","9,42,27,54,243.30","1,63,532","17,65,113","56.34"
"TCS","EQ","17-Oct-2025","2,970.70","2,970.00","2,988.80","2,955.40","2,963.00","2,962.20","2,967.59","43,74,683","12,98,22,48,748.30","1,65,312","29,44,104","67.30"
"TCS","EQ","16-Oct-2025","2,969.80","2,969.90","2,975.00","2,943.10","2,971.80","2,970.70","2,961.98","32,51,495","9,63,08,75,594.50","1,97,293","19,09,746","58.73"
"TCS","EQ","15-Oct-2025","2,960.30","2,971.00","2,979.70","2,951.00","2,970.00","2,969.80","2,967.01","42,82,226","12,70,53,86,117.20","1,46,773","29,06,314","67.87"
"TCS","EQ","14-Oct-2025","3,007.20","3,021.00","3,027.20","2,955.50","2,960.00","2,960.30","2,976.34","36,11,416","10,74,87,94,587.50","1,83,673","21,06,071","58.32"
"TCS","EQ","13-Oct-2025","3,028.30","3,027.00","3,035.50","2,998.20","3,006.00","3,007.20","3,011.37","28,66,865","8,63,31,80,149.10","1,69,572","16,77,710","58.52"
"TCS","EQ","10-Oct-2025","3,061.70","3,050.00","3,070.00","3,006.90","3,028.00","3,028.30","3,032.16","88,17,365","26,73,56,29,672.60","2,44,153","45,24,359","51.31"
"TCS","EQ","09-Oct-2025","3,027.20","3,034.00","3,066.00","3,020.00","3,060.20","3,061.70","3,046.36","32,11,304","9,78,27,98,225.60","1,33,703","15,13,007","47.12"
"TCS","EQ","08-Oct-2025","2,973.70","2,975.00","3,043.00","2,968.00","3,031.50","3,027.20","3,024.78","41,21,889","12,46,78,11,108.50","1,54,336","22,90,062","55.56"
"TCS","EQ","07-Oct-2025","2,988.40","2,995.00","3,004.50","2,955.50","2,975.00","2,973.70","2,971.70","30,62,943","9,10,21,39,525.60","1,41,987","14,93,126","48.75"
"TCS","EQ","06-Oct-2025","2,901.90","2,902.00","2,993.60","2,895.60","2,988.00","2,988.40","2,959.88","21,12,774","6,25,35,56,716.30","1,00,920","8,76,175","41.47"
"TCS","EQ","03-Oct-2025","2,914.20","2,924.00","2,924.00","2,891.10","2,903.00","2,901.90","2,902.27","28,99,519","8,41,51,75,156.20","1,56,466","21,06,576","72.65"
"TCS","EQ","01-Oct-2025","2,888.40","2,891.00","2,924.80","2,866.60","2,915.10","2,914.20","2,897.26","19,52,902","5,65,80,70,903.00","1,24,217","9,53,174","48.81"
"TCS","EQ","30-Sep-2025","2,896.10","2,911.00","2,915.30","2,885.10","2,891.00","2,888.40","2,895.89","22,53,458","6,52,57,55,380.40","2,01,510","13,19,728","58.56"
"TCS","EQ","29-Sep-2025","2,899.10","2,916.00","2,929.30","2,894.00","2,904.30","2,896.10","2,904.37","31,10,035","9,03,26,90,025.70","1,79,197","21,20,974","68.20"
"TCS","EQ","26-Sep-2025","2,957.40","2,941.00","2,954.80","2,891.30","2,905.40","2,899.10","2,915.19","39,34,636","11,47,02,04,570.00","3,90,339","25,54,500","64.92"
"TCS","EQ","25-Sep-2025","3,035.40","3,022.00","3,029.60","2,951.00","2,958.00","2,957.40","2,977.56","49,74,361","14,81,14,52,426.90","4,18,858","34,33,593","69.03"
"TCS","EQ","24-Sep-2025","3,062.40","3,050.00","3,057.00","3,033.00","3,036.80","3,035.40","3,044.04","16,25,714","4,94,87,46,206.60","1,01,133","10,77,171","66.26"
"TCS","EQ","23-Sep-2025","3,073.80","3,070.00","3,080.70","3,052.00","3,065.00","3,062.40","3,063.85","31,77,741","9,73,61,21,756.20","1,41,198","16,80,183","52.87"
"TCS","EQ","22-Sep-2025","3,169.20","3,095.00","3,106.90","3,065.00","3,075.50","3,073.80","3,082.86","36,34,901","11,20,58,89,441.10","3,21,272","19,89,475","54.73"
"TCS","EQ","19-Sep-2025","3,176.70","3,170.00","3,180.50","3,144.00","3,171.00","3,169.20","3,163.36","49,01,694","15,50,58,26,514.10","1,09,280","36,74,528","74.96"
"TCS","EQ","18-Sep-2025","3,172.80","3,185.00","3,203.00","3,161.40","3,177.00","3,176.70","3,179.00","26,33,138","8,37,07,38,058.40","1,47,801","14,58,914","55.41"
"TCS","EQ","17-Sep-2025","3,145.70","3,152.00","3,182.40","3,142.40","3,175.00","3,172.80","3,170.19","24,18,271","7,66,63,88,043.20","1,00,973","16,47,994","68.15"
"TCS","EQ","16-Sep-2025","3,111.90","3,128.00","3,150.00","3,109.10","3,147.90","3,145.70","3,132.70","25,73,429","8,06,17,82,019.30","96,675","14,89,928","57.90"
"TCS","EQ","15-Sep-2025","3,133.40","3,134.00","3,134.00","3,096.00","3,112.50","3,111.90","3,108.20","17,32,539","5,38,50,83,002.30","1,45,801","12,23,812","70.64"
"TCS","EQ","12-Sep-2025","3,124.20","3,144.00","3,148.70","3,121.00","3,133.00","3,133.40","3,134.12","14,47,167","4,53,55,89,799.80","1,03,589","9,93,836","68.67"
"TCS","EQ","11-Sep-2025","3,110.00","3,139.00","3,139.00","3,110.10","3,125.20","3,124.20","3,121.51","22,63,446","7,06,53,62,076.90","1,26,730","11,77,834","52.04"
"TCS","EQ","10-Sep-2025","3,049.40","3,056.40","3,122.70","3,053.40","3,110.00","3,110.00","3,104.63","20,79,428","6,45,58,61,143.70","1,27,545","9,38,263","45.12"
"TCS","EQ","09-Sep-2025","3,019.00","3,032.10","3,060.00","3,030.80","3,052.00","3,049.40","3,048.62","24,89,301","7,58,89,29,067.90","1,64,479","10,49,895","42.18"
"TCS","EQ","08-Sep-2025","3,048.30","3,050.00","3,064.90","3,016.00","3,023.20","3,019.00","3,028.84","26,26,187","7,95,42,91,229.00","1,12,429","17,20,345","65.51"
"TCS","EQ","05-Sep-2025","3,095.70","3,097.10","3,103.40","3,028.60","3,048.00","3,048.30","3,052.10","28,02,055","8,55,21,62,278.60","2,03,461","14,65,593","52.30"
"TCS","EQ","04-Sep-2025","3,097.50","3,116.00","3,118.00","3,090.80","3,095.80","3,095.70","3,101.37","14,81,391","4,59,43,43,759.60","1,04,731","7,69,710","51.96"
"TCS","EQ","03-Sep-2025","3,111.50","3,129.90","3,141.90","3,088.00","3,100.00","3,097.50","3,102.69","17,99,774","5,58,41,47,665.60","1,06,698","10,25,073","56.96"
"TCS","EQ","02-Sep-2025","3,112.60","3,121.10","3,155.00","3,103.10","3,112.00","3,111.50","3,125.54","21,85,229","6,83,00,18,367.90","1,54,171","11,34,456","51.91"
"TCS","EQ","01-Sep-2025","3,084.70","3,090.00","3,131.10","3,090.00","3,111.00","3,112.60","3,118.12","12,46,862","3,88,78,60,373.50","85,857","4,95,607","39.75"
"TCS","EQ","29-Aug-2025","3,093.70","3,093.00","3,115.00","3,077.20","3,083.80","3,084.70","3,093.86","22,71,789","7,02,86,04,709.30","1,09,782","13,74,444","60.50"
"TCS","EQ","28-Aug-2025","3,157.20","3,145.00","3,146.50","3,086.50","3,098.00","3,093.70","3,110.39","31,16,051","9,69,21,21,881.30","2,04,600","17,52,435","56.24"
"TCS","EQ","26-Aug-2025","3,140.60","3,129.00","3,162.00","3,120.00","3,157.00","3,157.20","3,152.41","55,22,097","17,40,79,35,331.00","1,73,962","39,83,150","72.13"
"TCS","EQ","25-Aug-2025","3,054.00","3,087.30","3,152.00","3,077.10","3,142.10","3,140.60","3,133.79","34,48,370","10,80,64,64,376.70","2,00,973","17,96,383","52.09"
"TCS","EQ","22-Aug-2025","3,102.60","3,086.00","3,095.70","3,050.00","3,054.70","3,054.00","3,068.45","15,93,791","4,89,04,62,450.30","82,740","8,36,020","52.45"
"TCS","EQ","21-Aug-2025","3,098.60","3,130.00","3,130.00","3,083.10","3,100.00","3,102.60","3,107.84","32,30,726","10,04,05,86,025.70","1,19,697","20,28,606","62.79"
"TCS","EQ","20-Aug-2025","3,016.20","3,010.90","3,103.40","3,010.90","3,094.80","3,098.60","3,078.21","49,52,358","15,24,44,01,986.40","1,90,110","32,10,074","64.82"
"TCS","EQ","19-Aug-2025","3,011.20","3,011.20","3,025.00","3,011.10","3,018.00","3,016.20","3,016.58","26,50,784","7,99,62,91,836.90","1,19,303","20,72,920","78.20"
"TCS","EQ","18-Aug-2025","3,022.30","3,046.50","3,049.00","3,003.40","3,013.00","3,011.20","3,015.34","29,45,609","8,88,20,05,616.60","1,37,367","20,14,568","68.39"
"TCS","EQ","14-Aug-2025","3,036.20","3,034.00","3,055.90","3,019.10","3,022.50","3,022.30","3,032.52","33,42,174","10,13,52,12,616.40","1,94,661","22,90,360","68.53"
"TCS","EQ","13-Aug-2025","3,035.40","3,036.10","3,044.40","3,028.60","3,035.00","3,036.20","3,037.72","21,48,166","6,52,55,33,464.30","1,17,340","14,87,436","69.24"
"TCS","EQ","12-Aug-2025","3,040.80","3,041.00","3,096.40","3,026.90","3,039.80","3,035.40","3,057.38","33,58,232","10,26,73,95,734.80","1,65,565","20,92,242","62.30"
"TCS","EQ","11-Aug-2025","3,036.40","3,036.40","3,049.90","3,021.30","3,042.00","3,040.80","3,040.50","18,84,215","5,72,89,58,255.60","1,32,617","13,40,095","71.12"
"TCS","EQ","08-Aug-2025","3,047.00","3,048.10","3,059.80","3,025.00","3,031.90","3,036.40","3,043.58","27,62,140","8,40,68,05,181.00","1,19,961","19,11,858","69.22"
"TCS","EQ","07-Aug-2025","3,032.30","3,016.00","3,051.60","3,010.90","3,049.10","3,047.00","3,032.09","25,43,076","7,71,08,29,083.30","1,38,156","16,64,541","65.45"
"TCS","EQ","06-Aug-2025","3,063.90","3,063.00","3,066.80","3,026.00","3,031.60","3,032.30","3,037.10","14,87,081","4,51,64,12,670.50","1,09,992","10,06,545","67.69"
"TCS","EQ","05-Aug-2025","3,074.40","3,074.40","3,077.50","3,042.00","3,060.00","3,063.90","3,057.96","19,27,996","5,89,57,39,286.30","1,18,848","13,80,270","71.59"
"TCS","EQ","04-Aug-2025","3,003.00","3,009.10","3,079.40","2,991.60","3,078.70","3,074.40","3,046.24","25,19,252","7,67,42,44,863.50","1,54,005","17,75,012","70.46"
"TCS","EQ","01-Aug-2025","3,036.80","3,029.90","3,036.80","3,000.00","3,001.10","3,003.00","3,013.79","20,53,847","6,18,98,63,144.50","1,54,119","13,78,316","67.11"
"TCS","EQ","31-Jul-2025","3,053.60","3,041.70","3,059.80","3,015.00","3,033.20","3,036.80","3,034.36","29,68,371","9,00,71,05,954.30","1,99,367","18,43,385","62.10"
"TCS","EQ","30-Jul-2025","3,056.00","3,060.00","3,069.00","3,047.20","3,052.10","3,053.60","3,058.58","28,80,121","8,80,90,78,906.80","1,27,490","22,97,558","79.77"
"TCS","EQ","29-Jul-2025","3,079.30","3,060.00","3,074.00","3,041.20","3,057.00","3,056.00","3,056.04","47,85,312","14,62,40,90,930.70","2,47,039","37,01,660","77.35"
"TCS","EQ","28-Jul-2025","3,135.80","3,110.00","3,118.00","3,069.90","3,085.80","3,079.30","3,092.56","33,74,473","10,43,57,52,450.00","2,73,133","22,28,745","66.05"
"TCS","EQ","25-Jul-2025","3,148.00","3,140.00","3,156.90","3,125.60","3,140.00","3,135.80","3,140.77","25,68,917","8,06,83,75,805.90","1,05,704","18,65,883","72.63"
"TCS","EQ","24-Jul-2025","3,179.10","3,165.10","3,173.70","3,140.00","3,144.90","3,148.00","3,155.37","29,34,778","9,26,03,12,011.30","1,02,612","20,78,166","70.81"
"TCS","EQ","23-Jul-2025","3,159.60","3,159.60","3,182.00","3,157.60","3,175.00","3,179.10","3,169.59","19,22,875","6,09,47,30,938.80","96,628","14,44,368","75.12"
"TCS","EQ","22-Jul-2025","3,158.20","3,159.60","3,180.10","3,154.60","3,164.70","3,159.60","3,163.54","31,98,036","10,11,71,07,299.10","1,38,279","23,68,727","74.07"
"TCS","EQ","21-Jul-2025","3,189.90","3,190.00","3,197.60","3,152.00","3,158.90","3,158.20","3,162.44","38,44,346","12,15,75,19,336.90","1,95,683","30,15,136","78.43"
"TCS","EQ","18-Jul-2025","3,209.20","3,225.00","3,228.80","3,187.00","3,189.60","3,189.90","3,201.13","34,32,645","10,98,83,48,160.40","1,95,464","26,99,991","78.66"
"TCS","EQ","17-Jul-2025","3,233.10","3,224.10","3,242.00","3,204.10","3,207.70","3,209.20","3,220.48","29,47,640","9,49,28,07,475.50","1,57,207","18,67,207","63.35"
"TCS","EQ","16-Jul-2025","3,252.30","3,227.00","3,244.90","3,220.60","3,230.90","3,233.10","3,235.91","25,40,733","8,22,15,86,412.60","1,72,998","18,36,366","72.28"
"TCS","EQ","15-Jul-2025","3,222.70","3,206.00","3,259.40","3,206.00","3,252.00","3,252.30","3,243.32","25,90,889","8,40,30,81,368.10","1,71,257","17,62,338","68.02"
"TCS","EQ","14-Jul-2025","3,266.00","3,266.00","3,272.00","3,200.00","3,227.50","3,222.70","3,224.72","39,24,009","12,65,38,11,861.80","3,96,894","27,60,493","70.35"
"TCS","EQ","11-Jul-2025","3,382.00","3,299.90","3,335.00","3,261.10","3,264.50","3,266.00","3,295.45","76,35,550","25,16,25,51,686.40","5,52,284","50,62,574","66.30"
"TCS","EQ","10-Jul-2025","3,383.80","3,380.00","3,399.00","3,356.00","3,395.00","3,382.00","3,379.02","30,35,012","10,25,53,61,029.90","1,76,792","17,19,068","56.64"
"TCS","EQ","09-Jul-2025","3,406.20","3,410.00","3,414.00","3,367.00","3,386.00","3,383.80","3,387.16","20,34,938","6,89,26,61,354.30","1,91,376","12,79,329","62.87"
"TCS","EQ","08-Jul-2025","3,411.70","3,405.00","3,425.00","3,393.40","3,406.00","3,406.20","3,407.01","23,25,242","7,92,21,16,743.70","1,78,045","16,61,198","71.44"
"TCS","EQ","07-Jul-2025","3,419.80","3,418.30","3,426.10","3,408.40","3,410.60","3,411.70","3,417.70","16,39,174","5,60,22,06,127.80","73,810","11,18,374","68.23"
"TCS","EQ","04-Jul-2025","3,400.80","3,408.00","3,427.00","3,390.10","3,420.00","3,419.80","3,413.91","11,09,320","3,78,71,17,009.90","87,593","6,44,036","58.06"
"TCS","EQ","03-Jul-2025","3,423.30","3,430.00","3,435.30","3,397.60","3,400.00","3,400.80","3,414.55","25,31,870","8,64,52,07,975.40","1,31,370","18,19,603","71.87"
"TCS","EQ","02-Jul-2025","3,429.70","3,487.20","3,489.90","3,420.00","3,423.50","3,423.30","3,445.44","30,90,585","10,64,84,36,048.10","1,11,947","17,16,364","55.54"
"TCS","EQ","01-Jul-2025","3,462.00","3,455.00","3,485.00","3,413.50","3,430.00","3,429.70","3,439.04","23,75,183","8,16,83,54,151.00","1,25,874","13,76,618","57.96"
"TCS","EQ","30-Jun-2025","3,441.10","3,439.90","3,464.90","3,430.00","3,460.00","3,462.00","3,452.05","14,68,351","5,06,88,27,379.20","1,30,938","9,52,875","64.89"
"TCS","EQ","27-Jun-2025","3,441.80","3,455.00","3,466.40","3,431.00","3,445.00","3,441.10","3,445.16","17,78,433","6,12,69,78,962.50","1,22,369","11,39,101","64.05"
"TCS","EQ","26-Jun-2025","3,444.80","3,444.80","3,451.40","3,415.30","3,443.00","3,441.80","3,437.70","28,79,106","9,89,75,01,153.90","1,43,687","17,17,081","59.64"
"TCS","EQ","25-Jun-2025","3,390.40","3,407.30","3,450.00","3,400.00","3,443.00","3,444.80","3,422.33","17,57,699","6,01,54,21,913.00","1,01,280","10,44,025","59.40"
"TCS","EQ","24-Jun-2025","3,393.60","3,434.60","3,442.10","3,382.00","3,392.00","3,390.40","3,408.47","34,03,048","11,59,91,75,864.40","1,78,183","20,73,351","60.93"
"TCS","EQ","23-Jun-2025","3,435.70","3,415.00","3,425.00","3,370.00","3,392.00","3,393.60","3,392.20","31,23,421","10,59,52,71,627.80","1,53,401","21,60,111","69.16"
"TCS","EQ","20-Jun-2025","3,424.00","3,425.00","3,446.30","3,410.90","3,429.10","3,435.70","3,432.16","23,51,248","8,06,98,55,528.70","1,00,374","16,74,052","71.20"
"TCS","EQ","19-Jun-2025","3,451.40","3,450.00","3,451.00","3,413.00","3,420.00","3,424.00","3,426.54","26,72,768","9,15,83,51,862.50","1,25,292","14,33,831","53.65"
"TCS","EQ","18-Jun-2025","3,515.30","3,519.10","3,538.00","3,443.10","3,455.00","3,451.40","3,483.78","26,96,327","9,39,33,97,237.60","1,03,359","12,85,029","47.66"
"TCS","EQ","17-Jun-2025","3,496.30","3,510.00","3,520.00","3,488.10","3,512.00","3,515.30","3,511.25","21,11,940","7,41,55,51,942.20","1,45,498","13,31,538","63.05"
"TCS","EQ","16-Jun-2025","3,445.70","3,440.00","3,509.00","3,426.20","3,496.20","3,496.30","3,493.01","19,34,088","6,75,57,88,711.20","1,09,847","11,81,835","61.11"
"TCS","EQ","13-Jun-2025","3,434.20","3,393.20","3,450.50","3,393.20","3,447.40","3,445.70","3,436.18","21,78,493","7,48,56,89,915.90","1,40,820","15,21,002","69.82"
"TCS","EQ","12-Jun-2025","3,471.90","3,471.90","3,474.70","3,423.20","3,432.00","3,434.20","3,447.13","40,60,134","13,99,57,94,452.10","1,64,333","24,20,793","59.62"
"TCS","EQ","11-Jun-2025","3,462.90","3,470.00","3,489.00","3,449.10","3,470.80","3,471.90","3,471.90","28,47,013","9,88,45,49,517.90","1,63,525","21,72,976","76.32"
"TCS","EQ","10-Jun-2025","3,421.90","3,440.00","3,485.80","3,423.20","3,461.90","3,462.90","3,462.61","24,19,874","8,37,90,90,971.30","1,09,195","15,24,141","62.98"
"TCS","EQ","09-Jun-2025","3,384.20","3,400.00","3,434.00","3,390.90","3,423.00","3,421.90","3,420.68","17,18,678","5,87,90,53,289.40","73,412","12,57,044","73.14"
"TCS","EQ","06-Jun-2025","3,371.10","3,371.10","3,390.90","3,358.70","3,388.00","3,384.20","3,376.59","20,70,390","6,99,08,55,288.40","94,941","14,82,546","71.61"
"TCS","EQ","05-Jun-2025","3,380.90","3,409.00","3,409.00","3,363.70","3,374.00","3,371.10","3,380.39","35,84,683","12,11,76,23,680.00","1,29,913","22,61,231","63.08"
"TCS","EQ","04-Jun-2025","3,405.20","3,389.00","3,394.80","3,370.00","3,381.00","3,380.90","3,382.86","25,44,807","8,60,87,17,239.60","1,85,107","17,14,119","67.36"
"TCS","EQ","03-Jun-2025","3,449.80","3,446.00","3,473.50","3,400.50","3,411.40","3,405.20","3,418.44","28,48,125","9,73,61,54,029.80","1,95,278","17,46,886","61.33"
"TCS","EQ","02-Jun-2025","3,463.40","3,450.00","3,460.00","3,418.60","3,445.80","3,449.80","3,441.46","18,77,585","6,46,16,35,240.30","1,05,414","11,88,069","63.28"
"TCS","EQ","30-May-2025","3,498.10","3,490.00","3,506.70","3,453.10","3,460.00","3,463.40","3,473.80","34,04,365","11,82,60,74,213.60","1,04,081","25,32,800","74.40"
"TCS","EQ","29-May-2025","3,497.70","3,504.70","3,532.50","3,486.50","3,494.00","3,498.10","3,500.24","31,88,072","11,15,90,21,439.90","1,46,463","16,13,813","50.62"
"TCS","EQ","28-May-2025","3,498.70","3,520.00","3,529.00","3,493.00","3,500.10","3,497.70","3,501.32","12,22,933","4,28,18,80,586.60","80,594","7,74,223","63.31"
"TCS","EQ","27-May-2025","3,537.30","3,532.00","3,540.00","3,483.10","3,501.00","3,498.70","3,500.34","24,67,680","8,63,77,18,829.70","1,65,908","12,51,300","50.71"
"TCS","EQ","26-May-2025","3,514.60","3,521.00","3,545.00","3,510.10","3,538.00","3,537.30","3,536.37","9,67,470","3,42,13,30,419.50","67,043","5,23,834","54.14"
"TCS","EQ","23-May-2025","3,477.00","3,477.00","3,535.00","3,465.60","3,508.00","3,514.60","3,511.99","12,74,331","4,47,54,40,377.40","71,383","6,74,867","52.96"
"TCS","EQ","22-May-2025","3,525.80","3,495.00","3,497.80","3,451.30","3,483.40","3,477.00","3,473.54","20,34,383","7,06,65,03,817.80","1,38,574","9,94,931","48.91"
"TCS","EQ","21-May-2025","3,498.30","3,508.00","3,537.00","3,498.30","3,521.10","3,525.80","3,523.98","14,40,153","5,07,50,75,089.30","72,782","9,59,668","66.64"
"TCS","EQ","20-May-2025","3,518.80","3,531.80","3,558.00","3,494.00","3,503.00","3,498.30","3,515.81","20,38,374","7,16,65,41,410.90","1,38,343","12,46,214","61.14"
"TCS","EQ","19-May-2025","3,561.30","3,550.00","3,550.00","3,503.70","3,518.00","3,518.80","3,522.37","25,37,377","8,93,75,85,448.80","1,29,050","15,87,809","62.58"
"TCS","EQ","16-May-2025","3,579.90","3,593.90","3,593.90","3,546.10","3,561.30","3,561.30","3,559.81","16,66,727","5,93,32,24,873.80","1,17,749","10,56,392","63.38"
"TCS","EQ","15-May-2025","3,548.70","3,564.00","3,600.00","3,514.10","3,576.50","3,579.90","3,565.55","35,48,330","12,65,17,35,793.00","1,72,937","16,78,653","47.31"
"TCS","EQ","14-May-2025","3,515.00","3,521.00","3,561.00","3,508.60","3,547.00","3,548.70","3,543.04","21,19,499","7,50,94,59,955.30","1,36,543","14,04,895","66.28"
"TCS","EQ","13-May-2025","3,620.40","3,620.40","3,623.00","3,510.50","3,518.00","3,515.00","3,541.51","30,62,887","10,84,72,50,162.20","2,21,289","17,62,852","57.56"
"TCS","EQ","12-May-2025","3,440.30","3,505.00","3,630.50","3,502.20","3,626.50","3,620.40","3,577.93","22,28,678","7,97,40,51,782.10","1,46,104","11,89,063","53.35"
"TCS","EQ","09-May-2025","3,448.90","3,399.00","3,446.20","3,398.10","3,439.90","3,440.30","3,428.44","25,31,757","8,67,99,86,664.60","1,51,453","15,75,315","62.22"
"TCS","EQ","08-May-2025","3,445.10","3,448.00","3,477.00","3,428.70","3,434.20","3,448.90","3,451.58","25,43,591","8,77,94,05,820.40","1,16,139","15,28,153","60.08"
"TCS","EQ","07-May-2025","3,460.00","3,420.60","3,459.50","3,420.60","3,448.00","3,445.10","3,442.07","14,77,128","5,08,43,83,270.50","89,334","9,49,257","64.26"
"TCS","EQ","06-May-2025","3,454.30","3,460.00","3,473.00","3,437.00","3,451.60","3,460.00","3,458.05","13,24,763","4,58,11,01,196.30","65,526","8,43,965","63.71"
"TCS","EQ","05-May-2025","3,444.70","3,450.00","3,504.50","3,446.40","3,454.60","3,454.30","3,466.59","12,84,443","4,45,26,37,028.70","96,657","7,20,885","56.12"
"TCS","EQ","02-May-2025","3,453.70","3,472.00","3,491.50","3,420.00","3,438.00","3,444.70","3,450.76","21,15,624","7,30,05,05,304.30","1,24,212","13,44,455","63.55"
"TCS","EQ","30-Apr-2025","3,472.50","3,472.00","3,509.90","3,366.00","3,431.80","3,453.70","3,464.02","28,09,332","9,73,15,86,389.30","1,29,048","19,27,631","68.62"
"TCS","EQ","29-Apr-2025","3,443.50","3,455.00","3,495.00","3,430.40","3,473.00","3,472.50","3,470.18","15,78,332","5,47,70,91,995.80","95,060","8,34,027","52.84"
"TCS","EQ","28-Apr-2025","3,448.00","3,435.00","3,457.80","3,405.00","3,441.00","3,443.50","3,438.58","15,93,296","5,47,86,82,188.50","94,204","9,43,941","59.24"
"TCS","EQ","25-Apr-2025","3,401.60","3,420.00","3,477.80","3,405.00","3,434.00","3,448.00","3,442.01","27,42,991","9,44,14,14,787.60","1,51,400","14,29,795","52.13"
"TCS","EQ","24-Apr-2025","3,413.00","3,401.10","3,412.50","3,387.70","3,406.00","3,401.60","3,398.95","22,52,175","7,65,50,36,870.70","1,58,061","15,66,847","69.57"
"TCS","EQ","23-Apr-2025","3,314.40","3,365.00","3,420.90","3,337.30","3,405.00","3,413.00","3,398.75","35,43,923","12,04,48,99,557.30","1,64,989","20,82,133","58.75"
"TCS","EQ","22-Apr-2025","3,321.60","3,322.60","3,333.90","3,295.00","3,312.50","3,314.40","3,315.22","27,10,498","8,98,58,99,446.70","1,51,282","16,10,606","59.42"
"TCS","EQ","21-Apr-2025","3,298.90","3,290.10","3,354.00","3,284.10","3,319.00","3,321.60","3,325.96","24,32,946","8,09,18,78,392.80","1,27,748","14,26,351","58.63"
"TCS","EQ","17-Apr-2025","3,273.80","3,245.50","3,303.60","3,218.00","3,297.40","3,298.90","3,262.86","29,32,346","9,56,78,36,127.70","1,83,984","14,37,783","49.03"
"TCS","EQ","16-Apr-2025","3,248.20","3,248.20","3,278.10","3,229.00","3,274.00","3,273.80","3,260.92","23,84,391","7,77,53,04,840.90","1,31,199","14,11,198","59.18"
"TCS","EQ","15-Apr-2025","3,231.50","3,314.40","3,314.40","3,238.60","3,255.00","3,248.20","3,257.87","35,12,160","11,44,21,74,035.70","1,66,106","22,97,346","65.41"
"TCS","EQ","11-Apr-2025","3,246.60","3,289.55","3,298.95","3,206.00","3,238.00","3,231.50","3,243.04","71,08,961","23,05,46,18,625.45","3,54,463","41,01,170","57.69"
"TCS","EQ","09-Apr-2025","3,292.95","3,260.55","3,270.00","3,212.05","3,239.00","3,246.60","3,248.58","29,90,265","9,71,41,05,049.50","1,84,251","18,85,168","63.04"
"TCS","EQ","08-Apr-2025","3,274.05","3,302.05","3,349.00","3,255.30","3,292.80","3,292.95","3,296.22","55,57,558","18,31,89,27,917.45","2,36,248","32,24,046","58.01"
"TCS","EQ","07-Apr-2025","3,299.40","3,100.00","3,291.40","3,056.05","3,285.00","3,274.05","3,167.51","66,23,955","20,98,14,63,559.10","3,86,019","43,78,585","66.10"
"TCS","EQ","04-Apr-2025","3,403.15","3,362.60","3,399.65","3,295.50","3,304.85","3,299.40","3,318.10","53,17,367","17,64,35,41,008.05","2,16,133","38,55,516","72.51"
"TCS","EQ","03-Apr-2025","3,543.95","3,491.00","3,502.00","3,396.15","3,403.30","3,403.15","3,422.75","45,37,821","15,53,18,09,156.15","2,48,807","29,83,469","65.75"
"TCS","EQ","02-Apr-2025","3,550.80","3,544.00","3,564.10","3,530.05","3,545.00","3,543.95","3,547.15","17,64,313","6,25,82,90,323.80","80,651","12,04,853","68.29"
"TCS","EQ","01-Apr-2025","3,606.15","3,572.70","3,584.00","3,525.00","3,556.45","3,550.80","3,548.01","26,18,493","9,29,04,45,221.40","1,67,344","16,72,092","63.86"
"TCS","EQ","28-Mar-2025","3,651.20","3,651.00","3,660.95","3,591.90","3,604.00","3,606.15","3,613.75","20,51,919","7,41,51,24,946.40","1,29,740","14,28,630","69.62"
"TCS","EQ","27-Mar-2025","3,635.80","3,614.85","3,663.00","3,610.50","3,645.00","3,651.20","3,649.02","25,28,474","9,22,64,48,354.45","1,25,080","17,51,050","69.25"
"TCS","EQ","26-Mar-2025","3,657.75","3,647.75","3,680.50","3,625.85","3,630.55","3,635.80","3,656.16","17,34,499","6,34,15,97,992.40","1,41,204","11,25,435","64.89"
"TCS","EQ","25-Mar-2025","3,628.95","3,645.00","3,710.00","3,638.00","3,641.00","3,657.75","3,673.54","31,35,390","11,51,79,85,340.80","1,81,313","16,75,966","53.45"
"TCS","EQ","24-Mar-2025","3,578.10","3,600.00","3,649.75","3,566.60","3,633.00","3,628.95","3,615.19","18,34,751","6,63,29,70,557.70","1,07,825","11,06,270","60.30"
"TCS","EQ","21-Mar-2025","3,563.15","3,475.00","3,616.25","3,465.00","3,578.00","3,578.10","3,561.68","41,61,925","14,82,34,64,307.85","1,88,951","25,15,047","60.43"
"TCS","EQ","20-Mar-2025","3,497.10","3,512.00","3,578.95","3,512.00","3,556.50","3,563.15","3,559.81","28,45,192","10,12,83,43,015.65","1,56,792","18,73,064","65.83"
"TCS","EQ","19-Mar-2025","3,552.45","3,547.00","3,547.00","3,462.75","3,505.00","3,497.10","3,484.81","30,51,244","10,63,29,94,898.70","1,81,144","18,64,625","61.11"
"TCS","EQ","18-Mar-2025","3,497.70","3,502.35","3,556.95","3,478.45","3,545.65","3,552.45","3,530.44","30,69,109","10,83,52,99,304.90","1,39,204","20,47,199","66.70"
"TCS","EQ","17-Mar-2025","3,511.05","3,489.00","3,530.45","3,477.35","3,499.90","3,497.70","3,496.62","26,90,906","9,40,90,68,295.75","1,71,510","18,91,043","70.28"
"TCS","EQ","13-Mar-2025","3,506.20","3,502.30","3,524.30","3,484.10","3,509.05","3,511.05","3,504.71","16,93,004","5,93,34,91,139.45","98,963","10,74,125","63.44"
"TCS","EQ","12-Mar-2025","3,575.30","3,565.00","3,569.25","3,486.85","3,507.80","3,506.20","3,504.81","31,74,167","11,12,48,52,701.55","1,75,588","20,49,932","64.58"
"TCS","EQ","11-Mar-2025","3,589.65","3,558.00","3,588.75","3,537.65","3,585.00","3,575.30","3,567.93","19,95,450","7,11,96,17,263.55","1,42,820","13,05,684","65.43"
"TCS","EQ","10-Mar-2025","3,611.20","3,606.50","3,622.10","3,582.60","3,589.00","3,589.65","3,602.11","10,04,626","3,61,87,76,661.30","75,981","6,54,716","65.17"
"TCS","EQ","07-Mar-2025","3,601.60","3,600.00","3,625.00","3,574.40","3,602.00","3,611.20","3,605.34","20,51,315","7,39,56,90,221.35","1,31,372","13,92,501","67.88"
"TCS","EQ","06-Mar-2025","3,547.05","3,557.00","3,609.45","3,536.10","3,592.10","3,601.60","3,571.61","27,86,513","9,95,23,39,476.20","2,01,910","17,92,915","64.34"
"TCS","EQ","05-Mar-2025","3,532.05","3,520.85","3,600.35","3,520.85","3,557.00","3,547.05","3,561.68","25,01,894","8,91,09,37,236.55","1,45,336","16,95,934","67.79"
"TCS","EQ","04-Mar-2025","3,493.05","3,474.00","3,551.00","3,464.30","3,533.00","3,532.05","3,518.16","27,97,737","9,84,28,80,030.30","1,57,084","18,37,354","65.67"
"TCS","EQ","03-Mar-2025","3,483.25","3,485.00","3,523.25","3,476.15","3,506.00","3,493.05","3,497.97","49,90,439","17,45,63,99,246.20","2,48,034","39,03,959","78.23"
"TCS","EQ","28-Feb-2025","3,612.55","3,584.95","3,600.00","3,457.00","3,478.00","3,483.25","3,491.80","70,85,018","24,73,94,64,379.85","3,40,110","50,87,477","71.81"
"TCS","EQ","27-Feb-2025","3,629.55","3,611.70","3,638.00","3,600.70","3,608.05","3,612.55","3,613.50","38,23,856","13,81,74,96,735.80","2,12,465","30,58,793","79.99"
"TCS","EQ","25-Feb-2025","3,675.60","3,625.00","3,658.00","3,621.25","3,627.00","3,629.55","3,638.67","41,01,954","14,92,56,47,967.55","1,98,489","28,71,986","70.02"
"TCS","EQ","24-Feb-2025","3,786.00","3,743.15","3,763.20","3,670.00","3,671.00","3,675.60","3,701.20","25,08,516","9,28,45,23,845.20","1,72,279","18,28,578","72.89"
"TCS","EQ","21-Feb-2025","3,779.40","3,776.10","3,817.00","3,775.00","3,789.90","3,786.00","3,792.04","18,33,931","6,95,43,38,537.80","1,25,392","11,59,950","63.25"
"TCS","EQ","20-Feb-2025","3,784.10","3,761.50","3,788.00","3,751.30","3,788.00","3,779.40","3,772.99","28,88,572","10,89,85,64,437.85","1,84,053","21,95,342","76.00"
"TCS","EQ","19-Feb-2025","3,873.20","3,872.20","3,874.95","3,768.15","3,785.00","3,784.10","3,796.48","43,66,672","16,57,80,04,180.70","2,29,923","31,34,639","71.79"
"TCS","EQ","18-Feb-2025","3,904.50","3,898.40","3,924.40","3,864.50","3,873.00","3,873.20","3,891.66","21,49,879","8,36,65,96,747.55","1,35,773","15,16,041","70.52"
"TCS","EQ","17-Feb-2025","3,934.85","3,856.50","3,934.00","3,856.20","3,908.00","3,904.50","3,911.78","17,99,806","7,04,04,39,519.80","1,68,626","12,24,845","68.05"
"TCS","EQ","14-Feb-2025","3,910.15","3,925.00","3,948.00","3,900.00","3,928.00","3,934.85","3,921.57","16,81,975","6,59,59,86,554.05","1,63,805","11,23,005","66.77"
"TCS","EQ","13-Feb-2025","3,950.15","3,968.00","3,984.45","3,902.25","3,920.00","3,910.15","3,930.80","22,77,310","8,95,16,39,767.60","1,63,030","14,98,339","65.79"
"TCS","EQ","12-Feb-2025","3,963.55","3,971.10","4,021.75","3,940.15","3,956.25","3,950.15","3,978.32","16,78,002","6,67,56,28,781.95","1,28,576","8,77,252","52.28"
"TCS","EQ","11-Feb-2025","4,036.95","4,018.40","4,040.00","3,955.00","3,967.00","3,963.55","3,989.58","18,10,908","7,22,47,58,107.05","1,21,478","10,10,823","55.82"
"TCS","EQ","10-Feb-2025","4,029.40","4,040.00","4,052.00","4,014.35","4,034.00","4,036.95","4,035.26","13,39,511","5,40,52,79,190.45","1,33,697","8,91,261","66.54"
"TCS","EQ","07-Feb-2025","4,082.75","4,090.00","4,090.00","4,008.00","4,032.00","4,029.40","4,033.06","15,48,940","6,24,69,65,406.40","1,77,110","9,93,255","64.12"
"TCS","EQ","06-Feb-2025","4,091.10","4,105.40","4,139.50","4,051.55","4,087.00","4,082.75","4,080.65","22,84,536","9,32,23,89,842.50","1,83,903","13,96,375","61.12"
"TCS","EQ","05-Feb-2025","4,107.05","4,150.00","4,150.00","4,076.00","4,086.00","4,091.10","4,096.29","16,93,912","6,93,87,52,665.75","1,30,235","11,99,334","70.80"
"TCS","EQ","04-Feb-2025","4,068.65","4,083.70","4,118.85","4,066.05","4,105.15","4,107.05","4,098.00","25,47,132","10,43,81,41,551.80","1,41,942","18,43,488","72.38"
"TCS","EQ","03-Feb-2025","4,073.15","4,030.90","4,077.00","3,998.70","4,064.00","4,068.65","4,045.97","12,65,713","5,12,10,41,211.00","1,55,134","7,82,762","61.84"
"TCS","EQ","01-Feb-2025","4,112.40","4,113.00","4,135.90","4,056.00","4,073.00","4,073.15","4,082.48","4,37,172","1,78,47,47,121.10","49,186","1,75,483","40.14"
"TCS","EQ","31-Jan-2025","4,100.05","4,110.00","4,128.45","4,085.25","4,114.15","4,112.40","4,106.05","14,92,943","6,13,01,03,902.20","1,21,858","10,42,620","69.84"
"TCS","EQ","30-Jan-2025","4,099.80","4,099.90","4,129.90","4,058.50","4,100.00","4,100.05","4,098.87","15,31,251","6,27,64,04,777.90","97,767","8,59,803","56.15"
"TCS","EQ","29-Jan-2025","4,040.30","4,054.00","4,107.85","4,054.00","4,105.00","4,099.80","4,091.12","12,17,089","4,97,92,53,773.00","1,08,284","6,97,347","57.30"
"TCS","EQ","28-Jan-2025","4,065.15","4,070.80","4,102.00","4,028.30","4,040.00","4,040.30","4,057.30","24,68,272","10,01,45,14,674.15","1,50,121","15,05,478","60.99"
"TCS","EQ","27-Jan-2025","4,152.35","4,102.00","4,156.35","4,041.05","4,067.00","4,065.15","4,088.62","15,51,782","6,34,46,44,149.25","1,43,859","10,13,049","65.28"
"TCS","EQ","24-Jan-2025","4,145.45","4,104.00","4,178.00","4,104.00","4,153.10","4,152.35","4,155.62","19,10,099","7,93,76,40,859.20","99,760","13,17,211","68.96"
"TCS","EQ","23-Jan-2025","4,156.60","4,168.00","4,191.35","4,140.05","4,148.00","4,145.45","4,161.12","18,22,998","7,58,57,18,475.40","1,39,860","11,24,451","61.68"
"TCS","EQ","22-Jan-2025","4,035.85","4,050.00","4,163.15","4,044.20","4,152.00","4,156.60","4,132.48","24,09,223","9,95,60,65,096.70","1,53,702","12,85,687","53.37"
"TCS","EQ","21-Jan-2025","4,077.80","4,095.30","4,111.00","4,030.00","4,038.00","4,035.85","4,065.27","19,71,591","8,01,50,45,148.00","1,48,666","7,99,046","40.53"
"TCS","EQ","20-Jan-2025","4,124.30","4,145.80","4,145.80","4,068.10","4,080.00","4,077.80","4,085.51","12,87,799","5,26,13,20,398.80","1,48,489","8,44,130","65.55"
"TCS","EQ","17-Jan-2025","4,206.30","4,159.90","4,160.60","4,100.05","4,130.00","4,124.30","4,132.60","17,61,466","7,27,94,36,408.25","1,57,671","11,15,204","63.31"
"TCS","EQ","16-Jan-2025","4,249.60","4,260.00","4,294.00","4,191.85","4,215.00","4,206.30","4,212.91","26,37,705","11,11,24,18,871.40","1,76,306","17,10,860","64.86"
"TCS","EQ","15-Jan-2025","4,233.05","4,218.00","4,256.45","4,207.45","4,255.40","4,249.60","4,229.68","16,53,474","6,99,36,67,215.60","1,30,857","11,86,396","71.75"
"TCS","EQ","14-Jan-2025","4,291.10","4,302.00","4,313.90","4,219.05","4,241.15","4,233.05","4,252.06","34,41,709","14,63,43,69,218.50","1,80,842","24,70,988","71.80"
"TCS","EQ","13-Jan-2025","4,265.65","4,245.00","4,322.95","4,227.40","4,299.00","4,291.10","4,294.04","40,03,771","17,19,23,53,666.25","2,70,932","22,26,104","55.60"
"TCS","EQ","10-Jan-2025","4,038.85","4,200.00","4,297.00","4,170.00","4,265.00","4,265.65","4,240.63","78,94,300","33,47,68,09,439.65","4,36,975","29,78,124","37.72"
"TCS","EQ","09-Jan-2025","4,108.40","4,101.00","4,137.75","4,025.30","4,044.00","4,038.85","4,073.67","23,92,472","9,74,61,49,398.35","1,83,446","11,62,001","48.57"
"TCS","EQ","08-Jan-2025","4,028.30","4,034.90","4,126.00","4,017.75","4,095.05","4,108.40","4,056.18","21,81,277","8,84,76,52,251.50","1,80,073","12,58,381","57.69"
"TCS","EQ","07-Jan-2025","4,095.00","4,114.95","4,140.35","4,011.55","4,031.00","4,028.30","4,045.86","26,69,054","10,79,86,29,271.20","1,77,825","15,85,862","59.42"
"TCS","EQ","06-Jan-2025","4,099.90","4,105.50","4,149.65","4,066.40","4,090.00","4,095.00","4,107.14","20,85,593","8,56,58,22,653.70","1,58,660","13,88,663","66.58"
"TCS","EQ","03-Jan-2025","4,175.75","4,179.95","4,179.95","4,092.30","4,097.00","4,099.90","4,114.17","17,91,953","7,37,24,04,407.85","1,25,354","9,83,880","54.91"
"TCS","EQ","02-Jan-2025","4,112.45","4,120.00","4,183.00","4,096.95","4,166.00","4,175.75","4,159.77","17,20,835","7,15,82,73,705.25","1,24,549","9,10,701","52.92"
"TCS","EQ","01-Jan-2025","4,094.80","4,094.40","4,134.00","4,085.45","4,112.00","4,112.45","4,112.75","7,63,161","3,13,86,92,117.15","99,498","3,69,867","48.47"
"TCS","EQ","31-Dec-2024","4,158.80","4,135.00","4,139.95","4,032.05","4,106.00","4,094.80","4,079.71","15,55,429","6,34,57,00,031.05","1,62,877","8,54,601","54.94"
"TCS","EQ","30-Dec-2024","4,164.85","4,151.00","4,199.30","4,112.00","4,150.00","4,158.80","4,152.08","15,27,169","6,34,09,28,576.30","1,16,250","9,13,896","59.84"
"TCS","EQ","27-Dec-2024","4,169.10","4,163.00","4,180.95","4,147.25","4,157.10","4,164.85","4,163.19","8,58,100","3,57,24,37,410.85","88,194","5,09,029","59.32"
"TCS","EQ","26-Dec-2024","4,179.50","4,179.50","4,199.95","4,143.15","4,170.00","4,169.10","4,163.43","12,08,464","5,03,13,52,687.20","1,06,756","7,59,763","62.87"
"TCS","EQ","24-Dec-2024","4,158.30","4,158.30","4,218.00","4,158.30","4,182.00","4,179.50","4,186.17","11,81,886","4,94,75,71,708.95","77,609","5,33,344","45.13"
"TCS","EQ","23-Dec-2024","4,170.30","4,200.05","4,217.00","4,114.90","4,157.05","4,158.30","4,150.99","21,95,338","9,11,28,20,726.95","1,49,845","11,54,260","52.58"
"TCS","EQ","20-Dec-2024","4,271.90","4,329.00","4,382.00","4,152.50","4,177.05","4,170.30","4,239.81","41,16,989","17,45,52,42,238.80","2,14,598","19,96,120","48.48"
"TCS","EQ","19-Dec-2024","4,347.85","4,282.00","4,364.00","4,262.00","4,281.00","4,271.90","4,302.28","30,15,763","12,97,46,63,426.65","2,17,876","19,01,387","63.05"
"TCS","EQ","18-Dec-2024","4,328.50","4,311.70","4,362.00","4,289.60","4,355.65","4,347.85","4,333.96","15,75,404","6,82,77,36,370.00","1,06,590","9,08,340","57.66"
"TCS","EQ","17-Dec-2024","4,415.20","4,410.00","4,432.95","4,318.00","4,322.70","4,328.50","4,346.26","32,25,027","14,01,68,05,137.00","1,72,049","22,49,458","69.75"
"TCS","EQ","16-Dec-2024","4,473.90","4,459.00","4,475.00","4,397.00","4,416.00","4,415.20","4,425.19","16,46,224","7,28,48,53,956.40","1,32,903","9,49,508","57.68"
"TCS","EQ","13-Dec-2024","4,454.95","4,434.95","4,494.90","4,394.40","4,474.90","4,473.90","4,457.63","19,67,048","8,76,83,79,842.00","1,53,642","10,69,246","54.36"
"TCS","EQ","12-Dec-2024","4,427.45","4,430.05","4,485.00","4,426.00","4,460.00","4,454.95","4,461.52","19,14,642","8,54,22,15,590.15","1,49,188","10,47,595","54.71"
"TCS","EQ","11-Dec-2024","4,432.55","4,431.85","4,448.65","4,407.00","4,423.00","4,427.45","4,425.28","16,35,256","7,23,64,72,507.40","1,08,588","10,05,439","61.49"
"TCS","EQ","10-Dec-2024","4,452.15","4,426.15","4,493.80","4,412.10","4,437.80","4,432.55","4,440.97","20,87,828","9,27,19,71,917.90","1,42,478","12,19,085","58.39"
"TCS","EQ","09-Dec-2024","4,445.50","4,430.45","4,469.40","4,415.55","4,445.60","4,452.15","4,446.54","20,66,639","9,18,93,99,351.95","1,27,439","15,01,391","72.65"
"TCS","EQ","06-Dec-2024","4,464.05","4,453.00","4,465.00","4,412.75","4,444.15","4,445.50","4,439.27","18,42,087","8,17,75,21,134.60","1,38,417","11,45,887","62.21"
"TCS","EQ","05-Dec-2024","4,354.40","4,400.80","4,489.00","4,360.00","4,455.15","4,464.05","4,430.75","37,46,747","16,60,09,10,836.35","2,60,982","19,01,325","50.75"
"TCS","EQ","04-Dec-2024","4,302.75","4,313.55","4,386.95","4,289.05","4,342.00","4,354.40","4,360.32","33,02,642","14,40,05,89,848.00","2,17,385","22,23,011","67.31"
"TCS","EQ","03-Dec-2024","4,276.65","4,314.35","4,325.00","4,265.45","4,303.00","4,302.75","4,298.86","20,10,905","8,64,45,99,154.70","1,44,243","13,14,577","65.37"
"TCS","EQ","02-Dec-2024","4,270.85","4,270.00","4,288.20","4,230.05","4,268.85","4,276.65","4,267.97","16,70,944","7,13,15,39,607.80","1,58,372","11,14,673","66.71"
"TCS","EQ","29-Nov-2024","4,244.90","4,220.00","4,298.70","4,195.65","4,266.00","4,270.85","4,262.53","20,17,425","8,59,93,33,668.25","1,33,480","12,06,191","59.79"
"TCS","EQ","28-Nov-2024","4,332.55","4,319.00","4,339.95","4,233.00","4,250.80","4,244.90","4,265.99","25,58,544","10,91,47,33,802.80","1,65,049","15,39,671","60.18"
"TCS","EQ","27-Nov-2024","4,352.70","4,358.95","4,377.40","4,324.05","4,332.95","4,332.55","4,348.89","15,58,993","6,77,98,87,252.40","1,18,269","9,48,396","60.83"
"TCS","EQ","26-Nov-2024","4,315.10","4,321.05","4,366.60","4,310.00","4,351.00","4,352.70","4,337.42","20,60,669","8,93,79,80,540.10","1,56,578","14,04,367","68.15"
"TCS","EQ","25-Nov-2024","4,244.60","4,280.00","4,328.10","4,252.20","4,320.00","4,315.10","4,303.42","40,52,167","17,43,81,78,815.15","1,54,060","28,98,609","71.53"
"TCS","EQ","22-Nov-2024","4,072.85","4,071.00","4,254.95","4,054.00","4,221.95","4,244.60","4,186.15","30,96,553","12,96,26,40,957.15","1,63,715","18,48,709","59.70"
"TCS","EQ","21-Nov-2024","4,039.55","4,044.90","4,092.45","4,024.00","4,068.00","4,072.85","4,058.28","23,84,347","9,67,63,46,995.65","1,58,009","13,67,616","57.36"
"TCS","EQ","19-Nov-2024","4,019.50","4,019.90","4,132.15","4,014.10","4,042.00","4,039.55","4,080.53","17,76,233","7,24,79,68,687.60","1,33,137","10,42,954","58.72"
"TCS","EQ","18-Nov-2024","4,145.90","4,213.00","4,213.00","3,990.20","4,017.15","4,019.50","4,071.97","33,13,944","13,49,42,96,959.70","1,78,320","18,93,074","57.12"
"TCS","EQ","14-Nov-2024","4,150.35","4,135.00","4,160.00","4,116.45","4,148.00","4,145.90","4,142.32","18,25,432","7,56,15,31,479.90","1,65,379","11,22,028","61.47"
"TCS","EQ","13-Nov-2024","4,197.40","4,178.10","4,196.75","4,131.05","4,151.65","4,150.35","4,155.05","10,98,813","4,56,56,28,216.20","1,14,945","7,02,561","63.94"
"TCS","EQ","12-Nov-2024","4,198.70","4,216.00","4,218.00","4,164.35","4,180.00","4,197.40","4,195.93","15,87,640","6,66,16,21,166.75","1,02,025","11,06,602","69.70"
"TCS","EQ","11-Nov-2024","4,147.00","4,128.20","4,234.30","4,117.65","4,186.50","4,198.70","4,195.46","14,06,487","5,90,08,64,157.10","1,49,144","7,41,937","52.75"
"TCS","EQ","08-Nov-2024","4,150.90","4,155.00","4,169.75","4,117.65","4,135.65","4,147.00","4,141.50","16,48,039","6,82,53,48,802.40","1,39,776","9,45,596","57.38"
"TCS","EQ","07-Nov-2024","4,139.65","4,169.70","4,205.80","4,085.05","4,146.00","4,150.90","4,144.54","37,24,349","15,43,57,05,018.25","1,89,460","25,79,748","69.27"
"TCS","EQ","06-Nov-2024","3,971.35","4,003.60","4,149.80","3,975.25","4,143.00","4,139.65","4,102.32","37,92,017","15,55,60,64,937.35","2,33,333","24,91,090","65.69"
"TCS","EQ","05-Nov-2024","3,964.15","3,941.10","3,986.00","3,941.10","3,971.55","3,971.35","3,969.47","9,67,590","3,84,08,20,731.70","92,042","5,52,605","57.11"
"TCS","EQ","04-Nov-2024","3,984.20","3,966.30","3,991.90","3,913.25","3,967.00","3,964.15","3,950.51","22,69,192","8,96,44,63,071.95","1,99,030","14,90,900","65.70"
"TCS","EQ","01-Nov-2024","3,968.45","3,989.85","3,998.95","3,976.05","3,983.05","3,984.20","3,987.41","1,54,895","61,76,30,511.60","18,588","82,548","53.29"
"TCS","EQ","31-Oct-2024","4,084.65","4,070.00","4,078.30","3,960.00","3,975.00","3,968.45","3,980.19","37,40,372","14,88,73,81,076.25","2,48,757","24,48,263","65.46"
"TCS","EQ","30-Oct-2024","4,075.25","4,075.00","4,107.00","4,060.05","4,071.20","4,084.65","4,093.47","19,35,002","7,92,08,76,293.30","1,09,837","14,97,222","77.38"
"TCS","EQ","29-Oct-2024","4,090.85","4,095.85","4,103.50","4,060.10","4,080.00","4,075.25","4,075.78","14,45,885","5,89,31,06,996.85","1,01,205","10,15,147","70.21"
"TCS","EQ","28-Oct-2024","4,057.55","4,068.95","4,134.00","4,051.00","4,090.05","4,090.85","4,092.04","15,32,534","6,27,11,97,563.70","95,406","10,50,314","68.53"
"TCS","EQ","25-Oct-2024","4,047.90","4,057.05","4,092.00","4,032.70","4,060.00","4,057.55","4,063.37","17,59,676","7,15,02,08,882.35","1,32,353","9,64,642","54.82"
"TCS","EQ","24-Oct-2024","4,066.25","4,004.00","4,079.00","4,004.00","4,050.00","4,047.90","4,048.73","26,76,744","10,83,74,00,632.35","1,11,747","19,48,709","72.80"
"TCS","EQ","23-Oct-2024","4,015.50","3,999.60","4,113.55","3,995.15","4,065.15","4,066.25","4,069.32","19,66,476","8,00,22,29,160.45","1,29,950","11,91,908","60.61"
"TCS","EQ","22-Oct-2024","4,079.85","4,066.00","4,089.80","4,006.35","4,020.00","4,015.50","4,054.80","19,28,049","7,81,78,58,767.15","1,78,215","13,41,203","69.56"
"TCS","EQ","21-Oct-2024","4,123.05","4,132.60","4,139.95","4,070.00","4,071.00","4,079.85","4,096.64","15,95,450","6,53,59,79,616.10","1,18,454","10,55,061","66.13"
"TCS","EQ","18-Oct-2024","4,109.00","4,090.00","4,146.15","4,080.00","4,130.50","4,123.05","4,121.27","23,61,000","9,73,03,15,576.70","1,60,733","12,97,484","54.95"
"TCS","EQ","17-Oct-2024","4,094.95","4,112.80","4,129.95","4,092.95","4,111.25","4,109.00","4,108.84","25,22,659","10,36,51,90,148.65","2,15,233","18,79,351","74.50"
"TCS","EQ","16-Oct-2024","4,116.80","4,085.00","4,115.00","4,067.20","4,094.00","4,094.95","4,089.04","23,59,151","9,64,66,55,679.40","1,92,691","16,11,752","68.32"
"TCS","EQ","15-Oct-2024","4,136.65","4,131.05","4,169.95","4,095.00","4,119.00","4,116.80","4,119.31","27,59,474","11,36,71,23,225.35","1,54,340","20,22,225","73.28"
"TCS","EQ","14-Oct-2024","4,149.20","4,140.00","4,165.40","4,122.20","4,139.00","4,136.65","4,144.11","21,37,590","8,85,83,98,067.15","1,40,166","14,14,698","66.18"
"TCS","EQ","11-Oct-2024","4,227.40","4,143.00","4,241.95","4,112.45","4,146.00","4,149.20","4,164.41","57,59,183","23,98,35,86,815.70","3,77,816","29,42,450","51.09"
"TCS","EQ","10-Oct-2024","4,252.95","4,253.25","4,293.85","4,198.60","4,227.90","4,227.40","4,242.82","23,78,875","10,09,31,43,863.45","1,76,710","12,19,923","51.28"
"TCS","EQ","09-Oct-2024","4,253.25","4,260.00","4,295.00","4,246.70","4,258.95","4,252.95","4,267.11","10,82,504","4,61,91,61,345.70","1,02,574","5,96,826","55.13"
"TCS","EQ","08-Oct-2024","4,272.85","4,272.60","4,279.40","4,203.95","4,259.40","4,253.25","4,239.02","15,41,867","6,53,60,12,531.70","1,63,898","9,04,607","58.67"
"TCS","EQ","07-Oct-2024","4,252.25","4,273.90","4,297.25","4,229.40","4,274.00","4,272.85","4,263.80","14,72,619","6,27,89,60,109.95","1,17,843","9,40,293","63.85"
"TCS","EQ","04-Oct-2024","4,232.75","4,225.00","4,298.00","4,224.05","4,251.90","4,252.25","4,256.15","29,65,463","12,62,14,65,329.55","1,94,588","14,74,539","49.72"
"TCS","EQ","03-Oct-2024","4,287.90","4,262.60","4,279.00","4,210.00","4,232.50","4,232.75","4,233.39","33,50,119","14,18,23,64,569.60","1,68,212","22,93,281","68.45"
"TCS","EQ","01-Oct-2024","4,268.50","4,255.55","4,295.75","4,242.95","4,283.25","4,287.90","4,271.73","18,23,365","7,78,89,15,830.70","1,21,772","10,82,513","59.37"
"TCS","EQ","30-Sep-2024","4,308.70","4,286.90","4,298.75","4,260.05","4,271.00","4,268.50","4,272.29","25,03,416","10,69,53,20,177.30","2,12,084","19,80,983","79.13"
"TCS","EQ","27-Sep-2024","4,292.50","4,335.00","4,378.00","4,300.05","4,305.00","4,308.70","4,327.38","30,12,477","13,03,61,44,375.45","2,31,071","16,29,655","54.10"
"TCS","EQ","26-Sep-2024","4,274.75","4,260.00","4,316.80","4,260.00","4,295.00","4,292.50","4,288.28","39,64,251","16,99,98,20,745.85","1,85,888","27,44,141","69.22"
"TCS","EQ","25-Sep-2024","4,271.30","4,252.35","4,289.60","4,240.00","4,275.35","4,274.75","4,263.61","27,13,073","11,56,74,83,701.95","1,53,942","20,71,060","76.34"
"TCS","EQ","24-Sep-2024","4,268.50","4,251.65","4,291.00","4,240.00","4,282.00","4,271.30","4,265.03","30,12,026","12,84,63,72,402.70","1,40,428","24,25,914","80.54"
"TCS","EQ","23-Sep-2024","4,284.90","4,300.00","4,309.40","4,253.00","4,266.05","4,268.50","4,270.40","17,02,319","7,26,95,88,108.95","1,69,788","10,44,526","61.36"
"TCS","EQ","20-Sep-2024","4,296.15","4,316.90","4,330.70","4,227.50","4,295.00","4,284.90","4,278.76","54,47,908","23,31,03,16,503.10","2,91,115","28,01,478","51.42"
"TCS","EQ","19-Sep-2024","4,346.15","4,390.05","4,422.20","4,281.80","4,307.00","4,296.15","4,321.08","29,27,551","12,65,01,87,150.25","2,32,656","15,09,863","51.57"
"TCS","EQ","18-Sep-2024","4,505.65","4,497.05","4,497.05","4,321.00","4,347.90","4,346.15","4,370.07","29,61,779","12,94,31,88,817.60","2,44,673","15,63,431","52.79"
"TCS","EQ","17-Sep-2024","4,513.25","4,513.25","4,535.80","4,466.00","4,511.00","4,505.65","4,505.75","16,99,364","7,65,69,02,882.20","88,562","12,05,365","70.93"
"TCS","EQ","16-Sep-2024","4,522.60","4,527.00","4,546.05","4,494.45","4,509.00","4,513.25","4,516.51","11,55,120","5,21,71,13,716.25","61,456","8,19,874","70.98"
"TCS","EQ","13-Sep-2024","4,517.70","4,530.00","4,547.00","4,505.00","4,521.75","4,522.60","4,526.87","14,58,786","6,60,37,40,972.90","78,892","7,73,596","53.03"
"TCS","EQ","12-Sep-2024","4,479.35","4,510.25","4,532.60","4,431.30","4,495.30","4,517.70","4,485.01","27,42,216","12,29,88,52,603.60","1,79,765","13,36,809","48.75"
"TCS","EQ","11-Sep-2024","4,507.85","4,521.45","4,549.35","4,471.25","4,495.50","4,479.35","4,504.96","13,25,919","5,97,32,12,660.05","1,27,870","8,85,040","66.75"
"TCS","EQ","10-Sep-2024","4,449.55","4,442.45","4,539.95","4,440.45","4,510.00","4,507.85","4,499.44","13,85,591","6,23,43,77,452.20","1,25,535","7,74,002","55.86"
"TCS","EQ","09-Sep-2024","4,456.75","4,455.00","4,490.25","4,430.50","4,458.00","4,449.55","4,459.58","11,84,938","5,28,43,28,321.15","92,569","8,03,470","67.81"
"TCS","EQ","06-Sep-2024","4,475.95","4,473.95","4,518.95","4,440.00","4,460.50","4,456.75","4,466.80","16,49,179","7,36,65,46,120.25","1,48,566","7,54,328","45.74"
"TCS","EQ","05-Sep-2024","4,479.25","4,481.00","4,499.00","4,454.15","4,490.00","4,475.95","4,469.15","16,88,793","7,54,74,77,632.90","1,05,236","11,26,276","66.69"
"TCS","EQ","04-Sep-2024","4,512.35","4,476.95","4,487.00","4,436.70","4,484.00","4,479.25","4,468.96","12,65,505","5,65,54,96,454.35","1,23,447","8,24,480","65.15"
"TCS","EQ","03-Sep-2024","4,521.05","4,521.05","4,555.90","4,495.90","4,512.65","4,512.35","4,523.60","17,17,263","7,76,82,15,760.70","1,17,744","11,82,755","68.87"
"TCS","EQ","02-Sep-2024","4,553.75","4,576.00","4,588.00","4,512.00","4,526.40","4,521.05","4,545.25","12,16,500","5,52,92,99,899.10","1,09,365","7,07,749","58.18"
"TCS","EQ","30-Aug-2024","4,511.80","4,500.00","4,592.25","4,487.80","4,562.70","4,553.75","4,545.75","36,37,222","16,53,39,15,087.45","1,55,239","23,08,090","63.46"
"TCS","EQ","29-Aug-2024","4,506.05","4,460.00","4,556.00","4,460.00","4,507.00","4,511.80","4,515.71","21,33,641","9,63,48,99,513.20","1,38,513","11,17,184","52.36"
"TCS","EQ","28-Aug-2024","4,497.15","4,498.75","4,562.50","4,457.30","4,513.00","4,506.05","4,515.24","18,48,058","8,34,44,30,539.80","1,27,744","11,10,045","60.07"
"TCS","EQ","27-Aug-2024","4,502.45","4,505.00","4,510.00","4,486.80","4,491.00","4,497.15","4,496.77","9,30,697","4,18,51,34,647.00","65,265","5,99,149","64.38"
"TCS","EQ","26-Aug-2024","4,463.90","4,489.00","4,552.15","4,485.00","4,506.60","4,502.45","4,517.26","18,44,164","8,33,05,71,610.15","1,18,509","11,52,094","62.47"
"TCS","EQ","23-Aug-2024","4,502.00","4,500.00","4,506.00","4,455.00","4,473.05","4,463.90","4,469.04","18,09,253","8,08,56,19,687.40","1,01,893","11,35,736","62.77"
"TCS","EQ","22-Aug-2024","4,551.50","4,560.00","4,560.95","4,497.20","4,502.00","4,502.00","4,515.52","18,29,872","8,26,28,19,007.85","1,14,303","11,60,455","63.42"
"TCS","EQ","21-Aug-2024","4,523.30","4,518.00","4,560.00","4,492.55","4,550.00","4,551.50","4,529.61","18,96,990","8,59,26,17,038.50","1,15,023","14,47,546","76.31"
"TCS","EQ","20-Aug-2024","4,490.00","4,505.00","4,565.00","4,500.00","4,505.00","4,523.30","4,529.50","22,12,298","10,02,06,13,301.75","1,28,019","13,29,501","60.10"
"TCS","EQ","19-Aug-2024","4,416.05","4,421.00","4,494.25","4,390.35","4,490.00","4,490.00","4,459.62","20,55,210","9,16,54,57,457.55","1,18,736","11,82,630","57.54"
"TCS","EQ","16-Aug-2024","4,295.25","4,350.00","4,427.00","4,325.10","4,414.20","4,416.05","4,395.48","34,57,058","15,19,54,30,172.75","2,33,969","21,17,237","61.24"
"TCS","EQ","14-Aug-2024","4,196.95","4,209.00","4,306.20","4,188.15","4,293.00","4,295.25","4,265.75","32,26,545","13,76,36,19,690.80","1,82,461","20,58,456","63.80"
"TCS","EQ","13-Aug-2024","4,195.65","4,213.00","4,234.00","4,183.00","4,197.00","4,196.95","4,209.09","14,95,593","6,29,50,91,175.55","99,105","9,81,192","65.61"
"TCS","EQ","12-Aug-2024","4,228.75","4,230.00","4,239.00","4,186.35","4,193.10","4,195.65","4,210.62","9,36,912","3,94,49,78,151.60","86,028","5,93,190","63.31"
"TCS","EQ","09-Aug-2024","4,172.55","4,217.00","4,253.65","4,205.55","4,220.00","4,228.75","4,233.82","13,02,536","5,51,47,05,150.35","79,876","8,35,330","64.13"
"TCS","EQ","08-Aug-2024","4,200.45","4,181.00","4,232.00","4,160.00","4,174.00","4,172.55","4,190.47","24,41,283","10,23,01,19,942.80","1,20,490","16,84,925","69.02"
"TCS","EQ","07-Aug-2024","4,171.20","4,228.00","4,244.95","4,180.30","4,201.00","4,200.45","4,201.58","12,37,666","5,20,01,50,778.85","1,02,627","7,96,283","64.34"
"TCS","EQ","06-Aug-2024","4,155.05","4,170.95","4,258.25","4,160.80","4,175.10","4,171.20","4,193.98","22,03,067","9,23,96,08,320.05","1,34,281","14,28,036","64.82"
"TCS","EQ","05-Aug-2024","4,283.05","4,239.00","4,239.00","4,110.50","4,160.00","4,155.05","4,165.25","27,87,771","11,61,17,60,562.20","1,69,844","17,92,731","64.31"
"TCS","EQ","02-Aug-2024","4,397.10","4,365.00","4,398.00","4,270.00","4,283.85","4,283.05","4,309.34","28,11,282","12,11,47,77,969.55","2,13,069","17,05,592","60.67"
"TCS","EQ","01-Aug-2024","4,385.35","4,399.40","4,419.30","4,365.05","4,387.00","4,397.10","4,390.04","22,02,244","9,66,79,30,574.85","1,25,252","14,06,101","63.85"
"TCS","EQ","31-Jul-2024","4,365.35","4,350.00","4,414.00","4,345.00","4,392.00","4,385.35","4,387.35","23,30,091","10,22,29,33,214.05","1,66,542","17,26,235","74.08"
"TCS","EQ","30-Jul-2024","4,381.10","4,391.10","4,398.00","4,327.30","4,353.15","4,365.35","4,358.33","17,97,906","7,83,58,71,346.10","1,45,705","12,75,115","70.92"
"TCS","EQ","29-Jul-2024","4,387.85","4,415.00","4,431.00","4,371.00","4,380.00","4,381.10","4,390.57","17,46,803","7,66,94,54,915.15","1,19,852","12,60,177","72.14"
"TCS","EQ","26-Jul-2024","4,322.50","4,350.00","4,422.45","4,337.05","4,393.65","4,387.85","4,390.46","35,52,210","15,59,58,41,522.45","1,67,036","22,59,693","63.61"
"TCS","EQ","25-Jul-2024","4,306.25","4,295.00","4,343.00","4,274.20","4,332.25","4,322.50","4,314.53","28,10,342","12,12,53,10,419.40","1,96,421","18,30,024","65.12"
"TCS","EQ","24-Jul-2024","4,302.35","4,287.50","4,339.10","4,268.10","4,305.00","4,306.25","4,309.50","18,09,793","7,79,93,03,896.95","1,18,444","11,52,683","63.69"
"TCS","EQ","23-Jul-2024","4,287.35","4,283.00","4,361.70","4,266.30","4,311.00","4,302.35","4,302.19","23,65,208","10,17,55,78,824.25","1,80,645","14,66,191","61.99"
"TCS","EQ","22-Jul-2024","4,302.40","4,299.95","4,319.95","4,265.00","4,282.10","4,287.35","4,292.14","18,96,386","8,13,95,60,522.25","1,32,112","12,95,930","68.34"
"TCS","EQ","19-Jul-2024","4,315.55","4,317.40","4,358.75","4,285.25","4,298.00","4,302.40","4,319.15","39,03,354","16,85,91,78,396.20","2,90,294","21,60,304","55.34"
"TCS","EQ","18-Jul-2024","4,178.45","4,160.00","4,325.00","4,160.00","4,297.20","4,315.55","4,271.66","56,13,364","23,97,83,61,639.45","3,61,931","30,43,655","54.22"
"TCS","EQ","16-Jul-2024","4,169.20","4,172.00","4,194.55","4,144.90","4,171.05","4,178.45","4,173.42","20,29,521","8,47,00,51,366.65","1,23,240","14,81,176","72.98"
"TCS","EQ","15-Jul-2024","4,183.95","4,235.70","4,240.00","4,157.05","4,167.35","4,169.20","4,204.15","48,48,030","20,38,18,43,135.15","2,38,210","34,67,248","71.52"
"TCS","EQ","12-Jul-2024","3,923.70","3,980.00","4,199.95","3,971.30","4,182.45","4,183.95","4,117.02","1,35,09,164","55,61,74,54,764.65","8,00,145","59,60,225","44.12"
"TCS","EQ","11-Jul-2024","3,909.15","3,931.00","3,980.00","3,895.60","3,902.00","3,923.70","3,928.74","48,72,189","19,14,15,49,805.05","2,14,372","29,51,068","60.57"
"TCS","EQ","10-Jul-2024","3,985.50","3,983.70","4,003.30","3,902.00","3,915.00","3,909.15","3,925.50","26,69,716","10,47,99,63,237.85","1,37,357","17,13,731","64.19"
"TCS","EQ","09-Jul-2024","3,993.20","3,985.00","4,006.95","3,975.10","3,983.70","3,985.50","3,990.33","13,05,801","5,21,05,79,214.45","1,42,268","8,96,047","68.62"
"TCS","EQ","08-Jul-2024","4,011.80","4,022.00","4,031.25","3,978.05","3,997.00","3,993.20","3,995.83","17,58,882","7,02,81,92,322.85","1,09,949","11,70,916","66.57"
"TCS","EQ","05-Jul-2024","4,020.95","4,010.00","4,026.75","3,988.00","4,010.00","4,011.80","4,007.40","16,68,616","6,68,68,08,295.40","1,20,737","9,03,753","54.16"
"TCS","EQ","04-Jul-2024","3,965.25","3,999.85","4,047.35","3,982.10","4,019.95","4,020.95","4,024.81","25,18,001","10,13,44,77,139.90","1,40,694","13,90,028","55.20"
"TCS","EQ","03-Jul-2024","4,017.40","4,020.00","4,026.10","3,955.00","3,968.00","3,965.25","3,969.17","18,21,198","7,22,86,50,456.40","1,31,803","10,82,619","59.45"
"TCS","EQ","02-Jul-2024","3,978.20","3,993.60","4,023.40","3,982.55","4,009.80","4,017.40","4,005.25","23,07,449","9,24,19,06,331.90","1,93,878","13,03,944","56.51"
"TCS","EQ","01-Jul-2024","3,904.15","3,884.00","4,001.70","3,884.00","3,963.45","3,978.20","3,968.40","26,58,723","10,55,08,77,400.50","1,52,648","15,49,138","58.27"
"TCS","EQ","28-Jun-2024","3,934.15","3,917.80","3,960.00","3,897.85","3,906.75","3,904.15","3,924.69","27,31,571","10,72,05,56,955.70","1,78,435","15,53,691","56.88"
"TCS","EQ","27-Jun-2024","3,855.85","3,831.00","3,942.00","3,818.10","3,928.00","3,934.15","3,897.23","45,26,556","17,64,10,07,616.50","3,08,765","23,62,282","52.19"
"TCS","EQ","26-Jun-2024","3,838.45","3,844.50","3,866.95","3,841.00","3,853.30","3,855.85","3,856.13","16,39,845","6,32,34,55,478.65","1,59,513","11,31,357","68.99"
"TCS","EQ","25-Jun-2024","3,816.80","3,817.00","3,847.65","3,792.90","3,840.00","3,838.45","3,822.40","13,38,808","5,11,74,58,194.40","1,40,971","9,26,061","69.17"
"TCS","EQ","24-Jun-2024","3,810.75","3,808.75","3,857.00","3,791.30","3,815.00","3,816.80","3,834.36","17,02,154","6,52,66,63,734.20","1,15,165","10,73,981","63.10"
"TCS","EQ","21-Jun-2024","3,787.25","3,827.00","3,877.80","3,798.05","3,802.00","3,810.75","3,827.86","46,42,195","17,76,96,72,677.30","2,06,639","22,64,402","48.78"
"TCS","EQ","20-Jun-2024","3,801.70","3,796.00","3,809.95","3,780.05","3,789.85","3,787.25","3,791.92","28,46,526","10,79,38,10,411.95","2,26,469","17,13,903","60.21"
"TCS","EQ","19-Jun-2024","3,815.10","3,827.65","3,833.85","3,792.95","3,801.00","3,801.70","3,806.93","15,09,050","5,74,48,44,872.30","1,11,353","9,81,626","65.05"
"TCS","EQ","18-Jun-2024","3,832.05","3,826.05","3,842.00","3,795.05","3,819.00","3,815.10","3,819.14","17,74,045","6,77,53,33,799.50","1,26,236","11,06,791","62.39"
"TCS","EQ","14-Jun-2024","3,878.15","3,889.00","3,889.00","3,828.00","3,833.00","3,832.05","3,842.00","18,60,730","7,14,89,28,964.95","1,33,590","11,01,634","59.20"
"TCS","EQ","13-Jun-2024","3,831.65","3,856.80","3,890.00","3,852.00","3,873.00","3,878.15","3,872.82","19,32,323","7,48,35,32,564.55","1,28,094","11,60,787","60.07"
"TCS","EQ","12-Jun-2024","3,852.10","3,874.40","3,893.50","3,827.45","3,837.00","3,831.65","3,853.40","21,77,001","8,38,88,48,726.55","1,42,302","15,98,098","73.41"
"TCS","EQ","11-Jun-2024","3,858.70","3,845.00","3,879.95","3,841.00","3,855.65","3,852.10","3,860.66","14,19,898","5,48,17,42,091.60","94,929","9,68,128","68.18"
"TCS","EQ","10-Jun-2024","3,893.95","3,895.00","3,905.90","3,841.90","3,859.00","3,858.70","3,864.83","17,34,661","6,70,41,74,826.45","1,17,061","10,87,215","62.68"
"TCS","EQ","07-Jun-2024","3,830.40","3,837.30","3,915.00","3,837.30","3,888.55","3,893.95","3,891.54","45,52,445","17,71,60,23,957.40","2,77,984","23,56,808","51.77"
"TCS","EQ","06-Jun-2024","3,746.45","3,781.00","3,839.90","3,741.50","3,836.00","3,830.40","3,796.58","43,28,036","16,43,17,36,429.50","2,81,068","23,54,986","54.41"
"TCS","EQ","05-Jun-2024","3,715.00","3,716.00","3,783.80","3,700.00","3,755.10","3,746.45","3,747.69","27,99,670","10,49,23,04,940.65","2,05,741","17,53,337","62.63"
"TCS","EQ","04-Jun-2024","3,702.85","3,700.00","3,745.00","3,591.50","3,732.55","3,715.00","3,694.29","33,95,997","12,54,57,96,705.45","2,74,839","18,75,330","55.22"
"TCS","EQ","03-Jun-2024","3,670.95","3,732.80","3,751.55","3,696.00","3,706.00","3,702.85","3,713.72","21,56,773","8,00,96,53,406.45","2,03,491","14,85,357","68.87"
"TCS","EQ","31-May-2024","3,736.10","3,740.00","3,749.80","3,653.75","3,698.00","3,670.95","3,684.36","1,09,56,800","40,36,88,44,653.20","3,23,000","82,18,394","75.01"
"TCS","EQ","30-May-2024","3,803.65","3,777.00","3,794.40","3,715.45","3,739.00","3,736.10","3,747.95","29,19,230","10,94,11,16,841.40","1,86,630","19,98,660","68.47"
"TCS","EQ","29-May-2024","3,839.90","3,848.90","3,848.90","3,800.00","3,803.00","3,803.65","3,817.18","15,68,095","5,98,57,00,080.40","1,18,150","11,16,629","71.21"
"TCS","EQ","28-May-2024","3,847.05","3,858.00","3,870.00","3,830.00","3,836.90","3,839.90","3,853.34","18,01,993","6,94,36,92,168.50","1,23,639","12,51,465","69.45"
"TCS","EQ","27-May-2024","3,849.50","3,855.00","3,908.35","3,841.35","3,847.65","3,847.05","3,879.60","18,41,538","7,14,44,26,662.95","1,60,642","11,43,209","62.08"
"TCS","EQ","24-May-2024","3,893.45","3,878.25","3,883.80","3,844.30","3,850.95","3,849.50","3,857.62","13,09,452","5,05,13,69,874.45","88,592","7,62,209","58.21"
"TCS","EQ","23-May-2024","3,832.00","3,840.95","3,905.00","3,825.50","3,899.00","3,893.45","3,871.28","20,95,742","8,11,32,03,579.00","1,31,534","9,38,015","44.76"
"TCS","EQ","22-May-2024","3,820.20","3,835.00","3,841.25","3,817.55","3,831.50","3,832.00","3,830.73","13,11,168","5,02,27,30,247.75","1,01,531","8,05,048","61.40"
"TCS","EQ","21-May-2024","3,851.45","3,830.60","3,844.75","3,810.05","3,825.00","3,820.20","3,820.18","19,08,117","7,28,93,43,660.90","2,00,205","12,88,624","67.53"
"TCS","EQ","18-May-2024","3,834.10","3,847.00","3,861.90","3,840.00","3,853.35","3,851.45","3,849.42","91,066","35,05,51,405.70","7,224","44,715","49.10"
"TCS","EQ","17-May-2024","3,900.95","3,919.00","3,920.00","3,830.00","3,839.00","3,834.10","3,866.19","27,65,804","10,69,31,18,517.05","1,97,919","18,21,715","65.87"
"TCS","EQ","16-May-2024","3,880.40","3,891.10","3,909.50","3,843.50","3,892.00","3,900.95","3,882.17","25,99,399","10,09,13,00,479.85","1,87,465","10,51,041","40.43"
"TCS","EQ","15-May-2024","3,901.20","3,904.50","3,926.95","3,875.50","3,882.70","3,880.40","3,891.38","11,15,021","4,33,89,65,538.50","88,516","6,92,445","62.10"
"TCS","EQ","14-May-2024","3,947.80","3,936.00","3,945.80","3,892.90","3,902.00","3,901.20","3,916.22","10,58,317","4,14,46,02,576.75","96,233","6,01,739","56.86"
"TCS","EQ","13-May-2024","3,893.90","3,884.50","3,955.00","3,870.00","3,947.00","3,947.80","3,923.12","9,31,326","3,65,37,00,402.95","96,702","4,76,483","51.16"
"TCS","EQ","10-May-2024","3,960.20","3,962.60","3,973.60","3,885.05","3,895.00","3,893.90","3,914.05","16,72,489","6,54,62,06,693.50","1,42,144","8,33,333","49.83"
"TCS","EQ","09-May-2024","3,976.95","3,962.00","3,971.00","3,910.05","3,956.00","3,960.20","3,948.51","17,26,486","6,81,70,49,440.40","1,56,265","7,86,275","45.54"
"TCS","EQ","08-May-2024","3,978.95","3,961.00","3,984.30","3,938.60","3,968.10","3,976.95","3,968.11","12,47,685","4,95,09,48,533.20","1,10,637","7,80,055","62.52"
"TCS","EQ","07-May-2024","3,921.05","3,930.80","3,988.00","3,913.50","3,975.20","3,978.95","3,951.55","20,62,112","8,14,85,36,133.15","1,28,480","12,74,679","61.81"
"TCS","EQ","06-May-2024","3,843.40","3,853.00","3,939.95","3,853.00","3,922.20","3,921.05","3,917.99","20,53,831","8,04,68,88,044.00","1,62,185","10,92,024","53.17"
"TCS","EQ","03-May-2024","3,863.30","3,890.15","3,893.60","3,797.60","3,838.00","3,843.40","3,839.84","29,62,234","11,37,45,19,156.95","1,93,038","15,31,052","51.69"
"TCS","EQ","02-May-2024","3,820.65","3,778.05","3,871.10","3,778.05","3,865.00","3,863.30","3,846.89","24,91,044","9,58,27,66,032.85","2,20,245","10,31,270","41.40"
"TCS","EQ","30-Apr-2024","3,870.20","3,872.00","3,881.75","3,810.00","3,823.95","3,820.65","3,841.42","22,03,078","8,46,29,54,749.45","1,44,940","16,28,645","73.93"
"TCS","EQ","29-Apr-2024","3,821.35","3,838.00","3,877.80","3,819.20","3,865.00","3,870.20","3,860.41","11,10,693","4,28,77,35,190.85","1,09,485","6,66,831","60.04"
"TCS","EQ","26-Apr-2024","3,852.20","3,855.15","3,876.80","3,802.55","3,823.45","3,821.35","3,838.36","20,39,178","7,82,70,90,898.40","1,65,343","11,99,318","58.81"
"TCS","EQ","25-Apr-2024","3,831.05","3,811.20","3,873.65","3,811.00","3,851.00","3,852.20","3,850.53","28,56,271","10,99,81,53,736.80","2,11,754","15,34,697","53.73"
"TCS","EQ","24-Apr-2024","3,874.70","3,890.00","3,898.00","3,824.45","3,835.00","3,831.05","3,853.73","13,17,312","5,07,65,58,245.00","1,13,695","8,34,223","63.33"
"TCS","EQ","23-Apr-2024","3,864.60","3,877.05","3,895.00","3,860.60","3,875.00","3,874.70","3,877.69","18,07,586","7,00,92,50,573.80","1,32,941","12,25,651","67.81"
"TCS","EQ","22-Apr-2024","3,826.20","3,837.00","3,878.00","3,812.00","3,875.90","3,864.60","3,841.58","17,28,883","6,64,16,43,736.05","99,078","11,48,694","66.44"
"TCS","EQ","19-Apr-2024","3,862.00","3,838.00","3,852.55","3,800.90","3,822.15","3,826.20","3,827.74","29,57,749","11,32,15,04,897.25","2,52,913","17,31,769","58.55"
"TCS","EQ","18-Apr-2024","3,872.80","3,876.80","3,936.00","3,850.00","3,871.00","3,862.00","3,891.42","34,76,284","13,52,76,91,591.60","1,91,254","17,60,108","50.63"
"TCS","EQ","16-Apr-2024","3,941.20","3,902.00","3,928.70","3,862.85","3,875.95","3,872.80","3,888.73","30,51,420","11,86,61,47,836.30","1,47,341","20,40,122","66.86"
"TCS","EQ","15-Apr-2024","4,001.40","4,001.40","4,064.20","3,919.05","3,940.80","3,941.20","3,990.50","42,00,329","16,76,14,16,762.10","2,45,404","14,65,213","34.88"
"TCS","EQ","12-Apr-2024","3,984.65","3,971.00","4,013.35","3,945.50","4,003.80","4,001.40","3,990.61","43,54,821","17,37,83,76,127.55","2,00,517","23,12,553","53.10"
"TCS","EQ","10-Apr-2024","3,946.55","3,956.40","3,990.20","3,918.00","3,980.75","3,984.65","3,956.43","21,01,965","8,31,62,67,625.30","1,08,594","13,44,752","63.98"
"TCS","EQ","09-Apr-2024","3,972.55","3,984.00","4,015.85","3,925.05","3,948.75","3,946.55","3,967.73","18,76,992","7,44,74,01,521.40","1,02,114","11,76,639","62.69"
"TCS","EQ","08-Apr-2024","3,979.25","3,983.00","4,032.65","3,960.00","3,964.90","3,972.55","4,000.29","23,02,538","9,21,08,23,451.50","1,45,126","16,49,249","71.63"
"TCS","EQ","05-Apr-2024","4,003.30","3,978.00","4,002.00","3,960.50","3,983.00","3,979.25","3,983.17","16,36,819","6,51,97,23,297.55","95,801","10,36,981","63.35"
"TCS","EQ","04-Apr-2024","3,947.30","3,975.90","4,028.65","3,935.25","4,000.00","4,003.30","3,983.10","33,94,637","13,52,11,78,797.20","1,96,204","15,81,295","46.58"
"TCS","EQ","03-Apr-2024","3,883.80","3,851.00","3,981.00","3,851.00","3,950.05","3,947.30","3,940.47","39,73,090","15,65,58,36,798.60","2,32,561","24,47,069","61.59"
"TCS","EQ","02-Apr-2024","3,916.75","3,890.00","3,909.85","3,873.00","3,890.20","3,883.80","3,886.53","21,42,666","8,32,75,25,479.35","1,52,218","16,49,088","76.96"
"TCS","EQ","01-Apr-2024","3,876.30","3,897.70","3,933.30","3,888.05","3,924.00","3,916.75","3,905.77","15,69,676","6,13,07,99,234.60","1,42,337","10,35,605","65.98"
"TCS","EQ","28-Mar-2024","3,840.90","3,850.10","3,915.00","3,840.50","3,882.10","3,876.30","3,880.57","43,11,783","16,73,21,86,615.05","2,42,073","23,46,012","54.41"
"TCS","EQ","27-Mar-2024","3,877.50","3,888.50","3,895.00","3,829.40","3,854.15","3,840.90","3,861.60","19,68,575","7,60,18,45,471.00","1,52,258","13,85,664","70.39"
"TCS","EQ","26-Mar-2024","3,910.90","3,875.00","3,946.70","3,871.45","3,883.00","3,877.50","3,894.29","34,40,925","13,39,99,53,628.95","1,76,329","25,22,467","73.31"
"TCS","EQ","22-Mar-2024","3,972.95","3,897.00","3,938.00","3,855.00","3,909.00","3,910.90","3,903.24","58,52,485","22,84,36,70,096.35","4,31,155","32,46,731","55.48"
"TCS","EQ","21-Mar-2024","3,970.90","3,990.05","4,008.40","3,948.00","3,979.45","3,972.95","3,972.92","38,29,582","15,21,46,04,392.05","2,27,156","24,07,623","62.87"
"TCS","EQ","20-Mar-2024","3,977.30","3,986.00","4,018.00","3,960.20","3,974.95","3,970.90","3,995.10","18,17,913","7,26,27,45,848.35","1,34,030","8,83,011","48.57"
"TCS","EQ","19-Mar-2024","4,152.50","4,051.25","4,058.00","3,966.60","3,971.00","3,977.30","4,022.55","89,31,209","35,92,62,06,807.15","2,93,529","35,95,481","40.26"
"TCS","EQ","18-Mar-2024","4,219.25","4,215.25","4,254.75","4,117.85","4,144.25","4,152.50","4,196.78","15,26,904","6,40,80,84,083.05","1,29,335","8,08,311","52.94"
"TCS","EQ","15-Mar-2024","4,207.60","4,192.60","4,239.00","4,177.00","4,220.00","4,219.25","4,213.31","33,73,143","14,21,20,88,365.25","1,76,623","21,28,963","63.12"
"TCS","EQ","14-Mar-2024","4,149.00","4,153.45","4,225.00","4,086.00","4,207.75","4,207.60","4,166.30","29,19,608","12,16,39,65,941.70","2,62,125","14,59,709","50.00"
"TCS","EQ","13-Mar-2024","4,192.25","4,205.00","4,241.00","4,131.90","4,139.00","4,149.00","4,177.33","28,37,260","11,85,21,84,104.80","2,08,881","16,55,638","58.35"
"TCS","EQ","12-Mar-2024","4,122.35","4,122.35","4,229.95","4,121.05","4,194.55","4,192.25","4,198.28","40,39,801","16,96,02,33,961.30","2,16,551","18,14,985","44.93"
"TCS","EQ","11-Mar-2024","4,108.60","4,089.00","4,153.00","4,089.00","4,120.00","4,122.35","4,124.96","23,04,068","9,50,41,84,843.45","1,88,233","15,10,509","65.56"
"TCS","EQ","07-Mar-2024","4,064.30","4,065.00","4,124.00","4,037.70","4,105.00","4,108.60","4,099.00","26,88,905","11,02,18,20,076.20","1,54,179","16,36,303","60.85"
"TCS","EQ","06-Mar-2024","4,012.10","3,994.05","4,072.00","3,958.45","4,058.00","4,064.30","4,012.65","17,44,204","6,99,88,78,535.55","1,40,908","8,94,364","51.28"
"TCS","EQ","05-Mar-2024","4,080.70","4,062.00","4,064.00","3,980.00","4,010.90","4,012.10","4,017.34","20,70,859","8,31,93,42,582.80","1,52,615","13,47,590","65.07"
"TCS","EQ","04-Mar-2024","4,107.10","4,105.00","4,117.90","4,075.90","4,082.00","4,080.70","4,090.25","17,49,271","7,15,49,55,206.30","1,14,412","12,95,900","74.08"
"TCS","EQ","02-Mar-2024","4,094.35","4,112.70","4,129.50","4,090.15","4,110.00","4,107.10","4,110.65","65,057","26,74,26,764.05","8,974","34,991","53.79"
"TCS","EQ","01-Mar-2024","4,095.10","4,107.20","4,140.00","4,086.80","4,093.00","4,094.35","4,110.85","20,43,265","8,39,95,55,212.15","1,57,981","12,02,586","58.86"
"TCS","EQ","29-Feb-2024","4,118.95","4,099.00","4,138.10","4,064.55","4,113.00","4,095.10","4,098.60","37,72,719","15,46,28,63,779.50","1,65,001","22,23,680","58.94"
"TCS","EQ","28-Feb-2024","4,104.40","4,095.60","4,154.90","4,089.00","4,109.90","4,118.95","4,126.35","19,39,225","8,00,19,15,262.30","1,39,242","10,44,776","53.88"
"TCS","EQ","27-Feb-2024","4,001.05","3,999.00","4,124.00","3,999.00","4,100.50","4,104.40","4,083.47","29,60,475","12,08,90,17,645.25","2,35,296","17,32,919","58.54"
"TCS","EQ","26-Feb-2024","4,052.10","4,036.00","4,050.00","3,982.75","4,001.90","4,001.05","4,001.89","13,79,284","5,51,97,38,697.40","1,68,908","9,43,439","68.40"
"TCS","EQ","23-Feb-2024","4,087.10","4,130.00","4,130.00","4,046.40","4,046.40","4,052.10","4,086.76","25,38,072","10,37,24,88,169.05","2,07,942","17,64,308","69.51"
"TCS","EQ","22-Feb-2024","3,991.50","3,971.00","4,094.95","3,971.00","4,082.55","4,087.10","4,036.74","29,82,052","12,03,77,60,611.30","2,33,453","14,65,287","49.14"
"TCS","EQ","21-Feb-2024","4,030.65","4,013.00","4,063.35","3,980.60","3,987.00","3,991.50","4,025.98","18,85,939","7,59,27,48,600.05","1,35,075","10,93,371","57.97"
"TCS","EQ","20-Feb-2024","4,103.80","4,082.10","4,098.00","4,010.00","4,035.00","4,030.65","4,047.78","11,93,648","4,83,16,25,596.80","1,08,310","6,28,009","52.61"
"TCS","EQ","19-Feb-2024","4,128.30","4,123.05","4,128.30","4,055.00","4,099.85","4,103.80","4,092.76","7,72,291","3,16,08,00,378.55","70,873","3,43,479","44.48"
"TCS","EQ","16-Feb-2024","4,103.20","4,113.25","4,147.95","4,100.10","4,122.30","4,128.30","4,124.07","13,07,556","5,39,24,47,497.55","1,25,414","6,60,555","50.52"
"TCS","EQ","15-Feb-2024","4,100.10","4,128.00","4,146.30","4,083.00","4,106.00","4,103.20","4,107.34","10,91,582","4,48,34,99,686.35","1,17,286","4,79,725","43.95"
"TCS","EQ","14-Feb-2024","4,149.50","4,107.00","4,114.90","4,049.50","4,106.00","4,100.10","4,092.10","13,91,283","5,69,32,75,185.95","1,26,863","8,44,545","60.70"
"TCS","EQ","13-Feb-2024","4,120.70","4,125.45","4,170.00","4,081.50","4,145.00","4,149.50","4,130.03","12,57,415","5,19,31,63,729.60","1,40,800","7,57,833","60.27"
"TCS","EQ","12-Feb-2024","4,133.70","4,130.00","4,159.60","4,105.55","4,119.00","4,120.70","4,128.10","10,13,716","4,18,47,16,444.45","1,10,339","5,45,028","53.77"
"TCS","EQ","09-Feb-2024","4,134.10","4,136.55","4,184.75","4,100.00","4,132.00","4,133.70","4,135.50","21,00,596","8,68,70,13,883.30","2,04,415","8,36,221","39.81"
"TCS","EQ","08-Feb-2024","4,083.40","4,090.00","4,158.00","4,086.05","4,137.85","4,134.10","4,122.74","23,45,173","9,66,85,40,283.35","2,12,471","9,46,960","40.38"
"TCS","EQ","07-Feb-2024","4,136.00","4,153.00","4,155.00","4,073.95","4,085.00","4,083.40","4,115.33","21,24,267","8,74,20,61,109.55","1,77,689","14,33,758","67.49"
"TCS","EQ","06-Feb-2024","3,973.30","3,997.00","4,149.90","3,990.00","4,129.35","4,136.00","4,106.33","44,74,396","18,37,33,68,282.15","3,25,723","24,79,611","55.42"
"TCS","EQ","05-Feb-2024","3,966.30","3,983.00","4,022.00","3,962.10","3,966.95","3,973.30","3,996.07","16,91,523","6,75,94,38,477.25","1,56,341","10,15,070","60.01"
"TCS","EQ","02-Feb-2024","3,854.15","3,875.05","3,984.40","3,872.00","3,959.20","3,966.30","3,944.48","28,26,510","11,14,91,16,302.85","2,71,200","14,35,372","50.78"
"TCS","EQ","01-Feb-2024","3,815.95","3,820.00","3,904.90","3,805.05","3,842.65","3,854.15","3,863.88","23,63,107","9,13,07,67,055.90","2,00,156","12,67,308","53.63"
"TCS","EQ","31-Jan-2024","3,800.55","3,811.20","3,834.00","3,796.45","3,804.00","3,815.95","3,814.91","24,59,358","9,38,22,20,705.45","1,66,663","18,24,652","74.19"
"TCS","EQ","30-Jan-2024","3,801.00","3,807.45","3,847.80","3,787.00","3,801.40","3,800.55","3,816.76","14,11,621","5,38,78,16,849.15","96,931","9,14,543","64.79"
"TCS","EQ","29-Jan-2024","3,810.30","3,800.80","3,820.00","3,780.85","3,807.00","3,801.00","3,798.49","16,46,747","6,25,51,55,335.60","1,14,028","11,42,824","69.40"
"TCS","EQ","25-Jan-2024","3,841.80","3,839.90","3,861.00","3,778.70","3,807.00","3,810.30","3,803.09","22,05,154","8,38,63,94,648.75","1,86,169","13,32,663","60.43"
"TCS","EQ","24-Jan-2024","3,858.25","3,880.00","3,883.65","3,805.60","3,859.40","3,841.80","3,842.01","26,57,709","10,21,09,48,798.05","1,19,466","19,84,308","74.66"
"TCS","EQ","23-Jan-2024","3,860.65","3,900.00","3,933.90","3,842.75","3,860.05","3,858.25","3,881.80","26,18,854","10,16,58,79,227.30","2,14,176","17,56,285","67.06"
"TCS","EQ","20-Jan-2024","3,943.05","3,948.00","3,955.65","3,855.55","3,859.30","3,860.65","3,896.81","5,16,477","2,01,26,14,827.20","47,373","2,22,448","43.07"
"TCS","EQ","19-Jan-2024","3,902.60","3,945.00","3,963.55","3,915.05","3,947.00","3,943.05","3,942.73","29,41,975","11,59,94,14,329.35","2,72,591","19,33,463","65.72"
"TCS","EQ","18-Jan-2024","3,884.60","3,898.00","3,908.80","3,862.00","3,902.00","3,902.60","3,887.98","22,39,110","8,70,56,05,580.15","2,00,495","13,62,977","60.87"
"TCS","EQ","17-Jan-2024","3,861.30","3,819.00","3,909.95","3,812.55","3,880.00","3,884.60","3,882.57","34,58,696","13,42,86,30,127.85","1,61,556","22,30,573","64.49"
"TCS","EQ","16-Jan-2024","3,903.80","3,899.00","3,899.00","3,855.55","3,861.05","3,861.30","3,873.57","14,32,672","5,54,95,55,027.65","1,57,027","9,00,573","62.86"
"TCS","EQ","15-Jan-2024","3,882.80","3,960.00","3,965.00","3,885.00","3,902.00","3,903.80","3,922.67","28,01,505","10,98,93,86,687.15","2,65,310","15,62,049","55.76"
"TCS","EQ","12-Jan-2024","3,735.55","3,848.00","3,905.25","3,821.60","3,881.90","3,882.80","3,873.63","68,13,450","26,39,28,05,818.30","3,37,824","37,68,543","55.31"
"TCS","EQ","11-Jan-2024","3,713.05","3,724.00","3,773.00","3,707.00","3,726.70","3,735.55","3,738.42","17,77,909","6,64,65,66,140.90","1,35,916","8,99,818","50.61"
"TCS","EQ","10-Jan-2024","3,689.90","3,690.00","3,729.25","3,688.00","3,707.05","3,713.05","3,706.94","12,92,227","4,79,02,02,220.40","1,11,912","7,55,246","58.45"
"TCS","EQ","09-Jan-2024","3,678.30","3,709.95","3,752.35","3,682.75","3,696.00","3,689.90","3,716.16","13,70,944","5,09,46,42,955.85","1,12,174","7,56,812","55.20"
"TCS","EQ","08-Jan-2024","3,737.90","3,737.90","3,739.75","3,672.40","3,680.85","3,678.30","3,696.43","10,67,805","3,94,70,62,246.40","1,37,547","6,29,551","58.96"
"TCS","EQ","05-Jan-2024","3,666.80","3,675.00","3,747.75","3,674.85","3,738.60","3,737.90","3,721.70","19,63,127","7,30,61,70,829.65","1,55,406","10,33,124","52.63"
"TCS","EQ","04-Jan-2024","3,691.75","3,701.75","3,719.00","3,651.00","3,668.60","3,666.80","3,668.32","35,98,144","13,19,91,52,251.35","2,20,494","26,70,094","74.21"
"TCS","EQ","03-Jan-2024","3,783.20","3,767.00","3,771.85","3,687.05","3,692.60","3,691.75","3,711.76","18,03,075","6,69,25,84,987.50","2,08,012","11,88,251","65.90"
"TCS","EQ","02-Jan-2024","3,811.10","3,811.10","3,811.10","3,767.25","3,781.15","3,783.20","3,787.05","13,44,068","5,09,00,55,959.15","1,33,902","9,28,322","69.07"
"TCS","EQ","01-Jan-2024","3,793.40","3,790.00","3,832.00","3,773.00","3,803.00","3,811.10","3,804.27","8,25,907","3,14,19,74,600.85","94,008","4,21,397","51.02"
"TCS","EQ","29-Dec-2023","3,799.90","3,792.00","3,822.60","3,765.40","3,800.00","3,793.40","3,796.92","15,74,996","5,98,01,29,693.80","1,31,434","10,04,864","63.80"
"TCS","EQ","28-Dec-2023","3,811.20","3,824.00","3,838.00","3,792.10","3,796.15","3,799.90","3,811.22","16,82,889","6,41,38,55,833.10","1,33,761","10,16,895","60.43"
"TCS","EQ","27-Dec-2023","3,795.55","3,799.00","3,818.20","3,768.00","3,808.00","3,811.20","3,792.62","12,93,976","4,90,75,56,179.85","1,35,647","7,79,111","60.21"
"TCS","EQ","26-Dec-2023","3,824.00","3,819.85","3,834.00","3,790.15","3,798.10","3,795.55","3,806.25","12,85,231","4,89,19,12,408.60","1,05,834","7,46,906","58.11"
"TCS","EQ","22-Dec-2023","3,787.50","3,800.00","3,845.95","3,762.00","3,814.00","3,824.00","3,805.11","24,13,058","9,18,19,61,989.95","2,10,826","13,29,736","55.11"
"TCS","EQ","21-Dec-2023","3,780.05","3,756.25","3,806.70","3,743.35","3,796.65","3,787.50","3,783.40","15,17,562","5,74,15,45,164.75","1,41,897","6,61,412","43.58"
"TCS","EQ","20-Dec-2023","3,816.20","3,827.25","3,898.80","3,766.55","3,774.00","3,780.05","3,841.02","25,86,083","9,93,31,85,211.45","1,73,222","13,45,951","52.05"
"TCS","EQ","19-Dec-2023","3,859.20","3,845.00","3,855.10","3,790.00","3,808.00","3,816.20","3,814.98","20,04,435","7,64,68,76,716.95","1,33,647","10,88,070","54.28"
"TCS","EQ","18-Dec-2023","3,861.00","3,858.10","3,929.00","3,830.15","3,856.00","3,859.20","3,872.72","25,21,612","9,76,55,02,705.80","1,78,532","11,56,164","45.85"
"TCS","EQ","15-Dec-2023","3,667.25","3,666.70","3,895.95","3,666.70","3,871.00","3,861.00","3,810.10","85,31,230","32,50,48,50,648.60","3,63,820","48,17,725","56.47"
"TCS","EQ","14-Dec-2023","3,593.55","3,630.00","3,678.00","3,627.60","3,670.00","3,667.25","3,664.15","32,90,396","12,05,64,88,520.30","2,17,977","21,36,355","64.93"
"TCS","EQ","13-Dec-2023","3,672.10","3,643.55","3,650.00","3,563.00","3,597.00","3,593.55","3,596.72","38,50,968","13,85,08,61,323.25","3,07,799","24,93,877","64.76"
"TCS","EQ","12-Dec-2023","3,642.90","3,638.95","3,698.40","3,631.00","3,665.50","3,672.10","3,673.19","22,36,866","8,21,64,32,575.75","1,93,557","13,98,051","62.50"
"TCS","EQ","11-Dec-2023","3,626.70","3,622.90","3,653.00","3,615.00","3,643.00","3,642.90","3,638.96","11,02,503","4,01,19,62,538.60","79,129","7,63,415","69.24"
"TCS","EQ","08-Dec-2023","3,614.90","3,633.00","3,645.00","3,602.05","3,625.00","3,626.70","3,622.26","16,41,155","5,94,46,90,506.00","1,11,965","7,74,207","47.17"
"TCS","EQ","07-Dec-2023","3,604.10","3,605.00","3,630.55","3,591.70","3,618.00","3,614.90","3,615.53","19,67,653","7,11,41,13,153.35","1,69,670","11,57,011","58.80"
"TCS","EQ","06-Dec-2023","3,531.60","3,532.60","3,612.85","3,525.15","3,600.60","3,604.10","3,573.48","18,96,572","6,77,73,60,136.50","1,09,178","10,28,717","54.24"
"TCS","EQ","05-Dec-2023","3,512.45","3,538.00","3,538.00","3,502.80","3,533.60","3,531.60","3,520.66","13,77,656","4,85,02,57,950.20","74,749","8,18,570","59.42"
"TCS","EQ","04-Dec-2023","3,511.65","3,544.65","3,547.80","3,498.00","3,514.45","3,512.45","3,514.58","16,25,213","5,71,19,34,381.15","1,05,864","9,58,947","59.00"
"TCS","EQ","01-Dec-2023","3,487.60","3,500.00","3,516.95","3,490.05","3,512.00","3,511.65","3,503.53","11,72,141","4,10,66,36,662.55","90,309","7,10,553","60.62"
"TCS","EQ","30-Nov-2023","3,513.75","3,499.45","3,516.65","3,481.00","3,487.90","3,487.60","3,492.69","32,66,235","11,40,79,56,559.40","1,36,958","23,62,566","72.33"
"TCS","EQ","29-Nov-2023","3,470.15","3,481.00","3,518.00","3,475.80","3,514.60","3,513.75","3,503.48","14,41,634","5,05,07,29,225.70","1,40,282","9,20,188","63.83"
"TCS","EQ","28-Nov-2023","3,457.10","3,457.10","3,481.25","3,433.00","3,473.30","3,470.15","3,454.10","16,89,195","5,83,46,49,202.90","1,20,747","11,25,100","66.61"
"TCS","EQ","24-Nov-2023","3,508.25","3,494.25","3,504.55","3,453.00","3,454.00","3,457.10","3,474.52","19,89,733","6,91,33,59,986.45","1,37,682","10,75,004","54.03"
"TCS","EQ","23-Nov-2023","3,530.15","3,530.00","3,544.00","3,500.00","3,507.00","3,508.25","3,516.84","27,29,804","9,60,02,72,250.30","1,70,315","19,33,265","70.82"
"TCS","EQ","22-Nov-2023","3,510.20","3,500.00","3,532.65","3,481.10","3,530.50","3,530.15","3,510.71","17,98,051","6,31,24,27,531.70","1,21,170","11,49,027","63.90"
"TCS","EQ","21-Nov-2023","3,519.60","3,519.60","3,539.05","3,501.00","3,510.00","3,510.20","3,525.61","18,07,236","6,37,16,10,015.95","1,41,954","13,60,143","75.26"
"TCS","EQ","20-Nov-2023","3,502.45","3,491.25","3,533.90","3,491.25","3,520.00","3,519.60","3,518.20","14,75,621","5,19,15,24,462.85","1,33,758","9,17,412","62.17"
"TCS","EQ","17-Nov-2023","3,497.85","3,497.85","3,524.50","3,492.55","3,499.00","3,502.45","3,510.08","20,21,292","7,09,48,91,279.55","1,59,877","11,11,855","55.01"
"TCS","EQ","16-Nov-2023","3,404.30","3,430.05","3,529.35","3,414.20","3,497.00","3,497.85","3,484.46","39,51,984","13,77,05,16,229.10","2,56,300","18,66,641","47.23"
"TCS","EQ","15-Nov-2023","3,331.55","3,383.10","3,413.00","3,356.05","3,408.60","3,404.30","3,390.15","20,59,802","6,98,30,37,380.85","1,17,652","14,49,421","70.37"
"TCS","EQ","13-Nov-2023","3,357.30","3,356.00","3,356.00","3,327.00","3,332.00","3,331.55","3,333.43","10,30,990","3,43,67,31,318.90","92,128","8,25,729","80.09"
"TCS","EQ","12-Nov-2023","3,333.45","3,350.00","3,359.00","3,345.00","3,358.90","3,357.30","3,355.70","1,73,346","58,16,97,254.35","22,226","1,16,967","67.48"
"TCS","EQ","10-Nov-2023","3,347.45","3,338.00","3,347.45","3,322.35","3,341.00","3,333.45","3,331.70","13,38,557","4,45,96,65,543.60","93,667","9,30,907","69.55"
"TCS","EQ","09-Nov-2023","3,381.55","3,390.10","3,391.50","3,342.05","3,350.00","3,347.45","3,363.59","21,12,352","7,10,50,80,612.55","1,46,431","12,60,477","59.67"
"TCS","EQ","08-Nov-2023","3,370.45","3,371.45","3,401.95","3,369.55","3,382.65","3,381.55","3,387.91","9,92,899","3,36,38,52,490.70","91,615","6,30,418","63.49"
"TCS","EQ","07-Nov-2023","3,380.25","3,378.00","3,404.15","3,366.00","3,371.55","3,370.45","3,378.26","11,91,144","4,02,39,94,967.20","82,322","8,53,147","71.62"
"TCS","EQ","06-Nov-2023","3,350.90","3,375.00","3,392.30","3,359.00","3,385.00","3,380.25","3,374.03","10,99,852","3,71,09,28,578.40","69,041","8,64,446","78.60"
"TCS","EQ","03-Nov-2023","3,360.10","3,382.00","3,387.90","3,344.30","3,351.00","3,350.90","3,362.79","14,02,598","4,71,66,46,465.75","1,11,516","9,55,820","68.15"
"TCS","EQ","02-Nov-2023","3,330.65","3,343.20","3,375.95","3,343.20","3,363.00","3,360.10","3,363.98","12,45,384","4,18,94,48,412.50","97,073","5,42,537","43.56"
"TCS","EQ","01-Nov-2023","3,368.75","3,355.00","3,371.60","3,311.00","3,311.40","3,330.65","3,347.22","15,63,475","5,23,32,96,947.80","1,12,623","11,48,529","73.46"
"TCS","EQ","31-Oct-2023","3,378.55","3,399.00","3,399.00","3,350.05","3,371.80","3,368.75","3,368.00","9,99,811","3,36,73,64,685.15","1,09,355","5,84,532","58.46"
"TCS","EQ","30-Oct-2023","3,350.95","3,350.00","3,382.85","3,333.75","3,381.00","3,378.55","3,368.57","9,10,972","3,06,86,72,170.25","74,251","4,42,422","48.57"
"TCS","EQ","27-Oct-2023","3,336.75","3,350.00","3,362.00","3,337.00","3,350.00","3,350.95","3,351.03","11,08,851","3,71,57,95,757.45","1,12,673","6,26,899","56.54"
"TCS","EQ","26-Oct-2023","3,390.10","3,368.05","3,373.70","3,330.00","3,331.80","3,336.75","3,346.35","19,84,471","6,64,07,34,038.60","2,03,800","12,06,477","60.80"
"TCS","EQ","25-Oct-2023","3,410.15","3,390.50","3,425.00","3,377.20","3,390.55","3,390.10","3,398.15","15,18,537","5,16,02,13,346.45","1,33,032","9,59,916","63.21"
"TCS","EQ","23-Oct-2023","3,494.55","3,473.00","3,478.95","3,401.30","3,409.15","3,410.15","3,442.60","11,06,272","3,80,84,55,848.35","1,26,787","6,35,413","57.44"
"TCS","EQ","20-Oct-2023","3,455.65","3,450.40","3,499.50","3,444.05","3,491.85","3,494.55","3,485.40","14,81,211","5,16,26,09,717.10","1,42,361","8,11,900","54.81"
"TCS","EQ","19-Oct-2023","3,487.25","3,469.50","3,476.85","3,451.90","3,454.80","3,455.65","3,461.86","15,14,545","5,24,31,45,783.65","1,64,438","8,14,343","53.77"
"TCS","EQ","18-Oct-2023","3,507.05","3,511.00","3,522.70","3,484.00","3,492.50","3,487.25","3,500.28","14,08,245","4,92,92,45,451.05","1,47,692","9,15,176","64.99"
"TCS","EQ","17-Oct-2023","3,524.05","3,530.00","3,534.15","3,503.35","3,509.00","3,507.05","3,516.16","16,72,065","5,87,92,54,819.95","1,25,942","12,00,270","71.78"
"TCS","EQ","16-Oct-2023","3,570.85","3,566.00","3,574.65","3,519.10","3,521.00","3,524.05","3,539.03","16,71,104","5,91,40,86,791.50","1,62,600","11,13,479","66.63"
"TCS","EQ","13-Oct-2023","3,542.55","3,530.00","3,577.00","3,525.00","3,574.30","3,570.85","3,562.28","28,90,357","10,29,62,67,661.05","2,62,330","17,70,918","61.27"
"TCS","EQ","12-Oct-2023","3,609.90","3,575.00","3,588.65","3,538.10","3,543.00","3,542.55","3,555.40","42,41,281","15,07,94,40,683.50","3,14,201","21,49,379","50.68"
"TCS","EQ","11-Oct-2023","3,628.90","3,650.00","3,650.00","3,605.00","3,613.00","3,609.90","3,625.72","24,26,417","8,79,75,00,442.75","1,51,957","14,77,594","60.90"
"TCS","EQ","10-Oct-2023","3,638.35","3,640.05","3,648.00","3,601.35","3,629.50","3,628.90","3,623.90","18,48,148","6,69,75,11,578.25","1,70,957","8,98,605","48.62"
"TCS","EQ","09-Oct-2023","3,621.40","3,645.05","3,679.00","3,631.00","3,633.00","3,638.35","3,652.75","42,33,074","15,46,23,57,801.50","3,37,303","23,13,193","54.65"
"TCS","EQ","06-Oct-2023","3,589.35","3,591.00","3,634.95","3,575.05","3,621.25","3,621.40","3,606.29","20,75,691","7,48,55,47,134.95","1,57,117","12,17,280","58.64"
"TCS","EQ","05-Oct-2023","3,537.75","3,554.00","3,624.00","3,551.20","3,590.00","3,589.35","3,589.48","29,90,768","10,73,53,00,327.60","1,95,202","13,44,658","44.96"
"TCS","EQ","04-Oct-2023","3,513.85","3,486.30","3,548.00","3,477.30","3,545.00","3,537.75","3,504.95","17,88,138","6,26,73,37,422.00","1,02,259","11,15,764","62.40"
"TCS","EQ","03-Oct-2023","3,528.60","3,534.20","3,534.20","3,480.10","3,507.10","3,513.85","3,508.19","19,48,148","6,83,44,65,531.05","1,34,041","11,88,071","60.98"
"TCS","EQ","29-Sep-2023","3,536.75","3,537.20","3,568.45","3,505.55","3,525.00","3,528.60","3,536.95","22,43,791","7,93,61,67,438.85","1,34,776","12,82,164","57.14"
"TCS","EQ","28-Sep-2023","3,589.30","3,600.00","3,602.80","3,527.35","3,549.00","3,536.75","3,558.09","17,55,753","6,24,71,35,882.45","1,27,091","7,75,346","44.16"
"TCS","EQ","27-Sep-2023","3,585.70","3,590.00","3,614.00","3,555.70","3,586.00","3,589.30","3,587.16","15,41,134","5,52,82,96,992.85","1,04,230","9,91,891","64.36"
"TCS","EQ","26-Sep-2023","3,577.15","3,567.60","3,594.95","3,536.00","3,590.00","3,585.70","3,561.51","17,26,062","6,14,73,86,173.95","1,13,798","12,20,758","70.73"
"TCS","EQ","25-Sep-2023","3,603.65","3,602.50","3,620.00","3,558.65","3,569.80","3,577.15","3,579.70","12,38,778","4,43,44,48,253.85","82,519","8,47,701","68.43"
"TCS","EQ","22-Sep-2023","3,585.30","3,584.00","3,633.75","3,565.05","3,604.00","3,603.65","3,605.09","19,89,083","7,17,08,27,508.35","1,52,937","10,63,284","53.46"
"TCS","EQ","21-Sep-2023","3,606.05","3,588.55","3,605.00","3,528.00","3,586.00","3,585.30","3,559.97","20,04,073","7,13,44,47,228.50","1,51,219","8,92,038","44.51"
"TCS","EQ","20-Sep-2023","3,606.15","3,580.00","3,625.00","3,580.00","3,600.10","3,606.05","3,612.14","16,49,396","5,95,78,55,338.40","1,27,927","9,76,624","59.21"
"TCS","EQ","18-Sep-2023","3,598.30","3,580.05","3,619.30","3,575.25","3,605.00","3,606.15","3,605.10","13,95,753","5,03,18,35,082.65","97,296","10,05,563","72.04"
"TCS","EQ","15-Sep-2023","3,560.05","3,567.85","3,607.35","3,562.45","3,591.55","3,598.30","3,591.93","29,52,897","10,60,66,11,878.75","1,39,252","17,49,955","59.26"
"TCS","EQ","14-Sep-2023","3,567.85","3,570.05","3,597.70","3,545.60","3,562.35","3,560.05","3,563.35","26,04,721","9,28,15,27,868.20","1,46,192","11,62,755","44.64"
"TCS","EQ","13-Sep-2023","3,580.80","3,571.10","3,588.85","3,545.00","3,561.50","3,567.85","3,568.13","17,54,929","6,26,18,06,697.40","1,38,829","10,31,177","58.76"
"TCS","EQ","12-Sep-2023","3,480.65","3,492.00","3,589.90","3,483.00","3,572.60","3,580.80","3,550.35","44,76,016","15,89,14,01,853.45","2,42,752","25,46,536","56.89"
"TCS","EQ","11-Sep-2023","3,441.90","3,462.00","3,485.70","3,445.00","3,481.00","3,480.65","3,471.77","17,83,604","6,19,22,69,892.25","1,11,418","12,46,670","69.90"
"TCS","EQ","08-Sep-2023","3,455.25","3,455.25","3,465.00","3,435.05","3,445.00","3,441.90","3,446.91","15,18,917","5,23,55,63,741.25","88,984","9,70,792","63.91"
"TCS","EQ","07-Sep-2023","3,429.90","3,430.80","3,460.00","3,422.30","3,458.00","3,455.25","3,443.88","18,85,092","6,49,20,39,521.45","1,43,528","8,42,814","44.71"
"TCS","EQ","06-Sep-2023","3,429.35","3,434.00","3,443.90","3,398.10","3,421.60","3,429.90","3,424.44","13,14,818","4,50,25,11,185.60","99,523","8,41,418","64.00"
"TCS","EQ","05-Sep-2023","3,418.50","3,420.00","3,447.00","3,405.15","3,425.65","3,429.35","3,430.40","15,01,842","5,15,19,24,571.65","1,00,120","9,22,625","61.43"
"TCS","EQ","04-Sep-2023","3,379.20","3,378.00","3,432.85","3,370.05","3,418.50","3,418.50","3,405.13","18,28,332","6,22,57,11,646.35","1,14,654","12,30,246","67.29"
"TCS","EQ","01-Sep-2023","3,356.80","3,366.00","3,389.00","3,356.80","3,374.00","3,379.20","3,379.92","12,77,950","4,31,93,72,822.65","1,48,744","8,72,552","68.28"
"TCS","EQ","31-Aug-2023","3,390.95","3,401.00","3,417.40","3,343.65","3,361.00","3,356.80","3,369.12","34,17,652","11,51,44,68,309.55","1,25,169","24,21,119","70.84"
"TCS","EQ","30-Aug-2023","3,376.15","3,398.00","3,408.10","3,383.05","3,391.00","3,390.95","3,397.70","11,88,200","4,03,71,49,090.80","83,244","8,18,723","68.90"
"TCS","EQ","29-Aug-2023","3,375.55","3,381.05","3,389.55","3,365.00","3,375.00","3,376.15","3,375.62","9,44,517","3,18,83,33,020.15","68,937","6,42,831","68.06"
"TCS","EQ","28-Aug-2023","3,381.30","3,394.00","3,394.00","3,360.10","3,373.00","3,375.55","3,374.18","10,37,485","3,50,06,63,941.25","80,009","7,18,921","69.29"
"TCS","EQ","25-Aug-2023","3,387.75","3,375.00","3,385.80","3,350.25","3,374.00","3,381.30","3,371.84","11,58,046","3,90,47,44,950.05","87,415","7,41,009","63.99"
"TCS","EQ","24-Aug-2023","3,398.25","3,408.00","3,413.05","3,378.10","3,391.00","3,387.75","3,392.89","11,52,881","3,91,16,01,781.55","83,377","7,03,679","61.04"
"TCS","EQ","23-Aug-2023","3,382.15","3,388.00","3,402.00","3,376.00","3,389.20","3,398.25","3,392.66","13,30,046","4,51,23,93,621.55","74,093","8,46,626","63.65"
"TCS","EQ","22-Aug-2023","3,401.65","3,400.00","3,411.00","3,365.05","3,383.10","3,382.15","3,379.46","12,22,012","4,12,97,42,131.95","1,05,529","7,65,907","62.68"
"TCS","EQ","21-Aug-2023","3,367.10","3,375.00","3,409.75","3,372.00","3,400.05","3,401.65","3,396.90","13,75,579","4,67,27,10,451.45","90,178","9,48,914","68.98"
"TCS","EQ","18-Aug-2023","3,435.75","3,410.00","3,410.00","3,356.50","3,368.00","3,367.10","3,373.82","25,26,749","8,52,47,93,143.10","1,50,157","14,24,519","56.38"
"TCS","EQ","17-Aug-2023","3,458.40","3,455.00","3,460.80","3,413.20","3,425.90","3,435.75","3,435.28","18,43,241","6,33,20,40,272.50","1,22,489","11,72,604","63.62"
"TCS","EQ","16-Aug-2023","3,449.85","3,450.00","3,466.00","3,435.20","3,450.70","3,458.40","3,453.07","13,28,445","4,58,72,15,413.45","1,02,457","8,98,417","67.63"
"TCS","EQ","14-Aug-2023","3,448.80","3,440.70","3,455.00","3,411.00","3,448.00","3,449.85","3,434.19","11,90,425","4,08,81,41,282.40","1,45,261","6,97,765","58.61"
"TCS","EQ","11-Aug-2023","3,442.10","3,438.10","3,466.65","3,414.00","3,444.50","3,448.80","3,444.54","16,79,974","5,78,67,38,907.20","1,42,622","10,51,850","62.61"
"TCS","EQ","10-Aug-2023","3,462.50","3,450.00","3,464.90","3,430.05","3,448.25","3,442.10","3,442.07","10,96,701","3,77,49,18,908.55","76,539","6,12,492","55.85"
"TCS","EQ","09-Aug-2023","3,470.60","3,464.90","3,467.00","3,425.05","3,460.85","3,462.50","3,449.06","17,94,589","6,18,96,41,425.50","89,275","13,05,254","72.73"
"TCS","EQ","08-Aug-2023","3,484.05","3,484.05","3,489.95","3,456.60","3,469.00","3,470.60","3,470.86","16,34,225","5,67,21,69,905.30","1,19,523","12,71,634","77.81"
"TCS","EQ","07-Aug-2023","3,443.55","3,453.95","3,488.00","3,441.25","3,482.90","3,484.05","3,467.58","18,53,889","6,42,85,12,875.30","1,08,103","12,89,089","69.53"
"TCS","EQ","04-Aug-2023","3,399.95","3,401.25","3,471.00","3,401.25","3,441.05","3,443.55","3,445.20","22,48,493","7,74,65,18,305.90","1,18,974","14,34,557","63.80"
"TCS","EQ","03-Aug-2023","3,440.65","3,420.00","3,433.25","3,368.00","3,397.00","3,399.95","3,397.85","20,26,351","6,88,52,30,549.20","1,36,745","12,53,208","61.85"
"TCS","EQ","02-Aug-2023","3,452.05","3,434.95","3,446.40","3,413.60","3,433.00","3,440.65","3,435.39","19,14,899","6,57,84,28,884.55","1,16,337","13,98,129","73.01"
"TCS","EQ","01-Aug-2023","3,421.45","3,415.00","3,460.00","3,415.00","3,450.10","3,452.05","3,443.71","19,56,167","6,73,64,74,356.40","1,01,249","12,45,505","63.67"
"TCS","EQ","31-Jul-2023","3,355.40","3,364.40","3,426.65","3,360.90","3,415.00","3,421.45","3,406.98","27,43,678","9,34,76,45,416.85","1,21,298","19,33,444","70.47"
"TCS","EQ","28-Jul-2023","3,396.90","3,385.00","3,393.70","3,331.00","3,354.00","3,355.40","3,352.74","25,99,831","8,71,65,57,269.30","1,27,470","18,87,794","72.61"
"TCS","EQ","27-Jul-2023","3,388.30","3,394.95","3,411.65","3,385.05","3,398.00","3,396.90","3,395.09","17,01,769","5,77,76,60,069.25","1,25,535","12,42,876","73.03"
"TCS","EQ","26-Jul-2023","3,399.15","3,400.35","3,420.85","3,385.00","3,394.00","3,388.30","3,399.91","10,66,803","3,62,70,35,565.20","1,01,692","6,15,587","57.70"
"TCS","EQ","25-Jul-2023","3,394.75","3,397.50","3,406.80","3,380.20","3,400.00","3,399.15","3,396.67","12,72,980","4,32,38,95,800.15","1,34,482","9,00,644","70.75"
"TCS","EQ","24-Jul-2023","3,368.30","3,381.00","3,413.45","3,372.10","3,393.00","3,394.75","3,397.83","16,80,132","5,70,87,98,867.65","1,24,293","11,29,015","67.20"
"TCS","EQ","21-Jul-2023","3,463.30","3,404.05","3,434.90","3,359.05","3,374.00","3,368.30","3,396.22","37,70,223","12,80,45,01,433.35","1,67,464","23,65,927","62.75"
"TCS","EQ","20-Jul-2023","3,470.05","3,453.10","3,478.90","3,436.05","3,461.60","3,463.30","3,453.22","17,15,404","5,92,36,59,535.20","99,611","9,24,750","53.91"
"TCS","EQ","19-Jul-2023","3,496.85","3,500.00","3,516.85","3,445.65","3,469.00","3,470.05","3,476.09","24,05,370","8,36,12,86,032.75","1,31,215","15,63,755","65.01"
"TCS","EQ","18-Jul-2023","3,491.70","3,476.00","3,524.00","3,465.00","3,492.45","3,496.85","3,496.72","26,00,090","9,09,17,81,942.50","1,59,053","15,50,758","59.64"
"TCS","EQ","17-Jul-2023","3,514.65","3,510.00","3,549.90","3,477.05","3,488.00","3,491.70","3,512.83","27,43,228","9,63,64,96,606.90","2,21,755","11,10,810","40.49"
"TCS","EQ","14-Jul-2023","3,340.55","3,365.00","3,524.85","3,352.00","3,509.00","3,514.65","3,443.41","63,06,101","21,71,45,18,276.50","3,18,436","34,28,771","54.37"
"TCS","EQ","13-Jul-2023","3,259.90","3,284.00","3,367.45","3,272.75","3,344.50","3,340.55","3,338.97","45,85,146","15,30,96,71,101.45","2,45,158","20,61,479","44.96"
"TCS","EQ","12-Jul-2023","3,272.40","3,280.95","3,289.15","3,250.10","3,260.95","3,259.90","3,266.42","15,15,240","4,94,94,16,309.10","1,20,424","8,85,374","58.43"
"TCS","EQ","11-Jul-2023","3,271.95","3,295.00","3,295.00","3,260.80","3,272.00","3,272.40","3,277.42","11,10,172","3,63,85,01,368.95","89,756","6,13,854","55.29"
"TCS","EQ","10-Jul-2023","3,329.25","3,324.75","3,324.75","3,265.20","3,277.00","3,271.95","3,283.62","14,07,431","4,62,14,63,700.65","1,13,059","7,85,441","55.81"
"TCS","EQ","07-Jul-2023","3,322.90","3,302.00","3,356.90","3,302.00","3,321.00","3,329.25","3,334.15","17,89,326","5,96,58,81,074.45","1,30,328","8,22,068","45.94"
"TCS","EQ","06-Jul-2023","3,319.95","3,306.55","3,328.45","3,302.00","3,321.30","3,322.90","3,314.41","18,48,238","6,12,58,14,363.75","82,587","9,42,979","51.02"
"TCS","EQ","05-Jul-2023","3,308.85","3,320.00","3,329.00","3,305.00","3,322.00","3,319.95","3,318.57","14,53,008","4,82,19,06,492.95","92,949","8,57,588","59.02"
"TCS","EQ","04-Jul-2023","3,272.30","3,290.00","3,315.00","3,277.30","3,307.00","3,308.85","3,298.36","16,56,681","5,46,43,37,453.05","1,00,235","9,65,070","58.25"
"TCS","EQ","03-Jul-2023","3,302.25","3,314.30","3,318.80","3,268.75","3,274.00","3,272.30","3,286.37","16,87,264","5,54,49,70,019.55","1,20,543","11,12,511","65.94"
"TCS","EQ","30-Jun-2023","3,215.45","3,220.00","3,310.00","3,214.10","3,298.40","3,302.25","3,280.38","26,72,406","8,76,65,01,093.15","2,05,777","16,83,039","62.98"
"TCS","EQ","28-Jun-2023","3,197.35","3,208.00","3,230.95","3,193.40","3,221.00","3,215.45","3,215.84","15,75,872","5,06,77,55,614.75","1,25,121","10,31,195","65.44"
"TCS","EQ","27-Jun-2023","3,189.65","3,202.00","3,209.65","3,182.30","3,197.30","3,197.35","3,194.42","8,63,542","2,75,85,15,355.75","67,679","4,82,048","55.82"
"TCS","EQ","26-Jun-2023","3,216.35","3,205.00","3,213.90","3,173.00","3,190.00","3,189.65","3,189.39","19,78,803","6,31,11,73,590.25","1,07,706","14,18,808","71.70"
"TCS","EQ","23-Jun-2023","3,238.50","3,237.30","3,249.40","3,209.15","3,213.90","3,216.35","3,221.22","11,19,505","3,60,61,76,034.70","67,908","7,22,267","64.52"
"TCS","EQ","22-Jun-2023","3,258.20","3,260.00","3,267.65","3,230.10","3,240.50","3,238.50","3,246.23","15,29,603","4,96,54,44,088.75","83,159","8,62,059","56.36"
"TCS","EQ","21-Jun-2023","3,227.70","3,250.00","3,261.40","3,223.95","3,257.00","3,258.20","3,247.51","16,45,987","5,34,53,59,097.25","91,009","11,59,778","70.46"
"TCS","EQ","20-Jun-2023","3,210.40","3,214.00","3,232.50","3,201.05","3,229.90","3,227.70","3,218.86","15,28,452","4,91,98,76,426.10","72,353","11,07,358","72.45"
"TCS","EQ","19-Jun-2023","3,174.90","3,190.00","3,214.90","3,175.00","3,207.10","3,210.40","3,194.51","14,68,186","4,69,01,30,908.90","88,271","9,60,753","65.44"
"TCS","EQ","16-Jun-2023","3,216.30","3,197.00","3,199.40","3,156.00","3,177.30","3,174.90","3,175.76","41,56,189","13,19,90,71,871.50","2,14,155","28,70,473","69.07"
"TCS","EQ","15-Jun-2023","3,251.05","3,245.30","3,247.45","3,210.00","3,215.30","3,216.30","3,225.77","22,73,810","7,33,47,85,641.40","1,04,925","13,40,142","58.94"
"TCS","EQ","14-Jun-2023","3,243.70","3,243.70","3,255.85","3,225.85","3,245.30","3,251.05","3,244.95","16,58,544","5,38,18,90,991.70","92,990","10,90,597","65.76"
"TCS","EQ","13-Jun-2023","3,246.90","3,260.00","3,265.00","3,239.00","3,244.90","3,243.70","3,249.64","13,71,928","4,45,82,73,417.90","90,189","9,25,622","67.47"
"TCS","EQ","12-Jun-2023","3,209.30","3,215.00","3,254.40","3,211.00","3,248.40","3,246.90","3,238.21","23,24,605","7,52,75,61,262.20","99,385","15,86,137","68.23"
"TCS","EQ","09-Jun-2023","3,236.45","3,245.00","3,250.00","3,205.35","3,210.00","3,209.30","3,219.25","17,75,689","5,71,63,88,482.00","1,19,166","12,86,294","72.44"
"TCS","EQ","08-Jun-2023","3,274.90","3,261.00","3,270.00","3,233.00","3,236.00","3,236.45","3,246.40","17,59,366","5,71,16,13,268.75","1,05,766","11,90,503","67.67"
"TCS","EQ","07-Jun-2023","3,232.30","3,253.00","3,278.85","3,241.00","3,274.55","3,274.90","3,261.20","15,67,196","5,11,09,39,240.45","82,630","9,08,370","57.96"
"TCS","EQ","06-Jun-2023","3,288.90","3,280.00","3,288.85","3,220.60","3,237.00","3,232.30","3,235.85","20,22,849","6,54,56,33,590.60","1,58,147","11,96,281","59.14"
"TCS","EQ","05-Jun-2023","3,305.60","3,315.00","3,327.00","3,285.05","3,289.30","3,288.90","3,301.42","18,61,468","6,14,54,82,702.90","94,288","14,23,821","76.49"
"TCS","EQ","02-Jun-2023","3,324.00","3,326.25","3,335.90","3,297.45","3,306.40","3,305.60","3,310.69","20,30,661","6,72,28,79,743.50","1,32,777","14,91,358","73.44"
"TCS","EQ","01-Jun-2023","3,289.50","3,314.00","3,340.00","3,297.50","3,322.00","3,324.00","3,325.54","11,77,314","3,91,52,00,315.10","1,07,605","7,03,106","59.72"
"TCS","EQ","31-May-2023","3,316.20","3,309.00","3,327.70","3,265.15","3,286.00","3,289.50","3,294.05","58,15,424","19,15,62,82,297.40","1,71,593","47,24,406","81.24"
"TCS","EQ","30-May-2023","3,320.35","3,315.00","3,326.95","3,301.35","3,315.15","3,316.20","3,311.75","13,44,224","4,45,17,39,910.30","1,05,175","9,28,751","69.09"
"TCS","EQ","29-May-2023","3,328.90","3,360.80","3,372.00","3,312.00","3,320.70","3,320.35","3,333.70","12,10,372","4,03,50,20,143.50","89,980","7,10,296","58.68"
"TCS","EQ","26-May-2023","3,293.50","3,293.50","3,338.65","3,291.00","3,331.70","3,328.90","3,310.97","17,91,115","5,93,03,31,787.45","1,03,741","12,75,664","71.22"
"TCS","EQ","25-May-2023","3,303.35","3,294.00","3,306.00","3,267.10","3,295.00","3,293.50","3,287.20","13,74,917","4,51,96,33,216.35","76,662","6,42,540","46.73"
"TCS","EQ","24-May-2023","3,297.05","3,276.00","3,317.20","3,276.00","3,303.50","3,303.35","3,302.83","10,16,555","3,35,75,04,888.10","57,423","7,07,192","69.57"
"TCS","EQ","23-May-2023","3,298.70","3,306.00","3,327.95","3,290.10","3,295.00","3,297.05","3,310.23","16,87,418","5,58,57,48,304.90","1,40,257","11,91,550","70.61"
"TCS","EQ","22-May-2023","3,222.85","3,230.00","3,308.45","3,217.05","3,292.00","3,298.70","3,272.82","13,33,243","4,36,34,57,756.40","1,16,693","7,49,287","56.20"
"TCS","EQ","19-May-2023","3,199.85","3,210.00","3,234.50","3,203.05","3,224.55","3,222.85","3,219.92","11,52,449","3,71,07,96,199.45","74,505","6,70,808","58.21"
"TCS","EQ","18-May-2023","3,208.70","3,225.95","3,228.95","3,195.00","3,200.00","3,199.85","3,203.72","13,69,364","4,38,70,53,720.55","96,133","7,72,031","56.38"
"TCS","EQ","17-May-2023","3,258.15","3,255.95","3,280.00","3,198.25","3,209.00","3,208.70","3,216.79","15,88,815","5,11,08,82,505.40","1,32,490","10,27,065","64.64"
"TCS","EQ","16-May-2023","3,255.05","3,256.20","3,285.00","3,250.45","3,255.95","3,258.15","3,266.60","9,86,306","3,22,18,71,014.75","84,131","6,35,424","64.42"
"TCS","EQ","15-May-2023","3,274.30","3,284.00","3,292.00","3,248.35","3,251.50","3,255.05","3,272.51","11,50,390","3,76,46,61,351.00","84,958","7,02,154","61.04"
"TCS","EQ","12-May-2023","3,282.15","3,279.15","3,290.00","3,260.00","3,277.00","3,274.30","3,274.10","10,27,479","3,36,40,70,116.35","96,840","6,07,680","59.14"
"TCS","EQ","11-May-2023","3,286.80","3,309.00","3,309.70","3,272.00","3,281.05","3,282.15","3,293.20","17,19,623","5,66,30,54,332.75","1,24,781","5,43,763","31.62"
"TCS","EQ","10-May-2023","3,283.25","3,290.00","3,306.50","3,266.05","3,280.00","3,286.80","3,286.72","15,59,987","5,12,72,37,024.20","93,564","6,38,390","40.92"
"TCS","EQ","09-May-2023","3,250.60","3,252.60","3,298.00","3,246.00","3,292.00","3,283.25","3,267.91","11,07,375","3,61,87,99,710.35","72,883","7,25,239","65.49"
"TCS","EQ","08-May-2023","3,230.70","3,245.00","3,254.85","3,231.30","3,250.00","3,250.60","3,245.43","9,28,235","3,01,25,19,753.35","75,785","5,57,326","60.04"
"TCS","EQ","05-May-2023","3,220.70","3,220.00","3,244.00","3,210.05","3,227.05","3,230.70","3,226.43","17,10,027","5,51,72,80,324.15","97,481","8,68,139","50.77"
"TCS","EQ","04-May-2023","3,179.90","3,180.15","3,224.45","3,178.00","3,217.00","3,220.70","3,210.20","19,53,253","6,27,03,28,109.65","1,05,190","8,65,756","44.32"
"TCS","EQ","03-May-2023","3,219.40","3,216.00","3,216.00","3,173.15","3,180.00","3,179.90","3,184.78","24,68,285","7,86,09,49,808.85","1,38,897","17,63,171","71.43"
"TCS","EQ","02-May-2023","3,219.25","3,235.00","3,235.00","3,210.00","3,217.00","3,219.40","3,222.28","23,21,159","7,47,94,33,934.75","1,34,310","15,65,884","67.46"
"TCS","EQ","28-Apr-2023","3,187.95","3,200.40","3,227.25","3,196.25","3,215.00","3,219.25","3,213.13","29,31,312","9,41,86,88,035.60","1,74,975","19,31,718","65.90"
"TCS","EQ","27-Apr-2023","3,198.15","3,185.00","3,199.20","3,170.65","3,188.00","3,187.95","3,182.88","24,34,446","7,74,85,59,406.65","1,13,044","14,17,950","58.25"
"TCS","EQ","26-Apr-2023","3,176.00","3,181.00","3,208.40","3,181.00","3,196.00","3,198.15","3,197.96","20,00,029","6,39,60,14,873.50","1,12,753","11,83,102","59.15"
"TCS","EQ","25-Apr-2023","3,174.80","3,183.00","3,191.20","3,147.50","3,175.05","3,176.00","3,176.72","20,24,090","6,42,99,59,859.00","88,772","13,37,301","66.07"
"TCS","EQ","24-Apr-2023","3,160.85","3,151.10","3,180.95","3,126.15","3,172.00","3,174.80","3,151.83","16,40,676","5,17,11,32,958.30","97,265","10,72,692","65.38"
"TCS","EQ","21-Apr-2023","3,104.80","3,110.00","3,164.45","3,100.80","3,159.00","3,160.85","3,135.53","19,29,184","6,04,90,23,043.65","98,768","11,43,524","59.28"
"TCS","EQ","20-Apr-2023","3,089.60","3,090.00","3,113.00","3,078.00","3,104.95","3,104.80","3,094.26","24,19,999","7,48,81,05,309.45","1,21,048","10,39,675","42.96"
"TCS","EQ","19-Apr-2023","3,130.75","3,130.75","3,140.00","3,071.50","3,089.00","3,089.60","3,098.63","32,98,034","10,21,93,87,105.80","1,71,133","13,60,505","41.25"
"TCS","EQ","18-Apr-2023","3,139.50","3,154.95","3,156.85","3,110.60","3,130.60","3,130.75","3,127.60","26,17,302","8,18,58,66,833.90","1,32,615","18,35,935","70.15"
"TCS","EQ","17-Apr-2023","3,188.85","3,134.10","3,163.40","3,070.25","3,139.00","3,139.50","3,111.19","55,05,048","17,12,72,31,513.30","2,54,319","34,33,199","62.36"
"TCS","EQ","13-Apr-2023","3,241.65","3,210.00","3,230.00","3,180.00","3,192.00","3,188.85","3,193.66","41,74,070","13,33,05,66,471.80","1,92,421","16,61,868","39.81"
"TCS","EQ","12-Apr-2023","3,213.80","3,227.95","3,260.95","3,199.00","3,245.50","3,241.65","3,232.53","24,17,727","7,81,53,84,018.70","1,21,292","11,46,031","47.40"
"TCS","EQ","11-Apr-2023","3,263.40","3,264.00","3,272.95","3,192.15","3,205.00","3,213.80","3,223.89","23,48,779","7,57,22,01,705.65","1,18,593","13,29,657","56.61"
"TCS","EQ","10-Apr-2023","3,220.70","3,220.00","3,272.00","3,215.00","3,263.00","3,263.40","3,251.36","22,03,187","7,16,33,63,204.95","1,02,711","5,93,622","26.94"
"TCS","EQ","06-Apr-2023","3,239.80","3,225.00","3,257.35","3,215.00","3,218.90","3,220.70","3,229.19","17,03,464","5,50,08,06,837.65","76,885","8,49,892","49.89"
"TCS","EQ","05-Apr-2023","3,200.00","3,185.50","3,264.35","3,185.50","3,240.00","3,239.80","3,240.85","26,55,065","8,60,46,70,873.15","1,32,453","13,52,855","50.95"
"TCS","EQ","03-Apr-2023","3,205.90","3,224.95","3,224.95","3,173.75","3,201.00","3,200.00","3,191.35","15,21,830","4,85,66,98,008.65","1,42,863","10,39,303","68.29"
"TCS","EQ","31-Mar-2023","3,138.90","3,189.95","3,213.00","3,152.00","3,204.00","3,205.90","3,189.41","23,82,581","7,59,90,29,056.20","1,24,442","15,37,937","64.55"
"TCS","EQ","29-Mar-2023","3,115.90","3,129.00","3,150.00","3,104.10","3,148.00","3,138.90","3,125.35","17,40,616","5,44,00,31,709.60","1,13,706","11,20,513","64.37"
"TCS","EQ","28-Mar-2023","3,122.30","3,127.00","3,149.55","3,110.15","3,117.00","3,115.90","3,129.98","13,03,530","4,08,00,26,205.95","75,814","6,26,155","48.04"
"TCS","EQ","27-Mar-2023","3,120.50","3,135.00","3,152.75","3,106.00","3,124.00","3,122.30","3,134.00","15,24,217","4,77,68,89,691.90","87,684","7,73,815","50.77"
"TCS","EQ","24-Mar-2023","3,124.65","3,148.90","3,170.00","3,106.00","3,110.15","3,120.50","3,144.39","13,29,577","4,18,07,07,274.55","99,584","6,26,741","47.14"
"TCS","EQ","23-Mar-2023","3,130.80","3,114.90","3,146.35","3,101.00","3,130.95","3,124.65","3,128.36","13,72,218","4,29,27,96,106.40","94,843","7,98,575","58.20"
"TCS","EQ","22-Mar-2023","3,106.10","3,130.05","3,143.50","3,106.10","3,129.80","3,130.80","3,124.38","11,23,939","3,51,16,07,192.25","85,984","5,73,055","50.99"
"TCS","EQ","21-Mar-2023","3,143.30","3,143.30","3,156.75","3,097.45","3,111.00","3,106.10","3,117.90","18,15,297","5,65,99,09,677.90","1,16,265","11,78,606","64.93"
"TCS","EQ","20-Mar-2023","3,179.30","3,169.65","3,169.65","3,095.05","3,146.00","3,143.30","3,125.39","22,89,468","7,15,54,78,256.10","1,86,340","12,91,027","56.39"
"TCS","EQ","17-Mar-2023","3,185.00","3,150.50","3,221.40","3,144.00","3,175.00","3,179.30","3,178.88","67,39,966","21,42,55,39,933.40","2,85,153","40,79,785","60.53"
"TCS","EQ","16-Mar-2023","3,198.90","3,208.00","3,219.80","3,172.00","3,182.00","3,185.00","3,193.73","19,01,060","6,07,14,80,261.75","1,70,243","13,12,156","69.02"
"TCS","EQ","15-Mar-2023","3,214.95","3,250.00","3,260.35","3,192.00","3,199.00","3,198.90","3,225.94","17,80,522","5,74,38,51,297.00","1,65,162","11,50,169","64.60"
"TCS","EQ","14-Mar-2023","3,281.95","3,280.00","3,304.40","3,209.40","3,221.70","3,214.95","3,244.96","26,70,334","8,66,51,16,216.45","1,51,178","19,70,563","73.79"
"TCS","EQ","13-Mar-2023","3,331.00","3,333.00","3,369.80","3,272.00","3,286.25","3,281.95","3,313.09","19,01,233","6,29,89,47,595.45","1,20,533","11,82,851","62.21"
"TCS","EQ","10-Mar-2023","3,336.85","3,312.90","3,337.25","3,290.00","3,335.85","3,331.00","3,318.60","10,24,404","3,39,95,83,381.80","99,387","5,69,022","55.55"
"TCS","EQ","09-Mar-2023","3,390.40","3,385.00","3,385.00","3,330.85","3,333.00","3,336.85","3,354.42","16,48,500","5,52,97,57,339.95","1,08,315","11,76,457","71.37"
"TCS","EQ","08-Mar-2023","3,371.85","3,364.00","3,396.00","3,330.85","3,390.05","3,390.40","3,369.80","18,44,590","6,21,58,92,592.95","1,29,008","11,30,190","61.27"
"TCS","EQ","06-Mar-2023","3,342.15","3,361.90","3,404.95","3,359.00","3,377.95","3,371.85","3,381.71","13,34,132","4,51,16,50,997.55","1,19,719","8,53,015","63.94"
"TCS","EQ","03-Mar-2023","3,321.45","3,354.00","3,358.00","3,331.10","3,340.00","3,342.15","3,345.34","10,43,190","3,48,98,22,005.55","89,004","6,55,070","62.79"
"TCS","EQ","02-Mar-2023","3,385.70","3,361.00","3,369.90","3,318.00","3,324.00","3,321.45","3,331.05","15,56,538","5,18,48,99,943.55","1,12,065","10,05,537","64.60"
"TCS","EQ","01-Mar-2023","3,312.85","3,323.00","3,389.00","3,315.00","3,386.45","3,385.70","3,367.54","16,69,307","5,62,14,65,689.90","1,05,561","10,64,394","63.76"
"TCS","EQ","28-Feb-2023","3,331.85","3,328.50","3,392.00","3,299.90","3,328.60","3,312.85","3,325.11","41,16,217","13,68,68,79,251.55","1,47,643","25,46,257","61.86"
"TCS","EQ","27-Feb-2023","3,400.45","3,390.00","3,390.00","3,316.00","3,335.00","3,331.85","3,336.69","11,28,022","3,76,38,60,179.90","88,957","5,99,470","53.14"
"TCS","EQ","24-Feb-2023","3,413.80","3,422.50","3,433.95","3,382.30","3,390.00","3,400.45","3,410.96","9,77,592","3,33,45,25,092.15","79,457","6,33,081","64.76"
"TCS","EQ","23-Feb-2023","3,401.55","3,421.00","3,452.40","3,408.00","3,412.90","3,413.80","3,428.53","14,41,570","4,94,24,64,245.25","1,35,484","8,73,671","60.61"
"TCS","EQ","22-Feb-2023","3,451.00","3,414.95","3,447.00","3,395.00","3,410.00","3,401.55","3,416.58","12,18,430","4,16,28,58,172.00","1,04,357","7,42,649","60.95"
"TCS","EQ","21-Feb-2023","3,487.30","3,494.00","3,508.90","3,444.75","3,451.00","3,451.00","3,473.05","11,39,541","3,95,76,87,705.45","77,929","7,13,436","62.61"
"TCS","EQ","20-Feb-2023","3,501.15","3,502.00","3,522.00","3,475.05","3,492.00","3,487.30","3,492.93","12,96,082","4,52,71,27,582.25","79,179","8,34,881","64.42"
"TCS","EQ","17-Feb-2023","3,558.05","3,526.15","3,538.90","3,490.00","3,499.20","3,501.15","3,514.92","10,61,369","3,73,06,23,740.00","90,867","6,21,928","58.60"
"TCS","EQ","16-Feb-2023","3,520.65","3,527.20","3,575.00","3,527.00","3,550.00","3,558.05","3,559.64","16,18,931","5,76,28,16,021.75","1,10,390","10,27,584","63.47"
"TCS","EQ","15-Feb-2023","3,500.10","3,487.00","3,526.00","3,460.15","3,523.95","3,520.65","3,496.10","14,29,449","4,99,75,03,619.80","76,223","8,94,097","62.55"
"TCS","EQ","14-Feb-2023","3,482.40","3,505.00","3,524.85","3,495.00","3,500.00","3,500.10","3,511.80","15,79,818","5,54,80,05,902.75","1,03,413","9,44,222","59.77"
"TCS","EQ","13-Feb-2023","3,537.55","3,549.00","3,549.00","3,473.40","3,484.00","3,482.40","3,493.53","10,87,939","3,80,07,42,542.70","77,431","5,68,311","52.24"
"TCS","EQ","10-Feb-2023","3,540.85","3,520.00","3,542.35","3,508.15","3,528.15","3,537.55","3,530.08","11,87,821","4,19,31,01,279.60","84,631","8,32,143","70.06"
"TCS","EQ","09-Feb-2023","3,520.10","3,515.00","3,547.60","3,505.30","3,543.95","3,540.85","3,534.02","16,55,427","5,85,03,14,027.30","1,09,544","11,24,204","67.91"
"TCS","EQ","08-Feb-2023","3,472.55","3,478.05","3,539.90","3,478.05","3,520.00","3,520.10","3,525.10","19,86,946","7,00,41,80,343.60","1,31,473","11,44,916","57.62"
"TCS","EQ","07-Feb-2023","3,459.95","3,468.90","3,493.00","3,461.40","3,467.00","3,472.55","3,478.55","14,55,647","5,06,35,43,516.10","76,997","9,17,470","63.03"
"TCS","EQ","06-Feb-2023","3,482.30","3,473.15","3,473.15","3,436.85","3,464.90","3,459.95","3,457.05","11,38,714","3,93,65,96,844.85","1,04,578","7,17,114","62.98"
"TCS","EQ","03-Feb-2023","3,460.40","3,504.00","3,504.00","3,452.90","3,475.00","3,482.30","3,483.20","18,04,469","6,28,53,34,518.40","1,77,332","10,93,996","60.63"
"TCS","EQ","02-Feb-2023","3,408.35","3,427.00","3,469.00","3,420.10","3,461.00","3,460.40","3,449.08","18,13,847","6,25,61,03,714.75","1,44,428","10,63,804","58.65"
"TCS","EQ","01-Feb-2023","3,358.70","3,363.00","3,419.00","3,355.00","3,398.00","3,408.35","3,383.69","22,05,161","7,46,15,80,946.75","1,33,318","13,84,239","62.77"
"TCS","EQ","31-Jan-2023","3,433.65","3,449.00","3,449.00","3,351.00","3,358.50","3,358.70","3,371.06","28,20,375","9,50,76,42,423.25","1,84,017","19,14,024","67.86"
"TCS","EQ","30-Jan-2023","3,411.05","3,420.00","3,458.45","3,385.55","3,432.00","3,433.65","3,423.78","19,53,798","6,68,93,83,780.35","1,54,180","12,62,724","64.63"
"TCS","EQ","27-Jan-2023","3,429.75","3,426.00","3,446.00","3,382.30","3,410.00","3,411.05","3,415.95","17,85,879","6,10,04,66,647.25","1,38,824","11,36,348","63.63"
"TCS","EQ","25-Jan-2023","3,436.30","3,425.30","3,435.00","3,405.00","3,432.10","3,429.75","3,423.45","8,74,110","2,99,24,69,996.45","73,515","4,96,771","56.83"
"TCS","EQ","24-Jan-2023","3,414.90","3,425.00","3,451.95","3,417.30","3,432.10","3,436.30","3,434.72","13,87,863","4,76,69,25,961.05","1,00,270","8,39,699","60.50"
"TCS","EQ","23-Jan-2023","3,363.10","3,388.00","3,419.00","3,355.60","3,409.25","3,414.90","3,393.67","10,67,916","3,62,41,51,502.60","77,981","5,56,602","52.12"
"TCS","EQ","20-Jan-2023","3,373.10","3,365.00","3,394.65","3,355.60","3,370.00","3,363.10","3,374.73","15,29,349","5,16,11,34,363.85","89,365","11,42,015","74.67"
"TCS","EQ","19-Jan-2023","3,390.00","3,380.00","3,387.00","3,361.00","3,370.00","3,373.10","3,375.44","15,85,044","5,35,02,23,100.95","97,108","11,36,996","71.73"
"TCS","EQ","18-Jan-2023","3,378.40","3,380.00","3,408.95","3,372.25","3,391.00","3,390.00","3,395.06","24,21,189","8,22,00,93,824.80","1,21,397","18,36,244","75.84"
"TCS","EQ","17-Jan-2023","3,334.05","3,330.00","3,381.80","3,321.00","3,380.90","3,378.40","3,363.96","16,88,475","5,67,99,61,504.85","1,10,473","11,14,320","66.00"
"TCS","EQ","16-Jan-2023","3,374.55","3,317.00","3,353.00","3,298.05","3,335.00","3,334.05","3,329.16","18,43,607","6,13,76,68,725.00","1,34,180","9,01,765","48.91"
"TCS","EQ","13-Jan-2023","3,334.35","3,342.90","3,379.00","3,305.00","3,373.25","3,374.55","3,352.96","17,42,837","5,84,36,64,088.10","1,07,218","8,70,219","49.93"
"TCS","EQ","12-Jan-2023","3,328.70","3,329.00","3,350.00","3,315.55","3,337.55","3,334.35","3,334.26","22,50,391","7,50,33,81,269.75","1,79,303","15,25,003","67.77"
"TCS","EQ","11-Jan-2023","3,286.40","3,290.10","3,349.50","3,271.15","3,328.00","3,328.70","3,324.66","27,20,512","9,04,47,71,106.40","1,44,583","13,05,512","47.99"
"TCS","EQ","10-Jan-2023","3,319.95","3,285.00","3,298.00","3,230.10","3,283.00","3,286.40","3,259.17","38,64,655","12,59,55,76,966.85","2,36,636","17,41,399","45.06"
"TCS","EQ","09-Jan-2023","3,211.55","3,229.00","3,327.00","3,221.15","3,309.00","3,319.95","3,300.31","28,85,060","9,52,16,05,532.85","1,73,806","14,72,534","51.04"
"TCS","EQ","06-Jan-2023","3,311.10","3,300.00","3,301.55","3,200.00","3,213.90","3,211.55","3,239.59","24,88,376","8,06,13,09,460.35","1,77,937","15,84,546","63.68"
"TCS","EQ","05-Jan-2023","3,314.65","3,330.20","3,337.30","3,281.95","3,302.65","3,311.10","3,311.44","18,26,057","6,04,68,82,556.65","1,28,658","12,02,559","65.86"
"TCS","EQ","04-Jan-2023","3,311.35","3,306.70","3,327.35","3,286.20","3,313.10","3,314.65","3,306.45","12,31,668","4,07,24,43,029.75","76,844","7,78,260","63.19"
"TCS","EQ","03-Jan-2023","3,261.45","3,252.00","3,320.00","3,245.30","3,312.00","3,311.35","3,300.29","12,45,178","4,10,94,51,969.85","78,401","6,67,103","53.57"
"TCS","EQ","02-Jan-2023","3,256.70","3,261.00","3,266.85","3,235.20","3,263.00","3,261.45","3,254.07","7,09,547","2,30,89,12,232.40","51,003","3,31,817","46.76"