Index Name,Date,Close,sector_return
NIFTY AUTO,2019-01-01,9182.45,
NIFTY AUTO,2019-01-02,8902.65,-3.0471170548165394
NIFTY AUTO,2019-01-03,8767.35,-1.5197722026587535
NIFTY AUTO,2019-01-04,8809.35,0.479050112063506
NIFTY AUTO,2019-01-07,8820.0,0.12089427710331169
NIFTY AUTO,2019-01-08,8859.65,0.44954648526076557
NIFTY AUTO,2019-01-09,8907.1,0.5355742043986034
NIFTY AUTO,2019-01-10,8933.35,0.2947087155190875
NIFTY AUTO,2019-01-11,8862.35,-0.7947746366144814
NIFTY AUTO,2019-01-14,8849.7,-0.14273866412407576
NIFTY AUTO,2019-01-15,8888.4,0.43730295942234765
NIFTY AUTO,2019-01-16,8866.75,-0.24357589667430846
NIFTY AUTO,2019-01-17,8878.2,0.12913412467929763
NIFTY AUTO,2019-01-18,8844.8,-0.37620238336600886
NIFTY AUTO,2019-01-21,8746.85,-1.1074303545586028
NIFTY AUTO,2019-01-22,8675.15,-0.8197236719504786
NIFTY AUTO,2019-01-23,8612.25,-0.7250595090574796
NIFTY AUTO,2019-01-24,8537.25,-0.8708525646608067
NIFTY AUTO,2019-01-25,8259.8,-3.2498755454039685
NIFTY AUTO,2019-01-28,8143.0,-1.41407782270756
NIFTY AUTO,2019-01-29,8120.45,-0.27692496622866436
NIFTY AUTO,2019-01-30,8118.4,-0.025244906378341092
NIFTY AUTO,2019-01-31,8218.4,1.2317698068584848
NIFTY AUTO,2019-02-01,8441.25,2.7115983646451847
NIFTY AUTO,2019-02-04,8395.55,-0.5413890122908382
NIFTY AUTO,2019-02-05,8468.3,0.8665304834108545
NIFTY AUTO,2019-02-06,8567.4,1.170246684694698
NIFTY AUTO,2019-02-07,8736.7,1.9760954315194867
NIFTY AUTO,2019-02-08,8420.35,-3.620932388659337
NIFTY AUTO,2019-02-11,8320.3,-1.188192889844264
NIFTY AUTO,2019-02-12,8278.1,-0.5071932502433651
NIFTY AUTO,2019-02-13,8177.55,-1.214650704871889
NIFTY AUTO,2019-02-14,8223.35,0.56006994760045
NIFTY AUTO,2019-02-15,8132.55,-1.104172873585585
NIFTY AUTO,2019-02-18,8067.7,-0.797412865583369
NIFTY AUTO,2019-02-19,8073.4,0.0706521065483301
NIFTY AUTO,2019-02-20,8121.5,0.5957836846929521
NIFTY AUTO,2019-02-21,8156.75,0.43403312196022004
NIFTY AUTO,2019-02-22,8278.95,1.4981457075428306
NIFTY AUTO,2019-02-25,8371.45,1.1172914439633086
NIFTY AUTO,2019-02-26,8399.1,0.330289256938765
NIFTY AUTO,2019-02-27,8420.05,0.24943148670688586
NIFTY AUTO,2019-02-28,8355.15,-0.7707792709069405
NIFTY AUTO,2019-03-01,8413.65,0.7001669628911467
NIFTY AUTO,2019-03-05,8676.6,3.125278565188716
NIFTY AUTO,2019-03-06,8651.75,-0.2864025078948007
NIFTY AUTO,2019-03-07,8635.7,-0.18551160169907321
NIFTY AUTO,2019-03-08,8582.6,-0.6148893546556788
NIFTY AUTO,2019-03-11,8782.7,2.331461328734896
NIFTY AUTO,2019-03-12,8802.9,0.22999760893573917
NIFTY AUTO,2019-03-13,8767.55,-0.4015722091583518
NIFTY AUTO,2019-03-14,8725.5,-0.47960946900786894
NIFTY AUTO,2019-03-15,8748.05,0.258437911867504
NIFTY AUTO,2019-03-18,8627.05,-1.3831653911443142
NIFTY AUTO,2019-03-19,8567.05,-0.6954868697874761
NIFTY AUTO,2019-03-20,8445.1,-1.4234771595823426
NIFTY AUTO,2019-03-22,8336.6,-1.2847686824312365
NIFTY AUTO,2019-03-25,8238.55,-1.1761389535302258
NIFTY AUTO,2019-03-26,8287.25,0.5911234379836428
NIFTY AUTO,2019-03-27,8215.35,-0.8675978159220499
NIFTY AUTO,2019-03-28,8234.25,0.230057149117191
NIFTY AUTO,2019-03-29,8335.35,1.227798524455781
NIFTY AUTO,2019-04-01,8414.35,0.947770639505241
NIFTY AUTO,2019-04-02,8504.3,1.0690071128488743
NIFTY AUTO,2019-04-03,8480.65,-0.2780946109615101
NIFTY AUTO,2019-04-04,8536.35,0.6567892791236707
NIFTY AUTO,2019-04-05,8564.6,0.330937695853617
NIFTY AUTO,2019-04-08,8526.3,-0.44718959437686223
NIFTY AUTO,2019-04-09,8622.8,1.1317922193682994
NIFTY AUTO,2019-04-10,8644.5,0.2516583940251449
NIFTY AUTO,2019-04-11,8690.05,0.5269246341604417
NIFTY AUTO,2019-04-12,8777.45,1.0057479531188074
NIFTY AUTO,2019-04-15,8911.6,1.528348210471142
NIFTY AUTO,2019-04-16,8983.55,0.8073746577494489
NIFTY AUTO,2019-04-18,8972.65,-0.12133288065407921
NIFTY AUTO,2019-04-22,8813.9,-1.7692654901283356
NIFTY AUTO,2019-04-23,8682.9,-1.4862887030712812
NIFTY AUTO,2019-04-24,8646.05,-0.4243973787559474
NIFTY AUTO,2019-04-25,8587.9,-0.6725614587007933
NIFTY AUTO,2019-04-26,8493.8,-1.095727709917449
NIFTY AUTO,2019-04-30,8350.6,-1.6859356236313405
NIFTY AUTO,2019-05-02,8333.85,-0.200584389145686
NIFTY AUTO,2019-05-03,8381.45,0.5711645877955585
NIFTY AUTO,2019-05-06,8268.45,-1.3482154042558259
NIFTY AUTO,2019-05-07,8206.25,-0.7522570735748579
NIFTY AUTO,2019-05-08,8095.9,-1.3447067783701527
NIFTY AUTO,2019-05-09,8103.5,0.09387467730579413
NIFTY AUTO,2019-05-10,8093.2,-0.12710557166656367
NIFTY AUTO,2019-05-13,7938.65,-1.909627835713934
NIFTY AUTO,2019-05-14,7955.5,0.2122527129927665
NIFTY AUTO,2019-05-15,7856.85,-1.2400226258563185
NIFTY AUTO,2019-05-16,7891.9,0.44610753673544057
NIFTY AUTO,2019-05-17,8085.75,2.456315969538392
NIFTY AUTO,2019-05-20,8422.1,4.15978728009152
NIFTY AUTO,2019-05-21,8209.45,-2.524904714976073
NIFTY AUTO,2019-05-22,8246.55,0.45191821620205186
NIFTY AUTO,2019-05-23,8216.9,-0.3595442942806337
NIFTY AUTO,2019-05-24,8460.25,2.961579184363927
NIFTY AUTO,2019-05-27,8462.2,0.0230489642741194
NIFTY AUTO,2019-05-28,8398.2,-0.7563045071021679
NIFTY AUTO,2019-05-29,8281.9,-1.3848205567859928
NIFTY AUTO,2019-05-30,8235.7,-0.557843007039438
NIFTY AUTO,2019-05-31,8175.5,-0.7309639739184415
NIFTY AUTO,2019-06-03,8328.2,1.867775671212768
NIFTY AUTO,2019-06-04,8300.2,-0.33620710357580297
NIFTY AUTO,2019-06-06,8226.45,-0.8885328064384024
NIFTY AUTO,2019-06-07,8192.0,-0.4187711588838572
NIFTY AUTO,2019-06-10,8216.65,0.30090332031249556
NIFTY AUTO,2019-06-11,8240.25,0.2872216779344461
NIFTY AUTO,2019-06-12,8146.95,-1.1322472012378237
NIFTY AUTO,2019-06-13,8116.95,-0.36823596560675576
NIFTY AUTO,2019-06-14,8031.6,-1.0515033356125025
NIFTY AUTO,2019-06-17,7896.1,-1.6870860102594754
NIFTY AUTO,2019-06-18,7859.35,-0.46541963754258564
NIFTY AUTO,2019-06-19,7772.2,-1.108870326426492
NIFTY AUTO,2019-06-20,7965.45,2.486425979774065
NIFTY AUTO,2019-06-21,7868.25,-1.220270041240601
NIFTY AUTO,2019-06-24,7832.3,-0.45689956470625903
NIFTY AUTO,2019-06-25,7878.25,0.5866731356051202
NIFTY AUTO,2019-06-26,7883.55,0.06727382350142364
NIFTY AUTO,2019-06-27,7971.45,1.1149799265559146
NIFTY AUTO,2019-06-28,7928.05,-0.544442980888038
NIFTY AUTO,2019-07-01,8029.15,1.2752190008892494
NIFTY AUTO,2019-07-02,8045.65,0.20550120498434854
NIFTY AUTO,2019-07-03,8039.5,-0.07643882097778665
NIFTY AUTO,2019-07-04,8077.2,0.468934635238516
NIFTY AUTO,2019-07-05,7849.1,-2.823998415292417
NIFTY AUTO,2019-07-08,7593.3,-3.25897236625855
NIFTY AUTO,2019-07-09,7593.3,0.0
NIFTY AUTO,2019-07-10,7511.15,-1.0818748106883769
NIFTY AUTO,2019-07-11,7650.95,1.8612329669890793
NIFTY AUTO,2019-07-12,7653.65,0.03528973526163437
NIFTY AUTO,2019-07-15,7674.25,0.2691526265246047
NIFTY AUTO,2019-07-16,7727.1,0.6886666449490209
NIFTY AUTO,2019-07-17,7648.15,-1.0217287209949522
NIFTY AUTO,2019-07-18,7438.7,-2.7385707654792313
NIFTY AUTO,2019-07-19,7192.75,-3.306357293613127
NIFTY AUTO,2019-07-22,7220.25,0.3823294289388546
NIFTY AUTO,2019-07-23,7176.65,-0.6038572071604187
NIFTY AUTO,2019-07-24,7036.7,-1.9500741989646908
NIFTY AUTO,2019-07-25,7010.55,-0.3716230619466465
NIFTY AUTO,2019-07-26,7161.5,2.1531834164223884
NIFTY AUTO,2019-07-29,6905.7,-3.5718773999860343
NIFTY AUTO,2019-07-30,6763.75,-2.0555483151599385
NIFTY AUTO,2019-07-31,6851.65,1.2995749399371537
NIFTY AUTO,2019-08-01,6856.1,0.06494785927477764
NIFTY AUTO,2019-08-02,6933.75,1.1325680780618574
NIFTY AUTO,2019-08-05,6844.6,-1.2857400396610763
NIFTY AUTO,2019-08-06,6942.45,1.4295941326008643
NIFTY AUTO,2019-08-07,6792.6,-2.15845990968605
NIFTY AUTO,2019-08-08,6998.45,3.030503783529137
NIFTY AUTO,2019-08-09,7137.4,1.9854396330616142
NIFTY AUTO,2019-08-13,6855.75,-3.94611483173144
NIFTY AUTO,2019-08-14,6919.05,0.923312547861288
NIFTY AUTO,2019-08-16,6998.45,1.1475563841856884
NIFTY AUTO,2019-08-19,6959.15,-0.561552915288388
NIFTY AUTO,2019-08-20,7040.5,1.1689646005618615
NIFTY AUTO,2019-08-21,7001.85,-0.5489666927064762
NIFTY AUTO,2019-08-22,6882.1,-1.710262287823927
NIFTY AUTO,2019-08-23,6988.35,1.5438601589631062
NIFTY AUTO,2019-08-26,7022.75,0.4922478124306906
NIFTY AUTO,2019-08-27,7152.95,1.8539745826065213
NIFTY AUTO,2019-08-28,7018.55,-1.8789450506434324
NIFTY AUTO,2019-08-29,6970.15,-0.689601128438222
NIFTY AUTO,2019-08-30,7009.3,0.561680882047022
NIFTY AUTO,2019-09-03,6897.75,-1.5914570641861525
NIFTY AUTO,2019-09-04,6782.05,-1.6773585589503814
NIFTY AUTO,2019-09-05,6921.75,2.0598491606520053
NIFTY AUTO,2019-09-06,7102.45,2.61061147831112
NIFTY AUTO,2019-09-09,7165.35,0.8856098951770308
NIFTY AUTO,2019-09-11,7423.6,3.604150529981087
NIFTY AUTO,2019-09-12,7284.0,-1.8804892504984183
NIFTY AUTO,2019-09-13,7360.6,1.0516199890170386
NIFTY AUTO,2019-09-16,7300.65,-0.8144716463331925
NIFTY AUTO,2019-09-17,7020.75,-3.8339052002218987
NIFTY AUTO,2019-09-18,7012.1,-0.12320621016272959
NIFTY AUTO,2019-09-19,6920.6,-1.304887266296828
NIFTY AUTO,2019-09-20,7605.85,9.901598127330002
NIFTY AUTO,2019-09-23,7802.65,2.5874820039837765
NIFTY AUTO,2019-09-24,7773.25,-0.3767950632156958
NIFTY AUTO,2019-09-25,7470.45,-3.895410542565858
NIFTY AUTO,2019-09-26,7659.75,2.5339838965524164
NIFTY AUTO,2019-09-27,7554.25,-1.3773295473089808
NIFTY AUTO,2019-09-30,7493.15,-0.8088162292749113
NIFTY AUTO,2019-10-01,7464.1,-0.3876874211779957
NIFTY AUTO,2019-10-03,7493.75,0.3972347637357432
NIFTY AUTO,2019-10-04,7404.9,-1.1856547122602201
NIFTY AUTO,2019-10-07,7355.45,-0.6678010506556475
NIFTY AUTO,2019-10-09,7460.75,1.431591540966215
NIFTY AUTO,2019-10-10,7359.65,-1.3550916462822138
NIFTY AUTO,2019-10-11,7397.05,0.5081763399074735
NIFTY AUTO,2019-10-14,7520.35,1.6668807159611054
NIFTY AUTO,2019-10-15,7688.25,2.2326088546410716
NIFTY AUTO,2019-10-16,7673.8,-0.18794914317301625
NIFTY AUTO,2019-10-17,7914.0,3.130131095415578
NIFTY AUTO,2019-10-18,7964.75,0.6412686378569621
NIFTY AUTO,2019-10-22,7936.65,-0.35280454502653047
NIFTY AUTO,2019-10-23,8036.6,1.2593474576805264
NIFTY AUTO,2019-10-24,8012.4,-0.30112236517931823
NIFTY AUTO,2019-10-25,7986.35,-0.3251210623533396
NIFTY AUTO,2019-10-27,8102.0,1.4480958134817534
NIFTY AUTO,2019-10-29,8449.75,4.292150086398427
NIFTY AUTO,2019-10-30,8428.9,-0.24675286251072404
NIFTY AUTO,2019-10-31,8449.5,0.24439725231051312
NIFTY AUTO,2019-11-01,8392.9,-0.6698621220190604
NIFTY AUTO,2019-11-04,8280.35,-1.341014428862486
NIFTY AUTO,2019-11-05,8256.15,-0.2922581774925104
NIFTY AUTO,2019-11-06,8258.85,0.03270289420613803
NIFTY AUTO,2019-11-07,8239.9,-0.22945083153224077
NIFTY AUTO,2019-11-08,8169.65,-0.8525588902777992
NIFTY AUTO,2019-11-11,8159.0,-0.13036054176126521
NIFTY AUTO,2019-11-13,8150.2,-0.10785635494545698
NIFTY AUTO,2019-11-14,8190.9,0.49937424848469636
NIFTY AUTO,2019-11-15,8153.9,-0.45172081212077053
NIFTY AUTO,2019-11-18,8119.0,-0.4280160414035006
NIFTY AUTO,2019-11-19,8063.95,-0.6780391673851471
NIFTY AUTO,2019-11-20,8083.8,0.2461572802410883
NIFTY AUTO,2019-11-21,8004.65,-0.979118731289752
NIFTY AUTO,2019-11-22,8034.95,0.378529979449449
NIFTY AUTO,2019-11-25,8174.75,1.7398988170430396
NIFTY AUTO,2019-11-26,8099.9,-0.9156243310193046
NIFTY AUTO,2019-11-27,8202.85,1.271003345720323
NIFTY AUTO,2019-11-28,8179.75,-0.2816094406212555
NIFTY AUTO,2019-11-29,8086.0,-1.1461230477704087
NIFTY AUTO,2019-12-02,8012.75,-0.9058867177838215
NIFTY AUTO,2019-12-03,7964.25,-0.6052853265108737
NIFTY AUTO,2019-12-04,7996.55,0.40556235678186336
NIFTY AUTO,2019-12-05,7941.8,-0.684670264051368
NIFTY AUTO,2019-12-06,7806.6,-1.702384849782168
NIFTY AUTO,2019-12-09,7863.3,0.7263085081853804
NIFTY AUTO,2019-12-10,7801.35,-0.7878371676013907
NIFTY AUTO,2019-12-11,7838.4,0.4749178026879797
NIFTY AUTO,2019-12-12,7941.7,1.3178709940804278
NIFTY AUTO,2019-12-13,8069.7,1.6117455960310778
NIFTY AUTO,2019-12-16,7990.8,-0.9777315141826781
NIFTY AUTO,2019-12-17,8039.9,0.6144566251188754
NIFTY AUTO,2019-12-18,8082.35,0.5279916416870867
NIFTY AUTO,2019-12-19,8165.5,1.0287849449726938
NIFTY AUTO,2019-12-20,8133.55,-0.3912803869940529
NIFTY AUTO,2019-12-23,8180.5,0.5772387210996488
NIFTY AUTO,2019-12-24,8152.6,-0.3410549477415814
NIFTY AUTO,2019-12-26,8129.65,-0.28150528665702446
NIFTY AUTO,2019-12-27,8205.9,0.9379247569083482
NIFTY AUTO,2019-12-30,8325.4,1.4562692696718171
NIFTY AUTO,2019-12-31,8248.3,-0.9260816297114949
NIFTY AUTO,2020-01-01,8210.1,-0.46312573499992515
NIFTY AUTO,2020-01-02,8267.45,0.6985298595632239
NIFTY AUTO,2020-01-03,8168.15,-1.2010958639000036
NIFTY AUTO,2020-01-06,7978.75,-2.318762510482786
NIFTY AUTO,2020-01-07,8002.5,0.2976656744477557
NIFTY AUTO,2020-01-08,7942.75,-0.7466416744767224
NIFTY AUTO,2020-01-09,8155.25,2.6753958012023515
NIFTY AUTO,2020-01-10,8225.5,0.8614082952699276
NIFTY AUTO,2020-01-13,8235.85,0.1258282171296532
NIFTY AUTO,2020-01-14,8289.3,0.6489919073319639
NIFTY AUTO,2020-01-15,8385.35,1.1587226906976555
NIFTY AUTO,2020-01-16,8395.9,0.12581466486192294
NIFTY AUTO,2020-01-17,8427.6,0.3775652401767582
NIFTY AUTO,2020-01-20,8352.7,-0.8887464995965599
NIFTY AUTO,2020-01-21,8245.9,-1.2786284674416781
NIFTY AUTO,2020-01-22,8169.15,-0.9307655925975378
NIFTY AUTO,2020-01-23,8241.75,0.8887093516461331
NIFTY AUTO,2020-01-24,8274.85,0.40161373494707053
NIFTY AUTO,2020-01-27,8258.15,-0.20181634712412855
NIFTY AUTO,2020-01-28,8156.05,-1.2363543893002649
NIFTY AUTO,2020-01-29,8220.4,0.7889848639966557
NIFTY AUTO,2020-01-30,8181.45,-0.4738212252445084
NIFTY AUTO,2020-01-31,8086.55,-1.1599410862377701
NIFTY AUTO,2020-02-01,7880.3,-2.550531438005077
NIFTY AUTO,2020-02-03,7988.35,1.3711406926132375
NIFTY AUTO,2020-02-04,8100.8,1.4076749266118682
NIFTY AUTO,2020-02-05,8131.7,0.3814438080189664
NIFTY AUTO,2020-02-06,8142.15,0.12850941377571257
NIFTY AUTO,2020-02-07,8064.6,-0.9524511339142561
NIFTY AUTO,2020-02-10,7860.55,-2.530193685985671
NIFTY AUTO,2020-02-11,7892.4,0.4051879321421481
NIFTY AUTO,2020-02-12,7933.8,0.524555268359439
NIFTY AUTO,2020-02-13,7914.9,-0.23822128110111418
NIFTY AUTO,2020-02-14,7822.2,-1.1712087328961784
NIFTY AUTO,2020-02-17,7770.5,-0.6609393776686789
NIFTY AUTO,2020-02-18,7692.3,-1.0063702464448876
NIFTY AUTO,2020-02-19,7687.35,-0.06435006435006052
NIFTY AUTO,2020-02-20,7697.9,0.137238450181143
NIFTY AUTO,2020-02-24,7429.1,-3.4918614167500084
NIFTY AUTO,2020-02-25,7366.0,-0.8493626415043587
NIFTY AUTO,2020-02-26,7207.95,-2.145669291338581
NIFTY AUTO,2020-02-27,7178.85,-0.4037208915156132
NIFTY AUTO,2020-02-28,6903.95,-3.8293041364564018
NIFTY AUTO,2020-03-02,6856.9,-0.6814939273893983
NIFTY AUTO,2020-03-03,6986.65,1.8922545173474914
NIFTY AUTO,2020-03-04,6938.85,-0.684161937409189
NIFTY AUTO,2020-03-05,6953.75,0.21473298889584935
NIFTY AUTO,2020-03-06,6895.0,-0.8448678770447637
NIFTY AUTO,2020-03-09,6632.15,-3.812182741116754
NIFTY AUTO,2020-03-11,6568.45,-0.9604728481714009
NIFTY AUTO,2020-03-12,6033.4,-8.145757370460306
NIFTY AUTO,2020-03-13,6182.0,2.462956210428624
NIFTY AUTO,2020-03-16,5843.7,-5.472339048851504
NIFTY AUTO,2020-03-17,5803.85,-0.6819309683933072
NIFTY AUTO,2020-03-18,5516.5,-4.951023889314854
NIFTY AUTO,2020-03-19,5180.5,-6.090818453729718
NIFTY AUTO,2020-03-20,5370.15,3.6608435479200674
NIFTY AUTO,2020-03-23,4626.5,-13.847844101188977
NIFTY AUTO,2020-03-24,4693.35,1.4449367772614297
NIFTY AUTO,2020-03-25,4936.15,5.173277083533079
NIFTY AUTO,2020-03-26,5061.3,2.5353767612410705
NIFTY AUTO,2020-03-27,4938.7,-2.422302570485846
NIFTY AUTO,2020-03-30,4669.15,-5.457914025958255
NIFTY AUTO,2020-03-31,4731.3,1.3310773909598117
NIFTY AUTO,2020-04-01,4657.55,-1.5587682032422334
NIFTY AUTO,2020-04-03,4517.75,-3.00157808289766
NIFTY AUTO,2020-04-07,4951.55,9.602124951579881
NIFTY AUTO,2020-04-08,5043.6,1.859013844149815
NIFTY AUTO,2020-04-09,5568.45,10.406257435165344
NIFTY AUTO,2020-04-13,5432.1,-2.4486167604988673
NIFTY AUTO,2020-04-15,5333.0,-1.8243404944680797
NIFTY AUTO,2020-04-16,5394.15,1.146634164635274
NIFTY AUTO,2020-04-17,5668.9,5.093480900605285
NIFTY AUTO,2020-04-20,5591.0,-1.3741642999523629
NIFTY AUTO,2020-04-21,5294.05,-5.311214451797531
NIFTY AUTO,2020-04-22,5426.85,2.5084764971996965
NIFTY AUTO,2020-04-23,5464.75,0.6983793545058292
NIFTY AUTO,2020-04-24,5377.25,-1.601171142321245
NIFTY AUTO,2020-04-27,5433.2,1.0404946766469747
NIFTY AUTO,2020-04-28,5447.1,0.25583449900612454
NIFTY AUTO,2020-04-29,5543.75,1.7743386389087679
NIFTY AUTO,2020-04-30,5901.4,6.451409244644868
NIFTY AUTO,2020-05-04,5476.2,-7.205069983393764
NIFTY AUTO,2020-05-05,5451.9,-0.44373835871590606
NIFTY AUTO,2020-05-06,5552.4,1.8433940461123566
NIFTY AUTO,2020-05-07,5519.0,-0.6015416756717795
NIFTY AUTO,2020-05-08,5447.75,-1.2909947454249004
NIFTY AUTO,2020-05-11,5679.7,4.257721077509058
NIFTY AUTO,2020-05-12,5708.95,0.5149919890135024
NIFTY AUTO,2020-05-13,5844.6,2.376093677471358
NIFTY AUTO,2020-05-14,5804.05,-0.6938028265407459
NIFTY AUTO,2020-05-15,5745.7,-1.0053324833521504
NIFTY AUTO,2020-05-18,5430.05,-5.493673529770082
NIFTY AUTO,2020-05-19,5486.15,1.0331396580141927
NIFTY AUTO,2020-05-20,5603.8,2.1444911276578438
NIFTY AUTO,2020-05-21,5749.9,2.6071594275313137
NIFTY AUTO,2020-05-22,5767.0,0.2973964764604764
NIFTY AUTO,2020-05-26,5854.3,1.5137853303277327
NIFTY AUTO,2020-05-27,5896.95,0.7285243325418911
NIFTY AUTO,2020-05-28,6112.3,3.6518878403242416
NIFTY AUTO,2020-05-29,6218.8,1.7423882990036388
NIFTY AUTO,2020-06-01,6419.5,3.22731073519007
NIFTY AUTO,2020-06-02,6471.3,0.8069164265129602
NIFTY AUTO,2020-06-03,6498.65,0.42263532829569517
NIFTY AUTO,2020-06-04,6511.35,0.19542520369615346
NIFTY AUTO,2020-06-05,6628.75,1.8030055211284868
NIFTY AUTO,2020-06-08,6610.55,-0.27456156892324834
NIFTY AUTO,2020-06-09,6577.7,-0.4969329329632233
NIFTY AUTO,2020-06-10,6502.65,-1.1409763291119979
NIFTY AUTO,2020-06-11,6373.6,-1.9845755192113845
NIFTY AUTO,2020-06-12,6559.4,2.9151499937241088
NIFTY AUTO,2020-06-15,6443.0,-1.7745525505381554
NIFTY AUTO,2020-06-16,6451.05,0.12494179729940491
NIFTY AUTO,2020-06-17,6503.5,0.8130459382581057
NIFTY AUTO,2020-06-18,6535.9,0.498193280541237
NIFTY AUTO,2020-06-19,6634.5,1.5085910127143887
NIFTY AUTO,2020-06-22,6729.1,1.425879870374569
NIFTY AUTO,2020-06-23,6789.2,0.8931357833885656
NIFTY AUTO,2020-06-24,6742.8,-0.6834384021681461
NIFTY AUTO,2020-06-25,6737.85,-0.07341163908168857
NIFTY AUTO,2020-06-26,6731.45,-0.09498578923544665
NIFTY AUTO,2020-06-29,6645.85,-1.2716428109842526
NIFTY AUTO,2020-06-30,6719.15,1.1029439424603105
NIFTY AUTO,2020-07-01,6718.6,-0.00818555918530306
NIFTY AUTO,2020-07-02,6907.1,2.805644032983068
NIFTY AUTO,2020-07-03,6971.05,0.9258588988142691
NIFTY AUTO,2020-07-06,7171.75,2.879049784465759
NIFTY AUTO,2020-07-07,7199.55,0.3876320284449397
NIFTY AUTO,2020-07-08,7059.35,-1.9473439312179153
NIFTY AUTO,2020-07-09,7085.6,0.37184726639138965
NIFTY AUTO,2020-07-10,7041.1,-0.6280343231342411
NIFTY AUTO,2020-07-13,7084.45,0.6156708468847194
NIFTY AUTO,2020-07-14,6916.0,-2.3777428028993075
NIFTY AUTO,2020-07-15,6931.05,0.21761133603239724
NIFTY AUTO,2020-07-16,7015.9,1.224201239350453
NIFTY AUTO,2020-07-17,7137.3,1.730355335737399
NIFTY AUTO,2020-07-20,7175.85,0.5401202135261185
NIFTY AUTO,2020-07-21,7295.75,1.6708821951406438
NIFTY AUTO,2020-07-22,7203.95,-1.2582667991638985
NIFTY AUTO,2020-07-23,7301.05,1.3478716537455249
NIFTY AUTO,2020-07-24,7218.65,-1.128604789722032
NIFTY AUTO,2020-07-27,7186.45,-0.4460667853407485
NIFTY AUTO,2020-07-28,7416.9,3.206729330893565
NIFTY AUTO,2020-07-29,7330.25,-1.168277851932742
NIFTY AUTO,2020-07-30,7287.85,-0.5784250196105178
NIFTY AUTO,2020-07-31,7279.75,-0.11114389017337079
NIFTY AUTO,2020-08-03,7240.25,-0.5426010508602586
NIFTY AUTO,2020-08-04,7353.95,1.570387762853498
NIFTY AUTO,2020-08-05,7489.1,1.8377878555062344
NIFTY AUTO,2020-08-06,7498.25,0.12217756472738817
NIFTY AUTO,2020-08-07,7554.45,0.7495082185843271
NIFTY AUTO,2020-08-10,7621.3,0.884908894757408
NIFTY AUTO,2020-08-11,7630.35,0.11874614567068953
NIFTY AUTO,2020-08-12,7785.05,2.027429934406677
NIFTY AUTO,2020-08-13,7879.75,1.216434062722782
NIFTY AUTO,2020-08-14,7677.65,-2.5648021828103773
NIFTY AUTO,2020-08-17,7865.55,2.447363451055984
NIFTY AUTO,2020-08-18,7941.85,0.9700529524317991
NIFTY AUTO,2020-08-19,7941.35,-0.006295762322383602
NIFTY AUTO,2020-08-20,7911.6,-0.3746214434573458
NIFTY AUTO,2020-08-21,7934.7,0.291976338540878
NIFTY AUTO,2020-08-24,7948.4,0.17265933179577697
NIFTY AUTO,2020-08-25,7983.6,0.4428564239343791
NIFTY AUTO,2020-08-26,8100.5,1.464251716017828
NIFTY AUTO,2020-08-27,8183.0,1.0184556508857412
NIFTY AUTO,2020-08-28,8111.85,-0.869485518758395
NIFTY AUTO,2020-08-31,7840.35,-3.346955380092087
NIFTY AUTO,2020-09-01,7885.95,0.58160668847691
NIFTY AUTO,2020-09-02,7976.95,1.1539510141454157
NIFTY AUTO,2020-09-03,8049.55,0.9101222898476369
NIFTY AUTO,2020-09-04,7996.55,-0.6584218993608393
NIFTY AUTO,2020-09-07,7957.85,-0.4839587071924778
NIFTY AUTO,2020-09-08,7888.0,-0.877749643433845
NIFTY AUTO,2020-09-09,7903.1,0.19143002028398914
NIFTY AUTO,2020-09-10,7945.0,0.5301717047740739
NIFTY AUTO,2020-09-11,7956.8,0.1485210824417882
NIFTY AUTO,2020-09-14,8035.35,0.9872059119244048
NIFTY AUTO,2020-09-15,8033.5,-0.02302326594361137
NIFTY AUTO,2020-09-16,8156.2,1.5273542042696153
NIFTY AUTO,2020-09-17,8128.65,-0.33777984845884124
NIFTY AUTO,2020-09-18,8161.7,0.40658657956733624
NIFTY AUTO,2020-09-21,7832.2,-4.037149123344397
NIFTY AUTO,2020-09-22,7695.25,-1.748550854166131
NIFTY AUTO,2020-09-23,7690.9,-0.0565283778954595
NIFTY AUTO,2020-09-24,7418.85,-3.5372973254105378
NIFTY AUTO,2020-09-25,7669.5,3.378555975656594
NIFTY AUTO,2020-09-28,7902.55,3.038659625790463
NIFTY AUTO,2020-09-29,7925.2,0.2866163453568715
NIFTY AUTO,2020-09-30,7908.1,-0.21576742542773752
NIFTY AUTO,2020-10-01,7966.1,0.7334252222404913
NIFTY AUTO,2020-10-05,7957.95,-0.10230853240608129
NIFTY AUTO,2020-10-06,8058.1,1.2584899377352299
NIFTY AUTO,2020-10-07,8170.05,1.3892853153969265
NIFTY AUTO,2020-10-08,8183.7,0.16707364092019006
NIFTY AUTO,2020-10-09,8163.5,-0.24683211750186063
NIFTY AUTO,2020-10-12,8102.5,-0.7472285171801318
NIFTY AUTO,2020-10-13,8052.85,-0.6127738352360357
NIFTY AUTO,2020-10-14,8031.05,-0.2707116114170738
NIFTY AUTO,2020-10-15,7935.35,-1.1916250054476052
NIFTY AUTO,2020-10-16,7959.45,0.30370431045889656
NIFTY AUTO,2020-10-19,7870.35,-1.1194240808095945
NIFTY AUTO,2020-10-20,7896.7,0.33480086654340546
NIFTY AUTO,2020-10-21,7878.05,-0.23617460458165151
NIFTY AUTO,2020-10-22,7864.15,-0.17643960117035284
NIFTY AUTO,2020-10-23,8094.6,2.930386627925463
NIFTY AUTO,2020-10-26,7833.65,-3.223754107676735
NIFTY AUTO,2020-10-27,7930.65,1.2382478155138488
NIFTY AUTO,2020-10-28,7922.75,-0.09961352474260332
NIFTY AUTO,2020-10-29,7846.75,-0.9592628822063021
NIFTY AUTO,2020-10-30,7758.4,-1.125943862108525
NIFTY AUTO,2020-11-02,7732.25,-0.33705403175912085
NIFTY AUTO,2020-11-03,7848.85,1.5079698664683727
NIFTY AUTO,2020-11-04,7901.75,0.6739840868407398
NIFTY AUTO,2020-11-05,7995.5,1.1864460404340749
NIFTY AUTO,2020-11-06,8006.1,0.13257457319741928
NIFTY AUTO,2020-11-09,8067.65,0.7687887985410979
NIFTY AUTO,2020-11-10,8127.25,0.7387529206150489
NIFTY AUTO,2020-11-11,8255.2,1.574333261558336
NIFTY AUTO,2020-11-12,8284.05,0.34947669347802357
NIFTY AUTO,2020-11-13,8308.9,0.2999740465110756
NIFTY AUTO,2020-11-14,8344.75,0.43146505554285675
NIFTY AUTO,2020-11-17,8425.55,0.968273465352465
NIFTY AUTO,2020-11-18,8686.6,3.098314056649132
NIFTY AUTO,2020-11-19,8628.3,-0.6711486657610677
NIFTY AUTO,2020-11-20,8684.75,0.6542424347785847
NIFTY AUTO,2020-11-23,8738.6,0.6200523906848332
NIFTY AUTO,2020-11-24,8887.95,1.70908383493924
NIFTY AUTO,2020-11-25,8738.45,-1.6820526668129276
NIFTY AUTO,2020-11-26,8767.75,0.3352997385119627
NIFTY AUTO,2020-11-27,8891.6,1.4125630863106364
NIFTY AUTO,2020-12-01,8987.15,1.0746097440280655
NIFTY AUTO,2020-12-02,9093.7,1.1855816360025306
NIFTY AUTO,2020-12-03,9245.3,1.6670882039213852
NIFTY AUTO,2020-12-04,9302.2,0.6154478491774418
NIFTY AUTO,2020-12-07,9311.1,0.09567629162994251
NIFTY AUTO,2020-12-08,9297.85,-0.14230327243827112
NIFTY AUTO,2020-12-09,9293.3,-0.04893604435435295
NIFTY AUTO,2020-12-10,9200.85,-0.9948027073267696
NIFTY AUTO,2020-12-11,9188.95,-0.1293358765766195
NIFTY AUTO,2020-12-14,9093.1,-1.0431006807088972
NIFTY AUTO,2020-12-15,9149.75,0.6229998570344453
NIFTY AUTO,2020-12-16,9239.1,0.9765294133719626
NIFTY AUTO,2020-12-17,9185.2,-0.5833901570499234
NIFTY AUTO,2020-12-18,9168.65,-0.18018116099813852
NIFTY AUTO,2020-12-21,8745.0,-4.62063662589367
NIFTY AUTO,2020-12-22,8818.6,0.8416237850200181
NIFTY AUTO,2020-12-23,8935.95,1.3307100900369795
NIFTY AUTO,2020-12-24,8978.05,0.4711306576245189
NIFTY AUTO,2020-12-28,9066.85,0.9890789202555261
NIFTY AUTO,2020-12-29,9043.9,-0.2531198817671054
NIFTY AUTO,2020-12-30,9164.8,1.336812658255826
NIFTY AUTO,2020-12-31,9193.5,0.31315467877095493
NIFTY AUTO,2021-01-01,9272.5,0.8593027682601839
NIFTY AUTO,2021-01-04,9417.95,1.5686168778646703
NIFTY AUTO,2021-01-05,9416.05,-0.020174241740522625
NIFTY AUTO,2021-01-06,9379.55,-0.3876360044817062
NIFTY AUTO,2021-01-07,9429.65,0.5341407636827
NIFTY AUTO,2021-01-08,9741.25,3.3044704734534136
NIFTY AUTO,2021-01-11,9995.6,2.6110612087771212
NIFTY AUTO,2021-01-12,10119.85,1.2430469406538913
NIFTY AUTO,2021-01-13,10208.55,0.8764952049684416
NIFTY AUTO,2021-01-14,10238.3,0.2914223861371079
NIFTY AUTO,2021-01-15,10178.3,-0.5860347909320884
NIFTY AUTO,2021-01-18,9961.1,-2.133951642219223
NIFTY AUTO,2021-01-19,10136.8,1.7638614209273928
NIFTY AUTO,2021-01-20,10369.25,2.2931299818483186
NIFTY AUTO,2021-01-21,10367.75,-0.014465848542566384
NIFTY AUTO,2021-01-22,10515.85,1.4284680861324839
NIFTY AUTO,2021-01-25,10433.5,-0.7831036007550529
NIFTY AUTO,2021-01-27,10210.25,-2.139742176642545
NIFTY AUTO,2021-01-28,10105.6,-1.0249504174726365
NIFTY AUTO,2021-01-29,9813.15,-2.893939993666883
NIFTY AUTO,2021-02-01,10227.95,4.226981142650432
NIFTY AUTO,2021-02-02,10638.6,4.014978563641791
NIFTY AUTO,2021-02-03,10749.15,1.0391404884101174
NIFTY AUTO,2021-02-04,10867.1,1.0972960652702923
NIFTY AUTO,2021-02-05,10723.95,-1.3172787588224932
NIFTY AUTO,2021-02-08,11061.15,3.1443637838669325
NIFTY AUTO,2021-02-09,10907.6,-1.3881920053520624
NIFTY AUTO,2021-02-10,11010.85,0.9465877003190348
NIFTY AUTO,2021-02-11,10965.25,-0.4141369649028004
NIFTY AUTO,2021-02-12,10912.25,-0.4833451129705235
NIFTY AUTO,2021-02-15,10956.05,0.40138376595111325
NIFTY AUTO,2021-02-16,10944.9,-0.10177025479073398
NIFTY AUTO,2021-02-17,10975.45,0.2791254374183483
NIFTY AUTO,2021-02-18,10827.0,-1.3525641317668091
NIFTY AUTO,2021-02-19,10540.35,-2.6475477971737327
NIFTY AUTO,2021-02-22,10300.0,-2.2802848102767004
NIFTY AUTO,2021-02-23,10379.55,0.7723300970873703
NIFTY AUTO,2021-02-24,10405.5,0.2500108386201738
NIFTY AUTO,2021-02-25,10497.95,0.8884724424583323
NIFTY AUTO,2021-02-26,10169.9,-3.124895812992068
NIFTY AUTO,2021-03-01,10411.8,2.3785877933902855
NIFTY AUTO,2021-03-02,10744.05,3.1910908776580316
NIFTY AUTO,2021-03-03,10673.1,-0.6603655046281354
NIFTY AUTO,2021-03-04,10625.75,-0.44363868042087695
NIFTY AUTO,2021-03-05,10524.4,-0.9538150248217803
NIFTY AUTO,2021-03-08,10507.35,-0.16200448481622498
NIFTY AUTO,2021-03-09,10464.25,-0.41018905813550166
NIFTY AUTO,2021-03-10,10559.3,0.9083307451561273
NIFTY AUTO,2021-03-12,10383.9,-1.661094958946141
NIFTY AUTO,2021-03-15,10335.1,-0.4699583008310859
NIFTY AUTO,2021-03-16,10350.8,0.15190951224466342
NIFTY AUTO,2021-03-17,10159.1,-1.8520307609073638
NIFTY AUTO,2021-03-18,10143.95,-0.14912738333119346
NIFTY AUTO,2021-03-19,10186.5,0.41946184671650677
NIFTY AUTO,2021-03-22,10140.45,-0.45206891474008914
NIFTY AUTO,2021-03-23,10187.65,0.4654625780907029
NIFTY AUTO,2021-03-24,9925.25,-2.575667597532305
NIFTY AUTO,2021-03-25,9651.35,-2.7596282209516043
NIFTY AUTO,2021-03-26,9771.5,1.2449035627140281
NIFTY AUTO,2021-03-30,9865.0,0.9568643504068053
NIFTY AUTO,2021-03-31,9862.45,-0.025848960973129387
NIFTY AUTO,2021-04-01,10022.6,1.6238358622857385
NIFTY AUTO,2021-04-05,9768.05,-2.5397601420789173
NIFTY AUTO,2021-04-06,9781.35,0.13615818919847644
NIFTY AUTO,2021-04-07,9937.0,1.5912936353366325
NIFTY AUTO,2021-04-08,9959.35,0.22491697695481427
NIFTY AUTO,2021-04-09,9922.95,-0.36548569936792896
NIFTY AUTO,2021-04-12,9415.65,-5.112390972442682
NIFTY AUTO,2021-04-13,9818.3,4.276390902380611
NIFTY AUTO,2021-04-15,9691.45,-1.291975189187522
NIFTY AUTO,2021-04-16,9808.95,1.212408875864801
NIFTY AUTO,2021-04-19,9532.15,-2.821912641006441
NIFTY AUTO,2021-04-20,9630.7,1.0338695887077032
NIFTY AUTO,2021-04-22,9644.55,0.14381093793802702
NIFTY AUTO,2021-04-23,9596.95,-0.49354298541661734
NIFTY AUTO,2021-04-26,9641.45,0.4636889845211156
NIFTY AUTO,2021-04-27,9708.2,0.6923232501335308
NIFTY AUTO,2021-04-28,9871.5,1.6820831874085673
NIFTY AUTO,2021-04-29,9773.7,-0.9907308919616997
NIFTY AUTO,2021-04-30,9640.85,-1.3592600550456857
NIFTY AUTO,2021-05-03,9662.95,0.22923289958873827
NIFTY AUTO,2021-05-04,9577.7,-0.8822357561614202
NIFTY AUTO,2021-05-05,9643.05,0.6823141255207332
NIFTY AUTO,2021-05-06,9815.1,1.7841865384914612
NIFTY AUTO,2021-05-07,9819.45,0.04431946694378741
NIFTY AUTO,2021-05-10,9973.05,1.5642423964682184
NIFTY AUTO,2021-05-11,9995.1,0.22109585332472648
NIFTY AUTO,2021-05-12,10013.65,0.1855909395603872
NIFTY AUTO,2021-05-14,9810.45,-2.0292301009122493
NIFTY AUTO,2021-05-17,10001.7,1.9494518600064126
NIFTY AUTO,2021-05-18,10324.0,3.2224521831288655
NIFTY AUTO,2021-05-19,10249.1,-0.7254939945757433
NIFTY AUTO,2021-05-20,10226.4,-0.22148286190983857
NIFTY AUTO,2021-05-21,10312.4,0.8409606508644307
NIFTY AUTO,2021-05-24,10315.75,0.032485163492501634
NIFTY AUTO,2021-05-25,10384.3,0.6645178489203429
NIFTY AUTO,2021-05-26,10437.8,0.5152008320252754
NIFTY AUTO,2021-05-27,10486.0,0.4617831343769918
NIFTY AUTO,2021-05-28,10510.25,0.23126072859049884
NIFTY AUTO,2021-05-31,10491.85,-0.17506719630836498
NIFTY AUTO,2021-06-01,10457.85,-0.3240610569156033
NIFTY AUTO,2021-06-02,10647.75,1.8158608126909392
NIFTY AUTO,2021-06-03,10647.65,-0.0009391655514057184
NIFTY AUTO,2021-06-04,10735.75,0.8274126215643829
NIFTY AUTO,2021-06-07,10806.55,0.6594788440490884
NIFTY AUTO,2021-06-08,10873.9,0.6232331317580497
NIFTY AUTO,2021-06-09,10734.4,-1.2828883841124128
NIFTY AUTO,2021-06-10,10722.7,-0.1089953793411702
NIFTY AUTO,2021-06-11,10765.5,0.3991531983548846
NIFTY AUTO,2021-06-14,10753.1,-0.11518275974176095
NIFTY AUTO,2021-06-15,10754.4,0.012089536970716352
NIFTY AUTO,2021-06-16,10669.45,-0.7899092464479507
NIFTY AUTO,2021-06-17,10523.0,-1.3726105844256375
NIFTY AUTO,2021-06-18,10443.75,-0.7531122303525595
NIFTY AUTO,2021-06-21,10401.15,-0.4078994614003628
NIFTY AUTO,2021-06-22,10540.45,1.3392749840162033
NIFTY AUTO,2021-06-23,10588.5,0.45586289010430825
NIFTY AUTO,2021-06-24,10618.45,0.28285403976011647
NIFTY AUTO,2021-06-25,10706.8,0.8320423413963329
NIFTY AUTO,2021-06-28,10709.9,0.028953562222144846
NIFTY AUTO,2021-06-29,10612.25,-0.9117732191710415
NIFTY AUTO,2021-06-30,10600.35,-0.11213456147376455
NIFTY AUTO,2021-07-01,10687.7,0.8240293952558098
NIFTY AUTO,2021-07-02,10685.5,-0.02058441011630885
NIFTY AUTO,2021-07-05,10746.45,0.5703991390201724
NIFTY AUTO,2021-07-06,10559.7,-1.7377831749089245
NIFTY AUTO,2021-07-07,10552.5,-0.06818375522033016
NIFTY AUTO,2021-07-08,10456.0,-0.9144752428334568
NIFTY AUTO,2021-07-09,10420.3,-0.3414307574598374
NIFTY AUTO,2021-07-12,10438.2,0.17178008310703152
NIFTY AUTO,2021-07-13,10497.8,0.5709796708244674
NIFTY AUTO,2021-07-14,10467.9,-0.28482158166472926
NIFTY AUTO,2021-07-15,10426.0,-0.40027130561047786
NIFTY AUTO,2021-07-16,10428.45,0.023498944945332667
NIFTY AUTO,2021-07-19,10310.9,-1.1272049058105527
NIFTY AUTO,2021-07-20,10222.2,-0.8602546819385215
NIFTY AUTO,2021-07-22,10235.8,0.13304376748644042
NIFTY AUTO,2021-07-23,10201.35,-0.33656382500634185
NIFTY AUTO,2021-07-26,10137.95,-0.6214863719017583
NIFTY AUTO,2021-07-27,10094.35,-0.43006722266336617
NIFTY AUTO,2021-07-28,10000.4,-0.9307186693546465
NIFTY AUTO,2021-07-29,9956.65,-0.4374825006999705
NIFTY AUTO,2021-07-30,10048.5,0.9224990333094096
NIFTY AUTO,2021-08-02,10183.45,1.342986515400324
NIFTY AUTO,2021-08-03,10342.6,1.5628298857459866
NIFTY AUTO,2021-08-04,10246.8,-0.9262661226384195
NIFTY AUTO,2021-08-05,10224.9,-0.21372526056915309
NIFTY AUTO,2021-08-06,10249.5,0.2405891500161461
NIFTY AUTO,2021-08-09,10239.0,-0.10244402165959787
NIFTY AUTO,2021-08-10,10158.75,-0.7837679460884872
NIFTY AUTO,2021-08-11,10140.4,-0.18063245970223463
NIFTY AUTO,2021-08-12,10180.55,0.39594098852115955
NIFTY AUTO,2021-08-13,10178.3,-0.02210096704009512
NIFTY AUTO,2021-08-16,10088.8,-0.8793216941925475
NIFTY AUTO,2021-08-17,10088.3,-0.004955990801680521
NIFTY AUTO,2021-08-18,10067.95,-0.20171882279470532
NIFTY AUTO,2021-08-20,9904.7,-1.6214820296088117
NIFTY AUTO,2021-08-23,9759.15,-1.4695043767100624
NIFTY AUTO,2021-08-24,9832.8,0.7546763806274059
NIFTY AUTO,2021-08-25,9808.65,-0.24560654137173454
NIFTY AUTO,2021-08-26,9763.1,-0.4643860266193567
NIFTY AUTO,2021-08-27,9793.85,0.31496143642899543
NIFTY AUTO,2021-08-30,9957.9,1.6750307590988056
NIFTY AUTO,2021-08-31,10034.45,0.7687363801604841
NIFTY AUTO,2021-09-01,10043.9,0.09417556517794523
NIFTY AUTO,2021-09-02,10022.45,-0.21356246079708985
NIFTY AUTO,2021-09-03,10124.75,1.0207085093963952
NIFTY AUTO,2021-09-06,10167.25,0.41976345094940637
NIFTY AUTO,2021-09-07,10152.7,-0.14310654306719517
NIFTY AUTO,2021-09-08,10100.4,-0.5151339052665849
NIFTY AUTO,2021-09-09,10112.6,0.120787295552649
NIFTY AUTO,2021-09-13,10120.15,0.07465933587800233
NIFTY AUTO,2021-09-14,10209.6,0.8838801796416051
NIFTY AUTO,2021-09-15,10297.0,0.8560570443504112
NIFTY AUTO,2021-09-16,10351.45,0.5287947946003735
NIFTY AUTO,2021-09-17,10351.45,0.0
NIFTY AUTO,2021-09-20,10202.65,-1.4374797733650913
NIFTY AUTO,2021-09-21,10155.95,-0.45772421870787783
NIFTY AUTO,2021-09-22,10284.6,1.266745110009393
NIFTY AUTO,2021-09-23,10372.95,0.8590513972347003
NIFTY AUTO,2021-09-24,10429.05,0.5408297543128882
NIFTY AUTO,2021-09-27,10765.15,3.222728819978804
NIFTY AUTO,2021-09-28,10695.95,-0.6428150095446727
NIFTY AUTO,2021-09-29,10655.5,-0.3781805262739746
NIFTY AUTO,2021-09-30,10598.45,-0.5354042513255997
NIFTY AUTO,2021-10-01,10596.95,-0.01415301294057647
NIFTY AUTO,2021-10-04,10641.15,0.4171011470281538
NIFTY AUTO,2021-10-05,10692.0,0.477861885228581
NIFTY AUTO,2021-10-06,10567.55,-1.163954358398811
NIFTY AUTO,2021-10-07,11031.8,4.393165870991855
NIFTY AUTO,2021-10-08,11079.35,0.43102666835874714
NIFTY AUTO,2021-10-11,11375.55,2.6734420340543297
NIFTY AUTO,2021-10-12,11476.1,0.88391330529074
NIFTY AUTO,2021-10-13,11870.0,3.4323507114786267
NIFTY AUTO,2021-10-14,11800.3,-0.5871946082561141
NIFTY AUTO,2021-10-18,11814.8,0.12287823190935132
NIFTY AUTO,2021-10-19,11626.85,-1.5908013677759958
NIFTY AUTO,2021-10-20,11493.3,-1.1486344108679547
NIFTY AUTO,2021-10-21,11557.4,0.5577162346758646
NIFTY AUTO,2021-10-22,11433.95,-1.068146815027593
NIFTY AUTO,2021-10-25,11228.2,-1.7994656264895381
NIFTY AUTO,2021-10-26,11452.25,1.9954222404303446
NIFTY AUTO,2021-10-27,11395.15,-0.4985919797419802
NIFTY AUTO,2021-10-28,11260.9,-1.1781328021131743
NIFTY AUTO,2021-10-29,11297.45,0.3245744123471672
NIFTY AUTO,2021-11-01,11421.0,1.093609619869973
NIFTY AUTO,2021-11-02,11521.25,0.8777690219770706
NIFTY AUTO,2021-11-03,11401.2,-1.0419876315503895
NIFTY AUTO,2021-11-04,11569.8,1.4787917061361844
NIFTY AUTO,2021-11-08,11645.75,0.6564504140089022
NIFTY AUTO,2021-11-09,11766.25,1.0347122340768067
NIFTY AUTO,2021-11-10,11829.15,0.5345798363964649
NIFTY AUTO,2021-11-11,11690.15,-1.1750632970247255
NIFTY AUTO,2021-11-12,11706.5,0.13986133625316644
NIFTY AUTO,2021-11-15,11687.65,-0.16102165463631746
NIFTY AUTO,2021-11-16,11977.3,2.4782569635469986
NIFTY AUTO,2021-11-17,12061.8,0.7055012398453853
NIFTY AUTO,2021-11-18,11747.45,-2.6061616010877198
NIFTY AUTO,2021-11-22,11379.75,-3.1300409876185986
NIFTY AUTO,2021-11-23,11455.7,0.6674136075045745
NIFTY AUTO,2021-11-24,11308.85,-1.2818946026868727
NIFTY AUTO,2021-11-25,11247.75,-0.5402848211798705
NIFTY AUTO,2021-11-26,10759.6,-4.33997910693249
NIFTY AUTO,2021-11-29,10704.15,-0.5153537306219591
NIFTY AUTO,2021-11-30,10603.55,-0.9398224053287829
NIFTY AUTO,2021-12-01,10758.15,1.458002272823733
NIFTY AUTO,2021-12-02,10873.15,1.068957023280026
NIFTY AUTO,2021-12-03,10788.75,-0.7762240013243549
NIFTY AUTO,2021-12-06,10589.8,-1.844050515583373
NIFTY AUTO,2021-12-07,10759.0,1.5977638860035226
NIFTY AUTO,2021-12-08,11007.7,2.3115531183195426
NIFTY AUTO,2021-12-09,11058.75,0.4637662727000169
NIFTY AUTO,2021-12-10,11080.05,0.19260766361477444
NIFTY AUTO,2021-12-13,11047.15,-0.2969300680051079
NIFTY AUTO,2021-12-14,10972.15,-0.6789081346772696
NIFTY AUTO,2021-12-15,11026.0,0.49078804063014125
NIFTY AUTO,2021-12-16,10945.75,-0.727825140576821
NIFTY AUTO,2021-12-17,10678.65,-2.440216522394545
NIFTY AUTO,2021-12-20,10405.3,-2.5597804965983517
NIFTY AUTO,2021-12-21,10483.9,0.7553842753212248
NIFTY AUTO,2021-12-22,10652.55,1.6086570837188452
NIFTY AUTO,2021-12-23,10731.05,0.7369127579781365
NIFTY AUTO,2021-12-24,10620.75,-1.027858410873117
NIFTY AUTO,2021-12-27,10641.65,0.19678459619141275
NIFTY AUTO,2021-12-28,10783.85,1.3362589448064899
NIFTY AUTO,2021-12-29,10829.55,0.4237818589835518
NIFTY AUTO,2021-12-30,10755.65,-0.6823921584922732
NIFTY AUTO,2021-12-31,10936.9,1.685160822451448
NIFTY AUTO,2022-01-03,11114.55,1.6243176768554024
NIFTY AUTO,2022-01-04,11139.4,0.2235808017418739
NIFTY AUTO,2022-01-05,11256.85,1.0543655852200295
NIFTY AUTO,2022-01-06,11316.6,0.5307879202441246
NIFTY AUTO,2022-01-07,11290.9,-0.22710001237121746
NIFTY AUTO,2022-01-10,11501.7,1.8669902310710418
NIFTY AUTO,2022-01-11,11479.7,-0.1912760722328044
NIFTY AUTO,2022-01-12,11645.9,1.44777302542749
NIFTY AUTO,2022-01-13,11686.15,0.34561519504718863
NIFTY AUTO,2022-01-14,11643.05,-0.3688126542959025
NIFTY AUTO,2022-01-17,11881.25,2.045855682145148
NIFTY AUTO,2022-01-18,11598.75,-2.377695949500258
NIFTY AUTO,2022-01-19,11681.4,0.7125767862916188
NIFTY AUTO,2022-01-20,11583.2,-0.8406526614960441
NIFTY AUTO,2022-01-21,11561.75,-0.18518198770633987
NIFTY AUTO,2022-01-24,11261.2,-2.59951996886284
NIFTY AUTO,2022-01-25,11522.75,2.3225766348168975
NIFTY AUTO,2022-01-27,11561.6,0.3371590983055395
NIFTY AUTO,2022-01-28,11493.4,-0.5898837531137624
NIFTY AUTO,2022-01-31,11703.5,1.8280056380183485
NIFTY AUTO,2022-02-01,11616.1,-0.7467851497415245
NIFTY AUTO,2022-02-02,11632.4,0.14032248344968412
NIFTY AUTO,2022-02-03,11683.4,0.4384305904198582
NIFTY AUTO,2022-02-04,11560.6,-1.0510639026310775
NIFTY AUTO,2022-02-07,11407.25,-1.3264882445547799
NIFTY AUTO,2022-02-08,11429.8,0.19768129917376864
NIFTY AUTO,2022-02-09,11680.15,2.1903270398432095
NIFTY AUTO,2022-02-10,11674.05,-0.052225356694912684
NIFTY AUTO,2022-02-11,11552.9,-1.037771810125876
NIFTY AUTO,2022-02-14,11107.15,-3.858338598966493
NIFTY AUTO,2022-02-15,11552.3,4.007778773132609
NIFTY AUTO,2022-02-16,11509.7,-0.36875773655461463
NIFTY AUTO,2022-02-17,11492.85,-0.1463982553845944
NIFTY AUTO,2022-02-18,11420.45,-0.629956886237959
NIFTY AUTO,2022-02-21,11361.6,-0.5153036876830663
NIFTY AUTO,2022-02-22,11343.05,-0.16326925785101754
NIFTY AUTO,2022-02-23,11318.7,-0.21466889416866808
NIFTY AUTO,2022-02-24,10609.8,-6.263086750245184
NIFTY AUTO,2022-02-25,10895.3,2.6909084054364873
NIFTY AUTO,2022-02-28,10820.55,-0.6860756472974572
NIFTY AUTO,2022-03-02,10500.45,-2.958259977542721
NIFTY AUTO,2022-03-03,10261.1,-2.2794261198329613
NIFTY AUTO,2022-03-04,9896.65,-3.5517634561596734
NIFTY AUTO,2022-03-07,9480.45,-4.2054634649098315
NIFTY AUTO,2022-03-08,9560.0,0.8390951906291244
NIFTY AUTO,2022-03-09,9832.35,2.848849372384943
NIFTY AUTO,2022-03-10,10019.35,1.9018851037646112
NIFTY AUTO,2022-03-11,9979.7,-0.39573425421808306
NIFTY AUTO,2022-03-14,10074.3,0.9479242863011716
NIFTY AUTO,2022-03-15,10131.3,0.5657961347190321
NIFTY AUTO,2022-03-16,10350.1,2.159643875909323
NIFTY AUTO,2022-03-17,10576.0,2.1825876078491957
NIFTY AUTO,2022-03-21,10448.4,-1.206505295007565
NIFTY AUTO,2022-03-22,10572.9,1.191570001148512
NIFTY AUTO,2022-03-23,10463.45,-1.0351937500591046
NIFTY AUTO,2022-03-24,10412.4,-0.48788879384907835
NIFTY AUTO,2022-03-25,10354.15,-0.5594291421766373
NIFTY AUTO,2022-03-28,10421.6,0.6514296200074376
NIFTY AUTO,2022-03-29,10416.25,-0.05133568741844119
NIFTY AUTO,2022-03-30,10542.15,1.2086883475338928
NIFTY AUTO,2022-03-31,10552.1,0.0943830243356425
NIFTY AUTO,2022-04-01,10676.85,1.1822291297466814
NIFTY AUTO,2022-04-04,10803.85,1.189489409329525
NIFTY AUTO,2022-04-05,10936.5,1.227803051689902
NIFTY AUTO,2022-04-06,10906.8,-0.2715676861884564
NIFTY AUTO,2022-04-07,10820.7,-0.7894157773132182
NIFTY AUTO,2022-04-08,10894.3,0.6801778073507014
NIFTY AUTO,2022-04-11,10882.1,-0.11198516655497315
NIFTY AUTO,2022-04-12,10788.8,-0.8573712794405552
NIFTY AUTO,2022-04-13,10698.3,-0.8388328637105147
NIFTY AUTO,2022-04-18,10745.75,0.4435284110559712
NIFTY AUTO,2022-04-19,10615.15,-1.2153642137589293
NIFTY AUTO,2022-04-20,10848.7,2.200157322317642
NIFTY AUTO,2022-04-21,11090.55,2.2292993630573132
NIFTY AUTO,2022-04-22,11028.15,-0.5626411674804155
NIFTY AUTO,2022-04-25,10916.5,-1.01240915294043
NIFTY AUTO,2022-04-26,11221.75,2.7962258965785747
NIFTY AUTO,2022-04-27,11158.85,-0.5605186356851588
NIFTY AUTO,2022-04-28,11192.05,0.29752169802443884
NIFTY AUTO,2022-04-29,11078.1,-1.0181334071952763
NIFTY AUTO,2022-05-02,10938.3,-1.2619492512254027
NIFTY AUTO,2022-05-04,10661.0,-2.535128859146296
NIFTY AUTO,2022-05-05,10705.7,0.4192852452865603
NIFTY AUTO,2022-05-06,10518.45,-1.749068253360364
NIFTY AUTO,2022-05-09,10483.5,-0.3322732912168669
NIFTY AUTO,2022-05-10,10472.45,-0.10540372967042799
NIFTY AUTO,2022-05-11,10377.4,-0.9076195159680944
NIFTY AUTO,2022-05-12,10164.35,-2.053019060651018
NIFTY AUTO,2022-05-13,10412.35,2.4399002395627756
NIFTY AUTO,2022-05-16,10649.1,2.2737422387837602
NIFTY AUTO,2022-05-17,10911.15,2.4607713327886804
NIFTY AUTO,2022-05-18,10909.45,-0.015580392534231269
NIFTY AUTO,2022-05-19,10618.0,-2.6715370619050494
NIFTY AUTO,2022-05-20,10914.6,2.793369749482011
NIFTY AUTO,2022-05-23,11115.2,1.8379051912117639
NIFTY AUTO,2022-05-24,11116.3,0.009896358140193406
NIFTY AUTO,2022-05-25,11011.5,-0.9427597312055225
NIFTY AUTO,2022-05-26,11097.15,0.7778231848521999
NIFTY AUTO,2022-05-27,11270.25,1.5598599640448185
NIFTY AUTO,2022-05-30,11491.4,1.9622457354539602
NIFTY AUTO,2022-05-31,11586.6,0.8284456202029444
NIFTY AUTO,2022-06-01,11563.0,-0.20368356549808064
NIFTY AUTO,2022-06-02,11491.4,-0.6192164663149757
NIFTY AUTO,2022-06-03,11282.15,-1.8209269540700013
NIFTY AUTO,2022-06-06,11303.15,0.1861347349574327
NIFTY AUTO,2022-06-07,11362.2,0.5224207411208548
NIFTY AUTO,2022-06-08,11382.35,0.17734241608138301
NIFTY AUTO,2022-06-09,11419.25,0.3241861302806459
NIFTY AUTO,2022-06-10,11394.0,-0.2211178492457888
NIFTY AUTO,2022-06-13,11165.65,-2.00412497805863
NIFTY AUTO,2022-06-14,11104.15,-0.5507964157930756
NIFTY AUTO,2022-06-15,11206.75,0.9239788727637865
NIFTY AUTO,2022-06-16,10956.6,-2.2321368817899923
NIFTY AUTO,2022-06-17,10830.9,-1.147253710092555
NIFTY AUTO,2022-06-20,10754.7,-0.7035426418857016
NIFTY AUTO,2022-06-21,10974.2,2.0409681348619646
NIFTY AUTO,2022-06-22,10881.4,-0.8456197262670773
NIFTY AUTO,2022-06-23,11359.5,4.393736100134182
NIFTY AUTO,2022-06-24,11583.25,1.9697169769796297
NIFTY AUTO,2022-06-27,11686.05,0.8874883991971005
NIFTY AUTO,2022-06-28,11832.55,1.2536314665776649
NIFTY AUTO,2022-06-29,11850.5,0.15170018296986054
NIFTY AUTO,2022-06-30,11701.15,-1.26028437618666
NIFTY AUTO,2022-07-01,11711.95,0.09229862022110957
NIFTY AUTO,2022-07-04,11692.1,-0.16948501317031184
NIFTY AUTO,2022-07-05,11649.8,-0.3617827421934616
NIFTY AUTO,2022-07-06,11952.2,2.5957527167848493
NIFTY AUTO,2022-07-07,12114.1,1.3545623399876083
NIFTY AUTO,2022-07-08,12124.6,0.0866758570591264
NIFTY AUTO,2022-07-11,12252.5,1.0548801609949976
NIFTY AUTO,2022-07-12,12107.35,-1.1846561926137533
NIFTY AUTO,2022-07-13,12099.35,-0.06607556566878836
NIFTY AUTO,2022-07-14,12115.3,0.1318252633405903
NIFTY AUTO,2022-07-15,12361.65,2.0333792807441853
NIFTY AUTO,2022-07-18,12408.7,0.3806126204835225
NIFTY AUTO,2022-07-19,12538.9,1.0492638229629092
NIFTY AUTO,2022-07-20,12511.3,-0.22011500211343016
NIFTY AUTO,2022-07-21,12581.35,0.5598938559542299
NIFTY AUTO,2022-07-22,12634.2,0.42006620911110293
NIFTY AUTO,2022-07-25,12423.7,-1.6661126149657313
NIFTY AUTO,2022-07-26,12276.5,-1.1848322158455216
NIFTY AUTO,2022-07-27,12326.35,0.40606035922290395
NIFTY AUTO,2022-07-28,12383.7,0.46526343970436645
NIFTY AUTO,2022-07-29,12543.2,1.2879833975306232
NIFTY AUTO,2022-08-01,12953.65,3.2722909624338214
NIFTY AUTO,2022-08-02,13023.65,0.5403882303443464
NIFTY AUTO,2022-08-03,12919.4,-0.800466843012515
NIFTY AUTO,2022-08-04,12945.7,0.2035698252240925
NIFTY AUTO,2022-08-05,12804.35,-1.0918683423839615
NIFTY AUTO,2022-08-08,12927.95,0.9652969498646913
NIFTY AUTO,2022-08-10,12951.65,0.18332372882010617
NIFTY AUTO,2022-08-11,12923.55,-0.21696077333775987
NIFTY AUTO,2022-08-12,12923.75,0.0015475623957872386
NIFTY AUTO,2022-08-16,13250.0,2.5244220911113224
NIFTY AUTO,2022-08-17,13194.25,-0.420754716981131
NIFTY AUTO,2022-08-18,13131.9,-0.47255433237963773
NIFTY AUTO,2022-08-19,12946.45,-1.412209962000921
NIFTY AUTO,2022-08-22,12695.75,-1.9364381741713066
NIFTY AUTO,2022-08-23,12925.75,1.8116298761396532
NIFTY AUTO,2022-08-24,12913.35,-0.09593253776376542
NIFTY AUTO,2022-08-25,12877.9,-0.27452210309486524
NIFTY AUTO,2022-08-26,12929.15,0.3979686128949611
NIFTY AUTO,2022-08-29,12886.4,-0.3306481864623789
NIFTY AUTO,2022-08-30,13217.35,2.568211447727853
NIFTY AUTO,2022-09-01,13266.15,0.3692116801022882
NIFTY AUTO,2022-09-02,13220.65,-0.34297818131108215
NIFTY AUTO,2022-09-05,13246.1,0.19250188152626357
NIFTY AUTO,2022-09-06,13225.3,-0.15702735144684787
NIFTY AUTO,2022-09-07,13072.65,-1.154227125282603
NIFTY AUTO,2022-09-08,13151.4,0.602402726302631
NIFTY AUTO,2022-09-09,13219.6,0.5185759690983449
NIFTY AUTO,2022-09-12,13256.1,0.27610517716119
NIFTY AUTO,2022-09-13,13264.15,0.060726759755880266
NIFTY AUTO,2022-09-14,13222.25,-0.3158890694088923
NIFTY AUTO,2022-09-15,13315.5,0.7052506192213981
NIFTY AUTO,2022-09-16,12954.45,-2.7115016334347097
NIFTY AUTO,2022-09-19,13074.0,0.9228489052024447
NIFTY AUTO,2022-09-20,13291.35,1.662459843965114
NIFTY AUTO,2022-09-21,13223.45,-0.5108585659094
NIFTY AUTO,2022-09-22,13320.75,0.7358140273529212
NIFTY AUTO,2022-09-23,13093.5,-1.705985023365797
NIFTY AUTO,2022-09-26,12594.35,-3.812196891587427
NIFTY AUTO,2022-09-27,12529.8,-0.5125314128954783
NIFTY AUTO,2022-09-28,12537.35,0.060256348864307085
NIFTY AUTO,2022-09-29,12497.35,-0.3190466884947729
NIFTY AUTO,2022-09-30,12699.3,1.6159425798269123
NIFTY AUTO,2022-10-03,12441.05,-2.033576653831315
NIFTY AUTO,2022-10-04,12690.55,2.005457738695693
NIFTY AUTO,2022-10-06,12784.55,0.740708637529508
NIFTY AUTO,2022-10-07,12761.95,-0.17677587400415362
NIFTY AUTO,2022-10-10,12693.6,-0.5355764597103185
NIFTY AUTO,2022-10-11,12488.35,-1.6169565765425054
NIFTY AUTO,2022-10-12,12598.3,0.8804205519544084
NIFTY AUTO,2022-10-13,12562.75,-0.28218092917298154
NIFTY AUTO,2022-10-14,12478.25,-0.6726234303794931
NIFTY AUTO,2022-10-17,12562.55,0.675575501372383
NIFTY AUTO,2022-10-18,12732.65,1.3540244615941832
NIFTY AUTO,2022-10-19,12721.05,-0.09110436554841117
NIFTY AUTO,2022-10-20,12729.6,0.06721143301851029
NIFTY AUTO,2022-10-21,12695.65,-0.26670123177476857
NIFTY AUTO,2022-10-24,12794.65,0.7797946540744283
NIFTY AUTO,2022-10-25,12952.8,1.236063510920582
NIFTY AUTO,2022-10-27,12979.4,0.20536100302637195
NIFTY AUTO,2022-10-28,13190.9,1.629505215957594
NIFTY AUTO,2022-10-31,13381.65,1.4460726713112937
NIFTY AUTO,2022-11-01,13416.9,0.26342043021601036
NIFTY AUTO,2022-11-02,13318.25,-0.7352667158583515
NIFTY AUTO,2022-11-03,13262.65,-0.41747226550035155
NIFTY AUTO,2022-11-04,13271.7,0.06823674001803504
NIFTY AUTO,2022-11-07,13443.9,1.2974976830398388
NIFTY AUTO,2022-11-09,13341.4,-0.7624275693809079
NIFTY AUTO,2022-11-10,13080.75,-1.9536930157254884
NIFTY AUTO,2022-11-11,13040.9,-0.3046461403207079
NIFTY AUTO,2022-11-14,13071.4,0.23387956352705075
NIFTY AUTO,2022-11-15,13155.55,0.6437718989549701
NIFTY AUTO,2022-11-16,13105.95,-0.37702718624458287
NIFTY AUTO,2022-11-17,12927.4,-1.3623583181684773
NIFTY AUTO,2022-11-18,12774.9,-1.179664897813948
NIFTY AUTO,2022-11-21,12696.1,-0.6168345740475423
NIFTY AUTO,2022-11-22,12745.5,0.38909586408424346
NIFTY AUTO,2022-11-23,12774.75,0.22949276215133985
NIFTY AUTO,2022-11-24,12845.6,0.5546096792500954
NIFTY AUTO,2022-11-25,12958.0,0.8750077847667681
NIFTY AUTO,2022-11-28,13036.4,0.6050316406852829
NIFTY AUTO,2022-11-29,13007.65,-0.22053634438955472
NIFTY AUTO,2022-11-30,13231.85,1.7236011116535277
NIFTY AUTO,2022-12-01,13191.75,-0.30305663985006337
NIFTY AUTO,2022-12-02,13046.35,-1.1022040290332935
NIFTY AUTO,2022-12-05,13007.55,-0.2974011888382644
NIFTY AUTO,2022-12-06,12973.8,-0.25946469550376383
NIFTY AUTO,2022-12-07,12870.65,-0.795063898009829
NIFTY AUTO,2022-12-08,12908.15,0.2913605761946769
NIFTY AUTO,2022-12-09,12869.4,-0.3001979369623098
NIFTY AUTO,2022-12-12,12874.35,0.038463331623850294
NIFTY AUTO,2022-12-13,12931.0,0.44002221471375336
NIFTY AUTO,2022-12-14,13004.1,0.5653081741551436
NIFTY AUTO,2022-12-15,12912.9,-0.7013172768588372
NIFTY AUTO,2022-12-16,12775.25,-1.065988275290597
NIFTY AUTO,2022-12-19,12978.8,1.5933151993111627
NIFTY AUTO,2022-12-20,12879.4,-0.7658643326039383
NIFTY AUTO,2022-12-21,12695.45,-1.4282497631877167
NIFTY AUTO,2022-12-22,12554.7,-1.108664915383073
NIFTY AUTO,2022-12-23,12236.0,-2.538491560929379
NIFTY AUTO,2022-12-26,12415.4,1.4661654135338376
NIFTY AUTO,2022-12-27,12522.75,0.8646519644956996
NIFTY AUTO,2022-12-28,12605.45,0.6603980755025995
NIFTY AUTO,2022-12-29,12634.6,0.2312491819014717
NIFTY AUTO,2022-12-30,12611.7,-0.18124831811058284
NIFTY AUTO,2023-01-02,12667.75,0.44442858615412195
NIFTY AUTO,2023-01-03,12614.75,-0.41838526968088763
NIFTY AUTO,2023-01-04,12512.05,-0.8141263203789273
NIFTY AUTO,2023-01-05,12656.65,1.1556859187743074
NIFTY AUTO,2023-01-06,12627.8,-0.2279434131464475
NIFTY AUTO,2023-01-09,12783.0,1.229034352777214
NIFTY AUTO,2023-01-10,12819.1,0.28240632089493456
NIFTY AUTO,2023-01-11,12753.05,-0.5152467801951888
NIFTY AUTO,2023-01-12,12769.4,0.12820462556015766
NIFTY AUTO,2023-01-13,12832.4,0.49336695537769426
NIFTY AUTO,2023-01-16,12748.8,-0.6514759514977708
NIFTY AUTO,2023-01-17,12821.85,0.5729951054217031
NIFTY AUTO,2023-01-18,12817.6,-0.03314654281558749
NIFTY AUTO,2023-01-19,12763.0,-0.4259767819248528
NIFTY AUTO,2023-01-20,12691.7,-0.5586460863433285
NIFTY AUTO,2023-01-23,12797.05,0.8300700457779309
NIFTY AUTO,2023-01-24,12960.85,1.2799824959658812
NIFTY AUTO,2023-01-25,12957.15,-0.02854751038705583
NIFTY AUTO,2023-01-27,13089.7,1.022987308165768
NIFTY AUTO,2023-01-30,13076.85,-0.09816878920066996
NIFTY AUTO,2023-01-31,13323.9,1.8892164397389166
NIFTY AUTO,2023-02-01,13206.85,-0.8784965362994224
NIFTY AUTO,2023-02-02,13213.25,0.048459700837066855
NIFTY AUTO,2023-02-03,13377.95,1.2464760751518478
NIFTY AUTO,2023-02-06,13360.15,-0.13305476549098083
NIFTY AUTO,2023-02-07,13226.05,-1.0037312455324243
NIFTY AUTO,2023-02-08,13257.35,0.2366541786852583
NIFTY AUTO,2023-02-09,13187.85,-0.5242374984442577
NIFTY AUTO,2023-02-10,13235.05,0.3579051930375332
NIFTY AUTO,2023-02-13,13154.35,-0.6097445797333512
NIFTY AUTO,2023-02-14,13106.55,-0.36337789400465725
NIFTY AUTO,2023-02-15,13235.2,0.9815702835605178
NIFTY AUTO,2023-02-16,13206.05,-0.22024601063831417
NIFTY AUTO,2023-02-17,13140.0,-0.5001495526671396
NIFTY AUTO,2023-02-20,13177.4,0.28462709284626797
NIFTY AUTO,2023-02-21,13148.75,-0.21741770000150984
NIFTY AUTO,2023-02-22,12989.95,-1.207719364958637
NIFTY AUTO,2023-02-23,12982.25,-0.05927659459813439
NIFTY AUTO,2023-02-24,12869.1,-0.871574650002882
NIFTY AUTO,2023-02-27,12675.3,-1.5059328158146368
NIFTY AUTO,2023-02-28,12731.8,0.4457488185684033
NIFTY AUTO,2023-03-01,12849.3,0.922886001979295
NIFTY AUTO,2023-03-02,12738.8,-0.8599690255500336
NIFTY AUTO,2023-03-03,12787.05,0.3787640908091916
NIFTY AUTO,2023-03-06,12909.5,0.9576094564422766
NIFTY AUTO,2023-03-08,13019.5,0.8520856733413407
NIFTY AUTO,2023-03-09,12781.2,-1.8303314259380143
NIFTY AUTO,2023-03-10,12741.6,-0.30983006290489223
NIFTY AUTO,2023-03-13,12456.0,-2.2414767376153777
NIFTY AUTO,2023-03-14,12345.55,-0.8867212588310913
NIFTY AUTO,2023-03-15,12282.0,-0.5147603792459599
NIFTY AUTO,2023-03-16,12304.9,0.1864517179612335
NIFTY AUTO,2023-03-17,12245.95,-0.4790774406943532
NIFTY AUTO,2023-03-20,12131.7,-0.9329615097236177
NIFTY AUTO,2023-03-21,12141.95,0.08448939555050217
NIFTY AUTO,2023-03-22,12201.35,0.48921301767836933
NIFTY AUTO,2023-03-23,12205.7,0.03565179262949858
NIFTY AUTO,2023-03-24,12113.4,-0.7562040685909155
NIFTY AUTO,2023-03-27,12035.1,-0.6463915993857983
NIFTY AUTO,2023-03-28,11917.95,-0.9734027968193004
NIFTY AUTO,2023-03-29,12121.3,1.7062498164533313
NIFTY AUTO,2023-03-31,12243.8,1.010617673021863
NIFTY AUTO,2023-04-03,12425.85,1.4868749897907652
NIFTY AUTO,2023-04-05,12357.65,-0.5488558126808263
NIFTY AUTO,2023-04-06,12469.35,0.9038935396292969
NIFTY AUTO,2023-04-10,12616.75,1.182098505535567
NIFTY AUTO,2023-04-11,12742.05,0.9931242197871892
NIFTY AUTO,2023-04-12,12862.2,0.9429408925565541
NIFTY AUTO,2023-04-13,12918.65,0.4388829282704343
NIFTY AUTO,2023-04-17,12996.15,0.5999078851118389
NIFTY AUTO,2023-04-18,13005.1,0.06886654893949462
NIFTY AUTO,2023-04-19,13002.55,-0.019607692366852003
NIFTY AUTO,2023-04-20,13032.35,0.22918581355195755
NIFTY AUTO,2023-04-21,12898.75,-1.025141283037978
NIFTY AUTO,2023-04-24,12893.35,-0.04186452175598543
NIFTY AUTO,2023-04-25,12904.55,0.08686648543627662
NIFTY AUTO,2023-04-26,12972.75,0.5284957631223053
NIFTY AUTO,2023-04-27,13071.8,0.7635235397275064
NIFTY AUTO,2023-04-28,13189.25,0.8984990590431341
NIFTY AUTO,2023-05-02,13283.15,0.7119434387853785
NIFTY AUTO,2023-05-03,13278.6,-0.03425392320345333
NIFTY AUTO,2023-05-04,13292.55,0.1050562559305801
NIFTY AUTO,2023-05-05,13345.8,0.40060033627860037
NIFTY AUTO,2023-05-08,13584.25,1.7867044313566893
NIFTY AUTO,2023-05-09,13648.5,0.47297421646392834
NIFTY AUTO,2023-05-10,13750.85,0.7498992563285345
NIFTY AUTO,2023-05-11,13803.75,0.3847034910569036
NIFTY AUTO,2023-05-12,13910.5,0.7733405777415658
NIFTY AUTO,2023-05-15,14007.85,0.6998310628661741
NIFTY AUTO,2023-05-16,13877.7,-0.9291218852286343
NIFTY AUTO,2023-05-17,13889.9,0.0879108209573598
NIFTY AUTO,2023-05-18,13767.7,-0.8797759523106685
NIFTY AUTO,2023-05-19,13863.55,0.696194716619325
NIFTY AUTO,2023-05-22,13890.5,0.1943946536060448
NIFTY AUTO,2023-05-23,13982.6,0.6630430870019133
NIFTY AUTO,2023-05-24,13989.6,0.05006222018795192
NIFTY AUTO,2023-05-25,14029.5,0.2852118716760943
NIFTY AUTO,2023-05-26,14130.45,0.7195552229231295
NIFTY AUTO,2023-05-29,14219.6,0.6309070128693639
NIFTY AUTO,2023-05-30,14177.85,-0.2936088216264898
NIFTY AUTO,2023-05-31,14199.0,0.14917635607656354
NIFTY AUTO,2023-06-01,14257.0,0.4084794703852479
NIFTY AUTO,2023-06-02,14388.6,0.92305534123589
NIFTY AUTO,2023-06-05,14570.25,1.262457779075099
NIFTY AUTO,2023-06-06,14729.5,1.092980559702128
NIFTY AUTO,2023-06-07,14819.45,0.6106792491259005
NIFTY AUTO,2023-06-08,14692.0,-0.8600184217363083
NIFTY AUTO,2023-06-09,14626.0,-0.44922406751973787
NIFTY AUTO,2023-06-12,14673.85,0.32715711746205134
NIFTY AUTO,2023-06-13,14658.3,-0.10597082565244609
NIFTY AUTO,2023-06-14,14682.7,0.16645859342490077
NIFTY AUTO,2023-06-15,14707.85,0.17129002159004258
NIFTY AUTO,2023-06-16,14768.45,0.4120248710722585
NIFTY AUTO,2023-06-19,14676.7,-0.6212568008152508
NIFTY AUTO,2023-06-20,14785.65,0.742333085775404
NIFTY AUTO,2023-06-21,14777.7,-0.05376834971745348
NIFTY AUTO,2023-06-22,14702.1,-0.511581639903369
NIFTY AUTO,2023-06-23,14550.2,-1.0331857353711338
NIFTY AUTO,2023-06-26,14717.85,1.1522178389300475
NIFTY AUTO,2023-06-27,14729.9,0.08187337145031393
NIFTY AUTO,2023-06-28,14840.55,0.7511931513452197
NIFTY AUTO,2023-06-30,15147.65,2.0693303145773
NIFTY AUTO,2023-07-03,15106.85,-0.2693487108561321
NIFTY AUTO,2023-07-04,15035.05,-0.47528108109897715
NIFTY AUTO,2023-07-05,15281.9,1.6418302566336695
NIFTY AUTO,2023-07-06,15453.7,1.1242057597550037
NIFTY AUTO,2023-07-07,15498.85,0.292163041860527
NIFTY AUTO,2023-07-10,15403.2,-0.6171425621900983
NIFTY AUTO,2023-07-11,15617.45,1.390944738755584
NIFTY AUTO,2023-07-12,15614.9,-0.016327889636280624
NIFTY AUTO,2023-07-13,15519.7,-0.6096740933339229
NIFTY AUTO,2023-07-14,15576.1,0.36340908651584236
NIFTY AUTO,2023-07-17,15526.8,-0.3165105514217337
NIFTY AUTO,2023-07-18,15513.8,-0.0837262024370733
NIFTY AUTO,2023-07-19,15513.15,-0.004189818097433129
NIFTY AUTO,2023-07-20,15577.0,0.41158629936537405
NIFTY AUTO,2023-07-21,15590.35,0.08570328047763365
NIFTY AUTO,2023-07-24,15617.55,0.17446689779254676
NIFTY AUTO,2023-07-25,15765.6,0.9479719930462815
NIFTY AUTO,2023-07-26,15763.25,-0.014905871010306715
NIFTY AUTO,2023-07-27,15572.0,-1.2132650310056614
NIFTY AUTO,2023-07-28,15537.9,-0.2189827896224017
NIFTY AUTO,2023-07-31,15708.05,1.095064326582107
NIFTY AUTO,2023-08-01,15688.7,-0.12318524578160961
NIFTY AUTO,2023-08-02,15428.9,-1.6559689458017668
NIFTY AUTO,2023-08-03,15379.8,-0.3182339635359632
NIFTY AUTO,2023-08-04,15328.4,-0.3342046060416881
NIFTY AUTO,2023-08-07,15390.9,0.4077398815270916
NIFTY AUTO,2023-08-08,15343.65,-0.30699959066721183
NIFTY AUTO,2023-08-09,15486.2,0.9290488247581274
NIFTY AUTO,2023-08-10,15444.8,-0.26733478839225944
NIFTY AUTO,2023-08-11,15378.1,-0.43186056148346585
NIFTY AUTO,2023-08-14,15327.45,-0.3293644858597622
NIFTY AUTO,2023-08-16,15425.0,0.6364398513777569
NIFTY AUTO,2023-08-17,15399.25,-0.16693679092382174
NIFTY AUTO,2023-08-18,15391.75,-0.04870367063330994
NIFTY AUTO,2023-08-21,15427.6,0.23291698474832145
NIFTY AUTO,2023-08-22,15507.9,0.5204957349166373
NIFTY AUTO,2023-08-23,15498.1,-0.0631935981016074
NIFTY AUTO,2023-08-24,15459.3,-0.2503532691104149
NIFTY AUTO,2023-08-25,15363.6,-0.6190448467912502
NIFTY AUTO,2023-08-28,15475.25,0.7267176963732469
NIFTY AUTO,2023-08-29,15578.9,0.6697791635030148
NIFTY AUTO,2023-08-30,15678.1,0.6367586928473834
NIFTY AUTO,2023-08-31,15670.25,-0.05006984264674941
NIFTY AUTO,2023-09-01,15928.3,1.646751009077696
NIFTY AUTO,2023-09-04,15943.6,0.09605544847850478
NIFTY AUTO,2023-09-05,15942.75,-0.005331292807142507
NIFTY AUTO,2023-09-06,15921.25,-0.13485753712502158
NIFTY AUTO,2023-09-07,15995.85,0.46855617492345125
NIFTY AUTO,2023-09-08,16102.9,0.6692360831090483
NIFTY AUTO,2023-09-11,16374.95,1.6894472424221707
NIFTY AUTO,2023-09-12,16070.05,-1.8619904182913594
NIFTY AUTO,2023-09-13,15995.95,-0.4611062193334736
NIFTY AUTO,2023-09-14,16169.65,1.085899868404172
NIFTY AUTO,2023-09-15,16425.8,1.5841406585795026
NIFTY AUTO,2023-09-18,16563.9,0.8407505266105897
NIFTY AUTO,2023-09-20,16479.7,-0.5083343898478088
NIFTY AUTO,2023-09-21,16200.4,-1.6948124055656377
NIFTY AUTO,2023-09-22,16234.35,0.20956272684624633
NIFTY AUTO,2023-09-25,16221.55,-0.07884516472788095
NIFTY AUTO,2023-09-26,16278.25,0.3495350321023549
NIFTY AUTO,2023-09-27,16283.4,0.031637307450127494
NIFTY AUTO,2023-09-28,16092.2,-1.1742019479961119
NIFTY AUTO,2023-09-29,16184.4,0.5729483849318262
NIFTY AUTO,2023-10-03,15990.6,-1.1974493957143895
NIFTY AUTO,2023-10-04,15782.6,-1.3007641989668972
NIFTY AUTO,2023-10-05,15916.1,0.8458682346381474
NIFTY AUTO,2023-10-06,15990.65,0.4683936391452592
NIFTY AUTO,2023-10-09,15832.85,-0.9868266768392697
NIFTY AUTO,2023-10-10,16028.7,1.2369851290197298
NIFTY AUTO,2023-10-11,16175.8,0.9177288239220704
NIFTY AUTO,2023-10-12,16301.7,0.778323174124318
NIFTY AUTO,2023-10-13,16444.95,0.8787427078157384
NIFTY AUTO,2023-10-16,16519.35,0.45241852361970203
NIFTY AUTO,2023-10-17,16522.75,0.020581923622908782
NIFTY AUTO,2023-10-18,16535.4,0.07656110514291381
NIFTY AUTO,2023-10-19,16618.0,0.4995343324019963
NIFTY AUTO,2023-10-20,16497.85,-0.7230111926826432
NIFTY AUTO,2023-10-23,16277.85,-1.3335070933485182
NIFTY AUTO,2023-10-25,16210.45,-0.41405959632261347
NIFTY AUTO,2023-10-26,15953.05,-1.5878646181938239
NIFTY AUTO,2023-10-27,16169.15,1.3545999040935675
NIFTY AUTO,2023-10-30,16023.45,-0.9010986972104229
NIFTY AUTO,2023-10-31,15916.2,-0.6693315110041897
NIFTY AUTO,2023-11-01,15835.65,-0.5060881366155345
NIFTY AUTO,2023-11-02,15948.65,0.7135798025341478
NIFTY AUTO,2023-11-03,16045.4,0.6066344173331295
NIFTY AUTO,2023-11-06,16172.75,0.7936854176274766
NIFTY AUTO,2023-11-07,16143.75,-0.179313969485706
NIFTY AUTO,2023-11-08,16220.8,0.47727448703058784
NIFTY AUTO,2023-11-09,16355.3,0.8291822844742613
NIFTY AUTO,2023-11-10,16286.7,-0.41943590151204413
NIFTY AUTO,2023-11-12,16377.05,0.5547471249547131
NIFTY AUTO,2023-11-13,16365.3,-0.07174674315582052
NIFTY AUTO,2023-11-15,16648.5,1.7304907334421138
NIFTY AUTO,2023-11-16,16788.9,0.8433192179475801
NIFTY AUTO,2023-11-17,16905.5,0.6945064894066766
NIFTY AUTO,2023-11-20,16777.3,-0.758333086865226
NIFTY AUTO,2023-11-21,16860.1,0.4935239877691844
NIFTY AUTO,2023-11-22,16972.2,0.6648833636811347
NIFTY AUTO,2023-11-23,17033.55,0.36147346837769323
NIFTY AUTO,2023-11-24,17040.35,0.039921214309401876
NIFTY AUTO,2023-11-28,17202.75,0.9530320680033011
NIFTY AUTO,2023-11-29,17482.45,1.6259028353025062
NIFTY AUTO,2023-11-30,17551.85,0.3969695323023714
NIFTY AUTO,2023-12-01,17489.05,-0.35779704133751533
NIFTY AUTO,2024-01-01,18594.35,6.319954485806822
NIFTY AUTO,2024-01-02,18339.35,-1.3713843183547736
NIFTY AUTO,2024-01-03,18317.5,-0.11914271770808726
NIFTY AUTO,2024-01-04,18326.75,0.050498157499667684
NIFTY AUTO,2024-01-05,18406.95,0.43761168783336135
NIFTY AUTO,2024-01-08,18350.2,-0.30830745995398257
NIFTY AUTO,2024-01-09,18519.8,0.9242406077317966
NIFTY AUTO,2024-01-10,18559.1,0.21220531539216658
NIFTY AUTO,2024-01-11,18755.1,1.0560856938105934
NIFTY AUTO,2024-01-12,18715.2,-0.2127421341394986
NIFTY AUTO,2024-01-15,18765.25,0.2674296828246492
NIFTY AUTO,2024-01-16,18712.7,-0.2800389016932803
NIFTY AUTO,2024-01-17,18447.25,-1.4185553127020745
NIFTY AUTO,2024-01-18,18496.25,0.2656222472184222
NIFTY AUTO,2024-01-19,18694.6,1.0723795363924982
NIFTY AUTO,2024-01-20,18651.1,-0.23268751404148524
NIFTY AUTO,2024-01-23,18361.0,-1.5554042388920664
NIFTY AUTO,2024-01-24,18593.7,1.2673601655683209
NIFTY AUTO,2024-01-25,18614.9,0.11401711332332809
NIFTY AUTO,2024-01-29,18927.25,1.677956905489686
NIFTY AUTO,2024-01-30,18878.35,-0.2583576589309189
NIFTY AUTO,2024-01-31,19227.15,1.8476190980673879
NIFTY AUTO,2024-02-01,19328.7,0.5281593995990042
NIFTY AUTO,2024-02-02,19380.5,0.2679952609332181
NIFTY AUTO,2024-02-05,19615.3,1.2115270503856967
NIFTY AUTO,2024-02-06,19903.85,1.4710455613730078
NIFTY AUTO,2024-02-07,19903.8,-0.0002512076809235708
NIFTY AUTO,2024-02-08,19649.5,-1.2776454747334687
NIFTY AUTO,2024-02-09,19576.0,-0.3740553194737761
NIFTY AUTO,2024-02-12,19419.6,-0.7989374744585276
NIFTY AUTO,2024-02-13,19433.05,0.0692599229644264
NIFTY AUTO,2024-02-14,19716.0,1.4560246590216153
NIFTY AUTO,2024-02-15,19981.7,1.3476364374112482
NIFTY AUTO,2024-02-16,20423.45,2.2107728571643115
NIFTY AUTO,2024-02-19,20481.6,0.2847217291887416
NIFTY AUTO,2024-02-20,20354.25,-0.6217775955003391
NIFTY AUTO,2024-02-21,20252.55,-0.49964995025609804
NIFTY AUTO,2024-02-22,20584.85,1.6407810374496012
NIFTY AUTO,2024-02-23,20621.35,0.17731486991647838
NIFTY AUTO,2024-02-26,20642.4,0.10207867089206957
NIFTY AUTO,2024-02-27,20788.55,0.7080087586714523
NIFTY AUTO,2024-02-28,20372.35,-2.0020636359919353
NIFTY AUTO,2024-02-29,20412.4,0.19658998593683474
NIFTY AUTO,2024-03-01,20871.95,2.25132762438518
NIFTY AUTO,2024-03-02,20941.95,0.3353783427039625
NIFTY AUTO,2024-03-04,20840.2,-0.48586688441143444
NIFTY AUTO,2024-03-05,21121.2,1.3483555820001714
NIFTY AUTO,2024-03-06,21181.3,0.28454822642651756
NIFTY AUTO,2024-03-07,21126.8,-0.257302431862072
NIFTY AUTO,2024-03-11,21001.15,-0.5947422231478372
NIFTY AUTO,2024-03-12,20931.85,-0.32998192956101846
NIFTY AUTO,2024-03-13,20338.25,-2.8358697391773657
NIFTY AUTO,2024-03-14,20514.25,0.8653645225130013
NIFTY AUTO,2024-03-15,20192.3,-1.5693968826547389
NIFTY AUTO,2024-03-18,20446.6,1.2593909559584615
NIFTY AUTO,2024-03-19,20354.1,-0.45239795369401703
NIFTY AUTO,2024-03-20,20406.45,0.2571963388211751
NIFTY AUTO,2024-03-21,20700.25,1.43974086624572
NIFTY AUTO,2024-03-22,21046.4,1.6722020265455884
NIFTY AUTO,2024-03-26,21038.3,-0.03848639197203685
NIFTY AUTO,2024-03-27,21146.2,0.5128741390701741
NIFTY AUTO,2024-03-28,21419.1,1.2905391985321035
NIFTY AUTO,2024-04-01,21385.25,-0.1580365188079691
NIFTY AUTO,2024-04-02,21614.25,1.0708315310786531
NIFTY AUTO,2024-04-03,21555.35,-0.27250540731230677
NIFTY AUTO,2024-04-04,21651.85,0.4476846815291813
NIFTY AUTO,2024-04-05,21600.9,-0.23531476525099349
NIFTY AUTO,2024-04-08,22067.95,2.162178427750683
NIFTY AUTO,2024-04-09,21999.35,-0.31085805432766733
NIFTY AUTO,2024-04-10,21985.15,-0.06454736162657682
NIFTY AUTO,2024-04-12,21851.3,-0.6088200444390957
NIFTY AUTO,2024-04-15,21680.3,-0.7825621358912294
NIFTY AUTO,2024-04-16,21703.05,0.10493397231587931
NIFTY AUTO,2024-04-18,21520.75,-0.839974105022101
NIFTY AUTO,2024-04-19,21609.7,0.41332202641637394
NIFTY AUTO,2024-04-22,21812.7,0.9393929577921067
NIFTY AUTO,2024-04-23,21914.3,0.4657836948199767
NIFTY AUTO,2024-04-24,21896.9,-0.07940020899593891
NIFTY AUTO,2024-04-25,22174.05,1.2657042777744598
NIFTY AUTO,2024-04-26,22111.55,-0.28186100419184124
NIFTY AUTO,2024-04-29,22078.75,-0.14833876413005154
NIFTY AUTO,2024-04-30,22479.9,1.816905395459445
NIFTY AUTO,2024-05-02,22733.5,1.128118897326047
NIFTY AUTO,2024-05-03,22541.35,-0.8452284074163763
NIFTY AUTO,2024-05-06,22526.6,-0.06543530001530407
NIFTY AUTO,2024-05-07,22114.0,-1.831612404890215
NIFTY AUTO,2024-05-08,22458.65,1.5585149678936538
NIFTY AUTO,2024-05-09,22633.3,0.7776513726337031
NIFTY AUTO,2024-05-10,22846.9,0.9437421851873129
NIFTY AUTO,2024-05-13,22462.65,-1.6818474278786133
NIFTY AUTO,2024-05-14,22874.8,1.8348235849287464
NIFTY AUTO,2024-05-15,22759.85,-0.5025180548026698
NIFTY AUTO,2024-05-16,22886.85,0.5580001625669739
NIFTY AUTO,2024-05-17,23285.65,1.7424853136189578
NIFTY AUTO,2024-05-18,23339.3,0.23039940907811918
NIFTY AUTO,2024-05-21,23353.75,0.06191273945663767
NIFTY AUTO,2024-05-22,23324.1,-0.12696033827543918
NIFTY AUTO,2024-05-23,23849.25,2.2515338212407032
NIFTY AUTO,2024-05-24,23891.45,0.17694476765517386
NIFTY AUTO,2024-05-27,23877.15,-0.059854048205532084
NIFTY AUTO,2024-05-28,23814.25,-0.2634317747302384
NIFTY AUTO,2024-05-29,23757.95,-0.23641307200520378
NIFTY AUTO,2024-05-30,23471.0,-1.2078062290727942
NIFTY AUTO,2024-05-31,23419.6,-0.21899365174045116
NIFTY AUTO,2024-06-03,23992.7,2.4470955951425344
NIFTY AUTO,2024-06-04,23193.3,-3.3318467700592325
NIFTY AUTO,2024-06-05,24283.75,4.701573299185546
NIFTY AUTO,2024-06-06,24396.7,0.4651258557677451
NIFTY AUTO,2024-06-07,25020.2,2.5556735132210573
NIFTY AUTO,2024-06-10,25022.65,0.009792087992899212
NIFTY AUTO,2024-06-11,25230.8,0.8318463472094084
NIFTY AUTO,2024-06-12,25217.6,-0.052317009369506895
NIFTY AUTO,2024-06-13,25393.2,0.6963390647801715
NIFTY AUTO,2024-06-14,25722.1,1.2952286438889127
NIFTY AUTO,2024-06-18,25715.3,-0.02643641071295999
NIFTY AUTO,2024-06-19,25381.7,-1.297282162759128
NIFTY AUTO,2024-06-20,25267.85,-0.44855151546193683
NIFTY AUTO,2024-06-21,25092.3,-0.6947563801431467
NIFTY AUTO,2024-06-24,25309.8,0.866799775229854
NIFTY AUTO,2024-06-25,25250.25,-0.2352843562572593
NIFTY AUTO,2024-06-26,25018.9,-0.916228552192544
NIFTY AUTO,2024-06-27,25191.4,0.689478754061934
NIFTY AUTO,2024-06-28,25200.6,0.03652039981898447
NIFTY AUTO,2024-07-01,25323.85,0.4890756569287946
NIFTY AUTO,2024-07-02,25130.85,-0.7621274016391677
NIFTY AUTO,2024-07-03,25182.8,0.20671803779019893
NIFTY AUTO,2024-07-04,25366.45,0.729267595342864
NIFTY AUTO,2024-07-05,25398.3,0.12555954814330583
NIFTY AUTO,2024-07-08,25260.5,-0.5425559978423755
NIFTY AUTO,2024-07-09,25823.55,2.228974089982372
NIFTY AUTO,2024-07-10,25302.8,-2.01657014624248
NIFTY AUTO,2024-07-11,25257.25,-0.18001960257362226
NIFTY AUTO,2024-07-12,25145.45,-0.44264518108662054
NIFTY AUTO,2024-07-15,25419.8,1.0910522579631543
NIFTY AUTO,2024-07-16,25482.9,0.24823169340435491
NIFTY AUTO,2024-07-18,25576.7,0.3680899740610366
NIFTY AUTO,2024-07-19,24963.35,-2.3980810659702034
NIFTY AUTO,2024-07-22,25250.75,1.1512877878970595
NIFTY AUTO,2024-07-23,25321.7,0.2809817530172509
NIFTY AUTO,2024-07-24,25309.05,-0.04995715137610102
NIFTY AUTO,2024-07-25,25627.35,1.257652894913086
NIFTY AUTO,2024-07-26,26250.7,2.4323623004329553
NIFTY AUTO,2024-07-29,26426.55,0.669886898254135
NIFTY AUTO,2024-07-30,26580.95,0.5842609042799873
NIFTY AUTO,2024-07-31,26685.25,0.3923862766379571
NIFTY AUTO,2024-08-01,26487.45,-0.7412334529374842
NIFTY AUTO,2024-08-02,25714.45,-2.9183632248479974
NIFTY AUTO,2024-08-05,24706.5,-3.9197805125133933
NIFTY AUTO,2024-08-06,24520.05,-0.754659704935956
NIFTY AUTO,2024-08-07,24937.6,1.7028921229769178
NIFTY AUTO,2024-08-08,24917.35,-0.08120268189401036
NIFTY AUTO,2024-08-09,25346.65,1.7228958938249939
NIFTY AUTO,2024-08-12,25278.95,-0.26709644075252337
NIFTY AUTO,2024-08-13,25081.85,-0.7797001062148645
NIFTY AUTO,2024-08-14,25093.5,0.046447929478898864
NIFTY AUTO,2024-08-16,25597.35,2.0078904895689975
NIFTY AUTO,2024-08-19,25368.75,-0.8930611957878365
NIFTY AUTO,2024-08-20,25500.0,0.5173688100517326
NIFTY AUTO,2024-08-21,25586.75,0.3401960784313651
NIFTY AUTO,2024-08-22,25563.65,-0.09028110252375932
NIFTY AUTO,2024-08-23,25850.7,1.1228834693011391
NIFTY AUTO,2024-08-26,25941.45,0.35105432348059296
NIFTY AUTO,2024-08-27,25911.9,-0.11391036353017858
NIFTY AUTO,2024-08-28,25879.4,-0.12542499778094296
NIFTY AUTO,2024-08-29,26020.4,0.5448348879804055
NIFTY AUTO,2024-08-30,26172.8,0.5856943013942795
NIFTY AUTO,2024-09-02,26071.4,-0.38742511309449723
NIFTY AUTO,2024-09-03,26034.65,-0.14095905858526603
NIFTY AUTO,2024-09-04,25934.25,-0.38563990681649285
NIFTY AUTO,2024-09-05,25835.3,-0.38154178354878887
NIFTY AUTO,2024-09-06,25527.15,-1.1927479069335334
NIFTY AUTO,2024-09-09,25495.25,-0.12496498825760316
NIFTY AUTO,2024-09-10,25556.45,0.24004471421146256
NIFTY AUTO,2024-09-11,25240.6,-1.235891526405275
NIFTY AUTO,2024-09-12,25779.8,2.136240818364077
NIFTY AUTO,2024-09-13,25820.85,0.159233198085329
NIFTY AUTO,2024-09-16,25829.65,0.03408098494046552
NIFTY AUTO,2024-09-17,25896.4,0.2584239430267088
NIFTY AUTO,2024-09-18,25804.45,-0.3550686581918705
NIFTY AUTO,2024-09-19,25907.65,0.3999310196497241
NIFTY AUTO,2024-09-20,26394.55,1.879367677114674
NIFTY AUTO,2024-09-23,26805.4,1.5565713376435752
NIFTY AUTO,2024-09-24,26920.45,0.4292045632596331
NIFTY AUTO,2024-09-25,26888.35,-0.11924020586581152
NIFTY AUTO,2024-09-26,27496.25,2.260830433998362
NIFTY AUTO,2024-09-27,27610.75,0.4164204209665012
NIFTY AUTO,2024-09-30,27027.2,-2.113488405783981
NIFTY AUTO,2024-10-01,27083.45,0.20812366800853077
NIFTY AUTO,2024-10-03,26302.1,-2.884972187812118
NIFTY AUTO,2024-10-04,25926.3,-1.428783253048238
NIFTY AUTO,2024-10-07,25807.15,-0.4595719404619891
NIFTY AUTO,2024-10-08,26236.1,1.662136268437231
NIFTY AUTO,2024-10-09,26450.25,0.8162417432469038
NIFTY AUTO,2024-10-10,26528.5,0.29583841362557095
NIFTY AUTO,2024-10-11,26436.6,-0.3464198880449354
NIFTY AUTO,2024-10-14,26463.55,0.10194200464508363
NIFTY AUTO,2024-10-15,26242.6,-0.8349219964819521
NIFTY AUTO,2024-10-16,25909.0,-1.271215504561285
NIFTY AUTO,2024-10-17,24991.2,-3.5423983943803306
NIFTY AUTO,2024-10-18,25146.9,0.6230193027945807
NIFTY AUTO,2024-10-21,25251.85,0.4173476651197383
NIFTY AUTO,2024-10-22,24627.25,-2.473482140912442
NIFTY AUTO,2024-10-23,24451.3,-0.7144524865748347
NIFTY AUTO,2024-10-24,24324.85,-0.5171504173602237
NIFTY AUTO,2024-10-25,23799.3,-2.1605477526069006
NIFTY AUTO,2024-10-28,23964.45,0.6939279726714709
NIFTY AUTO,2024-10-29,23588.6,-1.5683648070371037
NIFTY AUTO,2024-10-30,23594.0,0.022892414132247296
NIFTY AUTO,2024-10-31,23514.7,-0.3361023989149725
NIFTY AUTO,2024-11-01,23805.6,1.23709849583451
NIFTY AUTO,2024-11-04,23573.2,-0.9762408844977588
NIFTY AUTO,2024-11-05,23839.6,1.1300968896882813
NIFTY AUTO,2024-11-06,24137.9,1.2512793838822978
NIFTY AUTO,2024-11-07,23812.5,-1.3480874475410132
NIFTY AUTO,2024-11-08,23805.2,-0.030656167979004056
NIFTY AUTO,2024-11-11,23729.45,-0.3182077865340305
NIFTY AUTO,2024-11-12,23269.1,-1.9399943951503351
NIFTY AUTO,2024-11-13,22765.2,-2.165532831093586
NIFTY AUTO,2024-11-14,22914.5,0.6558255583082984
NIFTY AUTO,2024-11-18,23043.85,0.5644897335748134
NIFTY AUTO,2024-11-19,23359.5,1.3697797894015151
NIFTY AUTO,2024-11-21,23145.9,-0.9144031336287051
NIFTY AUTO,2024-11-22,23554.1,1.76359528037362
NIFTY AUTO,2024-11-25,23716.45,0.6892642894443135
NIFTY AUTO,2024-11-26,23413.0,-1.2794916608514395
NIFTY AUTO,2024-11-27,23517.35,0.4456925639601872
NIFTY AUTO,2024-11-28,23134.7,-1.6270965903896428
NIFTY AUTO,2024-11-29,23368.55,1.0108192455488885
NIFTY AUTO,2025-01-01,23139.55,-0.9799495475756981
NIFTY AUTO,2025-01-02,24016.2,3.788535213519717
NIFTY AUTO,2025-01-03,24005.0,-0.04663518791482302
NIFTY AUTO,2025-01-06,23482.2,-2.177879608414912
NIFTY AUTO,2025-01-07,23482.1,-0.0004258544770152639
NIFTY AUTO,2025-01-08,23370.15,-0.4767461172552556
NIFTY AUTO,2025-01-09,23305.2,-0.27791862696645575
NIFTY AUTO,2025-01-10,23017.75,-1.2334157183804484
NIFTY AUTO,2025-01-13,22382.25,-2.760912773837587
NIFTY AUTO,2025-01-14,22833.05,2.014095991243048
NIFTY AUTO,2025-01-15,22712.75,-0.5268678516448744
NIFTY AUTO,2025-01-16,22861.25,0.6538177895675235
NIFTY AUTO,2025-01-17,22791.1,-0.3068511126906981
NIFTY AUTO,2025-01-20,22671.8,-0.5234499431795658
NIFTY AUTO,2025-01-21,22303.2,-1.6258082728323187
NIFTY AUTO,2025-01-22,22274.35,-0.12935363535278022
NIFTY AUTO,2025-01-23,22518.95,1.0981240754500243
NIFTY AUTO,2025-01-24,22171.05,-1.5449210553778125
NIFTY AUTO,2025-01-27,21970.45,-0.9047834901820151
NIFTY AUTO,2025-01-28,22264.15,1.3367955594901337
NIFTY AUTO,2025-01-29,22586.35,1.4471695528461614
NIFTY AUTO,2025-01-30,22495.7,-0.4013486021424373
NIFTY AUTO,2025-01-31,22867.6,1.653204834701727
NIFTY AUTO,2025-02-01,23305.45,1.9147177666217763
NIFTY AUTO,2025-02-03,23327.0,0.0924676416889536
NIFTY AUTO,2025-02-04,23535.05,0.8918849401980511
NIFTY AUTO,2025-02-05,23517.1,-0.07626922398720204
NIFTY AUTO,2025-02-06,23298.85,-0.9280481011689323
NIFTY AUTO,2025-02-07,23459.95,0.6914504363949359
NIFTY AUTO,2025-02-10,23112.65,-1.480395312010463
NIFTY AUTO,2025-02-11,22573.9,-2.330974596162705
NIFTY AUTO,2025-02-12,22407.45,-0.7373559730485257
NIFTY AUTO,2025-02-13,22344.3,-0.281825910578859
NIFTY AUTO,2025-02-14,22069.3,-1.230738935656972
NIFTY AUTO,2025-02-17,21951.85,-0.5321872465370525
NIFTY AUTO,2025-02-18,21818.9,-0.6056437156777061
NIFTY AUTO,2025-02-19,21809.15,-0.044686029084872736
NIFTY AUTO,2025-02-20,22074.9,1.2185252520157785
NIFTY AUTO,2025-02-21,21505.9,-2.577588120444485
NIFTY AUTO,2025-02-24,21552.5,0.21668472372697867
NIFTY AUTO,2025-02-25,21662.65,0.5110776012063667
NIFTY AUTO,2025-02-27,21335.35,-1.5108954813931041
NIFTY AUTO,2025-02-28,20498.6,-3.9218948833743106
NIFTY AUTO,2025-03-03,20538.15,0.1929400056589481
NIFTY AUTO,2025-03-04,20269.2,-1.3095142454408015
NIFTY AUTO,2025-03-05,20796.75,2.60271742347995
NIFTY AUTO,2025-03-06,20959.7,0.7835358890211142
NIFTY AUTO,2025-03-07,21009.7,0.23855303272470874
NIFTY AUTO,2025-03-10,20752.8,-1.2227685307262925
NIFTY AUTO,2025-03-11,20682.65,-0.3380266759184236
NIFTY AUTO,2025-03-12,20783.7,0.4885737562642989
NIFTY AUTO,2025-03-13,20554.05,-1.1049524386899434
NIFTY AUTO,2025-03-17,20741.15,0.9102828882872283
NIFTY AUTO,2025-03-18,21234.95,2.3807744507898576
NIFTY AUTO,2025-03-19,21319.5,0.39816434698456415
NIFTY AUTO,2025-03-20,21623.05,1.4238138793123634
NIFTY AUTO,2025-03-21,21756.0,0.6148531312650141
NIFTY AUTO,2025-03-24,21938.7,0.8397683397683542
NIFTY AUTO,2025-03-25,21737.6,-0.9166450154293626
NIFTY AUTO,2025-03-26,21742.8,0.023921684086558592
NIFTY AUTO,2025-03-27,21516.75,-1.0396545063193319
NIFTY AUTO,2025-03-28,21295.5,-1.0282686744048197
NIFTY AUTO,2025-04-01,21235.25,-0.28292362236153057
NIFTY AUTO,2025-04-02,21408.85,0.8175086236328788
NIFTY AUTO,2025-04-03,21164.0,-1.1436859055951043
NIFTY AUTO,2025-04-04,20593.15,-2.697268947268938
NIFTY AUTO,2025-04-07,19815.55,-3.77601289749262
NIFTY AUTO,2025-04-08,20138.15,1.6280143624577859
NIFTY AUTO,2025-04-09,20140.4,0.011172823720162484
NIFTY AUTO,2025-04-11,20548.65,2.0270203173720525
NIFTY AUTO,2025-04-15,21246.2,3.394626897630748
NIFTY AUTO,2025-04-16,21155.8,-0.42548785194529426
NIFTY AUTO,2025-04-17,21373.1,1.027141493113004
NIFTY AUTO,2025-04-21,21826.0,2.119018766580427
NIFTY AUTO,2025-04-22,21903.7,0.35599743425271946
NIFTY AUTO,2025-04-23,22424.45,2.3774522112702368
NIFTY AUTO,2025-04-24,22367.55,-0.25374089442551373
NIFTY AUTO,2025-04-25,21994.5,-1.6678178879671601
NIFTY AUTO,2025-04-28,22352.95,1.6297256132215
NIFTY AUTO,2025-04-29,22299.05,-0.24113148376389004
NIFTY AUTO,2025-04-30,22308.4,0.041930037378290486
NIFTY AUTO,2025-05-02,22286.5,-0.09816929945671848
NIFTY AUTO,2025-05-05,22699.2,1.8517936867610496
NIFTY AUTO,2025-05-06,22737.6,0.16916895749627958
NIFTY AUTO,2025-05-07,23114.1,1.6558475828583497
NIFTY AUTO,2025-05-08,22674.15,-1.9033836489415479
NIFTY AUTO,2025-05-09,22627.8,-0.20441780618017935
NIFTY AUTO,2025-05-12,23400.45,3.414605043353758
NIFTY AUTO,2025-05-13,23167.25,-0.9965620319267399
NIFTY AUTO,2025-05-14,23356.85,0.8183966590769254
NIFTY AUTO,2025-05-15,23804.85,1.9180668626120445
NIFTY AUTO,2025-05-16,23953.15,0.6229822914238126
NIFTY AUTO,2025-05-19,24052.6,0.4151854766492047
NIFTY AUTO,2025-05-20,23531.2,-2.1677490167383073
NIFTY AUTO,2025-05-21,23700.1,0.7177704494458315
NIFTY AUTO,2025-05-22,23459.9,-1.0134978333424582
NIFTY AUTO,2025-05-23,23515.25,0.23593450952474893
NIFTY AUTO,2025-05-26,23763.15,1.0542095023442277
NIFTY AUTO,2025-05-27,23596.9,-0.6996126355302223
NIFTY AUTO,2025-05-28,23437.05,-0.6774194915433851
NIFTY AUTO,2025-05-29,23555.75,0.5064630574240336
NIFTY AUTO,2025-05-30,23325.6,-0.9770438215722321
NIFTY AUTO,2025-06-02,23327.05,0.006216345988963035
NIFTY AUTO,2025-06-03,23268.7,-0.2501387873734551
NIFTY AUTO,2025-06-04,23332.6,0.27461783425801745
NIFTY AUTO,2025-06-05,23306.2,-0.11314641317297092
NIFTY AUTO,2025-06-06,23661.3,1.5236289056130836
NIFTY AUTO,2025-06-09,23777.15,0.4896180683225504
NIFTY AUTO,2025-06-10,23759.0,-0.07633379105570492
NIFTY AUTO,2025-06-11,23805.2,0.1944526284776371
NIFTY AUTO,2025-06-12,23411.8,-1.6525801085477188
NIFTY AUTO,2025-06-13,23327.4,-0.3605019690924971
NIFTY AUTO,2025-06-16,23368.25,0.17511595805790314
NIFTY AUTO,2025-06-17,23227.3,-0.6031688295015658
NIFTY AUTO,2025-06-18,23312.35,0.3661639536235439
NIFTY AUTO,2025-06-19,23434.65,0.5246146355901704
NIFTY AUTO,2025-06-20,23679.35,1.044180305658493
NIFTY AUTO,2025-06-23,23461.15,-0.9214779966510767
NIFTY AUTO,2025-06-24,23598.25,0.584370331377615
NIFTY AUTO,2025-06-25,23827.8,0.9727416227898189
NIFTY AUTO,2025-06-26,23961.7,0.5619486482176361
NIFTY AUTO,2025-06-27,24007.95,0.1930163552669395
NIFTY AUTO,2025-06-30,23872.55,-0.5639798483419112
NIFTY AUTO,2025-07-01,23824.0,-0.203371654892337
NIFTY AUTO,2025-07-02,23899.85,0.3183764271323053
NIFTY AUTO,2025-07-03,24004.95,0.4397517139228979
NIFTY AUTO,2025-07-04,23980.4,-0.1022705733609075
NIFTY AUTO,2025-07-07,23943.9,-0.15220763623625677
NIFTY AUTO,2025-07-08,23852.9,-0.380055045335137
NIFTY AUTO,2025-07-09,23944.4,0.3836011554150698
NIFTY AUTO,2025-07-10,23916.85,-0.11505821820552153
NIFTY AUTO,2025-07-11,23493.8,-1.7688366151897061
NIFTY AUTO,2025-07-14,23552.0,0.24772493168410126
NIFTY AUTO,2025-07-15,23905.25,1.4998726222826164
NIFTY AUTO,2025-07-16,24011.15,0.4429989228307729
NIFTY AUTO,2025-07-17,24002.5,-0.03602493008456609
NIFTY AUTO,2025-07-18,23894.35,-0.45057806478492335
NIFTY AUTO,2025-07-21,24055.0,0.6723346732595781
NIFTY AUTO,2025-07-22,23875.85,-0.744751610891714
NIFTY AUTO,2025-07-23,24079.4,0.8525350929914577
NIFTY AUTO,2025-07-24,24087.3,0.03280812644832487
NIFTY AUTO,2025-07-25,23781.55,-1.2693411050636594
NIFTY AUTO,2025-07-28,23693.0,-0.37234747104372135
NIFTY AUTO,2025-07-29,23888.35,0.8245051280969085
NIFTY AUTO,2025-07-30,23745.8,-0.5967343914502266
NIFTY AUTO,2025-07-31,23655.85,-0.3788038305721497
NIFTY AUTO,2025-08-01,23410.95,-1.0352618908219258
NIFTY AUTO,2025-08-04,23787.5,1.6084353689192366
NIFTY AUTO,2025-08-05,23876.3,0.3733053074093551
NIFTY AUTO,2025-08-06,23748.85,-0.5337929243643291
NIFTY AUTO,2025-08-07,23808.1,0.24948576457386462
NIFTY AUTO,2025-08-08,23474.65,-1.4005737543104968
NIFTY AUTO,2025-08-11,23723.75,1.0611446816033432
NIFTY AUTO,2025-08-12,23856.6,0.5599873544443801
NIFTY AUTO,2025-08-13,24122.65,1.1152050166411076
NIFTY AUTO,2025-08-14,24118.8,-0.015960103885781507
NIFTY AUTO,2025-08-18,25127.2,4.1809708609051865
NIFTY AUTO,2025-08-19,25456.7,1.311327963322606
NIFTY AUTO,2025-08-20,25469.25,0.04929939858662191
NIFTY AUTO,2025-08-21,25377.5,-0.360238326609541
NIFTY AUTO,2025-08-22,25329.45,-0.189340951630379
NIFTY AUTO,2025-08-25,25423.4,0.37091212008157903
NIFTY AUTO,2025-08-26,25320.3,-0.40553191154606427
NIFTY AUTO,2025-08-28,25183.5,-0.5402779587919571
NIFTY AUTO,2025-08-29,24960.85,-0.8841106279905531
NIFTY AUTO,2025-09-01,25660.0,2.8009863446156746
NIFTY AUTO,2025-09-02,25584.95,-0.29247856586126497
NIFTY AUTO,2025-09-03,25775.45,0.7445783556348617
NIFTY AUTO,2025-09-04,25994.85,0.8511975542619066
NIFTY AUTO,2025-09-05,26320.6,1.2531328320801949
NIFTY AUTO,2025-09-08,27189.2,3.300076745970837
NIFTY AUTO,2025-09-09,27182.5,-0.024642137319230706
NIFTY AUTO,2025-09-10,26833.95,-1.282258806217229
NIFTY AUTO,2025-09-11,26744.45,-0.3335327076334216
NIFTY AUTO,2025-09-12,26866.65,0.45691722955603087
NIFTY AUTO,2025-09-15,26760.65,-0.3945411876806415
NIFTY AUTO,2025-09-16,27146.4,1.44148217625506
NIFTY AUTO,2025-09-17,27294.65,0.5461129284177746
NIFTY AUTO,2025-09-18,27329.35,0.12713114108442447
NIFTY AUTO,2025-09-19,27219.55,-0.40176586709892437
NIFTY AUTO,2025-09-22,27154.3,-0.239717408994633
NIFTY AUTO,2025-09-23,27321.95,0.6173976129010939
NIFTY AUTO,2025-09-24,27007.6,-1.150540133482425
NIFTY AUTO,2025-09-25,26758.5,-0.9223329729409424
NIFTY AUTO,2025-09-26,26484.55,-1.0237868340901013
NIFTY AUTO,2025-09-29,26436.55,-0.1812377404939891
NIFTY AUTO,2025-09-30,26542.35,0.400203506130703
NIFTY AUTO,2025-10-01,26768.65,0.8525997132883933
NIFTY AUTO,2025-10-03,26753.1,-0.05809034075309194
NIFTY AUTO,2025-10-06,26857.2,0.3891137849445503
NIFTY AUTO,2025-10-07,26933.55,0.284281310039769
NIFTY AUTO,2025-10-08,26522.4,-1.526534749411046
NIFTY AUTO,2025-10-09,26587.0,0.24356770126383598
NIFTY AUTO,2025-10-10,26721.2,0.5047579644187117
NIFTY AUTO,2025-10-13,26698.15,-0.0862610960585597
NIFTY AUTO,2025-10-14,26640.55,-0.21574528572205764
NIFTY AUTO,2025-10-15,26708.65,0.2556253530801911
NIFTY AUTO,2025-10-16,27048.75,1.2733702377319744
NIFTY AUTO,2025-10-17,27228.6,0.6649105781228348
NIFTY AUTO,2025-10-20,27185.45,-0.15847307610379335
NIFTY AUTO,2025-10-21,27229.85,0.16332265973157956
NIFTY AUTO,2025-10-23,27218.75,-0.04076408794024822
NIFTY AUTO,2025-10-24,27108.7,-0.4043168771526995
NIFTY AUTO,2025-10-27,27263.65,0.5715877190717311
NIFTY AUTO,2025-10-28,27148.35,-0.42290742435441286
NIFTY AUTO,2025-10-29,26948.9,-0.7346671160494034
NIFTY AUTO,2025-10-30,26829.55,-0.44287521939672114
NIFTY AUTO,2025-10-31,26809.85,-0.07342650174900767
NIFTY AUTO,2025-11-03,26841.8,0.11917261752676378
NIFTY AUTO,2025-11-04,26610.05,-0.8633921719109705
NIFTY AUTO,2025-11-06,26626.5,0.061818748931319334
NIFTY AUTO,2025-11-07,26779.55,0.5748032974667971
NIFTY AUTO,2025-11-10,26859.85,0.29985567345232056
NIFTY AUTO,2025-11-11,27148.25,1.0737215583854764
NIFTY AUTO,2025-11-12,27485.15,1.2409639663698346
NIFTY AUTO,2025-11-13,27382.8,-0.37238290495049675
NIFTY AUTO,2025-11-14,27239.8,-0.5222256306878781
NIFTY AUTO,2025-11-17,27472.65,0.8548153804359915
NIFTY AUTO,2025-11-18,27368.25,-0.3800143051362004
NIFTY AUTO,2025-11-19,27434.45,0.2418861271729078
NIFTY AUTO,2025-11-20,27554.0,0.4357659803641001
NIFTY AUTO,2025-11-21,27537.85,-0.05861217971983024
NIFTY AUTO,2025-11-24,27442.2,-0.3473401155137279
NIFTY AUTO,2025-11-25,27378.7,-0.2313954420563924
NIFTY AUTO,2025-11-26,27696.4,1.1603911069554051
NIFTY AUTO,2025-11-27,27603.65,-0.33488106757556535
NIFTY AUTO,2025-11-28,27774.6,0.6193021575045199
NIFTY AUTO,2025-12-01,27993.0,0.7863299561469805
NIFTY BANK,2019-01-01,27392.4,
NIFTY BANK,2019-01-02,27174.7,-0.7947459879382612
NIFTY BANK,2019-01-03,26959.85,-0.7906251034970113
NIFTY BANK,2019-01-04,27195.0,0.8722229537627246
NIFTY BANK,2019-01-07,27304.55,0.40283140283139396
NIFTY BANK,2019-01-08,27509.5,0.7506074994826806
NIFTY BANK,2019-01-09,27720.4,0.7666442501681248
NIFTY BANK,2019-01-10,27528.55,-0.6920895802369431
NIFTY BANK,2019-01-11,27453.9,-0.2711730185570915
NIFTY BANK,2019-01-14,27248.25,-0.7490739020685644
NIFTY BANK,2019-01-15,27400.75,0.5596689695668511
NIFTY BANK,2019-01-16,27483.7,0.3027289399012867
NIFTY BANK,2019-01-17,27528.75,0.16391533890995902
NIFTY BANK,2019-01-18,27456.7,-0.26172637696952883
NIFTY BANK,2019-01-21,27533.6,0.2800773581675742
NIFTY BANK,2019-01-22,27482.25,-0.1864994043641155
NIFTY BANK,2019-01-23,27250.75,-0.8423618881277961
NIFTY BANK,2019-01-24,27266.4,0.05742961202903629
NIFTY BANK,2019-01-25,27115.3,-0.5541618988938901
NIFTY BANK,2019-01-28,26653.05,-1.7047570928590106
NIFTY BANK,2019-01-29,26573.4,-0.2988400952236181
NIFTY BANK,2019-01-30,26825.5,0.9486930539561955
NIFTY BANK,2019-01-31,27295.45,1.7518778773927712
NIFTY BANK,2019-02-01,27085.95,-0.7675271885973722
NIFTY BANK,2019-02-04,27186.6,0.3715948674497316
NIFTY BANK,2019-02-05,27271.7,0.3130218563557108
NIFTY BANK,2019-02-06,27402.35,0.4790680448963469
NIFTY BANK,2019-02-07,27387.15,-0.055469695117382756
NIFTY BANK,2019-02-08,27294.4,-0.33866247491980417
NIFTY BANK,2019-02-11,27227.8,-0.24400609648866922
NIFTY BANK,2019-02-12,27010.75,-0.7971631935007606
NIFTY BANK,2019-02-13,26885.4,-0.4640744888609105
NIFTY BANK,2019-02-14,26970.6,0.3169006226427573
NIFTY BANK,2019-02-15,26794.25,-0.6538601291776969
NIFTY BANK,2019-02-18,26654.25,-0.5225001632813031
NIFTY BANK,2019-02-19,26684.85,0.1148034553589028
NIFTY BANK,2019-02-20,26955.5,1.0142459110694002
NIFTY BANK,2019-02-21,27052.4,0.35948136743892967
NIFTY BANK,2019-02-22,26867.55,-0.6833035146604494
NIFTY BANK,2019-02-25,27159.25,1.0856963139549425
NIFTY BANK,2019-02-26,26952.95,-0.7595938768559463
NIFTY BANK,2019-02-27,26799.3,-0.5700674694235741
NIFTY BANK,2019-02-28,26789.9,-0.03507554301790394
NIFTY BANK,2019-03-01,27043.9,0.9481185073479281
NIFTY BANK,2019-03-05,27554.05,1.886377334629974
NIFTY BANK,2019-03-06,27625.65,0.2598529072858735
NIFTY BANK,2019-03-07,27764.6,0.5029745906431016
NIFTY BANK,2019-03-08,27761.8,-0.010084784221631171
NIFTY BANK,2019-03-11,27966.65,0.7378844311247912
NIFTY BANK,2019-03-12,28443.7,1.7057817078556026
NIFTY BANK,2019-03-13,28884.3,1.5490249158864655
NIFTY BANK,2019-03-14,28923.1,0.13432902995744733
NIFTY BANK,2019-03-15,29381.45,1.5847194802770082
NIFTY BANK,2019-03-18,29596.1,0.7305629912750966
NIFTY BANK,2019-03-19,29767.85,0.5803129466382506
NIFTY BANK,2019-03-20,29832.2,0.21617281731802773
NIFTY BANK,2019-03-22,29582.5,-0.8370150374427676
NIFTY BANK,2019-03-25,29281.2,-1.0185075635933405
NIFTY BANK,2019-03-26,29882.15,2.0523407510621094
NIFTY BANK,2019-03-27,30019.8,0.460642892161367
NIFTY BANK,2019-03-28,30420.55,1.3349522648385292
NIFTY BANK,2019-03-29,30426.8,0.020545322158871393
NIFTY BANK,2019-04-01,30326.5,-0.3296436036651862
NIFTY BANK,2019-04-02,30354.25,0.09150413005127866
NIFTY BANK,2019-04-03,30093.3,-0.8596819226302732
NIFTY BANK,2019-04-04,29904.9,-0.6260529752469712
NIFTY BANK,2019-04-05,30084.65,0.6010720651130841
NIFTY BANK,2019-04-08,29845.3,-0.7955884479294295
NIFTY BANK,2019-04-09,30113.85,0.899806669726888
NIFTY BANK,2019-04-10,29803.5,-1.0305889150673098
NIFTY BANK,2019-04-11,29786.1,-0.058382404751122774
NIFTY BANK,2019-04-12,29938.55,0.5118159141344503
NIFTY BANK,2019-04-15,30104.25,0.5534670182757662
NIFTY BANK,2019-04-16,30531.35,1.4187365571306287
NIFTY BANK,2019-04-18,30223.4,-1.0086353862505115
NIFTY BANK,2019-04-22,29687.95,-1.7716405169504457
NIFTY BANK,2019-04-23,29479.7,-0.7014630515074338
NIFTY BANK,2019-04-24,29860.8,1.2927539968181412
NIFTY BANK,2019-04-25,29561.35,-1.0028197503081038
NIFTY BANK,2019-04-26,30013.5,1.529530958498171
NIFTY BANK,2019-04-30,29764.8,-0.8286271177969984
NIFTY BANK,2019-05-02,29708.6,-0.18881363220986103
NIFTY BANK,2019-05-03,29954.15,0.8265283453276151
NIFTY BANK,2019-05-06,29618.45,-1.120712822764125
NIFTY BANK,2019-05-07,29288.2,-1.1150144588930155
NIFTY BANK,2019-05-08,28994.4,-1.0031343681072946
NIFTY BANK,2019-05-09,28884.6,-0.3786938167370302
NIFTY BANK,2019-05-10,29040.5,0.5397339758902664
NIFTY BANK,2019-05-13,28659.95,-1.3104113221191094
NIFTY BANK,2019-05-14,28829.2,0.5905453428913798
NIFTY BANK,2019-05-15,28616.45,-0.737967061174083
NIFTY BANK,2019-05-16,28855.3,0.8346597848440274
NIFTY BANK,2019-05-17,29450.15,2.0614930359414085
NIFTY BANK,2019-05-20,30759.7,4.446666655348097
NIFTY BANK,2019-05-21,30308.4,-1.4671794588373754
NIFTY BANK,2019-05-22,30526.8,0.7205923110424672
NIFTY BANK,2019-05-23,30409.1,-0.38556284969273324
NIFTY BANK,2019-05-24,31212.55,2.642136728808153
NIFTY BANK,2019-05-27,31647.65,1.3939905582850631
NIFTY BANK,2019-05-28,31597.9,-0.15719966569397448
NIFTY BANK,2019-05-29,31295.55,-0.9568673867567212
NIFTY BANK,2019-05-30,31537.1,0.7718349733428553
NIFTY BANK,2019-05-31,31375.4,-0.5127294519787662
NIFTY BANK,2019-06-03,31653.65,0.8868412832983896
NIFTY BANK,2019-06-04,31589.05,-0.20408388921973053
NIFTY BANK,2019-06-06,30857.4,-2.316150691457952
NIFTY BANK,2019-06-07,31066.55,0.6777952776319429
NIFTY BANK,2019-06-10,31034.0,-0.10477507158019872
NIFTY BANK,2019-06-11,31265.45,0.7457949345878845
NIFTY BANK,2019-06-12,30965.7,-0.9587260058626978
NIFTY BANK,2019-06-13,30976.1,0.03358554788039925
NIFTY BANK,2019-06-14,30614.35,-1.1678358476373774
NIFTY BANK,2019-06-17,30273.25,-1.1141833813228086
NIFTY BANK,2019-06-18,30351.0,0.25682739712451497
NIFTY BANK,2019-06-19,30362.1,0.03657210635563679
NIFTY BANK,2019-06-20,30781.1,1.3800099466110716
NIFTY BANK,2019-06-21,30628.35,-0.49624607307731106
NIFTY BANK,2019-06-24,30602.05,-0.08586815809535908
NIFTY BANK,2019-06-25,30847.05,0.8005999598066138
NIFTY BANK,2019-06-26,31162.35,1.0221398804747928
NIFTY BANK,2019-06-27,31269.5,0.34384441481467576
NIFTY BANK,2019-06-28,31105.2,-0.525432130350656
NIFTY BANK,2019-07-01,31372.2,0.8583773774159864
NIFTY BANK,2019-07-02,31283.3,-0.2833719025124193
NIFTY BANK,2019-07-03,31382.3,0.31646277726453675
NIFTY BANK,2019-07-04,31471.85,0.28535193405199166
NIFTY BANK,2019-07-05,31475.8,0.012550898660235177
NIFTY BANK,2019-07-08,30603.85,-2.770223473271527
NIFTY BANK,2019-07-09,30569.15,-0.11338442712272023
NIFTY BANK,2019-07-10,30522.1,-0.15391334073732166
NIFTY BANK,2019-07-11,30716.55,0.6370793621670812
NIFTY BANK,2019-07-12,30601.45,-0.3747165615930137
NIFTY BANK,2019-07-15,30445.95,-0.5081458558336305
NIFTY BANK,2019-07-16,30570.8,0.41007096181922
NIFTY BANK,2019-07-17,30735.5,0.5387493948473709
NIFTY BANK,2019-07-18,30430.6,-0.9920124936962149
NIFTY BANK,2019-07-19,29770.35,-2.1696910346821974
NIFTY BANK,2019-07-22,29284.95,-1.6304813346164848
NIFTY BANK,2019-07-23,29128.1,-0.5355993436901962
NIFTY BANK,2019-07-24,28952.25,-0.6037125662161191
NIFTY BANK,2019-07-25,29043.05,0.3136198395634171
NIFTY BANK,2019-07-26,29325.3,0.9718331924505108
NIFTY BANK,2019-07-29,29295.9,-0.10025472885186737
NIFTY BANK,2019-07-30,28791.6,-1.7214012882348806
NIFTY BANK,2019-07-31,28876.0,0.29314105502995513
NIFTY BANK,2019-08-01,28367.25,-1.7618437456711433
NIFTY BANK,2019-08-02,28204.95,-0.5721386457975264
NIFTY BANK,2019-08-05,27648.05,-1.9744761114627085
NIFTY BANK,2019-08-06,28022.1,1.3528983056671162
NIFTY BANK,2019-08-07,27702.05,-1.1421342440430915
NIFTY BANK,2019-08-08,28110.45,1.4742591252272064
NIFTY BANK,2019-08-09,28431.9,1.1435249168903372
NIFTY BANK,2019-08-13,27729.1,-2.4718713839033013
NIFTY BANK,2019-08-14,28019.2,1.0461933492251996
NIFTY BANK,2019-08-16,28217.0,0.7059444952032923
NIFTY BANK,2019-08-19,28186.1,-0.10950845235142559
NIFTY BANK,2019-08-20,27982.45,-0.7225192559452975
NIFTY BANK,2019-08-21,27719.05,-0.9413042817909112
NIFTY BANK,2019-08-22,27034.2,-2.470683519096073
NIFTY BANK,2019-08-23,26958.65,-0.27946083109542386
NIFTY BANK,2019-08-26,27951.35,3.682306050191664
NIFTY BANK,2019-08-27,28126.15,0.6253722986546473
NIFTY BANK,2019-08-28,27804.3,-1.1443087660415685
NIFTY BANK,2019-08-29,27305.2,-1.7950460899932685
NIFTY BANK,2019-08-30,27427.85,0.449181840821522
NIFTY BANK,2019-09-03,26824.15,-2.2010474754674436
NIFTY BANK,2019-09-04,27123.85,1.117276782302512
NIFTY BANK,2019-09-05,26919.7,-0.7526586380620648
NIFTY BANK,2019-09-06,27247.9,1.2191814916213906
NIFTY BANK,2019-09-09,27504.65,0.9422744505081182
NIFTY BANK,2019-09-11,27776.2,0.9872876040960321
NIFTY BANK,2019-09-12,27818.5,0.15228864999532465
NIFTY BANK,2019-09-13,28098.75,1.0074231177094273
NIFTY BANK,2019-09-16,27855.0,-0.8674763112238137
NIFTY BANK,2019-09-17,27131.75,-2.5964817806497953
NIFTY BANK,2019-09-18,27172.65,0.15074589733430344
NIFTY BANK,2019-09-19,26757.65,-1.5272709875555068
NIFTY BANK,2019-09-20,28981.55,8.311267992518022
NIFTY BANK,2019-09-23,30566.2,5.467788989891842
NIFTY BANK,2019-09-24,30183.1,-1.2533451982909338
NIFTY BANK,2019-09-25,29586.05,-1.9780937014421962
NIFTY BANK,2019-09-26,30002.6,1.4079270466993643
NIFTY BANK,2019-09-27,29876.65,-0.4197969509309063
NIFTY BANK,2019-09-30,29103.15,-2.5889783493129204
NIFTY BANK,2019-10-01,28725.5,-1.297625858369289
NIFTY BANK,2019-10-03,28414.1,-1.0840542375241569
NIFTY BANK,2019-10-04,27731.85,-2.4010966386406762
NIFTY BANK,2019-10-07,27767.55,0.12873284688905695
NIFTY BANK,2019-10-09,28785.85,3.667230274186961
NIFTY BANK,2019-10-10,28013.45,-2.683262783624585
NIFTY BANK,2019-10-11,28042.5,0.10370018687451132
NIFTY BANK,2019-10-14,28181.95,0.4972809129000666
NIFTY BANK,2019-10-15,28555.1,1.3240744519098069
NIFTY BANK,2019-10-16,28538.8,-0.05708262271888476
NIFTY BANK,2019-10-17,28989.45,1.5790783074270953
NIFTY BANK,2019-10-18,29120.25,0.4511986257069278
NIFTY BANK,2019-10-22,29411.15,0.998961203973181
NIFTY BANK,2019-10-23,29459.6,0.16473344292895487
NIFTY BANK,2019-10-24,29107.95,-1.1936686173607214
NIFTY BANK,2019-10-25,29395.95,0.9894204160719067
NIFTY BANK,2019-10-27,29516.3,0.4094101398321781
NIFTY BANK,2019-10-29,29873.05,1.2086542012379686
NIFTY BANK,2019-10-30,29987.5,0.38312124138646375
NIFTY BANK,2019-10-31,30066.25,0.2626094205919083
NIFTY BANK,2019-11-01,30330.55,0.8790587452708554
NIFTY BANK,2019-11-04,30333.1,0.008407364851614751
NIFTY BANK,2019-11-05,30219.85,-0.373354520309499
NIFTY BANK,2019-11-06,30609.6,1.2897152037485204
NIFTY BANK,2019-11-07,30633.15,0.0769366473263311
NIFTY BANK,2019-11-08,30749.4,0.37949084570148006
NIFTY BANK,2019-11-11,31115.55,1.190754941559824
NIFTY BANK,2019-11-13,30541.55,-1.8447367955893412
NIFTY BANK,2019-11-14,30749.95,0.6823491276637839
NIFTY BANK,2019-11-15,31008.4,0.8404891715271035
NIFTY BANK,2019-11-18,30992.1,-0.05256640136221957
NIFTY BANK,2019-11-19,31236.25,0.7877814023573793
NIFTY BANK,2019-11-20,31353.85,0.3764856536876193
NIFTY BANK,2019-11-21,31349.95,-0.012438663832348151
NIFTY BANK,2019-11-22,31111.6,-0.76028829392073
NIFTY BANK,2019-11-25,31555.9,1.4280847015261333
NIFTY BANK,2019-11-26,31718.35,0.5148007187245396
NIFTY BANK,2019-11-27,31875.95,0.4968732610618254
NIFTY BANK,2019-11-28,32122.95,0.7748788663553663
NIFTY BANK,2019-11-29,31946.1,-0.5505409683730811
NIFTY BANK,2020-01-01,32102.9,0.4908267362839336
NIFTY BANK,2020-01-02,32443.85,1.0620535839441114
NIFTY BANK,2020-01-03,32069.25,-1.1546101957689903
NIFTY BANK,2020-01-06,31237.15,-2.5946974126304756
NIFTY BANK,2020-01-07,31399.4,0.5194135828652691
NIFTY BANK,2020-01-08,31373.65,-0.08200793645738447
NIFTY BANK,2020-01-09,32092.4,2.2909352274918637
NIFTY BANK,2020-01-10,32097.4,0.015580012713289904
NIFTY BANK,2020-01-13,32177.65,0.2500202508614491
NIFTY BANK,2020-01-14,32071.65,-0.32942119763251787
NIFTY BANK,2020-01-15,31824.9,-0.7693710800660392
NIFTY BANK,2020-01-16,31853.9,0.09112361704199934
NIFTY BANK,2020-01-17,31590.65,-0.826429416806107
NIFTY BANK,2020-01-20,31080.65,-1.6144017296256918
NIFTY BANK,2020-01-21,30947.55,-0.42824072212133135
NIFTY BANK,2020-01-22,30701.45,-0.7952164226247227
NIFTY BANK,2020-01-23,31004.05,0.9856212003016118
NIFTY BANK,2020-01-24,31241.75,0.7666740312959108
NIFTY BANK,2020-01-27,30837.4,-1.2942616850848632
NIFTY BANK,2020-01-28,30761.4,-0.2464539812046418
NIFTY BANK,2020-01-29,30877.0,0.3757956399903728
NIFTY BANK,2020-01-30,30647.4,-0.7435955565631369
NIFTY BANK,2020-01-31,30833.6,0.6075556164633733
NIFTY BANK,2020-02-01,29820.9,-3.2844040267759778
NIFTY BANK,2020-02-03,30023.25,0.678550949166512
NIFTY BANK,2020-02-04,30686.7,2.2097874147535723
NIFTY BANK,2020-02-05,31001.95,1.0273180237692525
NIFTY BANK,2020-02-06,31304.05,0.974454832679883
NIFTY BANK,2020-02-07,31201.95,-0.32615588078858115
NIFTY BANK,2020-02-10,31058.15,-0.460868631607958
NIFTY BANK,2020-02-11,31300.6,0.7806324587910085
NIFTY BANK,2020-02-12,31492.9,0.6143652198360439
NIFTY BANK,2020-02-13,31230.25,-0.8339975041993686
NIFTY BANK,2020-02-14,30834.8,-1.2662402638467518
NIFTY BANK,2020-02-17,30680.7,-0.49976001141567306
NIFTY BANK,2020-02-18,30562.5,-0.3852584849759033
NIFTY BANK,2020-02-19,30838.2,0.9020858895705475
NIFTY BANK,2020-02-20,30942.85,0.3393518428442599
NIFTY BANK,2020-02-24,30455.1,-1.5762930693197341
NIFTY BANK,2020-02-25,30432.7,-0.07355089952092442
NIFTY BANK,2020-02-26,30306.85,-0.41353544049658186
NIFTY BANK,2020-02-27,30187.0,-0.39545515287797706
NIFTY BANK,2020-02-28,29147.15,-3.4446947361446933
NIFTY BANK,2020-03-02,28868.4,-0.9563542233117173
NIFTY BANK,2020-03-03,29177.05,1.0691621288329012
NIFTY BANK,2020-03-04,28653.7,-1.7937042984126128
NIFTY BANK,2020-03-05,28815.35,0.5641505285530313
NIFTY BANK,2020-03-06,27801.45,-3.5186107404560296
NIFTY BANK,2020-03-09,26462.6,-4.8157560127259575
NIFTY BANK,2020-03-11,26487.8,0.09522873791691921
NIFTY BANK,2020-03-12,23971.15,-9.501166574800468
NIFTY BANK,2020-03-13,25166.45,4.9864107479199005
NIFTY BANK,2020-03-16,23101.15,-8.206560718734657
NIFTY BANK,2020-03-17,22155.15,-4.095034229897642
NIFTY BANK,2020-03-18,20580.2,-7.108730927120788
NIFTY BANK,2020-03-19,20083.5,-2.413484805784205
NIFTY BANK,2020-03-20,20317.6,1.165633480220074
NIFTY BANK,2020-03-23,16917.65,-16.734013859904696
NIFTY BANK,2020-03-24,17107.3,1.1210185811859175
NIFTY BANK,2020-03-25,18481.05,8.030197634927783
NIFTY BANK,2020-03-26,19613.9,6.129792408981105
NIFTY BANK,2020-03-27,19969.0,1.8104507517627821
NIFTY BANK,2020-03-30,18782.4,-5.9422104261605435
NIFTY BANK,2020-03-31,19144.0,1.9252065763693649
NIFTY BANK,2020-04-01,18208.35,-4.887432093606359
NIFTY BANK,2020-04-03,17249.3,-5.267089000376202
NIFTY BANK,2020-04-07,19062.5,10.511730910819583
NIFTY BANK,2020-04-08,18946.45,-0.6087868852458933
NIFTY BANK,2020-04-09,19913.6,5.104650211517181
NIFTY BANK,2020-04-13,19488.0,-2.1372328458942547
NIFTY BANK,2020-04-15,19057.05,-2.2113608374384253
NIFTY BANK,2020-04-16,19400.0,1.7995964747954174
NIFTY BANK,2020-04-17,20681.45,6.605412371134034
NIFTY BANK,2020-04-20,20522.65,-0.7678378450253653
NIFTY BANK,2020-04-21,19409.35,-5.424738033343656
NIFTY BANK,2020-04-22,19701.85,1.507005644186954
NIFTY BANK,2020-04-23,20267.95,2.8733342300342413
NIFTY BANK,2020-04-24,19586.65,-3.3614647756679883
NIFTY BANK,2020-04-27,20081.15,2.5246787990799824
NIFTY BANK,2020-04-28,20671.1,2.937829755765975
NIFTY BANK,2020-04-29,21090.2,2.0274683011547667
NIFTY BANK,2020-04-30,21534.5,2.1066656551383955
NIFTY BANK,2020-05-04,19743.75,-8.315725928161788
NIFTY BANK,2020-05-05,19271.75,-2.3906299461854963
NIFTY BANK,2020-05-06,19694.55,2.193884831424242
NIFTY BANK,2020-05-07,19491.8,-1.029472620598082
NIFTY BANK,2020-05-08,19352.9,-0.712607352835537
NIFTY BANK,2020-05-11,18950.5,-2.079274940706566
NIFTY BANK,2020-05-12,18862.85,-0.4625207778159002
NIFTY BANK,2020-05-13,19634.95,4.093230874443687
NIFTY BANK,2020-05-14,19068.5,-2.884906760648742
NIFTY BANK,2020-05-15,18833.95,-1.2300390696698749
NIFTY BANK,2020-05-18,17573.2,-6.694028602603275
NIFTY BANK,2020-05-19,17486.25,-0.4947875173559768
NIFTY BANK,2020-05-20,17840.2,2.0241618414468476
NIFTY BANK,2020-05-21,17735.1,-0.5891189560655263
NIFTY BANK,2020-05-22,17278.9,-2.5723001279947533
NIFTY BANK,2020-05-26,17440.35,0.9343766096221229
NIFTY BANK,2020-05-27,18710.55,7.2831107173881415
NIFTY BANK,2020-05-28,19169.8,2.4544975962758953
NIFTY BANK,2020-05-29,19297.25,0.6648478335715691
NIFTY BANK,2020-06-01,19959.9,3.4339089766676656
NIFTY BANK,2020-06-02,20530.2,2.8572287436309685
NIFTY BANK,2020-06-03,20940.7,1.999493429192123
NIFTY BANK,2020-06-04,20390.45,-2.6276581012096067
NIFTY BANK,2020-06-05,21034.5,3.1585864951484632
NIFTY BANK,2020-06-08,21187.35,0.7266633388005372
NIFTY BANK,2020-06-09,20724.9,-2.182670319789859
NIFTY BANK,2020-06-10,21100.1,1.8103826797716716
NIFTY BANK,2020-06-11,20525.15,-2.72486860251846
NIFTY BANK,2020-06-12,20654.55,0.6304460625135455
NIFTY BANK,2020-06-15,19912.9,-3.5907342449968516
NIFTY BANK,2020-06-16,20296.7,1.9273937999989998
NIFTY BANK,2020-06-17,20201.75,-0.46781003808501476
NIFTY BANK,2020-06-18,20956.3,3.735072456594102
NIFTY BANK,2020-06-19,21338.1,1.82188649713928
NIFTY BANK,2020-06-22,21708.35,1.7351591753717477
NIFTY BANK,2020-06-23,22264.9,2.563760027823414
NIFTY BANK,2020-06-24,21426.8,-3.7642208139268662
NIFTY BANK,2020-06-25,21506.15,0.37033061399742717
NIFTY BANK,2020-06-26,21592.05,0.399420630842795
NIFTY BANK,2020-06-29,21359.0,-1.079332439485825
NIFTY BANK,2020-06-30,21370.15,0.05220281848401509
NIFTY BANK,2020-07-01,21977.6,2.842516313643073
NIFTY BANK,2020-07-02,21953.2,-0.11102213162491603
NIFTY BANK,2020-07-03,21852.4,-0.4591585736931303
NIFTY BANK,2020-07-06,22198.95,1.585866998590535
NIFTY BANK,2020-07-07,22628.0,1.9327490714650786
NIFTY BANK,2020-07-08,22584.65,-0.19157680749513073
NIFTY BANK,2020-07-09,22907.2,1.4281824159329437
NIFTY BANK,2020-07-10,22398.45,-2.2209174408046373
NIFTY BANK,2020-07-13,22089.25,-1.380452665251397
NIFTY BANK,2020-07-14,21392.2,-3.1556073655737538
NIFTY BANK,2020-07-15,21340.75,-0.2405082226232036
NIFTY BANK,2020-07-16,21597.15,1.201457305858522
NIFTY BANK,2020-07-17,21966.8,1.7115684245374796
NIFTY BANK,2020-07-20,22321.85,1.6163027842016175
NIFTY BANK,2020-07-21,22782.0,2.06143308014346
NIFTY BANK,2020-07-22,22882.6,0.4415766833465007
NIFTY BANK,2020-07-23,23083.9,0.8797077255207064
NIFTY BANK,2020-07-24,22662.05,-1.8274641633346245
NIFTY BANK,2020-07-27,21848.75,-3.588819193320991
NIFTY BANK,2020-07-28,22105.2,1.1737513587733783
NIFTY BANK,2020-07-29,22076.6,-0.12938132204187713
NIFTY BANK,2020-07-30,21646.85,-1.9466312747433934
NIFTY BANK,2020-07-31,21640.05,-0.031413346514619356
NIFTY BANK,2020-08-03,21072.1,-2.624531828715737
NIFTY BANK,2020-08-04,21490.5,1.9855638498298855
NIFTY BANK,2020-08-05,21509.95,0.0905051069077123
NIFTY BANK,2020-08-06,21642.6,0.6166913451681522
NIFTY BANK,2020-08-07,21754.0,0.5147255874987433
NIFTY BANK,2020-08-10,21900.25,0.6722901535349823
NIFTY BANK,2020-08-11,22227.2,1.4929053321309116
NIFTY BANK,2020-08-12,22264.0,0.16556291390728006
NIFTY BANK,2020-08-13,22196.35,-0.3038537549407194
NIFTY BANK,2020-08-14,21679.4,-2.3289865225588735
NIFTY BANK,2020-08-17,21700.85,0.09894185263428223
NIFTY BANK,2020-08-18,22170.6,2.1646617528806367
NIFTY BANK,2020-08-19,22285.9,0.5200580949545897
NIFTY BANK,2020-08-20,21999.45,-1.285341852920463
NIFTY BANK,2020-08-21,22299.6,1.3643522906254368
NIFTY BANK,2020-08-24,22833.0,2.3919711564333035
NIFTY BANK,2020-08-25,23092.15,1.1349800727018078
NIFTY BANK,2020-08-26,23414.2,1.3946297767856164
NIFTY BANK,2020-08-27,23600.35,0.7950303661880209
NIFTY BANK,2020-08-28,24523.8,3.912865699025647
NIFTY BANK,2020-08-31,23754.35,-3.1375643252677055
NIFTY BANK,2020-09-01,23812.0,0.2426923910778589
NIFTY BANK,2020-09-02,23874.55,0.26268268100118064
NIFTY BANK,2020-09-03,23530.85,-1.439608285810623
NIFTY BANK,2020-09-04,23011.5,-2.2071025908541264
NIFTY BANK,2020-09-07,22945.05,-0.288768659148686
NIFTY BANK,2020-09-08,22744.4,-0.8744805524502963
NIFTY BANK,2020-09-09,22267.0,-2.0989782100209298
NIFTY BANK,2020-09-10,22466.2,0.8945973862666712
NIFTY BANK,2020-09-11,22479.95,0.061203051695435384
NIFTY BANK,2020-09-14,22101.25,-1.684612287838727
NIFTY BANK,2020-09-15,22465.65,1.648775521746515
NIFTY BANK,2020-09-16,22573.55,0.4802887964514557
NIFTY BANK,2020-09-17,22320.35,-1.1216667294244864
NIFTY BANK,2020-09-18,22031.05,-1.2961266288387008
NIFTY BANK,2020-09-21,21366.8,-3.015062831776061
NIFTY BANK,2020-09-22,21139.1,-1.0656719770859469
NIFTY BANK,2020-09-23,21178.5,0.18638447237584455
NIFTY BANK,2020-09-24,20456.85,-3.4074651179262005
NIFTY BANK,2020-09-25,20982.35,2.5688216905339845
NIFTY BANK,2020-09-28,21665.5,3.255831687108457
NIFTY BANK,2020-09-29,21411.3,-1.1732939465971315
NIFTY BANK,2020-09-30,21451.8,0.1891524568802483
NIFTY BANK,2020-10-01,22246.0,3.702253423955093
NIFTY BANK,2020-10-05,22370.95,0.5616740088105754
NIFTY BANK,2020-10-06,22853.7,2.157932497278847
NIFTY BANK,2020-10-07,22964.8,0.4861357241934483
NIFTY BANK,2020-10-08,23191.35,0.9865097888942964
NIFTY BANK,2020-10-09,23846.8,2.8262692771227282
NIFTY BANK,2020-10-12,23712.8,-0.5619202576446325
NIFTY BANK,2020-10-13,23492.2,-0.9302992476637018
NIFTY BANK,2020-10-14,23874.65,1.6279871616962316
NIFTY BANK,2020-10-15,23072.4,-3.360258684420503
NIFTY BANK,2020-10-16,23533.25,1.9974081586657588
NIFTY BANK,2020-10-19,24266.75,3.1168665611422064
NIFTY BANK,2020-10-20,24311.8,0.18564496687853982
NIFTY BANK,2020-10-21,24635.05,1.329601263583946
NIFTY BANK,2020-10-22,24484.15,-0.6125418864585175
NIFTY BANK,2020-10-23,24478.3,-0.023893008333975008
NIFTY BANK,2020-10-26,24075.45,-1.6457433727015247
NIFTY BANK,2020-10-27,24769.5,2.882812159274284
NIFTY BANK,2020-10-28,24232.5,-2.1679888572639694
NIFTY BANK,2020-10-29,24092.0,-0.5797998555658768
NIFTY BANK,2020-10-30,23900.9,-0.7932093641042637
NIFTY BANK,2020-11-02,24892.5,4.148797744017996
NIFTY BANK,2020-11-03,25682.8,3.1748518630109412
NIFTY BANK,2020-11-04,25771.6,0.34575669319545366
NIFTY BANK,2020-11-05,26313.1,2.1011501032143887
NIFTY BANK,2020-11-06,26798.95,1.8464187039915592
NIFTY BANK,2020-11-09,27534.1,2.743204491220741
NIFTY BANK,2020-11-10,28606.0,3.8929908731355045
NIFTY BANK,2020-11-11,28845.0,0.8354890582395358
NIFTY BANK,2020-11-12,28278.8,-1.9629051828739863
NIFTY BANK,2020-11-13,28465.7,0.6609191337680675
NIFTY BANK,2020-11-14,28594.3,0.4517717814773503
NIFTY BANK,2020-11-17,29181.3,2.052856688221083
NIFTY BANK,2020-11-18,29749.85,1.9483367773197147
NIFTY BANK,2020-11-19,28903.05,-2.8464009062230566
NIFTY BANK,2020-11-20,29236.0,1.151954551509271
NIFTY BANK,2020-11-23,29024.2,-0.7244493090710069
NIFTY BANK,2020-11-24,29737.25,2.4567429937776053
NIFTY BANK,2020-11-25,29196.4,-1.8187626629900144
NIFTY BANK,2020-11-26,29549.75,1.210251948870411
NIFTY BANK,2020-11-27,29609.05,0.20067851673872816
NIFTY BANK,2020-12-01,29817.85,0.7051897983893385
NIFTY BANK,2021-01-01,31225.85,4.722003766200444
NIFTY BANK,2021-01-04,31212.45,-0.04291316329259054
NIFTY BANK,2021-01-05,31722.25,1.633322600436693
NIFTY BANK,2021-01-06,31797.9,0.23847614844469955
NIFTY BANK,2021-01-07,31956.0,0.4972026454577172
NIFTY BANK,2021-01-08,32084.2,0.4011766178495524
NIFTY BANK,2021-01-11,31998.9,-0.2658629481177677
NIFTY BANK,2021-01-12,32339.0,1.0628490354355868
NIFTY BANK,2021-01-13,32574.65,0.7286867250069662
NIFTY BANK,2021-01-14,32519.75,-0.16853596278088023
NIFTY BANK,2021-01-15,32246.8,-0.8393360957571927
NIFTY BANK,2021-01-18,31811.75,-1.3491261148392941
NIFTY BANK,2021-01-19,32424.85,1.9272752992211872
NIFTY BANK,2021-01-20,32543.7,0.3665398606315984
NIFTY BANK,2021-01-21,32186.9,-1.0963719552478657
NIFTY BANK,2021-01-22,31167.25,-3.1679037123798826
NIFTY BANK,2021-01-25,31198.4,0.09994465344231873
NIFTY BANK,2021-01-27,30284.55,-2.9291566234165956
NIFTY BANK,2021-01-28,30358.3,0.24352351281429208
NIFTY BANK,2021-01-29,30565.5,0.6825151605985846
NIFTY BANK,2021-02-01,33089.05,8.25620389000672
NIFTY BANK,2021-02-02,34267.9,3.5626589460863833
NIFTY BANK,2021-02-03,34758.45,1.4315146244736177
NIFTY BANK,2021-02-04,35344.8,1.6869279268782345
NIFTY BANK,2021-02-05,35654.5,0.8762250741268796
NIFTY BANK,2021-02-08,35983.65,0.9231653788441818
NIFTY BANK,2021-02-09,36056.5,0.20245305854185158
NIFTY BANK,2021-02-10,35783.1,-0.7582544062790353
NIFTY BANK,2021-02-11,35752.1,-0.08663307539034104
NIFTY BANK,2021-02-12,36108.9,0.9979833352446565
NIFTY BANK,2021-02-15,37306.25,3.3159414991871694
NIFTY BANK,2021-02-16,37098.4,-0.5571452504607111
NIFTY BANK,2021-02-17,36910.95,-0.505277855648778
NIFTY BANK,2021-02-18,36587.0,-0.8776528374371262
NIFTY BANK,2021-02-19,35841.6,-2.037335665673601
NIFTY BANK,2021-02-22,35257.2,-1.6305075666264934
NIFTY BANK,2021-02-23,35116.95,-0.3977910894795933
NIFTY BANK,2021-02-24,36452.3,3.8025796659448163
NIFTY BANK,2021-02-25,36549.0,0.2652781854642905
NIFTY BANK,2021-02-26,34803.6,-4.775506853812694
NIFTY BANK,2021-03-01,35296.0,1.4147961705111012
NIFTY BANK,2021-03-02,35419.7,0.35046464188575044
NIFTY BANK,2021-03-03,36368.05,2.6774648006617996
NIFTY BANK,2021-03-04,35802.5,-1.5550737529232417
NIFTY BANK,2021-03-05,35228.15,-1.6042175825710436
NIFTY BANK,2021-03-08,35275.75,0.13511921574080876
NIFTY BANK,2021-03-09,35865.65,1.6722536019786904
NIFTY BANK,2021-03-10,35938.3,0.20256150383444194
NIFTY BANK,2021-03-12,35496.65,-1.2289117737900868
NIFTY BANK,2021-03-15,35182.55,-0.8848722344221183
NIFTY BANK,2021-03-16,34804.6,-1.074254140191666
NIFTY BANK,2021-03-17,34229.25,-1.65308608632192
NIFTY BANK,2021-03-18,33856.8,-1.088104472052398
NIFTY BANK,2021-03-19,34161.6,0.9002622811370209
NIFTY BANK,2021-03-22,33603.45,-1.6338520444007298
NIFTY BANK,2021-03-23,34184.4,1.7288403422862864
NIFTY BANK,2021-03-24,33293.25,-2.6068908624986897
NIFTY BANK,2021-03-25,33006.45,-0.8614358766416697
NIFTY BANK,2021-03-26,33318.2,0.9445123604628902
NIFTY BANK,2021-03-30,33875.1,1.6714588423144106
NIFTY BANK,2021-03-31,33303.9,-1.6861942842973043
NIFTY BANK,2021-04-01,33858.0,1.6637691081224704
NIFTY BANK,2021-04-05,32678.85,-3.4826333510544094
NIFTY BANK,2021-04-06,32501.35,-0.5431647686500618
NIFTY BANK,2021-04-07,32991.2,1.5071681637839562
NIFTY BANK,2021-04-08,32782.85,-0.6315320449089445
NIFTY BANK,2021-04-09,32448.05,-1.0212656922750751
NIFTY BANK,2021-04-12,30792.0,-5.10369652413627
NIFTY BANK,2021-04-13,31771.6,3.1813458041049625
NIFTY BANK,2021-04-15,32112.85,1.074072442055174
NIFTY BANK,2021-04-16,31977.45,-0.42163806700432627
NIFTY BANK,2021-04-19,31208.4,-2.404976006529602
NIFTY BANK,2021-04-20,31112.7,-0.30664821009728227
NIFTY BANK,2021-04-22,31782.6,2.1531400360624398
NIFTY BANK,2021-04-23,31722.3,-0.18972645409752742
NIFTY BANK,2021-04-26,32275.15,1.7427803154248078
NIFTY BANK,2021-04-27,32735.35,1.4258647907135824
NIFTY BANK,2021-04-28,33722.8,3.016463853296214
NIFTY BANK,2021-04-29,33714.5,-0.024612428386738827
NIFTY BANK,2021-04-30,32781.8,-2.7664654673804967
NIFTY BANK,2021-05-03,32465.75,-0.9641020322252114
NIFTY BANK,2021-05-04,32270.35,-0.6018650423908367
NIFTY BANK,2021-05-05,32783.7,1.5907791517600467
NIFTY BANK,2021-05-06,32827.8,0.13451806843036707
NIFTY BANK,2021-05-07,32904.5,0.23364343635576823
NIFTY BANK,2021-05-10,33142.4,0.7230014131805795
NIFTY BANK,2021-05-11,32872.2,-0.8152698657912683
NIFTY BANK,2021-05-12,32452.3,-1.2773711525240095
NIFTY BANK,2021-05-14,32169.55,-0.8712787691473323
NIFTY BANK,2021-05-17,33459.25,4.009070689518501
NIFTY BANK,2021-05-18,33922.4,1.3842211047767172
NIFTY BANK,2021-05-19,33685.2,-0.6992429780911857
NIFTY BANK,2021-05-20,33334.55,-1.0409616092527108
NIFTY BANK,2021-05-21,34606.9,3.8169106827600663
NIFTY BANK,2021-05-24,34943.6,0.9729273641961411
NIFTY BANK,2021-05-25,34662.0,-0.805870030563538
NIFTY BANK,2021-05-26,34684.2,0.06404708326119835
NIFTY BANK,2021-05-27,35095.05,1.1845451242929128
NIFTY BANK,2021-05-28,35141.45,0.13221237752900628
NIFTY BANK,2021-05-31,35526.65,1.0961414511922563
NIFTY BANK,2021-06-01,35337.2,-0.5332616500570819
NIFTY BANK,2021-06-02,35373.75,0.10343207724439196
NIFTY BANK,2021-06-03,35649.0,0.778119368175556
NIFTY BANK,2021-06-04,35291.65,-1.0024124098852671
NIFTY BANK,2021-06-07,35443.65,0.4306967795498329
NIFTY BANK,2021-06-08,35085.3,-1.0110414700517545
NIFTY BANK,2021-06-09,34800.5,-0.8117359691950821
NIFTY BANK,2021-06-10,35131.2,0.9502737029640329
NIFTY BANK,2021-06-11,35047.4,-0.23853440816139493
NIFTY BANK,2021-06-14,34950.6,-0.2761973784075389
NIFTY BANK,2021-06-15,35247.75,0.8501999965665918
NIFTY BANK,2021-06-16,35003.5,-0.69295203239923
NIFTY BANK,2021-06-17,34605.4,-1.1373148399445698
NIFTY BANK,2021-06-18,34558.0,-0.13697284238876062
NIFTY BANK,2021-06-21,34871.3,0.906591816656066
NIFTY BANK,2021-06-22,34745.0,-0.36218896341692064
NIFTY BANK,2021-06-23,34574.0,-0.4921571449129414
NIFTY BANK,2021-06-24,34827.0,0.7317637531092824
NIFTY BANK,2021-06-25,35364.65,1.5437735090590765
NIFTY BANK,2021-06-28,35359.45,-0.014703948717165183
NIFTY BANK,2021-06-29,35010.3,-0.9874305171601816
NIFTY BANK,2021-06-30,34772.2,-0.6800855748165691
NIFTY BANK,2021-07-01,34684.0,-0.2536509050333202
NIFTY BANK,2021-07-02,34809.9,0.3629915811325102
NIFTY BANK,2021-07-05,35212.0,1.155131155217326
NIFTY BANK,2021-07-06,35579.15,1.0426843121663198
NIFTY BANK,2021-07-07,35771.3,0.54006349224196
NIFTY BANK,2021-07-08,35274.1,-1.389941098031111
NIFTY BANK,2021-07-09,35071.95,-0.5730833671163893
NIFTY BANK,2021-07-12,35198.9,0.36197017844745716
NIFTY BANK,2021-07-13,35673.4,1.3480534903079322
NIFTY BANK,2021-07-14,35668.25,-0.014436526936045802
NIFTY BANK,2021-07-15,35907.65,0.6711851576682415
NIFTY BANK,2021-07-16,35751.8,-0.4340300743713388
NIFTY BANK,2021-07-19,35079.2,-1.8813038784061376
NIFTY BANK,2021-07-20,34415.45,-1.8921469132705426
NIFTY BANK,2021-07-22,34677.3,0.7608501414335889
NIFTY BANK,2021-07-23,35034.4,1.0297802885461005
NIFTY BANK,2021-07-26,34949.7,-0.2417623821158732
NIFTY BANK,2021-07-27,34797.45,-0.4356260568760262
NIFTY BANK,2021-07-28,34532.9,-0.7602568579019309
NIFTY BANK,2021-07-29,34691.5,0.459272172334213
NIFTY BANK,2021-07-30,34584.35,-0.30886528400329016
NIFTY BANK,2021-08-02,34710.0,0.3633146206304394
NIFTY BANK,2021-08-03,35207.45,1.4331604724863167
NIFTY BANK,2021-08-04,36028.05,2.3307567006414898
NIFTY BANK,2021-08-05,35834.75,-0.5365264009570381
NIFTY BANK,2021-08-06,35809.25,-0.07115997739624014
NIFTY BANK,2021-08-09,36028.95,0.613528627379778
NIFTY BANK,2021-08-10,36034.1,0.01429406074837658
NIFTY BANK,2021-08-11,35806.4,-0.6319014489053365
NIFTY BANK,2021-08-12,35937.05,0.3648789043299461
NIFTY BANK,2021-08-13,36169.35,0.6464080941535055
NIFTY BANK,2021-08-16,36094.5,-0.20694317149740904
NIFTY BANK,2021-08-17,35867.45,-0.6290432060286233
NIFTY BANK,2021-08-18,35554.5,-0.8725181187957287
NIFTY BANK,2021-08-20,35033.85,-1.4643715985318329
NIFTY BANK,2021-08-23,35124.4,0.25846431379936696
NIFTY BANK,2021-08-24,35712.1,1.6731958410677317
NIFTY BANK,2021-08-25,35586.25,-0.35240156697589065
NIFTY BANK,2021-08-26,35617.55,0.08795531982157545
NIFTY BANK,2021-08-27,35627.8,0.028777947949820692
NIFTY BANK,2021-08-30,36347.65,2.0204727768764696
NIFTY BANK,2021-08-31,36424.6,0.2117055710616711
NIFTY BANK,2021-09-01,36574.3,0.4109859820011774
NIFTY BANK,2021-09-02,36831.3,0.7026792037031493
NIFTY BANK,2021-09-03,36761.15,-0.19046300293500407
NIFTY BANK,2021-09-06,36592.35,-0.4591804119294496
NIFTY BANK,2021-09-07,36468.8,-0.33763887807150006
NIFTY BANK,2021-09-08,36768.2,0.8209757381652194
NIFTY BANK,2021-09-09,36683.2,-0.23117802884013994
NIFTY BANK,2021-09-13,36471.8,-0.576285602128479
NIFTY BANK,2021-09-14,36613.05,0.3872855192230684
NIFTY BANK,2021-09-15,36852.25,0.6533189668710859
NIFTY BANK,2021-09-16,37668.6,2.2151971724928554
NIFTY BANK,2021-09-17,37811.95,0.38055568829209463
NIFTY BANK,2021-09-20,37145.7,-1.7620091002976568
NIFTY BANK,2021-09-21,37235.85,0.24269296311552058
NIFTY BANK,2021-09-22,36944.65,-0.7820420374450854
NIFTY BANK,2021-09-23,37771.7,2.2386191234725406
NIFTY BANK,2021-09-24,37830.3,0.1551426067664563
NIFTY BANK,2021-09-27,38171.25,0.9012616870603729
NIFTY BANK,2021-09-28,37945.0,-0.5927235812293263
NIFTY BANK,2021-09-29,37743.0,-0.5323494531558781
NIFTY BANK,2021-09-30,37425.1,-0.842275388813829
NIFTY BANK,2021-10-01,37225.9,-0.5322631068453987
NIFTY BANK,2021-10-04,37579.65,0.9502792410660321
NIFTY BANK,2021-10-05,37741.0,0.4293547172472323
NIFTY BANK,2021-10-06,37521.55,-0.5814631302827111
NIFTY BANK,2021-10-07,37753.2,0.6173785464619552
NIFTY BANK,2021-10-08,37775.25,0.05840564508439172
NIFTY BANK,2021-10-11,38293.8,1.3727242043401588
NIFTY BANK,2021-10-12,38521.5,0.5946132272064863
NIFTY BANK,2021-10-13,38635.75,0.2965876199005679
NIFTY BANK,2021-10-14,39340.9,1.8251231048963756
NIFTY BANK,2021-10-18,39684.8,0.8741538703995078
NIFTY BANK,2021-10-19,39540.5,-0.3636152884731736
NIFTY BANK,2021-10-20,39518.2,-0.05639787053780543
NIFTY BANK,2021-10-21,40030.2,1.295605569079572
NIFTY BANK,2021-10-22,40323.65,0.7330715309941116
NIFTY BANK,2021-10-25,41192.4,2.1544428641752322
NIFTY BANK,2021-10-26,41238.3,0.11142832172925665
NIFTY BANK,2021-10-27,40874.35,-0.8825533545272379
NIFTY BANK,2021-10-28,39508.95,-3.3404812553594176
NIFTY BANK,2021-10-29,39115.6,-0.9955972001280733
NIFTY BANK,2021-11-01,39763.75,1.6570115248136341
NIFTY BANK,2021-11-02,39938.45,0.4393448807016309
NIFTY BANK,2021-11-03,39402.05,-1.3430666437981298
NIFTY BANK,2021-11-04,39573.7,0.4356372320729385
NIFTY BANK,2021-11-08,39438.25,-0.3422727720683083
NIFTY BANK,2021-11-09,39368.8,-0.17609807737412053
NIFTY BANK,2021-11-10,39023.25,-0.8777255085245295
NIFTY BANK,2021-11-11,38560.2,-1.1866002959774025
NIFTY BANK,2021-11-12,38733.35,0.4490381273956068
NIFTY BANK,2021-11-15,38702.35,-0.08003438896970749
NIFTY BANK,2021-11-16,38307.1,-1.0212558152153606
NIFTY BANK,2021-11-17,38041.55,-0.6932135296067732
NIFTY BANK,2021-11-18,37976.25,-0.1716544147123411
NIFTY BANK,2021-11-22,37128.8,-2.2315262828741522
NIFTY BANK,2021-11-23,37272.8,0.38783908987094495
NIFTY BANK,2021-11-24,37441.95,0.4538161876757263
NIFTY BANK,2021-11-25,37364.75,-0.20618584235061466
NIFTY BANK,2021-11-26,36025.5,-3.584260566442976
NIFTY BANK,2021-11-29,35976.45,-0.1361535578965012
NIFTY BANK,2021-11-30,35695.3,-0.781483442640929
NIFTY BANK,2021-12-01,36364.9,1.8758772163282034
NIFTY BANK,2022-01-03,36421.9,0.15674455312677527
NIFTY BANK,2022-01-04,36840.15,1.1483475601217874
NIFTY BANK,2022-01-05,37695.9,2.3228732782032635
NIFTY BANK,2022-01-06,37490.25,-0.5455500465567864
NIFTY BANK,2022-01-07,37739.6,0.6651062609611902
NIFTY BANK,2022-01-10,38347.9,1.6118347836225233
NIFTY BANK,2022-01-11,38442.2,0.24590655550889018
NIFTY BANK,2022-01-12,38727.55,0.742283220003026
NIFTY BANK,2022-01-13,38469.95,-0.6651595569562407
NIFTY BANK,2022-01-14,38370.4,-0.25877340625604095
NIFTY BANK,2022-01-17,38216.15,-0.4020025853261888
NIFTY BANK,2022-01-18,38210.3,-0.015307664429820012
NIFTY BANK,2022-01-19,38041.35,-0.44215826622665544
NIFTY BANK,2022-01-20,37850.85,-0.5007708716961989
NIFTY BANK,2022-01-21,37574.3,-0.7306308841148801
NIFTY BANK,2022-01-24,36947.55,-1.6680284130376366
NIFTY BANK,2022-01-25,37706.75,2.0548047164155703
NIFTY BANK,2022-01-27,37982.1,0.7302406067879019
NIFTY BANK,2022-01-28,37689.4,-0.7706261633769529
NIFTY BANK,2022-01-31,37975.35,0.758701385535443
NIFTY BANK,2022-02-01,38505.5,1.3960371662144144
NIFTY BANK,2022-02-02,39330.5,2.142551064133702
NIFTY BANK,2022-02-03,39010.0,-0.814889208120928
NIFTY BANK,2022-02-04,38789.35,-0.5656241989233535
NIFTY BANK,2022-02-07,37995.45,-2.0466958069676355
NIFTY BANK,2022-02-08,38028.45,0.0868525047077906
NIFTY BANK,2022-02-09,38610.25,1.5299072142041181
NIFTY BANK,2022-02-10,39010.95,1.0378073180049352
NIFTY BANK,2022-02-11,38517.25,-1.2655421106125275
NIFTY BANK,2022-02-14,36908.55,-4.176570238010235
NIFTY BANK,2022-02-15,38170.1,3.418042702842561
NIFTY BANK,2022-02-16,37953.8,-0.5666739149229216
NIFTY BANK,2022-02-17,37531.65,-1.1122733428536868
NIFTY BANK,2022-02-18,37599.15,0.17984820811234314
NIFTY BANK,2022-02-21,37685.6,0.22992541054782656
NIFTY BANK,2022-02-22,37371.65,-0.8330768251002985
NIFTY BANK,2022-02-23,37392.05,0.054586832532144136
NIFTY BANK,2022-02-24,35228.1,-5.787192732144941
NIFTY BANK,2022-02-25,36430.75,3.4138940221016822
NIFTY BANK,2022-02-28,36205.3,-0.6188453435627794
NIFTY BANK,2022-03-02,35372.8,-2.2993871063076377
NIFTY BANK,2022-03-03,34944.3,-1.211382757372892
NIFTY BANK,2022-03-04,34407.8,-1.5353004638810952
NIFTY BANK,2022-03-07,32871.25,-4.465702544190564
NIFTY BANK,2022-03-08,33158.1,0.8726470700079814
NIFTY BANK,2022-03-09,33815.45,1.9824718545393027
NIFTY BANK,2022-03-10,34475.6,1.9522141506323365
NIFTY BANK,2022-03-11,34546.25,0.20492754295793336
NIFTY BANK,2022-03-14,35312.15,2.2170278973839386
NIFTY BANK,2022-03-15,35022.65,-0.8198311346094722
NIFTY BANK,2022-03-16,35748.25,2.071802105209053
NIFTY BANK,2022-03-17,36428.55,1.903030218262436
NIFTY BANK,2022-03-21,36018.5,-1.125628113114585
NIFTY BANK,2022-03-22,36348.55,0.9163346613545897
NIFTY BANK,2022-03-23,36147.35,-0.5535296456117389
NIFTY BANK,2022-03-24,35527.1,-1.7158934195729447
NIFTY BANK,2022-03-25,35410.1,-0.3293260637654116
NIFTY BANK,2022-03-28,35710.5,0.8483455285356545
NIFTY BANK,2022-03-29,35847.4,0.38336063622743666
NIFTY BANK,2022-03-30,36334.3,1.3582575026361843
NIFTY BANK,2022-03-31,36373.6,0.10816225990315509
NIFTY BANK,2022-04-01,37148.5,2.1303912727912655
NIFTY BANK,2022-04-04,38635.2,4.0020458430353845
NIFTY BANK,2022-04-05,38067.9,-1.4683501056031667
NIFTY BANK,2022-04-06,37632.8,-1.1429577150302461
NIFTY BANK,2022-04-07,37557.35,-0.20048999808678358
NIFTY BANK,2022-04-08,37752.05,0.5184071826153991
NIFTY BANK,2022-04-11,37613.8,-0.36620527891862986
NIFTY BANK,2022-04-12,37747.4,0.3551887870940851
NIFTY BANK,2022-04-13,37463.4,-0.7523696996349472
NIFTY BANK,2022-04-18,36729.0,-1.960313265747371
NIFTY BANK,2022-04-19,36341.6,-1.0547523755070953
NIFTY BANK,2022-04-20,36314.9,-0.07346952253064476
NIFTY BANK,2022-04-21,36816.1,1.3801497456966683
NIFTY BANK,2022-04-22,36044.75,-2.095143157477297
NIFTY BANK,2022-04-25,36082.35,0.10431477538337397
NIFTY BANK,2022-04-26,36404.8,0.8936502195671991
NIFTY BANK,2022-04-27,36028.85,-1.0326934909682395
NIFTY BANK,2022-04-28,36422.2,1.0917639613809538
NIFTY BANK,2022-04-29,36088.15,-0.9171604131546052
NIFTY BANK,2022-05-02,36163.75,0.20948704768739557
NIFTY BANK,2022-05-04,35264.55,-2.486467802702974
NIFTY BANK,2022-05-05,35232.85,-0.0898919736676218
NIFTY BANK,2022-05-06,34591.2,-1.821169732224337
NIFTY BANK,2022-05-09,34275.4,-0.9129489581164996
NIFTY BANK,2022-05-10,34482.65,0.6046610688715592
NIFTY BANK,2022-05-11,34693.15,0.6104519229235494
NIFTY BANK,2022-05-12,33532.15,-3.3464819424007364
NIFTY BANK,2022-05-13,33121.35,-1.2250929331999338
NIFTY BANK,2022-05-16,33597.6,1.4378942887291801
NIFTY BANK,2022-05-17,34301.9,2.0962806867157235
NIFTY BANK,2022-05-18,34163.7,-0.40289313419957784
NIFTY BANK,2022-05-19,33315.65,-2.4823130984056085
NIFTY BANK,2022-05-20,34276.4,2.88377984520789
NIFTY BANK,2022-05-23,34247.6,-0.08402282620112445
NIFTY BANK,2022-05-24,34290.15,0.12424228267091664
NIFTY BANK,2022-05-25,34339.5,0.14391888049483104
NIFTY BANK,2022-05-26,35094.9,2.1997990652164567
NIFTY BANK,2022-05-27,35613.3,1.4771377037689382
NIFTY BANK,2022-05-30,35826.95,0.5999163233960214
NIFTY BANK,2022-05-31,35487.4,-0.9477502271334703
NIFTY BANK,2022-06-01,35620.8,0.37590806877934035
NIFTY BANK,2022-06-02,35613.65,-0.02007254188564067
NIFTY BANK,2022-06-03,35275.05,-0.9507590488478379
NIFTY BANK,2022-06-06,35310.2,0.09964550014811557
NIFTY BANK,2022-06-07,34996.0,-0.8898278684346117
NIFTY BANK,2022-06-08,34946.15,-0.1424448508400955
NIFTY BANK,2022-06-09,35085.45,0.3986132950267729
NIFTY BANK,2022-06-10,34483.8,-1.714813405556992
NIFTY BANK,2022-06-13,33405.85,-3.1259605959900183
NIFTY BANK,2022-06-14,33311.35,-0.28288458458622934
NIFTY BANK,2022-06-15,33339.0,0.08300474162710181
NIFTY BANK,2022-06-16,32617.1,-2.165331893578093
NIFTY BANK,2022-06-17,32743.05,0.3861471436761743
NIFTY BANK,2022-06-20,32684.8,-0.177900348318194
NIFTY BANK,2022-06-21,33191.75,1.551026776972786
NIFTY BANK,2022-06-22,32845.3,-1.0437834702900495
NIFTY BANK,2022-06-23,33135.0,0.8820135605398516
NIFTY BANK,2022-06-24,33627.45,1.4861928474422692
NIFTY BANK,2022-06-27,33811.25,0.5465772754104314
NIFTY BANK,2022-06-28,33642.45,-0.4992421161595706
NIFTY BANK,2022-06-29,33269.9,-1.1073807050318685
NIFTY BANK,2022-06-30,33425.1,0.46648772614283907
NIFTY BANK,2022-07-01,33539.45,0.34210817619093614
NIFTY BANK,2022-07-04,33940.9,1.196948667911979
NIFTY BANK,2022-07-05,33815.9,-0.3682872286827954
NIFTY BANK,2022-07-06,34324.25,1.503286915326818
NIFTY BANK,2022-07-07,34920.3,1.736527382244346
NIFTY BANK,2022-07-08,35124.05,0.5834715051130646
NIFTY BANK,2022-07-11,35469.65,0.9839412026802163
NIFTY BANK,2022-07-12,35132.25,-0.9512357748102995
NIFTY BANK,2022-07-13,34827.8,-0.8665826982330982
NIFTY BANK,2022-07-14,34651.2,-0.507066194247141
NIFTY BANK,2022-07-15,34682.65,0.09076164750427829
NIFTY BANK,2022-07-18,35358.7,1.949245516129805
NIFTY BANK,2022-07-19,35720.35,1.0228034401717379
NIFTY BANK,2022-07-20,35972.1,0.7047803283002585
NIFTY BANK,2022-07-21,36201.0,0.6363264863602724
NIFTY BANK,2022-07-22,36738.95,1.4860086737935374
NIFTY BANK,2022-07-25,36726.4,-0.03415993108130122
NIFTY BANK,2022-07-26,36408.5,-0.8655898754029834
NIFTY BANK,2022-07-27,36783.75,1.030665915926221
NIFTY BANK,2022-07-28,37378.15,1.615930947769062
NIFTY BANK,2022-07-29,37491.4,0.30298449762762303
NIFTY BANK,2022-08-01,37903.2,1.0983852296793328
NIFTY BANK,2022-08-02,38024.0,0.31870659997046413
NIFTY BANK,2022-08-03,37989.25,-0.09138964864295884
NIFTY BANK,2022-08-04,37755.55,-0.6151740294951802
NIFTY BANK,2022-08-05,37920.6,0.4371542726830713
NIFTY BANK,2022-08-08,38237.4,0.8354298191484366
NIFTY BANK,2022-08-10,38287.85,0.13193888705820278
NIFTY BANK,2022-08-11,38879.85,1.5461824051232975
NIFTY BANK,2022-08-12,39042.3,0.417825686055906
NIFTY BANK,2022-08-16,39239.65,0.5054773924692002
NIFTY BANK,2022-08-17,39461.7,0.5658817038378228
NIFTY BANK,2022-08-18,39656.15,0.4927562674694741
NIFTY BANK,2022-08-19,38985.95,-1.6900279023556397
NIFTY BANK,2022-08-22,38297.75,-1.7652513277219062
NIFTY BANK,2022-08-23,38697.65,1.0441866689296475
NIFTY BANK,2022-08-24,39038.5,0.8808028394489131
NIFTY BANK,2022-08-25,38950.75,-0.22477810366688944
NIFTY BANK,2022-08-26,38987.15,0.09345134560951873
NIFTY BANK,2022-08-29,38276.7,-1.8222670803072383
NIFTY BANK,2022-08-30,39536.75,3.2919504554990375
NIFTY BANK,2022-09-01,39301.25,-0.595648352482181
NIFTY BANK,2022-09-02,39421.0,0.3046976877325802
NIFTY BANK,2022-09-05,39805.75,0.9760026381877784
NIFTY BANK,2022-09-06,39666.5,-0.3498238319840752
NIFTY BANK,2022-09-07,39455.9,-0.5309266005319335
NIFTY BANK,2022-09-08,40208.95,1.9085865485263254
NIFTY BANK,2022-09-09,40415.7,0.5141890051841624
NIFTY BANK,2022-09-12,40574.0,0.3916794710966398
NIFTY BANK,2022-09-13,40873.1,0.7371715877162677
NIFTY BANK,2022-09-14,41405.4,1.3023235330816618
NIFTY BANK,2022-09-15,41209.2,-0.4738512367952086
NIFTY BANK,2022-09-16,40776.8,-1.0492802578064953
NIFTY BANK,2022-09-19,40904.4,0.31292303466676774
NIFTY BANK,2022-09-20,41468.3,1.378580299429899
NIFTY BANK,2022-09-21,41203.45,-0.6386806307468684
NIFTY BANK,2022-09-22,40630.6,-1.3902962009249231
NIFTY BANK,2022-09-23,39546.25,-2.6688013467681904
NIFTY BANK,2022-09-26,38616.25,-2.351676834086669
NIFTY BANK,2022-09-27,38359.15,-0.6657818923380687
NIFTY BANK,2022-09-28,37759.85,-1.5623391029259026
NIFTY BANK,2022-09-29,37647.75,-0.2968761793280428
NIFTY BANK,2022-09-30,38631.95,2.614233254311338
NIFTY BANK,2022-10-03,38029.65,-1.559072218720503
NIFTY BANK,2022-10-04,39110.05,2.8409412129746237
NIFTY BANK,2022-10-06,39282.85,0.44183016897190175
NIFTY BANK,2022-10-07,39178.05,-0.2667830872759902
NIFTY BANK,2022-10-10,39093.1,-0.21683059774543212
NIFTY BANK,2022-10-11,38712.45,-0.9737012413955415
NIFTY BANK,2022-10-12,39118.55,1.0490165308576493
NIFTY BANK,2022-10-13,38624.0,-1.264233975952589
NIFTY BANK,2022-10-14,39305.6,1.764705882352935
NIFTY BANK,2022-10-17,39920.45,1.5642809167141447
NIFTY BANK,2022-10-18,40318.75,0.9977342439777104
NIFTY BANK,2022-10-19,40373.2,0.13504882963881748
NIFTY BANK,2022-10-20,40099.55,-0.6778011155915142
NIFTY BANK,2022-10-21,40784.05,1.7070016995203163
NIFTY BANK,2022-10-24,41304.9,1.277092392736856
NIFTY BANK,2022-10-25,41122.75,-0.44098884151759776
NIFTY BANK,2022-10-27,41299.3,0.42932440072709355
NIFTY BANK,2022-10-28,40990.85,-0.7468649589702614
NIFTY BANK,2022-10-31,41307.9,0.7734652977432921
NIFTY BANK,2022-11-01,41289.55,-0.04442249545486554
NIFTY BANK,2022-11-02,41146.65,-0.3460924132135168
NIFTY BANK,2022-11-03,41298.35,0.36868128997136207
NIFTY BANK,2022-11-04,41258.45,-0.09661402937405361
NIFTY BANK,2022-11-07,41686.7,1.0379691917655753
NIFTY BANK,2022-11-09,41783.2,0.2314887002329291
NIFTY BANK,2022-11-10,41603.75,-0.42947883359818473
NIFTY BANK,2022-11-11,42137.05,1.28185560195897
NIFTY BANK,2022-11-14,42076.75,-0.14310446507290742
NIFTY BANK,2022-11-15,42372.7,0.7033575549442395
NIFTY BANK,2022-11-16,42535.3,0.3837376423971195
NIFTY BANK,2022-11-17,42458.05,-0.18161385954724718
NIFTY BANK,2022-11-18,42437.45,-0.04851847882794136
NIFTY BANK,2022-11-21,42346.55,-0.21419760141100364
NIFTY BANK,2022-11-22,42457.05,0.26094215467376003
NIFTY BANK,2022-11-23,42729.1,0.640765196828319
NIFTY BANK,2022-11-24,43075.4,0.8104547018308539
NIFTY BANK,2022-11-25,42983.95,-0.2123021492545729
NIFTY BANK,2022-11-28,43020.45,0.08491541610298192
NIFTY BANK,2022-11-29,43053.45,0.07670770528900306
NIFTY BANK,2022-11-30,43231.0,0.41239436096294213
NIFTY BANK,2022-12-01,43260.65,0.06858504314033453
NIFTY BANK,2023-01-02,43203.1,-0.1330308259353541
NIFTY BANK,2023-01-03,43425.25,0.5141992125565098
NIFTY BANK,2023-01-04,42958.8,-1.0741446508655605
NIFTY BANK,2023-01-05,42608.7,-0.8149668985167335
NIFTY BANK,2023-01-06,42188.8,-0.9854794912775855
NIFTY BANK,2023-01-09,42582.75,0.9337786331917508
NIFTY BANK,2023-01-10,42014.75,-1.3338734581491374
NIFTY BANK,2023-01-11,42232.7,0.5187463926359159
NIFTY BANK,2023-01-12,42082.25,-0.356240543465125
NIFTY BANK,2023-01-13,42371.25,0.6867503519892626
NIFTY BANK,2023-01-16,42167.55,-0.4807505088945896
NIFTY BANK,2023-01-17,42235.05,0.16007569801896882
NIFTY BANK,2023-01-18,42458.0,0.527879095679995
NIFTY BANK,2023-01-19,42328.85,-0.304182957275434
NIFTY BANK,2023-01-20,42506.8,0.4203988532643921
NIFTY BANK,2023-01-23,42821.25,0.7397639907026576
NIFTY BANK,2023-01-24,42733.45,-0.20503838631521498
NIFTY BANK,2023-01-25,41647.65,-2.540866698101829
NIFTY BANK,2023-01-27,40345.3,-3.1270671934670924
NIFTY BANK,2023-01-30,40387.45,0.10447313565642435
NIFTY BANK,2023-01-31,40655.05,0.6625820644779568
NIFTY BANK,2023-02-01,40513.0,-0.34940308768529604
NIFTY BANK,2023-02-02,40669.3,0.38580208821861195
NIFTY BANK,2023-02-03,41499.7,2.0418349959305804
NIFTY BANK,2023-02-06,41374.65,-0.3013274794757437
NIFTY BANK,2023-02-07,41490.95,0.2810899910935749
NIFTY BANK,2023-02-08,41537.65,0.11255466553550253
NIFTY BANK,2023-02-09,41554.3,0.04008411645819443
NIFTY BANK,2023-02-10,41559.4,0.012273098090931356
NIFTY BANK,2023-02-13,41282.2,-0.6669971173789868
NIFTY BANK,2023-02-14,41648.35,0.8869440097669212
NIFTY BANK,2023-02-15,41731.05,0.19856729018077335
NIFTY BANK,2023-02-16,41631.35,-0.2389108349778013
NIFTY BANK,2023-02-17,41131.75,-1.2000571684559813
NIFTY BANK,2023-02-20,40701.7,-1.0455426768858689
NIFTY BANK,2023-02-21,40673.6,-0.0690388853536783
NIFTY BANK,2023-02-22,39995.9,-1.6661913378702597
NIFTY BANK,2023-02-23,40001.55,0.014126447960927102
NIFTY BANK,2023-02-24,39909.4,-0.23036607331465841
NIFTY BANK,2023-02-27,40307.1,0.9965070885555649
NIFTY BANK,2023-02-28,40269.05,-0.09440024214095732
NIFTY BANK,2023-03-01,40698.15,1.0655826248694655
NIFTY BANK,2023-03-02,40389.8,-0.7576511463051716
NIFTY BANK,2023-03-03,41251.35,2.1330880568856347
NIFTY BANK,2023-03-06,41350.4,0.24011335386600052
NIFTY BANK,2023-03-08,41577.1,0.5482413713047363
NIFTY BANK,2023-03-09,41256.75,-0.7704962587578246
NIFTY BANK,2023-03-10,40485.45,-1.8695122616299242
NIFTY BANK,2023-03-13,39564.7,-2.2742738440600263
NIFTY BANK,2023-03-14,39411.4,-0.3874666053325204
NIFTY BANK,2023-03-15,39051.5,-0.9131875548699098
NIFTY BANK,2023-03-16,39132.6,0.20767448113387932
NIFTY BANK,2023-03-17,39598.1,1.1895452896050873
NIFTY BANK,2023-03-20,39361.95,-0.59636699740645
NIFTY BANK,2023-03-21,39894.7,1.353464449804953
NIFTY BANK,2023-03-22,39999.05,0.26156356608773024
NIFTY BANK,2023-03-23,39616.9,-0.9553976906951589
NIFTY BANK,2023-03-24,39395.35,-0.5592310352400154
NIFTY BANK,2023-03-27,39431.3,0.09125442469735123
NIFTY BANK,2023-03-28,39567.9,0.34642530172730446
NIFTY BANK,2023-03-29,39910.15,0.8649688257400534
NIFTY BANK,2023-03-31,40608.65,1.750181344845858
NIFTY BANK,2023-04-03,40813.05,0.5033410369465585
NIFTY BANK,2023-04-05,40999.15,0.45598160392326115
NIFTY BANK,2023-04-06,41041.0,0.10207528692667278
NIFTY BANK,2023-04-10,40834.65,-0.5027898930337948
NIFTY BANK,2023-04-11,41366.5,1.3024477986220084
NIFTY BANK,2023-04-12,41557.95,0.46281411286910323
NIFTY BANK,2023-04-13,42132.55,1.3826476041287172
NIFTY BANK,2023-04-17,42262.55,0.3085500402895125
NIFTY BANK,2023-04-18,42265.2,0.006270326802315651
NIFTY BANK,2023-04-19,42154.0,-0.2631006123240853
NIFTY BANK,2023-04-20,42269.5,0.2739953503819281
NIFTY BANK,2023-04-21,42118.0,-0.3584144595985328
NIFTY BANK,2023-04-24,42635.75,1.2292843914715856
NIFTY BANK,2023-04-25,42678.5,0.10026796760933543
NIFTY BANK,2023-04-26,42829.9,0.3547453635905695
NIFTY BANK,2023-04-27,43000.85,0.39913705145235845
NIFTY BANK,2023-04-28,43233.9,0.5419660309040397
NIFTY BANK,2023-05-02,43352.1,0.27339657074656465
NIFTY BANK,2023-05-03,43312.7,-0.09088371728244171
NIFTY BANK,2023-05-04,43685.45,0.8606020866859021
NIFTY BANK,2023-05-05,42661.2,-2.3446021501438152
NIFTY BANK,2023-05-08,43284.0,1.4598745464262652
NIFTY BANK,2023-05-09,43198.15,-0.1983411884299069
NIFTY BANK,2023-05-10,43331.05,0.30765206380365395
NIFTY BANK,2023-05-11,43475.3,0.33290215676748947
NIFTY BANK,2023-05-12,43793.55,0.7320248508923433
NIFTY BANK,2023-05-15,44072.1,0.6360525693852148
NIFTY BANK,2023-05-16,43903.7,-0.38210114789175575
NIFTY BANK,2023-05-17,43698.7,-0.46693103314754403
NIFTY BANK,2023-05-18,43752.3,0.12265811111087377
NIFTY BANK,2023-05-19,43969.4,0.4962024853550462
NIFTY BANK,2023-05-22,43885.1,-0.19172424458828718
NIFTY BANK,2023-05-23,43954.45,0.15802630049834843
NIFTY BANK,2023-05-24,43677.85,-0.629287819549551
NIFTY BANK,2023-05-25,43681.4,0.008127689435277752
NIFTY BANK,2023-05-26,44018.0,0.7705796975371548
NIFTY BANK,2023-05-29,44311.9,0.6676814030623923
NIFTY BANK,2023-05-30,44436.35,0.28085006510665256
NIFTY BANK,2023-05-31,44128.15,-0.6935763175868304
NIFTY BANK,2023-06-01,43790.2,-0.7658376795764199
NIFTY BANK,2023-06-02,43937.85,0.337175897803621
NIFTY BANK,2023-06-05,44101.65,0.3727993062928814
NIFTY BANK,2023-06-06,44164.55,0.14262504917617047
NIFTY BANK,2023-06-07,44275.3,0.25076673485862067
NIFTY BANK,2023-06-08,43995.25,-0.6325197118935422
NIFTY BANK,2023-06-09,43989.0,-0.014206079065348654
NIFTY BANK,2023-06-12,43944.2,-0.10184364272887159
NIFTY BANK,2023-06-13,44079.85,0.3086869256921254
NIFTY BANK,2023-06-14,43988.0,-0.20837185244504397
NIFTY BANK,2023-06-15,43443.6,-1.2376102573429137
NIFTY BANK,2023-06-16,43938.15,1.138372510565433
NIFTY BANK,2023-06-19,43633.75,-0.6927920269742871
NIFTY BANK,2023-06-20,43766.5,0.30423697252699444
NIFTY BANK,2023-06-21,43859.2,0.21180583322859547
NIFTY BANK,2023-06-22,43724.85,-0.30632113672843797
NIFTY BANK,2023-06-23,43622.9,-0.23316260661843113
NIFTY BANK,2023-06-26,43641.05,0.04160658736580558
NIFTY BANK,2023-06-27,44121.5,1.100913016529148
NIFTY BANK,2023-06-28,44327.8,0.46757249866846706
NIFTY BANK,2023-06-30,44747.35,0.9464715144897662
NIFTY BANK,2023-07-03,45158.1,0.9179314529240257
NIFTY BANK,2023-07-04,45301.45,0.317440282031356
NIFTY BANK,2023-07-05,45151.8,-0.33034262700198935
NIFTY BANK,2023-07-06,45339.9,0.4165946872549897
NIFTY BANK,2023-07-07,44925.0,-0.9150880350419888
NIFTY BANK,2023-07-10,44860.85,-0.142793544796882
NIFTY BANK,2023-07-11,44745.05,-0.25813153339715456
NIFTY BANK,2023-07-12,44639.45,-0.236003759075043
NIFTY BANK,2023-07-13,44665.05,0.05734837682813687
NIFTY BANK,2023-07-14,44819.3,0.34534832044295083
NIFTY BANK,2023-07-17,45449.75,1.4066484750988817
NIFTY BANK,2023-07-18,45410.85,-0.08558902964262982
NIFTY BANK,2023-07-19,45669.3,0.5691371115053023
NIFTY BANK,2023-07-20,46186.9,1.133365302292777
NIFTY BANK,2023-07-21,46075.2,-0.24184346643746357
NIFTY BANK,2023-07-24,45923.05,-0.33022102996839164
NIFTY BANK,2023-07-25,45845.0,-0.16995822359360258
NIFTY BANK,2023-07-26,46062.35,0.47409750245390736
NIFTY BANK,2023-07-27,45679.3,-0.8315902249885099
NIFTY BANK,2023-07-28,45468.1,-0.4623538451771436
NIFTY BANK,2023-07-31,45651.1,0.4024799804698276
NIFTY BANK,2023-08-01,45592.5,-0.1283649243939311
NIFTY BANK,2023-08-02,44995.7,-1.3089872237758482
NIFTY BANK,2023-08-03,44513.45,-1.0717690801565483
NIFTY BANK,2023-08-04,44879.5,0.8223357210011883
NIFTY BANK,2023-08-07,44837.5,-0.09358393030225454
NIFTY BANK,2023-08-08,44964.45,0.28313353777529304
NIFTY BANK,2023-08-09,44880.7,-0.18625825513266525
NIFTY BANK,2023-08-10,44541.8,-0.7551129995744144
NIFTY BANK,2023-08-11,44199.1,-0.7693896519673782
NIFTY BANK,2023-08-14,44090.95,-0.24468824025828395
NIFTY BANK,2023-08-16,43946.4,-0.3278450566385982
NIFTY BANK,2023-08-17,43891.35,-0.12526623341161391
NIFTY BANK,2023-08-18,43851.05,-0.0918176360490075
NIFTY BANK,2023-08-21,44002.0,0.3442334904181221
NIFTY BANK,2023-08-22,43993.25,-0.019885459751833867
NIFTY BANK,2023-08-23,44479.05,1.104260312661598
NIFTY BANK,2023-08-24,44496.2,0.038557478183531835
NIFTY BANK,2023-08-25,44231.45,-0.5949946287548191
NIFTY BANK,2023-08-28,44494.65,0.5950517109432507
NIFTY BANK,2023-08-29,44495.25,0.001348476726970027
NIFTY BANK,2023-08-30,44232.6,-0.5902877273416873
NIFTY BANK,2023-08-31,43989.15,-0.550385914461271
NIFTY BANK,2023-09-01,44436.1,1.016046002252824
NIFTY BANK,2023-09-04,44578.3,0.32001008189288527
NIFTY BANK,2023-09-05,44532.15,-0.10352570645358883
NIFTY BANK,2023-09-06,44409.1,-0.2763172225010546
NIFTY BANK,2023-09-07,44878.35,1.0566528031416889
NIFTY BANK,2023-09-08,45156.4,0.6195637762974826
NIFTY BANK,2023-09-11,45570.7,0.9174779211805983
NIFTY BANK,2023-09-12,45511.35,-0.13023719187986726
NIFTY BANK,2023-09-13,45909.45,0.8747268538507491
NIFTY BANK,2023-09-14,46000.85,0.19908755169142367
NIFTY BANK,2023-09-15,46231.5,0.501403778408438
NIFTY BANK,2023-09-18,45979.85,-0.5443258384434935
NIFTY BANK,2023-09-20,45384.6,-1.2945888253223958
NIFTY BANK,2023-09-21,44623.85,-1.6762293817726759
NIFTY BANK,2023-09-22,44612.05,-0.02644325848172313
NIFTY BANK,2023-09-25,44766.1,0.3453102917261086
NIFTY BANK,2023-09-26,44624.2,-0.3169809297660531
NIFTY BANK,2023-09-27,44588.3,-0.08044962150580703
NIFTY BANK,2023-09-28,44300.95,-0.6444515713763588
NIFTY BANK,2023-09-29,44584.55,0.6401668587242559
NIFTY BANK,2023-10-03,44399.05,-0.4160634121012752
NIFTY BANK,2023-10-04,43964.05,-0.9797506928639232
NIFTY BANK,2023-10-05,44213.35,0.5670542181623217
NIFTY BANK,2023-10-06,44360.6,0.33304420497428655
NIFTY BANK,2023-10-09,43886.5,-1.0687411802365099
NIFTY BANK,2023-10-10,44360.15,1.0792612762466902
NIFTY BANK,2023-10-11,44516.9,0.3533576870231592
NIFTY BANK,2023-10-12,44599.2,0.18487360979762002
NIFTY BANK,2023-10-13,44287.95,-0.6978824732282174
NIFTY BANK,2023-10-16,44225.9,-0.1401058301411462
NIFTY BANK,2023-10-17,44409.5,0.4151413538220794
NIFTY BANK,2023-10-18,43888.7,-1.1727220527139481
NIFTY BANK,2023-10-19,43754.5,-0.30577346788580595
NIFTY BANK,2023-10-20,43723.05,-0.07187832108697112
NIFTY BANK,2023-10-23,43151.2,-1.3078913753729604
NIFTY BANK,2023-10-25,42832.0,-0.7397245036059208
NIFTY BANK,2023-10-26,42280.15,-1.2884058647740004
NIFTY BANK,2023-10-27,42782.0,1.1869636224090874
NIFTY BANK,2023-10-30,43039.15,0.6010705436866104
NIFTY BANK,2023-10-31,42845.95,-0.44889362359620266
NIFTY BANK,2023-11-01,42700.95,-0.33842171780530395
NIFTY BANK,2023-11-02,43017.2,0.7406158410995456
NIFTY BANK,2023-11-03,43318.25,0.6998363445319677
NIFTY BANK,2023-11-06,43619.4,0.6952035227646647
NIFTY BANK,2023-11-07,43737.9,0.2716681109781405
NIFTY BANK,2023-11-08,43658.65,-0.18119296994140166
NIFTY BANK,2023-11-09,43683.6,0.05714789623589844
NIFTY BANK,2023-11-10,43820.1,0.31247424662803613
NIFTY BANK,2023-11-12,43996.65,0.40289730055387274
NIFTY BANK,2023-11-13,43891.25,-0.23956369405397915
NIFTY BANK,2023-11-15,44201.7,0.7073163785492387
NIFTY BANK,2023-11-16,44161.55,-0.09083361047198535
NIFTY BANK,2023-11-17,43583.95,-1.3079251067954045
NIFTY BANK,2023-11-20,43584.95,0.002294422602822088
NIFTY BANK,2023-11-21,43689.15,0.23907334986046358
NIFTY BANK,2023-11-22,43449.6,-0.5483054717246749
NIFTY BANK,2023-11-23,43577.5,0.2943640447783169
NIFTY BANK,2023-11-24,43769.1,0.43967643852904637
NIFTY BANK,2023-11-28,43880.95,0.25554557895866026
NIFTY BANK,2023-11-29,44566.45,1.5621813110244798
NIFTY BANK,2023-11-30,44481.75,-0.19005327998976584
NIFTY BANK,2023-12-01,44814.2,0.7473851635783069
NIFTY BANK,2024-01-01,48234.3,7.631732798978907
NIFTY BANK,2024-01-02,47761.65,-0.9799043419309483
NIFTY BANK,2024-01-03,47704.95,-0.11871449164759795
NIFTY BANK,2024-01-04,48195.85,1.0290336747025286
NIFTY BANK,2024-01-05,48159.0,-0.07645886523424128
NIFTY BANK,2024-01-08,47450.25,-1.4716875350401781
NIFTY BANK,2024-01-09,47242.65,-0.4375108666445304
NIFTY BANK,2024-01-10,47360.85,0.25019764979312686
NIFTY BANK,2024-01-11,47438.35,0.16363726580075344
NIFTY BANK,2024-01-12,47709.8,0.5722163608135711
NIFTY BANK,2024-01-15,48158.3,0.9400584366314746
NIFTY BANK,2024-01-16,48125.1,-0.06893931056537461
NIFTY BANK,2024-01-17,46064.45,-4.2818612324961425
NIFTY BANK,2024-01-18,45713.55,-0.7617587966425199
NIFTY BANK,2024-01-19,45701.15,-0.02712543655000177
NIFTY BANK,2024-01-20,46058.2,0.7812713684447692
NIFTY BANK,2024-01-23,45015.05,-2.2648518613406443
NIFTY BANK,2024-01-24,45082.4,0.14961662821655342
NIFTY BANK,2024-01-25,44866.15,-0.47967721328057156
NIFTY BANK,2024-01-29,45442.35,1.2842644176065843
NIFTY BANK,2024-01-30,45367.75,-0.16416404521333305
NIFTY BANK,2024-01-31,45996.8,1.3865576317979356
NIFTY BANK,2024-02-01,46188.65,0.41709423264226775
NIFTY BANK,2024-02-02,45970.95,-0.4713279128097603
NIFTY BANK,2024-02-05,45825.55,-0.3162866984475987
NIFTY BANK,2024-02-06,45690.8,-0.29404993502533117
NIFTY BANK,2024-02-07,45818.5,0.27948733661917746
NIFTY BANK,2024-02-08,45012.0,-1.76020603031527
NIFTY BANK,2024-02-09,45634.55,1.383075624277974
NIFTY BANK,2024-02-12,44882.25,-1.6485316498135782
NIFTY BANK,2024-02-13,45502.4,1.3817266291239916
NIFTY BANK,2024-02-14,45908.3,0.8920408593832363
NIFTY BANK,2024-02-15,46218.9,0.6765661111389321
NIFTY BANK,2024-02-16,46384.85,0.3590522491880854
NIFTY BANK,2024-02-19,46535.5,0.32478276851171106
NIFTY BANK,2024-02-20,47094.2,1.2005887977995178
NIFTY BANK,2024-02-21,47019.7,-0.1581935779777499
NIFTY BANK,2024-02-22,46919.8,-0.2124641373721925
NIFTY BANK,2024-02-23,46811.75,-0.23028657411157116
NIFTY BANK,2024-02-26,46576.5,-0.502544767072366
NIFTY BANK,2024-02-27,46588.05,0.02479791311069679
NIFTY BANK,2024-02-28,45963.15,-1.341331092415332
NIFTY BANK,2024-02-29,46120.9,0.3432097234415066
NIFTY BANK,2024-03-01,47286.9,2.5281380025107936
NIFTY BANK,2024-03-02,47297.5,0.022416356327004117
NIFTY BANK,2024-03-04,47456.1,0.3353242771816589
NIFTY BANK,2024-03-05,47581.0,0.26319061195505533
NIFTY BANK,2024-03-06,47965.4,0.8078855005149155
NIFTY BANK,2024-03-07,47835.8,-0.2701947653933834
NIFTY BANK,2024-03-11,47327.85,-1.0618616182858975
NIFTY BANK,2024-03-12,47282.4,-0.09603225162351237
NIFTY BANK,2024-03-13,46981.3,-0.6368120061587379
NIFTY BANK,2024-03-14,46789.95,-0.40728970888418425
NIFTY BANK,2024-03-15,46594.1,-0.41857279180678164
NIFTY BANK,2024-03-18,46575.9,-0.03906073944983657
NIFTY BANK,2024-03-19,46384.8,-0.41029802966769946
NIFTY BANK,2024-03-20,46310.9,-0.1593194322278002
NIFTY BANK,2024-03-21,46684.9,0.8075852553070639
NIFTY BANK,2024-03-22,46863.75,0.38310031723318705
NIFTY BANK,2024-03-26,46600.2,-0.5623749699928071
NIFTY BANK,2024-03-27,46785.95,0.39860343947022425
NIFTY BANK,2024-03-28,47124.6,0.7238284142995877
NIFTY BANK,2024-04-01,47578.25,0.9626606910191349
NIFTY BANK,2024-04-02,47545.45,-0.06893906354269452
NIFTY BANK,2024-04-03,47624.25,0.16573615351207494
NIFTY BANK,2024-04-04,48060.8,0.9166548554570442
NIFTY BANK,2024-04-05,48493.05,0.899381616618955
NIFTY BANK,2024-04-08,48581.7,0.1828097015964092
NIFTY BANK,2024-04-09,48730.55,0.3063910896490052
NIFTY BANK,2024-04-10,48986.6,0.5254404064801044
NIFTY BANK,2024-04-12,48564.55,-0.861562141483585
NIFTY BANK,2024-04-15,47773.25,-1.6293778074747967
NIFTY BANK,2024-04-16,47484.8,-0.6037897777521839
NIFTY BANK,2024-04-18,47069.45,-0.8747009569378128
NIFTY BANK,2024-04-19,47574.15,1.072245373591585
NIFTY BANK,2024-04-22,47924.9,0.737270135146928
NIFTY BANK,2024-04-23,47970.45,0.09504453843407479
NIFTY BANK,2024-04-24,48189.0,0.4555929744248788
NIFTY BANK,2024-04-25,48494.95,0.6348959306065716
NIFTY BANK,2024-04-26,48201.05,-0.6060424848360335
NIFTY BANK,2024-04-29,49424.05,2.537289125444353
NIFTY BANK,2024-04-30,49396.75,-0.05523626655444813
NIFTY BANK,2024-05-02,49231.05,-0.33544717010733915
NIFTY BANK,2024-05-03,48923.55,-0.6246058127949761
NIFTY BANK,2024-05-06,48895.3,-0.05774315232643934
NIFTY BANK,2024-05-07,48285.35,-1.2474614124466044
NIFTY BANK,2024-05-08,48021.1,-0.5472674424022994
NIFTY BANK,2024-05-09,47487.9,-1.110345244069788
NIFTY BANK,2024-05-10,47421.1,-0.14066741211972156
NIFTY BANK,2024-05-13,47754.1,0.7022190543871876
NIFTY BANK,2024-05-14,47859.45,0.22060932987952864
NIFTY BANK,2024-05-15,47687.45,-0.3593856594674594
NIFTY BANK,2024-05-16,47977.05,0.6072876616384448
NIFTY BANK,2024-05-17,48115.65,0.2888881246345898
NIFTY BANK,2024-05-18,48199.5,0.174267623943547
NIFTY BANK,2024-05-21,48048.2,-0.313903671199911
NIFTY BANK,2024-05-22,47781.95,-0.5541310600605254
NIFTY BANK,2024-05-23,48768.6,2.064901076661796
NIFTY BANK,2024-05-24,48971.65,0.41635396546138015
NIFTY BANK,2024-05-27,49281.8,0.6333256077751148
NIFTY BANK,2024-05-28,49142.15,-0.28337033144082424
NIFTY BANK,2024-05-29,48501.35,-1.3039722519263108
NIFTY BANK,2024-05-30,48682.35,0.3731854886513508
NIFTY BANK,2024-05-31,48983.95,0.6195263786567429
NIFTY BANK,2024-06-03,50979.95,4.0748040939940555
NIFTY BANK,2024-06-04,46928.6,-7.946947770643165
NIFTY BANK,2024-06-05,49054.6,4.530286435137643
NIFTY BANK,2024-06-06,49291.9,0.48374668226833784
NIFTY BANK,2024-06-07,49803.2,1.0372901024306103
NIFTY BANK,2024-06-10,49780.9,-0.0447762392777884
NIFTY BANK,2024-06-11,49705.75,-0.15096151335151076
NIFTY BANK,2024-06-12,49895.1,0.3809418427445532
NIFTY BANK,2024-06-13,49846.7,-0.09700351337105229
NIFTY BANK,2024-06-14,50002.0,0.31155522833006266
NIFTY BANK,2024-06-18,50440.9,0.877764889404431
NIFTY BANK,2024-06-19,51398.05,1.897567251972121
NIFTY BANK,2024-06-20,51783.25,0.7494447746558386
NIFTY BANK,2024-06-21,51661.45,-0.23521119280849323
NIFTY BANK,2024-06-24,51703.95,0.08226637076582666
NIFTY BANK,2024-06-25,52606.0,1.7446442679911467
NIFTY BANK,2024-06-26,52870.5,0.502794358058023
NIFTY BANK,2024-06-27,52811.3,-0.11197170444765536
NIFTY BANK,2024-06-28,52342.25,-0.8881621925610705
NIFTY BANK,2024-07-01,52574.75,0.4441918335570172
NIFTY BANK,2024-07-02,52168.1,-0.773470154399214
NIFTY BANK,2024-07-03,53089.25,1.7657342322223712
NIFTY BANK,2024-07-04,53103.7,0.02721831632579441
NIFTY BANK,2024-07-05,52660.35,-0.8348759126011962
NIFTY BANK,2024-07-08,52425.8,-0.44540152125839283
NIFTY BANK,2024-07-09,52568.8,0.27276646231435553
NIFTY BANK,2024-07-10,52189.3,-0.7219110955547725
NIFTY BANK,2024-07-11,52270.65,0.15587486323824784
NIFTY BANK,2024-07-12,52278.9,0.01578323590771813
NIFTY BANK,2024-07-15,52455.9,0.338568715103027
NIFTY BANK,2024-07-16,52396.8,-0.11266606806860091
NIFTY BANK,2024-07-18,52620.7,0.4273161719799523
NIFTY BANK,2024-07-19,52265.6,-0.6748294872550131
NIFTY BANK,2024-07-22,52280.4,0.028316904426617384
NIFTY BANK,2024-07-23,51778.3,-0.9603981606873702
NIFTY BANK,2024-07-24,51317.0,-0.89091376117022
NIFTY BANK,2024-07-25,50888.75,-0.8345187754545291
NIFTY BANK,2024-07-26,51295.95,0.8001768563778766
NIFTY BANK,2024-07-29,51406.25,0.21502672238258302
NIFTY BANK,2024-07-30,51499.3,0.1810091185410423
NIFTY BANK,2024-07-31,51553.4,0.10504997155300622
NIFTY BANK,2024-08-01,51564.0,0.020561204498625862
NIFTY BANK,2024-08-02,51350.15,-0.41472732914435984
NIFTY BANK,2024-08-05,50092.1,-2.449944157904116
NIFTY BANK,2024-08-06,49748.3,-0.6863357695125472
NIFTY BANK,2024-08-07,50119.0,0.7451510905900349
NIFTY BANK,2024-08-08,50156.7,0.07522097408168005
NIFTY BANK,2024-08-09,50484.5,0.6535517687567216
NIFTY BANK,2024-08-12,50577.95,0.1851063197614966
NIFTY BANK,2024-08-13,49831.85,-1.475148755534772
NIFTY BANK,2024-08-14,49727.3,-0.20980557615258855
NIFTY BANK,2024-08-16,50516.9,1.587860189473389
NIFTY BANK,2024-08-19,50368.35,-0.29406000764101714
NIFTY BANK,2024-08-20,50803.15,0.8632405071835825
NIFTY BANK,2024-08-21,50685.55,-0.23148170930346046
NIFTY BANK,2024-08-22,50985.7,0.5921806116338857
NIFTY BANK,2024-08-23,50933.45,-0.10247971490044971
NIFTY BANK,2024-08-26,51148.1,0.4214322807506665
NIFTY BANK,2024-08-27,51278.75,0.25543470822964043
NIFTY BANK,2024-08-28,51143.85,-0.26307193525583195
NIFTY BANK,2024-08-29,51152.75,0.017401896806745754
NIFTY BANK,2024-08-30,51351.0,0.38756469593521636
NIFTY BANK,2024-09-02,51439.55,0.172440653541317
NIFTY BANK,2024-09-03,51689.1,0.4851325487878366
NIFTY BANK,2024-09-04,51400.25,-0.5588218792743516
NIFTY BANK,2024-09-05,51473.05,0.14163355236600506
NIFTY BANK,2024-09-06,50576.85,-1.741105296849521
NIFTY BANK,2024-09-09,51117.8,1.0695604807337888
NIFTY BANK,2024-09-10,51272.3,0.30224305427855036
NIFTY BANK,2024-09-11,51010.0,-0.5115822773700485
NIFTY BANK,2024-09-12,51772.4,1.4946089002156437
NIFTY BANK,2024-09-13,51938.05,0.3199581244060612
NIFTY BANK,2024-09-16,52153.15,0.4141472388740075
NIFTY BANK,2024-09-17,52188.65,0.06806875519502764
NIFTY BANK,2024-09-18,52750.4,1.0763834665200145
NIFTY BANK,2024-09-19,53037.6,0.544450847766087
NIFTY BANK,2024-09-20,53793.2,1.4246496824894095
NIFTY BANK,2024-09-23,54105.8,0.5811143415896503
NIFTY BANK,2024-09-24,53968.6,-0.25357725049810487
NIFTY BANK,2024-09-25,54101.65,0.2465322428226946
NIFTY BANK,2024-09-26,54375.35,0.5058995428050661
NIFTY BANK,2024-09-27,53834.3,-0.9950280779801757
NIFTY BANK,2024-09-30,52978.1,-1.5904358373750593
NIFTY BANK,2024-10-01,52922.6,-0.10476026886581113
NIFTY BANK,2024-10-03,51845.2,-2.035803229622135
NIFTY BANK,2024-10-04,51462.05,-0.7390269494572221
NIFTY BANK,2024-10-07,50478.9,-1.9104369141921151
NIFTY BANK,2024-10-08,51021.0,1.0739140512174394
NIFTY BANK,2024-10-09,51007.0,-0.027439681699692464
NIFTY BANK,2024-10-10,51530.9,1.0271139255396244
NIFTY BANK,2024-10-11,51172.3,-0.6958931437254123
NIFTY BANK,2024-10-14,51816.9,1.2596658739200572
NIFTY BANK,2024-10-15,51906.0,0.17195162196117497
NIFTY BANK,2024-10-16,51801.05,-0.20219242476784416
NIFTY BANK,2024-10-17,51288.8,-0.9888795690434882
NIFTY BANK,2024-10-18,52094.2,1.5703233454477328
NIFTY BANK,2024-10-21,51962.7,-0.2524273335611227
NIFTY BANK,2024-10-22,51257.15,-1.3578008840956945
NIFTY BANK,2024-10-23,51239.0,-0.035409694062193964
NIFTY BANK,2024-10-24,51531.15,0.5701711586877156
NIFTY BANK,2024-10-25,50787.45,-1.4432047412099358
NIFTY BANK,2024-10-28,51259.3,0.9290681063924389
NIFTY BANK,2024-10-29,52320.7,2.0706486432705784
NIFTY BANK,2024-10-30,51807.5,-0.9808737268423351
NIFTY BANK,2024-10-31,51475.35,-0.6411233894706436
NIFTY BANK,2024-11-01,51673.9,0.38571860123342017
NIFTY BANK,2024-11-04,51215.25,-0.8875854154611895
NIFTY BANK,2024-11-05,52207.25,1.936923084432851
NIFTY BANK,2024-11-06,52317.4,0.21098602205633643
NIFTY BANK,2024-11-07,51916.5,-0.7662842572451978
NIFTY BANK,2024-11-08,51561.2,-0.6843681681161118
NIFTY BANK,2024-11-11,51876.75,0.6119911871717454
NIFTY BANK,2024-11-12,51157.8,-1.3858809582327325
NIFTY BANK,2024-11-13,50088.35,-2.090492554410084
NIFTY BANK,2024-11-14,50179.55,0.18207826770098023
NIFTY BANK,2024-11-18,50363.8,0.3671814514079941
NIFTY BANK,2024-11-19,50626.5,0.5216048034500931
NIFTY BANK,2024-11-21,50372.9,-0.5009234294292453
NIFTY BANK,2024-11-22,51135.4,1.5137107452618315
NIFTY BANK,2024-11-25,52207.5,2.096590620196581
NIFTY BANK,2024-11-26,52191.5,-0.030646937700518073
NIFTY BANK,2024-11-27,52301.8,0.21133709512086707
NIFTY BANK,2024-11-28,51906.85,-0.7551365344978689
NIFTY BANK,2024-11-29,52055.6,0.28657104023843694
NIFTY BANK,2025-01-01,51060.6,-1.9114177917457509
NIFTY BANK,2025-01-02,51605.55,1.0672612542743432
NIFTY BANK,2025-01-03,50988.8,-1.195123392735864
NIFTY BANK,2025-01-06,49922.0,-2.092224174720725
NIFTY BANK,2025-01-07,50202.15,0.5611754336765307
NIFTY BANK,2025-01-08,49835.05,-0.7312435821971719
NIFTY BANK,2025-01-09,49503.5,-0.6652948075701826
NIFTY BANK,2025-01-10,48734.15,-1.554132536083308
NIFTY BANK,2025-01-13,48041.25,-1.421795599184561
NIFTY BANK,2025-01-14,48729.15,1.4318944656935395
NIFTY BANK,2025-01-15,48751.7,0.04627620223212059
NIFTY BANK,2025-01-16,49278.7,1.0809879450357718
NIFTY BANK,2025-01-17,48540.6,-1.4978073691067295
NIFTY BANK,2025-01-20,49350.8,1.6691182226836965
NIFTY BANK,2025-01-21,48570.9,-1.5803188600792772
NIFTY BANK,2025-01-22,48724.4,0.3160328509457244
NIFTY BANK,2025-01-23,48589.0,-0.27788951736706924
NIFTY BANK,2025-01-24,48367.8,-0.4552470723826363
NIFTY BANK,2025-01-27,48064.65,-0.626759951868805
NIFTY BANK,2025-01-28,48866.85,1.6690020628465918
NIFTY BANK,2025-01-29,49165.95,0.612071373538492
NIFTY BANK,2025-01-30,49311.95,0.2969534810168373
NIFTY BANK,2025-01-31,49587.2,0.5581811305373163
NIFTY BANK,2025-02-01,49506.95,-0.16183611899844852
NIFTY BANK,2025-02-03,49210.55,-0.5987038183527638
NIFTY BANK,2025-02-04,50157.95,1.9251969343971886
NIFTY BANK,2025-02-05,50343.05,0.36903422089620275
NIFTY BANK,2025-02-06,50382.1,0.07756780727428136
NIFTY BANK,2025-02-07,50158.85,-0.4431137249142014
NIFTY BANK,2025-02-10,49981.0,-0.35457351992719266
NIFTY BANK,2025-02-11,49403.4,-1.1556391428742874
NIFTY BANK,2025-02-12,49479.45,0.1539367735823749
NIFTY BANK,2025-02-13,49359.85,-0.2417165105917718
NIFTY BANK,2025-02-14,49099.45,-0.5275542774137332
NIFTY BANK,2025-02-17,49258.9,0.3247490552338306
NIFTY BANK,2025-02-18,49087.3,-0.34836344295142707
NIFTY BANK,2025-02-19,49570.1,0.9835537908990721
NIFTY BANK,2025-02-20,49334.55,-0.4751856461858939
NIFTY BANK,2025-02-21,48981.2,-0.7162323361619927
NIFTY BANK,2025-02-24,48651.95,-0.6721966795423584
NIFTY BANK,2025-02-25,48608.35,-0.0896161407713314
NIFTY BANK,2025-02-27,48743.8,0.2786558276510087
NIFTY BANK,2025-02-28,48344.7,-0.8187707975168212
NIFTY BANK,2025-03-03,48114.3,-0.47657757727319616
NIFTY BANK,2025-03-04,48245.2,0.27206048929320215
NIFTY BANK,2025-03-05,48489.95,0.5073043535937183
NIFTY BANK,2025-03-06,48627.7,0.2840794845117456
NIFTY BANK,2025-03-07,48497.5,-0.2677486288679032
NIFTY BANK,2025-03-10,48216.8,-0.5787927212742905
NIFTY BANK,2025-03-11,47853.95,-0.7525385342868174
NIFTY BANK,2025-03-12,48056.65,0.4235804985795344
NIFTY BANK,2025-03-13,48060.4,0.007803290491525949
NIFTY BANK,2025-03-17,48354.15,0.6112100606736615
NIFTY BANK,2025-03-18,49314.5,1.986075652244934
NIFTY BANK,2025-03-19,49702.6,0.7869896277970856
NIFTY BANK,2025-03-20,50062.85,0.7248111768800802
NIFTY BANK,2025-03-21,50593.55,1.0600674951585898
NIFTY BANK,2025-03-24,51704.95,2.1967227047716475
NIFTY BANK,2025-03-25,51607.95,-0.1876029277661062
NIFTY BANK,2025-03-26,51209.0,-0.773039812664511
NIFTY BANK,2025-03-27,51575.85,0.7163779804331138
NIFTY BANK,2025-03-28,51564.85,-0.021327811369076244
NIFTY BANK,2025-04-01,50827.5,-1.4299469502965678
NIFTY BANK,2025-04-02,51348.05,1.0241503123309181
NIFTY BANK,2025-04-03,51597.35,0.48551016056110896
NIFTY BANK,2025-04-04,51502.7,-0.18343965339305823
NIFTY BANK,2025-04-07,49860.1,-3.18934735460471
NIFTY BANK,2025-04-08,50511.0,1.3054526565329905
NIFTY BANK,2025-04-09,50240.15,-0.5362198333036305
NIFTY BANK,2025-04-11,51002.35,1.5171133047970464
NIFTY BANK,2025-04-15,52379.5,2.7001696980629264
NIFTY BANK,2025-04-16,53117.75,1.4094254431600062
NIFTY BANK,2025-04-17,54290.2,2.207265932762592
NIFTY BANK,2025-04-21,55304.5,1.8682929884214827
NIFTY BANK,2025-04-22,55647.2,0.6196602446455479
NIFTY BANK,2025-04-23,55370.05,-0.49804841932746813
NIFTY BANK,2025-04-24,55201.4,-0.3045870466073297
NIFTY BANK,2025-04-25,54664.05,-0.9734354563471159
NIFTY BANK,2025-04-28,55432.8,1.4063173145787866
NIFTY BANK,2025-04-29,55391.25,-0.07495562194225203
NIFTY BANK,2025-04-30,55087.15,-0.549003678378801
NIFTY BANK,2025-05-02,55115.35,0.051191611836864936
NIFTY BANK,2025-05-05,54919.5,-0.35534565234548454
NIFTY BANK,2025-05-06,54271.4,-1.1800908602591087
NIFTY BANK,2025-05-07,54610.9,0.6255596870543334
NIFTY BANK,2025-05-08,54365.65,-0.44908617144197027
NIFTY BANK,2025-05-09,53595.25,-1.4170712573104538
NIFTY BANK,2025-05-12,55382.85,3.3353702053819934
NIFTY BANK,2025-05-13,54940.85,-0.7980809943872513
NIFTY BANK,2025-05-14,54801.3,-0.2540004386535677
NIFTY BANK,2025-05-15,55355.6,1.0114723555827876
NIFTY BANK,2025-05-16,55354.9,-0.0012645513732922886
NIFTY BANK,2025-05-19,55420.7,0.11886933225422336
NIFTY BANK,2025-05-20,54877.35,-0.9804098468622735
NIFTY BANK,2025-05-21,55075.1,0.36034903288879594
NIFTY BANK,2025-05-22,54941.3,-0.24294100237675087
NIFTY BANK,2025-05-23,55398.25,0.8317058387770082
NIFTY BANK,2025-05-26,55572.0,0.31363806618440737
NIFTY BANK,2025-05-27,55352.8,-0.3944432447995361
NIFTY BANK,2025-05-28,55417.0,0.11598329262476614
NIFTY BANK,2025-05-29,55546.05,0.23287077972464765
NIFTY BANK,2025-05-30,55749.7,0.36663273086023906
NIFTY BANK,2025-06-02,55903.4,0.2756965508334597
NIFTY BANK,2025-06-03,55599.95,-0.5428113495780318
NIFTY BANK,2025-06-04,55676.85,0.1383094768970139
NIFTY BANK,2025-06-05,55760.85,0.15087060420981846
NIFTY BANK,2025-06-06,56578.4,1.4661720544073553
NIFTY BANK,2025-06-09,56839.6,0.4616602802482772
NIFTY BANK,2025-06-10,56629.1,-0.37034039648413675
NIFTY BANK,2025-06-11,56459.75,-0.299051194527189
NIFTY BANK,2025-06-12,56082.55,-0.6680865572376682
NIFTY BANK,2025-06-13,55527.35,-0.9899692506849411
NIFTY BANK,2025-06-16,55944.9,0.7519717760707145
NIFTY BANK,2025-06-17,55714.15,-0.4124594020187722
NIFTY BANK,2025-06-18,55828.75,0.20569280873889983
NIFTY BANK,2025-06-19,55577.45,-0.45012650292188816
NIFTY BANK,2025-06-20,56252.85,1.2152410734929342
NIFTY BANK,2025-06-23,56059.35,-0.3439825715497058
NIFTY BANK,2025-06-24,56461.9,0.7180782509965011
NIFTY BANK,2025-06-25,56621.15,0.282048602686058
NIFTY BANK,2025-06-26,57206.7,1.0341541985636082
NIFTY BANK,2025-06-27,57443.9,0.4146367470943213
NIFTY BANK,2025-06-30,57312.75,-0.22830970738407785
NIFTY BANK,2025-07-01,57459.45,0.2559639870709285
NIFTY BANK,2025-07-02,56999.2,-0.8009996615004122
NIFTY BANK,2025-07-03,56791.95,-0.36360159440834705
NIFTY BANK,2025-07-04,57031.9,0.42250706306088404
NIFTY BANK,2025-07-07,56949.2,-0.14500656650050514
NIFTY BANK,2025-07-08,57256.3,0.5392525268133719
NIFTY BANK,2025-07-09,57213.55,-0.07466427275252263
NIFTY BANK,2025-07-10,56956.0,-0.45015560125181153
NIFTY BANK,2025-07-11,56754.7,-0.3534307184493324
NIFTY BANK,2025-07-14,56765.35,0.01876496572090769
NIFTY BANK,2025-07-15,57006.65,0.42508325941794656
NIFTY BANK,2025-07-16,57168.95,0.2847036266821368
NIFTY BANK,2025-07-17,56828.8,-0.5949908123203174
NIFTY BANK,2025-07-18,56283.0,-0.960428515119105
NIFTY BANK,2025-07-21,56952.75,1.1899685517829495
NIFTY BANK,2025-07-22,56756.0,-0.3454618082533334
NIFTY BANK,2025-07-23,57210.45,0.8007082951582145
NIFTY BANK,2025-07-24,57066.05,-0.25240144064588854
NIFTY BANK,2025-07-25,56528.9,-0.941277694881637
NIFTY BANK,2025-07-28,56084.9,-0.7854389524650229
NIFTY BANK,2025-07-29,56222.0,0.24445082366197912
NIFTY BANK,2025-07-30,56150.7,-0.12681868307780064
NIFTY BANK,2025-07-31,55961.95,-0.33614897053820814
NIFTY BANK,2025-08-01,55617.6,-0.6153288082348829
NIFTY BANK,2025-08-04,55619.35,0.003146486004435012
NIFTY BANK,2025-08-05,55360.25,-0.46584507010599685
NIFTY BANK,2025-08-06,55411.15,0.09194322641246089
NIFTY BANK,2025-08-07,55521.15,0.1985160026456878
NIFTY BANK,2025-08-08,55004.9,-0.9298258411434168
NIFTY BANK,2025-08-11,55510.75,0.9196453406878247
NIFTY BANK,2025-08-12,55043.7,-0.8413685637466695
NIFTY BANK,2025-08-13,55181.45,0.25025570592092095
NIFTY BANK,2025-08-14,55341.85,0.29067739249331037
NIFTY BANK,2025-08-18,55734.9,0.7102220110097646
NIFTY BANK,2025-08-19,55865.15,0.23369558391599377
NIFTY BANK,2025-08-20,55698.5,-0.2983076211197866
NIFTY BANK,2025-08-21,55755.45,0.10224691867823932
NIFTY BANK,2025-08-22,55149.4,-1.0869789410721253
NIFTY BANK,2025-08-25,55139.3,-0.018313889181020837
NIFTY BANK,2025-08-26,54450.45,-1.2492904335020705
NIFTY BANK,2025-08-28,53820.35,-1.1571988844903958
NIFTY BANK,2025-08-29,53655.65,-0.3060180768055143
NIFTY BANK,2025-09-01,54002.45,0.6463438612708927
NIFTY BANK,2025-09-02,53661.0,-0.6322861277590075
NIFTY BANK,2025-09-03,54067.55,0.757626581688764
NIFTY BANK,2025-09-04,54075.45,0.01461135191069829
NIFTY BANK,2025-09-05,54114.55,0.07230637932740258
NIFTY BANK,2025-09-08,54186.9,0.13369786868779876
NIFTY BANK,2025-09-09,54216.1,0.05388756323021493
NIFTY BANK,2025-09-10,54536.0,0.5900461302085658
NIFTY BANK,2025-09-11,54669.6,0.24497579580460283
NIFTY BANK,2025-09-12,54809.3,0.2555350688499658
NIFTY BANK,2025-09-15,54887.85,0.14331509433618272
NIFTY BANK,2025-09-16,55147.6,0.473237701968654
NIFTY BANK,2025-09-17,55493.3,0.6268631817159864
NIFTY BANK,2025-09-18,55727.45,0.42194282913432524
NIFTY BANK,2025-09-19,55458.85,-0.48198867882883745
NIFTY BANK,2025-09-22,55284.75,-0.3139264517746043
NIFTY BANK,2025-09-23,55509.75,0.4069838427414485
NIFTY BANK,2025-09-24,55121.5,-0.6994266772954338
NIFTY BANK,2025-09-25,54976.2,-0.26359950291628964
NIFTY BANK,2025-09-26,54389.35,-1.0674619198853263
NIFTY BANK,2025-09-29,54461.0,0.1317353489240114
NIFTY BANK,2025-09-30,54635.85,0.32105543416389715
NIFTY BANK,2025-10-01,55347.95,1.3033566788106965
NIFTY BANK,2025-10-03,55589.25,0.4359691732033433
NIFTY BANK,2025-10-06,56104.85,0.92751746066011
NIFTY BANK,2025-10-07,56239.35,0.23972972033612372
NIFTY BANK,2025-10-08,56018.25,-0.3931411013818553
NIFTY BANK,2025-10-09,56192.05,0.3102560326322168
NIFTY BANK,2025-10-10,56609.75,0.7433435868597016
NIFTY BANK,2025-10-13,56625.0,0.026938822376010307
NIFTY BANK,2025-10-14,56496.45,-0.22701986754967152
NIFTY BANK,2025-10-15,56799.9,0.537113393850408
NIFTY BANK,2025-10-16,57422.55,1.0962167186914007
NIFTY BANK,2025-10-17,57713.35,0.5064212578507865
NIFTY BANK,2025-10-20,58033.2,0.5542045298011722
NIFTY BANK,2025-10-21,58007.2,-0.04480194095793921
NIFTY BANK,2025-10-23,58078.05,0.12214001020562915
NIFTY BANK,2025-10-24,57699.6,-0.6516231175117015
NIFTY BANK,2025-10-27,58114.25,0.7186358310976138
NIFTY BANK,2025-10-28,58214.1,0.17181672309287688
NIFTY BANK,2025-10-29,58385.25,0.294000937917116
NIFTY BANK,2025-10-30,58031.1,-0.6065744344676105
NIFTY BANK,2025-10-31,57776.35,-0.43898874913623764
NIFTY BANK,2025-11-03,58101.45,0.5626869817840774
NIFTY BANK,2025-11-04,57827.05,-0.47227737001399595
NIFTY BANK,2025-11-06,57554.25,-0.471751541882226
NIFTY BANK,2025-11-07,57876.8,0.5604277703210592
NIFTY BANK,2025-11-10,57937.55,0.10496433804219052
NIFTY BANK,2025-11-11,58138.15,0.3462348684057259
NIFTY BANK,2025-11-12,58274.65,0.23478559259282328
NIFTY BANK,2025-11-13,58381.95,0.18412809000138974
NIFTY BANK,2025-11-14,58517.55,0.23226356776366863
NIFTY BANK,2025-11-17,58962.7,0.7607119573529442
NIFTY BANK,2025-11-18,58899.25,-0.1076104045438897
NIFTY BANK,2025-11-19,59216.05,0.5378676298934293
NIFTY BANK,2025-11-20,59347.7,0.2223214820981756
NIFTY BANK,2025-11-21,58867.7,-0.8087929271058503
NIFTY BANK,2025-11-24,58835.35,-0.05495373524020408
NIFTY BANK,2025-11-25,58820.3,-0.025579859727176135
NIFTY BANK,2025-11-26,59528.05,1.203241057934079
NIFTY BANK,2025-11-27,59737.3,0.3515149580743948
NIFTY BANK,2025-11-28,59752.7,0.02577953807754163
NIFTY BANK,2025-12-01,59681.35,-0.11940883006122949
NIFTY FMCG,2019-01-01,30398.45,
NIFTY FMCG,2019-01-02,30195.2,-0.6686196171186376
NIFTY FMCG,2019-01-03,30189.2,-0.01987070792708323
NIFTY FMCG,2019-01-04,30190.2,0.003312442860359255
NIFTY FMCG,2019-01-07,30282.6,0.30605958224854124
NIFTY FMCG,2019-01-08,30272.0,-0.03500359942673059
NIFTY FMCG,2019-01-09,30577.35,1.0086878964059132
NIFTY FMCG,2019-01-10,30571.65,-0.018641249159911943
NIFTY FMCG,2019-01-11,30759.05,0.6129862143521736
NIFTY FMCG,2019-01-14,30716.4,-0.1386583785910056
NIFTY FMCG,2019-01-15,31011.05,0.9592595486450195
NIFTY FMCG,2019-01-16,30783.85,-0.7326420743573703
NIFTY FMCG,2019-01-17,30737.25,-0.1513780764914041
NIFTY FMCG,2019-01-18,30540.35,-0.6405908140773908
NIFTY FMCG,2019-01-21,30485.0,-0.18123564399228353
NIFTY FMCG,2019-01-22,30507.6,0.07413482040348196
NIFTY FMCG,2019-01-23,29991.4,-1.6920373939608435
NIFTY FMCG,2019-01-24,30036.75,0.1512100135372174
NIFTY FMCG,2019-01-25,29938.05,-0.32859746810157686
NIFTY FMCG,2019-01-28,29565.55,-1.244236014035649
NIFTY FMCG,2019-01-29,29758.9,0.6539705840074017
NIFTY FMCG,2019-01-30,29463.85,-0.9914680986192415
NIFTY FMCG,2019-01-31,29800.55,1.142756292880942
NIFTY FMCG,2019-02-01,30199.9,1.3400759381957839
NIFTY FMCG,2019-02-04,30008.9,-0.6324524253391584
NIFTY FMCG,2019-02-05,29759.85,-0.8299204569311214
NIFTY FMCG,2019-02-06,30029.0,0.9044064402206287
NIFTY FMCG,2019-02-07,30266.3,0.7902361050984075
NIFTY FMCG,2019-02-08,29769.05,-1.6429163789429158
NIFTY FMCG,2019-02-11,29728.5,-0.13621529743138572
NIFTY FMCG,2019-02-12,29524.0,-0.6878920900819097
NIFTY FMCG,2019-02-13,29438.5,-0.2895949058393188
NIFTY FMCG,2019-02-14,29451.45,0.043990013078110124
NIFTY FMCG,2019-02-15,29309.1,-0.48333783226293114
NIFTY FMCG,2019-02-18,28965.15,-1.1735263109409644
NIFTY FMCG,2019-02-19,29009.7,0.15380552146286863
NIFTY FMCG,2019-02-20,29053.4,0.150639268934194
NIFTY FMCG,2019-02-21,29166.35,0.3887668913104658
NIFTY FMCG,2019-02-22,29241.2,0.2566313577119006
NIFTY FMCG,2019-02-25,29327.05,0.2935926022187729
NIFTY FMCG,2019-02-26,29253.65,-0.25028088403026283
NIFTY FMCG,2019-02-27,29171.95,-0.27928138881815334
NIFTY FMCG,2019-02-28,29262.85,0.31160069861631
NIFTY FMCG,2019-03-01,29464.9,0.6904658978876155
NIFTY FMCG,2019-03-05,29649.2,0.6254899897844446
NIFTY FMCG,2019-03-06,29710.3,0.20607638654668303
NIFTY FMCG,2019-03-07,29904.05,0.6521307425370937
NIFTY FMCG,2019-03-08,29945.75,0.13944599477329067
NIFTY FMCG,2019-03-11,30256.4,1.0373759214579836
NIFTY FMCG,2019-03-12,30480.8,0.7416612683597501
NIFTY FMCG,2019-03-13,30451.6,-0.09579801055090709
NIFTY FMCG,2019-03-14,30467.3,0.051557225236109616
NIFTY FMCG,2019-03-15,29953.4,-1.6867264247242053
NIFTY FMCG,2019-03-18,30172.3,0.7308018455333798
NIFTY FMCG,2019-03-19,30433.15,0.8645346891022587
NIFTY FMCG,2019-03-20,30297.35,-0.4462239367268972
NIFTY FMCG,2019-03-22,30198.85,-0.3251109420460918
NIFTY FMCG,2019-03-25,29921.45,-0.9185780253221476
NIFTY FMCG,2019-03-26,29957.8,0.12148475424820226
NIFTY FMCG,2019-03-27,29891.35,-0.22181201556856767
NIFTY FMCG,2019-03-28,30243.25,1.1772636565427819
NIFTY FMCG,2019-03-29,30321.4,0.258404768006093
NIFTY FMCG,2019-04-01,30193.15,-0.4229685964368346
NIFTY FMCG,2019-04-02,30073.15,-0.39744114145096043
NIFTY FMCG,2019-04-03,29969.0,-0.3463222176592784
NIFTY FMCG,2019-04-04,29998.7,0.09910240581934016
NIFTY FMCG,2019-04-05,29869.15,-0.43185204692203216
NIFTY FMCG,2019-04-08,29804.45,-0.21661145362356082
NIFTY FMCG,2019-04-09,30019.25,0.7206977481550636
NIFTY FMCG,2019-04-10,29994.95,-0.08094805832923324
NIFTY FMCG,2019-04-11,30151.15,0.5207543269783788
NIFTY FMCG,2019-04-12,30533.7,1.2687741595262425
NIFTY FMCG,2019-04-15,30547.4,0.04486845681983542
NIFTY FMCG,2019-04-16,30742.6,0.6390069203925597
NIFTY FMCG,2019-04-18,30558.95,-0.5973795319849207
NIFTY FMCG,2019-04-22,30418.1,-0.4609124331824255
NIFTY FMCG,2019-04-23,30495.05,0.25297438038536235
NIFTY FMCG,2019-04-24,30631.25,0.44662986287937745
NIFTY FMCG,2019-04-25,30371.3,-0.8486431340542722
NIFTY FMCG,2019-04-26,30440.75,0.2286698297405909
NIFTY FMCG,2019-04-30,30336.9,-0.34115453791381256
NIFTY FMCG,2019-05-02,30091.25,-0.8097399536538097
NIFTY FMCG,2019-05-03,29750.55,-1.132222822248996
NIFTY FMCG,2019-05-06,29575.85,-0.5872160346615418
NIFTY FMCG,2019-05-07,29557.05,-0.06356537512869354
NIFTY FMCG,2019-05-08,29395.7,-0.5458934501244128
NIFTY FMCG,2019-05-09,29474.8,0.26908697530589887
NIFTY FMCG,2019-05-10,29359.05,-0.39270834746970573
NIFTY FMCG,2019-05-13,29061.0,-1.0151895241841902
NIFTY FMCG,2019-05-14,29235.1,0.599084683940676
NIFTY FMCG,2019-05-15,29185.1,-0.17102729253534177
NIFTY FMCG,2019-05-16,29228.7,0.149391298984769
NIFTY FMCG,2019-05-17,29962.15,2.509348688104507
NIFTY FMCG,2019-05-20,30547.65,1.9541321300373893
NIFTY FMCG,2019-05-21,30537.9,-0.031917348797694256
NIFTY FMCG,2019-05-22,30247.65,-0.9504582829860553
NIFTY FMCG,2019-05-23,29723.8,-1.731870079163178
NIFTY FMCG,2019-05-24,29965.4,0.8128166654330915
NIFTY FMCG,2019-05-27,30105.4,0.4672055103552841
NIFTY FMCG,2019-05-28,30068.95,-0.12107462448597284
NIFTY FMCG,2019-05-29,30014.2,-0.18208151598243516
NIFTY FMCG,2019-05-30,30002.4,-0.03931472436380368
NIFTY FMCG,2019-05-31,29850.4,-0.5066261365757385
NIFTY FMCG,2019-06-03,30278.75,1.434989145874077
NIFTY FMCG,2019-06-04,30197.95,-0.2668538166205603
NIFTY FMCG,2019-06-06,30057.4,-0.46542894468001306
NIFTY FMCG,2019-06-07,29971.45,-0.2859528768289987
NIFTY FMCG,2019-06-10,30360.9,1.299403265440957
NIFTY FMCG,2019-06-11,30311.3,-0.16336801609966312
NIFTY FMCG,2019-06-12,30379.25,0.22417382296371358
NIFTY FMCG,2019-06-13,30354.55,-0.08130549635030349
NIFTY FMCG,2019-06-14,29966.1,-1.2797093022298145
NIFTY FMCG,2019-06-17,29703.9,-0.874988737273108
NIFTY FMCG,2019-06-18,29580.75,-0.4145920232696776
NIFTY FMCG,2019-06-19,29585.4,0.015719682563841708
NIFTY FMCG,2019-06-20,29651.45,0.22325200943709156
NIFTY FMCG,2019-06-21,29423.85,-0.7675847218264309
NIFTY FMCG,2019-06-24,29464.2,0.13713365178249504
NIFTY FMCG,2019-06-25,29552.6,0.3000251152245781
NIFTY FMCG,2019-06-26,29524.1,-0.09643821525009422
NIFTY FMCG,2019-06-27,29486.8,-0.1263374666797601
NIFTY FMCG,2019-06-28,29546.05,0.20093736858526334
NIFTY FMCG,2019-07-01,29600.4,0.18395013885106337
NIFTY FMCG,2019-07-02,29710.95,0.373474682774555
NIFTY FMCG,2019-07-03,29812.65,0.3422980416311283
NIFTY FMCG,2019-07-04,29889.45,0.25760876674834066
NIFTY FMCG,2019-07-05,29973.25,0.2803664838262332
NIFTY FMCG,2019-07-08,29594.65,-1.263126287606442
NIFTY FMCG,2019-07-09,29321.3,-0.9236466726249559
NIFTY FMCG,2019-07-10,29154.05,-0.5704044500073335
NIFTY FMCG,2019-07-11,29293.65,0.47883570207227777
NIFTY FMCG,2019-07-12,29252.0,-0.14218098461612483
NIFTY FMCG,2019-07-15,29079.9,-0.5883358402844152
NIFTY FMCG,2019-07-16,29366.6,0.985904353178646
NIFTY FMCG,2019-07-17,29614.25,0.8433049791259473
NIFTY FMCG,2019-07-18,29553.9,-0.20378702820432748
NIFTY FMCG,2019-07-19,29027.55,-1.7809832204886744
NIFTY FMCG,2019-07-22,28714.95,-1.0769079719094354
NIFTY FMCG,2019-07-23,28990.9,0.9609976684618937
NIFTY FMCG,2019-07-24,28992.5,0.00551897319502892
NIFTY FMCG,2019-07-25,28983.55,-0.03087005259980735
NIFTY FMCG,2019-07-26,29142.3,0.5477244850958574
NIFTY FMCG,2019-07-29,28974.95,-0.5742511744097012
NIFTY FMCG,2019-07-30,28864.6,-0.38084621371219374
NIFTY FMCG,2019-07-31,29065.95,0.6975672623213303
NIFTY FMCG,2019-08-01,28925.35,-0.4837275230983429
NIFTY FMCG,2019-08-02,28930.75,0.018668745581296164
NIFTY FMCG,2019-08-05,28777.55,-0.5295403679476007
NIFTY FMCG,2019-08-06,28847.35,0.2425501823470011
NIFTY FMCG,2019-08-07,28814.55,-0.11370195182572873
NIFTY FMCG,2019-08-08,29131.8,1.101006262461146
NIFTY FMCG,2019-08-09,29302.2,0.5849278108458922
NIFTY FMCG,2019-08-13,28728.5,-1.9578734702513811
NIFTY FMCG,2019-08-14,28839.6,0.3867239848930559
NIFTY FMCG,2019-08-16,28889.95,0.17458633268145896
NIFTY FMCG,2019-08-19,28837.5,-0.1815510237989315
NIFTY FMCG,2019-08-20,28669.85,-0.5813610749891729
NIFTY FMCG,2019-08-21,28399.1,-0.9443718749836516
NIFTY FMCG,2019-08-22,28396.15,-0.010387653129839691
NIFTY FMCG,2019-08-23,28257.1,-0.4896790586047861
NIFTY FMCG,2019-08-26,28707.8,1.594997363494488
NIFTY FMCG,2019-08-27,28927.25,0.7644263928270334
NIFTY FMCG,2019-08-28,28815.0,-0.3880424167523655
NIFTY FMCG,2019-08-29,28751.8,-0.21933020996008912
NIFTY FMCG,2019-08-30,29257.35,1.7583246961929255
NIFTY FMCG,2019-09-03,28766.9,-1.676330904883716
NIFTY FMCG,2019-09-04,28725.65,-0.14339397015319388
NIFTY FMCG,2019-09-05,28710.0,-0.054480925583932915
NIFTY FMCG,2019-09-06,28649.75,-0.20985719261581437
NIFTY FMCG,2019-09-09,28845.65,0.6837756001361273
NIFTY FMCG,2019-09-11,28759.35,-0.2991785589855023
NIFTY FMCG,2019-09-12,28575.2,-0.6403134980449754
NIFTY FMCG,2019-09-13,28592.05,0.058967216327432403
NIFTY FMCG,2019-09-16,28751.75,0.5585468687974382
NIFTY FMCG,2019-09-17,28675.3,-0.2658968584520971
NIFTY FMCG,2019-09-18,28752.15,0.26800068351509054
NIFTY FMCG,2019-09-19,28575.6,-0.6140410369311566
NIFTY FMCG,2019-09-20,29835.35,4.408481361721184
NIFTY FMCG,2019-09-23,31120.1,4.3061334960039055
NIFTY FMCG,2019-09-24,31312.4,0.6179286056278821
NIFTY FMCG,2019-09-25,30925.95,-1.2341755981655878
NIFTY FMCG,2019-09-26,31027.7,0.329011719931005
NIFTY FMCG,2019-09-27,31026.0,-0.00547897523826002
NIFTY FMCG,2019-09-30,31134.5,0.34970669760845396
NIFTY FMCG,2019-10-01,30801.35,-1.0700348488011713
NIFTY FMCG,2019-10-03,30791.0,-0.033602423270406856
NIFTY FMCG,2019-10-04,30327.15,-1.5064466889675554
NIFTY FMCG,2019-10-07,30218.1,-0.35957879325951847
NIFTY FMCG,2019-10-09,30269.15,0.16893848388881416
NIFTY FMCG,2019-10-10,30147.2,-0.40288544607298693
NIFTY FMCG,2019-10-11,30416.2,0.8922885044050588
NIFTY FMCG,2019-10-14,30591.0,0.5746937487260073
NIFTY FMCG,2019-10-15,30927.9,1.1013043051878002
NIFTY FMCG,2019-10-16,30899.0,-0.09344313710275554
NIFTY FMCG,2019-10-17,31331.9,1.401016214116968
NIFTY FMCG,2019-10-18,31501.45,0.5411417756344239
NIFTY FMCG,2019-10-22,31659.4,0.5014054908583532
NIFTY FMCG,2019-10-23,31899.55,0.7585424865916623
NIFTY FMCG,2019-10-24,31752.8,-0.4600378375243519
NIFTY FMCG,2019-10-25,31685.6,-0.21163487944370063
NIFTY FMCG,2019-10-27,31803.45,0.3719355164491178
NIFTY FMCG,2019-10-29,31950.75,0.4631572989722832
NIFTY FMCG,2019-10-30,32274.1,1.0120263217608283
NIFTY FMCG,2019-10-31,32319.75,0.141444687845671
NIFTY FMCG,2019-11-01,32449.85,0.40254024242143416
NIFTY FMCG,2019-11-04,32255.7,-0.5983078504214867
NIFTY FMCG,2019-11-05,32361.45,0.32784903133400434
NIFTY FMCG,2019-11-06,32393.0,0.09749254127981999
NIFTY FMCG,2019-11-07,32535.9,0.44114469175440263
NIFTY FMCG,2019-11-08,31947.5,-1.8084638814355847
NIFTY FMCG,2019-11-11,31802.55,-0.4537131230925806
NIFTY FMCG,2019-11-13,31582.45,-0.6920828675687885
NIFTY FMCG,2019-11-14,31439.45,-0.4527831121398096
NIFTY FMCG,2019-11-15,31289.7,-0.4763124036839095
NIFTY FMCG,2019-11-18,31165.25,-0.39773471781449077
NIFTY FMCG,2019-11-19,30972.95,-0.6170333945660578
NIFTY FMCG,2019-11-20,31089.35,0.3758117970680708
NIFTY FMCG,2019-11-21,30893.55,-0.6297976638302116
NIFTY FMCG,2019-11-22,30809.55,-0.2719014163150568
NIFTY FMCG,2019-11-25,31085.6,0.8959884191752199
NIFTY FMCG,2019-11-26,31055.35,-0.09731193864683796
NIFTY FMCG,2019-11-27,31221.95,0.5364615114626048
NIFTY FMCG,2019-11-28,31263.4,0.13275916462616166
NIFTY FMCG,2019-11-29,30975.5,-0.9208851244586369
NIFTY FMCG,2020-01-01,30234.25,-2.393020290229375
NIFTY FMCG,2020-01-02,30266.2,0.10567485550327937
NIFTY FMCG,2020-01-03,30109.25,-0.5185652642221372
NIFTY FMCG,2020-01-06,29799.3,-1.0294178699236989
NIFTY FMCG,2020-01-07,29861.8,0.20973647031976572
NIFTY FMCG,2020-01-08,29893.2,0.10515106256154816
NIFTY FMCG,2020-01-09,30123.6,0.7707438480992312
NIFTY FMCG,2020-01-10,30370.45,0.8194571697937914
NIFTY FMCG,2020-01-13,30713.45,1.1293872827040863
NIFTY FMCG,2020-01-14,31145.4,1.4063871040212117
NIFTY FMCG,2020-01-15,31237.1,0.29442550103706555
NIFTY FMCG,2020-01-16,31338.2,0.32365360420782974
NIFTY FMCG,2020-01-17,31371.45,0.1061005418307337
NIFTY FMCG,2020-01-20,31426.75,0.17627492513097032
NIFTY FMCG,2020-01-21,31145.95,-0.8935063282076605
NIFTY FMCG,2020-01-22,31153.15,0.02311697026420312
NIFTY FMCG,2020-01-23,31226.9,0.23673368503667191
NIFTY FMCG,2020-01-24,31474.9,0.7941870630770342
NIFTY FMCG,2020-01-27,31149.7,-1.0332042357561133
NIFTY FMCG,2020-01-28,31027.05,-0.3937437599720095
NIFTY FMCG,2020-01-29,31426.25,1.2866192564230161
NIFTY FMCG,2020-01-30,30936.45,-1.5585696670776805
NIFTY FMCG,2020-01-31,30775.3,-0.5209065681421099
NIFTY FMCG,2020-02-01,30196.65,-1.8802416223399843
NIFTY FMCG,2020-02-03,30435.3,0.7903194559661264
NIFTY FMCG,2020-02-04,30744.0,1.01428275719313
NIFTY FMCG,2020-02-05,30934.4,0.6193078324225887
NIFTY FMCG,2020-02-06,30736.6,-0.6394176062894497
NIFTY FMCG,2020-02-07,30809.5,0.23717652570551806
NIFTY FMCG,2020-02-10,30528.45,-0.9122186338629268
NIFTY FMCG,2020-02-11,30414.55,-0.3730946051961448
NIFTY FMCG,2020-02-12,30986.25,1.87969244983075
NIFTY FMCG,2020-02-13,31039.3,0.17120496994633694
NIFTY FMCG,2020-02-14,30646.75,-1.2646870258027687
NIFTY FMCG,2020-02-17,30481.05,-0.5406772333118592
NIFTY FMCG,2020-02-18,30360.6,-0.39516355243668366
NIFTY FMCG,2020-02-19,30835.0,1.5625514647273242
NIFTY FMCG,2020-02-20,30636.25,-0.644559753526841
NIFTY FMCG,2020-02-24,30147.6,-1.5950059161940588
NIFTY FMCG,2020-02-25,30173.2,0.0849155488330755
NIFTY FMCG,2020-02-26,29965.55,-0.6881934962151837
NIFTY FMCG,2020-02-27,29981.2,0.05222664025856805
NIFTY FMCG,2020-02-28,29310.25,-2.237902418849147
NIFTY FMCG,2020-03-02,29138.9,-0.5846077737310273
NIFTY FMCG,2020-03-03,29406.2,0.9173304414373806
NIFTY FMCG,2020-03-04,29223.75,-0.6204473886459394
NIFTY FMCG,2020-03-05,29530.5,1.049659951238291
NIFTY FMCG,2020-03-06,28937.0,-2.009786491932075
NIFTY FMCG,2020-03-09,28056.5,-3.0428171545080707
NIFTY FMCG,2020-03-11,28078.75,0.07930426104467703
NIFTY FMCG,2020-03-12,26083.0,-7.107688198370655
NIFTY FMCG,2020-03-13,26208.0,0.479239351301608
NIFTY FMCG,2020-03-16,24707.65,-5.7247786935286875
NIFTY FMCG,2020-03-17,24929.85,0.8993166084188431
NIFTY FMCG,2020-03-18,24186.5,-2.9817668377467133
NIFTY FMCG,2020-03-19,23970.75,-0.892026543733071
NIFTY FMCG,2020-03-20,25931.6,8.180177925179644
NIFTY FMCG,2020-03-23,23184.05,-10.595373983865242
NIFTY FMCG,2020-03-24,23935.3,3.240374309061611
NIFTY FMCG,2020-03-25,24471.7,2.2410414743078366
NIFTY FMCG,2020-03-26,25680.1,4.9379487326176585
NIFTY FMCG,2020-03-27,25740.45,0.23500687302620005
NIFTY FMCG,2020-03-30,25831.55,0.3539176665520616
NIFTY FMCG,2020-03-31,27319.2,5.759042721013641
NIFTY FMCG,2020-04-01,26358.8,-3.515476295059894
NIFTY FMCG,2020-04-03,26537.75,0.6789004051777736
NIFTY FMCG,2020-04-07,28745.3,8.318527380806584
NIFTY FMCG,2020-04-08,28839.9,0.3290972785116253
NIFTY FMCG,2020-04-09,28953.2,0.3928585050572364
NIFTY FMCG,2020-04-13,28509.85,-1.5312642471298599
NIFTY FMCG,2020-04-15,29686.95,4.128748485172684
NIFTY FMCG,2020-04-16,29512.3,-0.5883056359781036
NIFTY FMCG,2020-04-17,29202.35,-1.0502400693947922
NIFTY FMCG,2020-04-20,28598.1,-2.069182788371482
NIFTY FMCG,2020-04-21,28480.6,-0.4108664561631725
NIFTY FMCG,2020-04-22,29185.15,2.4737891757898423
NIFTY FMCG,2020-04-23,28786.25,-1.366790987882538
NIFTY FMCG,2020-04-24,28636.7,-0.5195188675148676
NIFTY FMCG,2020-04-27,29052.55,1.4521575460859637
NIFTY FMCG,2020-04-28,28778.15,-0.9444954057388988
NIFTY FMCG,2020-04-29,28665.0,-0.39318024264937135
NIFTY FMCG,2020-04-30,28669.3,0.015000872143722255
NIFTY FMCG,2020-05-04,27599.0,-3.73326171200552
NIFTY FMCG,2020-05-05,27138.6,-1.6681763832022911
NIFTY FMCG,2020-05-06,26630.2,-1.8733464511802245
NIFTY FMCG,2020-05-07,26254.55,-1.4106165180884922
NIFTY FMCG,2020-05-08,26759.8,1.9244283371834703
NIFTY FMCG,2020-05-11,26667.8,-0.34379928101107016
NIFTY FMCG,2020-05-12,26857.15,0.7100323236262529
NIFTY FMCG,2020-05-13,26746.5,-0.4119945712780404
NIFTY FMCG,2020-05-14,26933.65,0.6997177200755322
NIFTY FMCG,2020-05-15,26958.65,0.09282069084584066
NIFTY FMCG,2020-05-18,26694.65,-0.9792775231697415
NIFTY FMCG,2020-05-19,26895.75,0.7533344696409205
NIFTY FMCG,2020-05-20,27290.35,1.467146296347921
NIFTY FMCG,2020-05-21,27887.1,2.186670379822897
NIFTY FMCG,2020-05-22,27786.1,-0.3621746255437097
NIFTY FMCG,2020-05-26,28122.3,1.2099574967339821
NIFTY FMCG,2020-05-27,28222.4,0.3559452818581832
NIFTY FMCG,2020-05-28,28451.6,0.812120868529953
NIFTY FMCG,2020-05-29,29296.95,2.971186154732952
NIFTY FMCG,2020-06-01,29571.3,0.936445602699254
NIFTY FMCG,2020-06-02,29359.85,-0.7150514180979561
NIFTY FMCG,2020-06-03,29527.0,0.569314897725981
NIFTY FMCG,2020-06-04,29621.55,0.32021539607816063
NIFTY FMCG,2020-06-05,29542.0,-0.26855448145015615
NIFTY FMCG,2020-06-08,29502.15,-0.13489269514589397
NIFTY FMCG,2020-06-09,29524.9,0.07711302396604669
NIFTY FMCG,2020-06-10,29503.2,-0.07349728534220556
NIFTY FMCG,2020-06-11,29092.45,-1.3922218606795211
NIFTY FMCG,2020-06-12,29145.6,0.18269344795642795
NIFTY FMCG,2020-06-15,28701.8,-1.5226998243302536
NIFTY FMCG,2020-06-16,28575.35,-0.44056470325902763
NIFTY FMCG,2020-06-17,28431.75,-0.5025310276164596
NIFTY FMCG,2020-06-18,28648.7,0.7630553870233037
NIFTY FMCG,2020-06-19,28709.45,0.2120515067001394
NIFTY FMCG,2020-06-22,28865.45,0.5433750907802182
NIFTY FMCG,2020-06-23,29355.2,1.6966650441964326
NIFTY FMCG,2020-06-24,29487.4,0.4503461056303504
NIFTY FMCG,2020-06-25,30113.25,2.122431953987114
NIFTY FMCG,2020-06-26,29757.05,-1.182868006608384
NIFTY FMCG,2020-06-29,29971.65,0.7211736378438083
NIFTY FMCG,2020-06-30,30063.25,0.3056221462615527
NIFTY FMCG,2020-07-01,30232.5,0.5629797177617135
NIFTY FMCG,2020-07-02,30316.2,0.27685437856610484
NIFTY FMCG,2020-07-03,30529.1,0.7022647957197758
NIFTY FMCG,2020-07-06,30647.65,0.38831803099339535
NIFTY FMCG,2020-07-07,30518.2,-0.4223814876507692
NIFTY FMCG,2020-07-08,30773.9,0.8378606864100746
NIFTY FMCG,2020-07-09,30671.75,-0.3319371285407491
NIFTY FMCG,2020-07-10,30821.15,0.48709317205573033
NIFTY FMCG,2020-07-13,31214.9,1.2775318247372436
NIFTY FMCG,2020-07-14,30932.85,-0.9035748953224343
NIFTY FMCG,2020-07-15,31140.45,0.6711311760797978
NIFTY FMCG,2020-07-16,31182.35,0.13455168438476495
NIFTY FMCG,2020-07-17,31439.3,0.8240238468236072
NIFTY FMCG,2020-07-20,31536.35,0.3086900789775804
NIFTY FMCG,2020-07-21,31280.25,-0.8120787599072088
NIFTY FMCG,2020-07-22,31051.6,-0.7309724186987054
NIFTY FMCG,2020-07-23,31101.9,0.1619884321580889
NIFTY FMCG,2020-07-24,31018.85,-0.26702548718889885
NIFTY FMCG,2020-07-27,30819.75,-0.6418677675026574
NIFTY FMCG,2020-07-28,30910.9,0.2957519123289565
NIFTY FMCG,2020-07-29,30948.5,0.12163993930942585
NIFTY FMCG,2020-07-30,30696.4,-0.8145790587589019
NIFTY FMCG,2020-07-31,30872.45,0.5735200218918157
NIFTY FMCG,2020-08-03,30759.8,-0.3648884361299509
NIFTY FMCG,2020-08-04,30901.65,0.46115384365308376
NIFTY FMCG,2020-08-05,30863.6,-0.12313258353519041
NIFTY FMCG,2020-08-06,31287.6,1.3737865965085083
NIFTY FMCG,2020-08-07,31490.6,0.6488193405694176
NIFTY FMCG,2020-08-10,31621.75,0.41647348732638534
NIFTY FMCG,2020-08-11,31767.75,0.46170752725576136
NIFTY FMCG,2020-08-12,31636.7,-0.4125252811420399
NIFTY FMCG,2020-08-13,31668.15,0.09940986259628914
NIFTY FMCG,2020-08-14,31237.95,-1.358462682537509
NIFTY FMCG,2020-08-17,31545.15,0.9834192064460012
NIFTY FMCG,2020-08-18,31726.15,0.573780755520259
NIFTY FMCG,2020-08-19,31586.05,-0.44159155775284065
NIFTY FMCG,2020-08-20,31439.9,-0.46270426343274496
NIFTY FMCG,2020-08-21,31604.4,0.5232204937038576
NIFTY FMCG,2020-08-24,31642.0,0.11897077622102792
NIFTY FMCG,2020-08-25,31460.3,-0.5742367739080989
NIFTY FMCG,2020-08-26,31408.45,-0.1648108886437738
NIFTY FMCG,2020-08-27,31314.45,-0.2992825179211289
NIFTY FMCG,2020-08-28,31253.45,-0.19479824809313095
NIFTY FMCG,2020-08-31,30595.15,-2.106327461448254
NIFTY FMCG,2020-09-01,30988.15,1.284517317287226
NIFTY FMCG,2020-09-02,31084.35,0.31044124931625117
NIFTY FMCG,2020-09-03,31316.85,0.7479648118747795
NIFTY FMCG,2020-09-04,30828.65,-1.558905190017501
NIFTY FMCG,2020-09-07,31003.85,0.5683025367636763
NIFTY FMCG,2020-09-08,30818.45,-0.5979902495980238
NIFTY FMCG,2020-09-09,30633.6,-0.5998030400620524
NIFTY FMCG,2020-09-10,30778.75,0.47382612556148285
NIFTY FMCG,2020-09-11,30972.25,0.6286805019697139
NIFTY FMCG,2020-09-14,30760.5,-0.683676516882048
NIFTY FMCG,2020-09-15,30712.2,-0.15701955429853198
NIFTY FMCG,2020-09-16,30837.55,0.4081439948945276
NIFTY FMCG,2020-09-17,30651.75,-0.6025121969806313
NIFTY FMCG,2020-09-18,30460.85,-0.622802939473277
NIFTY FMCG,2020-09-21,29541.75,-3.0173156691293834
NIFTY FMCG,2020-09-22,29312.4,-0.7763588819213463
NIFTY FMCG,2020-09-23,29322.35,0.03394467870252438
NIFTY FMCG,2020-09-24,29044.95,-0.9460360441779003
NIFTY FMCG,2020-09-25,29633.5,2.0263419286313145
NIFTY FMCG,2020-09-28,29886.2,0.8527511093863405
NIFTY FMCG,2020-09-29,29434.8,-1.5103961025490054
NIFTY FMCG,2020-09-30,29841.75,1.3825471890415386
NIFTY FMCG,2020-10-01,30009.55,0.5622994630006595
NIFTY FMCG,2020-10-05,30112.15,0.3418911646459355
NIFTY FMCG,2020-10-06,30054.7,-0.1907867754378234
NIFTY FMCG,2020-10-07,30168.8,0.3796411210226669
NIFTY FMCG,2020-10-08,30136.05,-0.108555859033177
NIFTY FMCG,2020-10-09,29923.9,-0.7039741439239688
NIFTY FMCG,2020-10-12,30024.25,0.3353506728735134
NIFTY FMCG,2020-10-13,29926.7,-0.3249040359043054
NIFTY FMCG,2020-10-14,29959.6,0.10993527518903257
NIFTY FMCG,2020-10-15,29644.8,-1.0507483410993501
NIFTY FMCG,2020-10-16,29671.05,0.08854841321244145
NIFTY FMCG,2020-10-19,30068.85,1.340700784097626
NIFTY FMCG,2020-10-20,29964.6,-0.34670431360028786
NIFTY FMCG,2020-10-21,29684.1,-0.936104603432053
NIFTY FMCG,2020-10-22,29715.35,0.10527521467722512
NIFTY FMCG,2020-10-23,29782.2,0.2249679037938268
NIFTY FMCG,2020-10-26,29774.65,-0.025350712841898382
NIFTY FMCG,2020-10-27,30163.7,1.3066484408716716
NIFTY FMCG,2020-10-28,29948.1,-0.7147664245434115
NIFTY FMCG,2020-10-29,29663.45,-0.9504776596845788
NIFTY FMCG,2020-10-30,29428.45,-0.7922207295510186
NIFTY FMCG,2020-11-02,29441.45,0.044174939556795856
NIFTY FMCG,2020-11-03,29526.35,0.2883689492195529
NIFTY FMCG,2020-11-04,29612.4,0.2914345999420975
NIFTY FMCG,2020-11-05,30180.05,1.916933446799307
NIFTY FMCG,2020-11-06,30150.65,-0.09741534556767517
NIFTY FMCG,2020-11-09,30453.7,1.0051192926189056
NIFTY FMCG,2020-11-10,30494.75,0.13479478684035318
NIFTY FMCG,2020-11-11,30845.6,1.1505259101976417
NIFTY FMCG,2020-11-12,31240.2,1.2792748398475107
NIFTY FMCG,2020-11-13,31222.1,-0.05793816940993235
NIFTY FMCG,2020-11-14,31336.1,0.3651259844789534
NIFTY FMCG,2020-11-17,31291.45,-0.14248741866409453
NIFTY FMCG,2020-11-18,30952.85,-1.0820847228236508
NIFTY FMCG,2020-11-19,31085.2,0.4275858281224565
NIFTY FMCG,2020-11-20,31454.35,1.1875426247860643
NIFTY FMCG,2020-11-23,31568.1,0.36163519513199294
NIFTY FMCG,2020-11-24,31832.2,0.836604040154465
NIFTY FMCG,2020-11-25,31441.7,-1.2267452453804673
NIFTY FMCG,2020-11-26,31701.3,0.8256551013462898
NIFTY FMCG,2020-11-27,31718.8,0.05520278348205565
NIFTY FMCG,2020-12-01,31705.25,-0.04271914448213954
NIFTY FMCG,2021-01-01,34391.85,8.473675495383247
NIFTY FMCG,2021-01-04,34619.7,0.6625116124895802
NIFTY FMCG,2021-01-05,34720.25,0.29044156939546095
NIFTY FMCG,2021-01-06,34327.35,-1.13161627580447
NIFTY FMCG,2021-01-07,34032.35,-0.8593730655002463
NIFTY FMCG,2021-01-08,34276.75,0.7181402400950887
NIFTY FMCG,2021-01-11,34681.25,1.180100213701718
NIFTY FMCG,2021-01-12,34488.65,-0.555343305100009
NIFTY FMCG,2021-01-13,34617.6,0.3738911207020301
NIFTY FMCG,2021-01-14,34885.7,0.7744615455721915
NIFTY FMCG,2021-01-15,34630.05,-0.7328217579122498
NIFTY FMCG,2021-01-18,34502.85,-0.3673110492188214
NIFTY FMCG,2021-01-19,34659.85,0.4550348739307042
NIFTY FMCG,2021-01-20,34605.35,-0.15724245777174461
NIFTY FMCG,2021-01-21,34494.4,-0.32061516499615195
NIFTY FMCG,2021-01-22,34430.3,-0.18582726471543243
NIFTY FMCG,2021-01-25,34178.6,-0.7310421343990736
NIFTY FMCG,2021-01-27,34281.4,0.3007729983088847
NIFTY FMCG,2021-01-28,33625.85,-1.9122614595669996
NIFTY FMCG,2021-01-29,33121.05,-1.5012259913132153
NIFTY FMCG,2021-02-01,33689.65,1.716733014200944
NIFTY FMCG,2021-02-02,33730.85,0.12229275163142539
NIFTY FMCG,2021-02-03,33682.35,-0.14378528854149808
NIFTY FMCG,2021-02-04,34507.65,2.4502447127353166
NIFTY FMCG,2021-02-05,34644.5,0.39657872964400376
NIFTY FMCG,2021-02-08,34452.25,-0.5549221377130542
NIFTY FMCG,2021-02-09,34231.3,-0.641322410002243
NIFTY FMCG,2021-02-10,34188.0,-0.12649242067932498
NIFTY FMCG,2021-02-11,34463.75,0.8065695565695474
NIFTY FMCG,2021-02-12,33928.3,-1.553661455877542
NIFTY FMCG,2021-02-15,33959.9,0.09313758720594922
NIFTY FMCG,2021-02-16,33724.5,-0.6931704745891554
NIFTY FMCG,2021-02-17,33519.55,-0.6077184242909373
NIFTY FMCG,2021-02-18,33373.9,-0.4345225398312391
NIFTY FMCG,2021-02-19,33336.8,-0.11116471254483118
NIFTY FMCG,2021-02-22,32891.7,-1.3351611432411148
NIFTY FMCG,2021-02-23,33025.95,0.40815768111712725
NIFTY FMCG,2021-02-24,33091.7,0.19908587035346592
NIFTY FMCG,2021-02-25,33001.8,-0.271669330980262
NIFTY FMCG,2021-02-26,32443.15,-1.6927864540722037
NIFTY FMCG,2021-03-01,32797.65,1.092680581262906
NIFTY FMCG,2021-03-02,33250.9,1.381958768387359
NIFTY FMCG,2021-03-03,33454.4,0.6120135094087598
NIFTY FMCG,2021-03-04,33443.8,-0.031684920369212666
NIFTY FMCG,2021-03-05,33360.3,-0.24967258505312895
NIFTY FMCG,2021-03-08,33190.35,-0.5094378647674147
NIFTY FMCG,2021-03-09,33215.85,0.07682956039933853
NIFTY FMCG,2021-03-10,33402.75,0.5626831768568374
NIFTY FMCG,2021-03-12,33068.5,-1.0006661128200478
NIFTY FMCG,2021-03-15,33058.85,-0.029181849796633408
NIFTY FMCG,2021-03-16,33351.75,0.8859957318539502
NIFTY FMCG,2021-03-17,33194.6,-0.4711896677085936
NIFTY FMCG,2021-03-18,33222.6,0.08435106914979063
NIFTY FMCG,2021-03-19,34028.35,2.4253068694202184
NIFTY FMCG,2021-03-22,34608.0,1.7034325790113325
NIFTY FMCG,2021-03-23,34473.75,-0.38791608876560524
NIFTY FMCG,2021-03-24,33987.1,-1.4116537945538354
NIFTY FMCG,2021-03-25,33213.15,-2.2771875211477166
NIFTY FMCG,2021-03-26,33818.45,1.822470918898067
NIFTY FMCG,2021-03-30,34578.85,2.2484767929931815
NIFTY FMCG,2021-03-31,34931.7,1.020421442587005
NIFTY FMCG,2021-04-01,34874.55,-0.16360497771363836
NIFTY FMCG,2021-04-05,34304.55,-1.6344296915659084
NIFTY FMCG,2021-04-06,34619.85,0.9191200584178993
NIFTY FMCG,2021-04-07,34835.3,0.6223308304339925
NIFTY FMCG,2021-04-08,34983.05,0.42413873283708714
NIFTY FMCG,2021-04-09,35253.1,0.7719452706381968
NIFTY FMCG,2021-04-12,34561.35,-1.962238781837622
NIFTY FMCG,2021-04-13,34720.35,0.46005147368375354
NIFTY FMCG,2021-04-15,34658.6,-0.17784958964986997
NIFTY FMCG,2021-04-16,34853.15,0.5613325408412528
NIFTY FMCG,2021-04-19,34519.0,-0.9587368717031364
NIFTY FMCG,2021-04-20,34296.5,-0.6445725542454928
NIFTY FMCG,2021-04-22,34043.05,-0.7389966906243939
NIFTY FMCG,2021-04-23,33726.1,-0.9310270378241836
NIFTY FMCG,2021-04-26,33865.7,0.41392274825728936
NIFTY FMCG,2021-04-27,34009.35,0.4241754931981312
NIFTY FMCG,2021-04-28,34129.15,0.3522560707570177
NIFTY FMCG,2021-04-29,34009.0,-0.3520450992773094
NIFTY FMCG,2021-04-30,33623.45,-1.1336704989855728
NIFTY FMCG,2021-05-03,33994.2,1.1026530591001116
NIFTY FMCG,2021-05-04,33822.75,-0.5043507421854221
NIFTY FMCG,2021-05-05,33898.0,0.22248338766066578
NIFTY FMCG,2021-05-06,34048.5,0.44397899581096745
NIFTY FMCG,2021-05-07,34123.5,0.2202740208819831
NIFTY FMCG,2021-05-10,34204.25,0.23664043840754267
NIFTY FMCG,2021-05-11,34129.3,-0.2191248163605275
NIFTY FMCG,2021-05-12,34057.4,-0.21066942480508777
NIFTY FMCG,2021-05-14,34781.5,2.126116497442543
NIFTY FMCG,2021-05-17,34807.4,0.0744648735678588
NIFTY FMCG,2021-05-18,34741.45,-0.18947120439907206
NIFTY FMCG,2021-05-19,34729.7,-0.03382127113289446
NIFTY FMCG,2021-05-20,34475.6,-0.731650431763009
NIFTY FMCG,2021-05-21,34690.55,0.6234844353687929
NIFTY FMCG,2021-05-24,34572.5,-0.34029440294259805
NIFTY FMCG,2021-05-25,34780.85,0.6026466121917595
NIFTY FMCG,2021-05-26,34815.7,0.10019881630265459
NIFTY FMCG,2021-05-27,34812.3,-0.009765709148445989
NIFTY FMCG,2021-05-28,34890.5,0.22463324744415036
NIFTY FMCG,2021-05-31,35243.1,1.0105902752898244
NIFTY FMCG,2021-06-01,35241.2,-0.005391126206266694
NIFTY FMCG,2021-06-02,35058.6,-0.518143536542448
NIFTY FMCG,2021-06-03,35266.5,0.5930071366226919
NIFTY FMCG,2021-06-04,35138.0,-0.364368451646746
NIFTY FMCG,2021-06-07,35375.35,0.6754795378222989
NIFTY FMCG,2021-06-08,35672.45,0.83985034777041
NIFTY FMCG,2021-06-09,35588.95,-0.23407419451144662
NIFTY FMCG,2021-06-10,35731.3,0.39998370280664997
NIFTY FMCG,2021-06-11,35646.95,-0.2360675374251886
NIFTY FMCG,2021-06-14,35659.95,0.03646875819669493
NIFTY FMCG,2021-06-15,35921.5,0.7334558797754909
NIFTY FMCG,2021-06-16,36131.25,0.5839121417535509
NIFTY FMCG,2021-06-17,36183.55,0.1447500432451232
NIFTY FMCG,2021-06-18,36287.15,0.2863179538768357
NIFTY FMCG,2021-06-21,36377.6,0.2492617910196726
NIFTY FMCG,2021-06-22,36299.65,-0.21428021639690042
NIFTY FMCG,2021-06-23,36188.75,-0.30551258758693134
NIFTY FMCG,2021-06-24,36242.55,0.1486649856654365
NIFTY FMCG,2021-06-25,36006.55,-0.6511683090731801
NIFTY FMCG,2021-06-28,36054.45,0.13303135124025367
NIFTY FMCG,2021-06-29,36234.55,0.499522250374107
NIFTY FMCG,2021-06-30,36093.2,-0.3900972966409344
NIFTY FMCG,2021-07-01,36234.9,0.3925947269846075
NIFTY FMCG,2021-07-02,36216.7,-0.05022781903635254
NIFTY FMCG,2021-07-05,36390.9,0.4809935747873251
NIFTY FMCG,2021-07-06,36238.5,-0.41878601518512415
NIFTY FMCG,2021-07-07,36447.05,0.5754929149937249
NIFTY FMCG,2021-07-08,36179.1,-0.7351760979283806
NIFTY FMCG,2021-07-09,36184.4,0.014649341747041689
NIFTY FMCG,2021-07-12,36176.65,-0.021418069665379846
NIFTY FMCG,2021-07-13,36110.3,-0.18340559449258054
NIFTY FMCG,2021-07-14,36073.2,-0.10274076925421705
NIFTY FMCG,2021-07-15,36182.95,0.3042424847254921
NIFTY FMCG,2021-07-16,36253.55,0.19511952452744286
NIFTY FMCG,2021-07-19,36180.4,-0.20177334357601717
NIFTY FMCG,2021-07-20,36230.25,0.13778178240151373
NIFTY FMCG,2021-07-22,36263.6,0.09205015146183104
NIFTY FMCG,2021-07-23,36558.65,0.8136257845332562
NIFTY FMCG,2021-07-26,36486.75,-0.19667028186216573
NIFTY FMCG,2021-07-27,36360.8,-0.3451938032299262
NIFTY FMCG,2021-07-28,36360.35,-0.0012375965325439608
NIFTY FMCG,2021-07-29,35990.05,-1.0184170394399228
NIFTY FMCG,2021-07-30,36051.9,0.17185305383016214
NIFTY FMCG,2021-08-02,36199.95,0.4106579680959843
NIFTY FMCG,2021-08-03,36826.05,1.729560399945318
NIFTY FMCG,2021-08-04,36482.45,-0.9330351748287002
NIFTY FMCG,2021-08-05,36701.45,0.600288631931245
NIFTY FMCG,2021-08-06,36669.8,-0.08623637485710711
NIFTY FMCG,2021-08-09,36691.9,0.06026757713430975
NIFTY FMCG,2021-08-10,36537.25,-0.4214826705621677
NIFTY FMCG,2021-08-11,36425.85,-0.30489432018009355
NIFTY FMCG,2021-08-12,36521.85,0.2635491004328028
NIFTY FMCG,2021-08-13,36842.05,0.8767354337198219
NIFTY FMCG,2021-08-16,36954.25,0.30454331395781686
NIFTY FMCG,2021-08-17,37478.55,1.4187813309700648
NIFTY FMCG,2021-08-18,37738.3,0.6930630987591613
NIFTY FMCG,2021-08-20,38596.05,2.272889875802564
NIFTY FMCG,2021-08-23,38489.5,-0.27606451955576317
NIFTY FMCG,2021-08-24,38232.8,-0.6669351381545563
NIFTY FMCG,2021-08-25,38448.1,0.5631290410328171
NIFTY FMCG,2021-08-26,38670.7,0.5789622894239121
NIFTY FMCG,2021-08-27,38819.5,0.3847874488954295
NIFTY FMCG,2021-08-30,39150.2,0.8518914463091942
NIFTY FMCG,2021-08-31,39529.7,0.9693437070564137
NIFTY FMCG,2021-09-01,39644.7,0.29092049775232276
NIFTY FMCG,2021-09-02,40296.4,1.6438515110468899
NIFTY FMCG,2021-09-03,40226.25,-0.17408502992823927
NIFTY FMCG,2021-09-06,40169.05,-0.14219570554052652
NIFTY FMCG,2021-09-07,40289.85,0.3007290438783006
NIFTY FMCG,2021-09-08,40263.45,-0.0655251881056973
NIFTY FMCG,2021-09-09,40577.95,0.7811054442676824
NIFTY FMCG,2021-09-13,40592.35,0.03548725354534099
NIFTY FMCG,2021-09-14,40469.55,-0.30252005611893784
NIFTY FMCG,2021-09-15,40504.5,0.08636122714484884
NIFTY FMCG,2021-09-16,41007.6,1.2420842128652243
NIFTY FMCG,2021-09-17,40798.9,-0.5089300519903528
NIFTY FMCG,2021-09-20,41169.7,0.9088480326675308
NIFTY FMCG,2021-09-21,41619.95,1.0936441120532825
NIFTY FMCG,2021-09-22,41507.25,-0.2707836025751975
NIFTY FMCG,2021-09-23,41548.8,0.10010299405527334
NIFTY FMCG,2021-09-24,41090.9,-1.1020775569932306
NIFTY FMCG,2021-09-27,40720.6,-0.9011727657461943
NIFTY FMCG,2021-09-28,40682.95,-0.09245934490159646
NIFTY FMCG,2021-09-29,40472.15,-0.5181531821069951
NIFTY FMCG,2021-09-30,40426.55,-0.11267007065351997
NIFTY FMCG,2021-10-01,40399.0,-0.06814828373927773
NIFTY FMCG,2021-10-04,40445.45,0.1149780935171485
NIFTY FMCG,2021-10-05,40427.5,-0.04438076470900665
NIFTY FMCG,2021-10-06,40167.45,-0.643250262816164
NIFTY FMCG,2021-10-07,40226.4,0.14676062334055828
NIFTY FMCG,2021-10-08,39993.35,-0.5793459021935954
NIFTY FMCG,2021-10-11,40318.05,0.8118849758772528
NIFTY FMCG,2021-10-12,40808.75,1.2170727502942125
NIFTY FMCG,2021-10-13,41149.4,0.83474744999541
NIFTY FMCG,2021-10-14,41377.2,0.5535925189674495
NIFTY FMCG,2021-10-18,41564.15,0.4518188760960218
NIFTY FMCG,2021-10-19,40237.3,-3.192294320947253
NIFTY FMCG,2021-10-20,39696.35,-1.3443993508510887
NIFTY FMCG,2021-10-21,39354.45,-0.8612882544616896
NIFTY FMCG,2021-10-22,38874.8,-1.2187948249816616
NIFTY FMCG,2021-10-25,38491.0,-0.987271960241598
NIFTY FMCG,2021-10-26,38826.85,0.8725416331090363
NIFTY FMCG,2021-10-27,38946.1,0.3071328217457703
NIFTY FMCG,2021-10-28,38208.55,-1.8937711349788389
NIFTY FMCG,2021-10-29,38222.1,0.0354632667295629
NIFTY FMCG,2021-11-01,38663.65,1.1552217172787538
NIFTY FMCG,2021-11-02,38616.2,-0.12272509191451064
NIFTY FMCG,2021-11-03,38370.1,-0.6372973000968507
NIFTY FMCG,2021-11-04,38710.1,0.8861066299019393
NIFTY FMCG,2021-11-08,39094.75,0.993668319120844
NIFTY FMCG,2021-11-09,38964.25,-0.333804411078209
NIFTY FMCG,2021-11-10,38917.35,-0.12036674644064771
NIFTY FMCG,2021-11-11,38542.55,-0.963066601400131
NIFTY FMCG,2021-11-12,38912.75,0.9604969053682133
NIFTY FMCG,2021-11-15,39278.3,0.939409319567508
NIFTY FMCG,2021-11-16,39014.65,-0.6712357714055872
NIFTY FMCG,2021-11-17,39013.45,-0.0030757676924064725
NIFTY FMCG,2021-11-18,38866.5,-0.37666497067035953
NIFTY FMCG,2021-11-22,38351.65,-1.3246626271982254
NIFTY FMCG,2021-11-23,38560.1,0.5435228992755059
NIFTY FMCG,2021-11-24,38178.2,-0.9904019958454469
NIFTY FMCG,2021-11-25,38259.75,0.21360357481494674
NIFTY FMCG,2021-11-26,37547.15,-1.8625317729467628
NIFTY FMCG,2021-11-29,37324.85,-0.592055588773055
NIFTY FMCG,2021-11-30,37386.95,0.16637709193740857
NIFTY FMCG,2021-12-01,37457.85,0.18963836311869375
NIFTY FMCG,2022-01-03,37606.05,0.3956447046480349
NIFTY FMCG,2022-01-04,37800.35,0.516672184395861
NIFTY FMCG,2022-01-05,37910.95,0.2925898834269969
NIFTY FMCG,2022-01-06,37622.5,-0.7608619673207806
NIFTY FMCG,2022-01-07,37864.45,0.6430992092497867
NIFTY FMCG,2022-01-10,37984.05,0.31586356067501153
NIFTY FMCG,2022-01-11,37849.9,-0.35317455616239446
NIFTY FMCG,2022-01-12,37992.95,0.3779402323387693
NIFTY FMCG,2022-01-13,38087.25,0.24820394309996718
NIFTY FMCG,2022-01-14,37816.0,-0.7121805853664953
NIFTY FMCG,2022-01-17,37988.9,0.4572138777237278
NIFTY FMCG,2022-01-18,37503.15,-1.2786629778698488
NIFTY FMCG,2022-01-19,37106.4,-1.0579111354646176
NIFTY FMCG,2022-01-20,36681.4,-1.145354979194968
NIFTY FMCG,2022-01-21,36812.9,0.35849231490618916
NIFTY FMCG,2022-01-24,35941.35,-2.3675124752464582
NIFTY FMCG,2022-01-25,36382.85,1.2283901411605402
NIFTY FMCG,2022-01-27,35966.8,-1.1435332856002067
NIFTY FMCG,2022-01-28,36188.3,0.6158457243902626
NIFTY FMCG,2022-01-31,36467.25,0.7708292459164934
NIFTY FMCG,2022-02-01,37183.8,1.9649137239577952
NIFTY FMCG,2022-02-02,37581.5,1.0695517940608523
NIFTY FMCG,2022-02-03,37467.2,-0.3041390045634196
NIFTY FMCG,2022-02-04,37508.4,0.10996284750395269
NIFTY FMCG,2022-02-07,36764.95,-1.9820893453199928
NIFTY FMCG,2022-02-08,36765.95,0.002719981939325322
NIFTY FMCG,2022-02-09,36852.85,0.23636000157754022
NIFTY FMCG,2022-02-10,36982.55,0.3519402162926566
NIFTY FMCG,2022-02-11,36671.65,-0.8406667468846885
NIFTY FMCG,2022-02-14,35661.25,-2.7552618984965305
NIFTY FMCG,2022-02-15,36438.7,2.1800974447053756
NIFTY FMCG,2022-02-16,36460.75,0.06051258689252492
NIFTY FMCG,2022-02-17,36571.7,0.3042998292684507
NIFTY FMCG,2022-02-18,36498.7,-0.19960789353516972
NIFTY FMCG,2022-02-21,36200.3,-0.8175633652705239
NIFTY FMCG,2022-02-22,35879.85,-0.8852136584503567
NIFTY FMCG,2022-02-23,35933.1,0.14841199168893482
NIFTY FMCG,2022-02-24,34735.15,-3.333834264229907
NIFTY FMCG,2022-02-25,35292.55,1.604714532685203
NIFTY FMCG,2022-02-28,35515.4,0.6314363796325217
NIFTY FMCG,2022-03-02,35364.45,-0.42502688974361824
NIFTY FMCG,2022-03-03,35019.6,-0.9751318060933989
NIFTY FMCG,2022-03-04,34627.85,-1.1186592650972549
NIFTY FMCG,2022-03-07,33657.45,-2.802368613702555
NIFTY FMCG,2022-03-08,34006.9,1.0382545320575476
NIFTY FMCG,2022-03-09,34486.95,1.4116252878092261
NIFTY FMCG,2022-03-10,35530.3,3.025347269039469
NIFTY FMCG,2022-03-11,35613.65,0.23458850614825888
NIFTY FMCG,2022-03-14,35589.4,-0.06809186926922672
NIFTY FMCG,2022-03-15,35649.95,0.17013492781556838
NIFTY FMCG,2022-03-16,36273.6,1.7493713174913328
NIFTY FMCG,2022-03-17,36782.7,1.4035000661638097
NIFTY FMCG,2022-03-21,36149.35,-1.7218692483151
NIFTY FMCG,2022-03-22,35887.05,-0.7256008752577703
NIFTY FMCG,2022-03-23,35789.85,-0.27084979121996255
NIFTY FMCG,2022-03-24,35797.15,0.020396844356729282
NIFTY FMCG,2022-03-25,35522.75,-0.7665414704801976
NIFTY FMCG,2022-03-28,35659.45,0.3848238100935264
NIFTY FMCG,2022-03-29,35640.15,-0.05412310060866066
NIFTY FMCG,2022-03-30,35858.25,0.6119502864045057
NIFTY FMCG,2022-03-31,36287.75,1.1977717819469769
NIFTY FMCG,2022-04-01,36712.15,1.1695406852174628
NIFTY FMCG,2022-04-04,37191.75,1.3063794956165609
NIFTY FMCG,2022-04-05,37656.8,1.2504117176524332
NIFTY FMCG,2022-04-06,37588.9,-0.18031271908394153
NIFTY FMCG,2022-04-07,37561.7,-0.07236178765540613
NIFTY FMCG,2022-04-08,38322.65,2.025866773868068
NIFTY FMCG,2022-04-11,38236.25,-0.22545413743569886
NIFTY FMCG,2022-04-12,37931.4,-0.7972800679982961
NIFTY FMCG,2022-04-13,38191.4,0.6854479402289337
NIFTY FMCG,2022-04-18,38422.1,0.6040626947427796
NIFTY FMCG,2022-04-19,37337.4,-2.8231148219384106
NIFTY FMCG,2022-04-20,37722.8,1.0322089915205668
NIFTY FMCG,2022-04-21,38005.9,0.7504745140869629
NIFTY FMCG,2022-04-22,37775.45,-0.6063532241046943
NIFTY FMCG,2022-04-25,37167.4,-1.6096433000797994
NIFTY FMCG,2022-04-26,37866.7,1.881487540156157
NIFTY FMCG,2022-04-27,37634.5,-0.6132036855601264
NIFTY FMCG,2022-04-28,38460.25,2.194130385683346
NIFTY FMCG,2022-04-29,38204.15,-0.6658823070572861
NIFTY FMCG,2022-05-02,38285.3,0.21241147885766587
NIFTY FMCG,2022-05-04,37621.8,-1.73304114111682
NIFTY FMCG,2022-05-05,37408.05,-0.5681546337495846
NIFTY FMCG,2022-05-06,37279.3,-0.3441772559649614
NIFTY FMCG,2022-05-09,36732.0,-1.4681069655277934
NIFTY FMCG,2022-05-10,36911.9,0.48976369378199713
NIFTY FMCG,2022-05-11,36658.4,-0.6867703911204837
NIFTY FMCG,2022-05-12,36221.75,-1.1911321825284316
NIFTY FMCG,2022-05-13,36887.15,1.8370178138825466
NIFTY FMCG,2022-05-16,36759.5,-0.3460554691810058
NIFTY FMCG,2022-05-17,37518.75,2.065452468069484
NIFTY FMCG,2022-05-18,37989.05,1.2535065800433287
NIFTY FMCG,2022-05-19,37740.45,-0.6543990965817925
NIFTY FMCG,2022-05-20,38546.35,2.135374644446486
NIFTY FMCG,2022-05-23,38510.8,-0.09222663105584727
NIFTY FMCG,2022-05-24,38010.85,-1.2982072561463442
NIFTY FMCG,2022-05-25,37930.95,-0.21020313936679358
NIFTY FMCG,2022-05-26,37849.2,-0.21552320730169328
NIFTY FMCG,2022-05-27,38242.7,1.0396520930429087
NIFTY FMCG,2022-05-30,38610.4,0.9614906897264186
NIFTY FMCG,2022-05-31,38713.45,0.2668970018440575
NIFTY FMCG,2022-06-01,38434.55,-0.7204214555922905
NIFTY FMCG,2022-06-02,38497.3,0.16326456274367018
NIFTY FMCG,2022-06-03,38273.9,-0.5803004366540021
NIFTY FMCG,2022-06-06,38238.45,-0.09262186503075087
NIFTY FMCG,2022-06-07,37648.85,-1.541903502887798
NIFTY FMCG,2022-06-08,37254.35,-1.0478407707008364
NIFTY FMCG,2022-06-09,37440.65,0.5000758300708563
NIFTY FMCG,2022-06-10,37428.7,-0.03191718092502294
NIFTY FMCG,2022-06-13,37078.1,-0.9367143395308863
NIFTY FMCG,2022-06-14,36999.15,-0.21292892570007327
NIFTY FMCG,2022-06-15,36830.9,-0.4547401764635084
NIFTY FMCG,2022-06-16,36621.15,-0.5694946362972408
NIFTY FMCG,2022-06-17,36264.55,-0.9737542376468178
NIFTY FMCG,2022-06-20,36915.75,1.7956930390698345
NIFTY FMCG,2022-06-21,37317.75,1.0889660917088317
NIFTY FMCG,2022-06-22,36963.3,-0.9498161062764909
NIFTY FMCG,2022-06-23,37316.5,0.9555423893429449
NIFTY FMCG,2022-06-24,37778.85,1.2389961545161032
NIFTY FMCG,2022-06-27,38103.2,0.858549161766442
NIFTY FMCG,2022-06-28,38173.1,0.183449159125737
NIFTY FMCG,2022-06-29,37688.35,-1.2698732877340357
NIFTY FMCG,2022-06-30,37664.55,-0.06314948783906482
NIFTY FMCG,2022-07-01,38725.85,2.817768963123135
NIFTY FMCG,2022-07-04,39755.65,2.659205672696663
NIFTY FMCG,2022-07-05,39690.6,-0.16362454141739535
NIFTY FMCG,2022-07-06,40740.15,2.644328883917102
NIFTY FMCG,2022-07-07,40708.7,-0.07719657389578805
NIFTY FMCG,2022-07-08,40925.25,0.5319501728132003
NIFTY FMCG,2022-07-11,41043.15,0.28808620594864554
NIFTY FMCG,2022-07-12,40574.8,-1.1411161180367446
NIFTY FMCG,2022-07-13,40954.4,0.9355560594260348
NIFTY FMCG,2022-07-14,40897.3,-0.13942335866231614
NIFTY FMCG,2022-07-15,41498.8,1.4707572382528955
NIFTY FMCG,2022-07-18,41460.3,-0.09277376695229211
NIFTY FMCG,2022-07-19,41479.85,0.047153542063127496
NIFTY FMCG,2022-07-20,41950.15,1.1338035214688569
NIFTY FMCG,2022-07-21,42283.0,0.7934417397792437
NIFTY FMCG,2022-07-22,42502.75,0.5197124139725284
NIFTY FMCG,2022-07-25,42386.95,-0.2724529589261948
NIFTY FMCG,2022-07-26,41799.05,-1.3869834937403902
NIFTY FMCG,2022-07-27,42036.3,0.5675966319808712
NIFTY FMCG,2022-07-28,42271.65,0.5598732524032757
NIFTY FMCG,2022-07-29,42487.4,0.5103893507823809
NIFTY FMCG,2022-08-01,42526.75,0.09261569312313256
NIFTY FMCG,2022-08-02,42798.5,0.6390095645681937
NIFTY FMCG,2022-08-03,42624.15,-0.4073740902134415
NIFTY FMCG,2022-08-04,42830.25,0.48352870379819723
NIFTY FMCG,2022-08-05,42930.9,0.23499746090671625
NIFTY FMCG,2022-08-08,42978.5,0.11087584932996108
NIFTY FMCG,2022-08-10,42821.6,-0.3650662540572669
NIFTY FMCG,2022-08-11,42478.5,-0.8012311543706852
NIFTY FMCG,2022-08-12,42457.3,-0.04990760031544639
NIFTY FMCG,2022-08-16,42964.1,1.1936698753806763
NIFTY FMCG,2022-08-17,43275.85,0.7256057964672769
NIFTY FMCG,2022-08-18,43522.3,0.5694862145977586
NIFTY FMCG,2022-08-19,42945.35,-1.3256422569579374
NIFTY FMCG,2022-08-22,42890.65,-0.12737118221179955
NIFTY FMCG,2022-08-23,42937.65,0.10958099259394949
NIFTY FMCG,2022-08-24,42999.7,0.14451186778967617
NIFTY FMCG,2022-08-25,42830.05,-0.394537636309078
NIFTY FMCG,2022-08-26,42768.95,-0.14265684957175395
NIFTY FMCG,2022-08-29,42933.9,0.3856769923040071
NIFTY FMCG,2022-08-30,43821.15,2.0665488110793495
NIFTY FMCG,2022-09-01,43497.35,-0.7389126027044113
NIFTY FMCG,2022-09-02,43666.55,0.3889892142854734
NIFTY FMCG,2022-09-05,43755.85,0.20450436317958065
NIFTY FMCG,2022-09-06,43528.9,-0.5186735030858647
NIFTY FMCG,2022-09-07,43614.95,0.1976847565640094
NIFTY FMCG,2022-09-08,43786.45,0.3932137948111869
NIFTY FMCG,2022-09-09,43837.7,0.11704534165248859
NIFTY FMCG,2022-09-12,43921.85,0.1919580634933027
NIFTY FMCG,2022-09-13,44251.55,0.7506514411392162
NIFTY FMCG,2022-09-14,44182.65,-0.15570076076431016
NIFTY FMCG,2022-09-15,44041.6,-0.31924296075496184
NIFTY FMCG,2022-09-16,43192.65,-1.9276093511588988
NIFTY FMCG,2022-09-19,43655.65,1.071941638218532
NIFTY FMCG,2022-09-20,43981.25,0.7458370222411137
NIFTY FMCG,2022-09-21,44500.15,1.1798209464260356
NIFTY FMCG,2022-09-22,45080.45,1.3040405481779205
NIFTY FMCG,2022-09-23,44854.65,-0.5008823115119632
NIFTY FMCG,2022-09-26,43937.4,-2.044938484638714
NIFTY FMCG,2022-09-27,44218.15,0.6389772722100062
NIFTY FMCG,2022-09-28,43964.65,-0.5732939980528373
NIFTY FMCG,2022-09-29,44356.25,0.8907156090177004
NIFTY FMCG,2022-09-30,44405.65,0.11137100183176152
NIFTY FMCG,2022-10-03,43477.3,-2.0906123432491097
NIFTY FMCG,2022-10-04,44287.05,1.8624661605021409
NIFTY FMCG,2022-10-06,44097.2,-0.42868061882650466
NIFTY FMCG,2022-10-07,43813.3,-0.643805048846624
NIFTY FMCG,2022-10-10,43329.2,-1.104915630641845
NIFTY FMCG,2022-10-11,42564.65,-1.764514461379385
NIFTY FMCG,2022-10-12,43196.85,1.485270053906218
NIFTY FMCG,2022-10-13,43036.65,-0.37086037523568205
NIFTY FMCG,2022-10-14,43153.05,0.27046714834915164
NIFTY FMCG,2022-10-17,43182.9,0.06917239916992557
NIFTY FMCG,2022-10-18,43715.75,1.233937507670868
NIFTY FMCG,2022-10-19,43890.55,0.399855887180256
NIFTY FMCG,2022-10-20,44281.15,0.889941000967176
NIFTY FMCG,2022-10-21,44269.2,-0.02698665233401565
NIFTY FMCG,2022-10-24,44210.1,-0.13350139600444288
NIFTY FMCG,2022-10-25,43752.85,-1.0342659256595166
NIFTY FMCG,2022-10-27,43954.6,0.4611128189363711
NIFTY FMCG,2022-10-28,43944.1,-0.023888284730155807
NIFTY FMCG,2022-10-31,44296.3,0.8014727801912036
NIFTY FMCG,2022-11-01,44564.9,0.6063711867582589
NIFTY FMCG,2022-11-02,44533.35,-0.07079562615421864
NIFTY FMCG,2022-11-03,44661.85,0.2885477962021765
NIFTY FMCG,2022-11-04,44509.55,-0.34100692201508576
NIFTY FMCG,2022-11-07,44709.45,0.44911709958872503
NIFTY FMCG,2022-11-09,44826.55,0.2619133091550152
NIFTY FMCG,2022-11-10,44586.9,-0.5346162040130276
NIFTY FMCG,2022-11-11,44520.5,-0.14892266562600565
NIFTY FMCG,2022-11-14,43919.15,-1.3507260700126866
NIFTY FMCG,2022-11-15,43911.05,-0.018442979884625288
NIFTY FMCG,2022-11-16,43910.3,-0.0017079983284373768
NIFTY FMCG,2022-11-17,43845.1,-0.14848452413216418
NIFTY FMCG,2022-11-18,43747.0,-0.22374221976914077
NIFTY FMCG,2022-11-21,43611.0,-0.31087846023727383
NIFTY FMCG,2022-11-22,43854.15,0.5575428217651446
NIFTY FMCG,2022-11-23,43854.2,0.0001140142950939449
NIFTY FMCG,2022-11-24,44241.75,0.88372379384416
NIFTY FMCG,2022-11-25,44102.6,-0.31452191651550887
NIFTY FMCG,2022-11-28,44251.05,0.3366014702081088
NIFTY FMCG,2022-11-29,45078.55,1.870012124006104
NIFTY FMCG,2022-11-30,45536.55,1.0160042858521345
NIFTY FMCG,2022-12-01,45370.65,-0.36432272537115784
NIFTY FMCG,2023-01-02,44192.85,-2.5959513474019036
NIFTY FMCG,2023-01-03,44013.65,-0.40549545910706364
NIFTY FMCG,2023-01-04,43723.55,-0.6591137067705088
NIFTY FMCG,2023-01-05,44401.5,1.550537410617392
NIFTY FMCG,2023-01-06,44412.85,0.025562199475248626
NIFTY FMCG,2023-01-09,44796.65,0.8641643128058707
NIFTY FMCG,2023-01-10,44626.05,-0.38083204882507493
NIFTY FMCG,2023-01-11,44123.0,-1.1272563894855203
NIFTY FMCG,2023-01-12,43966.35,-0.35503025632890317
NIFTY FMCG,2023-01-13,43955.6,-0.02445051727059111
NIFTY FMCG,2023-01-16,44006.75,0.11636742531100364
NIFTY FMCG,2023-01-17,44536.1,1.2028836485311833
NIFTY FMCG,2023-01-18,44711.45,0.3937255395061401
NIFTY FMCG,2023-01-19,44326.05,-0.8619715978792741
NIFTY FMCG,2023-01-20,43899.6,-0.962075348468916
NIFTY FMCG,2023-01-23,44261.9,0.8252922577882238
NIFTY FMCG,2023-01-24,44324.35,0.14109200011747092
NIFTY FMCG,2023-01-25,44284.15,-0.09069506941443706
NIFTY FMCG,2023-01-27,44486.65,0.4572742166215171
NIFTY FMCG,2023-01-30,44220.35,-0.5986065482566194
NIFTY FMCG,2023-01-31,44456.9,0.5349347076628819
NIFTY FMCG,2023-02-01,44958.3,1.1278339245426539
NIFTY FMCG,2023-02-02,45981.55,2.2759979803506747
NIFTY FMCG,2023-02-03,46037.2,0.12102680314167724
NIFTY FMCG,2023-02-06,46293.6,0.556940908656478
NIFTY FMCG,2023-02-07,45758.1,-1.1567473689667707
NIFTY FMCG,2023-02-08,45771.6,0.029502973244088793
NIFTY FMCG,2023-02-09,45671.25,-0.2192407519072903
NIFTY FMCG,2023-02-10,45488.1,-0.4010181459889961
NIFTY FMCG,2023-02-13,45508.4,0.0446270563070339
NIFTY FMCG,2023-02-14,45976.95,1.0295901416002229
NIFTY FMCG,2023-02-15,45799.2,-0.3866067670865503
NIFTY FMCG,2023-02-16,45758.2,-0.08952121434435689
NIFTY FMCG,2023-02-17,45617.3,-0.3079229515146831
NIFTY FMCG,2023-02-20,45501.2,-0.2545087061268547
NIFTY FMCG,2023-02-21,45551.95,0.11153551994234068
NIFTY FMCG,2023-02-22,45412.85,-0.3053656319872089
NIFTY FMCG,2023-02-23,45530.1,0.2581868347835359
NIFTY FMCG,2023-02-24,45372.5,-0.3461446383820732
NIFTY FMCG,2023-02-27,45040.75,-0.7311697614193591
NIFTY FMCG,2023-02-28,44940.45,-0.2226872332276919
NIFTY FMCG,2023-03-01,45062.55,0.27169287356936245
NIFTY FMCG,2023-03-02,44831.6,-0.5125098335535871
NIFTY FMCG,2023-03-03,45410.0,1.290161404009682
NIFTY FMCG,2023-03-06,45552.1,0.3129266681347609
NIFTY FMCG,2023-03-08,45722.0,0.37297951137269525
NIFTY FMCG,2023-03-09,45260.45,-1.0094702768907782
NIFTY FMCG,2023-03-10,45334.75,0.16416098381699662
NIFTY FMCG,2023-03-13,44953.6,-0.840745785517738
NIFTY FMCG,2023-03-14,44714.95,-0.5308807303530783
NIFTY FMCG,2023-03-15,44464.35,-0.5604389583349634
NIFTY FMCG,2023-03-16,44971.2,1.1399019664067866
NIFTY FMCG,2023-03-17,44858.3,-0.2510495606076635
NIFTY FMCG,2023-03-20,45213.05,0.790823548819275
NIFTY FMCG,2023-03-21,44913.4,-0.6627511304811318
NIFTY FMCG,2023-03-22,45109.5,0.43661802491015145
NIFTY FMCG,2023-03-23,45267.45,0.350147973265047
NIFTY FMCG,2023-03-24,45060.0,-0.4582763111242172
NIFTY FMCG,2023-03-27,45188.0,0.28406569019086003
NIFTY FMCG,2023-03-28,45044.25,-0.31811542887492106
NIFTY FMCG,2023-03-29,45421.65,0.8378427879252026
NIFTY FMCG,2023-03-31,45904.9,1.0639199588742265
NIFTY FMCG,2023-04-03,45738.45,-0.36259745691636924
NIFTY FMCG,2023-04-05,46361.25,1.3616552375517843
NIFTY FMCG,2023-04-06,46109.15,-0.5437730863598333
NIFTY FMCG,2023-04-10,45909.65,-0.43266900387449736
NIFTY FMCG,2023-04-11,46269.7,0.7842577758706337
NIFTY FMCG,2023-04-12,46112.6,-0.33953105379977977
NIFTY FMCG,2023-04-13,46211.95,0.2154508745982664
NIFTY FMCG,2023-04-17,46688.6,1.0314431656746725
NIFTY FMCG,2023-04-18,46536.35,-0.3260967345347643
NIFTY FMCG,2023-04-19,46421.45,-0.24690376447659146
NIFTY FMCG,2023-04-20,46256.05,-0.3563008049080607
NIFTY FMCG,2023-04-21,46669.7,0.8942613993196513
NIFTY FMCG,2023-04-24,46943.05,0.5857119287246526
NIFTY FMCG,2023-04-25,47051.85,0.23177019814433208
NIFTY FMCG,2023-04-26,47387.5,0.7133619613256537
NIFTY FMCG,2023-04-27,47360.15,-0.057715642310729454
NIFTY FMCG,2023-04-28,47814.1,0.9585062547310175
NIFTY FMCG,2023-05-02,47750.2,-0.1336425866010238
NIFTY FMCG,2023-05-03,48120.65,0.7758082688658963
NIFTY FMCG,2023-05-04,48057.35,-0.13154435777572582
NIFTY FMCG,2023-05-05,48186.15,0.2680131134987773
NIFTY FMCG,2023-05-08,48538.45,0.7311229471538949
NIFTY FMCG,2023-05-09,48369.1,-0.3488986566320018
NIFTY FMCG,2023-05-10,48643.35,0.566994217382577
NIFTY FMCG,2023-05-11,48865.0,0.4556635182404234
NIFTY FMCG,2023-05-12,48950.75,0.17548347487976734
NIFTY FMCG,2023-05-15,49506.55,1.1354269342144896
NIFTY FMCG,2023-05-16,49406.1,-0.20290244422203063
NIFTY FMCG,2023-05-17,49434.0,0.05647075968351345
NIFTY FMCG,2023-05-18,48889.3,-1.1018732046769397
NIFTY FMCG,2023-05-19,48874.25,-0.03078383204505597
NIFTY FMCG,2023-05-22,49052.25,0.36419996214775985
NIFTY FMCG,2023-05-23,49118.8,0.13567165624410737
NIFTY FMCG,2023-05-24,49355.25,0.48138391003036407
NIFTY FMCG,2023-05-25,49657.0,0.6113837940239453
NIFTY FMCG,2023-05-26,50388.0,1.4720985963710964
NIFTY FMCG,2023-05-29,50626.4,0.47312852266412353
NIFTY FMCG,2023-05-30,50927.2,0.5941564085141238
NIFTY FMCG,2023-05-31,51042.75,0.22689250538023842
NIFTY FMCG,2023-06-01,50998.95,-0.08581042361550661
NIFTY FMCG,2023-06-02,51288.65,0.5680509108521026
NIFTY FMCG,2023-06-05,51058.4,-0.4489297339664855
NIFTY FMCG,2023-06-06,51038.4,-0.03917083183178072
NIFTY FMCG,2023-06-07,51609.4,1.118765478541639
NIFTY FMCG,2023-06-08,51143.5,-0.9027425236487918
NIFTY FMCG,2023-06-09,50674.85,-0.916343230322525
NIFTY FMCG,2023-06-12,50762.55,0.17306415312527967
NIFTY FMCG,2023-06-13,51462.7,1.3792648320464451
NIFTY FMCG,2023-06-14,51767.9,0.593050889284874
NIFTY FMCG,2023-06-15,52046.45,0.5380747528874075
NIFTY FMCG,2023-06-16,52440.2,0.7565357483555468
NIFTY FMCG,2023-06-19,52123.85,-0.6032585688078962
NIFTY FMCG,2023-06-20,52164.7,0.07837103360552877
NIFTY FMCG,2023-06-21,51934.25,-0.4417738432311413
NIFTY FMCG,2023-06-22,51557.8,-0.724858835931963
NIFTY FMCG,2023-06-23,51283.75,-0.5315393597089102
NIFTY FMCG,2023-06-26,51635.0,0.6849148121968351
NIFTY FMCG,2023-06-27,51598.6,-0.07049481940544222
NIFTY FMCG,2023-06-28,51893.4,0.5713333307492796
NIFTY FMCG,2023-06-30,52194.75,0.5807096856247584
NIFTY FMCG,2023-07-03,52741.5,1.047519147040643
NIFTY FMCG,2023-07-04,52814.8,0.13897974081131803
NIFTY FMCG,2023-07-05,53776.2,1.8203230912547053
NIFTY FMCG,2023-07-06,53765.65,-0.019618344174554547
NIFTY FMCG,2023-07-07,52942.45,-1.5310890875493977
NIFTY FMCG,2023-07-10,52536.15,-0.7674370944298903
NIFTY FMCG,2023-07-11,53184.4,1.2339122680287806
NIFTY FMCG,2023-07-12,53279.5,0.1788118320409815
NIFTY FMCG,2023-07-13,53029.95,-0.46837902007339505
NIFTY FMCG,2023-07-14,53453.7,0.7990767481395045
NIFTY FMCG,2023-07-17,53471.6,0.03348692419795629
NIFTY FMCG,2023-07-18,53340.65,-0.2448963561965556
NIFTY FMCG,2023-07-19,53517.3,0.3311733171605491
NIFTY FMCG,2023-07-20,54239.7,1.3498438822586278
NIFTY FMCG,2023-07-21,53697.45,-0.9997289808018839
NIFTY FMCG,2023-07-24,52771.7,-1.7240111029480865
NIFTY FMCG,2023-07-25,52315.95,-0.8636257691148841
NIFTY FMCG,2023-07-26,52865.3,1.0500621703323887
NIFTY FMCG,2023-07-27,52499.9,-0.6911906297703774
NIFTY FMCG,2023-07-28,52964.05,0.8840969220893724
NIFTY FMCG,2023-07-31,52636.85,-0.6177775302304234
NIFTY FMCG,2023-08-01,52501.15,-0.25780418091128077
NIFTY FMCG,2023-08-02,52368.7,-0.25228018814826836
NIFTY FMCG,2023-08-03,52062.35,-0.5849868337384656
NIFTY FMCG,2023-08-04,52050.65,-0.022473053943972143
NIFTY FMCG,2023-08-07,52072.5,0.04197834224932695
NIFTY FMCG,2023-08-08,51924.4,-0.28441115752075863
NIFTY FMCG,2023-08-09,52206.2,0.5427120968176657
NIFTY FMCG,2023-08-10,51728.65,-0.9147380962414298
NIFTY FMCG,2023-08-11,51351.7,-0.7287064325088743
NIFTY FMCG,2023-08-14,51604.4,0.4920966589226916
NIFTY FMCG,2023-08-16,51815.4,0.40887986295741197
NIFTY FMCG,2023-08-17,51353.75,-0.8909513387911683
NIFTY FMCG,2023-08-18,51464.75,0.21614779835941178
NIFTY FMCG,2023-08-21,51799.0,0.6494736688704483
NIFTY FMCG,2023-08-22,52141.65,0.6614992567424149
NIFTY FMCG,2023-08-23,51888.3,-0.4858879609678568
NIFTY FMCG,2023-08-24,52036.75,0.28609532399404003
NIFTY FMCG,2023-08-25,51506.8,-1.0184148702599538
NIFTY FMCG,2023-08-28,51390.8,-0.2252129815868975
NIFTY FMCG,2023-08-29,51223.05,-0.32642029312639487
NIFTY FMCG,2023-08-30,51513.55,0.5671274943604532
NIFTY FMCG,2023-08-31,51092.65,-0.8170665776286112
NIFTY FMCG,2023-09-01,51240.5,0.2893762605775896
NIFTY FMCG,2023-09-04,51171.75,-0.13417121222470962
NIFTY FMCG,2023-09-05,51548.45,0.7361483631104893
NIFTY FMCG,2023-09-06,52064.85,1.0017759990843533
NIFTY FMCG,2023-09-07,51853.1,-0.4067043312330654
NIFTY FMCG,2023-09-08,51778.3,-0.14425367046521087
NIFTY FMCG,2023-09-11,52239.05,0.8898515401239537
NIFTY FMCG,2023-09-12,52065.9,-0.33145702305076297
NIFTY FMCG,2023-09-13,52223.65,0.30298141393887423
NIFTY FMCG,2023-09-14,52143.2,-0.154048979724708
NIFTY FMCG,2023-09-15,51895.15,-0.47570920081621004
NIFTY FMCG,2023-09-18,52198.6,0.5847367239520507
NIFTY FMCG,2023-09-20,51924.15,-0.5257803849145315
NIFTY FMCG,2023-09-21,51672.65,-0.48436036025625295
NIFTY FMCG,2023-09-22,51608.5,-0.12414691330907557
NIFTY FMCG,2023-09-25,51642.45,0.06578373717507358
NIFTY FMCG,2023-09-26,51912.85,0.5236002552164054
NIFTY FMCG,2023-09-27,52329.5,0.8025951185496538
NIFTY FMCG,2023-09-28,51329.1,-1.9117323880411652
NIFTY FMCG,2023-09-29,51602.65,0.5329335601052865
NIFTY FMCG,2023-10-03,51320.85,-0.5460959853806013
NIFTY FMCG,2023-10-04,51435.75,0.22388561374178106
NIFTY FMCG,2023-10-05,51384.55,-0.09954166119867658
NIFTY FMCG,2023-10-06,51577.9,0.37628041891968333
NIFTY FMCG,2023-10-09,51502.85,-0.14550805674523604
NIFTY FMCG,2023-10-10,51803.95,0.5846278409835648
NIFTY FMCG,2023-10-11,52254.45,0.8696248066025758
NIFTY FMCG,2023-10-12,52363.95,0.20955153101793744
NIFTY FMCG,2023-10-13,52520.7,0.29934716536854644
NIFTY FMCG,2023-10-16,52401.95,-0.2261013276669943
NIFTY FMCG,2023-10-17,52665.3,0.5025576338285154
NIFTY FMCG,2023-10-18,52442.05,-0.423903405088355
NIFTY FMCG,2023-10-19,52516.35,0.14168019747511362
NIFTY FMCG,2023-10-20,51823.35,-1.3195890422696976
NIFTY FMCG,2023-10-23,51421.65,-0.775133216976509
NIFTY FMCG,2023-10-25,51216.85,-0.39827582351014135
NIFTY FMCG,2023-10-26,50941.1,-0.5383970314457032
NIFTY FMCG,2023-10-27,51395.0,0.8910290511983554
NIFTY FMCG,2023-10-30,51180.7,-0.41696663099524134
NIFTY FMCG,2023-10-31,51262.6,0.1600212580132876
NIFTY FMCG,2023-11-01,51087.8,-0.340989337255615
NIFTY FMCG,2023-11-02,51589.0,0.9810561425624087
NIFTY FMCG,2023-11-03,51901.5,0.6057492876388348
NIFTY FMCG,2023-11-06,52075.7,0.3356357716058245
NIFTY FMCG,2023-11-07,52130.0,0.10427128199910207
NIFTY FMCG,2023-11-08,52455.2,0.6238250527527356
NIFTY FMCG,2023-11-09,51983.0,-0.9001967393127752
NIFTY FMCG,2023-11-10,52076.05,0.17900082719350952
NIFTY FMCG,2023-11-12,52258.5,0.3503529933625904
NIFTY FMCG,2023-11-13,52025.6,-0.4456691255967926
NIFTY FMCG,2023-11-15,52383.45,0.68783445073195
NIFTY FMCG,2023-11-16,52305.75,-0.1483292910260725
NIFTY FMCG,2023-11-17,52756.1,0.8609952060719905
NIFTY FMCG,2023-11-20,52550.1,-0.3904761724236594
NIFTY FMCG,2023-11-21,52466.2,-0.15965716525754292
NIFTY FMCG,2023-11-22,52691.2,0.42884752469207754
NIFTY FMCG,2023-11-23,52823.05,0.25023153771408513
NIFTY FMCG,2023-11-24,52576.9,-0.46598975257960973
NIFTY FMCG,2023-11-28,52489.5,-0.16623269915114758
NIFTY FMCG,2023-11-29,52725.45,0.4495184751236003
NIFTY FMCG,2023-11-30,53013.8,0.5468895950627273
NIFTY FMCG,2023-12-01,53851.45,1.5800602861896218
NIFTY FMCG,2025-01-01,57017.65,5.87950742273422
NIFTY FMCG,2025-01-02,57671.35,1.1464870965393947
NIFTY FMCG,2025-01-03,57817.0,0.2525517436300806
NIFTY FMCG,2025-01-06,56714.4,-1.9070515592299775
NIFTY FMCG,2025-01-07,56719.55,0.00908058623558805
NIFTY FMCG,2025-01-08,56967.6,0.43732716497220103
NIFTY FMCG,2025-01-09,57495.6,0.9268426263349783
NIFTY FMCG,2025-01-10,57117.7,-0.657267686570806
NIFTY FMCG,2025-01-13,56420.15,-1.221250155380904
NIFTY FMCG,2025-01-14,55627.2,-1.4054375963197585
NIFTY FMCG,2025-01-15,55549.85,-0.13905068024275824
NIFTY FMCG,2025-01-16,55240.0,-0.557787284754141
NIFTY FMCG,2025-01-17,55800.85,1.0152968863142542
NIFTY FMCG,2025-01-20,55738.05,-0.11254308850132677
NIFTY FMCG,2025-01-21,55622.65,-0.2070398946500629
NIFTY FMCG,2025-01-22,55596.05,-0.047822245074624625
NIFTY FMCG,2025-01-23,55781.8,0.3341064697941709
NIFTY FMCG,2025-01-24,56069.35,0.5154907156097455
NIFTY FMCG,2025-01-27,55654.5,-0.739887300280806
NIFTY FMCG,2025-01-28,55441.95,-0.3819098186130576
NIFTY FMCG,2025-01-29,55163.05,-0.5030486842544257
NIFTY FMCG,2025-01-30,55558.95,0.7176905555439594
NIFTY FMCG,2025-01-31,56691.95,2.039275400273044
NIFTY FMCG,2025-02-01,58396.05,3.0058941348815926
NIFTY FMCG,2025-02-03,57419.55,-1.672202143809387
NIFTY FMCG,2025-02-04,57274.7,-0.25226599651164694
NIFTY FMCG,2025-02-05,56383.75,-1.555573403265309
NIFTY FMCG,2025-02-06,55841.8,-0.9611811913893598
NIFTY FMCG,2025-02-07,55113.3,-1.3045782908144066
NIFTY FMCG,2025-02-10,54856.65,-0.46567706887448157
NIFTY FMCG,2025-02-11,53794.25,-1.9366840665625773
NIFTY FMCG,2025-02-12,53739.0,-0.10270614424403579
NIFTY FMCG,2025-02-13,53314.75,-0.7894638902845252
NIFTY FMCG,2025-02-14,53138.55,-0.33049015516343205
NIFTY FMCG,2025-02-17,52945.0,-0.3642365100289813
NIFTY FMCG,2025-02-18,52480.5,-0.8773255264897584
NIFTY FMCG,2025-02-19,52360.45,-0.22875163155839928
NIFTY FMCG,2025-02-20,52337.3,-0.04421275982157136
NIFTY FMCG,2025-02-21,52098.15,-0.45693988799575536
NIFTY FMCG,2025-02-24,52285.8,0.36018553441916623
NIFTY FMCG,2025-02-25,52453.35,0.32045029434377703
NIFTY FMCG,2025-02-27,52055.15,-0.7591507501427452
NIFTY FMCG,2025-02-28,50689.0,-2.624428130550005
NIFTY FMCG,2025-03-03,50786.65,0.19264534711673775
NIFTY FMCG,2025-03-04,50524.25,-0.516671211824371
NIFTY FMCG,2025-03-05,51279.1,1.4940350425785676
NIFTY FMCG,2025-03-06,51890.3,1.191908594339619
NIFTY FMCG,2025-03-07,51891.8,0.0028907136786715526
NIFTY FMCG,2025-03-10,52006.4,0.2208441410781692
NIFTY FMCG,2025-03-11,51951.45,-0.1056600726064616
NIFTY FMCG,2025-03-12,51957.25,0.011164269717212072
NIFTY FMCG,2025-03-13,51879.25,-0.1501234187721634
NIFTY FMCG,2025-03-17,51773.15,-0.20451336517007812
NIFTY FMCG,2025-03-18,52475.0,1.3556254545068258
NIFTY FMCG,2025-03-19,52184.1,-0.5543592186755597
NIFTY FMCG,2025-03-20,52857.9,1.2911978936112734
NIFTY FMCG,2025-03-21,52986.05,0.24244247312132927
NIFTY FMCG,2025-03-24,53232.75,0.4655942460326745
NIFTY FMCG,2025-03-25,53131.3,-0.1905781685146768
NIFTY FMCG,2025-03-26,52988.5,-0.26876812726208676
NIFTY FMCG,2025-03-27,53276.6,0.5437028789265552
NIFTY FMCG,2025-03-28,53589.8,0.5878753524061198
NIFTY FMCG,2025-04-01,53101.75,-0.9107143523580996
NIFTY FMCG,2025-04-02,53702.6,1.1315069654013188
NIFTY FMCG,2025-04-03,53806.75,0.1939384685285317
NIFTY FMCG,2025-04-04,53830.7,0.04451114404790957
NIFTY FMCG,2025-04-07,53241.15,-1.09519289178851
NIFTY FMCG,2025-04-08,54300.25,1.9892507956721373
NIFTY FMCG,2025-04-09,55264.75,1.7762349160455049
NIFTY FMCG,2025-04-11,55741.1,0.8619418345328533
NIFTY FMCG,2025-04-15,55896.95,0.27959620459587775
NIFTY FMCG,2025-04-16,56345.6,0.8026377110021299
NIFTY FMCG,2025-04-17,56674.2,0.5831866197183011
NIFTY FMCG,2025-04-21,56130.2,-0.9598723934347575
NIFTY FMCG,2025-04-22,57193.8,1.894880118011355
NIFTY FMCG,2025-04-23,57497.9,0.5317009885686952
NIFTY FMCG,2025-04-24,56887.55,-1.0615170293175935
NIFTY FMCG,2025-04-25,56532.35,-0.62438969510904
NIFTY FMCG,2025-04-28,56620.3,0.15557464000701682
NIFTY FMCG,2025-04-29,56474.5,-0.257504817176879
NIFTY FMCG,2025-04-30,56445.35,-0.05161621616835976
NIFTY FMCG,2025-05-02,56252.25,-0.3421008107842294
NIFTY FMCG,2025-05-05,56936.2,1.2158624766120507
NIFTY FMCG,2025-05-06,56883.4,-0.092735377492692
NIFTY FMCG,2025-05-07,56590.25,-0.5153524578348057
NIFTY FMCG,2025-05-08,56020.7,-1.0064454565936742
NIFTY FMCG,2025-05-09,55633.0,-0.6920656114614676
NIFTY FMCG,2025-05-12,57101.4,2.6394406197760345
NIFTY FMCG,2025-05-13,56334.15,-1.3436623270182468
NIFTY FMCG,2025-05-14,56351.7,0.03115339452177679
NIFTY FMCG,2025-05-15,56685.95,0.5931498073704855
NIFTY FMCG,2025-05-16,57061.8,0.663039077584493
NIFTY FMCG,2025-05-19,56955.7,-0.18593875412273864
NIFTY FMCG,2025-05-20,56206.25,-1.3158472286355805
NIFTY FMCG,2025-05-21,56413.15,0.3681085288557817
NIFTY FMCG,2025-05-22,55598.05,-1.4448758844347487
NIFTY FMCG,2025-05-23,56502.05,1.6259563060215143
NIFTY FMCG,2025-05-26,57049.7,0.9692568676711533
NIFTY FMCG,2025-05-27,56547.6,-0.8801097989998174
NIFTY FMCG,2025-05-28,55703.85,-1.4921057657619419
NIFTY FMCG,2025-05-29,55630.45,-0.13176827095434662
NIFTY FMCG,2025-05-30,55283.0,-0.6245680198524339
NIFTY FMCG,2025-06-02,55732.55,0.8131794584230301
NIFTY FMCG,2025-06-03,55460.8,-0.48759656610005697
NIFTY FMCG,2025-06-04,55530.55,0.1257645039379085
NIFTY FMCG,2025-06-05,55632.45,0.1835025945177815
NIFTY FMCG,2025-06-06,55802.7,0.3060264288198722
NIFTY FMCG,2025-06-09,56026.1,0.40033905169463146
NIFTY FMCG,2025-06-10,56198.8,0.3082491910020524
NIFTY FMCG,2025-06-11,55820.6,-0.6729681060805626
NIFTY FMCG,2025-06-12,55104.1,-1.2835763141205936
NIFTY FMCG,2025-06-13,54527.15,-1.0470182799464989
NIFTY FMCG,2025-06-16,54873.3,0.6348213688043503
NIFTY FMCG,2025-06-17,54708.75,-0.2998726156436815
NIFTY FMCG,2025-06-18,54452.4,-0.4685722119404989
NIFTY FMCG,2025-06-19,54283.5,-0.31017916565660997
NIFTY FMCG,2025-06-20,54630.95,0.6400655816223955
NIFTY FMCG,2025-06-23,54226.85,-0.73969059663066
NIFTY FMCG,2025-06-24,54346.3,0.22027833075313197
NIFTY FMCG,2025-06-25,54747.25,0.7377687165455615
NIFTY FMCG,2025-06-26,55118.8,0.6786642251437325
NIFTY FMCG,2025-06-27,55109.0,-0.017779777498794225
NIFTY FMCG,2025-06-30,54883.9,-0.4084632274220179
NIFTY FMCG,2025-07-01,54502.95,-0.6941015489059676
NIFTY FMCG,2025-07-02,54439.7,-0.11604876433294331
NIFTY FMCG,2025-07-03,54515.75,0.139695846964627
NIFTY FMCG,2025-07-04,54735.6,0.40327795178456416
NIFTY FMCG,2025-07-07,55652.85,1.6757832196961475
NIFTY FMCG,2025-07-08,55504.0,-0.26746159450953266
NIFTY FMCG,2025-07-09,55946.2,0.7966993369847186
NIFTY FMCG,2025-07-10,55628.2,-0.5684032159467445
NIFTY FMCG,2025-07-11,55910.25,0.5070270114797992
NIFTY FMCG,2025-07-14,56025.6,0.20631279595422214
NIFTY FMCG,2025-07-15,56429.05,0.7201172321224636
NIFTY FMCG,2025-07-16,56685.55,0.4545531069546582
NIFTY FMCG,2025-07-17,56843.05,0.27784858751480623
NIFTY FMCG,2025-07-18,56506.9,-0.5913651712918355
NIFTY FMCG,2025-07-21,56222.7,-0.5029474276592838
NIFTY FMCG,2025-07-22,56003.95,-0.3890777212762764
NIFTY FMCG,2025-07-23,55710.35,-0.5242487360266557
NIFTY FMCG,2025-07-24,55085.85,-1.1209766228357898
NIFTY FMCG,2025-07-25,54579.95,-0.9183846668427531
NIFTY FMCG,2025-07-28,54732.95,0.28032271924030017
NIFTY FMCG,2025-07-29,54891.15,0.28903978316536794
NIFTY FMCG,2025-07-30,55020.4,0.23546600863708633
NIFTY FMCG,2025-07-31,55812.15,1.4390117120195445
NIFTY FMCG,2025-08-01,56197.05,0.6896347838239558
NIFTY FMCG,2025-08-04,56139.65,-0.10214059278912391
NIFTY FMCG,2025-08-05,55733.7,-0.72310746504477
NIFTY FMCG,2025-08-06,55230.8,-0.9023265995259488
NIFTY FMCG,2025-08-07,55298.5,0.1225765333835449
NIFTY FMCG,2025-08-08,54900.95,-0.7189164263045167
NIFTY FMCG,2025-08-11,55309.9,0.7448869281861281
NIFTY FMCG,2025-08-12,55034.45,-0.49801210994777634
NIFTY FMCG,2025-08-13,55010.15,-0.044154161620579835
NIFTY FMCG,2025-08-14,54656.3,-0.6432449284359265
NIFTY FMCG,2025-08-18,55304.25,1.1854992013729415
NIFTY FMCG,2025-08-19,55886.65,1.0530836237721442
NIFTY FMCG,2025-08-20,56664.05,1.3910298792287668
NIFTY FMCG,2025-08-21,56303.05,-0.6370882420158819
NIFTY FMCG,2025-08-22,55737.45,-1.0045636959276738
NIFTY FMCG,2025-08-25,55681.65,-0.10011222257206853
NIFTY FMCG,2025-08-26,56187.0,0.9075700881708837
NIFTY FMCG,2025-08-28,55612.95,-1.0216776122590643
NIFTY FMCG,2025-08-29,56141.85,0.9510374831761315
NIFTY FMCG,2025-09-01,56175.2,0.059403101251565005
NIFTY FMCG,2025-09-02,56806.6,1.1239835372192752
NIFTY FMCG,2025-09-03,56969.2,0.2862343460090955
NIFTY FMCG,2025-09-04,57104.05,0.23670685212362486
NIFTY FMCG,2025-09-05,56292.1,-1.4218781329870755
NIFTY FMCG,2025-09-08,56171.3,-0.21459494316252714
NIFTY FMCG,2025-09-09,56497.25,0.5802785408206557
NIFTY FMCG,2025-09-10,56856.85,0.6364911566492104
NIFTY FMCG,2025-09-11,56960.6,0.1824758142598526
NIFTY FMCG,2025-09-12,56557.15,-0.7082966120441125
NIFTY FMCG,2025-09-15,56551.35,-0.010255113632851032
NIFTY FMCG,2025-09-16,56398.65,-0.2700200790962448
NIFTY FMCG,2025-09-17,56321.0,-0.13768060051082553
NIFTY FMCG,2025-09-18,56522.35,0.3575043056763816
NIFTY FMCG,2025-09-19,56273.05,-0.44106446388021414
NIFTY FMCG,2025-09-22,56006.75,-0.47322830377952707
NIFTY FMCG,2025-09-23,55281.55,-1.2948439250625943
NIFTY FMCG,2025-09-24,55378.95,0.1761889816765061
NIFTY FMCG,2025-09-25,55108.0,-0.4892653255433643
NIFTY FMCG,2025-09-26,54847.55,-0.4726174058212962
NIFTY FMCG,2025-09-29,54945.8,0.17913288743069966
NIFTY FMCG,2025-09-30,54710.7,-0.42787619799876664
NIFTY FMCG,2025-10-01,55105.35,0.7213397013746903
NIFTY FMCG,2025-10-03,55170.6,0.11840955551503107
NIFTY FMCG,2025-10-06,55057.65,-0.2047286054528974
NIFTY FMCG,2025-10-07,54763.85,-0.5336224847954929
NIFTY FMCG,2025-10-08,54489.65,-0.5006952579119206
NIFTY FMCG,2025-10-09,54707.45,0.3997089355501471
NIFTY FMCG,2025-10-10,54966.45,0.47342729372326087
NIFTY FMCG,2025-10-13,54473.85,-0.8961830352878897
NIFTY FMCG,2025-10-14,54213.75,-0.4774768076792779
NIFTY FMCG,2025-10-15,54748.7,0.9867422932374081
NIFTY FMCG,2025-10-16,55853.9,2.018678069068325
NIFTY FMCG,2025-10-17,56616.4,1.3651687706677684
NIFTY FMCG,2025-10-20,56597.15,-0.03400074889960969
NIFTY FMCG,2025-10-21,56609.15,0.021202481043647303
NIFTY FMCG,2025-10-23,56772.45,0.2884692668941202
NIFTY FMCG,2025-10-24,56348.1,-0.7474576136840994
NIFTY FMCG,2025-10-27,56428.95,0.14348309880900523
NIFTY FMCG,2025-10-28,56110.05,-0.5651354490912808
NIFTY FMCG,2025-10-29,56615.35,0.900551683700157
NIFTY FMCG,2025-10-30,56343.5,-0.480170130538804
NIFTY FMCG,2025-10-31,56208.5,-0.23960172868210394
NIFTY FMCG,2025-11-03,56153.7,-0.09749415124047367
NIFTY FMCG,2025-11-04,55815.6,-0.6020974575139282
NIFTY FMCG,2025-11-06,55711.75,-0.18605909459004089
NIFTY FMCG,2025-11-07,55437.2,-0.4928044802039122
NIFTY FMCG,2025-11-10,55334.45,-0.18534485868694217
NIFTY FMCG,2025-11-11,55523.05,0.34083649516711834
NIFTY FMCG,2025-11-12,55529.2,0.011076480848926096
NIFTY FMCG,2025-11-13,55243.5,-0.5145040807359003
NIFTY FMCG,2025-11-14,55560.8,0.5743662150298201
NIFTY FMCG,2025-11-17,55677.15,0.2094102316741342
NIFTY FMCG,2025-11-18,55363.45,-0.5634268277022181
NIFTY FMCG,2025-11-19,55380.8,0.03133836493209863
NIFTY FMCG,2025-11-20,55426.7,0.08288070955997373
NIFTY FMCG,2025-11-21,55504.7,0.14072640081403964
NIFTY FMCG,2025-11-24,55138.15,-0.6603945251483112
NIFTY FMCG,2025-11-25,55052.1,-0.15606254471722814
NIFTY FMCG,2025-11-26,55442.6,0.7093280728618812
NIFTY FMCG,2025-11-27,55470.55,0.05041249869235376
NIFTY FMCG,2025-11-28,55595.8,0.2257954896787595
NIFTY FMCG,2025-12-01,55500.5,-0.17141582637537622
NIFTY HEALTHCARE,2019-01-01,5198.19,
NIFTY HEALTHCARE,2019-01-02,5179.96,-0.35069899330343324
NIFTY HEALTHCARE,2019-01-03,5131.06,-0.944022733766281
NIFTY HEALTHCARE,2019-01-04,5152.54,0.4186269503767104
NIFTY HEALTHCARE,2019-01-07,5139.52,-0.25269090584448817
NIFTY HEALTHCARE,2019-01-08,5193.1,1.0425098063632454
NIFTY HEALTHCARE,2019-01-09,5215.55,0.43230440392059144
NIFTY HEALTHCARE,2019-01-10,5244.62,0.5573717057644867
NIFTY HEALTHCARE,2019-01-11,5234.36,-0.19562904462097075
NIFTY HEALTHCARE,2019-01-14,5268.68,0.6556675505697163
NIFTY HEALTHCARE,2019-01-15,5293.34,0.4680489230699081
NIFTY HEALTHCARE,2019-01-16,5308.74,0.290931623511792
NIFTY HEALTHCARE,2019-01-17,5241.69,-1.2630115620655746
NIFTY HEALTHCARE,2019-01-18,5135.15,-2.032550570522107
NIFTY HEALTHCARE,2019-01-21,5149.88,0.2868465380758245
NIFTY HEALTHCARE,2019-01-22,5222.34,1.4070230762658564
NIFTY HEALTHCARE,2019-01-23,5243.43,0.40384195590483785
NIFTY HEALTHCARE,2019-01-24,5229.11,-0.2731036745031501
NIFTY HEALTHCARE,2019-01-25,5212.64,-0.3149675566205268
NIFTY HEALTHCARE,2019-01-28,5109.91,-1.9707863961447636
NIFTY HEALTHCARE,2019-01-29,5171.71,1.2094146472247047
NIFTY HEALTHCARE,2019-01-30,5173.36,0.0319043411173503
NIFTY HEALTHCARE,2019-01-31,5218.65,0.8754465183169247
NIFTY HEALTHCARE,2019-02-01,5265.42,0.8962087896295046
NIFTY HEALTHCARE,2019-02-04,5181.08,-1.6017715585841197
NIFTY HEALTHCARE,2019-02-05,5152.78,-0.5462181630084828
NIFTY HEALTHCARE,2019-02-06,5207.69,1.065638354441667
NIFTY HEALTHCARE,2019-02-07,5274.26,1.2783018958501868
NIFTY HEALTHCARE,2019-02-08,5236.83,-0.7096730157405973
NIFTY HEALTHCARE,2019-02-11,5146.62,-1.722606996981002
NIFTY HEALTHCARE,2019-02-12,5167.07,0.39734816248333527
NIFTY HEALTHCARE,2019-02-13,5125.09,-0.8124527053049335
NIFTY HEALTHCARE,2019-02-14,5158.62,0.6542324134795718
NIFTY HEALTHCARE,2019-02-15,5020.3,-2.6813372568632587
NIFTY HEALTHCARE,2019-02-18,4976.63,-0.8698683345616853
NIFTY HEALTHCARE,2019-02-19,4963.46,-0.26463691293103775
NIFTY HEALTHCARE,2019-02-20,4991.84,0.5717785576996759
NIFTY HEALTHCARE,2019-02-21,5038.21,0.92891599089715
NIFTY HEALTHCARE,2019-02-22,5060.24,0.43725847076638846
NIFTY HEALTHCARE,2019-02-25,5089.45,0.5772453480467288
NIFTY HEALTHCARE,2019-02-26,5087.82,-0.032027036320236846
NIFTY HEALTHCARE,2019-02-27,5103.16,0.30150437712026523
NIFTY HEALTHCARE,2019-02-28,5109.79,0.12991950085829984
NIFTY HEALTHCARE,2019-03-01,5156.21,0.9084522064507494
NIFTY HEALTHCARE,2019-03-05,5187.08,0.5986955535170146
NIFTY HEALTHCARE,2019-03-06,5214.12,0.5212952181188557
NIFTY HEALTHCARE,2019-03-07,5154.52,-1.1430500256994325
NIFTY HEALTHCARE,2019-03-08,5141.66,-0.24948976820344804
NIFTY HEALTHCARE,2019-03-11,5214.65,1.4195804467817652
NIFTY HEALTHCARE,2019-03-12,5280.44,1.2616378855723864
NIFTY HEALTHCARE,2019-03-13,5183.58,-1.834316837233252
NIFTY HEALTHCARE,2019-03-14,5219.87,0.7000953009310251
NIFTY HEALTHCARE,2019-03-15,5239.48,0.37567985409596716
NIFTY HEALTHCARE,2019-03-18,5232.35,-0.13608220663117176
NIFTY HEALTHCARE,2019-03-19,5262.93,0.5844410255430255
NIFTY HEALTHCARE,2019-03-20,5284.65,0.41269786981774637
NIFTY HEALTHCARE,2019-03-22,5242.52,-0.7972145742858872
NIFTY HEALTHCARE,2019-03-25,5226.11,-0.3130174038439626
NIFTY HEALTHCARE,2019-03-26,5263.97,0.724439401390331
NIFTY HEALTHCARE,2019-03-27,5216.71,-0.8978014692333058
NIFTY HEALTHCARE,2019-03-28,5248.05,0.600761782809478
NIFTY HEALTHCARE,2019-03-29,5332.33,1.605929821552765
NIFTY HEALTHCARE,2019-04-01,5346.31,0.2621743215442507
NIFTY HEALTHCARE,2019-04-02,5304.99,-0.7728695118689455
NIFTY HEALTHCARE,2019-04-03,5252.87,-0.982471220492398
NIFTY HEALTHCARE,2019-04-04,5291.74,0.7399764319314883
NIFTY HEALTHCARE,2019-04-05,5289.35,-0.045164728425795
NIFTY HEALTHCARE,2019-04-08,5267.64,-0.4104474084717369
NIFTY HEALTHCARE,2019-04-09,5317.52,0.9469136083711138
NIFTY HEALTHCARE,2019-04-10,5349.62,0.603664866328657
NIFTY HEALTHCARE,2019-04-11,5340.73,-0.1661800277402925
NIFTY HEALTHCARE,2019-04-12,5359.94,0.35968865679409934
NIFTY HEALTHCARE,2019-04-15,5357.45,-0.04645574390758078
NIFTY HEALTHCARE,2019-04-16,5356.57,-0.016425724925106522
NIFTY HEALTHCARE,2019-04-18,5348.36,-0.15326972297571295
NIFTY HEALTHCARE,2019-04-22,5279.12,-1.2946024575757775
NIFTY HEALTHCARE,2019-04-23,5329.18,0.9482641046234974
NIFTY HEALTHCARE,2019-04-24,5354.44,0.47399412292321585
NIFTY HEALTHCARE,2019-04-25,5343.78,-0.19908711275128388
NIFTY HEALTHCARE,2019-04-26,5352.91,0.1708528419957389
NIFTY HEALTHCARE,2019-04-30,5323.02,-0.5583878675337273
NIFTY HEALTHCARE,2019-05-02,5272.38,-0.9513396530540952
NIFTY HEALTHCARE,2019-05-03,5234.73,-0.7140987561594647
NIFTY HEALTHCARE,2019-05-06,5213.03,-0.4145390497695134
NIFTY HEALTHCARE,2019-05-07,5189.55,-0.4504098384240929
NIFTY HEALTHCARE,2019-05-08,5121.28,-1.3155283213380775
NIFTY HEALTHCARE,2019-05-09,5111.19,-0.1970210572356912
NIFTY HEALTHCARE,2019-05-10,5100.64,-0.2064098575869644
NIFTY HEALTHCARE,2019-05-13,4901.84,-3.897550111358583
NIFTY HEALTHCARE,2019-05-14,4957.57,1.1369200137091307
NIFTY HEALTHCARE,2019-05-15,4912.8,-0.9030633959782652
NIFTY HEALTHCARE,2019-05-16,4898.08,-0.2996254681647992
NIFTY HEALTHCARE,2019-05-17,4838.68,-1.2127200862378618
NIFTY HEALTHCARE,2019-05-20,4883.5,0.9262856812188414
NIFTY HEALTHCARE,2019-05-21,4859.7,-0.4873553803624531
NIFTY HEALTHCARE,2019-05-22,4867.29,0.15618248040003557
NIFTY HEALTHCARE,2019-05-23,4852.94,-0.2948252518341854
NIFTY HEALTHCARE,2019-05-24,4911.49,1.206485140966107
NIFTY HEALTHCARE,2019-05-27,4880.17,-0.6376883593369742
NIFTY HEALTHCARE,2019-05-28,4877.2,-0.06085853566577537
NIFTY HEALTHCARE,2019-05-29,4861.88,-0.3141146559501262
NIFTY HEALTHCARE,2019-05-30,4862.35,0.009667042378680435
NIFTY HEALTHCARE,2019-05-31,4864.94,0.053266424671183366
NIFTY HEALTHCARE,2019-06-03,4919.63,1.1241659712144525
NIFTY HEALTHCARE,2019-06-04,4867.11,-1.0675599587773976
NIFTY HEALTHCARE,2019-06-06,4793.4,-1.5144510808261957
NIFTY HEALTHCARE,2019-06-07,4763.36,-0.6266950390119708
NIFTY HEALTHCARE,2019-06-10,4790.19,0.563257868395417
NIFTY HEALTHCARE,2019-06-11,4792.12,0.040290677405296904
NIFTY HEALTHCARE,2019-06-12,4758.75,-0.6963515103962314
NIFTY HEALTHCARE,2019-06-13,4743.43,-0.32193328079852535
NIFTY HEALTHCARE,2019-06-14,4709.21,-0.7214188888631234
NIFTY HEALTHCARE,2019-06-17,4649.71,-1.2634815606014649
NIFTY HEALTHCARE,2019-06-18,4620.12,-0.6363837744719603
NIFTY HEALTHCARE,2019-06-19,4552.58,-1.4618667913387506
NIFTY HEALTHCARE,2019-06-20,4671.8,2.6187348712158887
NIFTY HEALTHCARE,2019-06-21,4618.11,-1.14923584057538
NIFTY HEALTHCARE,2019-06-24,4613.72,-0.09506053342166476
NIFTY HEALTHCARE,2019-06-25,4633.18,0.42178545728825956
NIFTY HEALTHCARE,2019-06-26,4694.79,1.3297562365373272
NIFTY HEALTHCARE,2019-06-27,4691.44,-0.07135569429090882
NIFTY HEALTHCARE,2019-06-28,4686.77,-0.09954299745918993
NIFTY HEALTHCARE,2019-07-01,4745.53,1.2537419160743912
NIFTY HEALTHCARE,2019-07-02,4712.96,-0.6863300832572916
NIFTY HEALTHCARE,2019-07-03,4704.47,-0.18014156708310303
NIFTY HEALTHCARE,2019-07-04,4679.07,-0.5399120411013425
NIFTY HEALTHCARE,2019-07-05,4617.25,-1.3212027176340513
NIFTY HEALTHCARE,2019-07-08,4559.34,-1.2542097568899235
NIFTY HEALTHCARE,2019-07-09,4663.81,2.2913404133054316
NIFTY HEALTHCARE,2019-07-10,4658.65,-0.11063915554022641
NIFTY HEALTHCARE,2019-07-11,4704.33,0.9805415732025535
NIFTY HEALTHCARE,2019-07-12,4730.48,0.5558708679025415
NIFTY HEALTHCARE,2019-07-15,4772.77,0.8939896162757366
NIFTY HEALTHCARE,2019-07-16,4833.69,1.2764076207317565
NIFTY HEALTHCARE,2019-07-17,4819.17,-0.3003916262730888
NIFTY HEALTHCARE,2019-07-18,4764.59,-1.132560171149799
NIFTY HEALTHCARE,2019-07-19,4676.89,-1.840662050669628
NIFTY HEALTHCARE,2019-07-22,4708.36,0.6728830483504922
NIFTY HEALTHCARE,2019-07-23,4681.05,-0.5800321130924435
NIFTY HEALTHCARE,2019-07-24,4622.46,-1.2516422597494192
NIFTY HEALTHCARE,2019-07-25,4711.67,1.9299247586782808
NIFTY HEALTHCARE,2019-07-26,4761.39,1.0552521717352992
NIFTY HEALTHCARE,2019-07-29,4693.56,-1.4245839975301267
NIFTY HEALTHCARE,2019-07-30,4612.01,-1.7374871099975375
NIFTY HEALTHCARE,2019-07-31,4668.29,1.220292237007281
NIFTY HEALTHCARE,2019-08-01,4623.19,-0.9660925092485728
NIFTY HEALTHCARE,2019-08-02,4607.26,-0.34456727930280984
NIFTY HEALTHCARE,2019-08-05,4576.69,-0.6635180128753415
NIFTY HEALTHCARE,2019-08-06,4592.21,0.3391097059228576
NIFTY HEALTHCARE,2019-08-07,4619.44,0.5929606877734139
NIFTY HEALTHCARE,2019-08-08,4666.09,1.0098626673363142
NIFTY HEALTHCARE,2019-08-09,4656.46,-0.20638264585552957
NIFTY HEALTHCARE,2019-08-13,4612.79,-0.9378368975573759
NIFTY HEALTHCARE,2019-08-14,4574.23,-0.8359366023599657
NIFTY HEALTHCARE,2019-08-16,4561.06,-0.28791731067303594
NIFTY HEALTHCARE,2019-08-19,4588.48,0.6011760424111667
NIFTY HEALTHCARE,2019-08-20,4589.54,0.023101332031538746
NIFTY HEALTHCARE,2019-08-21,4547.11,-0.9244935222266326
NIFTY HEALTHCARE,2019-08-22,4542.81,-0.09456555922331411
NIFTY HEALTHCARE,2019-08-23,4593.2,1.1092253473070413
NIFTY HEALTHCARE,2019-08-26,4621.29,0.6115562135330599
NIFTY HEALTHCARE,2019-08-27,4620.4,-0.019258691837131803
NIFTY HEALTHCARE,2019-08-28,4586.09,-0.7425764003116453
NIFTY HEALTHCARE,2019-08-29,4666.07,1.7439692635774495
NIFTY HEALTHCARE,2019-08-30,4750.14,1.8017303640965654
NIFTY HEALTHCARE,2019-09-03,4707.36,-0.9006050347989847
NIFTY HEALTHCARE,2019-09-04,4701.91,-0.11577614629005861
NIFTY HEALTHCARE,2019-09-05,4757.29,1.1778192266546972
NIFTY HEALTHCARE,2019-09-06,4759.07,0.03741626009765575
NIFTY HEALTHCARE,2019-09-09,4766.32,0.1523406884118117
NIFTY HEALTHCARE,2019-09-11,4771.11,0.10049681934909405
NIFTY HEALTHCARE,2019-09-12,4773.85,0.05742898403098273
NIFTY HEALTHCARE,2019-09-13,4743.41,-0.6376404788587919
NIFTY HEALTHCARE,2019-09-16,4757.21,0.29092994280486284
NIFTY HEALTHCARE,2019-09-17,4680.45,-1.6135507997334653
NIFTY HEALTHCARE,2019-09-18,4688.02,0.16173658515741263
NIFTY HEALTHCARE,2019-09-19,4623.0,-1.3869394755141928
NIFTY HEALTHCARE,2019-09-20,4729.06,2.2941812675751683
NIFTY HEALTHCARE,2019-09-23,4674.92,-1.1448363945477658
NIFTY HEALTHCARE,2019-09-24,4688.73,0.2954061245967754
NIFTY HEALTHCARE,2019-09-25,4626.99,-1.3167744783768698
NIFTY HEALTHCARE,2019-09-26,4656.06,0.6282702145455454
NIFTY HEALTHCARE,2019-09-27,4577.97,-1.6771691086455154
NIFTY HEALTHCARE,2019-09-30,4501.91,-1.6614350902255937
NIFTY HEALTHCARE,2019-10-01,4454.96,-1.0428906841762675
NIFTY HEALTHCARE,2019-10-03,4448.25,-0.15061863630649874
NIFTY HEALTHCARE,2019-10-04,4425.58,-0.5096386219299753
NIFTY HEALTHCARE,2019-10-07,4311.01,-2.5888132177025347
NIFTY HEALTHCARE,2019-10-09,4356.76,1.0612362300249867
NIFTY HEALTHCARE,2019-10-10,4354.78,-0.045446616292854625
NIFTY HEALTHCARE,2019-10-11,4380.05,0.5802818971337276
NIFTY HEALTHCARE,2019-10-14,4425.9,1.04679170329105
NIFTY HEALTHCARE,2019-10-15,4463.52,0.8499966108588275
NIFTY HEALTHCARE,2019-10-16,4484.51,0.47025665842204134
NIFTY HEALTHCARE,2019-10-17,4522.59,0.8491451685914475
NIFTY HEALTHCARE,2019-10-18,4565.22,0.9426014739341904
NIFTY HEALTHCARE,2019-10-22,4633.18,1.4886467683923321
NIFTY HEALTHCARE,2019-10-23,4640.54,0.15885417790804102
NIFTY HEALTHCARE,2019-10-24,4646.54,0.12929529753002988
NIFTY HEALTHCARE,2019-10-25,4654.51,0.17152547917376193
NIFTY HEALTHCARE,2019-10-27,4671.78,0.37103798251587605
NIFTY HEALTHCARE,2019-10-29,4711.96,0.8600576225764156
NIFTY HEALTHCARE,2019-10-30,4712.31,0.0074279068583038566
NIFTY HEALTHCARE,2019-10-31,4762.16,1.057867585112171
NIFTY HEALTHCARE,2019-11-01,4799.87,0.7918675558989952
NIFTY HEALTHCARE,2019-11-04,4801.98,0.04395952390376934
NIFTY HEALTHCARE,2019-11-05,4753.05,-1.0189546811939953
NIFTY HEALTHCARE,2019-11-06,4774.58,0.4529723019955467
NIFTY HEALTHCARE,2019-11-07,4808.73,0.7152461577772273
NIFTY HEALTHCARE,2019-11-08,4723.57,-1.770945759067355
NIFTY HEALTHCARE,2019-11-11,4728.59,0.1062755500606638
NIFTY HEALTHCARE,2019-11-13,4664.06,-1.3646774196959255
NIFTY HEALTHCARE,2019-11-14,4640.17,-0.5122146799140692
NIFTY HEALTHCARE,2019-11-15,4681.21,0.8844503541896032
NIFTY HEALTHCARE,2019-11-18,4740.69,1.2706116580969429
NIFTY HEALTHCARE,2019-11-19,4757.21,0.34847247974452156
NIFTY HEALTHCARE,2019-11-20,4873.48,2.444079618095474
NIFTY HEALTHCARE,2019-11-21,4857.33,-0.3313853755427254
NIFTY HEALTHCARE,2019-11-22,4850.49,-0.14081810377306603
NIFTY HEALTHCARE,2019-11-25,4922.22,1.4788196656420283
NIFTY HEALTHCARE,2019-11-26,4906.14,-0.32668186306178404
NIFTY HEALTHCARE,2019-11-27,4939.78,0.6856714239707573
NIFTY HEALTHCARE,2019-11-28,4957.92,0.3672228317860293
NIFTY HEALTHCARE,2019-11-29,4928.19,-0.5996466260044575
NIFTY HEALTHCARE,2019-12-02,4896.86,-0.6357303594220154
NIFTY HEALTHCARE,2019-12-03,4863.51,-0.6810486720061348
NIFTY HEALTHCARE,2019-12-04,4911.53,0.9873527555201767
NIFTY HEALTHCARE,2019-12-05,4870.49,-0.8355848381258024
NIFTY HEALTHCARE,2019-12-06,4819.6,-1.0448640691182898
NIFTY HEALTHCARE,2019-12-09,4810.48,-0.18922732176945845
NIFTY HEALTHCARE,2019-12-10,4784.29,-0.5444363140476582
NIFTY HEALTHCARE,2019-12-11,4811.5,0.5687364269306494
NIFTY HEALTHCARE,2019-12-12,4846.87,0.7351137898784055
NIFTY HEALTHCARE,2019-12-13,4846.5,-0.007633792530026273
NIFTY HEALTHCARE,2019-12-16,4838.5,-0.16506757453832455
NIFTY HEALTHCARE,2019-12-17,4822.9,-0.32241397127209526
NIFTY HEALTHCARE,2019-12-18,4863.77,0.8474154554313884
NIFTY HEALTHCARE,2019-12-19,4860.15,-0.07442786151484748
NIFTY HEALTHCARE,2019-12-20,4842.52,-0.3627460057817
NIFTY HEALTHCARE,2019-12-23,4837.84,-0.09664389615324787
NIFTY HEALTHCARE,2019-12-24,4844.58,0.13931837348899467
NIFTY HEALTHCARE,2019-12-26,4812.41,-0.664041052062303
NIFTY HEALTHCARE,2019-12-27,4849.9,0.7790275558400062
NIFTY HEALTHCARE,2019-12-30,4855.46,0.11464153900080376
NIFTY HEALTHCARE,2019-12-31,4843.29,-0.25064566488036677
NIFTY HEALTHCARE,2020-01-01,4855.19,0.24570075300054395
NIFTY HEALTHCARE,2020-01-02,4874.11,0.3896860884949893
NIFTY HEALTHCARE,2020-01-03,4897.85,0.48706327924483706
NIFTY HEALTHCARE,2020-01-06,4827.43,-1.4377737170391147
NIFTY HEALTHCARE,2020-01-07,4855.11,0.5733899818329613
NIFTY HEALTHCARE,2020-01-08,4844.12,-0.22635944396728336
NIFTY HEALTHCARE,2020-01-09,4869.15,0.5167089172027017
NIFTY HEALTHCARE,2020-01-10,4890.57,0.4399125103971002
NIFTY HEALTHCARE,2020-01-13,4910.85,0.41467558996191034
NIFTY HEALTHCARE,2020-01-14,4932.75,0.4459513118910019
NIFTY HEALTHCARE,2020-01-15,4964.02,0.6339263088541047
NIFTY HEALTHCARE,2020-01-16,4994.82,0.6204648651697564
NIFTY HEALTHCARE,2020-01-17,5065.12,1.4074581266191766
NIFTY HEALTHCARE,2020-01-20,5036.73,-0.5605000473828947
NIFTY HEALTHCARE,2020-01-21,5041.83,0.10125617215932525
NIFTY HEALTHCARE,2020-01-22,5039.42,-0.04780010432720028
NIFTY HEALTHCARE,2020-01-23,5072.75,0.6613856356485481
NIFTY HEALTHCARE,2020-01-24,5074.41,0.03272386772459335
NIFTY HEALTHCARE,2020-01-27,5148.93,1.4685451116484671
NIFTY HEALTHCARE,2020-01-28,5134.94,-0.27170693716948024
NIFTY HEALTHCARE,2020-01-29,5133.47,-0.028627403630798742
NIFTY HEALTHCARE,2020-01-30,5058.12,-1.4678180645840033
NIFTY HEALTHCARE,2020-01-31,5005.26,-1.0450523119261645
NIFTY HEALTHCARE,2020-02-01,4931.54,-1.4728505612096154
NIFTY HEALTHCARE,2020-02-03,4918.75,-0.2593510343624872
NIFTY HEALTHCARE,2020-02-04,4973.72,1.117560355781455
NIFTY HEALTHCARE,2020-02-05,4985.11,0.2290036431483733
NIFTY HEALTHCARE,2020-02-06,5030.03,0.9010834264439493
NIFTY HEALTHCARE,2020-02-07,5113.01,1.6496919501474139
NIFTY HEALTHCARE,2020-02-10,5087.4,-0.5008791299058735
NIFTY HEALTHCARE,2020-02-11,5125.06,0.7402602508157496
NIFTY HEALTHCARE,2020-02-12,5106.11,-0.3697517687597962
NIFTY HEALTHCARE,2020-02-13,5164.36,1.1407901514068453
NIFTY HEALTHCARE,2020-02-14,5158.42,-0.1150190923947858
NIFTY HEALTHCARE,2020-02-17,5075.43,-1.6088259583360798
NIFTY HEALTHCARE,2020-02-18,5077.07,0.03231253312525606
NIFTY HEALTHCARE,2020-02-19,5189.0,2.2046180178725283
NIFTY HEALTHCARE,2020-02-20,5198.45,0.18211601464637184
NIFTY HEALTHCARE,2020-02-24,5065.76,-2.55249160807548
NIFTY HEALTHCARE,2020-02-25,4990.29,-1.4898060705599958
NIFTY HEALTHCARE,2020-02-26,4939.82,-1.0113640690220471
NIFTY HEALTHCARE,2020-02-27,4952.96,0.26600159519982736
NIFTY HEALTHCARE,2020-02-28,4798.08,-3.1270189947021576
NIFTY HEALTHCARE,2020-03-02,4779.81,-0.38077731092436284
NIFTY HEALTHCARE,2020-03-03,4977.1,4.127569924327545
NIFTY HEALTHCARE,2020-03-04,5042.4,1.3120090012255892
NIFTY HEALTHCARE,2020-03-05,5075.27,0.6518721243852221
NIFTY HEALTHCARE,2020-03-06,5005.46,-1.3754933235079148
NIFTY HEALTHCARE,2020-03-09,4852.26,-3.060657761724195
NIFTY HEALTHCARE,2020-03-11,4794.14,-1.1977923689167502
NIFTY HEALTHCARE,2020-03-12,4395.0,-8.325580813242839
NIFTY HEALTHCARE,2020-03-13,4558.89,3.7290102389078594
NIFTY HEALTHCARE,2020-03-16,4390.14,-3.701558932108473
NIFTY HEALTHCARE,2020-03-17,4384.85,-0.12049729621378402
NIFTY HEALTHCARE,2020-03-18,4191.19,-4.416570692269994
NIFTY HEALTHCARE,2020-03-19,4125.16,-1.5754475459237027
NIFTY HEALTHCARE,2020-03-20,4343.87,5.301854958353136
NIFTY HEALTHCARE,2020-03-23,4018.85,-7.482268115758528
NIFTY HEALTHCARE,2020-03-24,4107.06,2.1949065031041437
NIFTY HEALTHCARE,2020-03-25,4152.13,1.097378660160797
NIFTY HEALTHCARE,2020-03-26,4201.71,1.194085926982047
NIFTY HEALTHCARE,2020-03-27,4209.01,0.17373878730326808
NIFTY HEALTHCARE,2020-03-30,4255.05,1.0938439205418815
NIFTY HEALTHCARE,2020-03-31,4405.76,3.5419090257458707
NIFTY HEALTHCARE,2020-04-01,4319.31,-1.9622040238233551
NIFTY HEALTHCARE,2020-04-03,4500.69,4.1992818297366785
NIFTY HEALTHCARE,2020-04-07,4914.58,9.19614547991532
NIFTY HEALTHCARE,2020-04-08,5104.5,3.864419746957015
NIFTY HEALTHCARE,2020-04-09,5304.16,3.911450680771855
NIFTY HEALTHCARE,2020-04-13,5394.51,1.7033799885373124
NIFTY HEALTHCARE,2020-04-15,5395.89,0.025581563478427327
NIFTY HEALTHCARE,2020-04-16,5492.92,1.798220497452685
NIFTY HEALTHCARE,2020-04-17,5446.46,-0.8458160686847793
NIFTY HEALTHCARE,2020-04-20,5456.09,0.17681209446136492
NIFTY HEALTHCARE,2020-04-21,5547.46,1.6746424637423374
NIFTY HEALTHCARE,2020-04-22,5544.16,-0.05948668399592405
NIFTY HEALTHCARE,2020-04-23,5559.61,0.2786716112089138
NIFTY HEALTHCARE,2020-04-24,5642.06,1.4830176936871498
NIFTY HEALTHCARE,2020-04-27,5717.73,1.3411768042168815
NIFTY HEALTHCARE,2020-04-28,5608.47,-1.9108982061062596
NIFTY HEALTHCARE,2020-04-29,5602.5,-0.10644614306576372
NIFTY HEALTHCARE,2020-04-30,5572.92,-0.527978580990629
NIFTY HEALTHCARE,2020-05-04,5600.37,0.49256045304795215
NIFTY HEALTHCARE,2020-05-05,5497.17,-1.842735390697392
NIFTY HEALTHCARE,2020-05-06,5505.37,0.14916766263368686
NIFTY HEALTHCARE,2020-05-07,5462.58,-0.7772411300239535
NIFTY HEALTHCARE,2020-05-08,5565.44,1.8829930179512289
NIFTY HEALTHCARE,2020-05-11,5548.79,-0.2991677207911603
NIFTY HEALTHCARE,2020-05-12,5502.63,-0.8318930793920765
NIFTY HEALTHCARE,2020-05-13,5443.85,-1.0682164710329345
NIFTY HEALTHCARE,2020-05-14,5466.44,0.41496367460527317
NIFTY HEALTHCARE,2020-05-15,5433.01,-0.6115497471846254
NIFTY HEALTHCARE,2020-05-18,5401.78,-0.5748194831226239
NIFTY HEALTHCARE,2020-05-19,5404.73,0.054611628018919056
NIFTY HEALTHCARE,2020-05-20,5587.47,3.3811124700031447
NIFTY HEALTHCARE,2020-05-21,5617.55,0.5383474094715401
NIFTY HEALTHCARE,2020-05-22,5650.24,0.5819262845902395
NIFTY HEALTHCARE,2020-05-26,5607.12,-0.7631534235713833
NIFTY HEALTHCARE,2020-05-27,5560.56,-0.8303728117108111
NIFTY HEALTHCARE,2020-05-28,5555.45,-0.09189721898514858
NIFTY HEALTHCARE,2020-05-29,5684.11,2.315924002556047
NIFTY HEALTHCARE,2020-06-01,5709.97,0.4549524903634916
NIFTY HEALTHCARE,2020-06-02,5739.19,0.5117364889832832
NIFTY HEALTHCARE,2020-06-03,5747.8,0.15002117023483752
NIFTY HEALTHCARE,2020-06-04,5852.43,1.820348655137627
NIFTY HEALTHCARE,2020-06-05,5848.72,-0.06339247116154967
NIFTY HEALTHCARE,2020-06-08,5788.54,-1.028943084982703
NIFTY HEALTHCARE,2020-06-09,5877.34,1.5340655847588591
NIFTY HEALTHCARE,2020-06-10,5904.07,0.4547975784963798
NIFTY HEALTHCARE,2020-06-11,5793.99,-1.8644765390654183
NIFTY HEALTHCARE,2020-06-12,5828.15,0.5895764404149739
NIFTY HEALTHCARE,2020-06-15,5833.63,0.09402640632105719
NIFTY HEALTHCARE,2020-06-16,5809.46,-0.41432178592060165
NIFTY HEALTHCARE,2020-06-17,5818.74,0.15973945943339452
NIFTY HEALTHCARE,2020-06-18,5818.46,-0.004812038345070047
NIFTY HEALTHCARE,2020-06-19,5840.78,0.38360665880661227
NIFTY HEALTHCARE,2020-06-22,5966.27,2.148514410746527
NIFTY HEALTHCARE,2020-06-23,6051.65,1.431044857172048
NIFTY HEALTHCARE,2020-06-24,5909.9,-2.342336387596766
NIFTY HEALTHCARE,2020-06-25,5965.24,0.9363948628572372
NIFTY HEALTHCARE,2020-06-26,5930.09,-0.5892470378392134
NIFTY HEALTHCARE,2020-06-29,5913.52,-0.2794224033699222
NIFTY HEALTHCARE,2020-06-30,5835.13,-1.3256064070130913
NIFTY HEALTHCARE,2020-07-01,5779.3,-0.9567910226507381
NIFTY HEALTHCARE,2020-07-02,5825.62,0.8014811482359496
NIFTY HEALTHCARE,2020-07-03,5838.11,0.21439778083705008
NIFTY HEALTHCARE,2020-07-06,5818.5,-0.33589637742350575
NIFTY HEALTHCARE,2020-07-07,5803.31,-0.2610638480707972
NIFTY HEALTHCARE,2020-07-08,5828.81,0.43940440886320875
NIFTY HEALTHCARE,2020-07-09,5856.42,0.4736815919544446
NIFTY HEALTHCARE,2020-07-10,5892.7,0.6194910884123717
NIFTY HEALTHCARE,2020-07-13,5916.65,0.40643508069306833
NIFTY HEALTHCARE,2020-07-14,5942.71,0.4404519449350719
NIFTY HEALTHCARE,2020-07-15,5975.17,0.5462154471613134
NIFTY HEALTHCARE,2020-07-16,6070.94,1.6027995856184862
NIFTY HEALTHCARE,2020-07-17,6121.4,0.8311727673144587
NIFTY HEALTHCARE,2020-07-20,6045.91,-1.2332146241055941
NIFTY HEALTHCARE,2020-07-21,5976.83,-1.1425906108426975
NIFTY HEALTHCARE,2020-07-22,5976.49,-0.005688634276035387
NIFTY HEALTHCARE,2020-07-23,6079.78,1.728271945573412
NIFTY HEALTHCARE,2020-07-24,6032.4,-0.7793045143080879
NIFTY HEALTHCARE,2020-07-27,5944.77,-1.4526556594390172
NIFTY HEALTHCARE,2020-07-28,5984.93,0.6755517875376205
NIFTY HEALTHCARE,2020-07-29,6142.34,2.630105949443018
NIFTY HEALTHCARE,2020-07-30,6300.58,2.576216881514215
NIFTY HEALTHCARE,2020-07-31,6496.76,3.1136815975672194
NIFTY HEALTHCARE,2020-08-03,6493.42,-0.05141024141264161
NIFTY HEALTHCARE,2020-08-04,6601.83,1.669536238222702
NIFTY HEALTHCARE,2020-08-05,6578.64,-0.3512662398153177
NIFTY HEALTHCARE,2020-08-06,6642.51,0.9708693590164463
NIFTY HEALTHCARE,2020-08-07,6621.51,-0.3161455534127944
NIFTY HEALTHCARE,2020-08-10,6950.1,4.962463244788573
NIFTY HEALTHCARE,2020-08-11,6856.72,-1.3435777902476187
NIFTY HEALTHCARE,2020-08-12,6753.86,-1.5001341749407926
NIFTY HEALTHCARE,2020-08-13,6699.66,-0.8025040495361124
NIFTY HEALTHCARE,2020-08-14,6779.51,1.1918515267939078
NIFTY HEALTHCARE,2020-08-17,6763.65,-0.23394021101821316
NIFTY HEALTHCARE,2020-08-18,6757.59,-0.08959659355525229
NIFTY HEALTHCARE,2020-08-19,6735.42,-0.3280755417241932
NIFTY HEALTHCARE,2020-08-20,6747.11,0.1735600749470656
NIFTY HEALTHCARE,2020-08-21,6782.62,0.5262994081910666
NIFTY HEALTHCARE,2020-08-24,6776.45,-0.09096779710495717
NIFTY HEALTHCARE,2020-08-25,6738.63,-0.558109334533563
NIFTY HEALTHCARE,2020-08-26,6728.28,-0.1535920506096966
NIFTY HEALTHCARE,2020-08-27,6776.46,0.7160819704292942
NIFTY HEALTHCARE,2020-08-28,6779.95,0.0515018165826886
NIFTY HEALTHCARE,2020-08-31,6482.79,-4.382923177899545
NIFTY HEALTHCARE,2020-09-01,6627.03,2.2249679536125555
NIFTY HEALTHCARE,2020-09-02,6677.9,0.7676138481340855
NIFTY HEALTHCARE,2020-09-03,6722.91,0.674014285928215
NIFTY HEALTHCARE,2020-09-04,6610.89,-1.6662427430978455
NIFTY HEALTHCARE,2020-09-07,6614.69,0.05748091406754252
NIFTY HEALTHCARE,2020-09-08,6525.56,-1.347455436309175
NIFTY HEALTHCARE,2020-09-09,6621.44,1.4692991865832061
NIFTY HEALTHCARE,2020-09-10,6624.16,0.041078677749850634
NIFTY HEALTHCARE,2020-09-11,6633.63,0.14296152266852769
NIFTY HEALTHCARE,2020-09-14,6625.63,-0.12059762151340747
NIFTY HEALTHCARE,2020-09-15,6745.91,1.8153745379684505
NIFTY HEALTHCARE,2020-09-16,6863.38,1.7413514262716312
NIFTY HEALTHCARE,2020-09-17,6889.42,0.37940489962671187
NIFTY HEALTHCARE,2020-09-18,7177.96,4.188160977266597
NIFTY HEALTHCARE,2020-09-21,6907.66,-3.7656938740254886
NIFTY HEALTHCARE,2020-09-22,6920.54,0.18645966941048808
NIFTY HEALTHCARE,2020-09-23,6848.12,-1.0464501325041176
NIFTY HEALTHCARE,2020-09-24,6694.78,-2.23915468770991
NIFTY HEALTHCARE,2020-09-25,6846.76,2.270126874968259
NIFTY HEALTHCARE,2020-09-28,6964.95,1.7262179483434448
NIFTY HEALTHCARE,2020-09-29,6931.08,-0.4862920767557566
NIFTY HEALTHCARE,2020-09-30,6976.6,0.6567519059078819
NIFTY HEALTHCARE,2020-10-01,6998.71,0.3169165496086812
NIFTY HEALTHCARE,2020-10-05,7085.96,1.246658312746196
NIFTY HEALTHCARE,2020-10-06,7081.1,-0.06858633128044023
NIFTY HEALTHCARE,2020-10-07,7059.96,-0.2985411871037069
NIFTY HEALTHCARE,2020-10-08,7201.02,1.998028317440892
NIFTY HEALTHCARE,2020-10-09,7119.31,-1.1347003618931817
NIFTY HEALTHCARE,2020-10-12,7175.94,0.7954422549376172
NIFTY HEALTHCARE,2020-10-13,7076.54,-1.3851843800254726
NIFTY HEALTHCARE,2020-10-14,7012.56,-0.9041141574837375
NIFTY HEALTHCARE,2020-10-15,6891.66,-1.7240494198980216
NIFTY HEALTHCARE,2020-10-16,6987.44,1.3897957821482843
NIFTY HEALTHCARE,2020-10-19,6899.34,-1.260833724511401
NIFTY HEALTHCARE,2020-10-20,6910.64,0.16378378221684198
NIFTY HEALTHCARE,2020-10-21,6903.98,-0.09637312897214922
NIFTY HEALTHCARE,2020-10-22,6862.8,-0.5964675448074774
NIFTY HEALTHCARE,2020-10-23,6843.26,-0.2847234364982243
NIFTY HEALTHCARE,2020-10-26,6749.89,-1.3644081914175432
NIFTY HEALTHCARE,2020-10-27,6871.27,1.7982515270619226
NIFTY HEALTHCARE,2020-10-28,6774.33,-1.4108017877335732
NIFTY HEALTHCARE,2020-10-29,6722.79,-0.7608132464760331
NIFTY HEALTHCARE,2020-10-30,6727.52,0.07035769375511869
NIFTY HEALTHCARE,2020-11-02,6690.87,-0.5447772730515887
NIFTY HEALTHCARE,2020-11-03,6787.25,1.4404703723133183
NIFTY HEALTHCARE,2020-11-04,6905.67,1.7447419794467622
NIFTY HEALTHCARE,2020-11-05,6965.03,0.8595835016732556
NIFTY HEALTHCARE,2020-11-06,6918.25,-0.6716410410292473
NIFTY HEALTHCARE,2020-11-09,6915.68,-0.037148122718888565
NIFTY HEALTHCARE,2020-11-10,6639.55,-3.992810540684355
NIFTY HEALTHCARE,2020-11-11,6858.77,3.3017297859041728
NIFTY HEALTHCARE,2020-11-12,6866.36,0.11066124100966857
NIFTY HEALTHCARE,2020-11-13,6955.25,1.2945723789606234
NIFTY HEALTHCARE,2020-11-14,6988.86,0.48323209086660324
NIFTY HEALTHCARE,2020-11-17,6944.99,-0.6277132465094426
NIFTY HEALTHCARE,2020-11-18,6894.08,-0.7330464118738833
NIFTY HEALTHCARE,2020-11-19,6882.16,-0.17290196806535318
NIFTY HEALTHCARE,2020-11-20,6894.11,0.17363734641449025
NIFTY HEALTHCARE,2020-11-23,7008.6,1.6606929683454563
NIFTY HEALTHCARE,2020-11-24,7069.48,0.8686470907171007
NIFTY HEALTHCARE,2020-11-25,6926.58,-2.0213650791854554
NIFTY HEALTHCARE,2020-11-26,7017.34,1.3103147585099784
NIFTY HEALTHCARE,2020-11-27,7056.96,0.5646014016707168
NIFTY HEALTHCARE,2020-12-01,7178.91,1.7280812134403467
NIFTY HEALTHCARE,2020-12-02,7184.0,0.07090212859612866
NIFTY HEALTHCARE,2020-12-03,7233.52,0.6893095768374158
NIFTY HEALTHCARE,2020-12-04,7306.75,1.012370187681788
NIFTY HEALTHCARE,2020-12-07,7416.81,1.506278441167419
NIFTY HEALTHCARE,2020-12-08,7357.27,-0.8027710026278112
NIFTY HEALTHCARE,2020-12-09,7369.41,0.16500685716305252
NIFTY HEALTHCARE,2020-12-10,7354.28,-0.20530815899780785
NIFTY HEALTHCARE,2020-12-11,7322.08,-0.4378402780421675
NIFTY HEALTHCARE,2020-12-14,7372.48,0.6883289994100039
NIFTY HEALTHCARE,2020-12-15,7358.9,-0.1841985329224305
NIFTY HEALTHCARE,2020-12-16,7418.07,0.8040603894603926
NIFTY HEALTHCARE,2020-12-17,7431.64,0.18293167899468
NIFTY HEALTHCARE,2020-12-18,7513.82,1.105812445166876
NIFTY HEALTHCARE,2020-12-21,7260.58,-3.370322951574567
NIFTY HEALTHCARE,2020-12-22,7385.79,1.7245178759823565
NIFTY HEALTHCARE,2020-12-23,7486.88,1.3687093729986888
NIFTY HEALTHCARE,2020-12-24,7561.0,0.9899985040497494
NIFTY HEALTHCARE,2020-12-28,7555.89,-0.06758365295594926
NIFTY HEALTHCARE,2020-12-29,7538.49,-0.23028392419689458
NIFTY HEALTHCARE,2020-12-30,7534.93,-0.04722431150003814
NIFTY HEALTHCARE,2020-12-31,7580.96,0.6108882232482626
NIFTY HEALTHCARE,2021-01-01,7631.19,0.6625809923809012
NIFTY HEALTHCARE,2021-01-04,7694.92,0.8351253212146581
NIFTY HEALTHCARE,2021-01-05,7717.07,0.28785224537746235
NIFTY HEALTHCARE,2021-01-06,7691.19,-0.33536044120372477
NIFTY HEALTHCARE,2021-01-07,7660.01,-0.4053989044608075
NIFTY HEALTHCARE,2021-01-08,7782.72,1.6019561332165422
NIFTY HEALTHCARE,2021-01-11,7835.53,0.6785545413428684
NIFTY HEALTHCARE,2021-01-12,7755.94,-1.015757708795706
NIFTY HEALTHCARE,2021-01-13,7680.83,-0.9684190439843476
NIFTY HEALTHCARE,2021-01-14,7742.29,0.8001739395351759
NIFTY HEALTHCARE,2021-01-15,7638.54,-1.340042803873276
NIFTY HEALTHCARE,2021-01-18,7462.09,-2.3099964129270734
NIFTY HEALTHCARE,2021-01-19,7574.29,1.5036001977998037
NIFTY HEALTHCARE,2021-01-20,7583.14,0.11684263475519874
NIFTY HEALTHCARE,2021-01-21,7468.36,-1.5136210066014955
NIFTY HEALTHCARE,2021-01-22,7400.12,-0.9137213524789911
NIFTY HEALTHCARE,2021-01-25,7501.19,1.3657886628865468
NIFTY HEALTHCARE,2021-01-27,7350.7,-2.0062150138844603
NIFTY HEALTHCARE,2021-01-28,7295.73,-0.7478199355163473
NIFTY HEALTHCARE,2021-01-29,7167.96,-1.751298362192677
NIFTY HEALTHCARE,2021-02-01,7164.47,-0.048688887772807554
NIFTY HEALTHCARE,2021-02-02,7293.66,1.8032038657430194
NIFTY HEALTHCARE,2021-02-03,7479.46,2.547417894445325
NIFTY HEALTHCARE,2021-02-04,7498.89,0.2597781123236276
NIFTY HEALTHCARE,2021-02-05,7580.26,1.0850939272345705
NIFTY HEALTHCARE,2021-02-08,7593.54,0.175191879961889
NIFTY HEALTHCARE,2021-02-09,7541.08,-0.6908503807183441
NIFTY HEALTHCARE,2021-02-10,7571.28,0.40047314177809046
NIFTY HEALTHCARE,2021-02-11,7575.5,0.055736942762663055
NIFTY HEALTHCARE,2021-02-12,7489.8,-1.1312784634677553
NIFTY HEALTHCARE,2021-02-15,7527.75,0.5066890971721527
NIFTY HEALTHCARE,2021-02-16,7575.09,0.6288731692736915
NIFTY HEALTHCARE,2021-02-17,7484.93,-1.190216881911632
NIFTY HEALTHCARE,2021-02-18,7421.87,-0.8424928489645267
NIFTY HEALTHCARE,2021-02-19,7307.99,-1.5343841915851364
NIFTY HEALTHCARE,2021-02-22,7155.68,-2.0841572032802347
NIFTY HEALTHCARE,2021-02-23,7162.0,0.08832144534132169
NIFTY HEALTHCARE,2021-02-24,7183.61,0.3017313599553262
NIFTY HEALTHCARE,2021-02-25,7239.13,0.7728704648498619
NIFTY HEALTHCARE,2021-02-26,7135.57,-1.4305586444779972
NIFTY HEALTHCARE,2021-03-01,7238.57,1.4434726307779089
NIFTY HEALTHCARE,2021-03-02,7319.99,1.124807800435712
NIFTY HEALTHCARE,2021-03-03,7379.32,0.8105202329511396
NIFTY HEALTHCARE,2021-03-04,7371.88,-0.10082229798951126
NIFTY HEALTHCARE,2021-03-05,7266.17,-1.4339625712843973
NIFTY HEALTHCARE,2021-03-08,7295.58,0.40475243491413515
NIFTY HEALTHCARE,2021-03-09,7251.83,-0.5996781612976676
NIFTY HEALTHCARE,2021-03-10,7329.69,1.0736600278826058
NIFTY HEALTHCARE,2021-03-12,7281.77,-0.6537793549249549
NIFTY HEALTHCARE,2021-03-15,7214.61,-0.9223032312198898
NIFTY HEALTHCARE,2021-03-16,7235.99,0.2963431148738538
NIFTY HEALTHCARE,2021-03-17,7096.12,-1.9329766901280965
NIFTY HEALTHCARE,2021-03-18,6956.38,-1.9692451649633846
NIFTY HEALTHCARE,2021-03-19,7026.11,1.0023891736794077
NIFTY HEALTHCARE,2021-03-22,7112.85,1.2345380302898779
NIFTY HEALTHCARE,2021-03-23,7159.38,0.6541681604420146
NIFTY HEALTHCARE,2021-03-24,7146.66,-0.1776690160321226
NIFTY HEALTHCARE,2021-03-25,7074.38,-1.0113815404678483
NIFTY HEALTHCARE,2021-03-26,7118.01,0.6167324910451466
NIFTY HEALTHCARE,2021-03-30,7294.99,2.4863690834938446
NIFTY HEALTHCARE,2021-03-31,7328.48,0.45908219202492884
NIFTY HEALTHCARE,2021-04-01,7386.47,0.7912964216317819
NIFTY HEALTHCARE,2021-04-05,7400.64,0.19183723754379045
NIFTY HEALTHCARE,2021-04-06,7542.36,1.9149695161499558
NIFTY HEALTHCARE,2021-04-07,7616.85,0.9876219114441698
NIFTY HEALTHCARE,2021-04-08,7637.21,0.2673020999494513
NIFTY HEALTHCARE,2021-04-09,7825.97,2.4715832090514755
NIFTY HEALTHCARE,2021-04-12,7789.63,-0.46435138391790476
NIFTY HEALTHCARE,2021-04-13,7717.1,-0.9311096932716922
NIFTY HEALTHCARE,2021-04-15,7800.45,1.0800689378134276
NIFTY HEALTHCARE,2021-04-16,7942.87,1.825792101737722
NIFTY HEALTHCARE,2021-04-19,7964.79,0.2759707763063002
NIFTY HEALTHCARE,2021-04-20,8061.98,1.2202456059732913
NIFTY HEALTHCARE,2021-04-22,8026.1,-0.44505195994035684
NIFTY HEALTHCARE,2021-04-23,7994.68,-0.3914728199249984
NIFTY HEALTHCARE,2021-04-26,7936.11,-0.7326121871044311
NIFTY HEALTHCARE,2021-04-27,7991.2,0.6941688056239181
NIFTY HEALTHCARE,2021-04-28,7972.67,-0.2318800680748745
NIFTY HEALTHCARE,2021-04-29,7995.46,0.2858515403246331
NIFTY HEALTHCARE,2021-04-30,8069.03,0.9201471835266428
NIFTY HEALTHCARE,2021-05-03,8122.88,0.6673664616440922
NIFTY HEALTHCARE,2021-05-04,7990.74,-1.626762921525371
NIFTY HEALTHCARE,2021-05-05,8273.37,3.5369690416657384
NIFTY HEALTHCARE,2021-05-06,8250.83,-0.2724403719403412
NIFTY HEALTHCARE,2021-05-07,8266.57,0.1907686863018565
NIFTY HEALTHCARE,2021-05-10,8459.94,2.339180579127742
NIFTY HEALTHCARE,2021-05-11,8427.3,-0.38581833913716723
NIFTY HEALTHCARE,2021-05-12,8397.39,-0.3549179452493667
NIFTY HEALTHCARE,2021-05-14,8280.72,-1.3893602655110748
NIFTY HEALTHCARE,2021-05-17,8278.96,-0.021254190456876376
NIFTY HEALTHCARE,2021-05-18,8275.87,-0.03732352855911891
NIFTY HEALTHCARE,2021-05-19,8367.68,1.1093697701872962
NIFTY HEALTHCARE,2021-05-20,8354.5,-0.15751080347241597
NIFTY HEALTHCARE,2021-05-21,8389.73,0.4216889101681609
NIFTY HEALTHCARE,2021-05-24,8441.19,0.6133689641979023
NIFTY HEALTHCARE,2021-05-25,8443.79,0.03080134436022064
NIFTY HEALTHCARE,2021-05-26,8475.65,0.3773187158846669
NIFTY HEALTHCARE,2021-05-27,8452.12,-0.2776188256947698
NIFTY HEALTHCARE,2021-05-28,8354.15,-1.1591174758522227
NIFTY HEALTHCARE,2021-05-31,8415.23,0.7311336281967673
NIFTY HEALTHCARE,2021-06-01,8433.75,0.22007716960796841
NIFTY HEALTHCARE,2021-06-02,8492.19,0.692930191196095
NIFTY HEALTHCARE,2021-06-03,8502.26,0.1185795419085034
NIFTY HEALTHCARE,2021-06-04,8487.59,-0.17254235932563367
NIFTY HEALTHCARE,2021-06-07,8490.34,0.032400245534947025
NIFTY HEALTHCARE,2021-06-08,8578.71,1.0408299314279335
NIFTY HEALTHCARE,2021-06-09,8545.65,-0.38537262595425004
NIFTY HEALTHCARE,2021-06-10,8665.72,1.4050423314785787
NIFTY HEALTHCARE,2021-06-11,8736.64,0.8183970864509726
NIFTY HEALTHCARE,2021-06-14,8746.87,0.11709307010476788
NIFTY HEALTHCARE,2021-06-15,8675.54,-0.8154917130356321
NIFTY HEALTHCARE,2021-06-16,8629.15,-0.534721757953982
NIFTY HEALTHCARE,2021-06-17,8539.76,-1.035907360516386
NIFTY HEALTHCARE,2021-06-18,8498.02,-0.48877251819723355
NIFTY HEALTHCARE,2021-06-21,8538.45,0.4757578824243769
NIFTY HEALTHCARE,2021-06-22,8548.66,0.11957673816676007
NIFTY HEALTHCARE,2021-06-23,8516.17,-0.3800595648908667
NIFTY HEALTHCARE,2021-06-24,8495.59,-0.24165792838799494
NIFTY HEALTHCARE,2021-06-25,8607.62,1.3186841643723524
NIFTY HEALTHCARE,2021-06-28,8708.25,1.1690804194423032
NIFTY HEALTHCARE,2021-06-29,8772.75,0.7406769442769745
NIFTY HEALTHCARE,2021-06-30,8791.88,0.21806161123933965
NIFTY HEALTHCARE,2021-07-01,8850.4,0.6656141803573323
NIFTY HEALTHCARE,2021-07-02,8915.53,0.7358989424206985
NIFTY HEALTHCARE,2021-07-05,8921.53,0.06729829858684866
NIFTY HEALTHCARE,2021-07-06,8871.51,-0.5606661637633903
NIFTY HEALTHCARE,2021-07-07,8891.51,0.22544076487542863
NIFTY HEALTHCARE,2021-07-08,8794.28,-1.0935150497497048
NIFTY HEALTHCARE,2021-07-09,8844.29,0.5686650868519161
NIFTY HEALTHCARE,2021-07-12,8856.0,0.1324018095290702
NIFTY HEALTHCARE,2021-07-13,8884.19,0.3183152664860023
NIFTY HEALTHCARE,2021-07-14,8909.9,0.28939047904197324
NIFTY HEALTHCARE,2021-07-15,8892.89,-0.19091123357164452
NIFTY HEALTHCARE,2021-07-16,8974.75,0.92051065514136
NIFTY HEALTHCARE,2021-07-19,9004.93,0.33627677651189014
NIFTY HEALTHCARE,2021-07-20,8908.01,-1.0762993160413292
NIFTY HEALTHCARE,2021-07-22,8975.45,0.7570714446885507
NIFTY HEALTHCARE,2021-07-23,8978.93,0.038772429237532435
NIFTY HEALTHCARE,2021-07-26,9038.47,0.6631079649802363
NIFTY HEALTHCARE,2021-07-27,8754.07,-3.146550245782742
NIFTY HEALTHCARE,2021-07-28,8699.28,-0.6258803048182049
NIFTY HEALTHCARE,2021-07-29,8675.98,-0.2678382578788274
NIFTY HEALTHCARE,2021-07-30,8923.04,2.8476321983222697
NIFTY HEALTHCARE,2021-08-02,8973.61,0.5667351037314639
NIFTY HEALTHCARE,2021-08-03,9059.96,0.9622660222585733
NIFTY HEALTHCARE,2021-08-04,9008.26,-0.5706426959942279
NIFTY HEALTHCARE,2021-08-05,9028.75,0.22745791085070355
NIFTY HEALTHCARE,2021-08-06,9007.81,-0.23192579260695734
NIFTY HEALTHCARE,2021-08-09,9020.8,0.14420819266836027
NIFTY HEALTHCARE,2021-08-10,9036.75,0.17681358637815503
NIFTY HEALTHCARE,2021-08-11,8928.75,-1.1951199269648938
NIFTY HEALTHCARE,2021-08-12,8893.65,-0.3931121377572455
NIFTY HEALTHCARE,2021-08-13,8826.45,-0.7555952842758451
NIFTY HEALTHCARE,2021-08-16,8849.7,0.2634128103597755
NIFTY HEALTHCARE,2021-08-17,9001.9,1.719832310699787
NIFTY HEALTHCARE,2021-08-18,8999.6,-0.025550161632537094
NIFTY HEALTHCARE,2021-08-20,8820.6,-1.9889772878794565
NIFTY HEALTHCARE,2021-08-23,8783.9,-0.4160714690610745
NIFTY HEALTHCARE,2021-08-24,8896.4,1.280752285431297
NIFTY HEALTHCARE,2021-08-25,8866.7,-0.3338429027471612
NIFTY HEALTHCARE,2021-08-26,8812.15,-0.6152232510404199
NIFTY HEALTHCARE,2021-08-27,8914.5,1.1614645688055703
NIFTY HEALTHCARE,2021-08-30,9036.35,1.3668741937293172
NIFTY HEALTHCARE,2021-08-31,9163.25,1.404328074941752
NIFTY HEALTHCARE,2021-09-01,9166.8,0.038741712820233865
NIFTY HEALTHCARE,2021-09-02,9219.3,0.5727189422699341
NIFTY HEALTHCARE,2021-09-03,9229.6,0.11172214810235559
NIFTY HEALTHCARE,2021-09-06,9220.0,-0.10401317500217111
NIFTY HEALTHCARE,2021-09-07,9151.1,-0.7472885032537957
NIFTY HEALTHCARE,2021-09-08,9125.15,-0.28357246669800107
NIFTY HEALTHCARE,2021-09-09,9106.3,-0.20657194676252377
NIFTY HEALTHCARE,2021-09-13,9134.55,0.31022478943150134
NIFTY HEALTHCARE,2021-09-14,9162.05,0.30105478649742334
NIFTY HEALTHCARE,2021-09-15,9208.2,0.503708231236466
NIFTY HEALTHCARE,2021-09-16,9200.05,-0.0885080688951323
NIFTY HEALTHCARE,2021-09-17,9106.0,-1.022277052842091
NIFTY HEALTHCARE,2021-09-20,8944.7,-1.7713595431583462
NIFTY HEALTHCARE,2021-09-21,9031.0,0.9648171542924855
NIFTY HEALTHCARE,2021-09-22,9066.1,0.38866127782084536
NIFTY HEALTHCARE,2021-09-23,9135.0,0.7599739689612806
NIFTY HEALTHCARE,2021-09-24,8998.75,-1.4915161466885651
NIFTY HEALTHCARE,2021-09-27,8885.5,-1.2585081261286324
NIFTY HEALTHCARE,2021-09-28,8842.2,-0.487310787237627
NIFTY HEALTHCARE,2021-09-29,8945.3,1.165999411911045
NIFTY HEALTHCARE,2021-09-30,8978.4,0.3700267179412631
NIFTY HEALTHCARE,2021-10-01,9034.1,0.620377795598337
NIFTY HEALTHCARE,2021-10-04,9163.3,1.4301369256483731
NIFTY HEALTHCARE,2021-10-05,9098.3,-0.7093514345268614
NIFTY HEALTHCARE,2021-10-06,8932.3,-1.824516667948961
NIFTY HEALTHCARE,2021-10-07,9001.2,0.7713578809489308
NIFTY HEALTHCARE,2021-10-08,8968.3,-0.36550682131273327
NIFTY HEALTHCARE,2021-10-11,9031.7,0.7069344245843823
NIFTY HEALTHCARE,2021-10-12,9037.35,0.0625574365844761
NIFTY HEALTHCARE,2021-10-13,9074.8,0.41439138685563925
NIFTY HEALTHCARE,2021-10-14,9087.6,0.1410499404945753
NIFTY HEALTHCARE,2021-10-18,9013.3,-0.8175976055284195
NIFTY HEALTHCARE,2021-10-19,8900.4,-1.2525933897684527
NIFTY HEALTHCARE,2021-10-20,8767.95,-1.488135364702703
NIFTY HEALTHCARE,2021-10-21,8748.95,-0.2166983160259761
NIFTY HEALTHCARE,2021-10-22,8594.3,-1.7676406883111895
NIFTY HEALTHCARE,2021-10-25,8618.45,0.28100019780554764
NIFTY HEALTHCARE,2021-10-26,8676.75,0.6764557432020757
NIFTY HEALTHCARE,2021-10-27,8746.55,0.8044486702970532
NIFTY HEALTHCARE,2021-10-28,8572.4,-1.9910707650445003
NIFTY HEALTHCARE,2021-10-29,8612.75,0.47069665437917685
NIFTY HEALTHCARE,2021-11-01,8735.9,1.42985689820323
NIFTY HEALTHCARE,2021-11-02,8685.6,-0.5757849792236591
NIFTY HEALTHCARE,2021-11-03,8652.95,-0.37590955144146676
NIFTY HEALTHCARE,2021-11-04,8690.9,0.43857875059949425
NIFTY HEALTHCARE,2021-11-08,8634.95,-0.6437768240343256
NIFTY HEALTHCARE,2021-11-09,8678.05,0.49913433198800483
NIFTY HEALTHCARE,2021-11-10,8703.85,0.29730181319538307
NIFTY HEALTHCARE,2021-11-11,8595.85,-1.2408302073220523
NIFTY HEALTHCARE,2021-11-12,8662.95,0.7806092474857085
NIFTY HEALTHCARE,2021-11-15,8847.25,2.1274508106361
NIFTY HEALTHCARE,2021-11-16,8749.5,-1.1048630930515113
NIFTY HEALTHCARE,2021-11-17,8771.8,0.25487170695468464
NIFTY HEALTHCARE,2021-11-18,8663.6,-1.233498255774168
NIFTY HEALTHCARE,2021-11-22,8472.4,-2.2069347615310098
NIFTY HEALTHCARE,2021-11-23,8617.85,1.7167508616212634
NIFTY HEALTHCARE,2021-11-24,8566.15,-0.599917612861689
NIFTY HEALTHCARE,2021-11-25,8703.4,1.6022367107743962
NIFTY HEALTHCARE,2021-11-26,8855.8,1.751039823517253
NIFTY HEALTHCARE,2021-11-29,8788.85,-0.756001716389243
NIFTY HEALTHCARE,2021-11-30,8792.05,0.036409769196188435
NIFTY HEALTHCARE,2021-12-01,8628.55,-1.8596345562184036
NIFTY HEALTHCARE,2021-12-02,8704.6,0.8813763610340253
NIFTY HEALTHCARE,2021-12-03,8602.3,-1.1752406773430257
NIFTY HEALTHCARE,2021-12-06,8440.0,-1.8867047185055053
NIFTY HEALTHCARE,2021-12-07,8459.6,0.2322274881516595
NIFTY HEALTHCARE,2021-12-08,8581.85,1.4451037874131156
NIFTY HEALTHCARE,2021-12-09,8563.9,-0.20916236009719258
NIFTY HEALTHCARE,2021-12-10,8562.25,-0.019266922780503126
NIFTY HEALTHCARE,2021-12-13,8547.35,-0.1740196794066895
NIFTY HEALTHCARE,2021-12-14,8628.55,0.9500020474181969
NIFTY HEALTHCARE,2021-12-15,8598.85,-0.34420615282984013
NIFTY HEALTHCARE,2021-12-16,8532.0,-0.7774295399966324
NIFTY HEALTHCARE,2021-12-17,8354.5,-2.0804031879981255
NIFTY HEALTHCARE,2021-12-20,8310.3,-0.5290561972589702
NIFTY HEALTHCARE,2021-12-21,8399.75,1.0763751007785594
NIFTY HEALTHCARE,2021-12-22,8531.75,1.571475341528017
NIFTY HEALTHCARE,2021-12-23,8593.05,0.718492689073158
NIFTY HEALTHCARE,2021-12-24,8499.35,-1.0904160920743977
NIFTY HEALTHCARE,2021-12-27,8620.45,1.424814838781785
NIFTY HEALTHCARE,2021-12-28,8701.2,0.9367260409839373
NIFTY HEALTHCARE,2021-12-29,8865.05,1.883073599043783
NIFTY HEALTHCARE,2021-12-30,8905.75,0.459106265616116
NIFTY HEALTHCARE,2021-12-31,8968.7,0.7068467001656309
NIFTY HEALTHCARE,2022-01-03,8928.85,-0.4443230345535065
NIFTY HEALTHCARE,2022-01-04,8853.6,-0.8427737054603868
NIFTY HEALTHCARE,2022-01-05,8826.05,-0.3111728562392835
NIFTY HEALTHCARE,2022-01-06,8765.2,-0.6894363843395257
NIFTY HEALTHCARE,2022-01-07,8747.4,-0.2030757997535826
NIFTY HEALTHCARE,2022-01-10,8755.45,0.09202734526831957
NIFTY HEALTHCARE,2022-01-11,8757.75,0.026269352232022314
NIFTY HEALTHCARE,2022-01-12,8742.75,-0.171276869058834
NIFTY HEALTHCARE,2022-01-13,8864.15,1.3885791084041088
NIFTY HEALTHCARE,2022-01-14,8807.6,-0.6379630308602557
NIFTY HEALTHCARE,2022-01-17,8729.35,-0.8884372587311007
NIFTY HEALTHCARE,2022-01-18,8571.6,-1.8071219506607061
NIFTY HEALTHCARE,2022-01-19,8537.2,-0.4013253068271938
NIFTY HEALTHCARE,2022-01-20,8424.5,-1.320104952443435
NIFTY HEALTHCARE,2022-01-21,8302.95,-1.4428155973648216
NIFTY HEALTHCARE,2022-01-24,8145.2,-1.8999271343317803
NIFTY HEALTHCARE,2022-01-25,8189.15,0.5395815940676618
NIFTY HEALTHCARE,2022-01-27,8005.25,-2.2456543108869575
NIFTY HEALTHCARE,2022-01-28,8125.15,1.4977670903469464
NIFTY HEALTHCARE,2022-01-31,8233.55,1.3341292160760077
NIFTY HEALTHCARE,2022-02-01,8413.35,2.18374820095828
NIFTY HEALTHCARE,2022-02-02,8556.8,1.7050283180896963
NIFTY HEALTHCARE,2022-02-03,8520.4,-0.4253926701570654
NIFTY HEALTHCARE,2022-02-04,8515.05,-0.06279047932022941
NIFTY HEALTHCARE,2022-02-07,8358.25,-1.8414454407196579
NIFTY HEALTHCARE,2022-02-08,8378.3,0.23988275057575947
NIFTY HEALTHCARE,2022-02-09,8464.8,1.0324290130456104
NIFTY HEALTHCARE,2022-02-10,8498.4,0.3969379075701829
NIFTY HEALTHCARE,2022-02-11,8409.65,-1.0443142238539038
NIFTY HEALTHCARE,2022-02-14,8235.4,-2.0720244005398514
NIFTY HEALTHCARE,2022-02-15,8335.3,1.213055832139287
NIFTY HEALTHCARE,2022-02-16,8359.4,0.289131764903483
NIFTY HEALTHCARE,2022-02-17,8302.3,-0.6830633777543893
NIFTY HEALTHCARE,2022-02-18,8238.55,-0.7678595088108087
NIFTY HEALTHCARE,2022-02-21,8119.7,-1.4426082259620832
NIFTY HEALTHCARE,2022-02-22,8104.95,-0.18165695776937163
NIFTY HEALTHCARE,2022-02-23,8115.85,0.13448571551952782
NIFTY HEALTHCARE,2022-02-24,7801.4,-3.8745171485426777
NIFTY HEALTHCARE,2022-02-25,8066.9,3.403235316738029
NIFTY HEALTHCARE,2022-02-28,8103.15,0.44936716706540647
NIFTY HEALTHCARE,2022-03-02,7978.75,-1.5352054447961505
NIFTY HEALTHCARE,2022-03-03,7952.55,-0.3283722387592003
NIFTY HEALTHCARE,2022-03-04,7890.35,-0.7821390623133473
NIFTY HEALTHCARE,2022-03-07,7850.05,-0.5107504736798774
NIFTY HEALTHCARE,2022-03-08,8041.15,2.4343793988573337
NIFTY HEALTHCARE,2022-03-09,8165.55,1.5470424006516659
NIFTY HEALTHCARE,2022-03-10,8183.45,0.2192136475803741
NIFTY HEALTHCARE,2022-03-11,8396.05,2.5979263024763277
NIFTY HEALTHCARE,2022-03-14,8382.35,-0.16317196777054788
NIFTY HEALTHCARE,2022-03-15,8347.45,-0.41635102328105855
NIFTY HEALTHCARE,2022-03-16,8406.65,0.7091986175418619
NIFTY HEALTHCARE,2022-03-17,8496.5,1.0687967264011222
NIFTY HEALTHCARE,2022-03-21,8485.3,-0.13181898428765715
NIFTY HEALTHCARE,2022-03-22,8461.15,-0.28460985468986566
NIFTY HEALTHCARE,2022-03-23,8477.05,0.18791771804069768
NIFTY HEALTHCARE,2022-03-24,8579.0,1.2026589438542956
NIFTY HEALTHCARE,2022-03-25,8526.05,-0.6172048024245314
NIFTY HEALTHCARE,2022-03-28,8482.25,-0.5137197178060049
NIFTY HEALTHCARE,2022-03-29,8595.6,1.3363199622741684
NIFTY HEALTHCARE,2022-03-30,8582.4,-0.15356694122574677
NIFTY HEALTHCARE,2022-03-31,8471.6,-1.291014168530935
NIFTY HEALTHCARE,2022-04-01,8457.7,-0.1640776240615649
NIFTY HEALTHCARE,2022-04-04,8597.8,1.656478711706466
NIFTY HEALTHCARE,2022-04-05,8612.25,0.16806624950569393
NIFTY HEALTHCARE,2022-04-06,8570.5,-0.4847745943278414
NIFTY HEALTHCARE,2022-04-07,8622.0,0.6008984306633325
NIFTY HEALTHCARE,2022-04-08,8656.3,0.3978195314312094
NIFTY HEALTHCARE,2022-04-11,8666.65,0.11956609636911697
NIFTY HEALTHCARE,2022-04-12,8602.25,-0.743078352073745
NIFTY HEALTHCARE,2022-04-13,8644.7,0.49347554418903705
NIFTY HEALTHCARE,2022-04-18,8582.7,-0.7172024477425487
NIFTY HEALTHCARE,2022-04-19,8518.25,-0.7509291947755403
NIFTY HEALTHCARE,2022-04-20,8589.8,0.839961259648403
NIFTY HEALTHCARE,2022-04-21,8689.9,1.1653356306316809
NIFTY HEALTHCARE,2022-04-22,8534.05,-1.7934613746993677
NIFTY HEALTHCARE,2022-04-25,8360.65,-2.031860605456959
NIFTY HEALTHCARE,2022-04-26,8441.75,0.9700202735433372
NIFTY HEALTHCARE,2022-04-27,8376.25,-0.7759054698374124
NIFTY HEALTHCARE,2022-04-28,8435.95,0.7127294433666664
NIFTY HEALTHCARE,2022-04-29,8411.8,-0.2862748119654701
NIFTY HEALTHCARE,2022-05-02,8370.45,-0.49157136403621404
NIFTY HEALTHCARE,2022-05-04,8116.05,-3.039263122054381
NIFTY HEALTHCARE,2022-05-05,8047.65,-0.8427745023749322
NIFTY HEALTHCARE,2022-05-06,7922.05,-1.5607040564636798
NIFTY HEALTHCARE,2022-05-09,7890.75,-0.39509975322044033
NIFTY HEALTHCARE,2022-05-10,7779.3,-1.4124132687006963
NIFTY HEALTHCARE,2022-05-11,7757.95,-0.27444628694098805
NIFTY HEALTHCARE,2022-05-12,7667.45,-1.1665452858035996
NIFTY HEALTHCARE,2022-05-13,7758.3,1.1848789362826073
NIFTY HEALTHCARE,2022-05-16,7750.1,-0.10569325754352654
NIFTY HEALTHCARE,2022-05-17,7851.3,1.3057896027147908
NIFTY HEALTHCARE,2022-05-18,7898.75,0.6043585138766794
NIFTY HEALTHCARE,2022-05-19,7715.65,-2.3180883051115764
NIFTY HEALTHCARE,2022-05-20,7994.35,3.6121389643128055
NIFTY HEALTHCARE,2022-05-23,7909.25,-1.0645018043993648
NIFTY HEALTHCARE,2022-05-24,7787.4,-1.5406011948035592
NIFTY HEALTHCARE,2022-05-25,7681.15,-1.364383491280785
NIFTY HEALTHCARE,2022-05-26,7714.75,0.43743449874042994
NIFTY HEALTHCARE,2022-05-27,7823.2,1.4057487280858094
NIFTY HEALTHCARE,2022-05-30,7830.7,0.09586869823090538
NIFTY HEALTHCARE,2022-05-31,7807.45,-0.29690832237220244
NIFTY HEALTHCARE,2022-06-01,7689.9,-1.5056132283908341
NIFTY HEALTHCARE,2022-06-02,7685.05,-0.0630697408288694
NIFTY HEALTHCARE,2022-06-03,7629.55,-0.7221813781302711
NIFTY HEALTHCARE,2022-06-06,7633.15,0.04718495848379245
NIFTY HEALTHCARE,2022-06-07,7552.5,-1.0565755946103428
NIFTY HEALTHCARE,2022-06-08,7575.95,0.3104932141674954
NIFTY HEALTHCARE,2022-06-09,7673.25,1.2843273780845932
NIFTY HEALTHCARE,2022-06-10,7651.25,-0.2867103248297642
NIFTY HEALTHCARE,2022-06-13,7517.2,-1.752001306975992
NIFTY HEALTHCARE,2022-06-14,7542.15,0.3319054967275026
NIFTY HEALTHCARE,2022-06-15,7570.6,0.37721339405873966
NIFTY HEALTHCARE,2022-06-16,7448.35,-1.614799355401153
NIFTY HEALTHCARE,2022-06-17,7307.4,-1.8923654232145481
NIFTY HEALTHCARE,2022-06-20,7358.6,0.7006596053315883
NIFTY HEALTHCARE,2022-06-21,7498.9,1.9066126708884745
NIFTY HEALTHCARE,2022-06-22,7410.1,-1.1841736788062107
NIFTY HEALTHCARE,2022-06-23,7526.9,1.5762270414704238
NIFTY HEALTHCARE,2022-06-24,7551.6,0.3281563459060166
NIFTY HEALTHCARE,2022-06-27,7571.1,0.2582234228507785
NIFTY HEALTHCARE,2022-06-28,7577.75,0.08783400034340083
NIFTY HEALTHCARE,2022-06-29,7553.25,-0.32331496816336847
NIFTY HEALTHCARE,2022-06-30,7511.0,-0.5593618640982401
NIFTY HEALTHCARE,2022-07-01,7589.65,1.0471308747170838
NIFTY HEALTHCARE,2022-07-04,7573.5,-0.21278978609026167
NIFTY HEALTHCARE,2022-07-05,7599.45,0.34264210734797906
NIFTY HEALTHCARE,2022-07-06,7661.1,0.8112429188954495
NIFTY HEALTHCARE,2022-07-07,7702.95,0.5462662019814379
NIFTY HEALTHCARE,2022-07-08,7745.65,0.5543330801835555
NIFTY HEALTHCARE,2022-07-11,7812.75,0.8662926933181936
NIFTY HEALTHCARE,2022-07-12,7743.15,-0.8908514927522315
NIFTY HEALTHCARE,2022-07-13,7836.25,1.202353047532334
NIFTY HEALTHCARE,2022-07-14,7897.0,0.7752432604881232
NIFTY HEALTHCARE,2022-07-15,7912.65,0.19817652273015351
NIFTY HEALTHCARE,2022-07-18,7911.95,-0.008846593745459597
NIFTY HEALTHCARE,2022-07-19,7906.5,-0.06888314511592775
NIFTY HEALTHCARE,2022-07-20,7936.45,0.3788022513122158
NIFTY HEALTHCARE,2022-07-21,7922.35,-0.17766129692745602
NIFTY HEALTHCARE,2022-07-22,7899.05,-0.2941046532910052
NIFTY HEALTHCARE,2022-07-25,7839.6,-0.7526221507649589
NIFTY HEALTHCARE,2022-07-26,7738.95,-1.2838665238022462
NIFTY HEALTHCARE,2022-07-27,7913.75,2.258704346196838
NIFTY HEALTHCARE,2022-07-28,7934.05,0.2565155583636125
NIFTY HEALTHCARE,2022-07-29,8017.55,1.0524259363124733
NIFTY HEALTHCARE,2022-08-01,8022.95,0.06735224601031042
NIFTY HEALTHCARE,2022-08-02,8028.35,0.0673069132925086
NIFTY HEALTHCARE,2022-08-03,7967.8,-0.7542022956149141
NIFTY HEALTHCARE,2022-08-04,8156.2,2.364517181656156
NIFTY HEALTHCARE,2022-08-05,8135.65,-0.25195556754371573
NIFTY HEALTHCARE,2022-08-08,8141.7,0.07436406433414255
NIFTY HEALTHCARE,2022-08-10,8179.25,0.4612058906616534
NIFTY HEALTHCARE,2022-08-11,8202.8,0.28792370938655054
NIFTY HEALTHCARE,2022-08-12,8093.1,-1.3373482225581323
NIFTY HEALTHCARE,2022-08-16,8142.8,0.6141033720082456
NIFTY HEALTHCARE,2022-08-17,8157.1,0.17561526747555956
NIFTY HEALTHCARE,2022-08-18,8125.45,-0.3880055411849881
NIFTY HEALTHCARE,2022-08-19,8016.45,-1.3414641650616232
NIFTY HEALTHCARE,2022-08-22,7882.9,-1.6659493915636037
NIFTY HEALTHCARE,2022-08-23,7952.35,0.881020944068811
NIFTY HEALTHCARE,2022-08-24,7954.05,0.021377328714144994
NIFTY HEALTHCARE,2022-08-25,7920.35,-0.4236835322885768
NIFTY HEALTHCARE,2022-08-26,7925.65,0.06691623476233755
NIFTY HEALTHCARE,2022-08-29,7916.6,-0.1141862181650577
NIFTY HEALTHCARE,2022-08-30,8014.1,1.2315893186468863
NIFTY HEALTHCARE,2022-09-01,7905.35,-1.3569833169039591
NIFTY HEALTHCARE,2022-09-02,7874.4,-0.39150701739961713
NIFTY HEALTHCARE,2022-09-05,7902.5,0.3568525855938365
NIFTY HEALTHCARE,2022-09-06,7944.9,0.5365390699145767
NIFTY HEALTHCARE,2022-09-07,8003.55,0.7382094173620901
NIFTY HEALTHCARE,2022-09-08,8017.6,0.17554710097393844
NIFTY HEALTHCARE,2022-09-09,8028.5,0.1359509080023802
NIFTY HEALTHCARE,2022-09-12,8048.0,0.24288472317368637
NIFTY HEALTHCARE,2022-09-13,8051.75,0.04659542743539191
NIFTY HEALTHCARE,2022-09-14,8005.5,-0.5744092899059194
NIFTY HEALTHCARE,2022-09-15,7898.05,-1.342202235962775
NIFTY HEALTHCARE,2022-09-16,7790.9,-1.3566639866802621
NIFTY HEALTHCARE,2022-09-19,7806.6,0.20151715462912723
NIFTY HEALTHCARE,2022-09-20,8075.1,3.439397432941349
NIFTY HEALTHCARE,2022-09-21,7990.75,-1.0445691075033126
NIFTY HEALTHCARE,2022-09-22,8020.65,0.3741826486875377
NIFTY HEALTHCARE,2022-09-23,7993.3,-0.34099480715402697
NIFTY HEALTHCARE,2022-09-26,7909.5,-1.0483780165888912
NIFTY HEALTHCARE,2022-09-27,7976.7,0.8496112270054867
NIFTY HEALTHCARE,2022-09-28,8045.5,0.8625120663933838
NIFTY HEALTHCARE,2022-09-29,8157.5,1.3920825306071638
NIFTY HEALTHCARE,2022-09-30,8212.3,0.6717744406987247
NIFTY HEALTHCARE,2022-10-03,8280.35,0.8286350961362876
NIFTY HEALTHCARE,2022-10-04,8353.05,0.8779822108968771
NIFTY HEALTHCARE,2022-10-06,8329.5,-0.2819329466482223
NIFTY HEALTHCARE,2022-10-07,8296.05,-0.4015847289753349
NIFTY HEALTHCARE,2022-10-10,8223.2,-0.878128748018614
NIFTY HEALTHCARE,2022-10-11,8093.25,-1.5802850471835828
NIFTY HEALTHCARE,2022-10-12,8106.55,0.16433447626107434
NIFTY HEALTHCARE,2022-10-13,8123.35,0.20723982458630275
NIFTY HEALTHCARE,2022-10-14,8178.2,0.6752140434672871
NIFTY HEALTHCARE,2022-10-17,8195.0,0.20542417646916
NIFTY HEALTHCARE,2022-10-18,8229.4,0.41976815131177236
NIFTY HEALTHCARE,2022-10-19,8250.5,0.2563977932777739
NIFTY HEALTHCARE,2022-10-20,8280.8,0.36725046966850083
NIFTY HEALTHCARE,2022-10-21,8234.9,-0.5542942710849097
NIFTY HEALTHCARE,2022-10-24,8280.4,0.5525264423368759
NIFTY HEALTHCARE,2022-10-25,8319.6,0.47340708178349455
NIFTY HEALTHCARE,2022-10-27,8389.7,0.842588585989712
NIFTY HEALTHCARE,2022-10-28,8310.9,-0.9392469337401899
NIFTY HEALTHCARE,2022-10-31,8401.85,1.0943459793764987
NIFTY HEALTHCARE,2022-11-01,8564.0,1.9299320982878676
NIFTY HEALTHCARE,2022-11-02,8580.1,0.18799626342831388
NIFTY HEALTHCARE,2022-11-03,8582.15,0.023892495425448246
NIFTY HEALTHCARE,2022-11-04,8493.4,-1.0341231509586768
NIFTY HEALTHCARE,2022-11-07,8385.95,-1.2650999599689072
NIFTY HEALTHCARE,2022-11-09,8283.6,-1.2204938021333378
NIFTY HEALTHCARE,2022-11-10,8213.65,-0.8444396156260692
NIFTY HEALTHCARE,2022-11-11,8260.9,0.575261911574021
NIFTY HEALTHCARE,2022-11-14,8290.85,0.36255129586364454
NIFTY HEALTHCARE,2022-11-15,8308.5,0.21288528920435645
NIFTY HEALTHCARE,2022-11-16,8255.7,-0.6354937714388775
NIFTY HEALTHCARE,2022-11-17,8210.4,-0.5487117991206159
NIFTY HEALTHCARE,2022-11-18,8157.25,-0.6473497028159358
NIFTY HEALTHCARE,2022-11-21,8128.6,-0.35122130620000025
NIFTY HEALTHCARE,2022-11-22,8162.45,0.41643087370517584
NIFTY HEALTHCARE,2022-11-23,8214.0,0.631550576113793
NIFTY HEALTHCARE,2022-11-24,8253.55,0.4814950085220371
NIFTY HEALTHCARE,2022-11-25,8290.35,0.44586874738750115
NIFTY HEALTHCARE,2022-11-28,8292.1,0.021108879600983954
NIFTY HEALTHCARE,2022-11-29,8344.5,0.6319267736761391
NIFTY HEALTHCARE,2022-11-30,8379.6,0.42063634729463395
NIFTY HEALTHCARE,2022-12-01,8375.25,-0.05191178576543498
NIFTY HEALTHCARE,2022-12-02,8369.65,-0.06686367571118179
NIFTY HEALTHCARE,2022-12-05,8333.95,-0.4265411337391556
NIFTY HEALTHCARE,2022-12-06,8278.1,-0.6701504088697519
NIFTY HEALTHCARE,2022-12-07,8215.55,-0.7556081709571116
NIFTY HEALTHCARE,2022-12-08,8129.35,-1.0492298141937972
NIFTY HEALTHCARE,2022-12-09,8153.55,0.29768677692558754
NIFTY HEALTHCARE,2022-12-12,8151.85,-0.020849813884749047
NIFTY HEALTHCARE,2022-12-13,8157.45,0.06869606285688779
NIFTY HEALTHCARE,2022-12-14,8206.85,0.6055814010505811
NIFTY HEALTHCARE,2022-12-15,8159.65,-0.5751293127083001
NIFTY HEALTHCARE,2022-12-16,8036.2,-1.512932539998646
NIFTY HEALTHCARE,2022-12-19,8052.3,0.2003434459072695
NIFTY HEALTHCARE,2022-12-20,8032.95,-0.24030401251816658
NIFTY HEALTHCARE,2022-12-21,8247.7,2.6733640816885673
NIFTY HEALTHCARE,2022-12-22,8230.5,-0.20854298774204416
NIFTY HEALTHCARE,2022-12-23,8155.1,-0.9161047323977822
NIFTY HEALTHCARE,2022-12-26,8085.75,-0.8503881006977299
NIFTY HEALTHCARE,2022-12-27,8086.45,0.008657205577722316
NIFTY HEALTHCARE,2022-12-28,8037.4,-0.606570250233418
NIFTY HEALTHCARE,2022-12-29,8026.5,-0.1356159952223268
NIFTY HEALTHCARE,2022-12-30,8001.4,-0.3127141344297035
NIFTY HEALTHCARE,2023-01-02,7967.5,-0.4236758567250698
NIFTY HEALTHCARE,2023-01-03,8033.5,0.8283652337621517
NIFTY HEALTHCARE,2023-01-04,8015.15,-0.2284184975415493
NIFTY HEALTHCARE,2023-01-05,8091.9,0.9575616176864976
NIFTY HEALTHCARE,2023-01-06,8026.9,-0.8032724082106757
NIFTY HEALTHCARE,2023-01-09,8101.6,0.9306207876016881
NIFTY HEALTHCARE,2023-01-10,8112.2,0.1308383529179391
NIFTY HEALTHCARE,2023-01-11,8046.65,-0.8080422080323446
NIFTY HEALTHCARE,2023-01-12,8035.0,-0.14478074726749224
NIFTY HEALTHCARE,2023-01-13,8033.45,-0.019290603609212198
NIFTY HEALTHCARE,2023-01-16,8020.2,-0.16493536400923325
NIFTY HEALTHCARE,2023-01-17,8016.95,-0.04052268023241323
NIFTY HEALTHCARE,2023-01-18,8074.25,0.7147356538334426
NIFTY HEALTHCARE,2023-01-19,8045.8,-0.35235470786759704
NIFTY HEALTHCARE,2023-01-20,7984.6,-0.760645305625296
NIFTY HEALTHCARE,2023-01-23,8063.95,0.9937880419808032
NIFTY HEALTHCARE,2023-01-24,7980.5,-1.0348526466557928
NIFTY HEALTHCARE,2023-01-25,7874.75,-1.3251049432992934
NIFTY HEALTHCARE,2023-01-27,7914.9,0.5098574557922397
NIFTY HEALTHCARE,2023-01-30,7904.65,-0.12950258373447543
NIFTY HEALTHCARE,2023-01-31,7841.9,-0.7938365392522129
NIFTY HEALTHCARE,2023-02-01,7839.45,-0.031242428493094554
NIFTY HEALTHCARE,2023-02-02,7804.35,-0.44773549164800475
NIFTY HEALTHCARE,2023-02-03,7726.15,-1.002005291920538
NIFTY HEALTHCARE,2023-02-06,7751.3,0.3255178840690487
NIFTY HEALTHCARE,2023-02-07,7741.15,-0.13094577683744335
NIFTY HEALTHCARE,2023-02-08,7853.75,1.4545642443306361
NIFTY HEALTHCARE,2023-02-09,7826.1,-0.3520611173006505
NIFTY HEALTHCARE,2023-02-10,7841.9,0.20188855240796943
NIFTY HEALTHCARE,2023-02-13,7799.55,-0.5400476925234932
NIFTY HEALTHCARE,2023-02-14,7776.15,-0.30001730869089194
NIFTY HEALTHCARE,2023-02-15,7805.1,0.37229220115353456
NIFTY HEALTHCARE,2023-02-16,7872.8,0.8673815838362131
NIFTY HEALTHCARE,2023-02-17,7781.75,-1.1565135656945502
NIFTY HEALTHCARE,2023-02-20,7718.9,-0.8076589456099237
NIFTY HEALTHCARE,2023-02-21,7681.8,-0.48063843293733033
NIFTY HEALTHCARE,2023-02-22,7655.05,-0.3482256762737945
NIFTY HEALTHCARE,2023-02-23,7641.85,-0.1724351898420018
NIFTY HEALTHCARE,2023-02-24,7655.2,0.17469591787329097
NIFTY HEALTHCARE,2023-02-27,7587.65,-0.8824067300658434
NIFTY HEALTHCARE,2023-02-28,7498.5,-1.1749355861169097
NIFTY HEALTHCARE,2023-03-01,7511.75,0.1767020070680747
NIFTY HEALTHCARE,2023-03-02,7504.55,-0.09584983525808832
NIFTY HEALTHCARE,2023-03-03,7515.75,0.14924279270576157
NIFTY HEALTHCARE,2023-03-06,7537.55,0.2900575458204546
NIFTY HEALTHCARE,2023-03-08,7491.45,-0.6116045664705472
NIFTY HEALTHCARE,2023-03-09,7467.4,-0.3210326438806921
NIFTY HEALTHCARE,2023-03-10,7438.6,-0.38567640678146553
NIFTY HEALTHCARE,2023-03-13,7394.0,-0.5995751888796308
NIFTY HEALTHCARE,2023-03-14,7389.45,-0.061536380849336325
NIFTY HEALTHCARE,2023-03-15,7422.65,0.4492891893171924
NIFTY HEALTHCARE,2023-03-16,7486.7,0.8628993688237996
NIFTY HEALTHCARE,2023-03-17,7447.85,-0.5189202185208353
NIFTY HEALTHCARE,2023-03-20,7432.7,-0.20341440818492096
NIFTY HEALTHCARE,2023-03-21,7404.95,-0.37335019575659434
NIFTY HEALTHCARE,2023-03-22,7481.3,1.0310670564960045
NIFTY HEALTHCARE,2023-03-23,7493.5,0.16307326266824518
NIFTY HEALTHCARE,2023-03-24,7480.45,-0.17415093080670463
NIFTY HEALTHCARE,2023-03-27,7563.35,1.1082220989379055
NIFTY HEALTHCARE,2023-03-28,7558.55,-0.06346394124296939
NIFTY HEALTHCARE,2023-03-29,7601.6,0.5695536842383886
NIFTY HEALTHCARE,2023-03-31,7621.55,0.2624447484740111
NIFTY HEALTHCARE,2023-04-03,7621.25,-0.003936207201948871
NIFTY HEALTHCARE,2023-04-05,7663.0,0.5478103985566696
NIFTY HEALTHCARE,2023-04-06,7727.0,0.835182043586058
NIFTY HEALTHCARE,2023-04-10,7759.05,0.414779345153371
NIFTY HEALTHCARE,2023-04-11,7779.9,0.2687184642449658
NIFTY HEALTHCARE,2023-04-12,7978.35,2.550803994909967
NIFTY HEALTHCARE,2023-04-13,7931.5,-0.587214148288806
NIFTY HEALTHCARE,2023-04-17,7889.6,-0.5282733404778361
NIFTY HEALTHCARE,2023-04-18,7986.8,1.2320016223889674
NIFTY HEALTHCARE,2023-04-19,7979.45,-0.0920268442930916
NIFTY HEALTHCARE,2023-04-20,7908.05,-0.8947985136820158
NIFTY HEALTHCARE,2023-04-21,7931.9,0.3015914163415623
NIFTY HEALTHCARE,2023-04-24,7884.15,-0.6019995209218476
NIFTY HEALTHCARE,2023-04-25,7874.4,-0.12366583588592217
NIFTY HEALTHCARE,2023-04-26,7871.8,-0.033018388702621415
NIFTY HEALTHCARE,2023-04-27,7927.15,0.7031428644020288
NIFTY HEALTHCARE,2023-04-28,8013.55,1.0899251307216362
NIFTY HEALTHCARE,2023-05-02,8018.5,0.061770376424918894
NIFTY HEALTHCARE,2023-05-03,8017.45,-0.013094718463557697
NIFTY HEALTHCARE,2023-05-04,8067.65,0.6261342446787888
NIFTY HEALTHCARE,2023-05-05,8048.9,-0.23240968559617992
NIFTY HEALTHCARE,2023-05-08,8077.1,0.3503584340717403
NIFTY HEALTHCARE,2023-05-09,8101.85,0.30642185933069666
NIFTY HEALTHCARE,2023-05-10,8096.95,-0.0604800138240047
NIFTY HEALTHCARE,2023-05-11,8006.1,-1.1220274300816957
NIFTY HEALTHCARE,2023-05-12,7998.1,-0.09992380809632495
NIFTY HEALTHCARE,2023-05-15,8021.35,0.2906940398344604
NIFTY HEALTHCARE,2023-05-16,7977.0,-0.5528994495939021
NIFTY HEALTHCARE,2023-05-17,7949.9,-0.3397267143036231
NIFTY HEALTHCARE,2023-05-18,7871.9,-0.9811444169109063
NIFTY HEALTHCARE,2023-05-19,7851.5,-0.2591496335065169
NIFTY HEALTHCARE,2023-05-22,7974.75,1.5697637394128439
NIFTY HEALTHCARE,2023-05-23,7999.8,0.3141164299821364
NIFTY HEALTHCARE,2023-05-24,8075.65,0.9481487037175773
NIFTY HEALTHCARE,2023-05-25,8058.85,-0.20803278993021257
NIFTY HEALTHCARE,2023-05-26,8149.35,1.122989012079878
NIFTY HEALTHCARE,2023-05-29,8166.35,0.2086055943111953
NIFTY HEALTHCARE,2023-05-30,8149.45,-0.2069467999779695
NIFTY HEALTHCARE,2023-05-31,8210.6,0.7503573860812685
NIFTY HEALTHCARE,2023-06-01,8291.0,0.979221981341194
NIFTY HEALTHCARE,2023-06-02,8353.95,0.7592570256905073
NIFTY HEALTHCARE,2023-06-05,8348.2,-0.06882971528439086
NIFTY HEALTHCARE,2023-06-06,8399.95,0.6198941089097021
NIFTY HEALTHCARE,2023-06-07,8475.4,0.8982196322597114
NIFTY HEALTHCARE,2023-06-08,8379.9,-1.1267904759657332
NIFTY HEALTHCARE,2023-06-09,8365.4,-0.17303309108700482
NIFTY HEALTHCARE,2023-06-12,8363.4,-0.02390800200827714
NIFTY HEALTHCARE,2023-06-13,8454.05,1.0838893273070749
NIFTY HEALTHCARE,2023-06-14,8462.35,0.09817779644076818
NIFTY HEALTHCARE,2023-06-15,8597.35,1.5953015415339777
NIFTY HEALTHCARE,2023-06-16,8651.55,0.6304268175658656
NIFTY HEALTHCARE,2023-06-19,8670.1,0.21441244632465217
NIFTY HEALTHCARE,2023-06-20,8647.75,-0.2577824938582052
NIFTY HEALTHCARE,2023-06-21,8642.4,-0.06186580324362145
NIFTY HEALTHCARE,2023-06-22,8583.7,-0.6792094788484526
NIFTY HEALTHCARE,2023-06-23,8583.6,-0.0011649987767592407
NIFTY HEALTHCARE,2023-06-26,8713.35,1.5116035229973512
NIFTY HEALTHCARE,2023-06-27,8767.75,0.6243293337235389
NIFTY HEALTHCARE,2023-06-28,8860.95,1.0629865130734828
NIFTY HEALTHCARE,2023-06-30,8936.45,0.8520531094295736
NIFTY HEALTHCARE,2023-07-03,8852.5,-0.93941106367742
NIFTY HEALTHCARE,2023-07-04,8872.85,0.22987856537701745
NIFTY HEALTHCARE,2023-07-05,8939.2,0.7477867877852207
NIFTY HEALTHCARE,2023-07-06,9045.3,1.1869071057812652
NIFTY HEALTHCARE,2023-07-07,8965.5,-0.8822261284866073
NIFTY HEALTHCARE,2023-07-10,8957.3,-0.09146171434946115
NIFTY HEALTHCARE,2023-07-11,9063.15,1.1817177051120398
NIFTY HEALTHCARE,2023-07-12,9082.7,0.21570866641289488
NIFTY HEALTHCARE,2023-07-13,9035.05,-0.5246237352329319
NIFTY HEALTHCARE,2023-07-14,9044.4,0.1034858689215934
NIFTY HEALTHCARE,2023-07-17,9116.9,0.8016009906682608
NIFTY HEALTHCARE,2023-07-18,9080.25,-0.4020006800557141
NIFTY HEALTHCARE,2023-07-19,9124.25,0.4845681561631121
NIFTY HEALTHCARE,2023-07-20,9230.8,1.1677672137435868
NIFTY HEALTHCARE,2023-07-21,9202.4,-0.30766564111452954
NIFTY HEALTHCARE,2023-07-24,9244.15,0.4536859949578309
NIFTY HEALTHCARE,2023-07-25,9278.5,0.37158635461345124
NIFTY HEALTHCARE,2023-07-26,9316.3,0.4073934364390741
NIFTY HEALTHCARE,2023-07-27,9562.8,2.645900196429918
NIFTY HEALTHCARE,2023-07-28,9603.95,0.4303132973606294
NIFTY HEALTHCARE,2023-07-31,9563.3,-0.4232633447696199
NIFTY HEALTHCARE,2023-08-01,9523.45,-0.41669716520446043
NIFTY HEALTHCARE,2023-08-02,9486.9,-0.3837894880531878
NIFTY HEALTHCARE,2023-08-03,9551.0,0.675668553479003
NIFTY HEALTHCARE,2023-08-04,9602.0,0.5339754999476476
NIFTY HEALTHCARE,2023-08-07,9794.75,2.0073942928556576
NIFTY HEALTHCARE,2023-08-08,9781.95,-0.1306822532479046
NIFTY HEALTHCARE,2023-08-09,9811.0,0.2969755519093731
NIFTY HEALTHCARE,2023-08-10,9727.8,-0.8480277239832912
NIFTY HEALTHCARE,2023-08-11,9593.05,-1.385205287937663
NIFTY HEALTHCARE,2023-08-14,9552.5,-0.42270185186149556
NIFTY HEALTHCARE,2023-08-16,9646.3,0.981941900026162
NIFTY HEALTHCARE,2023-08-17,9613.45,-0.34054507946050805
NIFTY HEALTHCARE,2023-08-18,9549.5,-0.6652138410248254
NIFTY HEALTHCARE,2023-08-21,9620.45,0.742970836169432
NIFTY HEALTHCARE,2023-08-22,9618.75,-0.017670691079951784
NIFTY HEALTHCARE,2023-08-23,9621.65,0.030149447693306186
NIFTY HEALTHCARE,2023-08-24,9546.25,-0.7836493740678518
NIFTY HEALTHCARE,2023-08-25,9430.25,-1.215136833835273
NIFTY HEALTHCARE,2023-08-28,9511.0,0.8562869489143976
NIFTY HEALTHCARE,2023-08-29,9489.4,-0.22710545683944927
NIFTY HEALTHCARE,2023-08-30,9508.05,0.19653508124855001
NIFTY HEALTHCARE,2023-08-31,9478.65,-0.3092116680076362
NIFTY HEALTHCARE,2023-09-01,9421.35,-0.6045164659524205
NIFTY HEALTHCARE,2023-09-04,9451.05,0.3152414462895381
NIFTY HEALTHCARE,2023-09-05,9597.55,1.5500923177848014
NIFTY HEALTHCARE,2023-09-06,9686.0,0.9215893639522577
NIFTY HEALTHCARE,2023-09-07,9674.2,-0.12182531488745818
NIFTY HEALTHCARE,2023-09-08,9638.4,-0.37005643877531247
NIFTY HEALTHCARE,2023-09-11,9723.25,0.8803328353253592
NIFTY HEALTHCARE,2023-09-12,9708.7,-0.14964132363149973
NIFTY HEALTHCARE,2023-09-13,9729.7,0.2163008435732916
NIFTY HEALTHCARE,2023-09-14,9765.75,0.37051502101810296
NIFTY HEALTHCARE,2023-09-15,9796.0,0.3097560351227546
NIFTY HEALTHCARE,2023-09-18,9747.45,-0.4956104532462202
NIFTY HEALTHCARE,2023-09-20,9693.0,-0.5586076358432335
NIFTY HEALTHCARE,2023-09-21,9607.4,-0.8831115237800558
NIFTY HEALTHCARE,2023-09-22,9454.3,-1.593563294960143
NIFTY HEALTHCARE,2023-09-25,9467.75,0.14226330875899418
NIFTY HEALTHCARE,2023-09-26,9455.5,-0.12938660188535067
NIFTY HEALTHCARE,2023-09-27,9568.05,1.1903125165247719
NIFTY HEALTHCARE,2023-09-28,9476.1,-0.9610108642826742
NIFTY HEALTHCARE,2023-09-29,9719.05,2.5638184485178295
NIFTY HEALTHCARE,2023-10-03,9666.8,-0.5376039839284696
NIFTY HEALTHCARE,2023-10-04,9503.35,-1.6908387470517483
NIFTY HEALTHCARE,2023-10-05,9467.9,-0.37302635386470273
NIFTY HEALTHCARE,2023-10-06,9529.2,0.6474508602752671
NIFTY HEALTHCARE,2023-10-09,9531.65,0.025710447886484467
NIFTY HEALTHCARE,2023-10-10,9517.8,-0.1453053773481039
NIFTY HEALTHCARE,2023-10-11,9580.8,0.6619176700497942
NIFTY HEALTHCARE,2023-10-12,9585.5,0.04905644622579253
NIFTY HEALTHCARE,2023-10-13,9618.1,0.3400970215429622
NIFTY HEALTHCARE,2023-10-16,9578.1,-0.41588255476653346
NIFTY HEALTHCARE,2023-10-17,9601.4,0.2432632776855348
NIFTY HEALTHCARE,2023-10-18,9642.3,0.425979544649735
NIFTY HEALTHCARE,2023-10-19,9612.95,-0.30438795723010115
NIFTY HEALTHCARE,2023-10-20,9531.15,-0.8509354568576821
NIFTY HEALTHCARE,2023-10-23,9417.85,-1.1887337834364131
NIFTY HEALTHCARE,2023-10-25,9325.1,-0.9848319945635176
NIFTY HEALTHCARE,2023-10-26,9198.3,-1.3597709407942138
NIFTY HEALTHCARE,2023-10-27,9270.55,0.7854712283791532
NIFTY HEALTHCARE,2023-10-30,9313.05,0.4584409770725495
NIFTY HEALTHCARE,2023-10-31,9255.65,-0.6163394376707876
NIFTY HEALTHCARE,2023-11-01,9293.2,0.40569814113542435
NIFTY HEALTHCARE,2023-11-02,9383.15,0.9679120216932624
NIFTY HEALTHCARE,2023-11-03,9453.95,0.7545440497061406
NIFTY HEALTHCARE,2023-11-06,9579.7,1.3301318496501402
NIFTY HEALTHCARE,2023-11-07,9677.05,1.016211363612629
NIFTY HEALTHCARE,2023-11-08,9792.2,1.1899287489472776
NIFTY HEALTHCARE,2023-11-09,9834.15,0.4284021976675101
NIFTY HEALTHCARE,2023-11-10,9831.55,-0.026438482227753024
NIFTY HEALTHCARE,2023-11-12,9854.8,0.2364835656636144
NIFTY HEALTHCARE,2023-11-13,9799.95,-0.5565815643138183
NIFTY HEALTHCARE,2023-11-15,9822.6,0.2311236281817619
NIFTY HEALTHCARE,2023-11-16,9933.6,1.1300470343900804
NIFTY HEALTHCARE,2023-11-17,10033.85,1.009201095272605
NIFTY HEALTHCARE,2023-11-20,10044.1,0.10215420800590014
NIFTY HEALTHCARE,2023-11-21,10105.5,0.6113041487042059
NIFTY HEALTHCARE,2023-11-22,10169.55,0.6338132700014709
NIFTY HEALTHCARE,2023-11-23,10023.95,-1.4317251009139942
NIFTY HEALTHCARE,2023-11-24,10087.25,0.6314875872285741
NIFTY HEALTHCARE,2023-11-28,10036.8,-0.5001363106892476
NIFTY HEALTHCARE,2023-11-29,10109.25,0.7218436154949881
NIFTY HEALTHCARE,2023-11-30,10289.45,1.782525904493415
NIFTY HEALTHCARE,2023-12-01,10322.55,0.32168871999960214
NIFTY HEALTHCARE,2024-01-01,10661.35,3.2821347438375392
NIFTY HEALTHCARE,2024-01-02,10865.35,1.9134537370970817
NIFTY HEALTHCARE,2024-01-03,10929.25,0.5881080683088902
NIFTY HEALTHCARE,2024-01-04,11007.3,0.7141386645927117
NIFTY HEALTHCARE,2024-01-05,10935.95,-0.6482061904372394
NIFTY HEALTHCARE,2024-01-08,10824.6,-1.0182014365464398
NIFTY HEALTHCARE,2024-01-09,10940.55,1.0711712211074698
NIFTY HEALTHCARE,2024-01-10,10985.4,0.40994282737156773
NIFTY HEALTHCARE,2024-01-11,10997.9,0.11378739053653497
NIFTY HEALTHCARE,2024-01-12,10946.3,-0.46918047990980316
NIFTY HEALTHCARE,2024-01-15,11053.65,0.980696673761905
NIFTY HEALTHCARE,2024-01-16,10934.15,-1.0810908613896775
NIFTY HEALTHCARE,2024-01-17,10858.25,-0.6941554670458983
NIFTY HEALTHCARE,2024-01-18,10926.3,0.6267124076163144
NIFTY HEALTHCARE,2024-01-19,11005.9,0.7285174304201725
NIFTY HEALTHCARE,2024-01-20,10948.4,-0.5224470511271173
NIFTY HEALTHCARE,2024-01-23,11146.9,1.8130503087208982
NIFTY HEALTHCARE,2024-01-24,11241.7,0.8504606661942082
NIFTY HEALTHCARE,2024-01-25,11099.5,-1.2649332396345803
NIFTY HEALTHCARE,2024-01-29,11167.4,0.6117392675345723
NIFTY HEALTHCARE,2024-01-30,11105.5,-0.5542919569461069
NIFTY HEALTHCARE,2024-01-31,11421.85,2.848588537211305
NIFTY HEALTHCARE,2024-02-01,11371.5,-0.44082175829660564
NIFTY HEALTHCARE,2024-02-02,11392.55,0.18511190256342847
NIFTY HEALTHCARE,2024-02-05,11566.95,1.5308249689490294
NIFTY HEALTHCARE,2024-02-06,11704.9,1.1926220827443546
NIFTY HEALTHCARE,2024-02-07,11769.35,0.5506240976001608
NIFTY HEALTHCARE,2024-02-08,11785.15,0.13424700599438122
NIFTY HEALTHCARE,2024-02-09,11898.25,0.9596823120622267
NIFTY HEALTHCARE,2024-02-12,11962.85,0.542936986531628
NIFTY HEALTHCARE,2024-02-13,12063.95,0.8451163393338623
NIFTY HEALTHCARE,2024-02-14,11951.1,-0.9354315957874504
NIFTY HEALTHCARE,2024-02-15,11905.3,-0.38322832207914326
NIFTY HEALTHCARE,2024-02-16,12039.05,1.1234492200952628
NIFTY HEALTHCARE,2024-02-19,12102.4,0.5262043101407432
NIFTY HEALTHCARE,2024-02-20,12122.9,0.1693878900052903
NIFTY HEALTHCARE,2024-02-21,12070.4,-0.4330646957411144
NIFTY HEALTHCARE,2024-02-22,12121.15,0.42045002651114327
NIFTY HEALTHCARE,2024-02-23,12159.0,0.3122641003535209
NIFTY HEALTHCARE,2024-02-26,12056.3,-0.844641829097792
NIFTY HEALTHCARE,2024-02-27,12137.3,0.671847913538981
NIFTY HEALTHCARE,2024-02-28,12025.6,-0.9203035271435844
NIFTY HEALTHCARE,2024-02-29,11950.95,-0.6207590473656155
NIFTY HEALTHCARE,2024-03-01,11786.2,-1.3785514959061884
NIFTY HEALTHCARE,2024-03-02,11877.35,0.7733620675026698
NIFTY HEALTHCARE,2024-03-04,11865.35,-0.1010326377516857
NIFTY HEALTHCARE,2024-03-05,11873.4,0.06784460635378409
NIFTY HEALTHCARE,2024-03-06,11972.6,0.8354809911230276
NIFTY HEALTHCARE,2024-03-07,11990.25,0.14741994220135446
NIFTY HEALTHCARE,2024-03-11,12043.4,0.44327682909028887
NIFTY HEALTHCARE,2024-03-12,11916.3,-1.0553498181576693
NIFTY HEALTHCARE,2024-03-13,11697.05,-1.8399167526833016
NIFTY HEALTHCARE,2024-03-14,11818.2,1.0357312313788558
NIFTY HEALTHCARE,2024-03-15,11705.8,-0.9510754598839211
NIFTY HEALTHCARE,2024-03-18,11787.0,0.6936732218216779
NIFTY HEALTHCARE,2024-03-19,11568.25,-1.8558581488080095
NIFTY HEALTHCARE,2024-03-20,11589.9,0.18715017396753186
NIFTY HEALTHCARE,2024-03-21,11703.1,0.976712482420039
NIFTY HEALTHCARE,2024-03-22,11851.3,1.2663311430304747
NIFTY HEALTHCARE,2024-03-26,11897.6,0.3906744407786489
NIFTY HEALTHCARE,2024-03-27,11893.5,-0.034460731576124726
NIFTY HEALTHCARE,2024-03-28,12059.3,1.394038760667593
NIFTY HEALTHCARE,2024-04-01,12187.8,1.0655676531805325
NIFTY HEALTHCARE,2024-04-02,12165.4,-0.183790347724766
NIFTY HEALTHCARE,2024-04-03,12136.6,-0.2367369753563331
NIFTY HEALTHCARE,2024-04-04,12136.15,-0.003707792956841871
NIFTY HEALTHCARE,2024-04-05,12132.45,-0.030487428055836485
NIFTY HEALTHCARE,2024-04-08,12156.5,0.1982287172005659
NIFTY HEALTHCARE,2024-04-09,12187.3,0.2533623987167388
NIFTY HEALTHCARE,2024-04-10,12195.8,0.06974473427256989
NIFTY HEALTHCARE,2024-04-12,12019.55,-1.4451696485675347
NIFTY HEALTHCARE,2024-04-15,11854.9,-1.369851616741058
NIFTY HEALTHCARE,2024-04-16,11880.6,0.21678799483757505
NIFTY HEALTHCARE,2024-04-18,11672.2,-1.7541201622813585
NIFTY HEALTHCARE,2024-04-19,11625.45,-0.40052432274978456
NIFTY HEALTHCARE,2024-04-22,11751.0,1.0799581951666415
NIFTY HEALTHCARE,2024-04-23,11639.35,-0.9501319036677724
NIFTY HEALTHCARE,2024-04-24,11785.7,1.2573726196050572
NIFTY HEALTHCARE,2024-04-25,11948.75,1.383456222371171
NIFTY HEALTHCARE,2024-04-26,11999.0,0.42054608222616974
NIFTY HEALTHCARE,2024-04-29,12043.95,0.37461455121261533
NIFTY HEALTHCARE,2024-04-30,11974.5,-0.5766380630939261
NIFTY HEALTHCARE,2024-05-02,12029.75,0.46139713557977746
NIFTY HEALTHCARE,2024-05-03,12039.8,0.0835428832685503
NIFTY HEALTHCARE,2024-05-06,12117.45,0.6449442681772277
NIFTY HEALTHCARE,2024-05-07,11877.2,-1.9826778736450335
NIFTY HEALTHCARE,2024-05-08,11875.6,-0.013471188495606246
NIFTY HEALTHCARE,2024-05-09,11630.0,-2.068106032537309
NIFTY HEALTHCARE,2024-05-10,11748.3,1.0171969045571716
NIFTY HEALTHCARE,2024-05-13,11933.75,1.5785262548624113
NIFTY HEALTHCARE,2024-05-14,11900.35,-0.2798784958625733
NIFTY HEALTHCARE,2024-05-15,11931.1,0.25839576146919896
NIFTY HEALTHCARE,2024-05-16,12038.6,0.9010066129694572
NIFTY HEALTHCARE,2024-05-17,12023.3,-0.12709119000549052
NIFTY HEALTHCARE,2024-05-18,12094.4,0.5913517919373223
NIFTY HEALTHCARE,2024-05-21,12146.45,0.43036446619924007
NIFTY HEALTHCARE,2024-05-22,12211.85,0.538428923677281
NIFTY HEALTHCARE,2024-05-23,12115.95,-0.7853028001490348
NIFTY HEALTHCARE,2024-05-24,12043.5,-0.5979720946355904
NIFTY HEALTHCARE,2024-05-27,12044.0,0.004151617054848344
NIFTY HEALTHCARE,2024-05-28,12095.2,0.4251079375622746
NIFTY HEALTHCARE,2024-05-29,12146.75,0.4262021297704921
NIFTY HEALTHCARE,2024-05-30,11921.5,-1.8544054994134251
NIFTY HEALTHCARE,2024-05-31,11795.1,-1.060269261418445
NIFTY HEALTHCARE,2024-06-03,11847.9,0.44764351298420824
NIFTY HEALTHCARE,2024-06-04,11737.85,-0.9288565906194313
NIFTY HEALTHCARE,2024-06-05,12162.9,3.6211912743815855
NIFTY HEALTHCARE,2024-06-06,12152.8,-0.08303940672044208
NIFTY HEALTHCARE,2024-06-07,12337.8,1.522282930682639
NIFTY HEALTHCARE,2024-06-10,12413.25,0.6115352818168551
NIFTY HEALTHCARE,2024-06-11,12350.9,-0.5022858638954353
NIFTY HEALTHCARE,2024-06-12,12455.25,0.844877701220148
NIFTY HEALTHCARE,2024-06-13,12540.75,0.6864575179141408
NIFTY HEALTHCARE,2024-06-14,12613.0,0.5761218427924986
NIFTY HEALTHCARE,2024-06-18,12550.3,-0.4971061603108007
NIFTY HEALTHCARE,2024-06-19,12441.8,-0.8645211668246944
NIFTY HEALTHCARE,2024-06-20,12435.75,-0.048626404539531265
NIFTY HEALTHCARE,2024-06-21,12424.5,-0.09046499004885522
NIFTY HEALTHCARE,2024-06-24,12398.6,-0.20845909292124265
NIFTY HEALTHCARE,2024-06-25,12411.65,0.1052538189795671
NIFTY HEALTHCARE,2024-06-26,12389.25,-0.18047560155176612
NIFTY HEALTHCARE,2024-06-27,12439.2,0.40317210484897004
NIFTY HEALTHCARE,2024-06-28,12576.25,1.1017589555598395
NIFTY HEALTHCARE,2024-07-01,12595.45,0.15266872080310634
NIFTY HEALTHCARE,2024-07-02,12555.3,-0.3187659035604251
NIFTY HEALTHCARE,2024-07-03,12650.8,0.7606349509768684
NIFTY HEALTHCARE,2024-07-04,12812.85,1.2809466594998042
NIFTY HEALTHCARE,2024-07-05,12975.3,1.2678678045867864
NIFTY HEALTHCARE,2024-07-08,12930.5,-0.34527140027590386
NIFTY HEALTHCARE,2024-07-09,13077.8,1.1391670855728675
NIFTY HEALTHCARE,2024-07-10,13128.1,0.3846212665739035
NIFTY HEALTHCARE,2024-07-11,13043.25,-0.6463235350126828
NIFTY HEALTHCARE,2024-07-12,13044.1,0.006516780710330572
NIFTY HEALTHCARE,2024-07-15,13211.7,1.284872087763822
NIFTY HEALTHCARE,2024-07-16,13158.6,-0.40191648311723727
NIFTY HEALTHCARE,2024-07-18,13194.7,0.2743452950921821
NIFTY HEALTHCARE,2024-07-19,12967.65,-1.7207666714665781
NIFTY HEALTHCARE,2024-07-22,13110.4,1.1008162620058437
NIFTY HEALTHCARE,2024-07-23,13179.9,0.5301134976812394
NIFTY HEALTHCARE,2024-07-24,13257.3,0.587257869938318
NIFTY HEALTHCARE,2024-07-25,13338.7,0.6140013426565005
NIFTY HEALTHCARE,2024-07-26,13702.35,2.7262776732365213
NIFTY HEALTHCARE,2024-07-29,13725.6,0.16967892368826565
NIFTY HEALTHCARE,2024-07-30,13618.4,-0.7810223232499913
NIFTY HEALTHCARE,2024-07-31,13750.75,0.9718469130000518
NIFTY HEALTHCARE,2024-08-01,13787.25,0.2654400669054313
NIFTY HEALTHCARE,2024-08-02,13837.3,0.36301655515058595
NIFTY HEALTHCARE,2024-08-05,13607.2,-1.6628966633663977
NIFTY HEALTHCARE,2024-08-06,13582.95,-0.17821447468987506
NIFTY HEALTHCARE,2024-08-07,13856.6,2.0146580823753313
NIFTY HEALTHCARE,2024-08-08,13875.05,0.13314954606469254
NIFTY HEALTHCARE,2024-08-09,13940.15,0.4691874984234401
NIFTY HEALTHCARE,2024-08-12,13889.2,-0.3654910456487137
NIFTY HEALTHCARE,2024-08-13,13901.75,0.09035797598133666
NIFTY HEALTHCARE,2024-08-14,13778.95,-0.8833420252845836
NIFTY HEALTHCARE,2024-08-16,13879.55,0.7300991730138984
NIFTY HEALTHCARE,2024-08-19,13945.8,0.47732095060719626
NIFTY HEALTHCARE,2024-08-20,14019.65,0.5295501154469529
NIFTY HEALTHCARE,2024-08-21,14139.85,0.8573680512709014
NIFTY HEALTHCARE,2024-08-22,14123.85,-0.11315537293535849
NIFTY HEALTHCARE,2024-08-23,14100.85,-0.16284511659356848
NIFTY HEALTHCARE,2024-08-26,14119.8,0.1343890616523069
NIFTY HEALTHCARE,2024-08-27,14181.75,0.43874559129732926
NIFTY HEALTHCARE,2024-08-28,14351.5,1.196960882824749
NIFTY HEALTHCARE,2024-08-29,14313.4,-0.265477476221998
NIFTY HEALTHCARE,2024-08-30,14506.85,1.3515307334386106
NIFTY HEALTHCARE,2024-09-02,14403.5,-0.7124220626807398
NIFTY HEALTHCARE,2024-09-03,14395.05,-0.0586662963863005
NIFTY HEALTHCARE,2024-09-04,14512.55,0.8162528091253618
NIFTY HEALTHCARE,2024-09-05,14498.95,-0.09371199410164177
NIFTY HEALTHCARE,2024-09-06,14449.8,-0.33899006479780613
NIFTY HEALTHCARE,2024-09-09,14406.9,-0.29688992235186173
NIFTY HEALTHCARE,2024-09-10,14554.05,1.0213855860733423
NIFTY HEALTHCARE,2024-09-11,14532.4,-0.14875584459308477
NIFTY HEALTHCARE,2024-09-12,14720.95,1.2974457075225043
NIFTY HEALTHCARE,2024-09-13,14695.45,-0.17322251620989215
NIFTY HEALTHCARE,2024-09-16,14728.5,0.22489954373632326
NIFTY HEALTHCARE,2024-09-17,14725.25,-0.02206606239603115
NIFTY HEALTHCARE,2024-09-18,14532.25,-1.3106738425493591
NIFTY HEALTHCARE,2024-09-19,14505.3,-0.18544960346815742
NIFTY HEALTHCARE,2024-09-20,14649.3,0.9927405844760262
NIFTY HEALTHCARE,2024-09-23,14691.3,0.2867031189203617
NIFTY HEALTHCARE,2024-09-24,14684.7,-0.044924547180980046
NIFTY HEALTHCARE,2024-09-25,14674.5,-0.06946005025639801
NIFTY HEALTHCARE,2024-09-26,14700.0,0.17377082694469692
NIFTY HEALTHCARE,2024-09-27,14883.3,1.246938775510209
NIFTY HEALTHCARE,2024-09-30,14752.2,-0.880853036624929
NIFTY HEALTHCARE,2024-10-01,14741.6,-0.07185368961917238
NIFTY HEALTHCARE,2024-10-03,14612.35,-0.8767704998100645
NIFTY HEALTHCARE,2024-10-04,14522.5,-0.6148908286483734
NIFTY HEALTHCARE,2024-10-07,14450.35,-0.49681528662419705
NIFTY HEALTHCARE,2024-10-08,14699.4,1.723487666388701
NIFTY HEALTHCARE,2024-10-09,14971.8,1.853136862729099
NIFTY HEALTHCARE,2024-10-10,14679.25,-1.9540068662418641
NIFTY HEALTHCARE,2024-10-11,14808.75,0.8821976599621806
NIFTY HEALTHCARE,2024-10-14,14901.5,0.6263188992994051
NIFTY HEALTHCARE,2024-10-15,14862.7,-0.26037647216722304
NIFTY HEALTHCARE,2024-10-16,14787.95,-0.5029368822623059
NIFTY HEALTHCARE,2024-10-17,14635.7,-1.0295544683340152
NIFTY HEALTHCARE,2024-10-18,14699.95,0.43899506002444966
NIFTY HEALTHCARE,2024-10-21,14577.5,-0.8329960305987538
NIFTY HEALTHCARE,2024-10-22,14390.9,-1.2800548790944943
NIFTY HEALTHCARE,2024-10-23,14189.4,-1.4001903980987995
NIFTY HEALTHCARE,2024-10-24,14241.45,0.36682312148506035
NIFTY HEALTHCARE,2024-10-25,14302.35,0.4276249960502687
NIFTY HEALTHCARE,2024-10-28,14495.75,1.352225333599022
NIFTY HEALTHCARE,2024-10-29,14366.8,-0.8895710811789748
NIFTY HEALTHCARE,2024-10-30,14208.5,-1.1018459225436428
NIFTY HEALTHCARE,2024-10-31,14428.3,1.5469613259668558
NIFTY HEALTHCARE,2024-11-01,14450.7,0.15525044530542154
NIFTY HEALTHCARE,2024-11-04,14395.65,-0.3809504037866729
NIFTY HEALTHCARE,2024-11-05,14385.45,-0.07085473736857528
NIFTY HEALTHCARE,2024-11-06,14572.25,1.298534282903896
NIFTY HEALTHCARE,2024-11-07,14445.2,-0.8718626155878373
NIFTY HEALTHCARE,2024-11-08,14476.5,0.21668097361060568
NIFTY HEALTHCARE,2024-11-11,14258.7,-1.5045073049424929
NIFTY HEALTHCARE,2024-11-12,14149.65,-0.764796229670317
NIFTY HEALTHCARE,2024-11-13,13912.4,-1.6767199188672532
NIFTY HEALTHCARE,2024-11-14,13865.6,-0.3363905580633042
NIFTY HEALTHCARE,2024-11-18,13717.8,-1.0659473805677444
NIFTY HEALTHCARE,2024-11-19,13838.95,0.8831591071454703
NIFTY HEALTHCARE,2024-11-21,13816.05,-0.16547498184472653
NIFTY HEALTHCARE,2024-11-22,13996.05,1.3028325751571534
NIFTY HEALTHCARE,2024-11-25,14102.15,0.7580710271826829
NIFTY HEALTHCARE,2024-11-26,14015.15,-0.6169272061352316
NIFTY HEALTHCARE,2024-11-27,13950.85,-0.4587892387880155
NIFTY HEALTHCARE,2024-11-28,13844.65,-0.7612439385413894
NIFTY HEALTHCARE,2024-11-29,14127.05,2.039777098012596
NIFTY HEALTHCARE,2025-01-01,14998.9,6.171493694720409
NIFTY HEALTHCARE,2025-01-02,15075.35,0.5097040449633106
NIFTY HEALTHCARE,2025-01-03,14899.9,-1.1638204088130655
NIFTY HEALTHCARE,2025-01-06,14808.45,-0.6137625084732035
NIFTY HEALTHCARE,2025-01-07,14947.1,0.936289753485342
NIFTY HEALTHCARE,2025-01-08,14783.65,-1.0935231583384164
NIFTY HEALTHCARE,2025-01-09,14722.8,-0.4116033591163193
NIFTY HEALTHCARE,2025-01-10,14397.8,-2.2074605373977763
NIFTY HEALTHCARE,2025-01-13,14044.85,-2.4514161885843544
NIFTY HEALTHCARE,2025-01-14,14178.6,0.9523063614064853
NIFTY HEALTHCARE,2025-01-15,13998.35,-1.2712820729832264
NIFTY HEALTHCARE,2025-01-16,13997.1,-0.008929623848530355
NIFTY HEALTHCARE,2025-01-17,14057.75,0.4333040415514633
NIFTY HEALTHCARE,2025-01-20,14138.2,0.5722821930963296
NIFTY HEALTHCARE,2025-01-21,14039.1,-0.7009378845963421
NIFTY HEALTHCARE,2025-01-22,14113.5,0.5299485009722771
NIFTY HEALTHCARE,2025-01-23,14293.9,1.2782088071704445
NIFTY HEALTHCARE,2025-01-24,13992.2,-2.110690574300922
NIFTY HEALTHCARE,2025-01-27,13656.25,-2.4009805463043765
NIFTY HEALTHCARE,2025-01-28,13366.65,-2.120640732265444
NIFTY HEALTHCARE,2025-01-29,13588.55,1.6601018205758322
NIFTY HEALTHCARE,2025-01-30,13763.55,1.2878489610738564
NIFTY HEALTHCARE,2025-01-31,13788.1,0.17836967933420045
NIFTY HEALTHCARE,2025-02-01,13775.35,-0.09247104387116734
NIFTY HEALTHCARE,2025-02-03,13802.0,0.1934615091449654
NIFTY HEALTHCARE,2025-02-04,14056.1,1.841037530792633
NIFTY HEALTHCARE,2025-02-05,14157.95,0.7245964385569348
NIFTY HEALTHCARE,2025-02-06,14173.4,0.1091259680956469
NIFTY HEALTHCARE,2025-02-07,14218.9,0.321023889821781
NIFTY HEALTHCARE,2025-02-10,13908.7,-2.1816033589096118
NIFTY HEALTHCARE,2025-02-11,13562.05,-2.492324947694624
NIFTY HEALTHCARE,2025-02-12,13488.45,-0.5426908173911671
NIFTY HEALTHCARE,2025-02-13,13655.35,1.2373549221741609
NIFTY HEALTHCARE,2025-02-14,13319.25,-2.4613063744246766
NIFTY HEALTHCARE,2025-02-17,13494.05,1.3123862079321258
NIFTY HEALTHCARE,2025-02-18,13468.7,-0.18786057558700664
NIFTY HEALTHCARE,2025-02-19,13363.85,-0.7784715674118536
NIFTY HEALTHCARE,2025-02-20,13375.5,0.08717547712673301
NIFTY HEALTHCARE,2025-02-21,13117.4,-1.9296474898134686
NIFTY HEALTHCARE,2025-02-24,13087.4,-0.22870385899644852
NIFTY HEALTHCARE,2025-02-25,13014.45,-0.5574063603160262
NIFTY HEALTHCARE,2025-02-27,12971.65,-0.32886522288687603
NIFTY HEALTHCARE,2025-02-28,12685.5,-2.205964545759398
NIFTY HEALTHCARE,2025-03-03,12738.35,0.41661739781639895
NIFTY HEALTHCARE,2025-03-04,12737.45,-0.00706527925515843
NIFTY HEALTHCARE,2025-03-05,12942.3,1.6082496889094688
NIFTY HEALTHCARE,2025-03-06,13103.3,1.243982908756558
NIFTY HEALTHCARE,2025-03-07,13034.85,-0.5223874901742254
NIFTY HEALTHCARE,2025-03-10,12953.3,-0.6256305212564817
NIFTY HEALTHCARE,2025-03-11,13031.95,0.6071811816294126
NIFTY HEALTHCARE,2025-03-12,13107.9,0.5827984300123878
NIFTY HEALTHCARE,2025-03-13,13075.75,-0.24527193524515045
NIFTY HEALTHCARE,2025-03-17,13273.35,1.5111943865552702
NIFTY HEALTHCARE,2025-03-18,13494.2,1.6638602914863299
NIFTY HEALTHCARE,2025-03-19,13667.15,1.2816617509744832
NIFTY HEALTHCARE,2025-03-20,13819.7,1.1161800375352637
NIFTY HEALTHCARE,2025-03-21,14011.9,1.3907682511197672
NIFTY HEALTHCARE,2025-03-24,14062.2,0.3589805807920454
NIFTY HEALTHCARE,2025-03-25,13955.15,-0.7612606846723935
NIFTY HEALTHCARE,2025-03-26,13776.1,-1.2830388781202573
NIFTY HEALTHCARE,2025-03-27,13745.45,-0.2224867705664102
NIFTY HEALTHCARE,2025-03-28,13681.3,-0.4666998897817187
NIFTY HEALTHCARE,2025-04-01,13474.95,-1.5082631036524186
NIFTY HEALTHCARE,2025-04-02,13581.15,0.7881290839669042
NIFTY HEALTHCARE,2025-04-03,13849.5,1.9759004208038444
NIFTY HEALTHCARE,2025-04-04,13426.8,-3.052095743528649
NIFTY HEALTHCARE,2025-04-07,13048.9,-2.8145202133047276
NIFTY HEALTHCARE,2025-04-08,13264.25,1.6503306792143402
NIFTY HEALTHCARE,2025-04-09,13126.3,-1.0400135703111824
NIFTY HEALTHCARE,2025-04-11,13326.65,1.5263250116178906
NIFTY HEALTHCARE,2025-04-15,13577.35,1.8811929479651823
NIFTY HEALTHCARE,2025-04-16,13553.5,-0.17566019878695327
NIFTY HEALTHCARE,2025-04-17,13711.05,1.162430368539491
NIFTY HEALTHCARE,2025-04-21,13819.4,0.7902385302365644
NIFTY HEALTHCARE,2025-04-22,13930.35,0.8028568534089731
NIFTY HEALTHCARE,2025-04-23,14117.25,1.3416748322906402
NIFTY HEALTHCARE,2025-04-24,14173.35,0.3973861764862141
NIFTY HEALTHCARE,2025-04-25,13829.8,-2.423915305838076
NIFTY HEALTHCARE,2025-04-28,14116.25,2.0712519342289903
NIFTY HEALTHCARE,2025-04-29,13992.2,-0.8787744620561311
NIFTY HEALTHCARE,2025-04-30,14053.6,0.43881591172223455
NIFTY HEALTHCARE,2025-05-02,13968.25,-0.6073176979563999
NIFTY HEALTHCARE,2025-05-05,14096.7,0.9195854885186039
NIFTY HEALTHCARE,2025-05-06,14018.25,-0.5565132264998218
NIFTY HEALTHCARE,2025-05-07,13968.8,-0.35275444509835774
NIFTY HEALTHCARE,2025-05-08,13696.75,-1.9475545501403069
NIFTY HEALTHCARE,2025-05-09,13672.8,-0.17485899939767569
NIFTY HEALTHCARE,2025-05-12,13765.5,0.6779884149552551
NIFTY HEALTHCARE,2025-05-13,13899.45,0.9730848861283725
NIFTY HEALTHCARE,2025-05-14,13986.0,0.6226865091784051
NIFTY HEALTHCARE,2025-05-15,14114.35,0.9177034177034304
NIFTY HEALTHCARE,2025-05-16,14072.35,-0.2975694948757823
NIFTY HEALTHCARE,2025-05-19,14126.45,0.3844418309663977
NIFTY HEALTHCARE,2025-05-20,13927.25,-1.410120730969211
NIFTY HEALTHCARE,2025-05-21,14042.75,0.8293094473065477
NIFTY HEALTHCARE,2025-05-22,13981.65,-0.4350999626141605
NIFTY HEALTHCARE,2025-05-23,13980.8,-0.006079396923830416
NIFTY HEALTHCARE,2025-05-26,14012.6,0.22745479514763023
NIFTY HEALTHCARE,2025-05-27,14005.2,-0.05280961420435215
NIFTY HEALTHCARE,2025-05-28,13913.35,-0.6558278353754332
NIFTY HEALTHCARE,2025-05-29,13989.45,0.5469566998602016
NIFTY HEALTHCARE,2025-05-30,13890.4,-0.7080335538566684
NIFTY HEALTHCARE,2025-06-02,13907.35,0.12202672349248544
NIFTY HEALTHCARE,2025-06-03,13863.2,-0.3174580347801714
NIFTY HEALTHCARE,2025-06-04,13892.6,0.21207224883144082
NIFTY HEALTHCARE,2025-06-05,14040.6,1.065315347739082
NIFTY HEALTHCARE,2025-06-06,14112.95,0.5152913693146965
NIFTY HEALTHCARE,2025-06-09,14223.05,0.7801345572683083
NIFTY HEALTHCARE,2025-06-10,14279.85,0.39935175647980437
NIFTY HEALTHCARE,2025-06-11,14315.6,0.25035276981200116
NIFTY HEALTHCARE,2025-06-12,14323.15,0.0527396686132553
NIFTY HEALTHCARE,2025-06-13,14328.65,0.038399374439279654
NIFTY HEALTHCARE,2025-06-16,14396.1,0.47073520534035573
NIFTY HEALTHCARE,2025-06-17,14138.65,-1.7883315620202733
NIFTY HEALTHCARE,2025-06-18,14055.0,-0.5916406446159983
NIFTY HEALTHCARE,2025-06-19,13963.95,-0.6478121664887926
NIFTY HEALTHCARE,2025-06-20,14112.95,1.0670333250978326
NIFTY HEALTHCARE,2025-06-23,14083.2,-0.21079930135088354
NIFTY HEALTHCARE,2025-06-24,14123.1,0.28331629175186723
NIFTY HEALTHCARE,2025-06-25,14256.0,0.9410115342948666
NIFTY HEALTHCARE,2025-06-26,14310.15,0.3798400673400648
NIFTY HEALTHCARE,2025-06-27,14411.65,0.7092867649884926
NIFTY HEALTHCARE,2025-06-30,14463.8,0.3618600229675195
NIFTY HEALTHCARE,2025-07-01,14494.2,0.2101798973990432
NIFTY HEALTHCARE,2025-07-02,14543.9,0.3428957790012399
NIFTY HEALTHCARE,2025-07-03,14620.2,0.524618568609525
NIFTY HEALTHCARE,2025-07-04,14716.1,0.6559417791822231
NIFTY HEALTHCARE,2025-07-07,14719.4,0.022424419513322746
NIFTY HEALTHCARE,2025-07-08,14588.1,-0.8920200551652879
NIFTY HEALTHCARE,2025-07-09,14534.9,-0.3646808014751812
NIFTY HEALTHCARE,2025-07-10,14453.0,-0.5634713689120607
NIFTY HEALTHCARE,2025-07-11,14463.75,0.07437902165641219
NIFTY HEALTHCARE,2025-07-14,14607.7,0.9952467375334839
NIFTY HEALTHCARE,2025-07-15,14787.65,1.2318845540365553
NIFTY HEALTHCARE,2025-07-16,14737.25,-0.34082494514002803
NIFTY HEALTHCARE,2025-07-17,14763.9,0.18083428047972472
NIFTY HEALTHCARE,2025-07-18,14668.3,-0.6475253828595484
NIFTY HEALTHCARE,2025-07-21,14634.75,-0.22872452840478896
NIFTY HEALTHCARE,2025-07-22,14528.5,-0.7260117186832726
NIFTY HEALTHCARE,2025-07-23,14649.95,0.8359431462298339
NIFTY HEALTHCARE,2025-07-24,14744.5,0.645394694179835
NIFTY HEALTHCARE,2025-07-25,14846.3,0.690426938858546
NIFTY HEALTHCARE,2025-07-28,14860.1,0.09295245279969944
NIFTY HEALTHCARE,2025-07-29,15047.7,1.2624410333712532
NIFTY HEALTHCARE,2025-07-30,15040.45,-0.04818012054998988
NIFTY HEALTHCARE,2025-07-31,14880.25,-1.0651277056205166
NIFTY HEALTHCARE,2025-08-01,14468.7,-2.7657465432368356
NIFTY HEALTHCARE,2025-08-04,14551.75,0.5739976639228095
NIFTY HEALTHCARE,2025-08-05,14481.55,-0.48241620423661313
NIFTY HEALTHCARE,2025-08-06,14223.35,-1.7829583159261198
NIFTY HEALTHCARE,2025-08-07,14309.7,0.6071002963436989
NIFTY HEALTHCARE,2025-08-08,14135.55,-1.217006645841645
NIFTY HEALTHCARE,2025-08-11,14301.2,1.1718680914432067
NIFTY HEALTHCARE,2025-08-12,14385.0,0.5859648141414597
NIFTY HEALTHCARE,2025-08-13,14691.5,2.130691692735498
NIFTY HEALTHCARE,2025-08-14,14644.9,-0.31719021202736286
NIFTY HEALTHCARE,2025-08-18,14633.05,-0.08091554056360861
NIFTY HEALTHCARE,2025-08-19,14625.5,-0.0515955320319339
NIFTY HEALTHCARE,2025-08-20,14587.2,-0.26187138901233586
NIFTY HEALTHCARE,2025-08-21,14722.95,0.9306103981572944
NIFTY HEALTHCARE,2025-08-22,14738.8,0.10765505554253263
NIFTY HEALTHCARE,2025-08-25,14754.6,0.10720004342281708
NIFTY HEALTHCARE,2025-08-26,14509.0,-1.6645656269909104
NIFTY HEALTHCARE,2025-08-28,14375.6,-0.9194293197325787
NIFTY HEALTHCARE,2025-08-29,14350.3,-0.17599265421965882
NIFTY HEALTHCARE,2025-09-01,14390.05,0.27699769342801606
NIFTY HEALTHCARE,2025-09-02,14342.3,-0.3318265051198588
NIFTY HEALTHCARE,2025-09-03,14496.65,1.0761872224120284
NIFTY HEALTHCARE,2025-09-04,14490.85,-0.04000924351487134
NIFTY HEALTHCARE,2025-09-05,14487.85,-0.02070271930217915
NIFTY HEALTHCARE,2025-09-08,14430.0,-0.3993001031899146
NIFTY HEALTHCARE,2025-09-09,14541.15,0.7702702702702569
NIFTY HEALTHCARE,2025-09-10,14643.25,0.7021452911220916
NIFTY HEALTHCARE,2025-09-11,14684.25,0.27999248800640864
NIFTY HEALTHCARE,2025-09-12,14747.8,0.4327766143997769
NIFTY HEALTHCARE,2025-09-15,14666.7,-0.5499125293264018
NIFTY HEALTHCARE,2025-09-16,14674.95,0.05624987215937516
NIFTY HEALTHCARE,2025-09-17,14659.55,-0.10494073233641155
NIFTY HEALTHCARE,2025-09-18,14855.15,1.334283794523028
NIFTY HEALTHCARE,2025-09-19,14881.05,0.1743503094886245
NIFTY HEALTHCARE,2025-09-22,14721.55,-1.071832968775721
NIFTY HEALTHCARE,2025-09-23,14659.05,-0.42454768689438316
NIFTY HEALTHCARE,2025-09-24,14565.4,-0.6388544960280518
NIFTY HEALTHCARE,2025-09-25,14452.75,-0.7734082139865706
NIFTY HEALTHCARE,2025-09-26,14155.55,-2.056356056805808
NIFTY HEALTHCARE,2025-09-29,14143.7,-0.08371274870986323
NIFTY HEALTHCARE,2025-09-30,14139.05,-0.032876828552652615
NIFTY HEALTHCARE,2025-10-01,14318.55,1.2695336673963276
NIFTY HEALTHCARE,2025-10-03,14287.2,-0.2189467508930676
NIFTY HEALTHCARE,2025-10-06,14472.1,1.2941654067976982
NIFTY HEALTHCARE,2025-10-07,14508.6,0.25220942364965193
NIFTY HEALTHCARE,2025-10-08,14439.3,-0.47764773996112897
NIFTY HEALTHCARE,2025-10-09,14593.5,1.067918804928225
NIFTY HEALTHCARE,2025-10-10,14742.25,1.0192894096686889
NIFTY HEALTHCARE,2025-10-13,14746.95,0.03188115789651835
NIFTY HEALTHCARE,2025-10-14,14682.75,-0.4353442576261579
NIFTY HEALTHCARE,2025-10-15,14699.5,0.11407944697008343
NIFTY HEALTHCARE,2025-10-16,14755.2,0.3789244532127034
NIFTY HEALTHCARE,2025-10-17,14866.9,0.7570212535241705
NIFTY HEALTHCARE,2025-10-20,15002.1,0.9094027672211569
NIFTY HEALTHCARE,2025-10-21,15035.95,0.2256350777557925
NIFTY HEALTHCARE,2025-10-23,14986.65,-0.3278808455734472
NIFTY HEALTHCARE,2025-10-24,14862.85,-0.8260685343288832
NIFTY HEALTHCARE,2025-10-27,14862.15,-0.0047097292914966005
NIFTY HEALTHCARE,2025-10-28,14834.1,-0.18873446977725195
NIFTY HEALTHCARE,2025-10-29,14931.05,0.653561726023133
NIFTY HEALTHCARE,2025-10-30,14825.9,-0.7042371434025085
NIFTY HEALTHCARE,2025-10-31,14693.3,-0.8943807795816827
NIFTY HEALTHCARE,2025-11-03,14836.05,0.9715312421307631
NIFTY HEALTHCARE,2025-11-04,14765.05,-0.47856403827164495
NIFTY HEALTHCARE,2025-11-06,14692.8,-0.4893312247503445
NIFTY HEALTHCARE,2025-11-07,14653.15,-0.26986006751605895
NIFTY HEALTHCARE,2025-11-10,14672.3,0.13068862326530706
NIFTY HEALTHCARE,2025-11-11,14661.5,-0.07360809143760472
NIFTY HEALTHCARE,2025-11-12,14783.0,0.8287010196773803
NIFTY HEALTHCARE,2025-11-13,14809.35,0.1782452817425506
NIFTY HEALTHCARE,2025-11-14,14871.85,0.42203067656580995
NIFTY HEALTHCARE,2025-11-17,14932.5,0.4078174537801349
NIFTY HEALTHCARE,2025-11-18,14824.85,-0.7209107651096613
NIFTY HEALTHCARE,2025-11-19,14896.15,0.480949217024107
NIFTY HEALTHCARE,2025-11-20,14879.6,-0.11110253320488761
NIFTY HEALTHCARE,2025-11-21,14824.25,-0.37198580607006315
NIFTY HEALTHCARE,2025-11-24,14745.9,-0.5285258950705751
NIFTY HEALTHCARE,2025-11-25,14799.75,0.36518625516246406
NIFTY HEALTHCARE,2025-11-26,14967.1,1.1307623439585246
NIFTY HEALTHCARE,2025-11-27,14949.35,-0.11859344829660001
NIFTY HEALTHCARE,2025-11-28,15031.25,0.5478499065176612
NIFTY HEALTHCARE,2025-12-01,14885.45,-0.9699792099792104
NIFTY IT,2019-01-01,14450.9,
NIFTY IT,2019-01-02,14447.1,-0.026295940045251154
NIFTY IT,2019-01-03,14322.15,-0.8648794567768014
NIFTY IT,2019-01-04,14146.15,-1.228865777833632
NIFTY IT,2019-01-07,14291.5,1.0274880444502532
NIFTY IT,2019-01-08,14285.7,-0.04058356365671534
NIFTY IT,2019-01-09,14326.05,0.28245028245026393
NIFTY IT,2019-01-10,14323.25,-0.019544815214234124
NIFTY IT,2019-01-11,14307.1,-0.11275373954933166
NIFTY IT,2019-01-14,14223.6,-0.5836263114118112
NIFTY IT,2019-01-15,14658.5,3.0575944205404992
NIFTY IT,2019-01-16,14707.8,0.3363236347511567
NIFTY IT,2019-01-17,14800.25,0.6285780334244429
NIFTY IT,2019-01-18,14892.95,0.6263407712707503
NIFTY IT,2019-01-21,14966.4,0.4931863734182862
NIFTY IT,2019-01-22,14962.6,-0.025390207397901765
NIFTY IT,2019-01-23,14888.75,-0.4935639527889557
NIFTY IT,2019-01-24,14971.85,0.5581395348837281
NIFTY IT,2019-01-25,15039.25,0.45017816769470365
NIFTY IT,2019-01-28,15120.1,0.5375932975381081
NIFTY IT,2019-01-29,15231.3,0.7354448713963402
NIFTY IT,2019-01-30,15255.2,0.15691372371366974
NIFTY IT,2019-01-31,15499.3,1.6001101263831252
NIFTY IT,2019-02-01,15724.3,1.4516784628983315
NIFTY IT,2019-02-04,15754.8,0.1939672990212582
NIFTY IT,2019-02-05,15738.7,-0.10219107827454943
NIFTY IT,2019-02-06,16055.6,2.0135081042271574
NIFTY IT,2019-02-07,16085.85,0.18840778295423632
NIFTY IT,2019-02-08,16019.8,-0.41060932434406894
NIFTY IT,2019-02-11,16099.05,0.49470030836840095
NIFTY IT,2019-02-12,15938.6,-0.9966426590388822
NIFTY IT,2019-02-13,16041.65,0.6465436111076306
NIFTY IT,2019-02-14,15861.65,-1.1220790878743725
NIFTY IT,2019-02-15,15815.6,-0.2903228857022988
NIFTY IT,2019-02-18,15659.0,-0.9901616125850499
NIFTY IT,2019-02-19,15333.5,-2.078676799284751
NIFTY IT,2019-02-20,15609.45,1.7996543515831354
NIFTY IT,2019-02-21,15588.9,-0.1316510190942144
NIFTY IT,2019-02-22,15684.7,0.6145398328297746
NIFTY IT,2019-02-25,16003.7,2.0338291456004853
NIFTY IT,2019-02-26,15989.6,-0.08810462580528533
NIFTY IT,2019-02-27,15902.1,-0.5472306999549703
NIFTY IT,2019-02-28,15732.0,-1.0696700435791517
NIFTY IT,2019-03-01,15848.3,0.7392575642003463
NIFTY IT,2019-03-05,15664.1,-1.162269770259261
NIFTY IT,2019-03-06,15735.05,0.45294654656187205
NIFTY IT,2019-03-07,15582.1,-0.9720337717388783
NIFTY IT,2019-03-08,15408.7,-1.112815345813467
NIFTY IT,2019-03-11,15388.5,-0.13109477113578683
NIFTY IT,2019-03-12,15384.55,-0.025668518699029086
NIFTY IT,2019-03-13,15342.9,-0.27072615058614247
NIFTY IT,2019-03-14,15260.45,-0.5373821115955857
NIFTY IT,2019-03-15,15546.6,1.8751085321861316
NIFTY IT,2019-03-18,15359.45,-1.2038001878224125
NIFTY IT,2019-03-19,15495.55,0.8860994371543196
NIFTY IT,2019-03-20,15599.25,0.6692243902281625
NIFTY IT,2019-03-22,15551.1,-0.3086686859945176
NIFTY IT,2019-03-25,15416.85,-0.8632829831973332
NIFTY IT,2019-03-26,15356.6,-0.39080616338617036
NIFTY IT,2019-03-27,15339.4,-0.11200395920972772
NIFTY IT,2019-03-28,15566.75,1.482130982958929
NIFTY IT,2019-03-29,15628.2,0.3947516340919055
NIFTY IT,2019-04-01,15840.65,1.3594015945534332
NIFTY IT,2019-04-02,15988.4,0.9327268767380215
NIFTY IT,2019-04-03,15962.95,-0.15917790398037868
NIFTY IT,2019-04-04,15744.8,-1.3666020378438892
NIFTY IT,2019-04-05,15923.05,1.1321198109852215
NIFTY IT,2019-04-08,16028.25,0.6606774455898856
NIFTY IT,2019-04-09,16121.6,0.582409183784871
NIFTY IT,2019-04-10,15999.15,-0.7595399960301785
NIFTY IT,2019-04-11,15874.75,-0.7775413068819237
NIFTY IT,2019-04-12,15911.1,0.22897998393676122
NIFTY IT,2019-04-15,16113.7,1.2733249115397527
NIFTY IT,2019-04-16,16084.9,-0.17872990064355943
NIFTY IT,2019-04-18,16079.3,-0.034815261518572616
NIFTY IT,2019-04-22,16150.6,0.4434272636246739
NIFTY IT,2019-04-23,16166.3,0.09721001077358515
NIFTY IT,2019-04-24,16370.35,1.2621935755243952
NIFTY IT,2019-04-25,16352.75,-0.10751144599840945
NIFTY IT,2019-04-26,16504.45,0.9276727155983044
NIFTY IT,2019-04-30,16705.4,1.2175504182205366
NIFTY IT,2019-05-02,16403.7,-1.8060028493780522
NIFTY IT,2019-05-03,16092.9,-1.8946944896578222
NIFTY IT,2019-05-06,16111.35,0.11464683183266544
NIFTY IT,2019-05-07,16135.75,0.15144603028298675
NIFTY IT,2019-05-08,16061.6,-0.45953860217219367
NIFTY IT,2019-05-09,16132.85,0.4436046222045187
NIFTY IT,2019-05-10,15949.6,-1.135881136934891
NIFTY IT,2019-05-13,15955.3,0.03573757335606498
NIFTY IT,2019-05-14,15762.75,-1.2068090227071782
NIFTY IT,2019-05-15,15776.8,0.08913419295490943
NIFTY IT,2019-05-16,15933.95,0.9960828558389645
NIFTY IT,2019-05-17,15843.35,-0.5685972404833706
NIFTY IT,2019-05-20,15968.2,0.7880277845278894
NIFTY IT,2019-05-21,15766.95,-1.260317380794329
NIFTY IT,2019-05-22,15666.15,-0.6393119785373935
NIFTY IT,2019-05-23,15538.85,-0.8125799893400676
NIFTY IT,2019-05-24,15569.85,0.19949996299597483
NIFTY IT,2019-05-27,15556.65,-0.08477923679419685
NIFTY IT,2019-05-28,15762.05,1.3203356763827667
NIFTY IT,2019-05-29,15865.6,0.6569576926859222
NIFTY IT,2019-05-30,15997.35,0.8304129689390871
NIFTY IT,2019-05-31,16160.65,1.020794069017672
NIFTY IT,2019-06-03,16360.55,1.2369551967278625
NIFTY IT,2019-06-04,16105.2,-1.5607666001448472
NIFTY IT,2019-06-06,16012.1,-0.578074162382336
NIFTY IT,2019-06-07,16109.85,0.6104758276553435
NIFTY IT,2019-06-10,16362.4,1.5676744352057792
NIFTY IT,2019-06-11,16448.1,0.5237617953356422
NIFTY IT,2019-06-12,16425.95,-0.13466601005586165
NIFTY IT,2019-06-13,16316.6,-0.6657149205982038
NIFTY IT,2019-06-14,16268.2,-0.29663042545627905
NIFTY IT,2019-06-17,16228.2,-0.24587846227609456
NIFTY IT,2019-06-18,16322.5,0.5810872431939451
NIFTY IT,2019-06-19,16282.7,-0.24383519681421273
NIFTY IT,2019-06-20,16316.9,0.2100388756164362
NIFTY IT,2019-06-21,16189.4,-0.7813984273973618
NIFTY IT,2019-06-24,16187.4,-0.012353762338324081
NIFTY IT,2019-06-25,16214.45,0.16710527941485864
NIFTY IT,2019-06-26,16101.7,-0.6953674037663893
NIFTY IT,2019-06-27,15991.8,-0.6825366265673871
NIFTY IT,2019-06-28,15936.45,-0.3461148838779793
NIFTY IT,2019-07-01,15916.7,-0.12392973340988878
NIFTY IT,2019-07-02,16074.1,0.9888984525686872
NIFTY IT,2019-07-03,15927.65,-0.9110930005412521
NIFTY IT,2019-07-04,15942.4,0.09260625390437038
NIFTY IT,2019-07-05,15550.05,-2.4610472701726227
NIFTY IT,2019-07-08,15376.0,-1.1192890055015892
NIFTY IT,2019-07-09,15254.5,-0.7901925078043659
NIFTY IT,2019-07-10,15168.6,-0.5631125241731927
NIFTY IT,2019-07-11,15214.25,0.3009506480492474
NIFTY IT,2019-07-12,15227.4,0.08643212777494913
NIFTY IT,2019-07-15,15662.05,2.854394052825815
NIFTY IT,2019-07-16,15580.45,-0.5210045939069152
NIFTY IT,2019-07-17,15675.95,0.6129476363006203
NIFTY IT,2019-07-18,15498.45,-1.1323077708209062
NIFTY IT,2019-07-19,15383.65,-0.7407192332136492
NIFTY IT,2019-07-22,15448.25,0.4199263503784856
NIFTY IT,2019-07-23,15493.4,0.2922661142847893
NIFTY IT,2019-07-24,15380.75,-0.7270837905172467
NIFTY IT,2019-07-25,15474.65,0.6105033889764799
NIFTY IT,2019-07-26,15348.05,-0.8181122028608101
NIFTY IT,2019-07-29,15400.85,0.34401764393523493
NIFTY IT,2019-07-30,15501.65,0.6545093290305282
NIFTY IT,2019-07-31,15620.2,0.7647573000293617
NIFTY IT,2019-08-01,15332.1,-1.8444066017080485
NIFTY IT,2019-08-02,15422.1,0.5870037372571302
NIFTY IT,2019-08-05,15518.55,0.6254012099519368
NIFTY IT,2019-08-06,15514.8,-0.02416462878297443
NIFTY IT,2019-08-07,15583.35,0.4418361822260186
NIFTY IT,2019-08-08,15867.95,1.8263082071569903
NIFTY IT,2019-08-09,15821.35,-0.29367372596964536
NIFTY IT,2019-08-13,15424.4,-2.50895151172309
NIFTY IT,2019-08-14,15466.25,0.2713233577967378
NIFTY IT,2019-08-16,15365.35,-0.6523882647700652
NIFTY IT,2019-08-19,15415.15,0.3241058615651493
NIFTY IT,2019-08-20,15597.75,1.1845489664388698
NIFTY IT,2019-08-21,15578.15,-0.12565914955683377
NIFTY IT,2019-08-22,15632.0,0.3456764763466902
NIFTY IT,2019-08-23,15816.6,1.1809109518935434
NIFTY IT,2019-08-26,15890.2,0.46533388971081724
NIFTY IT,2019-08-27,15675.3,-1.3524058853884857
NIFTY IT,2019-08-28,15879.9,1.3052381772597599
NIFTY IT,2019-08-29,15884.55,0.02928230026637557
NIFTY IT,2019-08-30,16010.4,0.792279290253739
NIFTY IT,2019-09-03,15984.85,-0.1595837705491432
NIFTY IT,2019-09-04,16032.5,0.2980947584744209
NIFTY IT,2019-09-05,16030.95,-0.009667862154993934
NIFTY IT,2019-09-06,16034.55,0.022456560590589092
NIFTY IT,2019-09-09,15919.4,-0.7181367734049315
NIFTY IT,2019-09-11,15701.8,-1.3668856866464796
NIFTY IT,2019-09-12,15583.25,-0.7550089798621817
NIFTY IT,2019-09-13,15722.9,0.8961545248905134
NIFTY IT,2019-09-16,15743.15,0.12879303436388323
NIFTY IT,2019-09-17,15625.65,-0.7463563518101513
NIFTY IT,2019-09-18,15702.3,0.49053959355289667
NIFTY IT,2019-09-19,15522.45,-1.1453736076880383
NIFTY IT,2019-09-20,15491.05,-0.20228765433292217
NIFTY IT,2019-09-23,15040.65,-2.907485289893197
NIFTY IT,2019-09-24,15338.65,1.9812973508458676
NIFTY IT,2019-09-25,15379.9,0.26892849109927397
NIFTY IT,2019-09-26,15312.9,-0.4356335216743945
NIFTY IT,2019-09-27,15236.4,-0.49957878651333276
NIFTY IT,2019-09-30,15540.15,1.9935811609041565
NIFTY IT,2019-10-01,15300.25,-1.5437431427624548
NIFTY IT,2019-10-03,15277.95,-0.14574925246318982
NIFTY IT,2019-10-04,15340.3,0.40810449045847186
NIFTY IT,2019-10-07,15246.75,-0.6098316199813492
NIFTY IT,2019-10-09,15128.75,-0.7739354288618938
NIFTY IT,2019-10-10,15093.8,-0.23101710319756164
NIFTY IT,2019-10-11,15321.9,1.5112165259907995
NIFTY IT,2019-10-14,15277.75,-0.28814964201567816
NIFTY IT,2019-10-15,15208.4,-0.4539280980510929
NIFTY IT,2019-10-16,15344.9,0.8975303121958822
NIFTY IT,2019-10-17,15281.9,-0.4105598602793137
NIFTY IT,2019-10-18,15410.1,0.8389009220057808
NIFTY IT,2019-10-22,14688.65,-4.681669813953193
NIFTY IT,2019-10-23,14833.35,0.985114357003547
NIFTY IT,2019-10-24,14781.5,-0.34955016904475444
NIFTY IT,2019-10-25,14898.85,0.7938977776274392
NIFTY IT,2019-10-27,14956.4,0.3862714236333664
NIFTY IT,2019-10-29,15181.4,1.5043727100104265
NIFTY IT,2019-10-30,15395.65,1.4112664181169077
NIFTY IT,2019-10-31,15559.4,1.0636121242039165
NIFTY IT,2019-11-01,15471.2,-0.5668599046235623
NIFTY IT,2019-11-04,15591.3,0.7762810900253214
NIFTY IT,2019-11-05,15533.45,-0.37104025963196063
NIFTY IT,2019-11-06,15561.3,0.17929049889109372
NIFTY IT,2019-11-07,15624.4,0.40549311432849233
NIFTY IT,2019-11-08,15383.3,-1.5430992550113931
NIFTY IT,2019-11-11,15308.55,-0.48591654586467303
NIFTY IT,2019-11-13,15240.95,-0.44158329822222564
NIFTY IT,2019-11-14,15388.75,0.9697558223076497
NIFTY IT,2019-11-15,15310.6,-0.5078385183981737
NIFTY IT,2019-11-18,15295.25,-0.10025733805337778
NIFTY IT,2019-11-19,15304.85,0.06276458377600935
NIFTY IT,2019-11-20,15318.5,0.08918741444705613
NIFTY IT,2019-11-21,15293.95,-0.16026373339426137
NIFTY IT,2019-11-22,14995.9,-1.9488098234923035
NIFTY IT,2019-11-25,15100.6,0.6981908388292934
NIFTY IT,2019-11-26,14922.15,-1.1817411228692953
NIFTY IT,2019-11-27,15022.15,0.6701447177517972
NIFTY IT,2019-11-28,15121.75,0.6630209390799502
NIFTY IT,2019-11-29,14998.05,-0.8180270140691448
NIFTY IT,2020-01-01,15722.15,4.827960968259215
NIFTY IT,2020-01-02,15709.65,-0.0795056655737314
NIFTY IT,2020-01-03,15936.6,1.4446534454936932
NIFTY IT,2020-01-06,15879.8,-0.35641228367406796
NIFTY IT,2020-01-07,15895.2,0.09697855136714395
NIFTY IT,2020-01-08,15953.45,0.3664628315466212
NIFTY IT,2020-01-09,15925.15,-0.17739109722348934
NIFTY IT,2020-01-10,15959.9,0.21820830573024974
NIFTY IT,2020-01-13,16225.9,1.6666771095056987
NIFTY IT,2020-01-14,16362.35,0.840939485637171
NIFTY IT,2020-01-15,16346.85,-0.09472966902676072
NIFTY IT,2020-01-16,16381.65,0.2128850512483904
NIFTY IT,2020-01-17,16356.6,-0.15291499940481845
NIFTY IT,2020-01-20,16207.15,-0.9136984458872899
NIFTY IT,2020-01-21,16175.2,-0.19713521501312226
NIFTY IT,2020-01-22,16334.55,0.9851501063356194
NIFTY IT,2020-01-23,16474.4,0.8561607145590289
NIFTY IT,2020-01-24,16472.75,-0.010015539260921358
NIFTY IT,2020-01-27,16393.55,-0.4807940386395759
NIFTY IT,2020-01-28,16429.75,0.2208185536384688
NIFTY IT,2020-01-29,16479.3,0.3015870600587389
NIFTY IT,2020-01-30,16327.9,-0.9187283440437399
NIFTY IT,2020-01-31,16144.15,-1.1253743592256171
NIFTY IT,2020-02-01,16282.65,0.8578958941783954
NIFTY IT,2020-02-03,16059.9,-1.3680205617635943
NIFTY IT,2020-02-04,16350.85,1.8116551161588834
NIFTY IT,2020-02-05,16448.55,0.5975224529611634
NIFTY IT,2020-02-06,16371.15,-0.47055819509925767
NIFTY IT,2020-02-07,16470.15,0.6047223316627326
NIFTY IT,2020-02-10,16431.9,-0.23223832205535588
NIFTY IT,2020-02-11,16452.3,0.12414875942525772
NIFTY IT,2020-02-12,16538.1,0.5215076311518629
NIFTY IT,2020-02-13,16673.05,0.8159945822071579
NIFTY IT,2020-02-14,16642.75,-0.181730397257851
NIFTY IT,2020-02-17,16647.7,0.029742680746869254
NIFTY IT,2020-02-18,16748.75,0.6069907554797416
NIFTY IT,2020-02-19,16772.45,0.14150309724607624
NIFTY IT,2020-02-20,16649.4,-0.7336435642974037
NIFTY IT,2020-02-24,16461.8,-1.126767330954881
NIFTY IT,2020-02-25,16562.5,0.6117192530586069
NIFTY IT,2020-02-26,16332.25,-1.3901886792452856
NIFTY IT,2020-02-27,16123.8,-1.276309142953369
NIFTY IT,2020-02-28,15212.95,-5.649102568873332
NIFTY IT,2020-03-02,15427.65,1.411297611574347
NIFTY IT,2020-03-03,15723.2,1.9157162626842084
NIFTY IT,2020-03-04,15864.3,0.8974000203520793
NIFTY IT,2020-03-05,15871.35,0.04443940167546678
NIFTY IT,2020-03-06,15663.45,-1.3099074747894734
NIFTY IT,2020-03-09,14854.9,-5.162017307808952
NIFTY IT,2020-03-11,14681.4,-1.1679647792984138
NIFTY IT,2020-03-12,13384.8,-8.8315828190772
NIFTY IT,2020-03-13,13539.1,1.152800191261738
NIFTY IT,2020-03-16,12451.35,-8.03413816280255
NIFTY IT,2020-03-17,12099.25,-2.827805820252427
NIFTY IT,2020-03-18,11753.0,-2.8617476289852672
NIFTY IT,2020-03-19,11340.0,-3.51399642644431
NIFTY IT,2020-03-20,12363.4,9.024691358024683
NIFTY IT,2020-03-23,11179.6,-9.575035993335156
NIFTY IT,2020-03-24,11865.05,6.13125693226948
NIFTY IT,2020-03-25,12233.35,3.1040745719571383
NIFTY IT,2020-03-26,12535.6,2.4707050807832642
NIFTY IT,2020-03-27,12569.1,0.2672389036025402
NIFTY IT,2020-03-30,12318.8,-1.99139158730538
NIFTY IT,2020-03-31,12763.65,3.6111471896613345
NIFTY IT,2020-04-01,12045.85,-5.623783165473817
NIFTY IT,2020-04-03,11680.05,-3.0367304922442218
NIFTY IT,2020-04-07,12588.95,7.7816447703563
NIFTY IT,2020-04-08,12491.55,-0.7736943907156735
NIFTY IT,2020-04-09,12728.55,1.8972825630126033
NIFTY IT,2020-04-13,12603.1,-0.9855796614696821
NIFTY IT,2020-04-15,12702.6,0.7894883004974984
NIFTY IT,2020-04-16,12463.6,-1.8815045738667657
NIFTY IT,2020-04-17,12649.25,1.4895375332969474
NIFTY IT,2020-04-20,12847.65,1.5684724390774063
NIFTY IT,2020-04-21,12408.85,-3.4154106003821627
NIFTY IT,2020-04-22,12571.3,1.309146294781538
NIFTY IT,2020-04-23,13128.2,4.429931669755716
NIFTY IT,2020-04-24,12816.2,-2.376563428345091
NIFTY IT,2020-04-27,13121.15,2.3794104336698707
NIFTY IT,2020-04-28,13133.65,0.09526603994314264
NIFTY IT,2020-04-29,13424.95,2.21796682567299
NIFTY IT,2020-04-30,14108.35,5.090521752408761
NIFTY IT,2020-05-04,13454.25,-4.636261504711747
NIFTY IT,2020-05-05,13388.0,-0.49240946169426536
NIFTY IT,2020-05-06,13394.7,0.05004481625336954
NIFTY IT,2020-05-07,13292.7,-0.7614952182579682
NIFTY IT,2020-05-08,13403.6,0.8342925064132922
NIFTY IT,2020-05-11,13593.55,1.4171565847981071
NIFTY IT,2020-05-12,13687.75,0.6929757127461134
NIFTY IT,2020-05-13,13776.95,0.6516775949297893
NIFTY IT,2020-05-14,13293.7,-3.507670420521236
NIFTY IT,2020-05-15,13196.35,-0.732301767002419
NIFTY IT,2020-05-18,13314.4,0.894565542744763
NIFTY IT,2020-05-19,13446.6,0.9929099321035917
NIFTY IT,2020-05-20,13517.35,0.5261553106361561
NIFTY IT,2020-05-21,13647.9,0.9657958105693698
NIFTY IT,2020-05-22,13842.65,1.426959458964383
NIFTY IT,2020-05-26,13574.95,-1.933878267528244
NIFTY IT,2020-05-27,13952.9,2.7841723173934296
NIFTY IT,2020-05-28,14028.6,0.5425395437507641
NIFTY IT,2020-05-29,14010.5,-0.12902214048443605
NIFTY IT,2020-06-01,14307.1,2.1169836908033313
NIFTY IT,2020-06-02,14422.4,0.8058935773147535
NIFTY IT,2020-06-03,14361.7,-0.4208730863101806
NIFTY IT,2020-06-04,14627.45,1.8504076815418768
NIFTY IT,2020-06-05,14627.45,0.0
NIFTY IT,2020-06-08,14894.6,1.8263607122225745
NIFTY IT,2020-06-09,14737.8,-1.052730519785705
NIFTY IT,2020-06-10,14842.05,0.7073647355779089
NIFTY IT,2020-06-11,14619.45,-1.49979281837751
NIFTY IT,2020-06-12,14402.75,-1.4822719048938282
NIFTY IT,2020-06-15,14396.7,-0.0420058669351242
NIFTY IT,2020-06-16,14450.8,0.375780560822947
NIFTY IT,2020-06-17,14478.45,0.19133888781244224
NIFTY IT,2020-06-18,14551.25,0.5028162545023696
NIFTY IT,2020-06-19,14499.8,-0.3535778713169013
NIFTY IT,2020-06-22,14463.65,-0.24931378363839407
NIFTY IT,2020-06-23,14680.4,1.4985843822271638
NIFTY IT,2020-06-24,14581.45,-0.6740279556415318
NIFTY IT,2020-06-25,14411.2,-1.1675793559625447
NIFTY IT,2020-06-26,14994.65,4.048587209947807
NIFTY IT,2020-06-29,14768.0,-1.5115391156178992
NIFTY IT,2020-06-30,14754.3,-0.09276814734561212
NIFTY IT,2020-07-01,14732.1,-0.15046461031698044
NIFTY IT,2020-07-02,15122.55,2.650334982792679
NIFTY IT,2020-07-03,15285.9,1.080174970491088
NIFTY IT,2020-07-06,15464.95,1.1713409089422422
NIFTY IT,2020-07-07,15784.95,2.0691951800684727
NIFTY IT,2020-07-08,15513.65,-1.7187257482602192
NIFTY IT,2020-07-09,15535.95,0.14374437994928435
NIFTY IT,2020-07-10,15565.2,0.18827300551302883
NIFTY IT,2020-07-13,15819.2,1.6318453987099524
NIFTY IT,2020-07-14,15640.55,-1.1293238596136401
NIFTY IT,2020-07-15,16459.8,5.237987155183155
NIFTY IT,2020-07-16,16926.05,2.8326589630493615
NIFTY IT,2020-07-17,16821.35,-0.6185731461268329
NIFTY IT,2020-07-20,17258.3,2.5975917509593494
NIFTY IT,2020-07-21,17273.2,0.08633527056547408
NIFTY IT,2020-07-22,17076.05,-1.141363499525283
NIFTY IT,2020-07-23,17045.2,-0.18066238972126447
NIFTY IT,2020-07-24,17286.0,1.412714429868811
NIFTY IT,2020-07-27,17626.75,1.971248409117199
NIFTY IT,2020-07-28,18042.75,2.3600493568014524
NIFTY IT,2020-07-29,17880.5,-0.8992531626276445
NIFTY IT,2020-07-30,18003.55,0.6881798607421441
NIFTY IT,2020-07-31,18071.85,0.3793696243240774
NIFTY IT,2020-08-03,17965.8,-0.5868242598295104
NIFTY IT,2020-08-04,17808.0,-0.8783355041244945
NIFTY IT,2020-08-05,17869.8,0.3470350404312539
NIFTY IT,2020-08-06,18188.75,1.7848548948505405
NIFTY IT,2020-08-07,18004.15,-1.0149130643941962
NIFTY IT,2020-08-10,18159.55,0.8631343329176699
NIFTY IT,2020-08-11,18057.1,-0.5641659622622863
NIFTY IT,2020-08-12,18066.0,0.049288091664778655
NIFTY IT,2020-08-13,18107.2,0.22805269567143238
NIFTY IT,2020-08-14,18022.65,-0.466941327206849
NIFTY IT,2020-08-17,18223.6,1.114985865008733
NIFTY IT,2020-08-18,18270.35,0.2565354814636045
NIFTY IT,2020-08-19,18210.85,-0.32566425930538045
NIFTY IT,2020-08-20,18126.1,-0.46538190144885805
NIFTY IT,2020-08-21,18065.3,-0.3354279188573339
NIFTY IT,2020-08-24,18010.95,-0.30085301655659036
NIFTY IT,2020-08-25,17973.7,-0.20681862977799392
NIFTY IT,2020-08-26,18128.0,0.858476551850762
NIFTY IT,2020-08-27,18102.65,-0.13983892321269842
NIFTY IT,2020-08-28,18122.0,0.10689042764455703
NIFTY IT,2020-08-31,17928.85,-1.065831585917676
NIFTY IT,2020-09-01,17814.05,-0.6403087760787796
NIFTY IT,2020-09-02,18076.95,1.4758014039480072
NIFTY IT,2020-09-03,18348.55,1.5024658473912877
NIFTY IT,2020-09-04,18073.95,-1.4965760237184877
NIFTY IT,2020-09-07,18176.8,0.5690510375429669
NIFTY IT,2020-09-08,18395.75,1.2045574578583684
NIFTY IT,2020-09-09,18261.5,-0.729788130410558
NIFTY IT,2020-09-10,18395.85,0.7357007912822011
NIFTY IT,2020-09-11,18633.25,1.2905084570704828
NIFTY IT,2020-09-14,19505.1,4.679001247769432
NIFTY IT,2020-09-15,19627.3,0.6265028120850502
NIFTY IT,2020-09-16,19770.35,0.7288317802244704
NIFTY IT,2020-09-17,19817.7,0.23950005943245145
NIFTY IT,2020-09-18,19827.05,0.04718004612038751
NIFTY IT,2020-09-21,19728.95,-0.49477859792554924
NIFTY IT,2020-09-22,19866.1,0.6951713091674749
NIFTY IT,2020-09-23,19805.65,-0.3042872028228838
NIFTY IT,2020-09-24,18973.0,-4.2041033745421235
NIFTY IT,2020-09-25,19629.35,3.459389658989087
NIFTY IT,2020-09-28,19783.0,0.7827564336058135
NIFTY IT,2020-09-29,19831.8,0.2466764393671328
NIFTY IT,2020-09-30,19951.3,0.6025675934610009
NIFTY IT,2020-10-01,20110.4,0.7974417707117043
NIFTY IT,2020-10-05,20809.0,3.4738244888216974
NIFTY IT,2020-10-06,20896.75,0.4216925368830893
NIFTY IT,2020-10-07,21017.4,0.5773625085240708
NIFTY IT,2020-10-08,21697.25,3.2347007717415055
NIFTY IT,2020-10-09,21837.6,0.6468561684084273
NIFTY IT,2020-10-12,22202.1,1.6691394658753689
NIFTY IT,2020-10-13,22492.6,1.3084347877002633
NIFTY IT,2020-10-14,22204.05,-1.2828663649377958
NIFTY IT,2020-10-15,21567.3,-2.8677200780938605
NIFTY IT,2020-10-16,21538.15,-0.13515831838013526
NIFTY IT,2020-10-19,21391.9,-0.6790276787932092
NIFTY IT,2020-10-20,21694.35,1.413852906941404
NIFTY IT,2020-10-21,21577.65,-0.5379280780479556
NIFTY IT,2020-10-22,21413.5,-0.7607408591760567
NIFTY IT,2020-10-23,21523.6,0.5141616270109894
NIFTY IT,2020-10-26,21265.7,-1.1982196286866365
NIFTY IT,2020-10-27,21023.4,-1.1393934834028507
NIFTY IT,2020-10-28,20810.3,-1.0136324286271536
NIFTY IT,2020-10-29,20876.95,0.32027409503947446
NIFTY IT,2020-10-30,20916.85,0.19111987143713982
NIFTY IT,2020-11-02,20732.3,-0.8823030236388307
NIFTY IT,2020-11-03,20736.0,0.017846548622202363
NIFTY IT,2020-11-04,21104.55,1.7773437500000044
NIFTY IT,2020-11-05,21385.65,1.33194026880461
NIFTY IT,2020-11-06,21492.25,0.4984650922464251
NIFTY IT,2020-11-09,21820.15,1.5256662285242362
NIFTY IT,2020-11-10,20978.5,-3.857214547104404
NIFTY IT,2020-11-11,21330.45,1.6776699954715646
NIFTY IT,2020-11-12,21363.35,0.15423959644544905
NIFTY IT,2020-11-13,21436.85,0.34404716488753984
NIFTY IT,2020-11-14,21552.75,0.5406577925394895
NIFTY IT,2020-11-17,21488.55,-0.29787382120611827
NIFTY IT,2020-11-18,21314.85,-0.8083374634398344
NIFTY IT,2020-11-19,21114.45,-0.9401895861335996
NIFTY IT,2020-11-20,21409.25,1.3962002325421663
NIFTY IT,2020-11-23,22007.05,2.792251012996716
NIFTY IT,2020-11-24,22064.3,0.26014390842934443
NIFTY IT,2020-11-25,21705.9,-1.6243433963461285
NIFTY IT,2020-11-26,21859.9,0.7094845180342757
NIFTY IT,2020-11-27,21764.9,-0.4345857025878419
NIFTY IT,2020-12-01,22170.85,1.8651590404734186
NIFTY IT,2021-01-01,24456.1,10.307453255062393
NIFTY IT,2021-01-04,25110.05,2.6739750001022244
NIFTY IT,2021-01-05,25769.15,2.6248454304153235
NIFTY IT,2021-01-06,25419.15,-1.3582132123100665
NIFTY IT,2021-01-07,25251.2,-0.6607223294248676
NIFTY IT,2021-01-08,26162.4,3.6085413762514174
NIFTY IT,2021-01-11,27027.7,3.307418279668539
NIFTY IT,2021-01-12,26982.1,-0.16871579897661526
NIFTY IT,2021-01-13,27004.3,0.08227676867256228
NIFTY IT,2021-01-14,26965.55,-0.14349566550512227
NIFTY IT,2021-01-15,26362.8,-2.2352594328689745
NIFTY IT,2021-01-18,25916.25,-1.6938640812053318
NIFTY IT,2021-01-19,26043.5,0.4910046785318034
NIFTY IT,2021-01-20,26619.7,2.212452243362062
NIFTY IT,2021-01-21,26450.15,-0.6369343005368178
NIFTY IT,2021-01-22,26489.75,0.14971559707599447
NIFTY IT,2021-01-25,26023.3,-1.760869770382889
NIFTY IT,2021-01-27,25865.3,-0.6071482094891834
NIFTY IT,2021-01-28,25301.25,-2.180720888603649
NIFTY IT,2021-01-29,24645.75,-2.5907810878909143
NIFTY IT,2021-02-01,24922.7,1.1237231571366246
NIFTY IT,2021-02-02,25447.8,2.106914579880992
NIFTY IT,2021-02-03,25680.9,0.9159927380755883
NIFTY IT,2021-02-04,25570.05,-0.43164375080313455
NIFTY IT,2021-02-05,25331.6,-0.9325363071249426
NIFTY IT,2021-02-08,25915.6,2.305420897219279
NIFTY IT,2021-02-09,25779.15,-0.5265168469956172
NIFTY IT,2021-02-10,25885.3,0.41176687361685893
NIFTY IT,2021-02-11,26043.45,0.6109645242666772
NIFTY IT,2021-02-12,26093.8,0.19333076070950916
NIFTY IT,2021-02-15,26001.1,-0.35525680429834283
NIFTY IT,2021-02-16,25613.95,-1.4889754664225707
NIFTY IT,2021-02-17,25282.95,-1.2922645667692745
NIFTY IT,2021-02-18,25618.55,1.3273767499441202
NIFTY IT,2021-02-19,25503.2,-0.4502596751182142
NIFTY IT,2021-02-22,24766.45,-2.888853163524574
NIFTY IT,2021-02-23,24807.8,0.16695973787119733
NIFTY IT,2021-02-24,24779.4,-0.11448012318705514
NIFTY IT,2021-02-25,24872.45,0.3755135314010838
NIFTY IT,2021-02-26,24301.45,-2.295712726329735
NIFTY IT,2021-03-01,24556.3,1.0487028551794175
NIFTY IT,2021-03-02,25301.85,3.036084426399732
NIFTY IT,2021-03-03,25772.65,1.8607335036766148
NIFTY IT,2021-03-04,25631.85,-0.5463155709638068
NIFTY IT,2021-03-05,25229.6,-1.5693365870976916
NIFTY IT,2021-03-08,25347.95,0.4690918603545091
NIFTY IT,2021-03-09,25582.35,0.9247296132428806
NIFTY IT,2021-03-10,26010.1,1.6720512384515107
NIFTY IT,2021-03-12,25888.25,-0.46847186285327025
NIFTY IT,2021-03-15,26032.05,0.5554643515880642
NIFTY IT,2021-03-16,26363.85,1.2745826778912894
NIFTY IT,2021-03-17,26183.5,-0.6840806634842767
NIFTY IT,2021-03-18,25373.35,-3.094124162163203
NIFTY IT,2021-03-19,25562.75,0.746452478683346
NIFTY IT,2021-03-22,26035.35,1.8487838749743135
NIFTY IT,2021-03-23,26105.7,0.2702095420265227
NIFTY IT,2021-03-24,25802.95,-1.159708416169647
NIFTY IT,2021-03-25,25237.1,-2.19296630811594
NIFTY IT,2021-03-26,25385.1,0.5864382199222584
NIFTY IT,2021-03-30,26121.1,2.8993385883845146
NIFTY IT,2021-03-31,25855.0,-1.0187166696655092
NIFTY IT,2021-04-01,25980.4,0.4850125701024943
NIFTY IT,2021-04-05,26491.35,1.966674877984942
NIFTY IT,2021-04-06,26532.2,0.1542012770206158
NIFTY IT,2021-04-07,26831.0,1.126178756379037
NIFTY IT,2021-04-08,27148.4,1.1829600089448888
NIFTY IT,2021-04-09,27367.05,0.8053881628383275
NIFTY IT,2021-04-12,26727.8,-2.3358381703544984
NIFTY IT,2021-04-13,25851.3,-3.2793570739080624
NIFTY IT,2021-04-15,26010.85,0.6171836619434989
NIFTY IT,2021-04-16,26324.9,1.207380766103383
NIFTY IT,2021-04-19,26236.9,-0.3342842707854565
NIFTY IT,2021-04-20,25877.6,-1.3694453231898662
NIFTY IT,2021-04-22,25826.7,-0.1966952113024334
NIFTY IT,2021-04-23,25609.1,-0.8425389228976288
NIFTY IT,2021-04-26,25680.3,0.27802617038474864
NIFTY IT,2021-04-27,25815.75,0.5274471092627353
NIFTY IT,2021-04-28,25962.1,0.5669019881273885
NIFTY IT,2021-04-29,25874.3,-0.3381852777702865
NIFTY IT,2021-04-30,25664.45,-0.8110364338358877
NIFTY IT,2021-05-03,25676.05,0.04519870871964038
NIFTY IT,2021-05-04,25489.0,-0.7284999055540031
NIFTY IT,2021-05-05,25786.95,1.1689356192867484
NIFTY IT,2021-05-06,26258.7,1.8294137150768108
NIFTY IT,2021-05-07,26269.45,0.040938812660185064
NIFTY IT,2021-05-10,26273.45,0.015226812894830744
NIFTY IT,2021-05-11,26106.7,-0.6346711223687795
NIFTY IT,2021-05-12,25855.45,-0.9623966261534389
NIFTY IT,2021-05-14,25588.2,-1.0336312073469966
NIFTY IT,2021-05-17,25703.55,0.4507937252327121
NIFTY IT,2021-05-18,25958.25,0.9909137064724627
NIFTY IT,2021-05-19,25982.8,0.09457494245566078
NIFTY IT,2021-05-20,25894.45,-0.34003263697522934
NIFTY IT,2021-05-21,26105.3,0.8142671499104859
NIFTY IT,2021-05-24,26144.2,0.14901188647515884
NIFTY IT,2021-05-25,26393.9,0.9550875528798075
NIFTY IT,2021-05-26,26857.3,1.7557087054205667
NIFTY IT,2021-05-27,27164.8,1.1449401093929668
NIFTY IT,2021-05-28,27122.8,-0.1546118506302263
NIFTY IT,2021-05-31,27115.05,-0.028573746073412565
NIFTY IT,2021-06-01,27144.4,0.10824247050993385
NIFTY IT,2021-06-02,26939.65,-0.754299229306965
NIFTY IT,2021-06-03,26987.9,0.17910403438796685
NIFTY IT,2021-06-04,26996.75,0.032792473664122745
NIFTY IT,2021-06-07,27295.65,1.1071703075370198
NIFTY IT,2021-06-08,27623.8,1.2022062123451915
NIFTY IT,2021-06-09,27539.0,-0.306981660741823
NIFTY IT,2021-06-10,27798.0,0.940484403936237
NIFTY IT,2021-06-11,28217.5,1.509101374199573
NIFTY IT,2021-06-14,28314.1,0.34234074599095443
NIFTY IT,2021-06-15,28377.85,0.22515283904485095
NIFTY IT,2021-06-16,28448.85,0.2501951345855957
NIFTY IT,2021-06-17,28611.35,0.571200593345611
NIFTY IT,2021-06-18,28445.6,-0.5793155513458825
NIFTY IT,2021-06-21,28367.0,-0.2763168996259502
NIFTY IT,2021-06-22,28523.55,0.55187365600875
NIFTY IT,2021-06-23,28258.5,-0.9292321607934473
NIFTY IT,2021-06-24,29048.0,2.7938496381619604
NIFTY IT,2021-06-25,29210.55,0.5595910217570887
NIFTY IT,2021-06-28,29068.55,-0.48612573197012177
NIFTY IT,2021-06-29,28986.25,-0.28312385722714106
NIFTY IT,2021-06-30,29168.0,0.6270214325757806
NIFTY IT,2021-07-01,29003.1,-0.5653455842018706
NIFTY IT,2021-07-02,29007.95,0.016722350369446914
NIFTY IT,2021-07-05,28950.6,-0.1977044224083513
NIFTY IT,2021-07-06,28649.4,-1.0403929452239224
NIFTY IT,2021-07-07,28734.65,0.2975629507075084
NIFTY IT,2021-07-08,28748.95,0.04976570099166633
NIFTY IT,2021-07-09,28662.2,-0.3017501508750797
NIFTY IT,2021-07-12,28532.35,-0.45303570556343153
NIFTY IT,2021-07-13,28439.75,-0.3245438949122659
NIFTY IT,2021-07-14,29339.85,3.16493640063642
NIFTY IT,2021-07-15,29718.05,1.2890318116827393
NIFTY IT,2021-07-16,29400.25,-1.0693837583556132
NIFTY IT,2021-07-19,29264.0,-0.46343143340618065
NIFTY IT,2021-07-20,29252.5,-0.03929743028977528
NIFTY IT,2021-07-22,29779.95,1.8030937526707147
NIFTY IT,2021-07-23,29894.3,0.38398318331629433
NIFTY IT,2021-07-26,29940.4,0.1542099998996571
NIFTY IT,2021-07-27,29892.55,-0.15981750410817286
NIFTY IT,2021-07-28,29954.15,0.20607141244224358
NIFTY IT,2021-07-29,30371.4,1.3929622439628586
NIFTY IT,2021-07-30,30480.05,0.3577378718136126
NIFTY IT,2021-08-02,30803.0,1.0595455059948966
NIFTY IT,2021-08-03,31165.85,1.177969678278079
NIFTY IT,2021-08-04,30977.1,-0.6056308427333068
NIFTY IT,2021-08-05,31211.2,0.7557195476658674
NIFTY IT,2021-08-06,31303.3,0.2950863792484659
NIFTY IT,2021-08-09,31441.0,0.4398897240865951
NIFTY IT,2021-08-10,31713.35,0.866225628955819
NIFTY IT,2021-08-11,31670.0,-0.13669322225497993
NIFTY IT,2021-08-12,32245.1,1.8159141143037516
NIFTY IT,2021-08-13,32678.8,1.3450105597439643
NIFTY IT,2021-08-16,32577.95,-0.3086098632752665
NIFTY IT,2021-08-17,33414.75,2.568608522021787
NIFTY IT,2021-08-18,33448.9,0.1022003755826395
NIFTY IT,2021-08-20,33351.35,-0.2916388879753984
NIFTY IT,2021-08-23,33919.8,1.704428756257248
NIFTY IT,2021-08-24,33838.4,-0.23997783005796913
NIFTY IT,2021-08-25,34083.95,0.7256548772991422
NIFTY IT,2021-08-26,34041.1,-0.1257189967712069
NIFTY IT,2021-08-27,34309.8,0.7893399449489191
NIFTY IT,2021-08-30,34109.2,-0.5846726008312708
NIFTY IT,2021-08-31,34570.2,1.351541519590027
NIFTY IT,2021-09-01,34110.5,-1.3297579996644382
NIFTY IT,2021-09-02,34680.3,1.670453379457948
NIFTY IT,2021-09-03,34891.15,0.607982053211753
NIFTY IT,2021-09-06,35415.1,1.501670194304272
NIFTY IT,2021-09-07,34951.25,-1.309752054914426
NIFTY IT,2021-09-08,34678.2,-0.7812310003218803
NIFTY IT,2021-09-09,34802.3,0.35786171139218226
NIFTY IT,2021-09-13,35129.6,0.9404550848650661
NIFTY IT,2021-09-14,35431.5,0.8593892330114761
NIFTY IT,2021-09-15,36075.2,1.8167449868055074
NIFTY IT,2021-09-16,35852.4,-0.617598793631069
NIFTY IT,2021-09-17,35646.5,-0.5742990706340434
NIFTY IT,2021-09-20,35400.05,-0.6913722244820564
NIFTY IT,2021-09-21,36086.05,1.9378503702678351
NIFTY IT,2021-09-22,36422.4,0.9320776311067425
NIFTY IT,2021-09-23,36816.9,1.0831246705324205
NIFTY IT,2021-09-24,37103.25,0.7777678185833192
NIFTY IT,2021-09-27,36034.4,-2.8807449482188163
NIFTY IT,2021-09-28,35239.95,-2.2046988433275017
NIFTY IT,2021-09-29,35282.65,0.12116929791332609
NIFTY IT,2021-09-30,35028.0,-0.7217428396109726
NIFTY IT,2021-10-01,34780.6,-0.7062921091698149
NIFTY IT,2021-10-04,35126.15,0.9935136254118682
NIFTY IT,2021-10-05,35544.3,1.190423658727191
NIFTY IT,2021-10-06,35075.8,-1.31807350264318
NIFTY IT,2021-10-07,35703.85,1.7905507500898032
NIFTY IT,2021-10-08,36402.0,1.9553913653569621
NIFTY IT,2021-10-11,35179.95,-3.35709576396902
NIFTY IT,2021-10-12,34869.75,-0.8817522480844886
NIFTY IT,2021-10-13,35285.6,1.1925809620086048
NIFTY IT,2021-10-14,35744.8,1.3013807332169725
NIFTY IT,2021-10-18,36306.35,1.5709977395313324
NIFTY IT,2021-10-19,37106.35,2.203471293589132
NIFTY IT,2021-10-20,36846.8,-0.6994759657039662
NIFTY IT,2021-10-21,35913.6,-2.532648696766082
NIFTY IT,2021-10-22,35394.65,-1.4449957676200609
NIFTY IT,2021-10-25,35005.4,-1.0997424752045903
NIFTY IT,2021-10-26,35162.35,0.4483593959788923
NIFTY IT,2021-10-27,35503.9,0.971351459728953
NIFTY IT,2021-10-28,34913.6,-1.6626342458152532
NIFTY IT,2021-10-29,34408.75,-1.4459981210760198
NIFTY IT,2021-11-01,35289.95,2.5609764958041126
NIFTY IT,2021-11-02,35177.35,-0.31907101030179685
NIFTY IT,2021-11-03,35177.1,-0.0007106845740234569
NIFTY IT,2021-11-04,35334.25,0.4467394981394257
NIFTY IT,2021-11-08,35782.35,1.2681746464124677
NIFTY IT,2021-11-09,35815.1,0.09152557056761879
NIFTY IT,2021-11-10,35722.95,-0.2572937113117124
NIFTY IT,2021-11-11,35583.65,-0.3899453992461277
NIFTY IT,2021-11-12,36332.25,2.1037751888858924
NIFTY IT,2021-11-15,36465.3,0.3662035794645302
NIFTY IT,2021-11-16,36643.85,0.48964357896410515
NIFTY IT,2021-11-17,36660.9,0.04652895369892107
NIFTY IT,2021-11-18,36007.0,-1.783644154944375
NIFTY IT,2021-11-22,35478.95,-1.466520398811355
NIFTY IT,2021-11-23,35504.4,0.07173267529057004
NIFTY IT,2021-11-24,34966.25,-1.5157276281249743
NIFTY IT,2021-11-25,35300.25,0.9552068065634689
NIFTY IT,2021-11-26,34606.1,-1.9664166684371986
NIFTY IT,2021-11-29,34870.75,0.7647495672728155
NIFTY IT,2021-11-30,35043.75,0.4961178064710303
NIFTY IT,2021-12-01,35428.95,1.0991974317816844
NIFTY IT,2022-01-03,39123.8,10.428900658924434
NIFTY IT,2022-01-04,39370.7,0.6310736687131557
NIFTY IT,2022-01-05,38609.15,-1.9343064766437879
NIFTY IT,2022-01-06,38009.0,-1.554424275074695
NIFTY IT,2022-01-07,38139.85,0.3442605698650292
NIFTY IT,2022-01-10,38212.2,0.18969660342134098
NIFTY IT,2022-01-11,38605.4,1.028990741176905
NIFTY IT,2022-01-12,38604.75,-0.0016837022799975898
NIFTY IT,2022-01-13,38607.0,0.00582829833115639
NIFTY IT,2022-01-14,38826.85,0.5694563162120803
NIFTY IT,2022-01-17,38804.95,-0.05640426663507947
NIFTY IT,2022-01-18,38091.75,-1.8379098542840477
NIFTY IT,2022-01-19,37281.7,-2.1265759646117655
NIFTY IT,2022-01-20,36662.2,-1.6616731533165119
NIFTY IT,2022-01-21,36054.55,-1.6574291777361805
NIFTY IT,2022-01-24,34821.6,-3.4196793469895015
NIFTY IT,2022-01-25,34707.45,-0.3278137707629747
NIFTY IT,2022-01-27,33475.05,-3.5508226619933025
NIFTY IT,2022-01-28,33851.95,1.1259131801147237
NIFTY IT,2022-01-31,34824.55,2.8730988909058564
NIFTY IT,2022-02-01,35371.65,1.5710181466809914
NIFTY IT,2022-02-02,35788.75,1.1791929412396707
NIFTY IT,2022-02-03,35056.8,-2.045195766826158
NIFTY IT,2022-02-04,35080.1,0.06646356769584028
NIFTY IT,2022-02-07,34621.2,-1.308149064569375
NIFTY IT,2022-02-08,34521.55,-0.28782942243479326
NIFTY IT,2022-02-09,34983.3,1.3375703002906913
NIFTY IT,2022-02-10,35341.85,1.0249176035422414
NIFTY IT,2022-02-11,34379.05,-2.724249013563229
NIFTY IT,2022-02-14,33880.65,-1.449720105703911
NIFTY IT,2022-02-15,34913.3,3.0479049250826007
NIFTY IT,2022-02-16,34801.9,-0.31907611139594394
NIFTY IT,2022-02-17,34634.1,-0.48215758335034
NIFTY IT,2022-02-18,34483.05,-0.4361308652455098
NIFTY IT,2022-02-21,34472.0,-0.03204472922204715
NIFTY IT,2022-02-22,34129.55,-0.9934149454629781
NIFTY IT,2022-02-23,34114.3,-0.04468268699704403
NIFTY IT,2022-02-24,32547.9,-4.591622867829626
NIFTY IT,2022-02-25,33476.95,2.8544084257355884
NIFTY IT,2022-02-28,33847.85,1.1079264986804338
NIFTY IT,2022-03-02,33720.0,-0.3777197074555705
NIFTY IT,2022-03-03,34130.3,1.216785290628719
NIFTY IT,2022-03-04,34177.7,0.13887952933315795
NIFTY IT,2022-03-07,34135.9,-0.12230196882760946
NIFTY IT,2022-03-08,35055.55,2.694084526847096
NIFTY IT,2022-03-09,35440.55,1.09825690939096
NIFTY IT,2022-03-10,35399.1,-0.11695642420900265
NIFTY IT,2022-03-11,35348.7,-0.14237650109748534
NIFTY IT,2022-03-14,36028.0,1.9217114066429675
NIFTY IT,2022-03-15,35097.85,-2.581741978461205
NIFTY IT,2022-03-16,35729.65,1.8001102631642674
NIFTY IT,2022-03-17,35643.6,-0.24083639218408504
NIFTY IT,2022-03-21,35377.7,-0.745996476225752
NIFTY IT,2022-03-22,36070.45,1.9581544306158882
NIFTY IT,2022-03-23,36082.0,0.03202067065979364
NIFTY IT,2022-03-24,36516.75,1.204894407183632
NIFTY IT,2022-03-25,36152.3,-0.998035148253873
NIFTY IT,2022-03-28,36026.05,-0.34921706226159754
NIFTY IT,2022-03-29,36146.75,0.3350353424813379
NIFTY IT,2022-03-30,36463.55,0.8764273413239154
NIFTY IT,2022-03-31,36317.2,-0.40135971401579207
NIFTY IT,2022-04-01,36343.4,0.0721421254942678
NIFTY IT,2022-04-04,36442.9,0.27377735709923634
NIFTY IT,2022-04-05,36466.55,0.06489604285060402
NIFTY IT,2022-04-06,35871.5,-1.6317693886589324
NIFTY IT,2022-04-07,35423.2,-1.2497386504606856
NIFTY IT,2022-04-08,35394.45,-0.08116149867882783
NIFTY IT,2022-04-11,34895.9,-1.408554165977982
NIFTY IT,2022-04-12,34379.5,-1.4798300086829697
NIFTY IT,2022-04-13,34354.75,-0.07199057577916834
NIFTY IT,2022-04-18,32780.05,-4.583645638521594
NIFTY IT,2022-04-19,31804.2,-2.976963122386944
NIFTY IT,2022-04-20,32173.35,1.1606957571641319
NIFTY IT,2022-04-21,32611.6,1.3621522160421673
NIFTY IT,2022-04-22,32426.7,-0.5669761679892971
NIFTY IT,2022-04-25,31744.0,-2.1053637897164967
NIFTY IT,2022-04-26,31840.05,0.3025768649193461
NIFTY IT,2022-04-27,31594.35,-0.7716696424785785
NIFTY IT,2022-04-28,31914.35,1.0128393209545283
NIFTY IT,2022-04-29,31622.4,-0.9147922486279603
NIFTY IT,2022-05-02,31138.8,-1.52929568913176
NIFTY IT,2022-05-04,30794.6,-1.105373360566242
NIFTY IT,2022-05-05,31432.45,2.0713047092672188
NIFTY IT,2022-05-06,30719.45,-2.2683564278317525
NIFTY IT,2022-05-09,30733.3,0.04508544261045966
NIFTY IT,2022-05-10,30427.2,-0.9959880650629693
NIFTY IT,2022-05-11,30050.2,-1.2390229794394525
NIFTY IT,2022-05-12,29756.85,-0.9761998256251236
NIFTY IT,2022-05-13,29624.85,-0.4435953402325832
NIFTY IT,2022-05-16,29403.5,-0.7471767789541506
NIFTY IT,2022-05-17,30218.7,2.7724590609961464
NIFTY IT,2022-05-18,30077.7,-0.46659849695718236
NIFTY IT,2022-05-19,28352.15,-5.736974569199105
NIFTY IT,2022-05-20,28789.4,1.542211084520928
NIFTY IT,2022-05-23,29079.3,1.0069678423308526
NIFTY IT,2022-05-24,28531.5,-1.8838142596279805
NIFTY IT,2022-05-25,27566.1,-3.3836286209978472
NIFTY IT,2022-05-26,27932.55,1.3293501801125318
NIFTY IT,2022-05-27,28641.6,2.5384363403985644
NIFTY IT,2022-05-30,29753.3,3.8814172392603874
NIFTY IT,2022-05-31,29679.05,-0.24955215051776225
NIFTY IT,2022-06-01,29260.75,-1.4094116893903275
NIFTY IT,2022-06-02,29792.35,1.8167681963039195
NIFTY IT,2022-06-03,29903.8,0.37408932158760066
NIFTY IT,2022-06-06,29819.8,-0.2809007550879872
NIFTY IT,2022-06-07,29351.7,-1.5697623726517285
NIFTY IT,2022-06-08,29472.15,0.41036805363914297
NIFTY IT,2022-06-09,29761.55,0.9819439708334654
NIFTY IT,2022-06-10,29114.3,-2.174785923448208
NIFTY IT,2022-06-13,27914.6,-4.120655485448732
NIFTY IT,2022-06-14,27953.35,0.13881624669527248
NIFTY IT,2022-06-15,27812.45,-0.5040540758084355
NIFTY IT,2022-06-16,27136.45,-2.4305661673099666
NIFTY IT,2022-06-17,26732.45,-1.4887724812936098
NIFTY IT,2022-06-20,26966.2,0.8744054510529287
NIFTY IT,2022-06-21,27810.6,3.131327365368497
NIFTY IT,2022-06-22,27488.35,-1.1587308436351584
NIFTY IT,2022-06-23,28027.8,1.9624677363319298
NIFTY IT,2022-06-24,27777.8,-0.8919715425399044
NIFTY IT,2022-06-27,28345.95,2.04533836372931
NIFTY IT,2022-06-28,28509.1,0.5755672327087291
NIFTY IT,2022-06-29,28140.1,-1.2943235668611108
NIFTY IT,2022-06-30,27843.35,-1.0545449376512472
NIFTY IT,2022-07-01,28064.25,0.7933671774409401
NIFTY IT,2022-07-04,27890.65,-0.618580578493988
NIFTY IT,2022-07-05,27695.15,-0.7009517526482933
NIFTY IT,2022-07-06,28007.6,1.128175871948689
NIFTY IT,2022-07-07,28196.35,0.6739242205687113
NIFTY IT,2022-07-08,28250.3,0.19133682196454949
NIFTY IT,2022-07-11,27380.55,-3.078728367486361
NIFTY IT,2022-07-12,27063.75,-1.1570256988993943
NIFTY IT,2022-07-13,26949.75,-0.4212276569211637
NIFTY IT,2022-07-14,26523.3,-1.582389447026411
NIFTY IT,2022-07-15,26484.7,-0.1455324186658502
NIFTY IT,2022-07-18,27322.95,3.1650349069462846
NIFTY IT,2022-07-19,27346.1,0.08472730799564676
NIFTY IT,2022-07-20,28146.35,2.926377070222075
NIFTY IT,2022-07-21,28342.9,0.6983143462651498
NIFTY IT,2022-07-22,28168.15,-0.6165565273842821
NIFTY IT,2022-07-25,28216.0,0.169872710845409
NIFTY IT,2022-07-26,27418.85,-2.825170116246112
NIFTY IT,2022-07-27,27878.8,1.677495591536493
NIFTY IT,2022-07-28,28663.05,2.8130694291002456
NIFTY IT,2022-07-29,29152.3,1.7069013939549293
NIFTY IT,2022-08-01,29220.0,0.23222867492445065
NIFTY IT,2022-08-02,29024.65,-0.6685489390828137
NIFTY IT,2022-08-03,29416.95,1.351609752400118
NIFTY IT,2022-08-04,29782.9,1.2440106809169516
NIFTY IT,2022-08-05,29973.55,0.6401324249821094
NIFTY IT,2022-08-08,29967.7,-0.01951720767142673
NIFTY IT,2022-08-10,29701.15,-0.8894576494025253
NIFTY IT,2022-08-11,30233.7,1.7930282160791622
NIFTY IT,2022-08-12,29885.9,-1.1503719359522657
NIFTY IT,2022-08-16,29909.0,0.07729397475062516
NIFTY IT,2022-08-17,30256.9,1.1631950249088918
NIFTY IT,2022-08-18,30018.9,-0.7865974372787687
NIFTY IT,2022-08-19,30036.1,0.057297236074593805
NIFTY IT,2022-08-22,29478.9,-1.855101028429118
NIFTY IT,2022-08-23,28957.85,-1.7675354236420082
NIFTY IT,2022-08-24,28859.85,-0.3384229146846218
NIFTY IT,2022-08-25,28608.65,-0.870413394387004
NIFTY IT,2022-08-26,28691.6,0.2899472711924478
NIFTY IT,2022-08-29,27678.95,-3.529430216509355
NIFTY IT,2022-08-30,28407.9,2.6335897857397095
NIFTY IT,2022-09-01,27846.8,-1.9751547984891649
NIFTY IT,2022-09-02,27745.8,-0.3626987661059844
NIFTY IT,2022-09-05,27836.6,0.32725673795672705
NIFTY IT,2022-09-06,27742.8,-0.336966439866937
NIFTY IT,2022-09-07,27832.4,0.32296667964302195
NIFTY IT,2022-09-08,28102.4,0.9700924102844066
NIFTY IT,2022-09-09,28724.0,2.2119107264859883
NIFTY IT,2022-09-12,29131.2,1.4176298565659495
NIFTY IT,2022-09-13,29116.85,-0.04925990003845637
NIFTY IT,2022-09-14,28137.6,-3.363172870691711
NIFTY IT,2022-09-15,27734.35,-1.4331357329694039
NIFTY IT,2022-09-16,26706.45,-3.706234326746427
NIFTY IT,2022-09-19,26810.15,0.3882957113356511
NIFTY IT,2022-09-20,27020.6,0.784963903596192
NIFTY IT,2022-09-21,26843.25,-0.6563510802868877
NIFTY IT,2022-09-22,26782.65,-0.22575507809224904
NIFTY IT,2022-09-23,26592.35,-0.7105346184936967
NIFTY IT,2022-09-26,26743.65,0.5689606221338295
NIFTY IT,2022-09-27,27004.15,0.9740630018714613
NIFTY IT,2022-09-28,27067.65,0.23514904190651276
NIFTY IT,2022-09-29,26819.05,-0.9184395394502332
NIFTY IT,2022-09-30,26981.15,0.6044211111131848
NIFTY IT,2022-10-03,26729.1,-0.934170708068427
NIFTY IT,2022-10-04,27496.95,2.872711763583524
NIFTY IT,2022-10-06,27928.75,1.5703559849365112
NIFTY IT,2022-10-07,27733.6,-0.6987423354070654
NIFTY IT,2022-10-10,28027.6,1.0600859607119206
NIFTY IT,2022-10-11,27469.5,-1.9912514806833204
NIFTY IT,2022-10-12,27694.65,0.819636323922901
NIFTY IT,2022-10-13,27506.2,-0.6804563336240022
NIFTY IT,2022-10-14,27954.05,1.628178374330136
NIFTY IT,2022-10-17,28019.1,0.23270331132698718
NIFTY IT,2022-10-18,28315.2,1.0567791256678616
NIFTY IT,2022-10-19,28060.35,-0.900046618070871
NIFTY IT,2022-10-20,28432.2,1.325179479229588
NIFTY IT,2022-10-21,28336.9,-0.33518334845702435
NIFTY IT,2022-10-24,28534.3,0.6966181904160207
NIFTY IT,2022-10-25,28722.85,0.6607836884030771
NIFTY IT,2022-10-27,28572.2,-0.5244953060020041
NIFTY IT,2022-10-28,28318.35,-0.8884510118226885
NIFTY IT,2022-10-31,28727.6,1.4451760077829334
NIFTY IT,2022-11-01,29270.65,1.8903423885044512
NIFTY IT,2022-11-02,29138.65,-0.4509636786337201
NIFTY IT,2022-11-03,28795.75,-1.1767875313372533
NIFTY IT,2022-11-04,28693.05,-0.3566498528428719
NIFTY IT,2022-11-07,28741.3,0.16815918837489452
NIFTY IT,2022-11-09,28626.8,-0.39838142324807313
NIFTY IT,2022-11-10,28505.75,-0.4228555060293182
NIFTY IT,2022-11-11,29591.95,3.8104592933004833
NIFTY IT,2022-11-14,29849.3,0.8696621885343703
NIFTY IT,2022-11-15,29865.25,0.05343508893005389
NIFTY IT,2022-11-16,29951.5,0.28879718066985305
NIFTY IT,2022-11-17,29681.4,-0.9017912291537922
NIFTY IT,2022-11-18,29669.25,-0.04093472679860266
NIFTY IT,2022-11-21,29209.55,-1.5494156407728554
NIFTY IT,2022-11-22,29446.9,0.8125767086449631
NIFTY IT,2022-11-23,29405.6,-0.1402524544179662
NIFTY IT,2022-11-24,30178.65,2.628921021846198
NIFTY IT,2022-11-25,30334.6,0.5167560510493274
NIFTY IT,2022-11-28,30309.65,-0.08224931266604951
NIFTY IT,2022-11-29,30345.65,0.11877405380793515
NIFTY IT,2022-11-30,30391.7,0.1517515690057758
NIFTY IT,2022-12-01,31120.5,2.398023144476946
NIFTY IT,2023-01-02,28737.3,-7.657974646936905
NIFTY IT,2023-01-03,28962.3,0.7829545573174945
NIFTY IT,2023-01-04,28677.8,-0.982311487692622
NIFTY IT,2023-01-05,28527.75,-0.5232270257830018
NIFTY IT,2023-01-06,27956.45,-2.0026114923188842
NIFTY IT,2023-01-09,28748.15,2.8319046230834033
NIFTY IT,2023-01-10,28502.7,-0.8537940702271318
NIFTY IT,2023-01-11,28596.35,0.3285653639830466
NIFTY IT,2023-01-12,28720.3,0.4334469259188678
NIFTY IT,2023-01-13,28933.75,0.7432025431489242
NIFTY IT,2023-01-16,29264.65,1.1436471248974067
NIFTY IT,2023-01-17,29498.0,0.79737840705425
NIFTY IT,2023-01-18,29617.8,0.4061292291002827
NIFTY IT,2023-01-19,29632.35,0.04912586350100945
NIFTY IT,2023-01-20,29529.65,-0.34658067956134797
NIFTY IT,2023-01-23,30086.0,1.884038584947656
NIFTY IT,2023-01-24,30316.9,0.7674665957588367
NIFTY IT,2023-01-25,30043.9,-0.900487846712561
NIFTY IT,2023-01-27,29766.45,-0.9234819713818787
NIFTY IT,2023-01-30,30094.85,1.1032555108183795
NIFTY IT,2023-01-31,29740.35,-1.1779424054281673
NIFTY IT,2023-02-01,30018.25,0.9344207448802822
NIFTY IT,2023-02-02,30566.75,1.8272217734211615
NIFTY IT,2023-02-03,30597.6,0.10092666050527388
NIFTY IT,2023-02-06,30411.1,-0.6095249300598793
NIFTY IT,2023-02-07,30310.7,-0.3301426124013851
NIFTY IT,2023-02-08,30774.05,1.5286680941053676
NIFTY IT,2023-02-09,30990.8,0.7043271847546828
NIFTY IT,2023-02-10,30870.2,-0.3891477470733151
NIFTY IT,2023-02-13,30289.65,-1.8806162577501895
NIFTY IT,2023-02-14,30588.75,0.9874660156191872
NIFTY IT,2023-02-15,30934.35,1.1298271423317408
NIFTY IT,2023-02-16,31434.85,1.6179425137428094
NIFTY IT,2023-02-17,31054.85,-1.2088494139466222
NIFTY IT,2023-02-20,31222.35,0.5393682468277872
NIFTY IT,2023-02-21,30947.25,-0.8810995969233515
NIFTY IT,2023-02-22,30608.2,-1.095573920138293
NIFTY IT,2023-02-23,30598.35,-0.0321809188387534
NIFTY IT,2023-02-24,30514.9,-0.27272712417498735
NIFTY IT,2023-02-27,29919.2,-1.9521610754090646
NIFTY IT,2023-02-28,29663.95,-0.8531310997620278
NIFTY IT,2023-03-01,30097.75,1.4623811056855285
NIFTY IT,2023-03-02,29717.45,-1.2635496008837843
NIFTY IT,2023-03-03,29817.05,0.3351566167352882
NIFTY IT,2023-03-06,30179.75,1.2164181231879123
NIFTY IT,2023-03-08,30065.7,-0.37790240144467413
NIFTY IT,2023-03-09,29742.3,-1.0756443388978187
NIFTY IT,2023-03-10,29545.5,-0.6616838643951573
NIFTY IT,2023-03-13,29267.0,-0.9426139344401063
NIFTY IT,2023-03-14,28784.7,-1.6479311169576683
NIFTY IT,2023-03-15,28716.5,-0.23693142537528633
NIFTY IT,2023-03-16,28517.25,-0.6938519666393916
NIFTY IT,2023-03-17,28854.45,1.1824422060331852
NIFTY IT,2023-03-20,28442.95,-1.426123180306682
NIFTY IT,2023-03-21,28164.85,-0.977746682394065
NIFTY IT,2023-03-22,28217.6,0.1872901861717624
NIFTY IT,2023-03-23,27999.25,-0.7738078362440448
NIFTY IT,2023-03-24,27935.65,-0.22714894148949671
NIFTY IT,2023-03-27,27948.7,0.04671450279480904
NIFTY IT,2023-03-28,27702.75,-0.8800051522968921
NIFTY IT,2023-03-29,28011.3,1.1137883423125938
NIFTY IT,2023-03-31,28698.6,2.453652633044512
NIFTY IT,2023-04-03,28633.0,-0.22858257894112777
NIFTY IT,2023-04-05,28977.2,1.2021094541263544
NIFTY IT,2023-04-06,28764.55,-0.7338528222188501
NIFTY IT,2023-04-10,29041.6,0.9631647288068201
NIFTY IT,2023-04-11,28675.75,-1.25974464216847
NIFTY IT,2023-04-12,28980.3,1.0620472001604098
NIFTY IT,2023-04-13,28342.8,-2.1997701887144006
NIFTY IT,2023-04-17,27008.2,-4.70877965479769
NIFTY IT,2023-04-18,27166.95,0.5877844506483321
NIFTY IT,2023-04-19,26687.45,-1.7650122667432266
NIFTY IT,2023-04-20,26637.15,-0.1884781048770101
NIFTY IT,2023-04-21,26822.1,0.6943310376673173
NIFTY IT,2023-04-24,27013.65,0.7141498987775163
NIFTY IT,2023-04-25,26985.8,-0.10309602737875734
NIFTY IT,2023-04-26,27065.0,0.2934876861164115
NIFTY IT,2023-04-27,27355.25,1.0724182523554449
NIFTY IT,2023-04-28,27708.2,1.290245930854228
NIFTY IT,2023-05-02,28025.0,1.1433438476696312
NIFTY IT,2023-05-03,27743.75,-1.0035682426404957
NIFTY IT,2023-05-04,27883.2,0.5026357287677419
NIFTY IT,2023-05-05,27719.95,-0.5854779939174826
NIFTY IT,2023-05-08,27920.95,0.7251095330258472
NIFTY IT,2023-05-09,28125.5,0.7326040123992961
NIFTY IT,2023-05-10,28091.75,-0.1199978667045909
NIFTY IT,2023-05-11,28102.0,0.03648758087337889
NIFTY IT,2023-05-12,28028.4,-0.2619030673973288
NIFTY IT,2023-05-15,28165.4,0.4887899416306407
NIFTY IT,2023-05-16,28216.0,0.17965304948623917
NIFTY IT,2023-05-17,27942.95,-0.9677133541253213
NIFTY IT,2023-05-18,27892.55,-0.18036749877876623
NIFTY IT,2023-05-19,28303.65,1.473870262847976
NIFTY IT,2023-05-22,29007.3,2.48607511752017
NIFTY IT,2023-05-23,28873.7,-0.460573717650381
NIFTY IT,2023-05-24,28890.8,0.059223445557710086
NIFTY IT,2023-05-25,28928.75,0.13135669486481483
NIFTY IT,2023-05-26,29355.9,1.4765587866741647
NIFTY IT,2023-05-29,29240.2,-0.39412860787780835
NIFTY IT,2023-05-30,29297.65,0.19647608429491648
NIFTY IT,2023-05-31,29319.75,0.07543267122107622
NIFTY IT,2023-06-01,29446.25,0.43144979067011313
NIFTY IT,2023-06-02,29328.15,-0.40106974572313714
NIFTY IT,2023-06-05,29238.75,-0.30482659151702673
NIFTY IT,2023-06-06,28689.05,-1.8800393313667674
NIFTY IT,2023-06-07,28913.7,0.783051373259136
NIFTY IT,2023-06-08,28591.1,-1.115734063782925
NIFTY IT,2023-06-09,28355.35,-0.824557292304251
NIFTY IT,2023-06-12,28784.0,1.5117076671598229
NIFTY IT,2023-06-13,28899.3,0.40056976097830876
NIFTY IT,2023-06-14,28855.05,-0.153117895589161
NIFTY IT,2023-06-15,28699.0,-0.5408065485937419
NIFTY IT,2023-06-16,28588.8,-0.383985504721418
NIFTY IT,2023-06-19,28708.3,0.4179958585180277
NIFTY IT,2023-06-20,28930.8,0.775037184368288
NIFTY IT,2023-06-21,29025.7,0.3280241127103345
NIFTY IT,2023-06-22,28811.15,-0.739172526416243
NIFTY IT,2023-06-23,28554.25,-0.8916686768837834
NIFTY IT,2023-06-26,28590.1,0.12555048723044138
NIFTY IT,2023-06-27,28800.15,0.7346948768979678
NIFTY IT,2023-06-28,28842.95,0.14861033709894222
NIFTY IT,2023-06-30,29563.0,2.496450605780609
NIFTY IT,2023-07-03,29424.8,-0.46747623718838005
NIFTY IT,2023-07-04,29729.85,1.036710529893159
NIFTY IT,2023-07-05,29841.85,0.37672574870037945
NIFTY IT,2023-07-06,29805.2,-0.1228141016726414
NIFTY IT,2023-07-07,29560.45,-0.8211654342195285
NIFTY IT,2023-07-10,29194.7,-1.2372951020705014
NIFTY IT,2023-07-11,29324.8,0.44562882989034325
NIFTY IT,2023-07-12,29118.05,-0.7050346464426038
NIFTY IT,2023-07-13,29628.2,1.752006058097999
NIFTY IT,2023-07-14,30945.5,4.446102024422682
NIFTY IT,2023-07-17,31041.6,0.3105459598325977
NIFTY IT,2023-07-18,31371.15,1.0616398639245572
NIFTY IT,2023-07-19,31353.55,-0.056102501820942674
NIFTY IT,2023-07-20,31145.9,-0.6622854509297893
NIFTY IT,2023-07-21,29871.05,-4.093155118330182
NIFTY IT,2023-07-24,29843.45,-0.09239715376593294
NIFTY IT,2023-07-25,29761.15,-0.2757724056702493
NIFTY IT,2023-07-26,29800.4,0.13188334456162298
NIFTY IT,2023-07-27,29745.0,-0.18590354491886396
NIFTY IT,2023-07-28,29490.25,-0.8564464615901879
NIFTY IT,2023-07-31,29928.45,1.4859148362594388
NIFTY IT,2023-08-01,30288.65,1.2035371026565045
NIFTY IT,2023-08-02,30043.6,-0.8090489341717189
NIFTY IT,2023-08-03,29971.1,-0.24131595414663698
NIFTY IT,2023-08-04,30436.1,1.5514946064709045
NIFTY IT,2023-08-07,30779.25,1.1274440549216225
NIFTY IT,2023-08-08,30824.95,0.1484766522900971
NIFTY IT,2023-08-09,30940.05,0.3733988214092765
NIFTY IT,2023-08-10,30867.0,-0.23610175161319358
NIFTY IT,2023-08-11,30819.15,-0.15501992419088007
NIFTY IT,2023-08-14,31028.9,0.6805833386060334
NIFTY IT,2023-08-16,31212.1,0.5904173206268792
NIFTY IT,2023-08-17,31060.2,-0.4866702336593698
NIFTY IT,2023-08-18,30604.05,-1.4685996870593243
NIFTY IT,2023-08-21,30937.55,1.0897250527299507
NIFTY IT,2023-08-22,30902.4,-0.11361597799437462
NIFTY IT,2023-08-23,30924.1,0.07022108315211106
NIFTY IT,2023-08-24,31112.1,0.6079400855643291
NIFTY IT,2023-08-25,30914.55,-0.6349619601376921
NIFTY IT,2023-08-28,30773.6,-0.4559341798602956
NIFTY IT,2023-08-29,30866.05,0.3004198403826708
NIFTY IT,2023-08-30,31103.9,0.7705877493233038
NIFTY IT,2023-08-31,31164.9,0.1961168856638551
NIFTY IT,2023-09-01,31514.35,1.1212935064768281
NIFTY IT,2023-09-04,32163.95,2.0612831932119935
NIFTY IT,2023-09-05,32365.3,0.6260114196172895
NIFTY IT,2023-09-06,32312.3,-0.1637556271686047
NIFTY IT,2023-09-07,32448.35,0.4210470935216648
NIFTY IT,2023-09-08,32415.65,-0.10077554020465618
NIFTY IT,2023-09-11,32642.8,0.7007417713357444
NIFTY IT,2023-09-12,32977.9,1.026566348475022
NIFTY IT,2023-09-13,32886.7,-0.2765488402839633
NIFTY IT,2023-09-14,33045.4,0.4825659005008198
NIFTY IT,2023-09-15,33355.05,0.9370441876932922
NIFTY IT,2023-09-18,33129.5,-0.6762094495436299
NIFTY IT,2023-09-20,32949.2,-0.5442279539383366
NIFTY IT,2023-09-21,32919.95,-0.08877302028577061
NIFTY IT,2023-09-22,32906.3,-0.0414642185057823
NIFTY IT,2023-09-25,32648.6,-0.7831327131886723
NIFTY IT,2023-09-26,32471.0,-0.5439743204915359
NIFTY IT,2023-09-27,32594.65,0.38080133041791253
NIFTY IT,2023-09-28,31879.6,-2.193764927679853
NIFTY IT,2023-09-29,31784.4,-0.2986235711865848
NIFTY IT,2023-10-03,31717.25,-0.2112671625074003
NIFTY IT,2023-10-04,31811.5,0.2971569098834337
NIFTY IT,2023-10-05,32125.4,0.9867500746585378
NIFTY IT,2023-10-06,32341.7,0.6732990095065006
NIFTY IT,2023-10-09,32308.55,-0.1024992501940214
NIFTY IT,2023-10-10,32569.45,0.8075261811501866
NIFTY IT,2023-10-11,32548.05,-0.06570574572183352
NIFTY IT,2023-10-12,32003.6,-1.6727576613652761
NIFTY IT,2023-10-13,31807.95,-0.6113374745341127
NIFTY IT,2023-10-16,31750.35,-0.18108680377075803
NIFTY IT,2023-10-17,31794.9,0.14031341386788743
NIFTY IT,2023-10-18,31606.65,-0.5920760876744424
NIFTY IT,2023-10-19,31540.05,-0.210715150134555
NIFTY IT,2023-10-20,31469.35,-0.2241594417256798
NIFTY IT,2023-10-23,30848.4,-1.9731897862523273
NIFTY IT,2023-10-25,30530.5,-1.0305234631293736
NIFTY IT,2023-10-26,30225.65,-0.9985096870342769
NIFTY IT,2023-10-27,30599.7,1.237525082173585
NIFTY IT,2023-10-30,30640.95,0.1348052431886515
NIFTY IT,2023-10-31,30582.25,-0.19157369467983631
NIFTY IT,2023-11-01,30344.85,-0.7762672792224312
NIFTY IT,2023-11-02,30582.75,0.7839880572815483
NIFTY IT,2023-11-03,30779.95,0.64480793911601
NIFTY IT,2023-11-06,30972.95,0.6270315578810193
NIFTY IT,2023-11-07,30981.6,0.027927594885213125
NIFTY IT,2023-11-08,30917.2,-0.2078653136054931
NIFTY IT,2023-11-09,30717.7,-0.6452718874930485
NIFTY IT,2023-11-10,30639.05,-0.256041305175847
NIFTY IT,2023-11-12,30861.0,0.7244023558171664
NIFTY IT,2023-11-13,30635.85,-0.7295615825799628
NIFTY IT,2023-11-15,31429.35,2.5901027717527114
NIFTY IT,2023-11-16,32273.35,2.685388021069479
NIFTY IT,2023-11-17,32191.3,-0.2542345309675009
NIFTY IT,2023-11-20,32383.2,0.5961237974235312
NIFTY IT,2023-11-21,32325.7,-0.17756120457521618
NIFTY IT,2023-11-22,32564.4,0.7384217511144486
NIFTY IT,2023-11-23,32370.65,-0.5949748805443966
NIFTY IT,2023-11-24,32055.15,-0.9746483311271148
NIFTY IT,2023-11-28,32118.45,0.1974721690586323
NIFTY IT,2023-11-29,32608.4,1.5254472118050533
NIFTY IT,2023-11-30,32582.2,-0.08034739514971578
NIFTY IT,2023-12-01,32598.7,0.05064114762047822
NIFTY IT,2024-01-01,35695.9,9.500992370861416
NIFTY IT,2024-01-02,35283.1,-1.156435332909389
NIFTY IT,2024-01-03,34395.45,-2.515793680260525
NIFTY IT,2024-01-04,34409.4,0.040557690043319106
NIFTY IT,2024-01-05,34851.7,1.2854045696815364
NIFTY IT,2024-01-08,34514.65,-0.967097731244082
NIFTY IT,2024-01-09,34662.45,0.42822395707329264
NIFTY IT,2024-01-10,34834.35,0.49592570634793276
NIFTY IT,2024-01-11,34735.25,-0.2844893043791541
NIFTY IT,2024-01-12,36521.7,5.143046329017342
NIFTY IT,2024-01-15,37201.95,1.862591281347803
NIFTY IT,2024-01-16,36727.1,-1.2764115859518088
NIFTY IT,2024-01-17,36960.4,0.6352257597251221
NIFTY IT,2024-01-18,36730.5,-0.622017077737258
NIFTY IT,2024-01-19,37069.25,0.9222580689073112
NIFTY IT,2024-01-20,36697.5,-1.0028527688043298
NIFTY IT,2024-01-23,36521.35,-0.48000544996253947
NIFTY IT,2024-01-24,37090.15,1.5574451656360067
NIFTY IT,2024-01-25,36496.2,-1.6013685574202463
NIFTY IT,2024-01-29,36531.9,0.09781840301184008
NIFTY IT,2024-01-30,36381.95,-0.41046318423078043
NIFTY IT,2024-01-31,36638.4,0.7048825035491646
NIFTY IT,2024-02-01,36534.55,-0.2834457836586757
NIFTY IT,2024-02-02,37323.25,2.158778471337408
NIFTY IT,2024-02-05,37162.15,-0.4316344369796221
NIFTY IT,2024-02-06,38246.3,2.917350045678191
NIFTY IT,2024-02-07,37767.75,-1.2512321453317155
NIFTY IT,2024-02-08,37851.6,0.22201481422641223
NIFTY IT,2024-02-09,37699.25,-0.402492893299089
NIFTY IT,2024-02-12,37998.0,0.7924560833438399
NIFTY IT,2024-02-13,38204.0,0.5421337965155981
NIFTY IT,2024-02-14,37775.4,-1.1218720552821693
NIFTY IT,2024-02-15,37999.55,0.5933755830514142
NIFTY IT,2024-02-16,38477.05,1.2565938280848066
NIFTY IT,2024-02-19,38363.15,-0.2960206148860167
NIFTY IT,2024-02-20,38029.7,-0.8691934838510496
NIFTY IT,2024-02-21,37405.9,-1.6402969258237476
NIFTY IT,2024-02-22,38130.15,1.9361918841680037
NIFTY IT,2024-02-23,38045.65,-0.22160940882739455
NIFTY IT,2024-02-26,37598.65,-1.1749043583169194
NIFTY IT,2024-02-27,37870.25,0.7223663615581799
NIFTY IT,2024-02-28,37741.75,-0.33931648193502584
NIFTY IT,2024-02-29,37720.4,-0.056568654076716296
NIFTY IT,2024-03-01,37516.05,-0.5417492921602096
NIFTY IT,2024-03-02,37605.8,0.23923094248994303
NIFTY IT,2024-03-04,37314.8,-0.7738168048545657
NIFTY IT,2024-03-05,36720.75,-1.5919956692786896
NIFTY IT,2024-03-06,37001.8,0.7653710776604594
NIFTY IT,2024-03-07,37099.9,0.2651222372965556
NIFTY IT,2024-03-11,36988.3,-0.3008094361440339
NIFTY IT,2024-03-12,37224.25,0.6379044184241955
NIFTY IT,2024-03-13,36946.45,-0.746287702237125
NIFTY IT,2024-03-14,37679.6,1.9843584430980554
NIFTY IT,2024-03-15,37500.7,-0.47479272603743183
NIFTY IT,2024-03-18,36886.05,-1.6390360713266494
NIFTY IT,2024-03-19,35814.65,-2.9046211237039543
NIFTY IT,2024-03-20,35748.9,-0.18358409198470094
NIFTY IT,2024-03-21,36026.8,0.7773665763142423
NIFTY IT,2024-03-22,35188.4,-2.3271564501981867
NIFTY IT,2024-03-26,34969.1,-0.6232167418808499
NIFTY IT,2024-03-27,34744.35,-0.6427102785030225
NIFTY IT,2024-03-28,34898.15,0.4426619004241017
NIFTY IT,2024-04-01,35042.8,0.4144918856730184
NIFTY IT,2024-04-02,34793.95,-0.7101316104877631
NIFTY IT,2024-04-03,35047.4,0.7284312358901701
NIFTY IT,2024-04-04,35426.7,1.082248611879888
NIFTY IT,2024-04-05,35247.9,-0.5047040791267499
NIFTY IT,2024-04-08,35064.15,-0.5213076523707838
NIFTY IT,2024-04-09,35079.35,0.04334911868673075
NIFTY IT,2024-04-10,35293.15,0.609475375113866
NIFTY IT,2024-04-12,35018.1,-0.779329699955944
NIFTY IT,2024-04-15,34463.6,-1.5834668357221027
NIFTY IT,2024-04-16,33574.95,-2.578517624392118
NIFTY IT,2024-04-18,33498.65,-0.22725275838085812
NIFTY IT,2024-04-19,33368.3,-0.38912015857355264
NIFTY IT,2024-04-22,33538.75,0.5108141559504009
NIFTY IT,2024-04-23,33714.55,0.5241698035854059
NIFTY IT,2024-04-24,33442.55,-0.8067733367344343
NIFTY IT,2024-04-25,33554.4,0.33445416094166625
NIFTY IT,2024-04-26,33666.2,0.3331902820494337
NIFTY IT,2024-04-29,33579.4,-0.25782535599502276
NIFTY IT,2024-04-30,33200.95,-1.1270302626014916
NIFTY IT,2024-05-02,33203.35,0.007228708817064167
NIFTY IT,2024-05-03,32908.4,-0.8883139803664286
NIFTY IT,2024-05-06,33217.1,0.9380583680762333
NIFTY IT,2024-05-07,33473.0,0.7703863371576691
NIFTY IT,2024-05-08,33335.15,-0.41182445553131775
NIFTY IT,2024-05-09,33205.85,-0.38787886060210885
NIFTY IT,2024-05-10,32935.15,-0.8152178004779187
NIFTY IT,2024-05-13,33074.6,0.4234078180910039
NIFTY IT,2024-05-14,33122.85,0.1458823387130881
NIFTY IT,2024-05-15,33117.4,-0.016453898139789924
NIFTY IT,2024-05-16,33668.45,1.6639289316190187
NIFTY IT,2024-05-17,33381.85,-0.8512420381692642
NIFTY IT,2024-05-18,33438.75,0.17045190724900294
NIFTY IT,2024-05-21,33379.75,-0.17644200216814232
NIFTY IT,2024-05-22,33613.05,0.6989267445082881
NIFTY IT,2024-05-23,34042.85,1.2786700403563334
NIFTY IT,2024-05-24,33824.3,-0.6419850276930261
NIFTY IT,2024-05-27,33995.25,0.5054058768400038
NIFTY IT,2024-05-28,33880.85,-0.33651760172377365
NIFTY IT,2024-05-29,33542.7,-0.9980564242042411
NIFTY IT,2024-05-30,32806.75,-2.194069052282599
NIFTY IT,2024-05-31,32386.1,-1.282205643655654
NIFTY IT,2024-06-03,32511.35,0.38673999030447437
NIFTY IT,2024-06-04,32315.55,-0.6022512138068703
NIFTY IT,2024-06-05,33087.95,2.39018057869973
NIFTY IT,2024-06-06,34023.8,2.8283710535104367
NIFTY IT,2024-06-07,35169.9,3.3685243858710523
NIFTY IT,2024-06-10,34526.25,-1.830116093591394
NIFTY IT,2024-06-11,34531.45,0.01506100430830326
NIFTY IT,2024-06-12,34547.45,0.046334573265816026
NIFTY IT,2024-06-13,34902.05,1.0264143952737559
NIFTY IT,2024-06-14,34598.55,-0.8695764288917163
NIFTY IT,2024-06-18,34802.9,0.5906316883221852
NIFTY IT,2024-06-19,34927.1,0.35686681282305344
NIFTY IT,2024-06-20,34936.45,0.026770043891422013
NIFTY IT,2024-06-21,35200.3,0.7552284218917737
NIFTY IT,2024-06-24,35143.8,-0.16050999565344615
NIFTY IT,2024-06-25,35426.9,0.8055474934412388
NIFTY IT,2024-06-26,35406.55,-0.05744222610502003
NIFTY IT,2024-06-27,36123.7,2.0254726879630924
NIFTY IT,2024-06-28,36157.5,0.0935673809715043
NIFTY IT,2024-07-01,36869.2,1.9683329876235778
NIFTY IT,2024-07-02,37299.15,1.1661495231792607
NIFTY IT,2024-07-03,37314.35,0.0407515988970264
NIFTY IT,2024-07-04,37725.9,1.1029268900570433
NIFTY IT,2024-07-05,37720.75,-0.013651099112288456
NIFTY IT,2024-07-08,37742.25,0.05699780624721651
NIFTY IT,2024-07-09,37668.65,-0.19500692195085767
NIFTY IT,2024-07-10,37280.75,-1.0297687865107985
NIFTY IT,2024-07-11,37332.6,0.13907982001435393
NIFTY IT,2024-07-12,39023.0,4.527946084655232
NIFTY IT,2024-07-15,38911.35,-0.28611331778695126
NIFTY IT,2024-07-16,39141.5,0.5914726680004811
NIFTY IT,2024-07-18,40010.4,2.2198944853927483
NIFTY IT,2024-07-19,39923.3,-0.21769339971606794
NIFTY IT,2024-07-22,39773.15,-0.3760961643952343
NIFTY IT,2024-07-23,40044.7,0.6827470290887039
NIFTY IT,2024-07-24,40115.05,0.1756786790761522
NIFTY IT,2024-07-25,40055.45,-0.14857266786406642
NIFTY IT,2024-07-26,40977.35,2.301559463194147
NIFTY IT,2024-07-29,40820.1,-0.3837485830586851
NIFTY IT,2024-07-30,40776.3,-0.1073000801075863
NIFTY IT,2024-07-31,40851.1,0.18343989032842956
NIFTY IT,2024-08-01,40709.4,-0.34686948454263344
NIFTY IT,2024-08-02,39730.3,-2.405095629019338
NIFTY IT,2024-08-05,38435.95,-3.2578409928946117
NIFTY IT,2024-08-06,38624.2,0.48977584787159856
NIFTY IT,2024-08-07,39194.8,1.477312151449106
NIFTY IT,2024-08-08,38448.3,-1.9045893843060768
NIFTY IT,2024-08-09,39043.3,1.547532660741835
NIFTY IT,2024-08-12,39109.5,0.16955533984062132
NIFTY IT,2024-08-13,39114.85,0.013679540776534438
NIFTY IT,2024-08-14,39731.25,1.5758720792742542
NIFTY IT,2024-08-16,40878.25,2.8868963347491006
NIFTY IT,2024-08-19,41236.85,0.87723911860218
NIFTY IT,2024-08-20,41572.8,0.81468395379376
NIFTY IT,2024-08-21,41570.85,-0.004690566909137939
NIFTY IT,2024-08-22,41506.2,-0.155517628338131
NIFTY IT,2024-08-23,41089.85,-1.0031031508545674
NIFTY IT,2024-08-26,41662.1,1.3926797007046687
NIFTY IT,2024-08-27,41709.25,0.11317240369543846
NIFTY IT,2024-08-28,42394.4,1.6426811798342156
NIFTY IT,2024-08-29,42591.65,0.46527371539637485
NIFTY IT,2024-08-30,42787.8,0.4605362788246081
NIFTY IT,2024-09-02,42975.6,0.4389101566334208
NIFTY IT,2024-09-03,42851.3,-0.28923389085898643
NIFTY IT,2024-09-04,42450.5,-0.935327516318063
NIFTY IT,2024-09-05,42644.65,0.45735621488558476
NIFTY IT,2024-09-06,42228.9,-0.9749171349747288
NIFTY IT,2024-09-09,41919.05,-0.7337392165081225
NIFTY IT,2024-09-10,42644.2,1.7298817602020788
NIFTY IT,2024-09-11,42473.25,-0.4008751483202788
NIFTY IT,2024-09-12,43152.1,1.5983001065376312
NIFTY IT,2024-09-13,43394.35,0.5613863519967843
NIFTY IT,2024-09-16,43352.65,-0.09609545943192188
NIFTY IT,2024-09-17,43415.0,0.14382050462888873
NIFTY IT,2024-09-18,42089.3,-3.0535529194978595
NIFTY IT,2024-09-19,41945.6,-0.34141693969726994
NIFTY IT,2024-09-20,42204.4,0.6169896246567053
NIFTY IT,2024-09-23,41987.45,-0.514045928860507
NIFTY IT,2024-09-24,42243.95,0.6108968275044147
NIFTY IT,2024-09-25,41960.95,-0.6699184143528214
NIFTY IT,2024-09-26,42160.9,0.4765144735760396
NIFTY IT,2024-09-27,42312.6,0.3598120533480076
NIFTY IT,2024-09-30,41946.05,-0.8662904194022492
NIFTY IT,2024-10-01,42434.8,1.1651871868745722
NIFTY IT,2024-10-03,41762.6,-1.5840772196404895
NIFTY IT,2024-10-04,41912.5,0.35893359129939295
NIFTY IT,2024-10-07,42190.6,0.6635252013122539
NIFTY IT,2024-10-08,42387.55,0.46681014254361664
NIFTY IT,2024-10-09,42622.75,0.5548799116721792
NIFTY IT,2024-10-10,42088.8,-1.2527347484617923
NIFTY IT,2024-10-11,42335.7,0.5866168671950556
NIFTY IT,2024-10-14,42872.75,1.268551128244022
NIFTY IT,2024-10-15,42731.3,-0.3299298505460846
NIFTY IT,2024-10-16,42230.7,-1.171506600548089
NIFTY IT,2024-10-17,42734.3,1.1924974011797262
NIFTY IT,2024-10-18,42106.5,-1.4690775325675198
NIFTY IT,2024-10-21,41562.7,-1.2914870625675423
NIFTY IT,2024-10-22,41238.8,-0.7793045206398896
NIFTY IT,2024-10-23,42222.1,2.384404977836385
NIFTY IT,2024-10-24,42139.85,-0.1948031954829288
NIFTY IT,2024-10-25,42038.85,-0.2396781194047959
NIFTY IT,2024-10-28,42205.4,0.39618115148249977
NIFTY IT,2024-10-29,42031.45,-0.41215105176115596
NIFTY IT,2024-10-30,41668.6,-0.8632821375422428
NIFTY IT,2024-10-31,40407.55,-3.026379575987659
NIFTY IT,2024-11-01,40433.65,0.06459188938701121
NIFTY IT,2024-11-04,40421.8,-0.02930727253166454
NIFTY IT,2024-11-05,40424.6,0.006926955256814082
NIFTY IT,2024-11-06,42039.5,3.9948447232625695
NIFTY IT,2024-11-07,41752.4,-0.682929149966105
NIFTY IT,2024-11-08,42050.15,0.7131326582423991
NIFTY IT,2024-11-11,42590.3,1.2845376294733812
NIFTY IT,2024-11-12,42609.55,0.04519808500995648
NIFTY IT,2024-11-13,42369.5,-0.5633713568906518
NIFTY IT,2024-11-14,42390.85,0.05039002112368074
NIFTY IT,2024-11-18,41406.55,-2.3219633482225444
NIFTY IT,2024-11-19,41748.35,0.8254732644955798
NIFTY IT,2024-11-21,41952.8,0.48971995300413074
NIFTY IT,2024-11-22,43332.1,3.2877424152857326
NIFTY IT,2024-11-25,43618.15,0.6601341730495536
NIFTY IT,2024-11-26,44085.95,1.0724893192398
NIFTY IT,2024-11-27,44018.7,-0.152542930344024
NIFTY IT,2024-11-28,42968.75,-2.385236274583291
NIFTY IT,2024-11-29,43146.25,0.4130909090909185
NIFTY IT,2025-01-01,43373.1,0.5257699104789015
NIFTY IT,2025-01-02,44351.75,2.25635243964577
NIFTY IT,2025-01-03,43726.55,-1.409639980384081
NIFTY IT,2025-01-06,43674.85,-0.11823480242554307
NIFTY IT,2025-01-07,43375.85,-0.6846045264036427
NIFTY IT,2025-01-08,43634.25,0.5957231962024911
NIFTY IT,2025-01-09,43126.45,-1.1637647031861542
NIFTY IT,2025-01-10,44609.5,3.438840896943751
NIFTY IT,2025-01-13,43999.1,-1.368318407514102
NIFTY IT,2025-01-14,43061.15,-2.131748149393964
NIFTY IT,2025-01-15,43401.25,0.7898070534577029
NIFTY IT,2025-01-16,43188.8,-0.489502030471467
NIFTY IT,2025-01-17,42032.2,-2.678009113473878
NIFTY IT,2025-01-20,42192.8,0.3820880182336506
NIFTY IT,2025-01-21,41697.95,-1.1728304355245633
NIFTY IT,2025-01-22,42590.7,2.1409925427988696
NIFTY IT,2025-01-23,43351.75,1.7868924436555522
NIFTY IT,2025-01-24,43524.1,0.3975618054634422
NIFTY IT,2025-01-27,42060.7,-3.3622751533058715
NIFTY IT,2025-01-28,41820.65,-0.5707227887315147
NIFTY IT,2025-01-29,42914.5,2.6155738851500354
NIFTY IT,2025-01-30,42426.65,-1.1367952556828098
NIFTY IT,2025-01-31,42662.75,0.5564898477725677
NIFTY IT,2025-02-01,42030.3,-1.482440770930138
NIFTY IT,2025-02-03,42314.25,0.6755840429404358
NIFTY IT,2025-02-04,42860.2,1.2902272874977028
NIFTY IT,2025-02-05,42888.3,0.06556198991138906
NIFTY IT,2025-02-06,43020.95,0.3092918115196852
NIFTY IT,2025-02-07,42921.65,-0.23081777599052167
NIFTY IT,2025-02-10,42596.55,-0.7574266133757668
NIFTY IT,2025-02-11,41968.3,-1.4748847031038848
NIFTY IT,2025-02-12,41733.0,-0.5606612609993844
NIFTY IT,2025-02-13,41315.55,-1.0002875422327584
NIFTY IT,2025-02-14,41311.15,-0.010649743256474498
NIFTY IT,2025-02-17,41073.2,-0.5759946164655361
NIFTY IT,2025-02-18,41464.35,0.95232414323696
NIFTY IT,2025-02-19,40924.25,-1.3025647333191004
NIFTY IT,2025-02-20,40865.95,-0.1424583223883169
NIFTY IT,2025-02-21,40544.5,-0.7865961760340712
NIFTY IT,2025-02-24,39446.6,-2.707888862854402
NIFTY IT,2025-02-25,39131.3,-0.7993084321589072
NIFTY IT,2025-02-27,38946.65,-0.47187289969922164
NIFTY IT,2025-02-28,37318.3,-4.1809757707017114
NIFTY IT,2025-03-03,37614.45,0.7935784856223149
NIFTY IT,2025-03-04,37276.95,-0.8972615577258258
NIFTY IT,2025-03-05,38072.3,2.1336241296565417
NIFTY IT,2025-03-06,38145.3,0.19174045171950205
NIFTY IT,2025-03-07,37820.45,-0.8516121252159614
NIFTY IT,2025-03-10,37644.4,-0.4654889087781777
NIFTY IT,2025-03-11,37400.1,-0.6489677083444056
NIFTY IT,2025-03-12,36310.65,-2.912960125775055
NIFTY IT,2025-03-13,36122.5,-0.5181675348692516
NIFTY IT,2025-03-17,36137.2,0.04069485777562498
NIFTY IT,2025-03-18,36619.35,1.3342206922506428
NIFTY IT,2025-03-19,36223.5,-1.0809858722232835
NIFTY IT,2025-03-20,36676.65,1.250983477576706
NIFTY IT,2025-03-21,36702.8,0.0712987691078748
NIFTY IT,2025-03-24,37217.05,1.4011192606558698
NIFTY IT,2025-03-25,37706.9,1.3161978179355938
NIFTY IT,2025-03-26,37336.7,-0.9817831749626804
NIFTY IT,2025-03-27,37548.3,0.5667346069684998
NIFTY IT,2025-03-28,36886.15,-1.7634619942846985
NIFTY IT,2025-04-01,35980.65,-2.4548509399869634
NIFTY IT,2025-04-02,36283.5,0.8417024150480845
NIFTY IT,2025-04-03,34757.25,-4.2064574806730315
NIFTY IT,2025-04-04,33511.4,-3.5844320249732053
NIFTY IT,2025-04-07,32668.8,-2.514368244836096
NIFTY IT,2025-04-08,33244.4,1.7619257517876408
NIFTY IT,2025-04-09,32517.35,-2.1869848756482346
NIFTY IT,2025-04-11,32740.85,0.6873253816808589
NIFTY IT,2025-04-15,33275.3,1.6323644621321742
NIFTY IT,2025-04-16,33295.5,0.060705688603857055
NIFTY IT,2025-04-17,33372.35,0.23081197158774103
NIFTY IT,2025-04-21,34135.05,2.285424910142697
NIFTY IT,2025-04-22,33941.05,-0.5683307919572389
NIFTY IT,2025-04-23,35414.65,4.341645293825613
NIFTY IT,2025-04-24,35307.1,-0.30368788058050544
NIFTY IT,2025-04-25,35562.25,0.7226591818642714
NIFTY IT,2025-04-28,35482.95,-0.22298926530239793
NIFTY IT,2025-04-29,35920.4,1.2328456343116967
NIFTY IT,2025-04-30,35794.95,-0.34924444048508585
NIFTY IT,2025-05-02,35891.85,0.2707085776066265
NIFTY IT,2025-05-05,35991.25,0.27694309432364506
NIFTY IT,2025-05-06,35869.2,-0.3391102003959423
NIFTY IT,2025-05-07,35920.3,0.14246205658337008
NIFTY IT,2025-05-08,36002.45,0.228700762521461
NIFTY IT,2025-05-09,35880.1,-0.3398379832483589
NIFTY IT,2025-05-12,38282.55,6.695772865738969
NIFTY IT,2025-05-13,37354.6,-2.423950337686498
NIFTY IT,2025-05-14,37853.55,1.3357123352947253
NIFTY IT,2025-05-15,38293.8,1.1630349068977752
NIFTY IT,2025-05-16,37972.35,-0.8394309261551602
NIFTY IT,2025-05-19,37477.8,-1.302395032174719
NIFTY IT,2025-05-20,37283.5,-0.5184402499613161
NIFTY IT,2025-05-21,37540.1,0.6882401062132004
NIFTY IT,2025-05-22,37050.1,-1.305270896987487
NIFTY IT,2025-05-23,37403.55,0.9539785317718597
NIFTY IT,2025-05-26,37785.9,1.0222291734340638
NIFTY IT,2025-05-27,37501.45,-0.7527940316361503
NIFTY IT,2025-05-28,37465.75,-0.09519631907565218
NIFTY IT,2025-05-29,37754.15,0.7697697230136802
NIFTY IT,2025-05-30,37321.75,-1.145304555922999
NIFTY IT,2025-06-02,37061.85,-0.6963767776162699
NIFTY IT,2025-06-03,36814.9,-0.6663185998540211
NIFTY IT,2025-06-04,36938.1,0.3346471129895612
NIFTY IT,2025-06-05,37107.95,0.45982332605087883
NIFTY IT,2025-06-06,37294.85,0.5036656565506892
NIFTY IT,2025-06-09,37669.2,1.0037578915051304
NIFTY IT,2025-06-10,38299.95,1.6744449045904775
NIFTY IT,2025-06-11,38784.3,1.2646230608656328
NIFTY IT,2025-06-12,38460.3,-0.8353895777415077
NIFTY IT,2025-06-13,38469.25,0.023270749318116124
NIFTY IT,2025-06-16,39073.05,1.5695653021569278
NIFTY IT,2025-06-17,39356.1,0.7244123507123001
NIFTY IT,2025-06-18,39030.9,-0.826301386570305
NIFTY IT,2025-06-19,38664.95,-0.9375904731891982
NIFTY IT,2025-06-20,38991.45,0.8444340416837504
NIFTY IT,2025-06-23,38414.1,-1.480709232408639
NIFTY IT,2025-06-24,38417.95,0.01002236158076375
NIFTY IT,2025-06-25,39046.3,1.635563584209998
NIFTY IT,2025-06-26,38996.25,-0.12818115929038587
NIFTY IT,2025-06-27,38822.95,-0.4444017052921856
NIFTY IT,2025-06-30,38950.0,0.32725488403122505
NIFTY IT,2025-07-01,38833.15,-0.30000000000000027
NIFTY IT,2025-07-02,38879.1,0.11832673888159118
NIFTY IT,2025-07-03,38854.3,-0.06378748479258789
NIFTY IT,2025-07-04,39166.55,0.8036433547895516
NIFTY IT,2025-07-07,38866.95,-0.7649384487528388
NIFTY IT,2025-07-08,38983.25,0.2992259490389726
NIFTY IT,2025-07-09,38680.85,-0.775717776224405
NIFTY IT,2025-07-10,38376.65,-0.7864356651934967
NIFTY IT,2025-07-11,37693.25,-1.7807703382134776
NIFTY IT,2025-07-14,37273.7,-1.1130640101344458
NIFTY IT,2025-07-15,37424.6,0.40484309311927813
NIFTY IT,2025-07-16,37660.7,0.6308684661960218
NIFTY IT,2025-07-17,37138.55,-1.3864585629050796
NIFTY IT,2025-07-18,37141.85,0.008885645777767515
NIFTY IT,2025-07-21,37031.75,-0.29643111476675976
NIFTY IT,2025-07-22,36858.9,-0.4667616302227118
NIFTY IT,2025-07-23,36951.5,0.25122833291280067
NIFTY IT,2025-07-24,36135.8,-2.2074881939839974
NIFTY IT,2025-07-25,35623.75,-1.4170158125736854
NIFTY IT,2025-07-28,35370.05,-0.712165339134696
NIFTY IT,2025-07-29,35373.25,0.009047202364698137
NIFTY IT,2025-07-30,35481.7,0.3065876050405203
NIFTY IT,2025-07-31,35301.6,-0.5075856004644552
NIFTY IT,2025-08-01,34649.6,-1.846941781675615
NIFTY IT,2025-08-04,35203.35,1.598142547100112
NIFTY IT,2025-08-05,35034.5,-0.4796418522668988
NIFTY IT,2025-08-06,34426.25,-1.7361457991408424
NIFTY IT,2025-08-07,34726.8,0.8730256708180617
NIFTY IT,2025-08-08,34398.5,-0.9453793611850281
NIFTY IT,2025-08-11,34544.65,0.42487317760948606
NIFTY IT,2025-08-12,34674.3,0.37531137238329126
NIFTY IT,2025-08-13,34692.95,0.053786233608166256
NIFTY IT,2025-08-14,34833.2,0.4042608080315979
NIFTY IT,2025-08-18,34634.95,-0.569140934510759
NIFTY IT,2025-08-19,34756.7,0.3515235333095612
NIFTY IT,2025-08-20,35690.05,2.6853815235623912
NIFTY IT,2025-08-21,35723.9,0.09484436138362806
NIFTY IT,2025-08-22,35440.85,-0.7923267056508476
NIFTY IT,2025-08-25,36280.05,2.3678890320068646
NIFTY IT,2025-08-26,36063.2,-0.5977114143999374
NIFTY IT,2025-08-28,35488.75,-1.592898023469902
NIFTY IT,2025-08-29,35181.25,-0.8664717692226431
NIFTY IT,2025-09-01,35740.65,1.5900515189198883
NIFTY IT,2025-09-02,35737.9,-0.007694320052942238
NIFTY IT,2025-09-03,35474.95,-0.73577350655748
NIFTY IT,2025-09-04,35143.1,-0.935448816700235
NIFTY IT,2025-09-05,34635.85,-1.4433843343359065
NIFTY IT,2025-09-08,34310.45,-0.9394889976714893
NIFTY IT,2025-09-09,35255.9,2.755574467837074
NIFTY IT,2025-09-10,36183.8,2.6318999089514072
NIFTY IT,2025-09-11,36003.45,-0.4984274730680749
NIFTY IT,2025-09-12,36110.75,0.2980269946352365
NIFTY IT,2025-09-15,35902.15,-0.5776673151346889
NIFTY IT,2025-09-16,36212.15,0.8634580380283641
NIFTY IT,2025-09-17,36447.15,0.648953458990964
NIFTY IT,2025-09-18,36750.25,0.8316150919893461
NIFTY IT,2025-09-19,36578.25,-0.4680240270474312
NIFTY IT,2025-09-22,35500.15,-2.947379932063454
NIFTY IT,2025-09-23,35249.1,-0.7071801105065889
NIFTY IT,2025-09-24,34994.25,-0.7229971829067927
NIFTY IT,2025-09-25,34548.3,-1.2743522150067466
NIFTY IT,2025-09-26,33702.0,-2.4496140186347937
NIFTY IT,2025-09-29,33693.05,-0.026556287460677286
NIFTY IT,2025-09-30,33655.1,-0.11263450474209291
NIFTY IT,2025-10-01,33905.2,0.7431265989404245
NIFTY IT,2025-10-03,33949.75,0.13139577409955194
NIFTY IT,2025-10-06,34722.5,2.2761581454944446
NIFTY IT,2025-10-07,34709.45,-0.03758369933041239
NIFTY IT,2025-10-08,35232.2,1.5060739942580392
NIFTY IT,2025-10-09,35628.5,1.1248233150356945
NIFTY IT,2025-10-10,35609.05,-0.05459112788918086
NIFTY IT,2025-10-13,35330.8,-0.781402480549187
NIFTY IT,2025-10-14,35214.85,-0.3281839075254589
NIFTY IT,2025-10-15,35401.8,0.5308839878630955
NIFTY IT,2025-10-16,35531.05,0.36509443022672006
NIFTY IT,2025-10-17,34950.7,-1.6333601174184476
NIFTY IT,2025-10-20,35292.6,0.9782350568085851
NIFTY IT,2025-10-21,35299.75,0.020259204479122772
NIFTY IT,2025-10-23,36078.65,2.206531207728113
NIFTY IT,2025-10-24,35986.35,-0.25582997146512687
NIFTY IT,2025-10-27,36129.1,0.3966781849229051
NIFTY IT,2025-10-28,35860.4,-0.743721819807297
NIFTY IT,2025-10-29,36090.1,0.6405394251040031
NIFTY IT,2025-10-30,35906.4,-0.5090038542425734
NIFTY IT,2025-10-31,35712.35,-0.5404329033264377
NIFTY IT,2025-11-03,35653.05,-0.16604899985578347
NIFTY IT,2025-11-04,35274.55,-1.0616202540876585
NIFTY IT,2025-11-06,35337.6,0.17874076352497603
NIFTY IT,2025-11-07,35117.6,-0.6225663316127839
NIFTY IT,2025-11-10,35688.25,1.6249686766749427
NIFTY IT,2025-11-11,36116.9,1.2010955986914595
NIFTY IT,2025-11-12,36855.4,2.044749134061896
NIFTY IT,2025-11-13,36679.45,-0.4774062959566394
NIFTY IT,2025-11-14,36301.25,-1.0310950682193898
NIFTY IT,2025-11-17,36375.2,0.20371199338864443
NIFTY IT,2025-11-18,35975.2,-1.0996503112010392
NIFTY IT,2025-11-19,37044.65,2.972742333607603
NIFTY IT,2025-11-20,37043.3,-0.003644250924217385
NIFTY IT,2025-11-21,36885.35,-0.42639289696113636
NIFTY IT,2025-11-24,37037.95,0.41371438796160565
NIFTY IT,2025-11-25,36826.9,-0.5698209539134691
NIFTY IT,2025-11-26,37364.6,1.460074021978497
NIFTY IT,2025-11-27,37446.3,0.2186561611793092
NIFTY IT,2025-11-28,37405.5,-0.10895602502785096
NIFTY IT,2025-12-01,37549.7,0.38550480544303767
NIFTY METAL,2019-01-01,3135.25,
NIFTY METAL,2019-01-02,3028.45,-3.406426919703376
NIFTY METAL,2019-01-03,2960.4,-2.2470240552097565
NIFTY METAL,2019-01-04,3001.7,1.3950817457100362
NIFTY METAL,2019-01-07,2997.1,-0.15324649365359155
NIFTY METAL,2019-01-08,3010.3,0.440425744886741
NIFTY METAL,2019-01-09,2975.5,-1.156030960369403
NIFTY METAL,2019-01-10,2972.35,-0.1058645605780617
NIFTY METAL,2019-01-11,2971.25,-0.03700775480679486
NIFTY METAL,2019-01-14,2939.35,-1.0736222128733708
NIFTY METAL,2019-01-15,2986.3,1.5972919182812628
NIFTY METAL,2019-01-16,2967.05,-0.6446103874359621
NIFTY METAL,2019-01-17,2963.05,-0.13481404088235838
NIFTY METAL,2019-01-18,2957.1,-0.20080660130609163
NIFTY METAL,2019-01-21,2945.8,-0.38213114199722176
NIFTY METAL,2019-01-22,2880.65,-2.211623328128187
NIFTY METAL,2019-01-23,2896.9,0.5641087948900392
NIFTY METAL,2019-01-24,2893.5,-0.11736684041562251
NIFTY METAL,2019-01-25,2857.55,-1.2424399516156814
NIFTY METAL,2019-01-28,2827.15,-1.0638484016027738
NIFTY METAL,2019-01-29,2828.35,0.04244557239623248
NIFTY METAL,2019-01-30,2882.05,1.8986334788834602
NIFTY METAL,2019-01-31,2915.85,1.1727763224093968
NIFTY METAL,2019-02-01,2815.65,-3.436390760841601
NIFTY METAL,2019-02-04,2794.45,-0.7529344911477054
NIFTY METAL,2019-02-05,2768.3,-0.9357834278659327
NIFTY METAL,2019-02-06,2832.95,2.3353682765596018
NIFTY METAL,2019-02-07,2835.8,0.10060184613214229
NIFTY METAL,2019-02-08,2740.5,-3.3606037097115515
NIFTY METAL,2019-02-11,2725.2,-0.5582922824302172
NIFTY METAL,2019-02-12,2767.95,1.5686922060766273
NIFTY METAL,2019-02-13,2741.7,-0.9483552809841256
NIFTY METAL,2019-02-14,2733.65,-0.29361345150817897
NIFTY METAL,2019-02-15,2677.1,-2.06866277687342
NIFTY METAL,2019-02-18,2652.0,-0.9375817115535479
NIFTY METAL,2019-02-19,2689.7,1.4215686274509753
NIFTY METAL,2019-02-20,2765.0,2.7995687251366475
NIFTY METAL,2019-02-21,2796.15,1.1265822784810142
NIFTY METAL,2019-02-22,2842.2,1.6469073547556334
NIFTY METAL,2019-02-25,2852.1,0.3483217226092572
NIFTY METAL,2019-02-26,2854.9,0.09817327583185875
NIFTY METAL,2019-02-27,2846.85,-0.2819713475078034
NIFTY METAL,2019-02-28,2871.6,0.8693819484693499
NIFTY METAL,2019-03-01,2922.7,1.7794957514974286
NIFTY METAL,2019-03-05,3000.2,2.651657713757838
NIFTY METAL,2019-03-06,3021.3,0.7032864475701839
NIFTY METAL,2019-03-07,2992.85,-0.9416476351239655
NIFTY METAL,2019-03-08,2947.95,-1.5002422440149044
NIFTY METAL,2019-03-11,3028.85,2.744279923336568
NIFTY METAL,2019-03-12,3043.05,0.4688248014923291
NIFTY METAL,2019-03-13,2985.75,-1.8829792477941587
NIFTY METAL,2019-03-14,3002.05,0.5459264841329636
NIFTY METAL,2019-03-15,3008.25,0.20652554088038677
NIFTY METAL,2019-03-18,3028.4,0.6698246488822335
NIFTY METAL,2019-03-19,3027.4,-0.03302073702284858
NIFTY METAL,2019-03-20,2996.1,-1.0338904670674554
NIFTY METAL,2019-03-22,2983.2,-0.4305597276459405
NIFTY METAL,2019-03-25,2949.65,-1.1246312684365711
NIFTY METAL,2019-03-26,2980.6,1.049277032868301
NIFTY METAL,2019-03-27,2982.1,0.05032543783130006
NIFTY METAL,2019-03-28,2973.7,-0.28168069481238067
NIFTY METAL,2019-03-29,3044.15,2.369102464942663
NIFTY METAL,2019-04-01,3102.3,1.910221244025423
NIFTY METAL,2019-04-02,3089.1,-0.4254907649163586
NIFTY METAL,2019-04-03,3085.0,-0.13272474183418925
NIFTY METAL,2019-04-04,3071.9,-0.4246353322528318
NIFTY METAL,2019-04-05,3132.35,1.9678374947101007
NIFTY METAL,2019-04-08,3101.7,-0.9784985713601646
NIFTY METAL,2019-04-09,3133.65,1.030080278556933
NIFTY METAL,2019-04-10,3105.2,-0.9078869688701752
NIFTY METAL,2019-04-11,3067.45,-1.215702692258147
NIFTY METAL,2019-04-12,3071.6,0.13529152879427908
NIFTY METAL,2019-04-15,3141.35,2.270803490037765
NIFTY METAL,2019-04-16,3149.9,0.2721759752972508
NIFTY METAL,2019-04-18,3109.85,-1.271468935521769
NIFTY METAL,2019-04-22,3054.1,-1.7926909658022128
NIFTY METAL,2019-04-23,3042.0,-0.39618872990405674
NIFTY METAL,2019-04-24,3047.75,0.18902038132806442
NIFTY METAL,2019-04-25,2991.1,-1.858748256910836
NIFTY METAL,2019-04-26,3046.65,1.8571762896593347
NIFTY METAL,2019-04-30,3089.1,1.3933336615626901
NIFTY METAL,2019-05-02,3085.5,-0.11653879770806563
NIFTY METAL,2019-05-03,3081.25,-0.13774104683195176
NIFTY METAL,2019-05-06,3018.75,-2.0283975659229236
NIFTY METAL,2019-05-07,2980.4,-1.2703933747411966
NIFTY METAL,2019-05-08,2959.5,-0.7012481546101235
NIFTY METAL,2019-05-09,2917.1,-1.4326744382497036
NIFTY METAL,2019-05-10,2872.5,-1.5289157039525492
NIFTY METAL,2019-05-13,2820.85,-1.7980852915578827
NIFTY METAL,2019-05-14,2837.9,0.6044277434106737
NIFTY METAL,2019-05-15,2778.4,-2.0966207406885373
NIFTY METAL,2019-05-16,2810.85,1.1679383818024691
NIFTY METAL,2019-05-17,2807.25,-0.12807513741394105
NIFTY METAL,2019-05-20,2899.15,3.273666399501285
NIFTY METAL,2019-05-21,2854.25,-1.548729800113835
NIFTY METAL,2019-05-22,2864.45,0.35736182885171
NIFTY METAL,2019-05-23,2822.0,-1.4819598875874918
NIFTY METAL,2019-05-24,2904.3,2.9163713678242553
NIFTY METAL,2019-05-27,2965.7,2.1141066694212007
NIFTY METAL,2019-05-28,2992.95,0.9188387227298866
NIFTY METAL,2019-05-29,2937.3,-1.859369518368148
NIFTY METAL,2019-05-30,2924.5,-0.435774350594087
NIFTY METAL,2019-05-31,2900.4,-0.8240724910241082
NIFTY METAL,2019-06-03,2951.25,1.7532064542821635
NIFTY METAL,2019-06-04,2956.4,0.17450232952138656
NIFTY METAL,2019-06-06,2923.05,-1.1280611554593367
NIFTY METAL,2019-06-07,2906.95,-0.5507945467918884
NIFTY METAL,2019-06-10,2912.25,0.1823216773594316
NIFTY METAL,2019-06-11,2950.65,1.3185681174349817
NIFTY METAL,2019-06-12,2962.1,0.38805009065798757
NIFTY METAL,2019-06-13,2955.95,-0.20762297019006892
NIFTY METAL,2019-06-14,2944.9,-0.3738222906341404
NIFTY METAL,2019-06-17,2860.5,-2.8659716798533075
NIFTY METAL,2019-06-18,2874.9,0.5034084950183537
NIFTY METAL,2019-06-19,2886.3,0.396535531670672
NIFTY METAL,2019-06-20,2940.1,1.8639781034542446
NIFTY METAL,2019-06-21,2930.2,-0.33672324070610493
NIFTY METAL,2019-06-24,2892.45,-1.288307965326596
NIFTY METAL,2019-06-25,2942.65,1.735552904976756
NIFTY METAL,2019-06-26,3022.95,2.728832854739771
NIFTY METAL,2019-06-27,3014.2,-0.28945235614218356
NIFTY METAL,2019-06-28,2980.2,-1.1279941609714017
NIFTY METAL,2019-07-01,2977.95,-0.07549828870545561
NIFTY METAL,2019-07-02,2993.35,0.5171342702194437
NIFTY METAL,2019-07-03,2992.15,-0.040088863647747
NIFTY METAL,2019-07-04,2962.5,-0.9909262570392596
NIFTY METAL,2019-07-05,2851.25,-3.7552742616033807
NIFTY METAL,2019-07-08,2791.2,-2.106093818500665
NIFTY METAL,2019-07-09,2788.05,-0.11285468615648275
NIFTY METAL,2019-07-10,2756.45,-1.1334086547945876
NIFTY METAL,2019-07-11,2805.25,1.7703930780532895
NIFTY METAL,2019-07-12,2826.3,0.7503787541217388
NIFTY METAL,2019-07-15,2823.0,-0.11676042882922122
NIFTY METAL,2019-07-16,2847.35,0.8625575628763649
NIFTY METAL,2019-07-17,2848.8,0.05092454387414236
NIFTY METAL,2019-07-18,2778.6,-2.4641954507161
NIFTY METAL,2019-07-19,2741.85,-1.3226085078816618
NIFTY METAL,2019-07-22,2788.1,1.686817294892129
NIFTY METAL,2019-07-23,2778.75,-0.3353538251856025
NIFTY METAL,2019-07-24,2712.95,-2.3679712100764805
NIFTY METAL,2019-07-25,2686.4,-0.9786394883797955
NIFTY METAL,2019-07-26,2692.45,0.22520845741511586
NIFTY METAL,2019-07-29,2611.9,-2.99169901019517
NIFTY METAL,2019-07-30,2527.0,-3.250507293541105
NIFTY METAL,2019-07-31,2588.15,2.4198654531064623
NIFTY METAL,2019-08-01,2507.05,-3.1335123543844046
NIFTY METAL,2019-08-02,2459.1,-1.912606449811538
NIFTY METAL,2019-08-05,2415.35,-1.779106177056644
NIFTY METAL,2019-08-06,2448.05,1.3538410582317306
NIFTY METAL,2019-08-07,2389.45,-2.393741957884865
NIFTY METAL,2019-08-08,2418.8,1.2283161396974274
NIFTY METAL,2019-08-09,2398.0,-0.8599305440714522
NIFTY METAL,2019-08-13,2355.9,-1.7556296914094993
NIFTY METAL,2019-08-14,2411.05,2.340931278916769
NIFTY METAL,2019-08-16,2402.05,-0.3732813504489729
NIFTY METAL,2019-08-19,2391.35,-0.4454528423638249
NIFTY METAL,2019-08-20,2351.15,-1.6810588161498607
NIFTY METAL,2019-08-21,2283.2,-2.8900750696467803
NIFTY METAL,2019-08-22,2203.6,-3.48633496846531
NIFTY METAL,2019-08-23,2278.65,3.4057905245961306
NIFTY METAL,2019-08-26,2256.65,-0.9654839488293487
NIFTY METAL,2019-08-27,2303.9,2.093811623424102
NIFTY METAL,2019-08-28,2226.45,-3.361691045618309
NIFTY METAL,2019-08-29,2254.35,1.2531159469109987
NIFTY METAL,2019-08-30,2289.95,1.579169161842664
NIFTY METAL,2019-09-03,2218.95,-3.100504377824842
NIFTY METAL,2019-09-04,2254.65,1.6088690596903987
NIFTY METAL,2019-09-05,2313.6,2.6145965005654803
NIFTY METAL,2019-09-06,2357.7,1.9061203319502118
NIFTY METAL,2019-09-09,2360.05,0.09967341052723455
NIFTY METAL,2019-09-11,2414.55,2.309273108620591
NIFTY METAL,2019-09-12,2410.6,-0.16359155950385063
NIFTY METAL,2019-09-13,2444.1,1.389695511490907
NIFTY METAL,2019-09-16,2440.55,-0.14524773945417957
NIFTY METAL,2019-09-17,2375.85,-2.651041773370766
NIFTY METAL,2019-09-18,2402.65,1.1280173411621242
NIFTY METAL,2019-09-19,2363.45,-1.6315318502486909
NIFTY METAL,2019-09-20,2497.65,5.678140007192889
NIFTY METAL,2019-09-23,2526.2,1.1430744900206014
NIFTY METAL,2019-09-24,2485.1,-1.6269495685218849
NIFTY METAL,2019-09-25,2419.75,-2.6296728501871147
NIFTY METAL,2019-09-26,2520.45,4.161586940799666
NIFTY METAL,2019-09-27,2453.95,-2.638417742863375
NIFTY METAL,2019-09-30,2439.85,-0.5745838342264498
NIFTY METAL,2019-10-01,2397.05,-1.7542062012008808
NIFTY METAL,2019-10-03,2326.55,-2.9411151206691577
NIFTY METAL,2019-10-04,2297.2,-1.2615245750145165
NIFTY METAL,2019-10-07,2269.95,-1.1862267107783375
NIFTY METAL,2019-10-09,2317.7,2.103570563228274
NIFTY METAL,2019-10-10,2283.35,-1.4820727445312154
NIFTY METAL,2019-10-11,2337.1,2.353997416077247
NIFTY METAL,2019-10-14,2360.2,0.9884044328441144
NIFTY METAL,2019-10-15,2397.05,1.5613083636980107
NIFTY METAL,2019-10-16,2388.3,-0.3650320185227707
NIFTY METAL,2019-10-17,2410.95,0.94837331993467
NIFTY METAL,2019-10-18,2456.0,1.8685580372882038
NIFTY METAL,2019-10-22,2442.85,-0.5354234527687352
NIFTY METAL,2019-10-23,2436.85,-0.24561475325951543
NIFTY METAL,2019-10-24,2419.55,-0.7099329051849623
NIFTY METAL,2019-10-25,2410.85,-0.3595709946064507
NIFTY METAL,2019-10-27,2421.95,0.4604185245867587
NIFTY METAL,2019-10-29,2518.3,3.9781993847932684
NIFTY METAL,2019-10-30,2514.25,-0.1608227772703863
NIFTY METAL,2019-10-31,2500.75,-0.5369394451625764
NIFTY METAL,2019-11-01,2561.75,2.4392682195341298
NIFTY METAL,2019-11-04,2642.15,3.1384795549917133
NIFTY METAL,2019-11-05,2616.95,-0.953768711087577
NIFTY METAL,2019-11-06,2633.45,0.6305049771680782
NIFTY METAL,2019-11-07,2659.05,0.9721088306214432
NIFTY METAL,2019-11-08,2612.95,-1.7337018860119402
NIFTY METAL,2019-11-11,2610.1,-0.10907212154843693
NIFTY METAL,2019-11-13,2556.65,-2.047814259990033
NIFTY METAL,2019-11-14,2506.6,-1.9576398803121342
NIFTY METAL,2019-11-15,2498.8,-0.3111784887895874
NIFTY METAL,2019-11-18,2539.65,1.63478469665439
NIFTY METAL,2019-11-19,2517.95,-0.8544484476207481
NIFTY METAL,2019-11-20,2524.9,0.276018189400129
NIFTY METAL,2019-11-21,2470.45,-2.1565210503386334
NIFTY METAL,2019-11-22,2521.15,2.0522576858467145
NIFTY METAL,2019-11-25,2602.0,3.2068698808083607
NIFTY METAL,2019-11-26,2580.55,-0.82436587240583
NIFTY METAL,2019-11-27,2602.85,0.8641568657844045
NIFTY METAL,2019-11-28,2656.85,2.0746489425053305
NIFTY METAL,2019-11-29,2625.5,-1.1799687599977404
NIFTY METAL,2019-12-02,2632.65,0.2723290801752043
NIFTY METAL,2019-12-03,2564.2,-2.6000417829943334
NIFTY METAL,2019-12-04,2604.0,1.5521410186412954
NIFTY METAL,2019-12-05,2543.95,-2.3060675883256554
NIFTY METAL,2019-12-06,2535.85,-0.31840248432555285
NIFTY METAL,2019-12-09,2551.7,0.6250369698523217
NIFTY METAL,2019-12-10,2515.9,-1.4029862444644658
NIFTY METAL,2019-12-11,2509.55,-0.25239476926744997
NIFTY METAL,2019-12-12,2568.8,2.360981052379918
NIFTY METAL,2019-12-13,2626.75,2.2559171597632988
NIFTY METAL,2019-12-16,2591.1,-1.3571904444655947
NIFTY METAL,2019-12-17,2665.75,2.8810157848018214
NIFTY METAL,2019-12-18,2687.65,0.8215324017631032
NIFTY METAL,2019-12-19,2691.1,0.12836492846910463
NIFTY METAL,2019-12-20,2707.5,0.6094162238489798
NIFTY METAL,2019-12-23,2706.35,-0.04247460757156318
NIFTY METAL,2019-12-24,2723.15,0.6207622813013902
NIFTY METAL,2019-12-26,2739.0,0.5820465269999797
NIFTY METAL,2019-12-27,2760.35,0.7794815626140927
NIFTY METAL,2019-12-30,2796.5,1.3096165341351718
NIFTY METAL,2019-12-31,2801.3,0.1716431253352413
NIFTY METAL,2020-01-01,2796.05,-0.18741298682753982
NIFTY METAL,2020-01-02,2869.9,2.641226015271547
NIFTY METAL,2020-01-03,2848.35,-0.7508972438064143
NIFTY METAL,2020-01-06,2765.75,-2.899924517703234
NIFTY METAL,2020-01-07,2785.9,0.7285546415981337
NIFTY METAL,2020-01-08,2767.25,-0.6694425499838452
NIFTY METAL,2020-01-09,2806.8,1.429216731412053
NIFTY METAL,2020-01-10,2840.75,1.2095624910930525
NIFTY METAL,2020-01-13,2874.1,1.173985743201622
NIFTY METAL,2020-01-14,2900.65,0.9237674402421625
NIFTY METAL,2020-01-15,2921.45,0.7170806543360886
NIFTY METAL,2020-01-16,2884.8,-1.2545140255694864
NIFTY METAL,2020-01-17,2864.65,-0.6984886300610116
NIFTY METAL,2020-01-20,2835.85,-1.0053584207494914
NIFTY METAL,2020-01-21,2799.95,-1.2659343759366726
NIFTY METAL,2020-01-22,2756.75,-1.5428846943695396
NIFTY METAL,2020-01-23,2769.25,0.45343248390314894
NIFTY METAL,2020-01-24,2796.2,0.9731876861966082
NIFTY METAL,2020-01-27,2709.75,-3.091695872970457
NIFTY METAL,2020-01-28,2642.25,-2.4910047052311146
NIFTY METAL,2020-01-29,2665.85,0.8931781625508561
NIFTY METAL,2020-01-30,2628.9,-1.386049477652529
NIFTY METAL,2020-01-31,2569.0,-2.278519532884482
NIFTY METAL,2020-02-01,2480.55,-3.4429739198131526
NIFTY METAL,2020-02-03,2510.95,1.2255346596520722
NIFTY METAL,2020-02-04,2594.25,3.3174694836615615
NIFTY METAL,2020-02-05,2665.4,2.742603835405233
NIFTY METAL,2020-02-06,2688.75,0.8760411195317674
NIFTY METAL,2020-02-07,2710.8,0.8200836820083657
NIFTY METAL,2020-02-10,2628.9,-3.021248339973448
NIFTY METAL,2020-02-11,2651.75,0.8691848301570992
NIFTY METAL,2020-02-12,2668.25,0.622230602432361
NIFTY METAL,2020-02-13,2651.6,-0.624004497329711
NIFTY METAL,2020-02-14,2613.6,-1.4330969980389185
NIFTY METAL,2020-02-17,2586.7,-1.0292317110498939
NIFTY METAL,2020-02-18,2556.05,-1.1849074109869573
NIFTY METAL,2020-02-19,2591.05,1.3693002875530658
NIFTY METAL,2020-02-20,2612.25,0.8182011153779367
NIFTY METAL,2020-02-24,2469.6,-5.460809646856157
NIFTY METAL,2020-02-25,2470.35,0.03036929057336213
NIFTY METAL,2020-02-26,2430.0,-1.6333717894225441
NIFTY METAL,2020-02-27,2410.05,-0.8209876543209815
NIFTY METAL,2020-02-28,2246.05,-6.804838073898878
NIFTY METAL,2020-03-02,2197.6,-2.1571202778210785
NIFTY METAL,2020-03-03,2320.75,5.603840553330919
NIFTY METAL,2020-03-04,2304.3,-0.7088225789076752
NIFTY METAL,2020-03-05,2284.85,-0.8440741222931147
NIFTY METAL,2020-03-06,2183.9,-4.418233144407724
NIFTY METAL,2020-03-09,2020.05,-7.502632904437023
NIFTY METAL,2020-03-11,1986.95,-1.638573302641022
NIFTY METAL,2020-03-12,1800.6,-9.378695991343521
NIFTY METAL,2020-03-13,1903.35,5.706431189603456
NIFTY METAL,2020-03-16,1730.6,-9.07610266109754
NIFTY METAL,2020-03-17,1710.45,-1.1643360684155724
NIFTY METAL,2020-03-18,1664.2,-2.703966792364587
NIFTY METAL,2020-03-19,1574.2,-5.408003845691622
NIFTY METAL,2020-03-20,1692.85,7.537161732943698
NIFTY METAL,2020-03-23,1496.45,-11.601736716188672
NIFTY METAL,2020-03-24,1502.4,0.3976076714891974
NIFTY METAL,2020-03-25,1541.2,2.5825346112886116
NIFTY METAL,2020-03-26,1542.95,0.11354788476511946
NIFTY METAL,2020-03-27,1554.85,0.7712498784795185
NIFTY METAL,2020-03-30,1507.7,-3.0324468598256993
NIFTY METAL,2020-03-31,1585.9,5.18670823108045
NIFTY METAL,2020-04-01,1553.55,-2.0398511885995396
NIFTY METAL,2020-04-03,1522.9,-1.9729007756428718
NIFTY METAL,2020-04-07,1637.0,7.492284457285425
NIFTY METAL,2020-04-08,1624.85,-0.7422113622480242
NIFTY METAL,2020-04-09,1705.45,4.9604578884204775
NIFTY METAL,2020-04-13,1738.4,1.9320413966988248
NIFTY METAL,2020-04-15,1752.9,0.8341003221352894
NIFTY METAL,2020-04-16,1779.75,1.531747390039362
NIFTY METAL,2020-04-17,1816.5,2.0648967551622377
NIFTY METAL,2020-04-20,1756.45,-3.305807872281863
NIFTY METAL,2020-04-21,1666.6,-5.115431694611294
NIFTY METAL,2020-04-22,1673.3,0.40201608064323047
NIFTY METAL,2020-04-23,1694.75,1.2818980457778073
NIFTY METAL,2020-04-24,1645.2,-2.923735064168753
NIFTY METAL,2020-04-27,1666.6,1.3007537077558862
NIFTY METAL,2020-04-28,1661.65,-0.29701188047520644
NIFTY METAL,2020-04-29,1723.8,3.7402581771130983
NIFTY METAL,2020-04-30,1859.9,7.8953474881076735
NIFTY METAL,2020-05-04,1713.8,-7.855261035539551
NIFTY METAL,2020-05-05,1693.65,-1.1757497957754603
NIFTY METAL,2020-05-06,1697.95,0.2538895285330467
NIFTY METAL,2020-05-07,1695.55,-0.14134691834271074
NIFTY METAL,2020-05-08,1676.55,-1.12058034266167
NIFTY METAL,2020-05-11,1697.9,1.2734484506874422
NIFTY METAL,2020-05-12,1717.55,1.157311973614461
NIFTY METAL,2020-05-13,1760.6,2.5064772495706045
NIFTY METAL,2020-05-14,1715.05,-2.5871861865273127
NIFTY METAL,2020-05-15,1742.6,1.6063671613072428
NIFTY METAL,2020-05-18,1673.5,-3.9653391483989386
NIFTY METAL,2020-05-19,1693.55,1.1980878398565764
NIFTY METAL,2020-05-20,1711.5,1.059903752472624
NIFTY METAL,2020-05-21,1742.9,1.834647969617298
NIFTY METAL,2020-05-22,1710.45,-1.8618394629640322
NIFTY METAL,2020-05-26,1756.35,2.6835043409628945
NIFTY METAL,2020-05-27,1801.25,2.5564380675833442
NIFTY METAL,2020-05-28,1844.5,2.4011103400416456
NIFTY METAL,2020-05-29,1879.85,1.9165085388994196
NIFTY METAL,2020-06-01,1952.5,3.864670053461716
NIFTY METAL,2020-06-02,1956.1,0.1843790012804103
NIFTY METAL,2020-06-03,1952.7,-0.1738152446193908
NIFTY METAL,2020-06-04,1972.9,1.0344650996056748
NIFTY METAL,2020-06-05,2049.7,3.892746718029283
NIFTY METAL,2020-06-08,2044.85,-0.23661999316972882
NIFTY METAL,2020-06-09,2022.5,-1.0929897058463922
NIFTY METAL,2020-06-10,2010.8,-0.5784919653893716
NIFTY METAL,2020-06-11,1954.85,-2.782474636960419
NIFTY METAL,2020-06-12,1966.1,0.5754917257078551
NIFTY METAL,2020-06-15,1928.55,-1.9098723360968406
NIFTY METAL,2020-06-16,1955.9,1.418163905524894
NIFTY METAL,2020-06-17,1940.45,-0.789917684953223
NIFTY METAL,2020-06-18,1998.65,2.999304285088522
NIFTY METAL,2020-06-19,1997.55,-0.05503715007630916
NIFTY METAL,2020-06-22,2049.8,2.6157042376911743
NIFTY METAL,2020-06-23,2085.8,1.7562689042833535
NIFTY METAL,2020-06-24,2042.35,-2.0831335698533016
NIFTY METAL,2020-06-25,2030.8,-0.5655250079565133
NIFTY METAL,2020-06-26,2043.35,0.6179830608627146
NIFTY METAL,2020-06-29,1989.5,-2.6353781779920205
NIFTY METAL,2020-06-30,1991.35,0.09298818798693098
NIFTY METAL,2020-07-01,1997.35,0.3013031360634688
NIFTY METAL,2020-07-02,2017.0,0.9838035396900979
NIFTY METAL,2020-07-03,2008.5,-0.4214179474467006
NIFTY METAL,2020-07-06,2058.15,2.471994025392088
NIFTY METAL,2020-07-07,2022.6,-1.7272793528168573
NIFTY METAL,2020-07-08,2054.3,1.5672896272125092
NIFTY METAL,2020-07-09,2094.3,1.9471352772233885
NIFTY METAL,2020-07-10,2078.2,-0.7687532827197807
NIFTY METAL,2020-07-13,2105.15,1.296795303628162
NIFTY METAL,2020-07-14,2052.45,-2.503384556919952
NIFTY METAL,2020-07-15,2055.75,0.16078345392094295
NIFTY METAL,2020-07-16,2070.65,0.7247963030524218
NIFTY METAL,2020-07-17,2103.0,1.5623113515079723
NIFTY METAL,2020-07-20,2106.0,0.14265335235377208
NIFTY METAL,2020-07-21,2118.6,0.5982905982905962
NIFTY METAL,2020-07-22,2113.95,-0.2194845652789601
NIFTY METAL,2020-07-23,2131.4,0.825468908914595
NIFTY METAL,2020-07-24,2087.5,-2.0596790841700297
NIFTY METAL,2020-07-27,2094.4,0.3305389221556876
NIFTY METAL,2020-07-28,2141.3,2.2393048128342308
NIFTY METAL,2020-07-29,2160.75,0.9083267174146537
NIFTY METAL,2020-07-30,2135.15,-1.1847738053916368
NIFTY METAL,2020-07-31,2147.3,0.5690466711940623
NIFTY METAL,2020-08-03,2156.15,0.412145485027704
NIFTY METAL,2020-08-04,2177.35,0.983234005055289
NIFTY METAL,2020-08-05,2263.8,3.970422761613901
NIFTY METAL,2020-08-06,2294.75,1.3671702447212608
NIFTY METAL,2020-08-07,2314.35,0.8541235428696003
NIFTY METAL,2020-08-10,2332.0,0.762633136733859
NIFTY METAL,2020-08-11,2370.65,1.657375643224701
NIFTY METAL,2020-08-12,2354.8,-0.6685930019193043
NIFTY METAL,2020-08-13,2380.65,1.0977577713606301
NIFTY METAL,2020-08-14,2405.8,1.0564341671392308
NIFTY METAL,2020-08-17,2464.25,2.429545265608102
NIFTY METAL,2020-08-18,2507.5,1.755097899969571
NIFTY METAL,2020-08-19,2513.15,0.22532402791626271
NIFTY METAL,2020-08-20,2538.9,1.024610548514815
NIFTY METAL,2020-08-21,2523.6,-0.6026231832683471
NIFTY METAL,2020-08-24,2526.1,0.09906482802346517
NIFTY METAL,2020-08-25,2507.5,-0.7363128933929763
NIFTY METAL,2020-08-26,2527.8,0.809571286141586
NIFTY METAL,2020-08-27,2531.05,0.12857029828308164
NIFTY METAL,2020-08-28,2520.35,-0.4227494518085462
NIFTY METAL,2020-08-31,2420.6,-3.95778364116095
NIFTY METAL,2020-09-01,2496.75,3.145914236139813
NIFTY METAL,2020-09-02,2541.35,1.7863222188845507
NIFTY METAL,2020-09-03,2527.3,-0.552855765636362
NIFTY METAL,2020-09-04,2451.35,-3.0051833973014808
NIFTY METAL,2020-09-07,2450.05,-0.053032002773967246
NIFTY METAL,2020-09-08,2376.85,-2.987694128691265
NIFTY METAL,2020-09-09,2397.2,0.8561751898521042
NIFTY METAL,2020-09-10,2369.8,-1.1430001668613188
NIFTY METAL,2020-09-11,2384.3,0.6118659802514914
NIFTY METAL,2020-09-14,2387.05,0.11533783500399242
NIFTY METAL,2020-09-15,2385.55,-0.06283906914392734
NIFTY METAL,2020-09-16,2396.35,0.4527257865062362
NIFTY METAL,2020-09-17,2363.3,-1.3791808375237191
NIFTY METAL,2020-09-18,2362.2,-0.04654508526215073
NIFTY METAL,2020-09-21,2240.35,-5.158326983320627
NIFTY METAL,2020-09-22,2213.95,-1.1783873055549399
NIFTY METAL,2020-09-23,2205.25,-0.39296280403802175
NIFTY METAL,2020-09-24,2111.85,-4.235347466273664
NIFTY METAL,2020-09-25,2172.65,2.878992352676568
NIFTY METAL,2020-09-28,2237.0,2.9618208178952
NIFTY METAL,2020-09-29,2280.9,1.9624497094322901
NIFTY METAL,2020-09-30,2242.55,-1.6813538515498272
NIFTY METAL,2020-10-01,2261.25,0.8338721544669969
NIFTY METAL,2020-10-05,2318.85,2.547263681592038
NIFTY METAL,2020-10-06,2302.7,-0.6964659206072032
NIFTY METAL,2020-10-07,2267.75,-1.517783471576839
NIFTY METAL,2020-10-08,2272.4,0.20504905743579105
NIFTY METAL,2020-10-09,2260.85,-0.5082731913395588
NIFTY METAL,2020-10-12,2240.85,-0.884623040007082
NIFTY METAL,2020-10-13,2249.65,0.3927081241493324
NIFTY METAL,2020-10-14,2251.95,0.10223812593068704
NIFTY METAL,2020-10-15,2240.95,-0.48846555207708864
NIFTY METAL,2020-10-16,2329.85,3.967067538320812
NIFTY METAL,2020-10-19,2367.85,1.6310062879584475
NIFTY METAL,2020-10-20,2363.35,-0.19004582215934596
NIFTY METAL,2020-10-21,2416.05,2.229885543825505
NIFTY METAL,2020-10-22,2432.5,0.680863392727793
NIFTY METAL,2020-10-23,2443.0,0.4316546762589857
NIFTY METAL,2020-10-26,2357.55,-3.4977486696684323
NIFTY METAL,2020-10-27,2359.6,0.08695467752537489
NIFTY METAL,2020-10-28,2325.4,-1.4493982030852615
NIFTY METAL,2020-10-29,2307.7,-0.7611593704309083
NIFTY METAL,2020-10-30,2343.6,1.5556614811284009
NIFTY METAL,2020-11-02,2338.9,-0.20054616828809602
NIFTY METAL,2020-11-03,2391.2,2.2360938902902916
NIFTY METAL,2020-11-04,2383.8,-0.3094680495148716
NIFTY METAL,2020-11-05,2488.65,4.398439466398174
NIFTY METAL,2020-11-06,2500.35,0.4701344102224114
NIFTY METAL,2020-11-09,2545.25,1.7957485951966667
NIFTY METAL,2020-11-10,2556.7,0.44985757784106184
NIFTY METAL,2020-11-11,2645.05,3.4556263933977593
NIFTY METAL,2020-11-12,2636.9,-0.3081227197973657
NIFTY METAL,2020-11-13,2681.0,1.6724183700557393
NIFTY METAL,2020-11-14,2694.15,0.4904886236478889
NIFTY METAL,2020-11-17,2761.35,2.494293190802277
NIFTY METAL,2020-11-18,2772.5,0.40378800224527556
NIFTY METAL,2020-11-19,2752.65,-0.7159603246167712
NIFTY METAL,2020-11-20,2774.75,0.8028626959475371
NIFTY METAL,2020-11-23,2808.6,1.2199297233985051
NIFTY METAL,2020-11-24,2839.15,1.087730541907006
NIFTY METAL,2020-11-25,2816.55,-0.7960128911822184
NIFTY METAL,2020-11-26,2925.05,3.8522305657630707
NIFTY METAL,2020-11-27,2925.75,0.023931214851025118
NIFTY METAL,2020-12-01,2974.05,1.6508587541655961
NIFTY METAL,2020-12-02,3050.2,2.560481498293554
NIFTY METAL,2020-12-03,3126.1,2.488361418923346
NIFTY METAL,2020-12-04,3161.35,1.1276030837145345
NIFTY METAL,2020-12-07,3161.2,-0.004744808388823518
NIFTY METAL,2020-12-08,3122.35,-1.2289636846766983
NIFTY METAL,2020-12-09,3105.9,-0.5268467660576093
NIFTY METAL,2020-12-10,3113.05,0.23020702533886883
NIFTY METAL,2020-12-11,3146.1,1.0616597870255706
NIFTY METAL,2020-12-14,3189.5,1.3794857124694193
NIFTY METAL,2020-12-15,3214.15,0.7728484088415088
NIFTY METAL,2020-12-16,3271.75,1.7920756654169923
NIFTY METAL,2020-12-17,3227.7,-1.3463742645373311
NIFTY METAL,2020-12-18,3216.6,-0.3438981317966272
NIFTY METAL,2020-12-21,3038.25,-5.544674501025925
NIFTY METAL,2020-12-22,3079.65,1.3626265119723646
NIFTY METAL,2020-12-23,3134.1,1.7680580585456074
NIFTY METAL,2020-12-24,3144.3,0.3254522829520434
NIFTY METAL,2020-12-28,3224.85,2.56177845625416
NIFTY METAL,2020-12-29,3189.85,-1.0853217979130858
NIFTY METAL,2020-12-30,3230.9,1.2868943680737432
NIFTY METAL,2020-12-31,3254.65,0.7350892940047649
NIFTY METAL,2021-01-01,3258.85,0.12904613399289389
NIFTY METAL,2021-01-04,3424.6,5.0861500222471046
NIFTY METAL,2021-01-05,3376.25,-1.4118437189744815
NIFTY METAL,2021-01-06,3419.8,1.2898926323583915
NIFTY METAL,2021-01-07,3550.45,3.8203988537341305
NIFTY METAL,2021-01-08,3529.2,-0.598515681110845
NIFTY METAL,2021-01-11,3493.9,-1.0002266802674797
NIFTY METAL,2021-01-12,3509.9,0.4579409828558312
NIFTY METAL,2021-01-13,3523.25,0.3803527166016174
NIFTY METAL,2021-01-14,3487.4,-1.017526431561766
NIFTY METAL,2021-01-15,3449.15,-1.0968056431725604
NIFTY METAL,2021-01-18,3308.5,-4.077816273574653
NIFTY METAL,2021-01-19,3405.2,2.922774671301198
NIFTY METAL,2021-01-20,3437.0,0.9338658522260124
NIFTY METAL,2021-01-21,3362.15,-2.177771312190857
NIFTY METAL,2021-01-22,3231.45,-3.8873934833365653
NIFTY METAL,2021-01-25,3236.35,0.1516347150659847
NIFTY METAL,2021-01-27,3154.8,-2.5198139879802794
NIFTY METAL,2021-01-28,3138.1,-0.5293520983897682
NIFTY METAL,2021-01-29,3077.45,-1.9326981294413792
NIFTY METAL,2021-02-01,3227.25,4.867666412126925
NIFTY METAL,2021-02-02,3289.1,1.9164923696645797
NIFTY METAL,2021-02-03,3344.4,1.6813109969292528
NIFTY METAL,2021-02-04,3409.55,1.948032531993782
NIFTY METAL,2021-02-05,3443.15,0.9854672904048956
NIFTY METAL,2021-02-08,3552.45,3.1744187735068152
NIFTY METAL,2021-02-09,3513.65,-1.0922039719067023
NIFTY METAL,2021-02-10,3510.85,-0.07968921207291979
NIFTY METAL,2021-02-11,3546.7,1.0211202415369547
NIFTY METAL,2021-02-12,3486.25,-1.7044012744241055
NIFTY METAL,2021-02-15,3469.95,-0.4675510935819305
NIFTY METAL,2021-02-16,3570.15,2.8876496779492555
NIFTY METAL,2021-02-17,3576.05,0.16525916278027353
NIFTY METAL,2021-02-18,3623.05,1.314299296710053
NIFTY METAL,2021-02-19,3552.1,-1.9582948068616268
NIFTY METAL,2021-02-22,3609.1,1.6046845527997622
NIFTY METAL,2021-02-23,3749.55,3.8915519104485874
NIFTY METAL,2021-02-24,3778.65,0.776093131175748
NIFTY METAL,2021-02-25,3928.6,3.9683484842470085
NIFTY METAL,2021-02-26,3822.65,-2.69688947716743
NIFTY METAL,2021-03-01,3896.95,1.9436778151282308
NIFTY METAL,2021-03-02,3927.6,0.7865125290291042
NIFTY METAL,2021-03-03,4058.6,3.335370200631438
NIFTY METAL,2021-03-04,3976.85,-2.014241364017144
NIFTY METAL,2021-03-05,3869.4,-2.7018871720079884
NIFTY METAL,2021-03-08,3900.8,0.8114953222721821
NIFTY METAL,2021-03-09,3802.7,-2.5148687448728557
NIFTY METAL,2021-03-10,3873.65,1.8657795776685138
NIFTY METAL,2021-03-12,3840.2,-0.8635266479935066
NIFTY METAL,2021-03-15,3880.05,1.0377063694599231
NIFTY METAL,2021-03-16,3847.25,-0.8453499310575929
NIFTY METAL,2021-03-17,3752.7,-2.4575995841185305
NIFTY METAL,2021-03-18,3754.35,0.043968342793188064
NIFTY METAL,2021-03-19,3832.5,2.081585360981264
NIFTY METAL,2021-03-22,3867.45,0.9119373776907969
NIFTY METAL,2021-03-23,3841.95,-0.6593491835705678
NIFTY METAL,2021-03-24,3717.55,-3.2379390674006636
NIFTY METAL,2021-03-25,3718.3,0.020174577342602085
NIFTY METAL,2021-03-26,3855.3,3.6844794664228298
NIFTY METAL,2021-03-30,3963.0,2.793556921640339
NIFTY METAL,2021-03-31,3977.2,0.358314408276561
NIFTY METAL,2021-04-01,4189.15,5.329126018304331
NIFTY METAL,2021-04-05,4226.4,0.8892018667271406
NIFTY METAL,2021-04-06,4286.95,1.4326613666477472
NIFTY METAL,2021-04-07,4325.45,0.8980743885512954
NIFTY METAL,2021-04-08,4494.95,3.9186674218867346
NIFTY METAL,2021-04-09,4467.3,-0.6151347623444048
NIFTY METAL,2021-04-12,4196.0,-6.073019497235466
NIFTY METAL,2021-04-13,4337.9,3.3817921830314512
NIFTY METAL,2021-04-15,4397.45,1.3727840660227253
NIFTY METAL,2021-04-16,4434.0,0.8311635152190577
NIFTY METAL,2021-04-19,4366.1,-1.5313486693730227
NIFTY METAL,2021-04-20,4384.4,0.4191383614667421
NIFTY METAL,2021-04-22,4460.9,1.7448225526867978
NIFTY METAL,2021-04-23,4446.85,-0.3149588648030499
NIFTY METAL,2021-04-26,4536.3,2.011536256001434
NIFTY METAL,2021-04-27,4659.25,2.7103586623459686
NIFTY METAL,2021-04-28,4645.05,-0.3047700810216214
NIFTY METAL,2021-04-29,4855.3,4.526323720950254
NIFTY METAL,2021-04-30,4847.95,-0.15138096513089838
NIFTY METAL,2021-05-03,4952.45,2.155550284140717
NIFTY METAL,2021-05-04,4921.65,-0.6219144060010784
NIFTY METAL,2021-05-05,4970.15,0.9854418741682247
NIFTY METAL,2021-05-06,5095.0,2.5119966198203336
NIFTY METAL,2021-05-07,5335.85,4.727183513248279
NIFTY METAL,2021-05-10,5503.35,3.1391437165587455
NIFTY METAL,2021-05-11,5452.65,-0.9212570525225727
NIFTY METAL,2021-05-12,5290.45,-2.9747003750469903
NIFTY METAL,2021-05-14,5091.35,-3.7633849672523034
NIFTY METAL,2021-05-17,5207.75,2.286230567531189
NIFTY METAL,2021-05-18,5294.4,1.663866353031529
NIFTY METAL,2021-05-19,5245.95,-0.9151178603807764
NIFTY METAL,2021-05-20,5077.35,-3.213907871786792
NIFTY METAL,2021-05-21,5099.15,0.4293578343033122
NIFTY METAL,2021-05-24,5068.6,-0.599119461086639
NIFTY METAL,2021-05-25,5099.4,0.6076628654855254
NIFTY METAL,2021-05-26,5004.75,-1.8561007177314903
NIFTY METAL,2021-05-27,5043.3,0.770268245167105
NIFTY METAL,2021-05-28,5055.75,0.24686217357681173
NIFTY METAL,2021-05-31,5161.8,2.097611630321916
NIFTY METAL,2021-06-01,5121.65,-0.7778294393428808
NIFTY METAL,2021-06-02,5233.3,2.179961535833197
NIFTY METAL,2021-06-03,5268.05,0.6640169682609498
NIFTY METAL,2021-06-04,5339.15,1.3496455045035605
NIFTY METAL,2021-06-07,5315.5,-0.4429544028543786
NIFTY METAL,2021-06-08,5258.9,-1.0648104599755515
NIFTY METAL,2021-06-09,5209.45,-0.9403107113654885
NIFTY METAL,2021-06-10,5265.2,1.0701705554329255
NIFTY METAL,2021-06-11,5406.8,2.6893565296664868
NIFTY METAL,2021-06-14,5371.6,-0.6510320337352882
NIFTY METAL,2021-06-15,5368.95,-0.049333531908568595
NIFTY METAL,2021-06-16,5216.2,-2.845062814889321
NIFTY METAL,2021-06-17,5095.1,-2.32161343506766
NIFTY METAL,2021-06-18,5048.65,-0.9116602225667902
NIFTY METAL,2021-06-21,5105.2,1.1201014132490972
NIFTY METAL,2021-06-22,5119.4,0.27814777090025
NIFTY METAL,2021-06-23,5061.8,-1.1251318513888275
NIFTY METAL,2021-06-24,5090.9,0.5748943063732082
NIFTY METAL,2021-06-25,5223.95,2.6134868097978714
NIFTY METAL,2021-06-28,5290.8,1.2796829984973224
NIFTY METAL,2021-06-29,5226.05,-1.2238224843123868
NIFTY METAL,2021-06-30,5215.8,-0.1961328345500002
NIFTY METAL,2021-07-01,5207.4,-0.16104911998160443
NIFTY METAL,2021-07-02,5130.05,-1.4853861812036628
NIFTY METAL,2021-07-05,5189.6,1.1608073995380108
NIFTY METAL,2021-07-06,5172.7,-0.32565130260522324
NIFTY METAL,2021-07-07,5286.45,2.199044986177423
NIFTY METAL,2021-07-08,5170.5,-2.1933433589648943
NIFTY METAL,2021-07-09,5273.6,1.9940044483125474
NIFTY METAL,2021-07-12,5262.55,-0.2095342839805836
NIFTY METAL,2021-07-13,5295.6,0.6280225366029901
NIFTY METAL,2021-07-14,5299.95,0.08214366644005988
NIFTY METAL,2021-07-15,5335.4,0.6688742346625975
NIFTY METAL,2021-07-16,5391.3,1.0477190088840738
NIFTY METAL,2021-07-19,5317.85,-1.3623801309517125
NIFTY METAL,2021-07-20,5193.65,-2.3355303365081848
NIFTY METAL,2021-07-22,5348.95,2.990189943488697
NIFTY METAL,2021-07-23,5353.8,0.09067200104693196
NIFTY METAL,2021-07-26,5387.4,0.6275916171690987
NIFTY METAL,2021-07-27,5465.9,1.4571036121320047
NIFTY METAL,2021-07-28,5532.8,1.2239521396293584
NIFTY METAL,2021-07-29,5810.75,5.023676980913816
NIFTY METAL,2021-07-30,5770.35,-0.6952630899625611
NIFTY METAL,2021-08-02,5781.3,0.18976318594192687
NIFTY METAL,2021-08-03,5778.2,-0.053621157871075464
NIFTY METAL,2021-08-04,5759.9,-0.31670762521200935
NIFTY METAL,2021-08-05,5834.4,1.2934252330769613
NIFTY METAL,2021-08-06,5841.35,0.11912107500344771
NIFTY METAL,2021-08-09,5732.0,-1.8719987674082228
NIFTY METAL,2021-08-10,5573.3,-2.768667131891134
NIFTY METAL,2021-08-11,5748.3,3.139970932840508
NIFTY METAL,2021-08-12,5769.25,0.3644555781709302
NIFTY METAL,2021-08-13,5799.3,0.5208649304502266
NIFTY METAL,2021-08-16,5884.9,1.476040211749674
NIFTY METAL,2021-08-17,5749.4,-2.302503016193991
NIFTY METAL,2021-08-18,5702.6,-0.8139979823981514
NIFTY METAL,2021-08-20,5335.95,-6.429523375302503
NIFTY METAL,2021-08-23,5291.25,-0.8377139965704328
NIFTY METAL,2021-08-24,5444.8,2.9019607843137285
NIFTY METAL,2021-08-25,5474.05,0.5372098148692439
NIFTY METAL,2021-08-26,5404.7,-1.2668864917200318
NIFTY METAL,2021-08-27,5492.7,1.6282124817288635
NIFTY METAL,2021-08-30,5628.1,2.4650900285833943
NIFTY METAL,2021-08-31,5714.6,1.536930758159949
NIFTY METAL,2021-09-01,5612.45,-1.7875266860322814
NIFTY METAL,2021-09-02,5653.3,0.7278461278051429
NIFTY METAL,2021-09-03,5719.35,1.1683441529726002
NIFTY METAL,2021-09-06,5742.7,0.40826317675959345
NIFTY METAL,2021-09-07,5708.35,-0.5981506956657889
NIFTY METAL,2021-09-08,5720.75,0.21722564313679804
NIFTY METAL,2021-09-09,5765.15,0.7761220119739454
NIFTY METAL,2021-09-13,5839.3,1.2861764221225869
NIFTY METAL,2021-09-14,5810.35,-0.49577860359973913
NIFTY METAL,2021-09-15,5859.05,0.8381594912526769
NIFTY METAL,2021-09-16,5822.5,-0.6238212679529953
NIFTY METAL,2021-09-17,5683.85,-2.3812795191069047
NIFTY METAL,2021-09-20,5309.0,-6.59500162741804
NIFTY METAL,2021-09-21,5444.45,2.5513279336975003
NIFTY METAL,2021-09-22,5524.65,1.47305972136762
NIFTY METAL,2021-09-23,5616.05,1.6544034463721768
NIFTY METAL,2021-09-24,5498.2,-2.098449978187522
NIFTY METAL,2021-09-27,5504.45,0.11367356589429001
NIFTY METAL,2021-09-28,5534.6,0.5477386478213164
NIFTY METAL,2021-09-29,5661.25,2.288331586745196
NIFTY METAL,2021-09-30,5611.25,-0.8831971737690458
NIFTY METAL,2021-10-01,5638.8,0.490977946090454
NIFTY METAL,2021-10-04,5807.35,2.989111158402502
NIFTY METAL,2021-10-05,5800.3,-0.12139788371632321
NIFTY METAL,2021-10-06,5627.35,-2.981742323672909
NIFTY METAL,2021-10-07,5659.95,0.5793135312358366
NIFTY METAL,2021-10-08,5681.45,0.37986201291531074
NIFTY METAL,2021-10-11,5766.4,1.4952168900544738
NIFTY METAL,2021-10-12,5829.35,1.0916689789123302
NIFTY METAL,2021-10-13,5914.65,1.4632849288513938
NIFTY METAL,2021-10-14,6019.2,1.767644746519248
NIFTY METAL,2021-10-18,6253.1,3.8858984582668787
NIFTY METAL,2021-10-19,6099.35,-2.4587804448993333
NIFTY METAL,2021-10-20,5974.0,-2.055137022797515
NIFTY METAL,2021-10-21,5868.4,-1.7676598593907022
NIFTY METAL,2021-10-22,5690.1,-3.038306863881113
NIFTY METAL,2021-10-25,5679.65,-0.183652308395299
NIFTY METAL,2021-10-26,5830.65,2.6586145273036266
NIFTY METAL,2021-10-27,5741.9,-1.5221287506538728
NIFTY METAL,2021-10-28,5544.55,-3.437015622006645
NIFTY METAL,2021-10-29,5563.4,0.33997348747869527
NIFTY METAL,2021-11-01,5733.75,3.06197648919726
NIFTY METAL,2021-11-02,5643.15,-1.5801177240026276
NIFTY METAL,2021-11-03,5695.45,0.9267873439479768
NIFTY METAL,2021-11-04,5697.95,0.04389468786487605
NIFTY METAL,2021-11-08,5780.45,1.4478891531164662
NIFTY METAL,2021-11-09,5761.6,-0.32609917912964637
NIFTY METAL,2021-11-10,5660.45,-1.7555887253540736
NIFTY METAL,2021-11-11,5681.0,0.36304534091813334
NIFTY METAL,2021-11-12,5728.7,0.8396409082907841
NIFTY METAL,2021-11-15,5624.3,-1.8224029884616022
NIFTY METAL,2021-11-16,5586.35,-0.6747506356346578
NIFTY METAL,2021-11-17,5568.1,-0.32668916197516884
NIFTY METAL,2021-11-18,5423.9,-2.5897523392180544
NIFTY METAL,2021-11-22,5421.6,-0.04240491159496207
NIFTY METAL,2021-11-23,5600.4,3.297919433377583
NIFTY METAL,2021-11-24,5602.6,0.03928290836370252
NIFTY METAL,2021-11-25,5624.0,0.3819655160104185
NIFTY METAL,2021-11-26,5323.75,-5.338726884779521
NIFTY METAL,2021-11-29,5304.7,-0.3578304766377105
NIFTY METAL,2021-11-30,5201.7,-1.941674364243029
NIFTY METAL,2021-12-01,5322.2,2.31655035853664
NIFTY METAL,2021-12-02,5405.05,1.5566870842884661
NIFTY METAL,2021-12-03,5392.4,-0.23404038815553196
NIFTY METAL,2021-12-06,5327.9,-1.1961278836881584
NIFTY METAL,2021-12-07,5494.45,3.1259971095553674
NIFTY METAL,2021-12-08,5594.9,1.8282084649055008
NIFTY METAL,2021-12-09,5629.8,0.623782373232773
NIFTY METAL,2021-12-10,5658.9,0.5168922519450003
NIFTY METAL,2021-12-13,5642.8,-0.2845075898142646
NIFTY METAL,2021-12-14,5666.8,0.4253207627419098
NIFTY METAL,2021-12-15,5604.1,-1.106444554245778
NIFTY METAL,2021-12-16,5597.15,-0.12401634517587024
NIFTY METAL,2021-12-17,5476.8,-2.1502014418051996
NIFTY METAL,2021-12-20,5269.6,-3.7832310838445737
NIFTY METAL,2021-12-21,5424.6,2.941399726734484
NIFTY METAL,2021-12-22,5521.1,1.7789330088854527
NIFTY METAL,2021-12-23,5519.9,-0.021734799224804036
NIFTY METAL,2021-12-24,5492.7,-0.4927625500461885
NIFTY METAL,2021-12-27,5489.45,-0.05916944307899907
NIFTY METAL,2021-12-28,5538.7,0.897175491169433
NIFTY METAL,2021-12-29,5480.55,-1.0498853521584417
NIFTY METAL,2021-12-30,5416.65,-1.1659413744970926
NIFTY METAL,2021-12-31,5521.75,1.9403136625035788
NIFTY METAL,2022-01-03,5628.1,1.926019830669623
NIFTY METAL,2022-01-04,5606.85,-0.3775696949236851
NIFTY METAL,2022-01-05,5684.15,1.378670733121079
NIFTY METAL,2022-01-06,5656.0,-0.49523675483580387
NIFTY METAL,2022-01-07,5684.85,0.5100777934936351
NIFTY METAL,2022-01-10,5718.8,0.5972013333685133
NIFTY METAL,2022-01-11,5610.35,-1.8963768622787924
NIFTY METAL,2022-01-12,5685.0,1.3305765237462852
NIFTY METAL,2022-01-13,5882.75,3.4784520668425634
NIFTY METAL,2022-01-14,5871.4,-0.19293697675407673
NIFTY METAL,2022-01-17,5888.4,0.28953912184488395
NIFTY METAL,2022-01-18,5755.15,-2.262923714421572
NIFTY METAL,2022-01-19,5801.1,0.7984153323545184
NIFTY METAL,2022-01-20,5831.15,0.5180052059092111
NIFTY METAL,2022-01-21,5719.55,-1.9138591872958077
NIFTY METAL,2022-01-24,5420.45,-5.229432385414945
NIFTY METAL,2022-01-25,5485.15,1.1936278353273266
NIFTY METAL,2022-01-27,5445.9,-0.7155683983118055
NIFTY METAL,2022-01-28,5466.05,0.37000312161443727
NIFTY METAL,2022-01-31,5473.45,0.13538112530986357
NIFTY METAL,2022-02-01,5719.4,4.493509578054056
NIFTY METAL,2022-02-02,5779.7,1.0543063957757948
NIFTY METAL,2022-02-03,5761.6,-0.3131650431683175
NIFTY METAL,2022-02-04,5829.5,1.1784920855317793
NIFTY METAL,2022-02-07,5829.0,-0.008577064928383393
NIFTY METAL,2022-02-08,5875.6,0.7994510207582906
NIFTY METAL,2022-02-09,5985.0,1.8619375042548736
NIFTY METAL,2022-02-10,6059.45,1.2439431913116028
NIFTY METAL,2022-02-11,6023.8,-0.5883372253257302
NIFTY METAL,2022-02-14,5719.0,-5.059928948504266
NIFTY METAL,2022-02-15,5845.5,2.211925161741557
NIFTY METAL,2022-02-16,5812.15,-0.5705243349585221
NIFTY METAL,2022-02-17,5793.4,-0.32260007054187856
NIFTY METAL,2022-02-18,5778.4,-0.25891531743017504
NIFTY METAL,2022-02-21,5658.95,-2.067181226637127
NIFTY METAL,2022-02-22,5595.9,-1.1141642884280656
NIFTY METAL,2022-02-23,5608.9,0.23231294340499975
NIFTY METAL,2022-02-24,5313.65,-5.263955499295758
NIFTY METAL,2022-02-25,5618.7,5.74087491648867
NIFTY METAL,2022-02-28,5896.85,4.950433374268082
NIFTY METAL,2022-03-02,6136.7,4.067425829044313
NIFTY METAL,2022-03-03,6210.25,1.1985268955627681
NIFTY METAL,2022-03-04,6010.15,-3.222092508353136
NIFTY METAL,2022-03-07,6136.15,2.0964534994966755
NIFTY METAL,2022-03-08,6045.3,-1.4805700642911201
NIFTY METAL,2022-03-09,6024.6,-0.34241476849783403
NIFTY METAL,2022-03-10,6161.95,2.279819407097561
NIFTY METAL,2022-03-11,6190.05,0.45602447277242053
NIFTY METAL,2022-03-14,6161.05,-0.4684937924572474
NIFTY METAL,2022-03-15,5910.1,-4.073169346134176
NIFTY METAL,2022-03-16,6065.7,2.6327811712153704
NIFTY METAL,2022-03-17,6183.8,1.9470135351237428
NIFTY METAL,2022-03-21,6276.35,1.4966525437433376
NIFTY METAL,2022-03-22,6323.7,0.7544193679447364
NIFTY METAL,2022-03-23,6399.95,1.205781425431307
NIFTY METAL,2022-03-24,6498.2,1.5351682435019054
NIFTY METAL,2022-03-25,6500.2,0.030777753839528188
NIFTY METAL,2022-03-28,6559.4,0.9107412079628396
NIFTY METAL,2022-03-29,6571.85,0.18980394548282487
NIFTY METAL,2022-03-30,6428.95,-2.174425770521249
NIFTY METAL,2022-03-31,6423.7,-0.08166185769060696
NIFTY METAL,2022-04-01,6477.2,0.8328533399754035
NIFTY METAL,2022-04-04,6606.1,1.9900574322238018
NIFTY METAL,2022-04-05,6640.45,0.5199739634579981
NIFTY METAL,2022-04-06,6730.0,1.3485531854015909
NIFTY METAL,2022-04-07,6618.35,-1.658989598811289
NIFTY METAL,2022-04-08,6755.55,2.0730242432026147
NIFTY METAL,2022-04-11,6774.9,0.28643115660456075
NIFTY METAL,2022-04-12,6589.25,-2.740261848883374
NIFTY METAL,2022-04-13,6627.0,0.5729028341616926
NIFTY METAL,2022-04-18,6648.95,0.33122076354308305
NIFTY METAL,2022-04-19,6578.0,-1.067085780461574
NIFTY METAL,2022-04-20,6556.1,-0.3329279416235842
NIFTY METAL,2022-04-21,6570.2,0.2150668842757053
NIFTY METAL,2022-04-22,6440.65,-1.9717816809229571
NIFTY METAL,2022-04-25,6256.8,-2.8545255525451507
NIFTY METAL,2022-04-26,6336.85,1.2794080040915423
NIFTY METAL,2022-04-27,6321.55,-0.24144488192082703
NIFTY METAL,2022-04-28,6362.4,0.6462022763404462
NIFTY METAL,2022-04-29,6327.3,-0.5516786118445749
NIFTY METAL,2022-05-02,6363.1,0.5658021588987427
NIFTY METAL,2022-05-04,6158.55,-3.2146280900818835
NIFTY METAL,2022-05-05,6196.6,0.617840238367795
NIFTY METAL,2022-05-06,6066.0,-2.107607397605149
NIFTY METAL,2022-05-09,5942.8,-2.030992416749089
NIFTY METAL,2022-05-10,5633.85,-5.19872787238338
NIFTY METAL,2022-05-11,5634.15,0.005324955403485099
NIFTY METAL,2022-05-12,5425.9,-3.696209721075938
NIFTY METAL,2022-05-13,5313.05,-2.079839289334473
NIFTY METAL,2022-05-16,5359.95,0.8827321406724931
NIFTY METAL,2022-05-17,5727.45,6.856407242604878
NIFTY METAL,2022-05-18,5708.95,-0.3230058752149767
NIFTY METAL,2022-05-19,5476.25,-4.076056017306151
NIFTY METAL,2022-05-20,5706.35,4.201780415430267
NIFTY METAL,2022-05-23,5241.6,-8.144435584918552
NIFTY METAL,2022-05-24,5180.3,-1.1694902319902334
NIFTY METAL,2022-05-25,5079.25,-1.950659228230034
NIFTY METAL,2022-05-26,5214.75,2.6677166904562677
NIFTY METAL,2022-05-27,5211.5,-0.062323217795678953
NIFTY METAL,2022-05-30,5264.05,1.0083469250695698
NIFTY METAL,2022-05-31,5332.75,1.305078789145231
NIFTY METAL,2022-06-01,5336.7,0.0740706014720427
NIFTY METAL,2022-06-02,5397.55,1.140217737553173
NIFTY METAL,2022-06-03,5328.8,-1.2737260423710706
NIFTY METAL,2022-06-06,5388.65,1.123142170845215
NIFTY METAL,2022-06-07,5340.85,-0.8870496320970811
NIFTY METAL,2022-06-08,5348.2,0.13761854386473704
NIFTY METAL,2022-06-09,5278.2,-1.3088515762312514
NIFTY METAL,2022-06-10,5199.95,-1.482512977909134
NIFTY METAL,2022-06-13,5000.0,-3.845229281050777
NIFTY METAL,2022-06-14,5018.3,0.36599999999999966
NIFTY METAL,2022-06-15,4982.3,-0.7173744096606427
NIFTY METAL,2022-06-16,4721.3,-5.238544447343596
NIFTY METAL,2022-06-17,4724.85,0.07519115497851558
NIFTY METAL,2022-06-20,4540.55,-3.900652930780879
NIFTY METAL,2022-06-21,4720.75,3.9686822081025364
NIFTY METAL,2022-06-22,4490.75,-4.8721071863580985
NIFTY METAL,2022-06-23,4523.0,0.7181428491900066
NIFTY METAL,2022-06-24,4596.6,1.6272385584788829
NIFTY METAL,2022-06-27,4666.3,1.5163381629900385
NIFTY METAL,2022-06-28,4744.0,1.6651308317082059
NIFTY METAL,2022-06-29,4755.4,0.24030354131534537
NIFTY METAL,2022-06-30,4660.9,-1.987214535054882
NIFTY METAL,2022-07-01,4696.5,0.7638009826428371
NIFTY METAL,2022-07-04,4649.95,-0.9911636324922868
NIFTY METAL,2022-07-05,4663.75,0.2967773847030619
NIFTY METAL,2022-07-06,4665.3,0.03323505762531376
NIFTY METAL,2022-07-07,4842.2,3.7918247486763867
NIFTY METAL,2022-07-08,4799.55,-0.8807979843872493
NIFTY METAL,2022-07-11,4893.9,1.9658092946213568
NIFTY METAL,2022-07-12,4834.05,-1.2229510206583583
NIFTY METAL,2022-07-13,4872.55,0.7964336322545229
NIFTY METAL,2022-07-14,4870.35,-0.045150896347900815
NIFTY METAL,2022-07-15,4830.7,-0.8141098689006032
NIFTY METAL,2022-07-18,4950.95,2.489287266855733
NIFTY METAL,2022-07-19,4991.0,0.8089356588129482
NIFTY METAL,2022-07-20,5046.7,1.1160088158685522
NIFTY METAL,2022-07-21,5090.1,0.8599678998157279
NIFTY METAL,2022-07-22,5094.1,0.07858391780122265
NIFTY METAL,2022-07-25,5168.55,1.4614946703048526
NIFTY METAL,2022-07-26,5153.4,-0.2931189598630257
NIFTY METAL,2022-07-27,5193.65,0.7810377614778652
NIFTY METAL,2022-07-28,5282.1,1.7030412137899242
NIFTY METAL,2022-07-29,5485.8,3.8564207417504326
NIFTY METAL,2022-08-01,5578.15,1.6834372379598062
NIFTY METAL,2022-08-02,5563.45,-0.26352823068579445
NIFTY METAL,2022-08-03,5553.15,-0.18513692043606866
NIFTY METAL,2022-08-04,5620.35,1.210123983684941
NIFTY METAL,2022-08-05,5595.85,-0.4359159127100609
NIFTY METAL,2022-08-08,5668.0,1.2893483563712227
NIFTY METAL,2022-08-10,5759.6,1.6160903316866593
NIFTY METAL,2022-08-11,5758.85,-0.013021737620666496
NIFTY METAL,2022-08-12,5853.45,1.6426890785486536
NIFTY METAL,2022-08-16,5893.4,0.6825034808531694
NIFTY METAL,2022-08-17,5922.8,0.4988631350324235
NIFTY METAL,2022-08-18,5977.15,0.9176403052610249
NIFTY METAL,2022-08-19,5883.25,-1.5709828262633452
NIFTY METAL,2022-08-22,5708.1,-2.9770959928610785
NIFTY METAL,2022-08-23,5789.2,1.4207880030132625
NIFTY METAL,2022-08-24,5830.05,0.7056242658743939
NIFTY METAL,2022-08-25,5800.1,-0.5137177211173127
NIFTY METAL,2022-08-26,5902.7,1.7689350183617503
NIFTY METAL,2022-08-29,5812.25,-1.53234960272417
NIFTY METAL,2022-08-30,5934.6,2.1050367757753152
NIFTY METAL,2022-09-01,5878.95,-0.937721160651106
NIFTY METAL,2022-09-02,5887.7,0.14883610168483496
NIFTY METAL,2022-09-05,5985.75,1.6653362093856705
NIFTY METAL,2022-09-06,6064.7,1.3189658772919
NIFTY METAL,2022-09-07,6066.4,0.02803106501558794
NIFTY METAL,2022-09-08,6011.5,-0.9049848344982125
NIFTY METAL,2022-09-09,6025.3,0.229560009980867
NIFTY METAL,2022-09-12,6080.95,0.9236054636283519
NIFTY METAL,2022-09-13,6158.9,1.2818720759091962
NIFTY METAL,2022-09-14,6256.3,1.5814512331747688
NIFTY METAL,2022-09-15,6263.9,0.12147755062896781
NIFTY METAL,2022-09-16,6137.65,-2.015517489104235
NIFTY METAL,2022-09-19,6110.1,-0.448868866748664
NIFTY METAL,2022-09-20,6205.6,1.5629858758449133
NIFTY METAL,2022-09-21,6076.1,-2.0868248034033754
NIFTY METAL,2022-09-22,6100.75,0.40568785898849047
NIFTY METAL,2022-09-23,6027.35,-1.2031307626111487
NIFTY METAL,2022-09-26,5778.25,-4.132827859672994
NIFTY METAL,2022-09-27,5728.65,-0.8583913814736333
NIFTY METAL,2022-09-28,5617.65,-1.9376292843863774
NIFTY METAL,2022-09-29,5645.95,0.50376936975427
NIFTY METAL,2022-09-30,5768.2,2.1652689095723376
NIFTY METAL,2022-10-03,5593.95,-3.0208730626538616
NIFTY METAL,2022-10-04,5769.3,3.1346365269621757
NIFTY METAL,2022-10-06,5956.95,3.252560969268359
NIFTY METAL,2022-10-07,5931.55,-0.42639270096272996
NIFTY METAL,2022-10-10,5916.4,-0.2554138462965039
NIFTY METAL,2022-10-11,5785.95,-2.2048881076330185
NIFTY METAL,2022-10-12,5798.15,0.21085560711724405
NIFTY METAL,2022-10-13,5804.25,0.10520597087002592
NIFTY METAL,2022-10-14,5767.2,-0.6383253650342424
NIFTY METAL,2022-10-17,5711.4,-0.9675405742821552
NIFTY METAL,2022-10-18,5775.05,1.1144377910845105
NIFTY METAL,2022-10-19,5736.15,-0.6735872416689159
NIFTY METAL,2022-10-20,5801.7,1.1427525430820262
NIFTY METAL,2022-10-21,5748.35,-0.9195580605684484
NIFTY METAL,2022-10-24,5789.05,0.7080292605704308
NIFTY METAL,2022-10-25,5812.45,0.40421139910693515
NIFTY METAL,2022-10-27,5970.25,2.7148620633295817
NIFTY METAL,2022-10-28,5883.35,-1.4555504375863615
NIFTY METAL,2022-10-31,5896.35,0.2209625468483134
NIFTY METAL,2022-11-01,6036.95,2.3845260203346097
NIFTY METAL,2022-11-02,6075.7,0.6418804197483752
NIFTY METAL,2022-11-03,6068.75,-0.114390111427487
NIFTY METAL,2022-11-04,6324.15,4.208444902162722
NIFTY METAL,2022-11-07,6423.85,1.576496446162734
NIFTY METAL,2022-11-09,6364.05,-0.9309059209041348
NIFTY METAL,2022-11-10,6318.75,-0.711810875150265
NIFTY METAL,2022-11-11,6447.2,2.0328387734915854
NIFTY METAL,2022-11-14,6558.5,1.7263308102742236
NIFTY METAL,2022-11-15,6589.55,0.47343142486848677
NIFTY METAL,2022-11-16,6461.6,-1.9417107389730681
NIFTY METAL,2022-11-17,6455.7,-0.0913086542033037
NIFTY METAL,2022-11-18,6444.4,-0.17503911272209738
NIFTY METAL,2022-11-21,6392.25,-0.8092297188256437
NIFTY METAL,2022-11-22,6448.85,0.8854472212444842
NIFTY METAL,2022-11-23,6422.85,-0.40317265869108665
NIFTY METAL,2022-11-24,6440.7,0.2779140101356825
NIFTY METAL,2022-11-25,6455.15,0.22435449562936416
NIFTY METAL,2022-11-28,6381.35,-1.1432732004678314
NIFTY METAL,2022-11-29,6447.35,1.0342639096742934
NIFTY METAL,2022-11-30,6564.2,1.8123725251459888
NIFTY METAL,2022-12-01,6664.85,1.533317083574559
NIFTY METAL,2022-12-02,6694.5,0.44487122740946017
NIFTY METAL,2022-12-05,6819.75,1.8709388303831398
NIFTY METAL,2022-12-06,6768.85,-0.7463616701491982
NIFTY METAL,2022-12-07,6709.3,-0.8797653958944274
NIFTY METAL,2022-12-08,6756.95,0.7102082184430536
NIFTY METAL,2022-12-09,6681.55,-1.115888085600747
NIFTY METAL,2022-12-12,6708.15,0.3981112167086964
NIFTY METAL,2022-12-13,6722.0,0.2064652698583025
NIFTY METAL,2022-12-14,6805.85,1.2473966081523402
NIFTY METAL,2022-12-15,6708.55,-1.4296524313641923
NIFTY METAL,2022-12-16,6657.7,-0.7579879407621726
NIFTY METAL,2022-12-19,6742.45,1.2729621340703323
NIFTY METAL,2022-12-20,6750.3,0.11642652151666599
NIFTY METAL,2022-12-21,6593.65,-2.3206376012917973
NIFTY METAL,2022-12-22,6519.25,-1.1283583447710965
NIFTY METAL,2022-12-23,6228.0,-4.467538443839403
NIFTY METAL,2022-12-26,6364.6,2.193320488118178
NIFTY METAL,2022-12-27,6633.95,4.232002011124014
NIFTY METAL,2022-12-28,6615.75,-0.274346354735866
NIFTY METAL,2022-12-29,6687.1,1.078486944035073
NIFTY METAL,2022-12-30,6723.4,0.5428362070254655
NIFTY METAL,2023-01-02,6886.65,2.42808697980188
NIFTY METAL,2023-01-03,6850.05,-0.5314630480712568
NIFTY METAL,2023-01-04,6705.85,-2.1050941234005527
NIFTY METAL,2023-01-05,6761.2,0.8253987190288914
NIFTY METAL,2023-01-06,6697.3,-0.9450985032242731
NIFTY METAL,2023-01-09,6792.9,1.4274409090230256
NIFTY METAL,2023-01-10,6741.7,-0.7537281573407495
NIFTY METAL,2023-01-11,6792.15,0.7483275731640315
NIFTY METAL,2023-01-12,6783.65,-0.12514446824642977
NIFTY METAL,2023-01-13,6869.8,1.2699652841759335
NIFTY METAL,2023-01-16,6779.25,-1.3180878628198833
NIFTY METAL,2023-01-17,6793.5,0.21020024338975762
NIFTY METAL,2023-01-18,6905.8,1.6530507102377356
NIFTY METAL,2023-01-19,6867.3,-0.5575023892959496
NIFTY METAL,2023-01-20,6805.25,-0.9035574388770007
NIFTY METAL,2023-01-23,6777.85,-0.40263032217772166
NIFTY METAL,2023-01-24,6717.6,-0.8889249540783628
NIFTY METAL,2023-01-25,6703.8,-0.20543051089675357
NIFTY METAL,2023-01-27,6389.25,-4.692114919896184
NIFTY METAL,2023-01-30,6371.65,-0.2754626912391922
NIFTY METAL,2023-01-31,6468.4,1.5184449867773564
NIFTY METAL,2023-02-01,6177.05,-4.504205058437938
NIFTY METAL,2023-02-02,5908.2,-4.352401227122982
NIFTY METAL,2023-02-03,5901.95,-0.10578517991943759
NIFTY METAL,2023-02-06,5772.4,-2.1950372334567425
NIFTY METAL,2023-02-07,5757.35,-0.2607234425888616
NIFTY METAL,2023-02-08,5975.15,3.782990438309275
NIFTY METAL,2023-02-09,5880.7,-1.5807134548923463
NIFTY METAL,2023-02-10,5773.6,-1.821211760504693
NIFTY METAL,2023-02-13,5704.75,-1.1924968823610937
NIFTY METAL,2023-02-14,5762.85,1.0184495376659886
NIFTY METAL,2023-02-15,5789.65,0.4650476760630573
NIFTY METAL,2023-02-16,5860.75,1.228053509279503
NIFTY METAL,2023-02-17,5807.7,-0.905174252442098
NIFTY METAL,2023-02-20,5762.95,-0.7705287807565853
NIFTY METAL,2023-02-21,5744.15,-0.3262218134809425
NIFTY METAL,2023-02-22,5592.3,-2.6435590992574975
NIFTY METAL,2023-02-23,5611.8,0.34869373960624284
NIFTY METAL,2023-02-24,5443.6,-2.9972557824583856
NIFTY METAL,2023-02-27,5313.75,-2.3853699757513502
NIFTY METAL,2023-02-28,5269.1,-0.8402728769701162
NIFTY METAL,2023-03-01,5477.7,3.9589303676149434
NIFTY METAL,2023-03-02,5473.35,-0.07941289227229031
NIFTY METAL,2023-03-03,5667.9,3.554495875469299
NIFTY METAL,2023-03-06,5679.55,0.20554349935604233
NIFTY METAL,2023-03-08,5679.25,-0.0052821086177656795
NIFTY METAL,2023-03-09,5682.75,0.061627855790824526
NIFTY METAL,2023-03-10,5635.7,-0.8279442171483908
NIFTY METAL,2023-03-13,5585.25,-0.8951860460989725
NIFTY METAL,2023-03-14,5517.35,-1.2157020724228973
NIFTY METAL,2023-03-15,5616.5,1.7970583704133292
NIFTY METAL,2023-03-16,5471.75,-2.577227810914273
NIFTY METAL,2023-03-17,5602.6,2.3913738749029134
NIFTY METAL,2023-03-20,5470.85,-2.3515867632884713
NIFTY METAL,2023-03-21,5494.5,0.4322911430582055
NIFTY METAL,2023-03-22,5492.35,-0.03913003913003088
NIFTY METAL,2023-03-23,5497.85,0.10013928464136512
NIFTY METAL,2023-03-24,5372.9,-2.272706603490471
NIFTY METAL,2023-03-27,5372.85,-0.0009305961398697882
NIFTY METAL,2023-03-28,5330.3,-0.7919446848506873
NIFTY METAL,2023-03-29,5460.2,2.4370110500347097
NIFTY METAL,2023-03-31,5497.45,0.6822094428775571
NIFTY METAL,2023-04-03,5477.85,-0.3565289361431079
NIFTY METAL,2023-04-05,5496.3,0.3368109751088477
NIFTY METAL,2023-04-06,5528.1,0.5785710386987608
NIFTY METAL,2023-04-10,5570.25,0.7624681174363657
NIFTY METAL,2023-04-11,5668.25,1.759346528432304
NIFTY METAL,2023-04-12,5695.55,0.48163013275701605
NIFTY METAL,2023-04-13,5710.05,0.2545847196495421
NIFTY METAL,2023-04-17,5734.5,0.42819239761473504
NIFTY METAL,2023-04-18,5749.0,0.2528555235853158
NIFTY METAL,2023-04-19,5779.65,0.5331361975995819
NIFTY METAL,2023-04-20,5756.95,-0.3927573468981649
NIFTY METAL,2023-04-21,5677.9,-1.3731229209911544
NIFTY METAL,2023-04-24,5703.3,0.4473484915197723
NIFTY METAL,2023-04-25,5738.25,0.6128031139866374
NIFTY METAL,2023-04-26,5713.2,-0.43654424258267044
NIFTY METAL,2023-04-27,5753.75,0.7097598543723382
NIFTY METAL,2023-04-28,5799.4,0.7933956115576679
NIFTY METAL,2023-05-02,5882.0,1.424285270890091
NIFTY METAL,2023-05-03,5824.25,-0.9818089085345094
NIFTY METAL,2023-05-04,5895.05,1.2156071597201334
NIFTY METAL,2023-05-05,5807.05,-1.4927778390344426
NIFTY METAL,2023-05-08,5845.65,0.6647092757940731
NIFTY METAL,2023-05-09,5836.85,-0.15053928989930965
NIFTY METAL,2023-05-10,5822.1,-0.2527047979646535
NIFTY METAL,2023-05-11,5797.3,-0.42596314044760497
NIFTY METAL,2023-05-12,5690.9,-1.835337139702975
NIFTY METAL,2023-05-15,5701.75,0.19065525663779503
NIFTY METAL,2023-05-16,5683.45,-0.3209540930416144
NIFTY METAL,2023-05-17,5632.85,-0.8903043046037062
NIFTY METAL,2023-05-18,5601.65,-0.5538936772681802
NIFTY METAL,2023-05-19,5618.05,0.292770880008586
NIFTY METAL,2023-05-22,5797.5,3.1941687952225406
NIFTY METAL,2023-05-23,5947.7,2.590771884432952
NIFTY METAL,2023-05-24,5855.15,-1.5560636884846324
NIFTY METAL,2023-05-25,5872.55,0.29717428246929245
NIFTY METAL,2023-05-26,5935.4,1.0702335442013933
NIFTY METAL,2023-05-29,5991.2,0.9401219799844984
NIFTY METAL,2023-05-30,5936.55,-0.9121711844037872
NIFTY METAL,2023-05-31,5890.05,-0.7832832200520556
NIFTY METAL,2023-06-01,5884.2,-0.09932003972802361
NIFTY METAL,2023-06-02,5956.0,1.2202168519084955
NIFTY METAL,2023-06-05,5975.9,0.33411685695097226
NIFTY METAL,2023-06-06,5967.45,-0.14140129520239242
NIFTY METAL,2023-06-07,6057.75,1.513209159691331
NIFTY METAL,2023-06-08,6067.7,0.164252403945353
NIFTY METAL,2023-06-09,6039.35,-0.46722810949781923
NIFTY METAL,2023-06-12,6076.3,0.6118208085307053
NIFTY METAL,2023-06-13,6127.65,0.8450866481246821
NIFTY METAL,2023-06-14,6214.75,1.4214258320889739
NIFTY METAL,2023-06-15,6203.05,-0.18826179653244068
NIFTY METAL,2023-06-16,6231.5,0.4586453438227833
NIFTY METAL,2023-06-19,6203.5,-0.4493300168498804
NIFTY METAL,2023-06-20,6246.65,0.6955750785846648
NIFTY METAL,2023-06-21,6187.75,-0.942905397292948
NIFTY METAL,2023-06-22,6190.95,0.05171508221890608
NIFTY METAL,2023-06-23,6037.2,-2.483463765657934
NIFTY METAL,2023-06-26,6083.1,0.7602862254025178
NIFTY METAL,2023-06-27,6127.65,0.7323568575232864
NIFTY METAL,2023-06-28,6211.05,1.3610437932976005
NIFTY METAL,2023-06-30,6209.1,-0.031395657739030636
NIFTY METAL,2023-07-03,6275.45,1.0685928717527382
NIFTY METAL,2023-07-04,6275.2,-0.003983778055760556
NIFTY METAL,2023-07-05,6292.3,0.27250127485978215
NIFTY METAL,2023-07-06,6325.35,0.5252451408864767
NIFTY METAL,2023-07-07,6279.25,-0.7288134253440548
NIFTY METAL,2023-07-10,6385.1,1.6857108731138437
NIFTY METAL,2023-07-11,6369.1,-0.2505833894535736
NIFTY METAL,2023-07-12,6363.25,-0.09184971189022395
NIFTY METAL,2023-07-13,6379.7,0.2585156955958068
NIFTY METAL,2023-07-14,6469.45,1.406805962662827
NIFTY METAL,2023-07-17,6500.55,0.4807209268175905
NIFTY METAL,2023-07-18,6446.75,-0.8276222781149367
NIFTY METAL,2023-07-19,6474.55,0.43122503587078587
NIFTY METAL,2023-07-20,6485.25,0.16526245067225442
NIFTY METAL,2023-07-21,6442.3,-0.6622720789483783
NIFTY METAL,2023-07-24,6395.55,-0.7256725082656845
NIFTY METAL,2023-07-25,6583.65,2.941107488800787
NIFTY METAL,2023-07-26,6604.95,0.3235287416554655
NIFTY METAL,2023-07-27,6581.55,-0.35427974473689616
NIFTY METAL,2023-07-28,6640.8,0.9002438635275833
NIFTY METAL,2023-07-31,6758.2,1.7678592940609583
NIFTY METAL,2023-08-01,6770.15,0.1768222307715117
NIFTY METAL,2023-08-02,6633.45,-2.019157625754231
NIFTY METAL,2023-08-03,6602.2,-0.4710972420083115
NIFTY METAL,2023-08-04,6622.9,0.31353185301867814
NIFTY METAL,2023-08-07,6622.15,-0.011324344320462476
NIFTY METAL,2023-08-08,6544.8,-1.1680496515482086
NIFTY METAL,2023-08-09,6677.85,2.0329116244957923
NIFTY METAL,2023-08-10,6723.3,0.6806082796109392
NIFTY METAL,2023-08-11,6688.85,-0.512397185905733
NIFTY METAL,2023-08-14,6545.95,-2.1363911584203588
NIFTY METAL,2023-08-16,6484.1,-0.9448590349758201
NIFTY METAL,2023-08-17,6480.5,-0.0555204268903986
NIFTY METAL,2023-08-18,6493.7,0.20368798703802593
NIFTY METAL,2023-08-21,6578.4,1.3043411306343122
NIFTY METAL,2023-08-22,6634.4,0.8512708257327084
NIFTY METAL,2023-08-23,6625.55,-0.1333956348727794
NIFTY METAL,2023-08-24,6602.85,-0.34261306608507347
NIFTY METAL,2023-08-25,6519.35,-1.2646054355316294
NIFTY METAL,2023-08-28,6533.3,0.21397838741592512
NIFTY METAL,2023-08-29,6616.7,1.276537125189403
NIFTY METAL,2023-08-30,6677.8,0.9234210407000454
NIFTY METAL,2023-08-31,6659.35,-0.27628859804126327
NIFTY METAL,2023-09-01,6851.0,2.8779085045837816
NIFTY METAL,2023-09-04,7007.05,2.277769668661511
NIFTY METAL,2023-09-05,7039.15,0.45811004631048924
NIFTY METAL,2023-09-06,6983.7,-0.7877371557645452
NIFTY METAL,2023-09-07,6981.15,-0.0365135959448426
NIFTY METAL,2023-09-08,6977.9,-0.04655393452368539
NIFTY METAL,2023-09-11,7104.4,1.8128663351438146
NIFTY METAL,2023-09-12,6914.55,-2.6722875964191095
NIFTY METAL,2023-09-13,6943.65,0.4208516823220432
NIFTY METAL,2023-09-14,7046.9,1.4869701093805032
NIFTY METAL,2023-09-15,7035.8,-0.15751607089641295
NIFTY METAL,2023-09-18,6957.8,-1.10861593564342
NIFTY METAL,2023-09-20,6844.05,-1.6348558452384365
NIFTY METAL,2023-09-21,6806.6,-0.5471906254337688
NIFTY METAL,2023-09-22,6761.8,-0.6581847030823096
NIFTY METAL,2023-09-25,6754.25,-0.11165665946937242
NIFTY METAL,2023-09-26,6775.3,0.3116556242365842
NIFTY METAL,2023-09-27,6777.3,0.029518988089094478
NIFTY METAL,2023-09-28,6712.0,-0.9635105425464419
NIFTY METAL,2023-09-29,6839.3,1.8966030989272964
NIFTY METAL,2023-10-03,6798.0,-0.6038629684324448
NIFTY METAL,2023-10-04,6725.95,-1.0598705501618122
NIFTY METAL,2023-10-05,6709.1,-0.2505222310602906
NIFTY METAL,2023-10-06,6744.4,0.526151048575807
NIFTY METAL,2023-10-09,6647.15,-1.4419370144119537
NIFTY METAL,2023-10-10,6783.15,2.045989634655454
NIFTY METAL,2023-10-11,6812.15,0.4275299823828238
NIFTY METAL,2023-10-12,6863.05,0.7471943512694201
NIFTY METAL,2023-10-13,6820.8,-0.6156155062253643
NIFTY METAL,2023-10-16,6882.8,0.9089842833685191
NIFTY METAL,2023-10-17,6902.0,0.2789562387400357
NIFTY METAL,2023-10-18,6863.4,-0.5592581860330403
NIFTY METAL,2023-10-19,6803.3,-0.8756592942273378
NIFTY METAL,2023-10-20,6712.75,-1.3309717343054084
NIFTY METAL,2023-10-23,6494.0,-3.258724069867047
NIFTY METAL,2023-10-25,6503.65,0.1485987064983041
NIFTY METAL,2023-10-26,6398.05,-1.6237036125867688
NIFTY METAL,2023-10-27,6453.1,0.8604184087339206
NIFTY METAL,2023-10-30,6467.95,0.2301219568889179
NIFTY METAL,2023-10-31,6452.45,-0.2396431635989793
NIFTY METAL,2023-11-01,6359.9,-1.4343388945284419
NIFTY METAL,2023-11-02,6448.95,1.4001792481013853
NIFTY METAL,2023-11-03,6479.15,0.4682932880546442
NIFTY METAL,2023-11-06,6567.1,1.3574311445174292
NIFTY METAL,2023-11-07,6576.85,0.14846736002191996
NIFTY METAL,2023-11-08,6626.3,0.7518796992481258
NIFTY METAL,2023-11-09,6599.65,-0.4021852315772123
NIFTY METAL,2023-11-10,6646.05,0.703067586917494
NIFTY METAL,2023-11-12,6689.55,0.6545241158282034
NIFTY METAL,2023-11-13,6714.1,0.36699030577542757
NIFTY METAL,2023-11-15,6792.4,1.16620246943
NIFTY METAL,2023-11-16,6792.4,0.0
NIFTY METAL,2023-11-17,6803.9,0.16930687238678743
NIFTY METAL,2023-11-20,6771.55,-0.47546260233101156
NIFTY METAL,2023-11-21,6854.2,1.2205477327938086
NIFTY METAL,2023-11-22,6792.65,-0.8979895538501981
NIFTY METAL,2023-11-23,6828.35,0.5255680772599858
NIFTY METAL,2023-11-24,6874.25,0.672197529417784
NIFTY METAL,2023-11-28,7001.65,1.8532930865185149
NIFTY METAL,2023-11-29,7016.4,0.21066462905172667
NIFTY METAL,2023-11-30,7017.45,0.014964939285100343
NIFTY METAL,2023-12-01,7087.0,0.9911007559726182
NIFTY METAL,2024-01-01,7999.8,12.879920982079863
NIFTY METAL,2024-01-02,8023.9,0.3012575314382815
NIFTY METAL,2024-01-03,7878.4,-1.813332668652401
NIFTY METAL,2024-01-04,7883.05,0.05902213647441812
NIFTY METAL,2024-01-05,7871.8,-0.1427112602355729
NIFTY METAL,2024-01-08,7747.0,-1.5854061332859049
NIFTY METAL,2024-01-09,7808.3,0.7912740415644715
NIFTY METAL,2024-01-10,7882.65,0.9521918983645516
NIFTY METAL,2024-01-11,7876.15,-0.08245957894870148
NIFTY METAL,2024-01-12,7898.35,0.2818636008709907
NIFTY METAL,2024-01-15,7864.1,-0.43363487310640325
NIFTY METAL,2024-01-16,7941.85,0.9886700321715125
NIFTY METAL,2024-01-17,7693.55,-3.126475569294307
NIFTY METAL,2024-01-18,7629.1,-0.8377147090744774
NIFTY METAL,2024-01-19,7732.35,1.353370646603147
NIFTY METAL,2024-01-20,7752.5,0.26059348063653953
NIFTY METAL,2024-01-23,7486.85,-3.426636568848751
NIFTY METAL,2024-01-24,7708.65,2.9625276317810423
NIFTY METAL,2024-01-25,7719.65,0.14269684056222864
NIFTY METAL,2024-01-29,7843.75,1.6075858361454198
NIFTY METAL,2024-01-30,7864.0,0.2581673306772947
NIFTY METAL,2024-01-31,7973.1,1.3873346897253391
NIFTY METAL,2024-02-01,7891.05,-1.0290852993189659
NIFTY METAL,2024-02-02,8078.25,2.372307867774248
NIFTY METAL,2024-02-05,8109.55,0.38746015535542355
NIFTY METAL,2024-02-06,8238.25,1.5870177753389392
NIFTY METAL,2024-02-07,8276.65,0.4661184110703154
NIFTY METAL,2024-02-08,8221.85,-0.662103628883659
NIFTY METAL,2024-02-09,8095.6,-1.5355424873963908
NIFTY METAL,2024-02-12,7901.65,-2.3957458372449336
NIFTY METAL,2024-02-13,7737.85,-2.0729847563483506
NIFTY METAL,2024-02-14,7874.8,1.7698714759267764
NIFTY METAL,2024-02-15,7910.6,0.4546147203738471
NIFTY METAL,2024-02-16,7976.45,0.8324273759259704
NIFTY METAL,2024-02-19,7981.25,0.06017714647492678
NIFTY METAL,2024-02-20,7955.8,-0.31887235708691897
NIFTY METAL,2024-02-21,7976.45,0.25955906382764127
NIFTY METAL,2024-02-22,8069.4,1.165305367676095
NIFTY METAL,2024-02-23,8047.75,-0.2682975190224757
NIFTY METAL,2024-02-26,7971.75,-0.944363331365905
NIFTY METAL,2024-02-27,8000.55,0.3612757550098822
NIFTY METAL,2024-02-28,7850.35,-1.877370930748512
NIFTY METAL,2024-02-29,7921.9,0.9114243313992354
NIFTY METAL,2024-03-01,8208.5,3.6178189575733155
NIFTY METAL,2024-03-02,8337.8,1.5751964427118237
NIFTY METAL,2024-03-04,8318.95,-0.2260788217515186
NIFTY METAL,2024-03-05,8300.55,-0.2211817597172927
NIFTY METAL,2024-03-06,8257.65,-0.5168332218949301
NIFTY METAL,2024-03-07,8371.3,1.376299552536131
NIFTY METAL,2024-03-11,8250.75,-1.4400391814891278
NIFTY METAL,2024-03-12,8108.4,-1.725297700209072
NIFTY METAL,2024-03-13,7647.4,-5.685461990035023
NIFTY METAL,2024-03-14,7799.95,1.9947956168109515
NIFTY METAL,2024-03-15,7802.65,0.034615606510302044
NIFTY METAL,2024-03-18,7996.9,2.48953881053231
NIFTY METAL,2024-03-19,7923.6,-0.9166051845089895
NIFTY METAL,2024-03-20,7860.9,-0.7913069816750107
NIFTY METAL,2024-03-21,8052.75,2.4405602411937677
NIFTY METAL,2024-03-22,8130.8,0.9692341125702386
NIFTY METAL,2024-03-26,8161.2,0.37388694839375347
NIFTY METAL,2024-03-27,8154.95,-0.07658187521443205
NIFTY METAL,2024-03-28,8257.2,1.2538396924567374
NIFTY METAL,2024-04-01,8562.7,3.699801385457535
NIFTY METAL,2024-04-02,8690.85,1.4966073785137812
NIFTY METAL,2024-04-03,8691.2,0.004027224034475196
NIFTY METAL,2024-04-04,8684.45,-0.0776647643593531
NIFTY METAL,2024-04-05,8699.05,0.1681165761792558
NIFTY METAL,2024-04-08,8794.65,1.0989705772469494
NIFTY METAL,2024-04-09,8894.4,1.1342122767818985
NIFTY METAL,2024-04-10,8999.6,1.1827666846555118
NIFTY METAL,2024-04-12,8951.3,-0.5366905195786642
NIFTY METAL,2024-04-15,8899.7,-0.5764525823064637
NIFTY METAL,2024-04-16,8851.95,-0.5365349393799845
NIFTY METAL,2024-04-18,8824.25,-0.31292540061794716
NIFTY METAL,2024-04-19,8909.0,0.9604215655721449
NIFTY METAL,2024-04-22,8931.2,0.24918621618588155
NIFTY METAL,2024-04-23,8900.45,-0.3442986384808333
NIFTY METAL,2024-04-24,9140.1,2.692560488514628
NIFTY METAL,2024-04-25,9242.0,1.1148674522160507
NIFTY METAL,2024-04-26,9222.65,-0.2093702661761565
NIFTY METAL,2024-04-29,9268.8,0.5003984754923918
NIFTY METAL,2024-04-30,9175.8,-1.0033661315380638
NIFTY METAL,2024-05-02,9279.55,1.1306916018221758
NIFTY METAL,2024-05-03,9276.3,-0.035023250049837085
NIFTY METAL,2024-05-06,9189.75,-0.9330228647197569
NIFTY METAL,2024-05-07,8969.9,-2.3923392910579766
NIFTY METAL,2024-05-08,9102.35,1.4766050903577632
NIFTY METAL,2024-05-09,8841.25,-2.8684900053282947
NIFTY METAL,2024-05-10,8977.45,1.5405061501484685
NIFTY METAL,2024-05-13,9094.8,1.3071640610641033
NIFTY METAL,2024-05-14,9347.15,2.7746624444737744
NIFTY METAL,2024-05-15,9376.9,0.3182788336551834
NIFTY METAL,2024-05-16,9405.4,0.30393840181723863
NIFTY METAL,2024-05-17,9557.95,1.6219405873221904
NIFTY METAL,2024-05-18,9608.8,0.5320178490157312
NIFTY METAL,2024-05-21,9981.15,3.875093664141205
NIFTY METAL,2024-05-22,9919.45,-0.6181652414801841
NIFTY METAL,2024-05-23,9959.45,0.40324816396071217
NIFTY METAL,2024-05-24,9928.4,-0.3117642038466095
NIFTY METAL,2024-05-27,9866.4,-0.6244712138914643
NIFTY METAL,2024-05-28,9815.05,-0.5204532554933916
NIFTY METAL,2024-05-29,9841.2,0.266427578056172
NIFTY METAL,2024-05-30,9545.25,-3.0072552127789365
NIFTY METAL,2024-05-31,9723.6,1.8684686100416403
NIFTY METAL,2024-06-03,10048.55,3.341869266526798
NIFTY METAL,2024-06-04,8980.15,-10.632379796089985
NIFTY METAL,2024-06-05,9496.6,5.7510175219790405
NIFTY METAL,2024-06-06,9632.5,1.431038476928581
NIFTY METAL,2024-06-07,9833.6,2.087723851544254
NIFTY METAL,2024-06-10,9795.85,-0.38388789456557104
NIFTY METAL,2024-06-11,9789.55,-0.06431294885079764
NIFTY METAL,2024-06-12,9838.35,0.4984907375722214
NIFTY METAL,2024-06-13,9840.25,0.019312181412534102
NIFTY METAL,2024-06-14,9912.1,0.7301643759050958
NIFTY METAL,2024-06-18,9890.2,-0.22094208089102896
NIFTY METAL,2024-06-19,9773.3,-1.1819781197549228
NIFTY METAL,2024-06-20,9951.05,1.8187306232285927
NIFTY METAL,2024-06-21,9990.9,0.4004602529381396
NIFTY METAL,2024-06-24,9926.85,-0.6410833858811471
NIFTY METAL,2024-06-25,9857.45,-0.6991140190493406
NIFTY METAL,2024-06-26,9714.3,-1.4522011270663437
NIFTY METAL,2024-06-27,9767.4,0.5466168432105345
NIFTY METAL,2024-06-28,9814.3,0.4801687245326258
NIFTY METAL,2024-07-01,9882.8,0.6979611383389539
NIFTY METAL,2024-07-02,9835.7,-0.4765855830331289
NIFTY METAL,2024-07-03,9940.1,1.061439450166235
NIFTY METAL,2024-07-04,9936.8,-0.033198861178473926
NIFTY METAL,2024-07-05,9970.5,0.339143386200802
NIFTY METAL,2024-07-08,9877.35,-0.9342560553633139
NIFTY METAL,2024-07-09,9881.9,0.046064987066363194
NIFTY METAL,2024-07-10,9722.8,-1.6100142685111174
NIFTY METAL,2024-07-11,9723.25,0.004628296375530638
NIFTY METAL,2024-07-12,9708.2,-0.15478363715835108
NIFTY METAL,2024-07-15,9729.6,0.22043221194454343
NIFTY METAL,2024-07-16,9722.0,-0.07811215260647986
NIFTY METAL,2024-07-18,9636.95,-0.8748199958856118
NIFTY METAL,2024-07-19,9256.3,-3.949901161674607
NIFTY METAL,2024-07-22,9350.6,1.0187655974849719
NIFTY METAL,2024-07-23,9263.1,-0.9357688276688148
NIFTY METAL,2024-07-24,9267.15,0.04372186417074264
NIFTY METAL,2024-07-25,9148.0,-1.2857243057466383
NIFTY METAL,2024-07-26,9423.4,3.010494097070393
NIFTY METAL,2024-07-29,9450.3,0.2854596005687826
NIFTY METAL,2024-07-30,9468.35,0.1909992275377581
NIFTY METAL,2024-07-31,9583.4,1.215100835942895
NIFTY METAL,2024-08-01,9573.2,-0.10643404219795594
NIFTY METAL,2024-08-02,9314.55,-2.7018133957297574
NIFTY METAL,2024-08-05,8862.5,-4.853159841323517
NIFTY METAL,2024-08-06,8888.95,0.29844851904090586
NIFTY METAL,2024-08-07,9128.45,2.694356476299231
NIFTY METAL,2024-08-08,8969.25,-1.7439981595999354
NIFTY METAL,2024-08-09,9038.3,0.7698525517741084
NIFTY METAL,2024-08-12,9106.25,0.751800670480085
NIFTY METAL,2024-08-13,8957.15,-1.6373369938229243
NIFTY METAL,2024-08-14,8844.3,-1.259887352561928
NIFTY METAL,2024-08-16,8994.1,1.6937462546499082
NIFTY METAL,2024-08-19,9161.95,1.8662234131263888
NIFTY METAL,2024-08-20,9204.65,0.46605798983838653
NIFTY METAL,2024-08-21,9264.05,0.6453260037046382
NIFTY METAL,2024-08-22,9326.25,0.6714126111150076
NIFTY METAL,2024-08-23,9290.5,-0.38332663181879223
NIFTY METAL,2024-08-26,9490.75,2.155427587320391
NIFTY METAL,2024-08-27,9432.75,-0.6111213550035521
NIFTY METAL,2024-08-28,9414.8,-0.19029445283719193
NIFTY METAL,2024-08-29,9369.95,-0.47637761821810454
NIFTY METAL,2024-08-30,9405.25,0.3767362686033504
NIFTY METAL,2024-09-02,9307.15,-1.0430344754259635
NIFTY METAL,2024-09-03,9254.75,-0.5630080099708223
NIFTY METAL,2024-09-04,9185.5,-0.7482644047651199
NIFTY METAL,2024-09-05,9212.95,0.2988405639323011
NIFTY METAL,2024-09-06,9161.15,-0.5622520473898218
NIFTY METAL,2024-09-09,9099.0,-0.6784082784366596
NIFTY METAL,2024-09-10,9156.2,0.6286405099461545
NIFTY METAL,2024-09-11,9028.2,-1.3979598523404912
NIFTY METAL,2024-09-12,9290.85,2.9092177842759304
NIFTY METAL,2024-09-13,9370.65,0.8589095723211537
NIFTY METAL,2024-09-16,9427.7,0.6088158238756192
NIFTY METAL,2024-09-17,9388.15,-0.41950846972221845
NIFTY METAL,2024-09-18,9310.55,-0.826573925640306
NIFTY METAL,2024-09-19,9251.2,-0.6374489154775898
NIFTY METAL,2024-09-20,9404.3,1.6549204427533493
NIFTY METAL,2024-09-23,9454.85,0.5375200706060124
NIFTY METAL,2024-09-24,9735.4,2.9672601892150485
NIFTY METAL,2024-09-25,9777.15,0.4288472995459758
NIFTY METAL,2024-09-26,9985.7,2.133034677794665
NIFTY METAL,2024-09-27,10064.6,0.7901298857365902
NIFTY METAL,2024-09-30,10198.35,1.3289152077578859
NIFTY METAL,2024-10-01,10222.95,0.24121549074114235
NIFTY METAL,2024-10-03,10155.0,-0.6646809384766694
NIFTY METAL,2024-10-04,10113.2,-0.4116198916789715
NIFTY METAL,2024-10-07,9886.3,-2.2436024205988336
NIFTY METAL,2024-10-08,9794.45,-0.9290634514428908
NIFTY METAL,2024-10-09,9800.75,0.06432214162102046
NIFTY METAL,2024-10-10,9839.95,0.3999693900976986
NIFTY METAL,2024-10-11,9932.7,0.9425860903764738
NIFTY METAL,2024-10-14,9905.0,-0.27887684114088485
NIFTY METAL,2024-10-15,9762.05,-1.4432104997476047
NIFTY METAL,2024-10-16,9741.7,-0.2084603131514262
NIFTY METAL,2024-10-17,9603.3,-1.4206965929971282
NIFTY METAL,2024-10-18,9753.9,1.568210927493685
NIFTY METAL,2024-10-21,9606.8,-1.5081147028368158
NIFTY METAL,2024-10-22,9318.8,-2.9978765041429045
NIFTY METAL,2024-10-23,9295.25,-0.2527149418379948
NIFTY METAL,2024-10-24,9273.45,-0.2345283881552307
NIFTY METAL,2024-10-25,9048.95,-2.4208897443777633
NIFTY METAL,2024-10-28,9278.4,2.535653307842334
NIFTY METAL,2024-10-29,9338.75,0.6504354198999973
NIFTY METAL,2024-10-30,9342.45,0.03961986347209567
NIFTY METAL,2024-10-31,9326.85,-0.16697975370486562
NIFTY METAL,2024-11-01,9390.3,0.6802939899322791
NIFTY METAL,2024-11-04,9242.9,-1.5697049082563863
NIFTY METAL,2024-11-05,9505.4,2.8400177433489437
NIFTY METAL,2024-11-06,9656.45,1.5890967239674314
NIFTY METAL,2024-11-07,9392.85,-2.7297816485354343
NIFTY METAL,2024-11-08,9308.9,-0.8937649382242951
NIFTY METAL,2024-11-11,9216.25,-0.995284082974357
NIFTY METAL,2024-11-12,9078.5,-1.4946426149464287
NIFTY METAL,2024-11-13,8836.75,-2.662884837803603
NIFTY METAL,2024-11-14,8828.7,-0.09109683990153883
NIFTY METAL,2024-11-18,8996.65,1.902318574648576
NIFTY METAL,2024-11-19,8920.35,-0.8480934570089915
NIFTY METAL,2024-11-21,8717.4,-2.275134944256685
NIFTY METAL,2024-11-22,8846.2,1.477504760593762
NIFTY METAL,2024-11-25,8883.0,0.415997829576531
NIFTY METAL,2024-11-26,8916.7,0.3793763368231451
NIFTY METAL,2024-11-27,8987.35,0.7923334866037912
NIFTY METAL,2024-11-28,8964.85,-0.2503518834806706
NIFTY METAL,2024-11-29,9034.0,0.7713458674712959
NIFTY METAL,2025-01-01,8639.9,-4.362408678326323
NIFTY METAL,2025-01-02,8723.35,0.9658676605053484
NIFTY METAL,2025-01-03,8729.95,0.0756590071474772
NIFTY METAL,2025-01-06,8455.5,-3.1437751648062173
NIFTY METAL,2025-01-07,8560.55,1.2423866122641902
NIFTY METAL,2025-01-08,8503.2,-0.6699335907155324
NIFTY METAL,2025-01-09,8398.85,-1.2271850597422196
NIFTY METAL,2025-01-10,8262.95,-1.618078665531586
NIFTY METAL,2025-01-13,7951.35,-3.7710502907557286
NIFTY METAL,2025-01-14,8267.5,3.976054380702654
NIFTY METAL,2025-01-15,8280.95,0.16268521318416607
NIFTY METAL,2025-01-16,8422.0,1.7033069877248286
NIFTY METAL,2025-01-17,8521.7,1.1838043220137928
NIFTY METAL,2025-01-20,8613.35,1.075489632350357
NIFTY METAL,2025-01-21,8532.1,-0.9433031282834237
NIFTY METAL,2025-01-22,8470.25,-0.7249094595703331
NIFTY METAL,2025-01-23,8515.55,0.5348130220477421
NIFTY METAL,2025-01-24,8438.8,-0.9012923416573226
NIFTY METAL,2025-01-27,8189.8,-2.95065649144427
NIFTY METAL,2025-01-28,8157.45,-0.3950035409900132
NIFTY METAL,2025-01-29,8308.65,1.853520401596076
NIFTY METAL,2025-01-30,8299.75,-0.1071172813874699
NIFTY METAL,2025-01-31,8399.7,1.2042531401548429
NIFTY METAL,2025-02-01,8298.5,-1.20480493350954
NIFTY METAL,2025-02-03,8155.15,-1.7274206181840168
NIFTY METAL,2025-02-04,8301.45,1.7939584189132107
NIFTY METAL,2025-02-05,8427.1,1.513590999162795
NIFTY METAL,2025-02-06,8363.65,-0.7529280535415572
NIFTY METAL,2025-02-07,8585.8,2.6561369736897156
NIFTY METAL,2025-02-10,8359.25,-2.638659181439107
NIFTY METAL,2025-02-11,8213.55,-1.7429793342704225
NIFTY METAL,2025-02-12,8268.4,0.6677989419922037
NIFTY METAL,2025-02-13,8336.35,0.8218034928160423
NIFTY METAL,2025-02-14,8187.5,-1.7855536295860897
NIFTY METAL,2025-02-17,8250.2,0.7658015267175688
NIFTY METAL,2025-02-18,8255.6,0.06545295871613899
NIFTY METAL,2025-02-19,8359.2,1.2549057609380299
NIFTY METAL,2025-02-20,8523.0,1.959517657192067
NIFTY METAL,2025-02-21,8609.7,1.0172474480816707
NIFTY METAL,2025-02-24,8422.8,-2.1708073452036847
NIFTY METAL,2025-02-25,8293.45,-1.5357125896376278
NIFTY METAL,2025-02-27,8334.8,0.4985862337145486
NIFTY METAL,2025-02-28,8219.25,-1.3863560013437581
NIFTY METAL,2025-03-03,8316.3,1.1807646683091422
NIFTY METAL,2025-03-04,8347.75,0.37817298558253665
NIFTY METAL,2025-03-05,8685.2,4.042406636518825
NIFTY METAL,2025-03-06,8888.65,2.3424906737898876
NIFTY METAL,2025-03-07,8926.9,0.43032406495924214
NIFTY METAL,2025-03-10,8850.3,-0.8580806326944468
NIFTY METAL,2025-03-11,8897.3,0.531055444448203
NIFTY METAL,2025-03-12,8854.3,-0.4832926842974872
NIFTY METAL,2025-03-13,8777.65,-0.8656810815084182
NIFTY METAL,2025-03-17,8845.25,0.7701377931450981
NIFTY METAL,2025-03-18,9033.45,2.1276956558605065
NIFTY METAL,2025-03-19,9148.55,1.2741532858431492
NIFTY METAL,2025-03-20,9254.1,1.1537347448502988
NIFTY METAL,2025-03-21,9203.55,-0.5462443673615036
NIFTY METAL,2025-03-24,9262.85,0.644316595226857
NIFTY METAL,2025-03-25,9132.9,-1.402915949194905
NIFTY METAL,2025-03-26,9097.7,-0.3854197461923281
NIFTY METAL,2025-03-27,9159.8,0.6825901051914052
NIFTY METAL,2025-03-28,9092.5,-0.7347321993929956
NIFTY METAL,2025-04-01,9016.85,-0.8320043992301351
NIFTY METAL,2025-04-02,9080.05,0.700909963013685
NIFTY METAL,2025-04-03,9005.15,-0.8248853255213295
NIFTY METAL,2025-04-04,8414.45,-6.55957979600561
NIFTY METAL,2025-04-07,7846.35,-6.7514810831367456
NIFTY METAL,2025-04-08,7965.6,1.519814945802822
NIFTY METAL,2025-04-09,7847.5,-1.4826252887415903
NIFTY METAL,2025-04-11,8168.3,4.087926091111815
NIFTY METAL,2025-04-15,8429.85,3.2020126586927544
NIFTY METAL,2025-04-16,8454.8,0.2959720516972242
NIFTY METAL,2025-04-17,8476.5,0.2566589393007579
NIFTY METAL,2025-04-21,8653.5,2.0881259953990483
NIFTY METAL,2025-04-22,8669.5,0.18489628474027686
NIFTY METAL,2025-04-23,8737.3,0.7820520214545157
NIFTY METAL,2025-04-24,8753.3,0.183122932713764
NIFTY METAL,2025-04-25,8569.75,-2.0969234460146424
NIFTY METAL,2025-04-28,8689.9,1.4020245631436223
NIFTY METAL,2025-04-29,8607.15,-0.9522549166273486
NIFTY METAL,2025-04-30,8581.8,-0.2945225771596949
NIFTY METAL,2025-05-02,8518.4,-0.7387727516371845
NIFTY METAL,2025-05-05,8600.15,0.9596872652141153
NIFTY METAL,2025-05-06,8524.7,-0.8773102794718546
NIFTY METAL,2025-05-07,8608.05,0.977747017490338
NIFTY METAL,2025-05-08,8428.4,-2.0869999593403854
NIFTY METAL,2025-05-09,8420.55,-0.09313748754212758
NIFTY METAL,2025-05-12,8914.25,5.863037450047814
NIFTY METAL,2025-05-13,8834.65,-0.8929522954819524
NIFTY METAL,2025-05-14,9052.1,2.4613312355328265
NIFTY METAL,2025-05-15,9210.05,1.7448989737187892
NIFTY METAL,2025-05-16,9201.85,-0.08903317571564706
NIFTY METAL,2025-05-19,9210.75,0.09671968136841791
NIFTY METAL,2025-05-20,9156.05,-0.5938712916972122
NIFTY METAL,2025-05-21,9208.15,0.5690226680719279
NIFTY METAL,2025-05-22,9179.65,-0.3095084246021229
NIFTY METAL,2025-05-23,9249.6,0.7620116235368624
NIFTY METAL,2025-05-26,9336.45,0.9389595225739455
NIFTY METAL,2025-05-27,9294.95,-0.4444944277535945
NIFTY METAL,2025-05-28,9239.5,-0.5965604979047856
NIFTY METAL,2025-05-29,9351.65,1.2138102711185539
NIFTY METAL,2025-05-30,9193.25,-1.6938187378697789
NIFTY METAL,2025-06-02,9128.55,-0.703777227857405
NIFTY METAL,2025-06-03,9122.3,-0.06846651439713636
NIFTY METAL,2025-06-04,9177.4,0.6040143384892005
NIFTY METAL,2025-06-05,9231.5,0.5894915771351483
NIFTY METAL,2025-06-06,9406.45,1.8951416346205896
NIFTY METAL,2025-06-09,9477.0,0.750017275380177
NIFTY METAL,2025-06-10,9509.7,0.34504590060147056
NIFTY METAL,2025-06-11,9495.8,-0.14616654573752497
NIFTY METAL,2025-06-12,9348.5,-1.5512121148297031
NIFTY METAL,2025-06-13,9258.8,-0.9595122212119667
NIFTY METAL,2025-06-16,9358.25,1.0741132760184957
NIFTY METAL,2025-06-17,9224.4,-1.4302887826249555
NIFTY METAL,2025-06-18,9158.25,-0.7171198126707412
NIFTY METAL,2025-06-19,9040.45,-1.2862719405999923
NIFTY METAL,2025-06-20,9138.6,1.0856760448871405
NIFTY METAL,2025-06-23,9198.55,0.6560085789945713
NIFTY METAL,2025-06-24,9291.1,1.0061368367840773
NIFTY METAL,2025-06-25,9329.2,0.4100698517936596
NIFTY METAL,2025-06-26,9544.55,2.3083436950649405
NIFTY METAL,2025-06-27,9578.2,0.35255721851739086
NIFTY METAL,2025-06-30,9534.8,-0.4531122757929662
NIFTY METAL,2025-07-01,9564.55,0.3120149347652701
NIFTY METAL,2025-07-02,9699.2,1.4078027716934116
NIFTY METAL,2025-07-03,9623.45,-0.7809922467832409
NIFTY METAL,2025-07-04,9580.4,-0.44734476720927896
NIFTY METAL,2025-07-07,9522.15,-0.6080121915577608
NIFTY METAL,2025-07-08,9517.4,-0.04988369223337674
NIFTY METAL,2025-07-09,9384.5,-1.3963897703154204
NIFTY METAL,2025-07-10,9423.55,0.41611167350417144
NIFTY METAL,2025-07-11,9382.85,-0.4318966843705252
NIFTY METAL,2025-07-14,9407.95,0.2675093388469385
NIFTY METAL,2025-07-15,9411.95,0.042517232765915125
NIFTY METAL,2025-07-16,9360.7,-0.5445205297520683
NIFTY METAL,2025-07-17,9423.35,0.6692875532812614
NIFTY METAL,2025-07-18,9458.2,0.36982601728685616
NIFTY METAL,2025-07-21,9555.5,1.0287369689792936
NIFTY METAL,2025-07-22,9533.3,-0.232326932133331
NIFTY METAL,2025-07-23,9579.05,0.4798967828558931
NIFTY METAL,2025-07-24,9582.3,0.03392820791205953
NIFTY METAL,2025-07-25,9425.1,-1.6405247174477777
NIFTY METAL,2025-07-28,9316.45,-1.1527729148762322
NIFTY METAL,2025-07-29,9409.7,1.0009177315393636
NIFTY METAL,2025-07-30,9399.75,-0.10574194713965923
NIFTY METAL,2025-07-31,9285.45,-1.2159897869624126
NIFTY METAL,2025-08-01,9102.35,-1.9719022772186623
NIFTY METAL,2025-08-04,9327.85,2.4773822144830815
NIFTY METAL,2025-08-05,9336.05,0.08790878927082968
NIFTY METAL,2025-08-06,9298.75,-0.39952656637441963
NIFTY METAL,2025-08-07,9310.65,0.12797419007930522
NIFTY METAL,2025-08-08,9147.1,-1.7565905710127616
NIFTY METAL,2025-08-11,9194.8,0.5214767521946717
NIFTY METAL,2025-08-12,9229.7,0.37956236133467325
NIFTY METAL,2025-08-13,9345.95,1.2595208945036074
NIFTY METAL,2025-08-14,9216.25,-1.3877668936812304
NIFTY METAL,2025-08-18,9387.5,1.8581310185812994
NIFTY METAL,2025-08-19,9457.5,0.7456724367509882
NIFTY METAL,2025-08-20,9497.75,0.4255881575469189
NIFTY METAL,2025-08-21,9493.65,-0.043168118764969066
NIFTY METAL,2025-08-22,9375.45,-1.2450427390940155
NIFTY METAL,2025-08-25,9436.75,0.6538352825731009
NIFTY METAL,2025-08-26,9280.05,-1.660529313587844
NIFTY METAL,2025-08-28,9210.5,-0.7494571688730023
NIFTY METAL,2025-08-29,9154.8,-0.6047445849845401
NIFTY METAL,2025-09-01,9305.3,1.643946345086733
NIFTY METAL,2025-09-02,9384.35,0.8495158673014425
NIFTY METAL,2025-09-03,9676.4,3.1120962027204824
NIFTY METAL,2025-09-04,9616.35,-0.6205820346409707
NIFTY METAL,2025-09-05,9681.65,0.6790518231969411
NIFTY METAL,2025-09-08,9717.85,0.3739032086472971
NIFTY METAL,2025-09-09,9734.2,0.1682470916920975
NIFTY METAL,2025-09-10,9759.45,0.25939471142979453
NIFTY METAL,2025-09-11,9792.95,0.3432570482967856
NIFTY METAL,2025-09-12,9883.6,0.9256659127229172
NIFTY METAL,2025-09-15,9891.0,0.07487150431015888
NIFTY METAL,2025-09-16,9973.45,0.8335860883631696
NIFTY METAL,2025-09-17,9923.15,-0.5043390200983766
NIFTY METAL,2025-09-18,9955.15,0.3224782453152386
NIFTY METAL,2025-09-19,9989.9,0.3490655590322689
NIFTY METAL,2025-09-22,10029.1,0.3923963202834946
NIFTY METAL,2025-09-23,10129.05,0.9965998943075594
NIFTY METAL,2025-09-24,10060.1,-0.6807153681737121
NIFTY METAL,2025-09-25,10082.55,0.2231588155187314
NIFTY METAL,2025-09-26,9888.25,-1.9270918567227513
NIFTY METAL,2025-09-29,9923.1,0.352438500240182
NIFTY METAL,2025-09-30,10038.15,1.159415908335082
NIFTY METAL,2025-10-01,10092.95,0.5459173254035887
NIFTY METAL,2025-10-03,10277.1,1.824540892405091
NIFTY METAL,2025-10-06,10185.5,-0.8913020209981415
NIFTY METAL,2025-10-07,10156.65,-0.28324579058466304
NIFTY METAL,2025-10-08,10136.55,-0.19789989809632091
NIFTY METAL,2025-10-09,10356.2,2.166910832581115
NIFTY METAL,2025-10-10,10261.55,-0.9139452695004047
NIFTY METAL,2025-10-13,10217.45,-0.42975963670204287
NIFTY METAL,2025-10-14,10116.8,-0.9850794474159597
NIFTY METAL,2025-10-15,10218.0,1.0003163055511743
NIFTY METAL,2025-10-16,10287.25,0.6777255823057438
NIFTY METAL,2025-10-17,10199.3,-0.8549417968845008
NIFTY METAL,2025-10-20,10191.85,-0.0730442285254762
NIFTY METAL,2025-10-21,10232.75,0.4013010395561123
NIFTY METAL,2025-10-23,10241.85,0.08893015074149524
NIFTY METAL,2025-10-24,10347.45,1.0310637238389653
NIFTY METAL,2025-10-27,10467.15,1.1568067494889922
NIFTY METAL,2025-10-28,10596.2,1.232904849935279
NIFTY METAL,2025-10-29,10777.5,1.7109907325267404
NIFTY METAL,2025-10-30,10729.2,-0.44815588030618914
NIFTY METAL,2025-10-31,10612.15,-1.0909480669574756
NIFTY METAL,2025-11-03,10652.8,0.3830515022874792
NIFTY METAL,2025-11-04,10499.05,-1.4432825172724595
NIFTY METAL,2025-11-06,10281.9,-2.0682823684047613
NIFTY METAL,2025-11-07,10426.8,1.409272605257783
NIFTY METAL,2025-11-10,10484.5,0.5533816703111372
NIFTY METAL,2025-11-11,10559.1,0.7115265391768766
NIFTY METAL,2025-11-12,10542.55,-0.15673684310216762
NIFTY METAL,2025-11-13,10588.6,0.4368013431285789
NIFTY METAL,2025-11-14,10494.75,-0.8863305819466261
NIFTY METAL,2025-11-17,10495.85,0.010481431191800006
NIFTY METAL,2025-11-18,10383.7,-1.0685175569391636
NIFTY METAL,2025-11-19,10384.15,0.004333715342297317
NIFTY METAL,2025-11-20,10386.05,0.018297116278165326
NIFTY METAL,2025-11-21,10142.55,-2.344490927734799
NIFTY METAL,2025-11-24,10017.9,-1.228980877589947
NIFTY METAL,2025-11-25,10073.4,0.5540083250980654
NIFTY METAL,2025-11-26,10280.7,2.0578950503305826
NIFTY METAL,2025-11-27,10273.75,-0.06760240061475242
NIFTY METAL,2025-11-28,10293.05,0.18785740357707414
NIFTY METAL,2025-12-01,10353.2,0.5843748937389925
