Symbol,Series,Date,Prev Close,Open Price,High Price,Low Price,Last Price,Close Price,Average Price,Total Traded Quantity,Turnover ₹,No. of Trades,Deliverable Qty,% Dly Qt to Traded Qty
HDFCBANK,EQ,2023-01-02,"1,628.15","1,627.00","1,639.75","1,618.55","1,628.15","1,628.70","1,629.49","21,90,689","3,56,96,97,184.00","89,456","10,36,063",47.29
HDFCBANK,EQ,2023-01-03,"1,628.70","1,622.20","1,643.00","1,622.20","1,640.50","1,639.35","1,634.63","41,89,015","6,84,74,95,805.65","1,02,047","27,54,739",65.76
HDFCBANK,EQ,2023-01-04,"1,639.35","1,635.00","1,645.75","1,607.00","1,610.30","1,610.05","1,622.71","51,75,800","8,39,88,37,748.00","1,64,250","32,71,719",63.21
HDFCBANK,EQ,2023-01-05,"1,610.05","1,615.00","1,618.05","1,589.40","1,599.95","1,599.70","1,602.26","54,70,718","8,76,55,09,490.95","1,93,143","35,82,675",65.49
HDFCBANK,EQ,2023-01-06,"1,599.70","1,602.00","1,609.10","1,578.20","1,594.05","1,594.40","1,592.77","45,46,231","7,24,10,79,692.35","1,47,775","29,19,025",64.21
HDFCBANK,EQ,2023-01-09,"1,594.40","1,596.00","1,611.55","1,590.00","1,597.95","1,597.50","1,601.83","53,64,670","8,59,32,88,222.10","1,64,427","36,32,471",67.71
HDFCBANK,EQ,2023-01-10,"1,597.50","1,600.00","1,600.00","1,565.00","1,570.00","1,568.30","1,572.13","81,85,883","12,86,92,32,604.25","2,90,553","63,00,941",76.97
HDFCBANK,EQ,2023-01-11,"1,568.30","1,567.95","1,598.00","1,560.00","1,589.00","1,590.90","1,585.27","75,97,899","12,04,47,52,262.45","2,63,176","54,79,706",72.12
HDFCBANK,EQ,2023-01-12,"1,590.90","1,587.80","1,603.90","1,584.15","1,597.00","1,599.40","1,593.76","46,25,035","7,37,12,03,643.65","1,60,323","27,96,561",60.47
HDFCBANK,EQ,2023-01-13,"1,599.40","1,598.75","1,609.90","1,586.00","1,601.00","1,600.65","1,598.66","46,22,273","7,38,94,63,181.30","1,49,441","30,09,511",65.11
HDFCBANK,EQ,2023-01-16,"1,600.65","1,615.00","1,621.30","1,580.30","1,585.80","1,585.30","1,600.14","73,74,047","11,79,95,32,275.45","2,16,647","36,69,896",49.77
HDFCBANK,EQ,2023-01-17,"1,585.30","1,589.80","1,611.00","1,577.50","1,607.45","1,608.90","1,602.40","53,93,177","8,64,20,51,691.35","1,36,682","32,02,706",59.38
HDFCBANK,EQ,2023-01-18,"1,608.90","1,605.00","1,641.60","1,599.70","1,637.15","1,637.30","1,631.33","95,45,321","15,57,15,75,456.30","2,73,645","57,89,503",60.65
HDFCBANK,EQ,2023-01-19,"1,637.30","1,637.00","1,650.00","1,633.00","1,640.10","1,644.10","1,643.36","55,86,081","9,17,99,47,870.95","2,12,074","36,94,351",66.13
HDFCBANK,EQ,2023-01-20,"1,644.10","1,644.10","1,669.00","1,643.40","1,659.25","1,660.95","1,661.60","94,21,702","15,65,50,96,016.05","1,83,678","67,61,155",71.76
HDFCBANK,EQ,2023-01-23,"1,660.95","1,666.25","1,682.60","1,661.40","1,671.90","1,673.10","1,674.88","77,22,200","12,93,37,89,977.65","3,02,449","57,85,548",74.92
HDFCBANK,EQ,2023-01-24,"1,673.10","1,675.05","1,702.40","1,675.00","1,693.00","1,695.50","1,692.57","1,24,91,970","21,14,35,17,490.30","2,29,064","89,97,454",72.03
HDFCBANK,EQ,2023-01-25,"1,695.50","1,691.40","1,692.95","1,645.30","1,649.70","1,648.65","1,657.89","73,52,071","12,18,89,18,619.35","1,90,090","49,00,092",66.65
HDFCBANK,EQ,2023-01-27,"1,648.65","1,632.00","1,637.00","1,589.95","1,614.80","1,615.80","1,614.04","1,75,89,974","28,39,09,35,612.35","3,64,306","1,25,93,316",71.59
HDFCBANK,EQ,2023-01-30,"1,615.80","1,595.00","1,625.30","1,582.00","1,617.40","1,614.15","1,603.35","92,56,411","14,84,12,78,614.15","2,82,514","56,45,620",60.99
HDFCBANK,EQ,2023-01-31,"1,614.15","1,619.70","1,622.70","1,595.00","1,605.80","1,603.50","1,606.73","92,98,122","14,93,95,88,504.95","3,13,012","58,80,193",63.24
HDFCBANK,EQ,2023-02-01,"1,603.50","1,624.00","1,665.00","1,606.00","1,625.50","1,627.55","1,633.55","86,51,395","14,13,24,76,806.60","2,30,246","46,77,377",54.07
HDFCBANK,EQ,2023-02-02,"1,627.55","1,608.10","1,624.50","1,588.75","1,605.70","1,603.35","1,601.95","87,48,553","14,01,47,86,208.00","2,72,747","52,88,239",60.45
HDFCBANK,EQ,2023-02-03,"1,603.35","1,611.00","1,660.50","1,607.00","1,658.25","1,658.80","1,641.97","72,05,550","11,83,12,79,561.50","2,96,046","44,61,313",61.91
HDFCBANK,EQ,2023-02-06,"1,658.80","1,660.00","1,669.40","1,646.20","1,650.00","1,651.75","1,656.81","55,83,836","9,25,13,44,923.60","1,60,975","39,12,306",70.06
HDFCBANK,EQ,2023-02-07,"1,651.75","1,659.40","1,664.90","1,632.60","1,652.00","1,654.20","1,650.73","51,32,294","8,47,20,10,812.25","1,54,701","33,67,728",65.62
HDFCBANK,EQ,2023-02-08,"1,654.20","1,654.25","1,668.20","1,650.00","1,652.00","1,654.00","1,658.26","42,22,413","7,00,18,61,740.25","1,22,581","28,06,902",66.48
HDFCBANK,EQ,2023-02-09,"1,654.00","1,660.00","1,661.65","1,635.55","1,650.20","1,650.55","1,646.47","58,88,668","9,69,55,34,662.35","1,56,658","39,03,281",66.28
HDFCBANK,EQ,2023-02-10,"1,650.55","1,648.80","1,658.50","1,642.20","1,652.30","1,657.10","1,652.80","40,86,058","6,75,34,56,557.50","1,12,380","26,80,657",65.6
HDFCBANK,EQ,2023-02-13,"1,657.10","1,655.00","1,661.75","1,644.55","1,658.80","1,658.35","1,653.05","28,68,472","4,74,17,28,896.75","1,28,413","16,03,818",55.91
HDFCBANK,EQ,2023-02-14,"1,658.35","1,665.00","1,677.50","1,657.95","1,672.00","1,673.70","1,667.58","54,54,296","9,09,55,01,854.70","1,88,196","32,84,370",60.22
HDFCBANK,EQ,2023-02-15,"1,673.70","1,678.00","1,678.00","1,656.75","1,670.00","1,670.30","1,666.60","57,19,356","9,53,18,63,377.00","1,31,147","35,76,018",62.52
HDFCBANK,EQ,2023-02-16,"1,670.30","1,673.20","1,681.90","1,661.00","1,663.45","1,664.25","1,674.01","40,31,250","6,74,83,66,478.80","1,12,501","16,10,834",39.96
HDFCBANK,EQ,2023-02-17,"1,664.25","1,661.00","1,668.15","1,642.95","1,656.00","1,655.90","1,654.92","44,78,135","7,41,09,51,450.25","1,16,571","21,22,264",47.39
HDFCBANK,EQ,2023-02-20,"1,655.90","1,660.00","1,669.45","1,634.80","1,640.50","1,640.35","1,653.10","40,43,353","6,68,40,47,187.45","1,61,532","16,57,241",40.99
HDFCBANK,EQ,2023-02-21,"1,640.35","1,640.00","1,662.35","1,634.00","1,649.95","1,646.50","1,647.50","61,94,648","10,20,56,67,202.40","1,67,166","27,41,753",44.26
HDFCBANK,EQ,2023-02-22,"1,646.50","1,639.00","1,641.95","1,609.05","1,614.20","1,614.20","1,622.70","51,79,551","8,40,48,52,589.05","1,39,134","28,38,734",54.81
HDFCBANK,EQ,2023-02-23,"1,614.20","1,613.00","1,618.85","1,592.10","1,604.00","1,603.25","1,603.00","1,39,41,005","22,34,74,75,793.50","2,27,065","46,10,082",33.07
HDFCBANK,EQ,2023-02-24,"1,603.25","1,617.90","1,617.90","1,585.20","1,588.50","1,588.95","1,594.44","85,30,870","13,60,19,92,894.90","1,79,066","44,56,233",52.24
HDFCBANK,EQ,2023-02-27,"1,588.95","1,585.90","1,599.00","1,577.30","1,598.65","1,592.90","1,590.06","71,56,486","11,37,92,44,627.25","1,43,487","33,81,817",47.26
HDFCBANK,EQ,2023-02-28,"1,592.90","1,592.00","1,605.30","1,588.70","1,603.00","1,599.60","1,597.73","94,96,996","15,17,36,65,803.80","1,28,911","28,49,154",30.0
HDFCBANK,EQ,2023-03-01,"1,599.60","1,612.00","1,613.00","1,595.75","1,599.00","1,598.05","1,601.75","70,68,628","11,32,21,67,673.75","1,70,088","30,98,750",43.84
HDFCBANK,EQ,2023-03-02,"1,598.05","1,594.00","1,605.95","1,582.00","1,583.90","1,584.45","1,591.80","86,95,907","13,84,21,64,334.75","1,45,929","26,65,184",30.65
HDFCBANK,EQ,2023-03-03,"1,584.45","1,596.00","1,620.00","1,588.00","1,615.25","1,615.90","1,610.57","74,93,117","12,06,81,76,740.30","1,47,003","27,99,132",37.36
HDFCBANK,EQ,2023-03-06,"1,615.90","1,620.00","1,639.45","1,618.05","1,628.35","1,627.30","1,631.52","1,35,02,355","22,02,93,57,861.45","1,70,565","40,25,512",29.81
HDFCBANK,EQ,2023-03-08,"1,627.30","1,620.00","1,639.50","1,620.00","1,630.00","1,630.55","1,628.76","1,00,49,887","16,36,88,28,094.50","1,69,090","30,31,735",30.17
HDFCBANK,EQ,2023-03-09,"1,630.55","1,629.95","1,645.95","1,627.00","1,630.00","1,630.70","1,636.24","1,03,50,083","16,93,52,18,497.40","1,38,340","34,12,703",32.97
HDFCBANK,EQ,2023-03-10,"1,630.70","1,610.45","1,613.75","1,585.00","1,588.10","1,588.65","1,594.45","1,36,93,500","21,83,35,68,464.50","2,16,265","37,55,232",27.42
HDFCBANK,EQ,2023-03-13,"1,588.65","1,587.90","1,603.80","1,564.95","1,571.50","1,568.55","1,584.50","1,32,21,775","20,94,98,79,575.00","1,64,259","26,48,118",20.03
HDFCBANK,EQ,2023-03-14,"1,568.55","1,570.25","1,583.60","1,559.30","1,568.00","1,564.35","1,570.59","1,65,92,806","26,06,05,11,633.95","1,93,032","33,28,303",20.06
HDFCBANK,EQ,2023-03-15,"1,564.35","1,578.00","1,582.90","1,536.60","1,542.95","1,541.90","1,559.54","1,86,32,377","29,05,80,23,463.95","2,09,694","68,34,871",36.68
HDFCBANK,EQ,2023-03-16,"1,541.90","1,539.00","1,559.10","1,532.05","1,552.10","1,551.90","1,547.23","1,08,76,671","16,82,87,24,100.65","2,25,162","46,21,863",42.49
HDFCBANK,EQ,2023-03-17,"1,551.90","1,557.50","1,579.20","1,540.00","1,578.65","1,572.65","1,555.94","1,14,75,438","17,85,50,50,758.60","1,77,856","56,56,689",49.29
HDFCBANK,EQ,2023-03-20,"1,572.65","1,567.95","1,568.10","1,545.40","1,563.00","1,561.75","1,554.24","1,32,51,557","20,59,61,24,335.40","1,94,499","32,55,441",24.57
HDFCBANK,EQ,2023-03-21,"1,561.75","1,571.95","1,582.50","1,556.20","1,577.30","1,579.45","1,566.20","1,65,25,247","25,88,17,67,757.50","1,66,646","22,46,766",13.6
HDFCBANK,EQ,2023-03-22,"1,579.45","1,584.00","1,586.05","1,565.30","1,573.70","1,575.80","1,573.31","70,88,662","11,15,26,57,442.95","1,39,019","21,51,120",30.35
HDFCBANK,EQ,2023-03-23,"1,575.80","1,567.75","1,590.35","1,558.55","1,561.00","1,563.15","1,576.46","1,41,82,089","22,35,75,56,930.90","1,71,995","22,16,559",15.63
HDFCBANK,EQ,2023-03-24,"1,563.15","1,560.00","1,573.90","1,554.95","1,559.65","1,560.65","1,565.66","1,57,38,874","24,64,17,90,955.35","1,71,286","25,65,670",16.3
HDFCBANK,EQ,2023-03-27,"1,560.65","1,562.20","1,579.45","1,558.90","1,560.70","1,567.45","1,569.43","1,59,36,003","25,01,05,12,320.00","1,71,004","22,09,533",13.87
HDFCBANK,EQ,2023-03-28,"1,567.45","1,565.70","1,582.90","1,564.10","1,581.60","1,580.20","1,574.78","1,96,38,151","30,92,58,14,365.90","1,95,952","43,46,740",22.13
HDFCBANK,EQ,2023-03-29,"1,580.20","1,584.00","1,602.00","1,581.90","1,593.00","1,587.80","1,591.40","1,98,81,806","31,63,98,48,468.25","2,08,681","47,71,362",24.0
HDFCBANK,EQ,2023-03-31,"1,587.80","1,595.60","1,612.95","1,592.40","1,609.00","1,609.55","1,601.95","1,73,55,614","27,80,28,79,066.75","2,13,559","49,27,372",28.39
HDFCBANK,EQ,2023-04-03,"1,609.55","1,607.55","1,615.70","1,602.75","1,609.90","1,610.55","1,608.28","2,00,12,699","32,18,59,70,936.50","1,65,016","23,56,666",11.78
HDFCBANK,EQ,2023-04-05,"1,610.55","1,618.60","1,656.00","1,616.00","1,654.00","1,653.75","1,647.03","2,16,82,696","35,71,20,51,912.40","2,85,701","59,85,667",27.61
HDFCBANK,EQ,2023-04-06,"1,653.75","1,648.55","1,669.20","1,647.10","1,666.00","1,666.35","1,659.15","2,23,18,672","37,02,99,76,857.60","2,33,336","44,16,527",19.79
HDFCBANK,EQ,2023-04-10,"1,666.35","1,663.25","1,671.00","1,654.00","1,655.15","1,658.45","1,662.14","1,59,06,643","26,43,90,42,028.15","1,38,726","17,35,856",10.91
HDFCBANK,EQ,2023-04-11,"1,658.45","1,659.00","1,669.40","1,651.10","1,664.95","1,663.30","1,662.57","2,11,80,771","35,21,44,68,680.05","2,00,423","64,03,988",30.23
HDFCBANK,EQ,2023-04-12,"1,663.30","1,668.00","1,688.20","1,667.80","1,685.00","1,684.90","1,679.14","1,34,77,752","22,63,09,71,070.95","1,83,654","37,49,528",27.82
HDFCBANK,EQ,2023-04-13,"1,684.90","1,688.30","1,697.05","1,678.15","1,695.00","1,692.45","1,686.70","1,76,65,043","29,79,57,08,472.95","1,77,271","25,63,024",14.51
HDFCBANK,EQ,2023-04-17,"1,692.45","1,720.00","1,720.00","1,653.30","1,665.05","1,666.65","1,669.13","1,62,02,574","27,04,41,65,347.35","2,42,646","55,76,536",34.42
HDFCBANK,EQ,2023-04-18,"1,666.65","1,670.00","1,677.25","1,656.40","1,660.35","1,659.60","1,666.90","1,48,18,613","24,70,12,10,477.55","1,98,013","47,53,066",32.07
HDFCBANK,EQ,2023-04-19,"1,659.60","1,665.00","1,670.30","1,657.15","1,668.70","1,665.70","1,664.28","1,23,70,584","20,58,80,90,646.20","1,42,796","18,94,807",15.32
HDFCBANK,EQ,2023-04-20,"1,665.70","1,671.70","1,677.45","1,666.40","1,673.00","1,671.90","1,671.10","1,64,61,358","27,50,85,41,645.25","1,71,106","42,49,514",25.82
HDFCBANK,EQ,2023-04-21,"1,671.90","1,669.00","1,676.95","1,663.25","1,672.00","1,674.60","1,670.10","1,00,64,309","16,80,83,90,125.10","1,59,632","37,68,485",37.44
HDFCBANK,EQ,2023-04-24,"1,674.60","1,687.00","1,691.45","1,674.10","1,689.50","1,688.15","1,681.20","1,78,37,926","29,98,91,17,787.95","1,81,877","66,44,555",37.25
HDFCBANK,EQ,2023-04-25,"1,688.15","1,687.70","1,687.70","1,661.90","1,663.60","1,664.15","1,671.96","2,51,76,534","42,09,41,15,747.50","2,30,940","78,69,001",31.26
HDFCBANK,EQ,2023-04-26,"1,664.15","1,660.00","1,675.00","1,655.00","1,675.00","1,671.80","1,666.08","1,36,96,375","22,81,93,00,576.90","1,84,866","40,28,705",29.41
HDFCBANK,EQ,2023-04-27,"1,671.80","1,670.50","1,685.25","1,665.85","1,680.00","1,681.00","1,673.65","2,38,95,196","39,99,23,03,899.70","2,58,905","42,54,912",17.81
HDFCBANK,EQ,2023-04-28,"1,681.00","1,684.70","1,691.00","1,670.00","1,687.15","1,687.60","1,678.51","1,39,58,136","23,42,89,39,295.55","1,82,365","34,10,418",24.43
HDFCBANK,EQ,2023-05-02,"1,687.60","1,688.70","1,699.00","1,682.00","1,682.90","1,687.25","1,692.45","1,61,10,592","27,26,63,77,374.55","1,85,905","34,44,446",21.38
HDFCBANK,EQ,2023-05-03,"1,687.25","1,684.95","1,696.00","1,679.65","1,693.95","1,693.15","1,687.29","1,47,03,635","24,80,92,69,719.05","1,76,478","29,87,497",20.32
HDFCBANK,EQ,2023-05-04,"1,693.15","1,687.10","1,734.45","1,687.10","1,729.00","1,727.80","1,712.72","2,84,27,319","48,68,79,68,070.25","2,55,713","65,63,905",23.09
HDFCBANK,EQ,2023-05-05,"1,727.80","1,639.00","1,660.95","1,622.10","1,626.95","1,625.65","1,640.31","3,13,85,208","51,48,13,96,583.70","6,97,018","1,70,89,608",54.45
HDFCBANK,EQ,2023-05-08,"1,625.65","1,635.00","1,650.35","1,630.00","1,646.75","1,644.45","1,645.52","1,86,22,262","30,64,32,51,208.65","2,40,839","48,62,261",26.11
HDFCBANK,EQ,2023-05-09,"1,644.45","1,649.90","1,656.00","1,639.95","1,642.75","1,644.50","1,649.29","2,18,44,469","36,02,79,43,472.75","2,70,463","57,28,006",26.22
HDFCBANK,EQ,2023-05-10,"1,644.50","1,644.50","1,654.65","1,633.10","1,652.30","1,652.10","1,644.49","2,31,70,275","38,10,33,10,084.95","2,28,151","50,86,170",21.95
HDFCBANK,EQ,2023-05-11,"1,652.10","1,665.15","1,688.00","1,649.25","1,655.00","1,653.20","1,656.04","1,78,67,309","29,58,89,45,347.95","2,19,658","39,88,602",22.32
HDFCBANK,EQ,2023-05-12,"1,653.20","1,647.00","1,672.80","1,644.25","1,667.95","1,667.80","1,662.68","1,12,39,380","18,68,75,07,675.25","2,00,542","30,11,860",26.8
HDFCBANK,EQ,2023-05-15,"1,667.80","1,672.00","1,680.75","1,665.10","1,677.00","1,675.80","1,676.61","92,56,130","15,51,89,20,431.50","2,04,219","32,46,381",35.07
HDFCBANK,EQ,2023-05-16,"1,675.80","1,671.80","1,671.80","1,644.00","1,646.00","1,647.30","1,654.31","1,63,61,043","27,06,63,15,642.35","2,36,552","46,93,548",28.69
HDFCBANK,EQ,2023-05-17,"1,647.30","1,650.00","1,650.00","1,625.35","1,640.85","1,638.45","1,638.82","1,52,33,434","24,96,49,17,751.70","2,24,112","32,09,871",21.07
HDFCBANK,EQ,2023-05-18,"1,638.45","1,648.00","1,653.95","1,640.00","1,644.50","1,645.00","1,646.05","2,48,23,471","40,86,05,59,448.95","2,78,185","48,76,002",19.64
HDFCBANK,EQ,2023-05-19,"1,645.00","1,648.00","1,650.00","1,631.55","1,646.50","1,646.90","1,641.50","1,52,30,166","25,00,03,35,648.35","1,97,258","35,31,945",23.19
HDFCBANK,EQ,2023-05-22,"1,646.90","1,645.00","1,652.90","1,632.70","1,638.45","1,641.05","1,641.70","1,41,67,016","23,25,79,23,466.55","2,04,936","28,96,707",20.45
HDFCBANK,EQ,2023-05-23,"1,641.05","1,649.00","1,649.60","1,633.45","1,634.05","1,637.20","1,641.32","1,12,35,037","18,44,03,00,706.25","1,98,675","21,42,827",19.07
HDFCBANK,EQ,2023-05-24,"1,637.20","1,627.55","1,634.75","1,613.60","1,615.00","1,615.80","1,624.67","1,67,94,056","27,28,48,71,539.45","2,98,545","58,75,912",34.99
HDFCBANK,EQ,2023-05-25,"1,615.80","1,615.70","1,620.05","1,597.35","1,613.35","1,609.60","1,606.52","1,48,88,465","23,91,85,72,885.90","3,18,672","49,45,842",33.22
HDFCBANK,EQ,2023-05-26,"1,609.60","1,619.00","1,619.00","1,602.25","1,617.00","1,615.80","1,611.17","1,33,17,533","21,45,68,49,112.15","2,47,378","56,58,462",42.49
HDFCBANK,EQ,2023-05-29,"1,615.80","1,628.50","1,641.00","1,624.85","1,630.00","1,635.50","1,636.20","1,09,08,146","17,84,79,15,681.45","2,07,071","31,51,605",28.89
HDFCBANK,EQ,2023-05-30,"1,635.50","1,633.60","1,642.65","1,628.55","1,640.80","1,636.75","1,633.96","1,85,62,964","30,33,11,62,063.85","2,64,829","34,53,800",18.61
HDFCBANK,EQ,2023-05-31,"1,636.75","1,629.90","1,634.95","1,604.65","1,611.20","1,610.85","1,613.25","2,16,67,135","34,95,45,11,959.60","2,91,055","66,42,898",30.66
HDFCBANK,EQ,2023-06-01,"1,610.85","1,619.90","1,619.90","1,600.00","1,601.00","1,604.00","1,612.23","2,51,83,469","40,60,14,23,757.55","2,82,772","54,95,345",21.82
HDFCBANK,EQ,2023-06-02,"1,604.00","1,612.45","1,614.80","1,601.00","1,605.50","1,606.50","1,607.62","89,29,855","14,35,58,01,663.75","3,16,938","32,88,557",36.83
HDFCBANK,EQ,2023-06-05,"1,606.50","1,614.50","1,616.50","1,602.45","1,604.05","1,604.40","1,610.46","93,48,621","15,05,56,21,088.80","1,53,663","28,90,771",30.92
HDFCBANK,EQ,2023-06-06,"1,604.40","1,607.65","1,609.85","1,592.25","1,605.00","1,599.40","1,598.09","1,60,91,426","25,71,56,16,381.45","2,33,706","50,98,265",31.68
HDFCBANK,EQ,2023-06-07,"1,599.40","1,603.45","1,612.55","1,596.00","1,611.50","1,607.70","1,602.11","1,24,74,513","19,98,55,40,209.25","1,76,230","39,34,644",31.54
HDFCBANK,EQ,2023-06-08,"1,607.70","1,603.25","1,626.00","1,603.25","1,608.35","1,608.70","1,617.05","1,86,97,761","30,23,52,56,021.30","2,68,888","53,30,369",28.51
HDFCBANK,EQ,2023-06-09,"1,608.70","1,615.90","1,618.50","1,607.00","1,609.50","1,610.60","1,613.79","91,06,289","14,69,56,39,541.25","1,85,235","29,48,383",32.38
HDFCBANK,EQ,2023-06-12,"1,610.60","1,612.55","1,615.80","1,599.45","1,600.90","1,600.80","1,604.34","67,04,146","10,75,57,48,258.60","1,56,138","31,88,691",47.56
HDFCBANK,EQ,2023-06-13,"1,600.80","1,590.10","1,609.00","1,590.10","1,607.95","1,603.50","1,602.57","1,39,63,054","22,37,68,05,987.05","1,84,386","61,79,907",44.26
HDFCBANK,EQ,2023-06-14,"1,603.50","1,610.45","1,612.00","1,600.20","1,601.75","1,601.75","1,606.76","1,00,56,984","16,15,91,16,681.25","1,74,004","44,18,111",43.93
HDFCBANK,EQ,2023-06-15,"1,601.75","1,604.00","1,605.95","1,579.00","1,580.55","1,582.05","1,590.41","1,76,88,738","28,13,24,06,376.20","2,71,848","59,65,872",33.73
HDFCBANK,EQ,2023-06-16,"1,582.05","1,587.15","1,609.20","1,584.00","1,602.50","1,602.75","1,598.25","78,89,636","12,60,95,94,950.00","1,81,546","42,48,458",53.85
HDFCBANK,EQ,2023-06-19,"1,602.75","1,611.00","1,614.25","1,598.35","1,604.90","1,604.15","1,606.00","1,24,14,573","19,93,77,59,557.10","1,62,051","43,83,742",35.31
HDFCBANK,EQ,2023-06-20,"1,604.15","1,604.15","1,611.00","1,590.65","1,609.40","1,607.50","1,599.68","1,00,02,813","16,00,12,91,895.20","2,87,119","42,73,291",42.72
HDFCBANK,EQ,2023-06-21,"1,607.50","1,616.00","1,637.25","1,611.00","1,635.55","1,635.60","1,628.22","1,21,54,473","19,79,01,44,100.50","2,76,058","56,96,387",46.87
HDFCBANK,EQ,2023-06-22,"1,635.60","1,640.00","1,657.55","1,639.05","1,644.80","1,643.60","1,646.70","2,82,98,070","46,59,85,24,688.10","3,67,511","1,00,15,810",35.39
HDFCBANK,EQ,2023-06-23,"1,643.60","1,637.55","1,659.90","1,634.05","1,642.90","1,643.50","1,649.49","1,06,69,609","17,59,94,09,604.40","2,48,242","47,58,035",44.59
HDFCBANK,EQ,2023-06-26,"1,643.50","1,645.00","1,650.75","1,628.70","1,635.70","1,635.55","1,637.33","80,65,157","13,20,53,20,442.40","1,99,872","43,28,332",53.67
HDFCBANK,EQ,2023-06-27,"1,635.55","1,642.95","1,672.90","1,638.55","1,658.25","1,658.60","1,654.06","1,69,15,932","27,97,99,20,820.40","3,14,003","85,17,518",50.35
HDFCBANK,EQ,2023-06-28,"1,658.60","1,670.00","1,679.90","1,660.50","1,673.10","1,676.15","1,673.30","2,97,81,475","49,83,32,44,547.95","4,39,006","1,68,87,785",56.71
HDFCBANK,EQ,2023-06-30,"1,676.15","1,704.00","1,708.80","1,683.25","1,700.75","1,701.40","1,698.70","2,03,49,508","34,56,76,75,938.75","3,26,058","1,47,89,780",72.68
HDFCBANK,EQ,2023-07-03,"1,701.40","1,712.50","1,757.50","1,710.00","1,721.00","1,719.80","1,733.31","2,20,52,058","38,22,31,61,666.50","5,40,520","1,15,12,012",52.2
HDFCBANK,EQ,2023-07-04,"1,719.80","1,723.45","1,747.00","1,713.80","1,725.00","1,728.20","1,731.04","1,93,97,594","33,57,79,54,092.40","3,79,487","77,95,269",40.19
HDFCBANK,EQ,2023-07-05,"1,728.20","1,716.25","1,720.00","1,668.55","1,676.60","1,673.30","1,681.63","1,85,82,877","31,24,95,28,816.15","4,77,385","94,31,298",50.75
HDFCBANK,EQ,2023-07-06,"1,673.30","1,673.00","1,687.85","1,660.40","1,674.80","1,675.00","1,674.63","2,60,78,272","43,67,15,47,685.50","3,77,109","79,30,745",30.41
HDFCBANK,EQ,2023-07-07,"1,675.00","1,665.00","1,675.00","1,656.30","1,659.90","1,660.40","1,663.54","99,63,168","16,57,41,55,973.95","3,20,533","38,63,511",38.78
HDFCBANK,EQ,2023-07-10,"1,660.40","1,661.00","1,676.75","1,649.70","1,658.00","1,656.45","1,659.09","1,91,99,221","31,85,31,62,737.15","3,17,755","39,19,467",20.41
HDFCBANK,EQ,2023-07-11,"1,656.45","1,663.00","1,676.00","1,645.50","1,650.00","1,648.40","1,664.90","2,53,35,213","42,18,04,75,745.65","3,79,237","74,17,565",29.28
HDFCBANK,EQ,2023-07-12,"1,648.40","1,655.35","1,666.30","1,627.15","1,636.00","1,632.95","1,643.87","3,54,79,179","58,32,32,00,837.30","4,98,866","2,00,20,165",56.43
HDFCBANK,EQ,2023-07-13,"1,632.95","1,656.70","1,657.45","1,638.05","1,644.55","1,641.10","1,648.62","2,09,56,773","34,54,98,48,532.65","4,32,632","54,98,771",26.24
HDFCBANK,EQ,2023-07-14,"1,641.10","1,653.60","1,653.60","1,635.00","1,645.60","1,644.50","1,642.71","1,23,63,607","20,30,98,76,686.30","4,62,491","62,76,284",50.76
HDFCBANK,EQ,2023-07-17,"1,644.50","1,650.00","1,682.00","1,633.00","1,678.35","1,678.90","1,660.51","2,46,26,464","40,89,25,07,962.10","4,35,163","99,84,310",40.54
HDFCBANK,EQ,2023-07-18,"1,678.90","1,698.00","1,704.00","1,670.00","1,678.00","1,677.50","1,683.83","4,05,38,409","68,25,98,72,564.30","7,04,526","1,65,99,436",40.95
HDFCBANK,EQ,2023-07-19,"1,677.50","1,681.10","1,688.75","1,675.00","1,684.75","1,685.10","1,682.45","1,64,67,567","27,70,59,15,264.20","4,27,479","63,04,659",38.29
HDFCBANK,EQ,2023-07-20,"1,685.10","1,681.15","1,692.00","1,680.00","1,688.90","1,688.75","1,686.08","2,81,05,474","47,38,80,96,303.30","4,33,278","1,31,78,804",46.89
HDFCBANK,EQ,2023-07-21,"1,688.75","1,680.00","1,689.80","1,673.25","1,677.75","1,675.75","1,680.80","2,10,77,124","35,42,64,65,573.70","3,37,174","1,13,44,016",53.82
HDFCBANK,EQ,2023-07-24,"1,675.75","1,678.50","1,684.65","1,670.10","1,679.50","1,678.40","1,677.75","1,60,89,722","26,99,45,70,123.70","2,96,190","90,94,607",56.52
HDFCBANK,EQ,2023-07-25,"1,678.40","1,684.65","1,699.00","1,678.40","1,694.55","1,696.60","1,692.19","2,79,96,298","47,37,50,21,905.75","5,34,396","1,01,39,007",36.22
HDFCBANK,EQ,2023-07-26,"1,696.60","1,699.60","1,699.60","1,688.00","1,689.30","1,690.70","1,692.97","1,23,97,179","20,98,80,22,760.35","2,51,108","57,93,581",46.73
HDFCBANK,EQ,2023-07-27,"1,690.70","1,699.90","1,703.00","1,667.45","1,676.95","1,673.15","1,681.08","2,98,70,651","50,21,48,60,523.75","5,06,283","1,42,26,217",47.63
HDFCBANK,EQ,2023-07-28,"1,673.15","1,661.50","1,668.90","1,641.10","1,642.90","1,643.50","1,649.58","2,05,07,842","33,82,93,21,793.55","4,22,378","1,35,10,158",65.88
HDFCBANK,EQ,2023-07-31,"1,643.50","1,650.05","1,656.80","1,638.70","1,650.00","1,651.20","1,649.01","1,72,82,503","28,49,90,54,865.30","4,34,555","94,57,401",54.72
HDFCBANK,EQ,2023-08-01,"1,651.20","1,654.45","1,667.45","1,650.00","1,660.00","1,662.25","1,659.39","1,76,97,094","29,36,64,53,399.30","3,85,496","57,58,362",32.54
HDFCBANK,EQ,2023-08-02,"1,662.25","1,642.00","1,651.50","1,633.15","1,641.90","1,640.50","1,644.34","1,40,58,161","23,11,63,46,478.45","3,80,609","65,88,171",46.86
HDFCBANK,EQ,2023-08-03,"1,640.50","1,640.00","1,651.35","1,623.00","1,632.60","1,628.65","1,633.08","2,88,36,973","47,09,31,13,412.85","4,39,722","96,06,761",33.31
HDFCBANK,EQ,2023-08-04,"1,628.65","1,635.15","1,656.50","1,629.25","1,652.85","1,652.20","1,641.73","1,86,94,152","30,69,07,12,012.15","3,10,206","57,85,079",30.95
HDFCBANK,EQ,2023-08-07,"1,652.20","1,663.10","1,663.10","1,647.55","1,651.00","1,651.25","1,653.09","1,41,50,459","23,39,19,43,678.55","2,56,889","56,47,029",39.91
HDFCBANK,EQ,2023-08-08,"1,651.25","1,651.70","1,655.60","1,642.05","1,649.00","1,649.90","1,650.13","2,18,86,914","36,11,62,74,511.30","3,00,979","74,01,918",33.82
HDFCBANK,EQ,2023-08-09,"1,649.90","1,653.00","1,654.50","1,631.10","1,652.70","1,650.50","1,640.24","1,66,80,618","27,36,02,30,365.00","2,28,397","55,46,894",33.25
HDFCBANK,EQ,2023-08-10,"1,650.50","1,647.05","1,654.25","1,631.00","1,638.00","1,635.85","1,638.99","2,53,90,559","41,61,49,59,546.45","3,32,263","68,35,898",26.92
HDFCBANK,EQ,2023-08-11,"1,635.85","1,638.40","1,638.40","1,616.20","1,620.90","1,618.80","1,625.76","1,41,12,911","22,94,42,47,784.10","2,71,050","59,68,867",42.29
HDFCBANK,EQ,2023-08-14,"1,618.80","1,611.00","1,615.00","1,600.25","1,608.50","1,610.90","1,608.96","1,56,52,205","25,18,37,94,816.50","3,49,385","62,96,942",40.23
HDFCBANK,EQ,2023-08-16,"1,610.90","1,583.10","1,609.65","1,581.30","1,604.35","1,606.20","1,596.67","1,70,68,771","27,25,31,51,750.90","3,00,850","74,82,636",43.84
HDFCBANK,EQ,2023-08-17,"1,606.20","1,597.60","1,609.90","1,594.00","1,595.00","1,597.30","1,600.21","2,64,42,020","42,31,28,60,300.10","4,00,922","94,05,436",35.57
HDFCBANK,EQ,2023-08-18,"1,597.30","1,587.55","1,596.30","1,585.50","1,588.70","1,590.75","1,590.59","1,28,16,683","20,38,61,33,002.30","2,82,239","58,30,172",45.49
HDFCBANK,EQ,2023-08-21,"1,590.75","1,600.50","1,600.50","1,587.00","1,587.80","1,589.50","1,593.07","1,09,18,635","17,39,41,09,160.45","2,41,780","49,67,663",45.5
HDFCBANK,EQ,2023-08-22,"1,589.50","1,596.35","1,598.00","1,580.00","1,581.45","1,582.70","1,588.09","1,61,36,785","25,62,67,13,594.35","4,20,291","68,03,467",42.16
HDFCBANK,EQ,2023-08-23,"1,582.70","1,580.00","1,590.55","1,573.25","1,588.50","1,586.60","1,581.99","1,82,49,294","28,87,01,23,207.45","3,29,674","1,03,07,529",56.48
HDFCBANK,EQ,2023-08-24,"1,586.60","1,593.30","1,596.20","1,576.15","1,579.60","1,579.30","1,583.60","2,15,72,896","34,16,27,75,004.65","3,97,769","73,52,169",34.08
HDFCBANK,EQ,2023-08-25,"1,579.30","1,574.55","1,577.50","1,558.40","1,559.20","1,561.50","1,564.93","1,50,34,878","23,52,84,89,943.80","3,50,735","87,64,737",58.3
HDFCBANK,EQ,2023-08-28,"1,561.50","1,561.50","1,582.65","1,561.50","1,578.00","1,577.75","1,574.43","1,44,33,619","22,72,46,92,200.70","2,89,068","80,43,360",55.73
HDFCBANK,EQ,2023-08-29,"1,577.75","1,589.70","1,592.65","1,581.45","1,591.25","1,590.30","1,588.37","1,77,69,466","28,22,44,20,149.05","3,41,561","92,26,802",51.93
HDFCBANK,EQ,2023-08-30,"1,590.30","1,603.95","1,603.95","1,573.70","1,579.00","1,578.70","1,589.56","1,40,42,102","22,32,07,81,696.10","2,97,743","74,65,190",53.16
HDFCBANK,EQ,2023-08-31,"1,578.70","1,579.00","1,583.15","1,563.10","1,577.00","1,571.45","1,570.99","5,00,37,886","78,60,89,31,136.20","4,19,748","2,73,44,438",54.65
HDFCBANK,EQ,2023-09-01,"1,571.45","1,571.00","1,579.00","1,559.35","1,573.75","1,574.70","1,569.33","2,16,13,388","33,91,85,08,405.30","4,50,304","1,17,12,682",54.19
HDFCBANK,EQ,2023-09-04,"1,574.70","1,590.00","1,591.45","1,574.90","1,584.50","1,584.55","1,582.03","1,25,36,819","19,83,36,66,505.30","2,36,702","68,78,890",54.87
HDFCBANK,EQ,2023-09-05,"1,584.55","1,588.40","1,588.40","1,570.60","1,575.00","1,574.90","1,576.27","1,93,56,041","30,51,03,14,620.10","4,07,651","73,19,213",37.81
HDFCBANK,EQ,2023-09-06,"1,574.90","1,576.80","1,600.00","1,574.90","1,599.00","1,595.50","1,588.41","2,81,60,455","44,73,03,93,184.30","3,94,705","1,02,22,093",36.3
HDFCBANK,EQ,2023-09-07,"1,595.50","1,595.50","1,614.00","1,587.15","1,611.00","1,610.85","1,601.67","1,71,04,171","27,39,52,55,131.15","2,82,493","63,02,758",36.85
HDFCBANK,EQ,2023-09-08,"1,610.85","1,608.30","1,632.90","1,607.60","1,623.20","1,623.40","1,619.68","1,72,51,105","27,94,12,56,455.40","2,63,597","70,88,173",41.09
HDFCBANK,EQ,2023-09-11,"1,623.40","1,628.90","1,636.50","1,624.00","1,633.00","1,631.80","1,631.32","1,57,86,511","25,75,28,84,037.25","2,90,843","1,17,94,625",74.71
HDFCBANK,EQ,2023-09-12,"1,631.80","1,640.00","1,642.90","1,625.05","1,636.00","1,636.90","1,635.47","1,95,16,670","31,91,89,59,857.45","3,10,906","84,20,128",43.14
HDFCBANK,EQ,2023-09-13,"1,636.90","1,631.30","1,651.60","1,628.60","1,641.60","1,643.90","1,643.76","2,32,10,047","38,15,17,41,645.90","3,53,522","1,09,13,856",47.02
HDFCBANK,EQ,2023-09-14,"1,643.90","1,644.25","1,650.00","1,635.10","1,643.00","1,642.90","1,642.38","1,17,69,424","19,32,98,82,409.25","2,69,108","45,94,361",39.04
HDFCBANK,EQ,2023-09-15,"1,642.90","1,650.00","1,670.00","1,650.00","1,657.00","1,661.75","1,660.63","8,67,05,601","1,43,98,61,31,583.85","4,85,971","6,21,76,243",71.71
HDFCBANK,EQ,2023-09-18,"1,661.75","1,653.75","1,655.00","1,626.10","1,629.65","1,629.05","1,636.50","1,85,28,144","30,32,12,24,693.30","2,92,658","76,32,991",41.2
HDFCBANK,EQ,2023-09-20,"1,629.05","1,599.00","1,599.00","1,560.40","1,566.00","1,563.70","1,570.63","5,77,37,324","90,68,40,80,075.60","9,77,717","3,52,68,822",61.08
HDFCBANK,EQ,2023-09-21,"1,563.70","1,553.00","1,568.95","1,537.05","1,554.50","1,553.35","1,555.34","3,64,20,721","56,64,66,57,569.55","6,14,240","2,04,39,570",56.12
HDFCBANK,EQ,2023-09-22,"1,553.35","1,559.00","1,564.40","1,523.75","1,530.20","1,529.65","1,544.59","3,08,52,125","47,65,39,55,740.50","5,48,206","2,04,33,576",66.23
HDFCBANK,EQ,2023-09-25,"1,529.65","1,525.00","1,540.70","1,525.00","1,528.90","1,531.00","1,533.28","2,01,04,377","30,82,57,20,275.30","3,38,863","1,42,95,701",71.11
HDFCBANK,EQ,2023-09-26,"1,531.00","1,525.00","1,540.00","1,525.00","1,538.00","1,537.65","1,535.23","1,37,87,654","21,16,71,97,917.55","3,03,026","79,08,660",57.36
HDFCBANK,EQ,2023-09-27,"1,537.65","1,523.00","1,532.50","1,515.00","1,527.45","1,526.85","1,524.39","1,96,69,269","29,98,35,98,526.15","3,84,553","1,35,95,388",69.12
HDFCBANK,EQ,2023-09-28,"1,526.85","1,534.00","1,537.60","1,518.35","1,518.40","1,523.70","1,526.61","2,76,77,094","42,25,20,70,128.65","3,24,684","1,36,38,761",49.28
HDFCBANK,EQ,2023-09-29,"1,523.70","1,523.70","1,535.45","1,522.30","1,525.85","1,526.30","1,529.20","1,60,26,891","24,50,83,75,856.50","2,74,764","93,39,695",58.28
HDFCBANK,EQ,2023-10-03,"1,526.30","1,527.00","1,527.00","1,506.00","1,508.00","1,508.05","1,511.94","1,94,85,847","29,46,14,59,601.05","4,66,405","1,28,69,902",66.05
HDFCBANK,EQ,2023-10-04,"1,508.05","1,495.00","1,535.00","1,489.25","1,532.00","1,529.55","1,519.36","2,73,24,715","41,51,59,75,722.85","4,65,424","1,55,48,264",56.9
HDFCBANK,EQ,2023-10-05,"1,529.55","1,535.05","1,551.55","1,532.60","1,535.85","1,535.75","1,540.76","2,42,56,337","37,37,31,76,644.20","3,60,029","1,74,51,398",71.95
HDFCBANK,EQ,2023-10-06,"1,535.75","1,544.00","1,545.00","1,529.85","1,535.00","1,534.05","1,539.10","88,79,678","13,66,66,72,813.35","2,21,516","59,38,403",66.88
HDFCBANK,EQ,2023-10-09,"1,534.05","1,528.00","1,530.00","1,512.00","1,516.00","1,516.25","1,517.69","82,27,486","12,48,67,90,439.80","2,19,643","56,37,607",68.52
HDFCBANK,EQ,2023-10-10,"1,516.25","1,520.55","1,529.00","1,515.20","1,526.00","1,524.85","1,523.15","1,66,33,146","25,33,48,54,412.75","3,75,460","1,02,96,948",61.91
HDFCBANK,EQ,2023-10-11,"1,524.85","1,530.10","1,542.15","1,528.50","1,542.00","1,539.60","1,534.92","1,56,66,680","24,04,71,40,129.10","2,82,864","95,31,878",60.84
HDFCBANK,EQ,2023-10-12,"1,539.60","1,536.10","1,552.00","1,531.60","1,548.00","1,549.85","1,541.66","1,10,12,668","16,97,78,44,444.80","2,39,200","70,92,056",64.4
HDFCBANK,EQ,2023-10-13,"1,549.85","1,540.00","1,548.80","1,529.95","1,533.50","1,535.75","1,539.45","1,98,72,650","30,59,28,84,042.20","2,56,367","1,38,87,161",69.88
HDFCBANK,EQ,2023-10-16,"1,535.75","1,531.50","1,534.45","1,520.50","1,532.00","1,529.60","1,529.19","89,28,042","13,65,26,81,917.00","2,23,477","53,32,772",59.73
HDFCBANK,EQ,2023-10-17,"1,529.60","1,555.75","1,555.75","1,535.00","1,542.50","1,541.20","1,542.46","1,64,51,279","25,37,54,68,422.15","3,82,090","99,11,443",60.25
HDFCBANK,EQ,2023-10-18,"1,541.20","1,541.20","1,541.20","1,518.10","1,519.00","1,519.75","1,524.62","1,56,08,100","23,79,63,58,906.90","3,42,915","90,49,826",57.98
HDFCBANK,EQ,2023-10-19,"1,519.75","1,505.40","1,526.25","1,503.20","1,514.50","1,514.95","1,516.62","1,51,26,182","22,94,06,29,736.40","3,31,067","91,83,556",60.71
HDFCBANK,EQ,2023-10-20,"1,514.95","1,505.00","1,527.00","1,505.00","1,523.40","1,522.80","1,519.35","1,05,47,005","16,02,45,69,217.40","2,67,376","69,03,339",65.45
HDFCBANK,EQ,2023-10-23,"1,522.80","1,523.50","1,528.75","1,500.10","1,507.00","1,506.05","1,520.08","1,11,88,068","17,00,67,38,603.70","2,49,005","63,65,030",56.89
HDFCBANK,EQ,2023-10-25,"1,506.05","1,521.00","1,522.80","1,491.45","1,494.20","1,496.50","1,505.86","1,41,55,998","21,31,69,45,153.10","3,72,043","1,00,78,087",71.19
HDFCBANK,EQ,2023-10-26,"1,496.50","1,491.25","1,492.00","1,460.25","1,462.45","1,463.40","1,469.55","2,77,80,899","40,82,54,80,054.70","6,24,140","1,63,71,972",58.93
HDFCBANK,EQ,2023-10-27,"1,463.40","1,469.50","1,478.00","1,466.90","1,472.55","1,469.15","1,470.94","1,59,70,266","23,49,13,78,766.10","2,83,464","1,11,20,498",69.63
HDFCBANK,EQ,2023-10-30,"1,469.15","1,463.25","1,489.95","1,461.90","1,487.85","1,485.10","1,479.49","1,16,55,491","17,24,41,38,134.55","2,69,734","71,57,538",61.41
HDFCBANK,EQ,2023-10-31,"1,485.10","1,504.00","1,504.00","1,474.00","1,475.00","1,476.50","1,482.03","1,63,17,412","24,18,28,40,370.90","4,22,644","73,50,202",45.05
HDFCBANK,EQ,2023-11-01,"1,476.50","1,462.25","1,477.45","1,462.25","1,477.00","1,474.50","1,469.20","1,69,38,733","24,88,64,25,534.80","3,40,052","70,38,967",41.56
HDFCBANK,EQ,2023-11-02,"1,474.50","1,485.00","1,490.50","1,467.15","1,478.70","1,476.75","1,472.27","2,26,12,577","33,29,18,73,290.70","2,60,964","1,57,05,946",69.46
HDFCBANK,EQ,2023-11-03,"1,476.75","1,488.00","1,491.40","1,481.65","1,484.50","1,483.75","1,487.25","90,47,670","13,45,61,52,900.70","2,26,806","59,28,328",65.52
HDFCBANK,EQ,2023-11-06,"1,483.75","1,498.00","1,498.00","1,483.00","1,493.80","1,494.50","1,488.25","1,27,96,865","19,04,49,45,751.70","3,86,836","90,45,785",70.69
HDFCBANK,EQ,2023-11-07,"1,494.50","1,494.00","1,494.00","1,477.20","1,490.00","1,487.25","1,484.48","2,09,76,424","31,13,90,51,244.05","5,85,794","93,47,401",44.56
HDFCBANK,EQ,2023-11-08,"1,487.25","1,483.95","1,493.45","1,481.00","1,491.80","1,491.55","1,489.03","1,56,99,773","23,37,74,06,572.30","4,99,216","60,62,315",38.61
HDFCBANK,EQ,2023-11-09,"1,491.55","1,486.00","1,492.60","1,483.50","1,486.50","1,485.65","1,487.69","1,10,58,370","16,45,14,04,289.60","2,81,527","62,63,802",56.64
HDFCBANK,EQ,2023-11-10,"1,485.65","1,480.10","1,496.00","1,480.05","1,495.00","1,491.50","1,486.67","70,07,593","10,41,79,71,067.75","1,81,055","39,24,576",56.0
HDFCBANK,EQ,2023-11-12,"1,491.50","1,500.00","1,502.00","1,496.15","1,499.00","1,500.00","1,499.50","19,75,463","2,96,22,07,492.65","85,801","7,72,458",39.1
HDFCBANK,EQ,2023-11-13,"1,500.00","1,492.10","1,495.95","1,485.90","1,489.00","1,488.80","1,490.72","1,03,02,957","15,35,88,48,457.45","3,18,892","53,82,293",52.24
HDFCBANK,EQ,2023-11-15,"1,488.80","1,504.10","1,510.95","1,500.55","1,504.80","1,504.40","1,505.70","2,06,22,730","31,05,15,66,881.50","3,31,586","1,12,54,599",54.57
HDFCBANK,EQ,2023-11-16,"1,504.40","1,509.70","1,519.00","1,503.75","1,508.00","1,508.35","1,511.01","1,48,56,919","22,44,90,02,896.90","2,70,257","92,11,530",62.0
HDFCBANK,EQ,2023-11-17,"1,508.35","1,490.00","1,507.50","1,489.00","1,505.00","1,505.10","1,502.48","1,18,50,937","17,80,58,35,559.30","2,98,602","79,24,052",66.86
HDFCBANK,EQ,2023-11-20,"1,505.10","1,513.00","1,513.00","1,501.55","1,505.90","1,505.20","1,505.46","96,65,726","14,55,13,79,677.65","2,00,480","57,02,845",59.0
HDFCBANK,EQ,2023-11-21,"1,505.20","1,519.00","1,522.00","1,512.10","1,518.25","1,517.95","1,517.79","1,24,79,986","18,94,19,39,824.75","2,91,918","75,56,905",60.55
HDFCBANK,EQ,2023-11-22,"1,517.95","1,520.00","1,520.00","1,503.55","1,512.90","1,512.55","1,513.24","1,45,61,825","22,03,55,95,098.85","2,61,084","49,91,663",34.28
HDFCBANK,EQ,2023-11-23,"1,512.55","1,508.50","1,523.85","1,508.50","1,521.70","1,521.30","1,519.21","65,23,110","9,90,99,95,976.95","1,70,796","38,34,686",58.79
HDFCBANK,EQ,2023-11-24,"1,521.30","1,521.20","1,533.15","1,519.85","1,531.40","1,532.10","1,529.01","82,34,596","12,59,07,57,692.80","1,91,494","57,71,108",70.08
HDFCBANK,EQ,2023-11-28,"1,532.10","1,535.20","1,537.25","1,525.80","1,530.95","1,528.65","1,531.88","1,42,44,669","21,82,11,67,498.85","2,54,566","1,03,73,959",72.83
HDFCBANK,EQ,2023-11-29,"1,528.65","1,533.90","1,563.00","1,533.00","1,560.30","1,559.15","1,547.46","1,70,21,244","26,33,97,38,845.55","3,14,977","1,25,73,984",73.87
HDFCBANK,EQ,2023-11-30,"1,559.15","1,569.15","1,572.45","1,542.15","1,556.60","1,558.80","1,555.55","3,47,45,720","54,04,86,90,749.35","3,52,886","2,41,27,159",69.44
HDFCBANK,EQ,2023-12-01,"1,558.80","1,557.90","1,565.75","1,552.10","1,552.35","1,555.40","1,559.16","1,10,76,768","17,27,04,79,586.70","2,99,721","78,16,765",70.57
HDFCBANK,EQ,2023-12-04,"1,555.40","1,588.00","1,612.00","1,573.65","1,609.15","1,609.40","1,592.26","2,53,31,228","40,33,38,20,531.20","4,41,679","1,89,92,621",74.98
HDFCBANK,EQ,2023-12-05,"1,609.40","1,636.50","1,639.00","1,616.50","1,622.00","1,623.70","1,626.07","2,61,15,410","42,46,55,36,275.85","3,97,106","1,51,52,680",58.02
HDFCBANK,EQ,2023-12-06,"1,623.70","1,638.45","1,638.45","1,616.65","1,626.30","1,627.80","1,627.41","1,93,06,530","31,41,95,73,681.05","3,40,998","1,12,06,777",58.05
HDFCBANK,EQ,2023-12-07,"1,627.80","1,625.00","1,634.00","1,616.20","1,630.50","1,630.45","1,628.48","1,02,25,193","16,65,15,13,307.40","2,19,921","69,93,493",68.39
HDFCBANK,EQ,2023-12-08,"1,630.45","1,630.45","1,655.00","1,630.45","1,653.00","1,653.20","1,648.92","1,68,64,019","27,80,74,18,190.95","3,72,167","1,25,03,238",74.14
HDFCBANK,EQ,2023-12-11,"1,653.20","1,650.05","1,663.70","1,647.00","1,650.00","1,651.00","1,653.00","1,15,93,810","19,16,46,09,234.90","3,76,768","80,95,762",69.83
HDFCBANK,EQ,2023-12-12,"1,651.00","1,654.20","1,656.25","1,631.85","1,634.45","1,634.60","1,645.41","1,82,90,738","30,09,58,21,186.80","3,86,854","1,25,47,290",68.6
HDFCBANK,EQ,2023-12-13,"1,634.60","1,632.45","1,636.00","1,615.10","1,633.80","1,630.90","1,628.14","1,46,73,457","23,89,04,10,498.90","3,52,315","79,26,681",54.02
HDFCBANK,EQ,2023-12-14,"1,630.90","1,646.00","1,658.95","1,645.00","1,650.45","1,650.15","1,651.03","1,75,86,183","29,03,53,47,300.80","3,45,239","1,24,01,147",70.52
HDFCBANK,EQ,2023-12-15,"1,650.15","1,650.00","1,668.00","1,646.60","1,656.05","1,656.55","1,655.35","6,94,18,565","1,14,91,20,65,107.80","4,20,832","4,95,73,293",71.41
HDFCBANK,EQ,2023-12-18,"1,656.55","1,660.70","1,664.70","1,650.95","1,652.50","1,655.70","1,657.78","90,07,377","14,93,22,77,614.85","2,58,215","57,29,288",63.61
HDFCBANK,EQ,2023-12-19,"1,655.70","1,650.00","1,658.65","1,644.05","1,650.50","1,652.90","1,651.23","1,20,04,223","19,82,17,02,426.65","2,57,002","68,61,842",57.16
HDFCBANK,EQ,2023-12-20,"1,652.90","1,658.00","1,668.95","1,644.45","1,644.75","1,657.00","1,662.23","1,71,16,260","28,45,12,45,154.05","4,15,287","1,14,01,194",66.61
HDFCBANK,EQ,2023-12-21,"1,657.00","1,657.00","1,689.75","1,650.25","1,685.00","1,686.70","1,672.87","1,82,94,620","30,60,44,91,502.45","3,85,913","1,05,06,095",57.43
HDFCBANK,EQ,2023-12-22,"1,686.70","1,683.60","1,685.90","1,667.10","1,668.70","1,670.85","1,675.74","2,42,89,425","40,70,27,11,527.50","4,50,284","1,71,51,697",70.61
HDFCBANK,EQ,2023-12-26,"1,670.85","1,673.25","1,685.95","1,668.55","1,684.10","1,682.45","1,678.46","90,22,928","15,14,45,82,177.45","2,43,596","50,04,732",55.47
HDFCBANK,EQ,2023-12-27,"1,682.45","1,681.50","1,706.50","1,678.60","1,702.10","1,703.30","1,695.87","1,35,04,539","22,90,18,80,536.75","3,21,373","91,79,567",67.97
HDFCBANK,EQ,2023-12-28,"1,703.30","1,709.30","1,721.40","1,702.00","1,708.85","1,705.25","1,711.26","2,20,38,235","37,71,30,47,859.00","4,23,062","1,50,56,267",68.32
HDFCBANK,EQ,2023-12-29,"1,705.25","1,697.00","1,714.90","1,696.00","1,708.65","1,709.25","1,707.51","1,25,05,713","21,35,36,50,105.25","2,64,143","91,95,603",73.53
HDFCBANK,EQ,2024-01-01,"1,709.25","1,706.00","1,709.15","1,692.00","1,692.90","1,698.10","1,701.52","71,19,843","12,11,45,68,489.30","2,58,349","44,16,670",62.03
HDFCBANK,EQ,2024-01-02,"1,698.10","1,698.80","1,702.80","1,688.70","1,697.50","1,699.10","1,697.43","1,46,21,046","24,81,81,49,211.10","3,34,886","86,90,628",59.44
HDFCBANK,EQ,2024-01-03,"1,699.10","1,702.00","1,704.70","1,668.95","1,674.60","1,672.90","1,681.27","1,41,94,881","23,86,54,12,912.55","4,26,015","86,13,392",60.68
HDFCBANK,EQ,2024-01-04,"1,672.90","1,678.00","1,694.95","1,670.70","1,690.85","1,690.85","1,681.98","1,33,67,028","22,48,31,29,792.50","3,35,934","94,57,028",70.75
HDFCBANK,EQ,2024-01-05,"1,690.85","1,687.15","1,704.90","1,668.10","1,679.00","1,682.20","1,679.44","1,59,44,735","26,77,82,51,761.45","4,26,162","96,17,611",60.32
HDFCBANK,EQ,2024-01-08,"1,682.20","1,678.50","1,682.35","1,660.00","1,662.90","1,663.45","1,671.84","89,99,235","15,04,53,04,192.30","3,68,430","56,43,830",62.71
HDFCBANK,EQ,2024-01-09,"1,663.45","1,667.15","1,677.80","1,646.75","1,650.95","1,650.50","1,660.84","1,26,63,444","21,03,19,58,360.50","2,69,602","65,28,474",51.55
HDFCBANK,EQ,2024-01-10,"1,650.50","1,643.00","1,659.95","1,641.40","1,656.00","1,655.95","1,653.21","80,57,912","13,32,14,22,833.20","1,73,498","53,76,758",66.73
HDFCBANK,EQ,2024-01-11,"1,655.95","1,660.00","1,662.90","1,643.00","1,649.30","1,649.00","1,653.30","91,57,005","15,13,92,71,150.70","2,30,772","67,16,094",73.34
HDFCBANK,EQ,2024-01-12,"1,649.00","1,652.00","1,656.00","1,633.60","1,643.95","1,641.20","1,645.10","98,86,776","16,26,47,60,030.85","2,78,690","59,97,002",60.66
HDFCBANK,EQ,2024-01-15,"1,641.20","1,647.70","1,680.90","1,643.60","1,679.70","1,672.80","1,666.61","1,41,60,178","23,59,95,25,731.75","4,14,759","97,81,433",69.08
HDFCBANK,EQ,2024-01-16,"1,672.80","1,673.00","1,683.65","1,658.10","1,678.00","1,679.15","1,672.44","1,26,61,250","21,17,51,43,184.95","3,47,404","70,75,982",55.89
HDFCBANK,EQ,2024-01-17,"1,679.15","1,570.00","1,596.80","1,528.40","1,542.15","1,537.50","1,565.65","8,50,72,618","1,33,19,36,18,859.55","20,98,772","5,33,80,592",62.75
HDFCBANK,EQ,2024-01-18,"1,537.50","1,494.00","1,515.00","1,480.05","1,490.00","1,486.15","1,495.03","8,05,35,465","1,20,40,26,78,844.55","15,82,497","5,59,33,202",69.45
HDFCBANK,EQ,2024-01-19,"1,486.15","1,505.95","1,510.25","1,468.40","1,474.90","1,470.65","1,483.88","5,48,00,269","81,31,68,62,185.55","12,75,220","4,09,88,837",74.8
HDFCBANK,EQ,2024-01-20,"1,470.65","1,483.20","1,495.70","1,476.00","1,480.65","1,478.85","1,483.92","1,29,20,293","19,17,26,37,247.30","4,03,196","47,71,146",36.93
HDFCBANK,EQ,2024-01-23,"1,478.85","1,465.00","1,474.70","1,425.00","1,430.95","1,427.35","1,442.66","5,77,34,701","83,29,15,08,720.05","14,15,782","3,79,49,562",65.73
HDFCBANK,EQ,2024-01-24,"1,427.35","1,380.25","1,458.45","1,380.25","1,456.30","1,455.90","1,435.74","4,30,02,202","61,74,01,25,439.00","8,17,417","2,74,74,718",63.89
HDFCBANK,EQ,2024-01-25,"1,455.90","1,452.50","1,457.35","1,419.40","1,440.70","1,434.90","1,434.16","4,94,70,926","70,94,91,59,079.50","7,87,699","3,15,35,782",63.75
HDFCBANK,EQ,2024-01-29,"1,434.90","1,448.05","1,462.80","1,445.80","1,456.80","1,454.65","1,454.14","3,28,22,749","47,72,87,90,185.85","6,94,082","2,37,04,142",72.22
HDFCBANK,EQ,2024-01-30,"1,454.65","1,454.55","1,463.20","1,440.90","1,444.70","1,444.30","1,447.91","2,08,64,384","30,20,98,49,168.35","4,51,375","1,12,58,264",53.96
HDFCBANK,EQ,2024-01-31,"1,444.30","1,439.50","1,474.95","1,436.80","1,462.65","1,462.55","1,462.25","3,28,80,520","48,07,95,51,289.50","5,48,526","1,98,99,886",60.52
HDFCBANK,EQ,2024-02-01,"1,462.55","1,465.05","1,473.60","1,456.05","1,466.50","1,466.35","1,465.35","1,63,45,370","23,95,17,31,259.20","3,95,148","1,04,41,607",63.88
HDFCBANK,EQ,2024-02-02,"1,466.35","1,475.00","1,480.85","1,442.05","1,445.90","1,446.15","1,461.81","2,24,33,877","32,79,41,41,061.40","5,47,098","1,18,94,099",53.02
HDFCBANK,EQ,2024-02-05,"1,446.15","1,446.00","1,451.90","1,434.05","1,443.05","1,444.85","1,442.08","1,93,02,523","27,83,57,69,812.35","4,87,034","95,05,231",49.24
HDFCBANK,EQ,2024-02-06,"1,444.85","1,445.55","1,449.70","1,432.60","1,443.55","1,444.10","1,442.11","2,05,37,870","29,61,79,40,997.40","4,10,774","1,23,54,485",60.15
HDFCBANK,EQ,2024-02-07,"1,444.10","1,453.00","1,453.80","1,426.65","1,430.00","1,429.95","1,435.86","2,74,18,543","39,36,90,92,511.05","5,23,984","1,76,64,287",64.42
HDFCBANK,EQ,2024-02-08,"1,429.95","1,429.85","1,438.95","1,400.50","1,407.25","1,403.05","1,415.51","3,45,53,062","48,91,02,44,009.15","7,97,559","2,23,15,085",64.58
HDFCBANK,EQ,2024-02-09,"1,403.05","1,392.15","1,414.20","1,387.00","1,408.00","1,403.60","1,402.42","2,83,21,062","39,71,79,43,985.60","5,12,854","1,89,21,440",66.81
HDFCBANK,EQ,2024-02-12,"1,403.60","1,399.65","1,413.65","1,383.35","1,392.40","1,390.00","1,394.91","1,72,23,906","24,02,57,25,748.70","4,86,804","1,11,02,019",64.46
HDFCBANK,EQ,2024-02-13,"1,390.00","1,391.95","1,404.35","1,384.35","1,391.95","1,394.45","1,394.82","2,87,90,497","40,15,76,78,244.65","4,45,958","1,61,99,067",56.27
HDFCBANK,EQ,2024-02-14,"1,394.45","1,376.00","1,391.50","1,363.55","1,384.95","1,384.05","1,373.20","4,56,60,405","62,70,09,16,687.85","8,83,690","2,49,52,955",54.65
HDFCBANK,EQ,2024-02-15,"1,384.05","1,385.00","1,415.50","1,384.35","1,414.65","1,414.05","1,402.53","2,07,92,472","29,16,21,28,685.10","5,33,782","1,05,60,634",50.79
HDFCBANK,EQ,2024-02-16,"1,414.05","1,423.90","1,427.70","1,408.45","1,417.05","1,419.90","1,417.97","1,60,87,871","22,81,21,94,900.15","4,02,453","88,20,734",54.83
HDFCBANK,EQ,2024-02-19,"1,419.90","1,429.00","1,429.00","1,415.20","1,419.00","1,417.10","1,420.94","1,72,25,878","24,47,68,80,448.95","2,96,087","1,21,72,296",70.66
HDFCBANK,EQ,2024-02-20,"1,417.10","1,415.00","1,457.25","1,411.80","1,453.00","1,454.30","1,443.09","2,80,66,754","40,50,28,22,506.55","5,18,597","1,79,63,922",64.0
HDFCBANK,EQ,2024-02-21,"1,454.30","1,464.00","1,464.00","1,435.00","1,436.00","1,439.15","1,446.29","2,29,46,568","33,18,73,13,941.50","4,93,970","1,47,41,892",64.24
HDFCBANK,EQ,2024-02-22,"1,439.15","1,417.75","1,428.80","1,412.20","1,422.00","1,419.55","1,419.78","2,52,80,441","35,89,27,43,575.45","4,77,326","1,42,39,980",56.33
HDFCBANK,EQ,2024-02-23,"1,419.55","1,422.55","1,433.90","1,418.00","1,419.45","1,420.60","1,425.27","1,49,16,726","21,26,04,19,308.00","3,35,851","96,40,709",64.63
HDFCBANK,EQ,2024-02-26,"1,420.60","1,413.55","1,434.85","1,413.55","1,421.95","1,422.30","1,426.02","1,17,53,435","16,76,05,78,868.05","3,81,979","71,60,171",60.92
HDFCBANK,EQ,2024-02-27,"1,422.30","1,413.55","1,426.70","1,413.05","1,421.90","1,420.15","1,419.95","1,60,43,575","22,78,11,19,940.60","3,84,714","1,02,38,487",63.82
HDFCBANK,EQ,2024-02-28,"1,420.15","1,420.15","1,424.20","1,404.00","1,406.15","1,409.40","1,414.58","1,26,60,993","17,91,00,38,294.10","3,02,672","82,85,620",65.44
HDFCBANK,EQ,2024-02-29,"1,409.40","1,402.10","1,410.40","1,397.30","1,407.80","1,403.40","1,403.21","2,66,47,850","37,39,25,69,225.70","5,67,422","1,69,04,852",63.44
HDFCBANK,EQ,2024-03-01,"1,403.40","1,400.00","1,432.75","1,400.00","1,429.30","1,430.75","1,419.53","1,73,69,449","24,65,65,07,108.45","4,30,030","1,09,39,226",62.98
HDFCBANK,EQ,2024-03-02,"1,430.75","1,434.55","1,436.00","1,428.10","1,430.95","1,430.75","1,431.16","8,95,265","1,28,12,70,465.10","27,274","5,14,675",57.49
HDFCBANK,EQ,2024-03-04,"1,430.75","1,430.95","1,437.00","1,424.30","1,432.00","1,432.70","1,430.81","1,78,08,237","25,48,02,70,998.65","3,20,401","1,35,14,118",75.89
HDFCBANK,EQ,2024-03-05,"1,432.70","1,422.00","1,443.00","1,421.65","1,439.20","1,440.85","1,432.70","1,89,95,836","27,21,52,48,874.45","3,45,780","1,30,54,500",68.72
HDFCBANK,EQ,2024-03-06,"1,440.85","1,433.55","1,452.85","1,433.55","1,442.85","1,442.60","1,444.30","2,12,04,765","30,62,59,70,319.20","4,29,803","1,10,03,451",51.89
HDFCBANK,EQ,2024-03-07,"1,442.60","1,445.50","1,451.05","1,441.40","1,446.00","1,446.10","1,445.23","2,46,74,023","35,65,95,21,740.40","3,01,040","2,08,66,170",84.57
HDFCBANK,EQ,2024-03-11,"1,446.10","1,430.00","1,445.95","1,423.00","1,427.00","1,427.80","1,431.56","2,52,65,547","36,16,91,85,792.10","4,00,746","1,89,64,859",75.06
HDFCBANK,EQ,2024-03-12,"1,427.80","1,434.00","1,464.00","1,429.25","1,460.75","1,459.55","1,455.21","3,27,09,227","47,59,89,03,857.45","5,63,469","1,63,84,302",50.09
HDFCBANK,EQ,2024-03-13,"1,459.55","1,465.50","1,471.60","1,450.10","1,459.70","1,460.40","1,461.57","3,15,33,727","46,08,88,10,985.45","5,55,367","1,78,16,086",56.5
HDFCBANK,EQ,2024-03-14,"1,460.40","1,462.10","1,466.00","1,444.30","1,457.00","1,455.45","1,452.98","2,62,16,079","38,09,14,65,327.10","3,55,538","1,45,05,354",55.33
HDFCBANK,EQ,2024-03-15,"1,455.45","1,450.00","1,459.30","1,442.25","1,454.70","1,452.65","1,452.16","7,18,06,902","1,04,27,52,32,909.40","4,23,259","5,07,94,310",70.74
HDFCBANK,EQ,2024-03-18,"1,452.65","1,447.00","1,456.00","1,435.80","1,445.75","1,446.05","1,447.44","1,07,18,928","15,51,49,93,593.40","2,98,423","56,92,012",53.1
HDFCBANK,EQ,2024-03-19,"1,446.05","1,435.50","1,452.40","1,435.50","1,449.95","1,449.35","1,445.73","1,80,91,797","26,15,58,72,952.15","3,57,501","1,13,20,260",62.57
HDFCBANK,EQ,2024-03-20,"1,449.35","1,449.05","1,451.65","1,424.65","1,432.00","1,431.05","1,435.82","2,18,03,047","31,30,51,42,954.85","3,91,871","1,23,57,309",56.68
HDFCBANK,EQ,2024-03-21,"1,431.05","1,442.60","1,451.25","1,438.30","1,445.40","1,445.75","1,445.43","1,44,61,430","20,90,30,15,204.35","2,61,033","89,47,572",61.87
HDFCBANK,EQ,2024-03-22,"1,445.75","1,441.00","1,450.75","1,437.75","1,442.55","1,442.85","1,443.79","2,29,90,163","33,19,29,80,386.60","4,08,312","1,45,85,298",63.44
HDFCBANK,EQ,2024-03-26,"1,442.85","1,427.20","1,437.95","1,422.15","1,424.90","1,425.40","1,430.24","2,84,22,145","40,65,04,67,046.25","5,19,149","2,05,03,182",72.14
HDFCBANK,EQ,2024-03-27,"1,425.40","1,423.55","1,447.95","1,421.25","1,443.65","1,440.70","1,436.27","3,10,84,334","44,64,54,17,268.50","4,12,302","1,97,82,418",63.64
HDFCBANK,EQ,2024-03-28,"1,440.70","1,440.70","1,460.50","1,440.70","1,447.00","1,447.90","1,451.60","2,77,96,071","40,34,86,58,115.25","3,70,836","1,68,28,698",60.54
HDFCBANK,EQ,2024-04-01,"1,447.90","1,458.00","1,473.80","1,455.60","1,470.00","1,470.50","1,466.67","1,25,99,785","18,47,97,61,763.45","2,66,085","84,31,758",66.92
HDFCBANK,EQ,2024-04-02,"1,470.50","1,465.15","1,494.85","1,463.25","1,479.55","1,480.15","1,483.23","2,06,12,723","30,57,33,59,203.20","3,15,849","1,09,60,586",53.17
HDFCBANK,EQ,2024-04-03,"1,480.15","1,472.10","1,495.65","1,471.40","1,484.50","1,482.30","1,485.06","2,27,92,193","33,84,77,85,699.15","3,81,267","1,36,84,601",60.04
HDFCBANK,EQ,2024-04-04,"1,482.30","1,504.00","1,530.00","1,504.00","1,529.00","1,527.60","1,520.65","4,44,67,533","67,61,97,06,935.10","6,38,189","2,56,19,874",57.61
HDFCBANK,EQ,2024-04-05,"1,527.60","1,539.00","1,554.50","1,530.15","1,550.05","1,549.55","1,545.34","2,95,27,951","45,63,07,07,255.45","4,46,260","2,11,64,256",71.68
HDFCBANK,EQ,2024-04-08,"1,549.55","1,554.95","1,557.25","1,541.55","1,545.00","1,546.60","1,546.80","1,02,41,470","15,84,14,81,181.95","2,82,686","76,70,253",74.89
HDFCBANK,EQ,2024-04-09,"1,546.60","1,554.85","1,554.85","1,540.30","1,544.40","1,548.55","1,547.47","1,09,42,247","16,93,27,84,193.35","2,86,447","68,14,594",62.28
HDFCBANK,EQ,2024-04-10,"1,548.55","1,549.90","1,549.90","1,532.95","1,534.95","1,536.35","1,539.41","1,39,03,700","21,40,35,51,158.35","2,64,951","76,97,580",55.36
HDFCBANK,EQ,2024-04-12,"1,536.35","1,521.00","1,529.85","1,513.45","1,516.25","1,518.95","1,520.13","2,05,42,104","31,22,67,29,837.45","3,53,957","1,28,01,265",62.32
HDFCBANK,EQ,2024-04-15,"1,518.95","1,497.55","1,510.00","1,492.05","1,493.00","1,494.70","1,501.19","1,17,07,624","17,57,53,73,460.40","3,03,733","68,69,481",58.68
HDFCBANK,EQ,2024-04-16,"1,494.70","1,487.00","1,512.90","1,482.25","1,512.00","1,509.25","1,499.45","1,03,72,443","15,55,29,84,303.10","2,54,321","56,76,628",54.73
HDFCBANK,EQ,2024-04-18,"1,509.25","1,509.80","1,518.85","1,491.05","1,496.80","1,494.70","1,503.85","1,71,17,442","25,74,19,97,797.45","4,00,151","90,61,937",52.94
HDFCBANK,EQ,2024-04-19,"1,494.70","1,486.55","1,534.95","1,480.25","1,534.20","1,531.30","1,514.56","1,72,88,217","26,18,40,17,914.35","3,85,294","95,42,891",55.2
HDFCBANK,EQ,2024-04-22,"1,531.30","1,557.40","1,557.40","1,508.30","1,514.35","1,512.20","1,519.66","2,11,49,219","32,13,97,20,597.85","5,31,868","1,19,96,190",56.72
HDFCBANK,EQ,2024-04-23,"1,512.20","1,526.30","1,526.50","1,503.25","1,507.50","1,507.60","1,510.64","1,34,13,530","20,26,29,98,928.70","2,92,429","85,15,775",63.49
HDFCBANK,EQ,2024-04-24,"1,507.60","1,515.00","1,521.75","1,509.05","1,512.90","1,511.70","1,514.50","1,12,20,790","16,99,38,56,319.65","2,70,693","64,29,367",57.3
HDFCBANK,EQ,2024-04-25,"1,511.70","1,506.25","1,519.70","1,506.25","1,513.80","1,510.75","1,512.64","1,77,22,602","26,80,79,94,509.45","4,12,279","97,76,931",55.17
HDFCBANK,EQ,2024-04-26,"1,510.75","1,519.80","1,528.00","1,505.55","1,511.00","1,509.80","1,515.19","1,24,27,347","18,82,97,91,289.85","3,07,546","64,47,334",51.88
HDFCBANK,EQ,2024-04-29,"1,509.80","1,515.00","1,534.45","1,506.55","1,528.55","1,529.50","1,521.15","1,80,46,675","27,45,16,36,250.70","3,46,924","88,62,484",49.11
HDFCBANK,EQ,2024-04-30,"1,529.50","1,529.20","1,539.50","1,514.90","1,515.45","1,520.10","1,528.27","2,61,53,691","39,96,98,10,062.50","3,96,483","1,04,15,468",39.82
HDFCBANK,EQ,2024-05-02,"1,520.10","1,522.00","1,537.00","1,520.35","1,532.90","1,532.25","1,531.60","1,67,37,503","25,63,51,47,567.95","3,67,994","77,61,502",46.37
HDFCBANK,EQ,2024-05-03,"1,532.25","1,533.25","1,540.60","1,507.20","1,515.65","1,519.60","1,521.12","1,59,32,621","24,23,54,95,414.80","3,09,946","73,82,850",46.34
HDFCBANK,EQ,2024-05-06,"1,519.60","1,522.00","1,534.50","1,517.15","1,523.75","1,522.65","1,525.73","1,43,96,698","21,96,54,19,859.10","2,90,222","96,72,086",67.18
HDFCBANK,EQ,2024-05-07,"1,522.65","1,521.95","1,524.05","1,504.15","1,505.10","1,506.15","1,510.70","1,42,40,301","21,51,28,20,634.10","3,44,750","83,56,783",58.68
HDFCBANK,EQ,2024-05-08,"1,506.15","1,495.95","1,496.95","1,480.35","1,483.50","1,482.65","1,486.59","2,08,43,931","30,98,64,22,880.60","4,65,848","1,35,94,981",65.22
HDFCBANK,EQ,2024-05-09,"1,482.65","1,474.95","1,486.75","1,445.30","1,450.80","1,447.50","1,461.55","2,31,40,639","33,82,11,48,758.20","6,69,580","1,78,83,266",77.28
HDFCBANK,EQ,2024-05-10,"1,447.50","1,439.00","1,451.95","1,426.80","1,439.85","1,437.90","1,440.93","1,36,38,304","19,65,18,68,794.15","3,68,755","82,90,712",60.79
HDFCBANK,EQ,2024-05-13,"1,437.90","1,432.00","1,459.80","1,430.30","1,456.50","1,455.25","1,447.14","1,35,23,601","19,57,05,07,197.60","4,63,000","78,20,181",57.83
HDFCBANK,EQ,2024-05-14,"1,455.25","1,452.25","1,465.50","1,450.30","1,461.60","1,460.95","1,459.59","1,28,32,571","18,73,03,07,625.40","3,15,935","83,09,204",64.75
HDFCBANK,EQ,2024-05-15,"1,460.95","1,459.70","1,459.70","1,435.80","1,440.80","1,438.50","1,443.04","1,94,65,998","28,09,02,23,298.30","3,93,567","1,06,40,101",54.66
HDFCBANK,EQ,2024-05-16,"1,438.50","1,446.05","1,462.55","1,435.50","1,459.75","1,460.25","1,449.96","1,74,72,618","25,33,45,16,598.70","3,82,855","88,39,279",50.59
HDFCBANK,EQ,2024-05-17,"1,460.25","1,446.20","1,468.00","1,446.20","1,463.00","1,464.10","1,461.22","1,04,60,095","15,28,45,49,919.50","2,68,477","60,40,042",57.74
HDFCBANK,EQ,2024-05-18,"1,464.10","1,466.00","1,467.10","1,463.05","1,466.35","1,466.05","1,465.57","5,28,557","77,46,36,045.30","15,995","2,76,670",52.34
HDFCBANK,EQ,2024-05-21,"1,466.05","1,450.10","1,469.70","1,450.10","1,457.20","1,458.80","1,460.08","2,18,84,989","31,95,37,90,444.80","4,13,346","1,56,85,407",71.67
HDFCBANK,EQ,2024-05-22,"1,458.80","1,457.85","1,465.60","1,448.15","1,463.75","1,459.20","1,456.24","1,99,98,139","29,12,21,60,427.50","3,94,368","1,15,01,213",57.51
HDFCBANK,EQ,2024-05-23,"1,459.20","1,458.65","1,495.65","1,457.05","1,492.85","1,492.60","1,477.10","2,04,30,960","30,17,85,06,688.95","3,37,200","1,15,92,193",56.74
HDFCBANK,EQ,2024-05-24,"1,492.60","1,487.50","1,519.90","1,486.00","1,516.50","1,517.20","1,507.33","1,55,30,103","23,40,89,82,967.80","3,25,557","89,25,912",57.47
HDFCBANK,EQ,2024-05-27,"1,517.20","1,523.35","1,545.00","1,519.05","1,528.00","1,527.70","1,533.69","1,46,92,720","22,53,40,43,945.55","3,60,983","85,78,854",58.39
HDFCBANK,EQ,2024-05-28,"1,527.70","1,530.10","1,536.05","1,524.80","1,528.60","1,530.50","1,531.14","1,39,54,452","21,36,62,45,980.65","2,87,323","82,58,977",59.19
HDFCBANK,EQ,2024-05-29,"1,530.50","1,518.00","1,523.85","1,501.25","1,506.00","1,508.30","1,510.22","1,75,73,853","26,54,04,04,866.50","3,24,703","1,02,69,574",58.44
HDFCBANK,EQ,2024-05-30,"1,508.30","1,499.20","1,523.60","1,497.65","1,518.30","1,514.85","1,513.96","1,68,77,675","25,55,22,06,595.80","4,09,393","1,01,63,087",60.22
HDFCBANK,EQ,2024-05-31,"1,514.85","1,519.00","1,536.00","1,514.00","1,525.95","1,531.55","1,528.77","3,70,39,794","56,62,52,43,621.65","4,74,591","2,45,61,027",66.31
HDFCBANK,EQ,2024-06-03,"1,531.55","1,599.00","1,599.00","1,550.00","1,573.00","1,572.20","1,567.87","3,63,18,628","56,94,29,88,275.80","5,84,235","2,09,67,682",57.73
HDFCBANK,EQ,2024-06-04,"1,572.20","1,557.00","1,559.00","1,454.00","1,489.75","1,483.15","1,504.91","4,47,65,620","67,36,84,18,218.55","7,86,620","1,53,39,068",34.27
HDFCBANK,EQ,2024-06-05,"1,483.15","1,494.05","1,559.60","1,482.35","1,545.85","1,551.80","1,523.83","4,08,15,825","62,19,63,52,485.40","6,50,501","1,72,26,690",42.21
HDFCBANK,EQ,2024-06-06,"1,551.80","1,564.90","1,565.45","1,546.60","1,559.50","1,559.70","1,557.00","2,32,11,435","36,14,02,49,317.55","5,99,204","1,25,28,131",53.97
HDFCBANK,EQ,2024-06-07,"1,559.70","1,561.05","1,584.35","1,552.05","1,575.00","1,573.35","1,572.47","1,83,56,108","28,86,44,83,389.90","4,16,517","85,58,942",46.63
HDFCBANK,EQ,2024-06-10,"1,573.35","1,574.00","1,580.65","1,557.60","1,559.55","1,561.30","1,566.93","1,12,27,029","17,59,19,12,808.65","3,14,062","75,35,938",67.12
HDFCBANK,EQ,2024-06-11,"1,561.30","1,556.00","1,571.00","1,552.20","1,563.05","1,564.80","1,564.24","1,47,72,663","23,10,79,28,769.20","4,58,802","83,60,761",56.6
HDFCBANK,EQ,2024-06-12,"1,564.80","1,575.00","1,588.30","1,566.40","1,569.00","1,574.15","1,576.98","1,96,40,218","30,97,22,87,118.05","3,41,079","95,69,983",48.73
HDFCBANK,EQ,2024-06-13,"1,574.15","1,581.75","1,585.70","1,574.00","1,581.20","1,580.75","1,581.85","1,20,60,096","19,07,72,28,502.15","2,81,276","78,52,775",65.11
HDFCBANK,EQ,2024-06-14,"1,580.75","1,584.00","1,599.00","1,577.70","1,595.60","1,596.90","1,592.12","1,27,70,277","20,33,18,73,861.15","3,20,179","78,75,479",61.67
HDFCBANK,EQ,2024-06-18,"1,596.90","1,596.90","1,610.50","1,589.45","1,608.00","1,607.80","1,604.04","1,62,07,857","25,99,80,73,833.50","3,53,540","92,80,334",57.26
HDFCBANK,EQ,2024-06-19,"1,607.80","1,613.40","1,669.90","1,604.00","1,657.00","1,657.85","1,644.44","4,50,65,598","74,10,75,87,437.40","7,09,705","2,48,50,893",55.14
HDFCBANK,EQ,2024-06-20,"1,657.85","1,669.80","1,681.45","1,652.00","1,667.25","1,669.35","1,667.89","2,07,04,371","34,53,26,04,621.85","4,65,827","1,29,30,152",62.45
HDFCBANK,EQ,2024-06-21,"1,669.35","1,672.85","1,672.85","1,643.15","1,661.65","1,665.75","1,658.68","2,58,15,388","42,81,94,37,838.90","4,08,577","1,35,92,741",52.65
HDFCBANK,EQ,2024-06-24,"1,665.75","1,647.00","1,675.10","1,645.75","1,671.00","1,672.40","1,664.93","1,42,72,497","23,76,26,44,259.60","3,87,580","80,66,775",56.52
HDFCBANK,EQ,2024-06-25,"1,672.40","1,671.10","1,716.95","1,671.10","1,707.00","1,711.35","1,705.04","3,72,60,774","63,53,11,28,010.50","6,90,683","1,92,31,430",51.61
HDFCBANK,EQ,2024-06-26,"1,711.35","1,707.95","1,710.90","1,691.10","1,693.50","1,701.50","1,703.01","2,37,98,333","40,52,88,70,562.05","4,24,591","1,50,83,364",63.38
HDFCBANK,EQ,2024-06-27,"1,701.50","1,696.10","1,713.00","1,686.60","1,696.45","1,696.15","1,697.92","2,75,37,325","46,75,61,42,645.90","5,86,504","1,46,20,093",53.09
HDFCBANK,EQ,2024-06-28,"1,696.15","1,697.60","1,706.60","1,679.00","1,685.00","1,683.80","1,692.59","1,32,38,023","22,40,65,74,604.55","3,12,550","77,02,121",58.18
HDFCBANK,EQ,2024-07-01,"1,683.80","1,680.00","1,707.30","1,680.00","1,704.20","1,705.20","1,699.74","1,05,93,512","18,00,61,89,828.25","3,55,235","62,50,644",59.0
HDFCBANK,EQ,2024-07-02,"1,705.20","1,715.00","1,734.90","1,702.75","1,728.00","1,730.60","1,722.46","2,29,60,845","39,54,91,18,301.05","4,86,972","1,02,99,873",44.86
HDFCBANK,EQ,2024-07-03,"1,730.60","1,791.00","1,794.00","1,764.65","1,767.70","1,768.65","1,776.87","6,16,08,901","1,09,47,08,77,766.90","8,46,404","3,86,98,242",62.81
HDFCBANK,EQ,2024-07-04,"1,768.65","1,759.75","1,759.75","1,724.85","1,728.00","1,727.15","1,735.22","2,29,24,329","39,77,87,17,290.50","4,05,416","1,54,88,873",67.57
HDFCBANK,EQ,2024-07-05,"1,727.15","1,685.00","1,685.00","1,642.20","1,649.40","1,648.10","1,656.79","4,11,21,274","68,12,92,39,005.75","11,17,072","2,66,57,099",64.83
HDFCBANK,EQ,2024-07-08,"1,648.10","1,645.30","1,654.95","1,627.15","1,636.35","1,635.35","1,640.07","1,95,43,900","32,05,33,06,234.35","3,24,769","1,42,97,454",73.16
HDFCBANK,EQ,2024-07-09,"1,635.35","1,625.00","1,646.70","1,620.35","1,638.80","1,636.50","1,638.53","2,42,75,439","39,77,60,84,749.70","4,42,487","1,67,11,437",68.84
HDFCBANK,EQ,2024-07-10,"1,636.50","1,629.95","1,640.00","1,620.75","1,628.70","1,626.10","1,627.60","2,27,53,591","37,03,37,58,498.90","4,05,034","1,49,77,914",65.83
HDFCBANK,EQ,2024-07-11,"1,626.10","1,623.95","1,625.85","1,601.00","1,623.00","1,621.90","1,612.69","2,20,88,537","35,62,18,65,220.10","4,83,343","1,47,12,286",66.61
HDFCBANK,EQ,2024-07-12,"1,621.90","1,622.00","1,638.40","1,611.15","1,627.55","1,622.70","1,624.06","2,80,24,980","45,51,42,20,345.85","3,32,780","1,66,63,973",59.46
HDFCBANK,EQ,2024-07-15,"1,622.70","1,623.50","1,629.80","1,615.20","1,623.00","1,622.10","1,622.00","1,66,87,847","27,06,76,66,840.40","2,17,738","95,95,558",57.5
HDFCBANK,EQ,2024-07-16,"1,622.10","1,620.75","1,627.00","1,616.80","1,621.00","1,619.75","1,621.84","1,44,75,162","23,47,63,41,772.45","2,69,979","85,09,090",58.78
HDFCBANK,EQ,2024-07-18,"1,619.75","1,608.00","1,623.95","1,599.15","1,615.00","1,614.80","1,613.29","1,68,58,532","27,19,76,55,556.65","3,32,318","94,44,621",56.02
HDFCBANK,EQ,2024-07-19,"1,614.80","1,616.00","1,623.00","1,603.50","1,605.00","1,607.30","1,609.91","1,30,01,076","20,93,05,35,372.85","2,76,983","81,18,699",62.45
HDFCBANK,EQ,2024-07-22,"1,607.30","1,617.00","1,651.00","1,612.65","1,642.00","1,642.55","1,637.66","2,68,72,411","44,00,79,04,357.70","5,48,620","1,65,99,256",61.77
HDFCBANK,EQ,2024-07-23,"1,642.55","1,647.55","1,647.80","1,605.00","1,616.60","1,618.40","1,623.96","2,60,01,076","42,22,47,80,773.65","4,49,509","1,02,15,610",39.29
HDFCBANK,EQ,2024-07-24,"1,618.40","1,608.15","1,621.00","1,588.05","1,608.35","1,604.05","1,604.13","3,08,64,103","49,50,99,47,077.30","4,32,932","1,54,18,875",49.96
HDFCBANK,EQ,2024-07-25,"1,604.05","1,593.00","1,625.00","1,593.00","1,616.75","1,616.60","1,613.59","1,27,67,866","20,60,20,46,896.30","2,79,974","68,58,515",53.72
HDFCBANK,EQ,2024-07-26,"1,616.60","1,605.00","1,621.75","1,596.45","1,616.30","1,618.15","1,609.37","2,19,05,270","35,25,36,30,971.05","3,55,180","1,38,65,974",63.3
HDFCBANK,EQ,2024-07-29,"1,618.15","1,615.00","1,631.85","1,598.30","1,605.00","1,605.05","1,611.97","2,55,00,574","41,10,61,52,746.35","4,72,326","1,24,91,496",48.99
HDFCBANK,EQ,2024-07-30,"1,605.05","1,602.00","1,634.75","1,599.00","1,614.20","1,615.55","1,615.74","2,72,97,917","44,10,64,24,811.40","4,55,812","1,08,36,941",39.7
HDFCBANK,EQ,2024-07-31,"1,615.55","1,614.00","1,627.90","1,609.20","1,617.95","1,615.75","1,617.31","1,89,10,242","30,58,38,06,061.70","3,34,519","99,52,915",52.63
HDFCBANK,EQ,2024-08-01,"1,615.75","1,622.90","1,650.05","1,617.95","1,647.65","1,638.80","1,632.59","1,31,07,587","21,39,93,47,523.90","2,87,915","86,08,562",65.68
HDFCBANK,EQ,2024-08-02,"1,638.80","1,631.00","1,670.50","1,631.00","1,658.05","1,659.15","1,658.62","2,20,59,619","36,58,86,23,126.10","4,57,935","1,23,83,195",56.14
HDFCBANK,EQ,2024-08-05,"1,659.15","1,640.10","1,646.00","1,601.00","1,616.05","1,615.75","1,622.77","2,06,66,817","33,53,74,31,288.70","4,64,696","1,21,12,310",58.61
HDFCBANK,EQ,2024-08-06,"1,615.75","1,630.00","1,632.95","1,593.30","1,602.70","1,601.20","1,608.02","2,25,58,025","36,27,38,37,922.85","3,88,854","1,45,45,393",64.48
HDFCBANK,EQ,2024-08-07,"1,601.20","1,617.00","1,630.00","1,602.20","1,628.50","1,623.50","1,617.23","2,11,73,132","34,24,18,47,264.50","3,37,720","1,20,68,956",57.0
HDFCBANK,EQ,2024-08-08,"1,623.50","1,624.00","1,653.30","1,619.25","1,640.20","1,642.70","1,638.73","1,69,88,475","27,83,95,62,575.60","3,27,468","94,72,859",55.76
HDFCBANK,EQ,2024-08-09,"1,642.70","1,652.00","1,662.55","1,645.80","1,650.00","1,650.20","1,655.58","1,33,22,309","22,05,61,57,155.50","2,91,916","92,26,887",69.26
HDFCBANK,EQ,2024-08-12,"1,650.20","1,652.00","1,675.95","1,647.35","1,660.00","1,660.10","1,664.63","1,96,58,098","32,72,35,06,965.00","3,63,538","1,26,28,587",64.24
HDFCBANK,EQ,2024-08-13,"1,660.10","1,628.00","1,632.40","1,601.15","1,605.90","1,603.20","1,613.32","2,70,27,521","43,60,41,63,966.10","6,01,558","1,51,22,063",55.95
HDFCBANK,EQ,2024-08-14,"1,603.20","1,606.50","1,613.70","1,603.20","1,607.80","1,607.80","1,607.97","1,61,67,214","25,99,64,12,110.40","2,59,067","84,19,023",52.07
HDFCBANK,EQ,2024-08-16,"1,607.80","1,628.50","1,634.15","1,611.00","1,631.50","1,632.10","1,624.71","1,39,24,623","22,62,34,79,529.55","3,02,506","76,29,703",54.79
HDFCBANK,EQ,2024-08-19,"1,632.10","1,637.65","1,637.65","1,623.70","1,632.75","1,631.55","1,628.46","97,51,082","15,87,92,78,800.80","1,66,314","53,71,807",55.09
HDFCBANK,EQ,2024-08-20,"1,631.55","1,627.45","1,646.00","1,627.45","1,634.00","1,637.70","1,639.14","1,55,67,247","25,51,69,52,644.85","2,40,802","71,59,684",45.99
HDFCBANK,EQ,2024-08-21,"1,637.70","1,628.10","1,634.55","1,617.80","1,628.00","1,625.80","1,624.85","2,38,15,452","38,69,65,27,016.25","3,23,415","1,46,02,427",61.31
HDFCBANK,EQ,2024-08-22,"1,625.80","1,632.00","1,638.30","1,628.00","1,628.95","1,631.30","1,632.58","1,06,50,319","17,38,75,21,802.75","2,72,441","69,04,642",64.83
HDFCBANK,EQ,2024-08-23,"1,631.30","1,634.00","1,634.00","1,623.00","1,625.20","1,625.05","1,627.63","1,01,66,711","16,54,76,68,751.15","2,12,238","72,12,100",70.94
HDFCBANK,EQ,2024-08-26,"1,625.05","1,632.20","1,647.95","1,632.20","1,640.00","1,639.95","1,642.31","1,11,82,133","18,36,44,86,559.55","2,75,112","78,46,052",70.17
HDFCBANK,EQ,2024-08-27,"1,639.95","1,643.40","1,647.40","1,632.20","1,634.45","1,637.75","1,639.59","1,78,86,622","29,32,67,92,469.00","2,92,507","1,10,20,707",61.61
HDFCBANK,EQ,2024-08-28,"1,637.75","1,637.75","1,639.75","1,630.20","1,635.95","1,637.10","1,636.29","1,34,60,594","22,02,53,91,586.45","2,75,424","85,41,633",63.46
HDFCBANK,EQ,2024-08-29,"1,637.10","1,642.00","1,644.40","1,631.15","1,639.95","1,638.55","1,637.56","2,45,26,302","40,16,32,06,501.15","4,32,962","1,87,60,652",76.49
HDFCBANK,EQ,2024-08-30,"1,638.55","1,656.00","1,662.00","1,621.15","1,625.75","1,636.90","1,638.34","22,26,71,050","3,64,81,13,05,104.20","5,64,643","15,43,80,134",69.33
HDFCBANK,EQ,2024-09-02,"1,636.90","1,646.80","1,646.80","1,623.20","1,626.00","1,626.95","1,631.94","1,70,24,840","27,78,34,83,803.95","3,75,245","1,20,18,518",70.59
HDFCBANK,EQ,2024-09-03,"1,626.95","1,634.00","1,639.95","1,624.60","1,638.00","1,637.35","1,632.11","1,86,41,430","30,42,48,19,912.05","2,92,439","1,25,51,277",67.33
HDFCBANK,EQ,2024-09-04,"1,637.35","1,639.00","1,644.80","1,632.00","1,641.05","1,641.80","1,639.54","1,23,41,372","20,23,42,15,559.05","2,94,496","62,68,023",50.79
HDFCBANK,EQ,2024-09-05,"1,641.80","1,646.00","1,649.90","1,642.00","1,644.40","1,645.45","1,645.43","1,14,38,159","18,82,07,12,001.80","2,45,493","86,88,322",75.96
HDFCBANK,EQ,2024-09-06,"1,645.45","1,638.30","1,647.75","1,634.10","1,638.15","1,636.95","1,639.77","1,30,14,801","21,34,13,04,566.10","2,96,891","85,62,105",65.79
HDFCBANK,EQ,2024-09-09,"1,636.95","1,638.00","1,648.50","1,630.10","1,644.85","1,646.50","1,640.85","1,18,96,457","19,52,02,44,474.05","2,58,547","78,16,428",65.7
HDFCBANK,EQ,2024-09-10,"1,646.50","1,654.00","1,654.00","1,638.00","1,650.80","1,650.35","1,648.20","1,33,03,323","21,92,65,34,318.85","3,06,124","69,78,769",52.46
HDFCBANK,EQ,2024-09-11,"1,650.35","1,650.40","1,652.50","1,639.20","1,650.00","1,643.90","1,645.85","1,11,13,342","18,29,09,01,279.50","2,48,100","45,60,477",41.04
HDFCBANK,EQ,2024-09-12,"1,643.90","1,654.00","1,670.00","1,647.05","1,661.45","1,666.60","1,659.83","1,62,12,023","26,90,91,82,591.25","2,66,121","92,74,830",57.21
HDFCBANK,EQ,2024-09-13,"1,666.60","1,674.00","1,674.00","1,657.05","1,664.80","1,665.95","1,663.66","1,19,30,266","19,84,79,46,539.35","2,75,521","70,79,723",59.34
HDFCBANK,EQ,2024-09-16,"1,665.95","1,667.00","1,677.80","1,664.05","1,670.00","1,670.95","1,670.83","75,86,410","12,67,56,30,406.45","2,14,575","52,58,278",69.31
HDFCBANK,EQ,2024-09-17,"1,670.95","1,678.00","1,678.00","1,664.15","1,668.30","1,668.80","1,668.90","1,00,63,561","16,79,50,97,219.15","2,73,207","56,93,003",56.57
HDFCBANK,EQ,2024-09-18,"1,668.80","1,671.85","1,698.90","1,671.10","1,692.95","1,694.80","1,691.30","2,04,58,671","34,60,16,83,780.25","4,47,311","1,22,37,216",59.81
HDFCBANK,EQ,2024-09-19,"1,694.80","1,699.20","1,719.00","1,699.15","1,707.70","1,708.50","1,710.95","1,53,25,888","26,22,17,70,150.40","3,47,649","97,14,192",63.38
HDFCBANK,EQ,2024-09-20,"1,708.50","1,716.50","1,744.95","1,707.55","1,737.20","1,741.20","1,734.60","3,03,11,693","52,57,86,27,456.00","5,19,608","1,74,65,531",57.62
HDFCBANK,EQ,2024-09-23,"1,741.20","1,749.00","1,766.35","1,740.25","1,757.00","1,759.80","1,756.93","1,34,82,675","23,68,80,96,929.70","4,49,232","87,94,661",65.23
HDFCBANK,EQ,2024-09-24,"1,759.80","1,765.00","1,781.65","1,754.25","1,766.70","1,768.05","1,768.80","1,65,19,518","29,21,97,57,725.30","4,04,809","94,25,560",57.06
HDFCBANK,EQ,2024-09-25,"1,768.05","1,760.15","1,788.00","1,760.15","1,779.85","1,779.10","1,778.97","1,59,82,656","28,43,25,92,068.70","4,98,237","98,63,354",61.71
HDFCBANK,EQ,2024-09-26,"1,779.10","1,773.05","1,788.00","1,768.05","1,778.00","1,783.45","1,778.51","1,59,49,822","28,36,69,59,862.95","3,43,553","1,09,85,707",68.88
HDFCBANK,EQ,2024-09-27,"1,783.45","1,777.00","1,778.20","1,750.00","1,753.00","1,752.65","1,759.73","1,78,06,751","31,33,50,62,628.80","3,39,917","1,30,02,178",73.02
HDFCBANK,EQ,2024-09-30,"1,752.65","1,748.80","1,751.45","1,724.40","1,732.00","1,732.05","1,734.57","1,31,91,767","22,88,20,63,615.10","3,43,613","95,41,132",72.33
HDFCBANK,EQ,2024-10-01,"1,732.05","1,724.00","1,742.00","1,720.10","1,728.30","1,726.20","1,725.83","1,22,86,142","21,20,38,53,820.45","2,37,679","69,53,201",56.59
HDFCBANK,EQ,2024-10-03,"1,726.20","1,715.65","1,726.15","1,673.35","1,681.00","1,682.00","1,694.79","2,42,36,699","41,07,62,20,098.05","5,20,129","1,76,10,464",72.66
HDFCBANK,EQ,2024-10-04,"1,682.00","1,674.50","1,690.65","1,653.00","1,661.25","1,657.65","1,673.77","2,43,41,616","40,74,21,81,439.25","4,19,392","1,36,73,903",56.18
HDFCBANK,EQ,2024-10-07,"1,657.65","1,652.20","1,659.00","1,613.00","1,623.05","1,617.80","1,631.55","4,72,29,148","77,05,68,14,750.10","5,35,347","2,80,14,374",59.32
HDFCBANK,EQ,2024-10-08,"1,617.80","1,630.00","1,656.80","1,622.00","1,651.25","1,651.05","1,645.56","1,48,67,203","24,46,49,06,859.05","3,57,296","95,03,807",63.92
HDFCBANK,EQ,2024-10-09,"1,651.05","1,649.50","1,656.75","1,628.70","1,638.00","1,633.15","1,640.12","2,05,62,821","33,72,55,05,661.60","4,42,682","95,64,097",46.51
HDFCBANK,EQ,2024-10-10,"1,633.15","1,639.00","1,665.45","1,632.50","1,661.00","1,662.40","1,649.38","1,08,77,383","17,94,09,24,970.40","2,44,906","51,65,604",47.49
HDFCBANK,EQ,2024-10-11,"1,662.40","1,664.45","1,664.45","1,643.25","1,651.50","1,651.00","1,651.51","1,18,36,297","19,54,77,19,278.00","1,86,378","85,29,644",72.06
HDFCBANK,EQ,2024-10-14,"1,651.00","1,656.05","1,692.05","1,654.00","1,689.00","1,688.10","1,682.72","92,63,754","15,58,82,85,093.55","2,61,742","61,20,592",66.07
HDFCBANK,EQ,2024-10-15,"1,688.10","1,694.00","1,698.00","1,675.50","1,686.00","1,684.10","1,684.09","98,25,565","16,54,70,93,800.10","1,95,771","59,37,555",60.43
HDFCBANK,EQ,2024-10-16,"1,684.10","1,680.10","1,707.95","1,680.10","1,700.45","1,699.80","1,698.75","1,02,35,341","17,38,73,34,812.90","2,44,836","62,62,690",61.19
HDFCBANK,EQ,2024-10-17,"1,699.80","1,694.95","1,697.65","1,665.20","1,672.70","1,673.15","1,676.22","73,47,866","12,31,66,27,212.90","1,99,044","47,17,214",64.2
HDFCBANK,EQ,2024-10-18,"1,673.15","1,663.10","1,691.00","1,654.10","1,684.80","1,681.85","1,674.90","1,24,04,862","20,77,68,48,848.90","2,32,916","82,55,525",66.55
HDFCBANK,EQ,2024-10-21,"1,681.85","1,715.00","1,748.15","1,711.05","1,725.00","1,728.70","1,732.82","2,32,74,177","40,33,00,32,735.80","5,74,448","1,27,67,823",54.86
HDFCBANK,EQ,2024-10-22,"1,728.70","1,730.05","1,740.00","1,710.70","1,714.80","1,714.55","1,721.78","1,94,37,640","33,46,73,38,354.45","4,11,821","1,03,90,546",53.46
HDFCBANK,EQ,2024-10-23,"1,714.55","1,705.05","1,746.50","1,705.05","1,736.20","1,735.80","1,736.32","1,90,18,045","33,02,15,03,108.55","3,86,048","1,23,09,362",64.72
HDFCBANK,EQ,2024-10-24,"1,735.80","1,738.10","1,768.65","1,738.10","1,750.50","1,749.65","1,755.99","1,54,16,129","27,07,05,10,755.60","3,42,755","1,05,27,020",68.29
HDFCBANK,EQ,2024-10-25,"1,749.65","1,755.00","1,757.85","1,728.70","1,745.80","1,743.40","1,740.64","1,30,65,239","22,74,18,61,620.40","3,37,950","78,65,650",60.2
HDFCBANK,EQ,2024-10-28,"1,743.40","1,742.00","1,751.00","1,728.90","1,737.00","1,734.20","1,738.17","1,10,06,071","19,13,04,22,535.50","3,34,425","69,98,364",63.59
HDFCBANK,EQ,2024-10-29,"1,734.20","1,726.15","1,764.00","1,725.10","1,749.75","1,751.85","1,744.14","1,78,97,463","31,21,57,11,397.75","3,81,375","1,06,58,618",59.55
HDFCBANK,EQ,2024-10-30,"1,751.85","1,742.00","1,754.75","1,724.20","1,737.00","1,734.60","1,736.38","1,63,57,862","28,40,34,32,611.95","3,50,916","98,06,297",59.95
HDFCBANK,EQ,2024-10-31,"1,734.60","1,728.00","1,738.90","1,719.40","1,734.30","1,735.70","1,731.49","1,14,47,956","19,82,20,46,508.90","2,77,300","81,52,758",71.22
HDFCBANK,EQ,2024-11-01,"1,735.70","1,733.00","1,744.10","1,726.10","1,737.00","1,737.30","1,738.79","8,79,846","1,52,98,70,165.60","69,860","3,11,374",35.39
HDFCBANK,EQ,2024-11-04,"1,737.30","1,745.00","1,745.00","1,710.90","1,716.80","1,714.10","1,723.47","1,40,44,624","24,20,55,13,156.95","3,42,162","96,28,154",68.55
HDFCBANK,EQ,2024-11-05,"1,714.10","1,703.00","1,762.70","1,697.90","1,753.50","1,757.85","1,736.40","2,21,16,203","38,40,25,43,188.05","3,62,395","1,25,08,130",56.56
HDFCBANK,EQ,2024-11-06,"1,757.85","1,771.50","1,771.50","1,745.35","1,756.00","1,755.25","1,753.58","1,38,93,955","24,36,42,01,740.05","2,49,677","81,70,849",58.81
HDFCBANK,EQ,2024-11-07,"1,755.25","1,744.30","1,760.95","1,738.00","1,743.50","1,746.55","1,746.60","94,47,728","16,50,13,84,112.80","3,15,964","56,81,231",60.13
HDFCBANK,EQ,2024-11-08,"1,746.55","1,752.00","1,761.80","1,745.85","1,751.90","1,754.45","1,754.62","99,51,493","17,46,10,70,459.45","2,53,333","66,88,588",67.21
HDFCBANK,EQ,2024-11-11,"1,754.45","1,754.55","1,782.80","1,751.20","1,763.90","1,766.30","1,768.85","1,22,82,681","21,72,62,35,735.65","3,66,875","74,56,943",60.71
HDFCBANK,EQ,2024-11-12,"1,766.30","1,772.00","1,775.00","1,708.65","1,719.00","1,718.20","1,731.71","1,56,97,703","27,18,38,31,491.15","4,10,691","74,10,508",47.21
HDFCBANK,EQ,2024-11-13,"1,718.20","1,716.75","1,729.40","1,673.00","1,688.15","1,681.35","1,699.70","1,78,64,250","30,36,39,47,641.30","3,84,592","98,78,595",55.3
HDFCBANK,EQ,2024-11-14,"1,681.35","1,673.10","1,704.85","1,672.10","1,692.40","1,692.75","1,692.96","1,35,73,235","22,97,89,07,908.45","3,31,159","73,07,878",53.84
HDFCBANK,EQ,2024-11-18,"1,692.75","1,700.00","1,718.90","1,695.00","1,708.30","1,705.10","1,707.94","1,35,40,984","23,12,71,23,855.10","2,91,631","95,62,272",70.62
HDFCBANK,EQ,2024-11-19,"1,705.10","1,714.00","1,753.75","1,702.70","1,736.00","1,742.25","1,739.10","2,54,90,636","44,33,08,62,947.85","4,58,303","1,90,18,449",74.61
HDFCBANK,EQ,2024-11-21,"1,742.25","1,749.40","1,759.00","1,734.20","1,739.95","1,741.20","1,743.63","1,78,58,256","31,13,81,62,734.40","3,68,837","1,19,02,796",66.65
HDFCBANK,EQ,2024-11-22,"1,741.20","1,743.55","1,754.30","1,729.55","1,742.10","1,745.60","1,743.57","1,23,86,806","21,59,72,23,792.50","2,60,956","81,37,880",65.7
HDFCBANK,EQ,2024-11-25,"1,745.60","1,785.05","1,803.55","1,764.90","1,778.95","1,785.60","1,784.46","21,38,68,637","3,81,63,91,43,690.10","6,00,228","17,42,12,666",81.46
HDFCBANK,EQ,2024-11-26,"1,785.60","1,810.00","1,810.00","1,769.80","1,786.40","1,785.55","1,784.75","1,54,67,783","27,60,60,61,237.40","2,61,322","90,10,084",58.25
HDFCBANK,EQ,2024-11-27,"1,785.55","1,789.90","1,817.35","1,785.15","1,809.50","1,812.30","1,801.57","1,63,57,488","29,46,92,24,217.60","3,30,771","87,40,131",53.43
HDFCBANK,EQ,2024-11-28,"1,812.30","1,819.00","1,836.10","1,788.00","1,793.00","1,793.15","1,808.45","1,78,61,196","32,30,11,09,888.90","3,79,898","1,00,98,151",56.54
HDFCBANK,EQ,2024-11-29,"1,793.15","1,801.30","1,804.60","1,782.90","1,795.50","1,796.05","1,793.91","1,38,34,768","24,81,83,89,358.55","3,77,555","91,43,382",66.09
HDFCBANK,EQ,2024-12-02,"1,796.05","1,803.50","1,808.15","1,775.00","1,805.95","1,804.70","1,791.81","75,55,438","13,53,79,40,498.05","2,19,254","49,45,801",65.46
HDFCBANK,EQ,2024-12-03,"1,804.70","1,822.70","1,837.40","1,816.10","1,825.30","1,826.30","1,827.25","2,17,05,121","39,66,07,23,545.25","3,04,635","1,58,04,923",72.82
HDFCBANK,EQ,2024-12-04,"1,826.30","1,838.00","1,865.00","1,831.15","1,856.80","1,860.10","1,854.85","2,23,34,542","41,42,72,49,107.90","4,36,235","1,57,76,554",70.64
HDFCBANK,EQ,2024-12-05,"1,860.10","1,860.00","1,879.95","1,835.20","1,864.85","1,865.75","1,862.43","1,98,41,357","36,95,30,40,114.30","4,36,462","1,17,28,370",59.11
HDFCBANK,EQ,2024-12-06,"1,865.75","1,857.00","1,864.20","1,844.00","1,855.45","1,855.85","1,856.73","88,91,578","16,50,93,03,748.10","3,06,905","55,45,799",62.37
HDFCBANK,EQ,2024-12-09,"1,855.85","1,853.65","1,880.00","1,849.00","1,867.55","1,870.00","1,871.09","1,34,73,956","25,21,10,39,597.45","2,34,236","1,01,15,077",75.07
HDFCBANK,EQ,2024-12-10,"1,870.00","1,877.70","1,877.70","1,858.55","1,867.65","1,868.10","1,867.30","66,62,740","12,44,13,43,169.15","2,31,195","40,95,005",61.46
HDFCBANK,EQ,2024-12-11,"1,868.10","1,861.70","1,871.90","1,856.75","1,862.50","1,863.10","1,864.00","70,22,713","13,09,03,28,471.35","2,33,801","40,31,962",57.41
HDFCBANK,EQ,2024-12-12,"1,863.10","1,851.00","1,868.65","1,848.70","1,858.00","1,859.25","1,858.38","86,46,895","16,06,92,41,440.60","2,01,479","46,30,670",53.55
HDFCBANK,EQ,2024-12-13,"1,859.25","1,862.50","1,875.00","1,829.25","1,873.30","1,871.75","1,858.29","95,04,501","17,66,20,74,120.80","2,18,405","49,85,509",52.45
HDFCBANK,EQ,2024-12-16,"1,871.75","1,865.10","1,869.95","1,855.25","1,862.00","1,865.20","1,863.37","65,53,541","12,21,17,02,096.00","1,77,602","37,29,437",56.91
HDFCBANK,EQ,2024-12-17,"1,865.20","1,856.35","1,862.35","1,826.50","1,829.90","1,833.25","1,840.34","1,05,39,766","19,39,67,85,094.90","2,73,231","59,30,094",56.26
HDFCBANK,EQ,2024-12-18,"1,833.25","1,829.85","1,836.00","1,807.15","1,812.00","1,810.70","1,817.52","1,17,11,156","21,28,52,73,596.85","2,35,785","79,99,429",68.31
HDFCBANK,EQ,2024-12-19,"1,810.70","1,799.60","1,801.10","1,779.00","1,794.00","1,793.50","1,791.37","1,26,90,385","22,73,31,48,296.10","2,26,833","86,48,980",68.15
HDFCBANK,EQ,2024-12-20,"1,793.50","1,782.20","1,797.55","1,767.05","1,777.10","1,771.50","1,778.49","1,28,46,174","22,84,68,37,948.65","2,48,859","77,00,019",59.94
HDFCBANK,EQ,2024-12-23,"1,771.50","1,782.00","1,806.00","1,781.30","1,802.00","1,801.00","1,798.41","55,22,296","9,93,13,39,240.15","1,96,041","29,93,179",54.2
HDFCBANK,EQ,2024-12-24,"1,801.00","1,802.05","1,808.70","1,789.55","1,799.65","1,798.10","1,798.76","72,42,917","13,02,82,70,259.60","1,86,401","32,68,593",45.13
HDFCBANK,EQ,2024-12-26,"1,798.10","1,798.55","1,812.00","1,780.75","1,792.50","1,790.75","1,793.76","52,40,839","9,40,08,10,018.35","2,06,346","27,16,334",51.83
HDFCBANK,EQ,2024-12-27,"1,790.75","1,794.80","1,805.95","1,789.10","1,801.00","1,798.25","1,796.11","36,29,665","6,51,92,60,348.40","1,18,374","19,01,649",52.39
HDFCBANK,EQ,2024-12-30,"1,798.25","1,792.20","1,815.00","1,771.00","1,784.00","1,777.90","1,785.20","1,11,11,109","19,83,56,03,545.90","2,42,576","61,85,214",55.67
HDFCBANK,EQ,2024-12-31,"1,777.90","1,770.30","1,781.80","1,765.60","1,772.00","1,772.85","1,773.08","70,58,618","12,51,54,66,451.75","1,78,863","42,99,418",60.91
HDFCBANK,EQ,2025-01-01,"1,772.85","1,773.45","1,794.00","1,761.10","1,784.95","1,782.75","1,781.22","36,56,903","6,51,37,66,065.70","1,37,050","16,46,509",45.02
HDFCBANK,EQ,2025-01-02,"1,782.75","1,777.10","1,803.45","1,773.00","1,792.35","1,793.75","1,792.00","92,79,288","16,62,84,52,536.95","2,07,825","58,04,214",62.55
HDFCBANK,EQ,2025-01-03,"1,793.75","1,791.00","1,795.25","1,746.30","1,748.40","1,749.20","1,758.60","1,22,13,097","21,47,79,58,569.15","3,31,392","74,52,366",61.02
HDFCBANK,EQ,2025-01-06,"1,749.20","1,740.10","1,757.20","1,705.80","1,711.00","1,710.50","1,725.21","94,08,174","16,23,10,88,938.60","2,86,152","56,39,127",59.94
HDFCBANK,EQ,2025-01-07,"1,710.50","1,715.00","1,721.00","1,700.00","1,712.95","1,713.40","1,712.76","67,63,953","11,58,50,14,112.50","1,83,035","43,79,489",64.75
HDFCBANK,EQ,2025-01-08,"1,713.40","1,708.25","1,711.65","1,683.35","1,694.20","1,694.30","1,694.07","98,69,095","16,71,89,30,725.70","3,33,259","73,59,145",74.57
HDFCBANK,EQ,2025-01-09,"1,694.30","1,684.15","1,689.00","1,658.10","1,668.80","1,667.80","1,668.10","2,02,10,111","33,71,25,59,507.35","4,84,900","1,59,02,698",78.69
HDFCBANK,EQ,2025-01-10,"1,667.80","1,671.00","1,674.90","1,654.00","1,657.00","1,656.75","1,664.65","87,26,640","14,52,68,37,756.80","2,15,325","60,98,530",69.88
HDFCBANK,EQ,2025-01-13,"1,656.75","1,640.00","1,646.75","1,624.30","1,632.10","1,630.85","1,634.50","1,08,34,533","17,70,90,48,137.70","2,75,849","73,59,117",67.92
HDFCBANK,EQ,2025-01-14,"1,630.85","1,639.90","1,656.20","1,637.00","1,650.75","1,646.60","1,646.85","1,33,30,716","21,95,36,39,202.10","3,15,905","93,62,523",70.23
HDFCBANK,EQ,2025-01-15,"1,646.60","1,656.50","1,662.70","1,636.30","1,645.70","1,643.05","1,648.56","70,11,446","11,55,88,19,066.05","2,07,907","45,47,576",64.86
HDFCBANK,EQ,2025-01-16,"1,643.05","1,652.85","1,660.55","1,642.85","1,654.85","1,652.05","1,650.92","1,06,06,227","17,51,00,25,478.45","2,15,124","67,79,516",63.92
HDFCBANK,EQ,2025-01-17,"1,652.05","1,643.50","1,650.50","1,628.50","1,636.70","1,636.75","1,636.01","1,15,56,038","18,90,57,38,551.00","2,14,237","83,58,047",72.33
HDFCBANK,EQ,2025-01-20,"1,636.75","1,626.00","1,660.95","1,626.00","1,652.85","1,651.25","1,646.81","87,78,809","14,45,70,09,775.10","2,26,533","59,64,056",67.94
HDFCBANK,EQ,2025-01-21,"1,651.25","1,658.25","1,661.05","1,633.05","1,645.75","1,642.40","1,645.24","1,55,79,072","25,63,13,80,761.95","2,70,722","72,11,191",46.29
HDFCBANK,EQ,2025-01-22,"1,642.40","1,642.40","1,671.90","1,625.45","1,671.90","1,666.05","1,653.85","1,53,09,653","25,31,98,45,164.80","3,67,130","76,97,124",50.28
HDFCBANK,EQ,2025-01-23,"1,666.05","1,687.00","1,687.00","1,651.25","1,665.00","1,664.90","1,665.84","1,74,54,579","29,07,65,66,202.70","4,45,411","1,18,72,698",68.02
HDFCBANK,EQ,2025-01-24,"1,664.90","1,660.00","1,670.30","1,644.50","1,645.00","1,649.80","1,658.68","1,21,18,100","20,10,00,37,678.05","2,71,994","90,52,586",74.7
HDFCBANK,EQ,2025-01-27,"1,649.80","1,641.10","1,643.60","1,626.00","1,629.50","1,629.80","1,632.37","1,14,02,083","18,61,24,39,467.95","2,77,125","85,46,424",74.95
HDFCBANK,EQ,2025-01-28,"1,629.80","1,647.00","1,684.30","1,647.00","1,673.30","1,670.40","1,670.57","1,50,89,656","25,20,82,71,808.85","3,50,835","85,76,705",56.84
HDFCBANK,EQ,2025-01-29,"1,670.40","1,675.00","1,681.15","1,668.85","1,676.00","1,677.30","1,675.45","63,09,945","10,57,19,94,646.45","1,96,187","43,46,810",68.89
HDFCBANK,EQ,2025-01-30,"1,677.30","1,681.00","1,697.90","1,672.55","1,693.10","1,691.50","1,685.73","1,28,72,423","21,69,94,04,205.05","2,63,161","72,27,795",56.15
HDFCBANK,EQ,2025-01-31,"1,691.50","1,687.25","1,704.70","1,683.95","1,699.50","1,698.75","1,696.52","79,10,843","13,42,08,73,179.40","2,15,938","55,43,535",70.08
HDFCBANK,EQ,2025-02-01,"1,698.75","1,697.50","1,713.00","1,676.05","1,692.00","1,690.95","1,694.22","27,93,764","4,73,32,38,897.95","88,839","10,39,250",37.2
HDFCBANK,EQ,2025-02-03,"1,690.95","1,670.00","1,686.80","1,663.45","1,679.60","1,678.00","1,679.49","1,01,38,270","17,02,70,93,333.70","2,30,780","78,93,988",77.86
HDFCBANK,EQ,2025-02-04,"1,678.00","1,688.70","1,725.80","1,680.05","1,716.30","1,720.90","1,710.93","1,43,08,251","24,48,03,95,914.25","3,42,091","1,03,00,349",71.99
HDFCBANK,EQ,2025-02-05,"1,720.90","1,733.00","1,744.20","1,718.90","1,734.80","1,737.80","1,733.84","1,18,37,753","20,52,47,85,237.35","2,75,185","94,25,082",79.62
HDFCBANK,EQ,2025-02-06,"1,737.80","1,735.50","1,749.00","1,724.00","1,746.50","1,743.85","1,735.75","1,33,80,358","23,22,50,08,521.55","2,25,108","86,94,892",64.98
HDFCBANK,EQ,2025-02-07,"1,743.85","1,750.00","1,767.00","1,725.00","1,732.00","1,732.75","1,744.99","1,17,54,800","20,51,20,07,682.55","3,26,327","79,64,834",67.76
HDFCBANK,EQ,2025-02-10,"1,732.75","1,717.30","1,723.45","1,708.50","1,716.60","1,715.75","1,715.57","85,97,975","14,75,03,90,095.15","1,75,150","63,64,813",74.03
HDFCBANK,EQ,2025-02-11,"1,715.75","1,703.00","1,711.00","1,688.70","1,700.95","1,701.40","1,700.06","1,13,62,352","19,31,66,30,388.15","1,82,730","78,06,510",68.71
HDFCBANK,EQ,2025-02-12,"1,701.40","1,693.00","1,712.00","1,681.20","1,710.65","1,706.80","1,696.59","1,14,04,785","19,34,92,71,431.55","2,86,053","81,33,575",71.32
HDFCBANK,EQ,2025-02-13,"1,706.80","1,699.00","1,714.25","1,693.55","1,698.95","1,697.70","1,702.88","63,01,217","10,73,02,16,799.15","2,00,278","35,80,241",56.82
HDFCBANK,EQ,2025-02-14,"1,697.70","1,701.90","1,701.90","1,680.00","1,694.40","1,694.85","1,690.46","99,79,946","16,87,06,60,139.45","3,09,031","78,05,589",78.21
HDFCBANK,EQ,2025-02-17,"1,694.85","1,685.20","1,720.00","1,681.25","1,719.00","1,717.35","1,702.14","64,69,473","11,01,19,75,039.00","2,62,946","42,02,038",64.95
HDFCBANK,EQ,2025-02-18,"1,717.35","1,713.05","1,731.55","1,706.15","1,723.00","1,723.05","1,721.09","81,75,455","14,07,06,71,116.40","3,22,226","58,95,356",72.11
HDFCBANK,EQ,2025-02-19,"1,723.05","1,717.00","1,737.90","1,712.45","1,725.05","1,727.20","1,727.42","59,42,056","10,26,44,54,339.75","3,00,603","40,27,432",67.78
HDFCBANK,EQ,2025-02-20,"1,727.20","1,711.00","1,714.70","1,685.30","1,685.95","1,687.10","1,695.04","1,31,95,255","22,36,64,35,828.30","2,46,655","93,94,627",71.2
HDFCBANK,EQ,2025-02-21,"1,687.10","1,680.90","1,694.95","1,677.25","1,690.00","1,692.50","1,686.23","78,40,470","13,22,08,29,593.15","2,92,907","52,81,578",67.36
HDFCBANK,EQ,2025-02-24,"1,692.50","1,681.10","1,684.20","1,661.10","1,677.00","1,677.10","1,672.34","1,03,46,823","17,30,34,02,535.10","2,45,559","77,39,708",74.8
HDFCBANK,EQ,2025-02-25,"1,677.10","1,671.10","1,688.00","1,671.10","1,680.85","1,682.35","1,681.80","1,20,69,354","20,29,82,55,600.95","2,22,521","71,40,142",59.16
HDFCBANK,EQ,2025-02-27,"1,682.35","1,682.55","1,710.75","1,682.55","1,698.25","1,700.70","1,701.04","1,78,93,400","30,43,73,23,745.00","3,33,728","1,32,47,979",74.04
HDFCBANK,EQ,2025-02-28,"1,700.70","1,685.00","1,737.25","1,685.00","1,730.15","1,732.40","1,721.14","2,72,58,364","46,91,55,54,649.05","4,39,035","1,95,48,687",71.72
HDFCBANK,EQ,2025-03-03,"1,732.40","1,739.80","1,743.05","1,694.10","1,703.55","1,701.55","1,709.27","1,06,02,682","18,12,28,15,702.35","2,98,350","71,74,359",67.67
HDFCBANK,EQ,2025-03-04,"1,701.55","1,698.00","1,714.30","1,693.25","1,711.30","1,710.00","1,706.30","99,60,479","16,99,55,92,810.65","3,23,741","72,76,857",73.06
HDFCBANK,EQ,2025-03-05,"1,710.00","1,701.95","1,710.80","1,688.25","1,692.10","1,690.00","1,695.97","1,07,91,936","18,30,27,95,483.00","3,61,183","77,58,409",71.89
HDFCBANK,EQ,2025-03-06,"1,690.00","1,687.00","1,699.90","1,672.25","1,692.40","1,691.20","1,686.14","1,64,83,044","27,79,26,85,275.85","3,99,697","1,00,38,498",60.9
HDFCBANK,EQ,2025-03-07,"1,691.20","1,682.00","1,701.15","1,677.60","1,688.00","1,689.25","1,690.66","66,86,457","11,30,45,55,576.90","1,91,461","43,33,273",64.81
HDFCBANK,EQ,2025-03-10,"1,689.25","1,689.00","1,699.90","1,683.05","1,688.70","1,687.50","1,689.67","78,02,025","13,18,28,46,005.05","2,84,969","57,64,864",73.89
HDFCBANK,EQ,2025-03-11,"1,687.50","1,682.40","1,694.00","1,670.05","1,687.90","1,685.50","1,685.65","99,49,215","16,77,09,18,814.65","2,72,484","70,71,075",71.07
HDFCBANK,EQ,2025-03-12,"1,685.50","1,691.55","1,718.50","1,691.55","1,711.80","1,711.15","1,710.44","93,92,053","16,06,45,64,334.10","2,77,146","67,80,880",72.2
HDFCBANK,EQ,2025-03-13,"1,711.15","1,716.05","1,720.80","1,700.05","1,705.00","1,706.60","1,711.11","78,68,132","13,46,32,15,400.70","1,85,351","52,38,428",66.58
HDFCBANK,EQ,2025-03-17,"1,706.60","1,705.00","1,724.00","1,705.00","1,710.50","1,710.40","1,711.13","94,75,957","16,21,46,35,449.55","3,65,060","71,11,163",75.04
HDFCBANK,EQ,2025-03-18,"1,710.40","1,728.00","1,737.40","1,715.05","1,735.60","1,732.20","1,729.28","1,09,53,589","18,94,17,85,563.70","2,48,631","68,34,573",62.4
HDFCBANK,EQ,2025-03-19,"1,732.20","1,735.00","1,751.00","1,732.20","1,743.95","1,744.10","1,743.72","76,10,703","13,27,09,34,759.25","2,01,878","58,11,993",76.37
HDFCBANK,EQ,2025-03-20,"1,744.10","1,754.00","1,774.00","1,749.30","1,766.60","1,768.75","1,760.62","89,16,989","15,69,93,98,473.15","2,18,030","59,04,489",66.22
HDFCBANK,EQ,2025-03-21,"1,768.75","1,755.55","1,774.10","1,755.55","1,772.50","1,770.35","1,766.98","1,67,54,132","29,60,41,96,148.95","2,10,244","1,28,49,014",76.69
HDFCBANK,EQ,2025-03-24,"1,770.35","1,779.00","1,804.40","1,773.65","1,802.80","1,800.00","1,794.28","86,96,868","15,60,46,55,158.80","2,86,856","57,67,323",66.31
HDFCBANK,EQ,2025-03-25,"1,800.00","1,804.90","1,843.70","1,801.50","1,816.00","1,821.45","1,825.84","1,95,50,708","35,69,65,16,139.20","4,07,401","1,19,74,103",61.25
HDFCBANK,EQ,2025-03-26,"1,821.45","1,825.00","1,827.50","1,802.00","1,803.00","1,806.55","1,814.11","1,22,39,221","22,20,33,11,052.10","2,65,431","87,82,277",71.76
HDFCBANK,EQ,2025-03-27,"1,806.55","1,800.00","1,841.00","1,798.10","1,821.20","1,825.35","1,827.55","2,08,29,050","38,06,61,30,418.30","4,16,415","1,48,16,314",71.13
HDFCBANK,EQ,2025-03-28,"1,825.35","1,829.00","1,836.00","1,805.85","1,825.50","1,828.20","1,821.88","1,43,86,824","26,21,10,31,845.90","2,76,619","1,03,30,293",71.8
HDFCBANK,EQ,2025-04-01,"1,828.20","1,802.00","1,809.90","1,765.35","1,769.90","1,767.85","1,781.74","1,42,55,503","25,39,96,32,617.35","4,09,481","93,01,658",65.25
HDFCBANK,EQ,2025-04-02,"1,767.85","1,770.70","1,799.20","1,770.70","1,798.90","1,796.90","1,791.24","57,86,782","10,36,55,35,361.90","1,44,509","37,78,623",65.3
HDFCBANK,EQ,2025-04-03,"1,796.90","1,781.10","1,804.00","1,777.00","1,792.80","1,794.85","1,794.09","56,25,019","10,09,18,17,304.10","1,47,618","37,22,325",66.17
HDFCBANK,EQ,2025-04-04,"1,794.85","1,813.00","1,841.95","1,811.10","1,816.80","1,817.30","1,824.22","1,67,70,227","30,59,26,39,918.20","3,16,416","1,15,18,395",68.68
HDFCBANK,EQ,2025-04-07,"1,817.30","1,762.80","1,779.85","1,738.20","1,760.05","1,757.70","1,759.15","1,89,97,725","33,41,98,75,202.00","3,74,557","1,22,50,901",64.49
HDFCBANK,EQ,2025-04-08,"1,757.70","1,765.00","1,782.00","1,750.30","1,770.15","1,769.15","1,769.16","1,77,81,936","31,45,90,03,790.15","3,55,184","1,02,50,737",57.65
HDFCBANK,EQ,2025-04-09,"1,769.15","1,765.00","1,775.00","1,753.50","1,765.30","1,765.00","1,761.66","1,12,27,304","19,77,87,28,957.55","2,07,950","76,75,538",68.36
HDFCBANK,EQ,2025-04-11,"1,765.00","1,774.75","1,819.40","1,774.75","1,805.20","1,806.75","1,803.31","1,63,87,883","29,55,24,99,474.85","3,95,826","1,13,67,066",69.36
HDFCBANK,EQ,2025-04-15,"1,806.75","1,865.00","1,876.80","1,855.00","1,865.60","1,864.90","1,866.76","2,46,49,172","46,01,41,08,976.00","3,60,194","1,79,86,230",72.97
HDFCBANK,EQ,2025-04-16,"1,864.90","1,883.80","1,883.80","1,860.50","1,875.90","1,878.00","1,874.15","95,68,410","17,93,26,65,363.90","2,52,887","60,23,703",62.95
HDFCBANK,EQ,2025-04-17,"1,878.00","1,882.00","1,919.70","1,876.70","1,905.80","1,906.70","1,901.41","1,78,51,542","33,94,31,68,763.20","3,94,807","1,13,00,117",63.3
HDFCBANK,EQ,2025-04-21,"1,906.70","1,924.00","1,950.70","1,910.00","1,925.20","1,927.10","1,930.83","1,71,23,649","33,06,28,32,499.30","4,11,337","1,16,00,626",67.75
HDFCBANK,EQ,2025-04-22,"1,927.10","1,935.00","1,970.60","1,935.00","1,960.00","1,961.70","1,957.16","2,29,80,875","44,97,72,15,852.40","5,12,026","1,65,13,580",71.86
HDFCBANK,EQ,2025-04-23,"1,961.70","1,978.90","1,978.90","1,920.50","1,920.70","1,923.90","1,939.04","1,52,85,321","29,63,89,23,676.10","2,47,823","1,11,59,514",73.01
HDFCBANK,EQ,2025-04-24,"1,923.90","1,910.00","1,923.90","1,905.10","1,914.90","1,916.80","1,916.73","1,29,65,877","24,85,20,91,752.80","2,27,034","76,62,734",59.1
HDFCBANK,EQ,2025-04-25,"1,916.80","1,924.80","1,933.00","1,891.80","1,908.00","1,911.20","1,911.37","92,50,439","17,68,10,17,343.80","2,01,781","59,99,133",64.85
HDFCBANK,EQ,2025-04-28,"1,911.20","1,911.20","1,929.70","1,908.40","1,921.00","1,920.20","1,922.17","69,60,246","13,37,87,45,824.70","1,55,527","48,59,663",69.82
HDFCBANK,EQ,2025-04-29,"1,920.20","1,918.80","1,928.80","1,900.20","1,906.00","1,908.80","1,909.52","94,59,154","18,06,24,38,512.30","1,86,299","60,19,766",63.64
HDFCBANK,EQ,2025-04-30,"1,908.80","1,913.00","1,936.90","1,910.30","1,920.10","1,925.00","1,925.02","1,59,68,435","30,73,94,92,241.20","2,75,126","1,13,78,694",71.26
HDFCBANK,EQ,2025-05-02,"1,925.00","1,929.80","1,941.90","1,920.00","1,923.50","1,925.00","1,930.63","1,14,06,024","22,02,08,20,771.50","2,36,285","86,47,253",75.81
HDFCBANK,EQ,2025-05-05,"1,925.00","1,939.00","1,952.00","1,932.30","1,935.80","1,936.80","1,940.79","75,34,012","14,62,19,40,034.00","1,60,044","47,72,438",63.35
HDFCBANK,EQ,2025-05-06,"1,936.80","1,930.00","1,940.10","1,924.30","1,928.60","1,931.70","1,931.89","87,45,078","16,89,44,88,689.10","1,40,830","63,77,477",72.93
HDFCBANK,EQ,2025-05-07,"1,931.70","1,934.00","1,948.70","1,922.40","1,945.00","1,945.60","1,939.91","1,07,10,389","20,77,71,45,511.00","1,78,998","78,16,814",72.98
HDFCBANK,EQ,2025-05-08,"1,945.60","1,954.80","1,954.80","1,919.10","1,921.50","1,928.50","1,933.80","1,74,01,715","33,65,14,32,174.30","2,80,256","1,19,92,864",68.92
HDFCBANK,EQ,2025-05-09,"1,928.50","1,910.10","1,919.00","1,886.80","1,893.30","1,889.70","1,894.97","85,94,398","16,28,61,44,558.60","2,92,155","64,18,433",74.68
HDFCBANK,EQ,2025-05-12,"1,889.70","1,917.60","1,959.90","1,912.30","1,956.40","1,957.20","1,948.86","93,09,486","18,14,28,65,391.20","2,07,249","64,84,427",69.65
HDFCBANK,EQ,2025-05-13,"1,957.20","1,950.00","1,961.70","1,920.00","1,924.90","1,922.60","1,930.60","1,21,21,051","23,40,09,36,924.40","2,34,495","81,11,085",66.92
HDFCBANK,EQ,2025-05-14,"1,922.60","1,922.10","1,930.20","1,903.00","1,913.50","1,910.60","1,914.76","77,22,654","14,78,70,00,374.50","1,89,542","53,24,638",68.95
HDFCBANK,EQ,2025-05-15,"1,910.60","1,913.50","1,944.80","1,897.00","1,933.80","1,933.80","1,923.01","1,61,20,729","31,00,03,29,957.90","2,24,596","88,75,200",55.05
HDFCBANK,EQ,2025-05-16,"1,933.80","1,933.80","1,943.80","1,928.40","1,934.50","1,934.70","1,933.50","79,34,005","15,34,04,26,257.00","1,75,140","58,21,408",73.37
HDFCBANK,EQ,2025-05-19,"1,934.70","1,937.00","1,945.00","1,931.00","1,937.10","1,938.70","1,938.13","51,01,482","9,88,73,38,159.20","1,56,815","32,40,362",63.52
HDFCBANK,EQ,2025-05-20,"1,938.70","1,928.10","1,934.60","1,913.00","1,917.10","1,914.90","1,918.55","1,19,39,545","22,90,66,55,882.10","1,76,524","82,68,352",69.25
HDFCBANK,EQ,2025-05-21,"1,914.90","1,927.00","1,946.90","1,921.10","1,925.20","1,926.80","1,930.42","75,66,020","14,60,55,82,585.70","2,05,548","44,81,751",59.24
HDFCBANK,EQ,2025-05-22,"1,926.80","1,915.20","1,924.20","1,905.20","1,924.00","1,919.90","1,914.84","1,06,53,335","20,39,94,11,133.40","2,55,429","69,93,511",65.65
HDFCBANK,EQ,2025-05-23,"1,919.90","1,920.10","1,937.00","1,914.50","1,933.50","1,933.60","1,929.98","47,83,036","9,23,11,50,800.40","1,16,301","33,24,907",69.51
HDFCBANK,EQ,2025-05-26,"1,933.60","1,935.00","1,949.90","1,926.90","1,940.30","1,940.20","1,939.47","54,01,430","10,47,59,11,940.90","2,01,842","33,86,064",62.69
HDFCBANK,EQ,2025-05-27,"1,940.20","1,931.60","1,948.00","1,916.30","1,926.80","1,926.30","1,927.12","1,30,81,074","25,20,87,51,300.70","2,02,672","75,60,818",57.8
HDFCBANK,EQ,2025-05-28,"1,926.30","1,920.20","1,934.50","1,917.70","1,928.40","1,923.50","1,922.92","90,78,797","17,45,78,06,722.10","1,79,687","66,53,105",73.28
HDFCBANK,EQ,2025-05-29,"1,923.50","1,928.00","1,940.80","1,907.30","1,937.60","1,927.50","1,921.28","1,44,58,897","27,77,95,60,938.60","2,15,462","80,83,688",55.91
HDFCBANK,EQ,2025-05-30,"1,927.50","1,931.90","1,948.80","1,925.40","1,941.50","1,944.90","1,939.36","1,43,74,039","27,87,63,95,261.10","1,52,055","1,06,80,728",74.31
HDFCBANK,EQ,2025-06-02,"1,944.90","1,930.10","1,936.00","1,908.00","1,931.00","1,932.10","1,924.65","73,34,411","14,11,61,52,681.30","2,02,297","48,06,505",65.53
HDFCBANK,EQ,2025-06-03,"1,932.10","1,938.00","1,952.00","1,920.00","1,923.50","1,924.60","1,933.85","1,21,88,792","23,57,13,32,796.70","2,02,204","88,84,330",72.89
HDFCBANK,EQ,2025-06-04,"1,924.60","1,921.00","1,943.30","1,920.90","1,939.50","1,941.20","1,935.52","64,80,771","12,54,36,93,178.60","2,05,372","46,48,807",71.73
HDFCBANK,EQ,2025-06-05,"1,941.20","1,948.00","1,958.90","1,940.20","1,952.00","1,949.60","1,950.15","1,11,27,709","21,70,06,98,216.20","2,16,860","62,48,672",56.15
HDFCBANK,EQ,2025-06-06,"1,949.60","1,944.00","1,996.30","1,942.70","1,978.00","1,978.70","1,976.03","1,50,63,504","29,76,59,91,590.30","3,54,572","92,08,623",61.13
HDFCBANK,EQ,2025-06-09,"1,978.70","1,995.00","1,995.00","1,975.90","1,980.10","1,978.90","1,982.15","66,01,294","13,08,47,80,209.80","2,03,285","43,10,858",65.3
HDFCBANK,EQ,2025-06-10,"1,978.90","1,982.80","1,982.80","1,961.10","1,962.80","1,965.30","1,967.94","77,66,563","15,28,41,54,944.50","2,81,306","54,33,094",69.95
HDFCBANK,EQ,2025-06-11,"1,965.30","1,967.60","1,967.60","1,947.00","1,947.90","1,950.40","1,956.28","55,48,197","10,85,38,32,767.00","1,81,762","43,81,595",78.97
HDFCBANK,EQ,2025-06-12,"1,950.40","1,950.00","1,961.00","1,935.30","1,940.00","1,943.40","1,945.18","81,74,565","15,90,10,14,848.90","1,79,174","47,09,228",57.61
HDFCBANK,EQ,2025-06-13,"1,943.40","1,920.00","1,933.00","1,913.00","1,919.50","1,917.60","1,920.08","60,58,881","11,63,35,22,704.60","1,87,789","41,57,664",68.62
HDFCBANK,EQ,2025-06-16,"1,917.60","1,924.00","1,938.90","1,920.10","1,936.90","1,935.40","1,933.31","82,56,873","15,96,31,22,374.70","1,99,177","67,55,556",81.82
HDFCBANK,EQ,2025-06-17,"1,935.40","1,937.00","1,941.60","1,919.10","1,926.00","1,929.60","1,927.55","84,89,368","16,36,36,91,276.80","2,19,738","58,36,894",68.76
HDFCBANK,EQ,2025-06-18,"1,929.60","1,917.00","1,936.30","1,917.00","1,932.50","1,933.90","1,928.12","92,16,908","17,77,13,02,525.40","2,51,910","73,13,289",79.35
HDFCBANK,EQ,2025-06-19,"1,933.90","1,933.90","1,946.80","1,925.60","1,933.10","1,935.30","1,937.61","84,38,110","16,34,97,32,658.70","2,02,215","50,83,169",60.24
HDFCBANK,EQ,2025-06-20,"1,935.30","1,931.60","1,969.90","1,931.60","1,963.10","1,964.70","1,960.39","1,64,50,204","32,24,88,39,586.40","2,61,970","1,32,34,979",80.45
HDFCBANK,EQ,2025-06-23,"1,964.70","1,948.40","1,957.90","1,941.80","1,948.10","1,948.40","1,948.19","58,69,759","11,43,53,95,881.10","1,76,324","41,36,205",70.47
HDFCBANK,EQ,2025-06-24,"1,948.40","1,965.00","1,979.00","1,955.60","1,963.70","1,960.90","1,964.12","1,13,12,661","22,21,94,42,191.50","2,31,814","55,90,603",49.42
HDFCBANK,EQ,2025-06-25,"1,960.90","1,966.00","1,982.00","1,963.90","1,980.00","1,980.20","1,977.13","92,02,966","18,19,54,46,515.70","2,06,190","68,56,865",74.51
HDFCBANK,EQ,2025-06-26,"1,980.20","1,981.40","2,027.10","1,980.00","2,017.70","2,021.80","2,011.21","2,50,42,415","50,36,56,56,414.50","3,43,662","1,70,82,370",68.21
HDFCBANK,EQ,2025-06-27,"2,021.80","2,013.00","2,019.80","1,993.40","2,011.50","2,014.90","2,011.75","1,41,06,692","28,37,90,71,385.70","2,26,961","1,17,90,269",83.58
HDFCBANK,EQ,2025-06-30,"2,014.90","2,011.50","2,013.80","1,995.50","2,000.00","2,001.50","2,001.16","68,24,510","13,65,69,39,181.00","1,99,780","50,25,817",73.64
HDFCBANK,EQ,2025-07-01,"2,001.50","2,005.00","2,016.00","2,004.00","2,011.10","2,012.10","2,010.15","71,94,693","14,46,24,21,818.60","1,69,976","48,95,516",68.04
HDFCBANK,EQ,2025-07-02,"2,012.10","2,019.90","2,019.90","1,977.90","1,985.50","1,986.00","1,990.25","94,39,125","18,78,62,19,250.60","2,68,429","65,16,626",69.04
HDFCBANK,EQ,2025-07-03,"1,986.00","1,994.90","2,008.00","1,984.30","1,985.90","1,987.10","1,993.22","84,30,253","16,80,33,71,805.60","1,82,242","40,21,259",47.7
HDFCBANK,EQ,2025-07-04,"1,987.10","1,987.10","2,003.50","1,980.00","1,992.70","1,989.30","1,987.51","39,31,972","7,81,48,32,915.60","1,50,676","23,86,234",60.69
HDFCBANK,EQ,2025-07-07,"1,989.30","1,989.00","1,998.40","1,983.80","1,985.50","1,987.40","1,989.37","56,74,713","11,28,90,78,543.00","1,63,393","35,80,127",63.09
HDFCBANK,EQ,2025-07-08,"1,987.40","1,977.00","2,005.00","1,977.00","1,999.40","2,001.40","1,992.88","76,12,158","15,17,00,95,365.50","1,99,823","47,19,470",62.0
HDFCBANK,EQ,2025-07-09,"2,001.40","2,007.00","2,013.80","1,998.10","2,008.50","2,011.20","2,007.10","69,30,714","13,91,06,45,549.40","1,51,284","47,75,873",68.91
HDFCBANK,EQ,2025-07-10,"2,011.20","2,016.00","2,017.00","2,000.00","2,002.80","2,006.20","2,008.54","85,15,155","17,10,30,52,403.80","1,84,619","46,03,926",54.07
HDFCBANK,EQ,2025-07-11,"2,006.20","1,998.00","2,004.80","1,980.90","1,983.00","1,983.70","1,987.41","62,58,461","12,43,81,53,798.20","1,25,871","49,58,892",79.24
HDFCBANK,EQ,2025-07-14,"1,983.70","1,983.00","1,988.70","1,970.60","1,982.90","1,983.00","1,978.80","65,44,425","12,95,00,97,345.90","1,32,854","49,32,484",75.37
HDFCBANK,EQ,2025-07-15,"1,983.00","1,973.00","2,003.60","1,973.00","1,998.00","1,995.50","1,993.02","72,49,084","14,44,75,99,382.10","1,57,806","40,70,577",56.15
HDFCBANK,EQ,2025-07-16,"1,995.50","2,018.00","2,022.70","1,992.60","1,996.00","1,996.30","2,005.54","89,97,306","18,04,44,32,313.40","2,16,845","52,65,661",58.52
HDFCBANK,EQ,2025-07-17,"1,996.30","2,004.00","2,004.80","1,982.70","1,986.00","1,986.90","1,991.85","1,12,64,579","22,43,74,06,105.60","2,56,020","63,66,220",56.52
HDFCBANK,EQ,2025-07-18,"1,986.90","1,986.90","1,997.00","1,953.00","1,956.00","1,957.40","1,968.80","80,64,723","15,87,78,08,287.50","2,21,823","55,24,936",68.51
HDFCBANK,EQ,2025-07-21,"1,957.40","1,978.20","2,002.00","1,976.50","2,001.50","2,000.50","1,993.45","1,11,54,539","22,23,60,41,336.40","2,75,691","65,36,125",58.6
HDFCBANK,EQ,2025-07-22,"2,000.50","2,013.10","2,018.00","2,003.00","2,005.00","2,007.10","2,009.05","74,18,407","14,90,39,39,836.30","2,26,727","52,86,787",71.27
HDFCBANK,EQ,2025-07-23,"2,007.10","2,011.00","2,029.80","2,003.00","2,024.50","2,024.30","2,019.97","68,17,458","13,77,10,89,884.70","1,91,989","48,87,186",71.69
HDFCBANK,EQ,2025-07-24,"2,024.30","2,037.70","2,037.70","2,008.40","2,011.70","2,014.20","2,019.12","95,53,588","19,28,98,76,404.20","1,83,573","59,46,175",62.24
HDFCBANK,EQ,2025-07-25,"2,014.20","2,015.00","2,015.00","1,999.00","2,005.00","2,004.60","2,005.63","46,53,299","9,33,28,02,398.80","1,63,735","26,70,096",57.38
HDFCBANK,EQ,2025-07-28,"2,004.60","2,003.00","2,021.40","2,000.50","2,009.90","2,008.50","2,011.08","60,29,790","12,12,64,12,272.80","2,19,624","42,69,112",70.8
HDFCBANK,EQ,2025-07-29,"2,008.50","1,999.90","2,026.50","1,996.30","2,023.00","2,021.60","2,015.07","99,47,848","20,04,56,35,384.90","2,34,546","69,12,288",69.49
HDFCBANK,EQ,2025-07-30,"2,021.60","2,028.00","2,032.60","2,017.00","2,025.90","2,025.80","2,023.94","75,77,018","15,33,54,57,713.70","1,52,763","52,92,067",69.84
HDFCBANK,EQ,2025-07-31,"2,025.80","2,014.60","2,031.40","2,008.00","2,018.00","2,018.20","2,020.81","1,10,91,516","22,41,37,95,872.20","1,99,191","46,63,953",42.05
HDFCBANK,EQ,2025-08-01,"2,018.20","2,014.00","2,028.30","2,009.30","2,016.90","2,012.20","2,015.24","56,58,629","11,40,34,73,962.30","1,38,595","38,77,981",68.53
HDFCBANK,EQ,2025-08-04,"2,012.20","2,010.10","2,018.50","1,988.10","1,994.40","1,992.00","1,997.96","69,66,973","13,91,97,56,957.20","2,48,150","53,92,274",77.4
HDFCBANK,EQ,2025-08-05,"1,992.00","1,986.50","1,994.40","1,965.50","1,981.00","1,977.60","1,975.61","1,19,89,029","23,68,56,33,703.60","1,94,332","86,86,084",72.45
HDFCBANK,EQ,2025-08-06,"1,977.60","1,971.10","1,988.00","1,970.00","1,987.00","1,985.30","1,978.39","70,40,102","13,92,80,74,705.90","2,11,058","51,93,296",73.77
HDFCBANK,EQ,2025-08-07,"1,985.30","1,980.10","2,001.60","1,976.80","1,998.00","1,995.40","1,986.09","65,40,593","12,99,02,37,207.70","2,23,527","39,57,541",60.51
HDFCBANK,EQ,2025-08-08,"1,995.40","1,987.10","1,992.80","1,970.00","1,972.00","1,973.90","1,978.99","69,47,632","13,74,92,88,126.40","1,78,320","49,21,047",70.83
HDFCBANK,EQ,2025-08-11,"1,973.90","1,975.90","1,997.60","1,973.10","1,992.00","1,995.60","1,986.89","45,52,927","9,04,61,55,578.70","1,65,998","28,93,629",63.56
HDFCBANK,EQ,2025-08-12,"1,995.60","1,991.90","1,996.00","1,967.50","1,969.70","1,969.90","1,978.54","64,68,901","12,79,89,99,218.20","2,37,925","37,63,379",58.18
HDFCBANK,EQ,2025-08-13,"1,969.90","1,994.00","1,994.00","1,969.10","1,979.90","1,980.30","1,977.14","67,88,698","13,42,21,76,534.10","1,77,703","46,59,295",68.63
HDFCBANK,EQ,2025-08-14,"1,980.30","1,978.00","1,996.00","1,971.20","1,989.50","1,991.10","1,990.18","87,55,858","17,42,57,42,818.70","1,74,342","53,99,734",61.67
HDFCBANK,EQ,2025-08-18,"1,991.10","2,010.00","2,026.60","1,995.60","2,005.00","2,003.60","2,008.73","96,42,398","19,36,89,89,917.90","2,20,027","58,90,386",61.09
HDFCBANK,EQ,2025-08-19,"2,003.60","1,998.30","2,006.10","1,986.70","1,990.00","1,991.10","1,995.49","61,76,219","12,32,45,74,114.90","1,70,899","33,56,794",54.35
HDFCBANK,EQ,2025-08-20,"1,991.10","1,987.00","1,992.00","1,979.00","1,988.30","1,988.20","1,985.13","49,75,114","9,87,62,63,155.30","1,73,424","32,62,221",65.57
HDFCBANK,EQ,2025-08-21,"1,988.20","1,997.50","1,997.50","1,983.20","1,990.50","1,991.20","1,991.62","62,19,925","12,38,77,22,464.00","1,60,599","39,38,606",63.32
HDFCBANK,EQ,2025-08-22,"1,991.20","1,989.90","1,996.00","1,957.10","1,965.50","1,964.60","1,968.66","99,16,751","19,52,27,14,269.10","2,53,318","72,96,028",73.57
HDFCBANK,EQ,2025-08-25,"1,964.60","1,960.20","1,977.40","1,957.00","1,969.20","1,964.10","1,967.27","87,59,022","17,23,13,88,424.40","2,17,503","62,85,996",71.77
HDFCBANK,EQ,2025-08-26,"1,964.10",979.50,985.70,968.00,972.30,973.40,973.26,"1,69,17,731","16,46,54,10,030.90","2,96,302","1,11,17,324",65.71
HDFCBANK,EQ,2025-08-28,973.40,967.00,972.20,955.00,961.80,957.80,962.09,"2,54,38,255","24,47,38,86,027.80","3,77,835","1,47,79,593",58.1
HDFCBANK,EQ,2025-08-29,957.80,954.00,963.30,950.10,953.40,951.60,955.24,"1,48,23,813","14,16,03,14,228.10","2,60,839","1,09,21,593",73.68
HDFCBANK,EQ,2025-09-01,951.60,949.60,957.45,946.35,950.80,950.60,950.62,"2,01,78,344","19,18,19,19,082.15","4,10,933","1,54,70,566",76.67
HDFCBANK,EQ,2025-09-02,950.60,951.00,954.80,944.00,944.70,944.50,948.80,"1,41,96,320","13,46,94,17,784.70","3,43,637","85,59,801",60.3
HDFCBANK,EQ,2025-09-03,944.50,945.00,956.30,940.00,953.95,954.45,947.66,"1,60,83,481","15,24,17,46,460.65","2,88,240","1,10,88,091",68.94
HDFCBANK,EQ,2025-09-04,954.45,960.20,965.70,956.25,960.95,961.25,961.34,"1,75,97,657","16,91,73,00,954.60","2,12,281","98,25,135",55.83
HDFCBANK,EQ,2025-09-05,961.25,967.50,967.50,954.05,962.60,963.40,960.70,"1,16,02,111","11,14,62,02,039.65","2,10,037","80,25,866",69.18
HDFCBANK,EQ,2025-09-08,963.40,969.00,973.15,960.45,967.35,966.00,967.58,"1,17,11,307","11,33,16,77,355.70","1,93,535","77,23,748",65.95
HDFCBANK,EQ,2025-09-09,966.00,974.00,974.40,962.70,966.45,965.15,967.81,"1,39,85,539","13,53,53,96,477.20","1,81,800","86,74,252",62.02
HDFCBANK,EQ,2025-09-10,965.15,973.90,973.90,961.70,965.50,965.90,966.21,"1,80,91,100","17,47,97,79,505.30","2,18,336","1,32,33,607",73.15
HDFCBANK,EQ,2025-09-11,965.90,960.30,969.25,959.90,966.50,967.80,965.95,"1,51,13,633","14,59,89,45,433.15","2,20,801","78,24,117",51.77
HDFCBANK,EQ,2025-09-12,967.80,969.90,970.75,962.25,966.90,967.30,966.65,"1,43,63,519","13,88,44,30,847.50","2,65,851","1,08,37,642",75.45
HDFCBANK,EQ,2025-09-15,967.30,969.60,972.35,965.00,966.10,967.05,968.58,"1,44,86,377","14,03,12,09,535.60","1,98,502","93,76,182",64.72
HDFCBANK,EQ,2025-09-16,967.05,961.20,969.35,961.20,966.30,966.85,966.32,"1,86,61,794","18,03,32,79,292.75","2,01,920","1,33,72,765",71.66
HDFCBANK,EQ,2025-09-17,966.85,965.15,974.40,964.35,967.00,966.50,968.39,"1,73,61,476","16,81,26,55,777.90","2,69,236","1,24,77,258",71.87
HDFCBANK,EQ,2025-09-18,966.50,973.30,979.65,969.25,976.00,976.90,974.66,"1,77,91,598","17,34,08,47,521.60","2,67,040","95,72,957",53.81
HDFCBANK,EQ,2025-09-19,976.90,974.90,976.70,962.10,967.00,966.90,967.22,"3,12,43,267","30,21,92,30,008.15","2,20,137","2,32,82,508",74.52
HDFCBANK,EQ,2025-09-22,966.90,964.00,971.20,961.95,965.40,964.20,966.40,"1,08,54,415","10,48,97,24,995.75","1,39,126","61,52,391",56.68
HDFCBANK,EQ,2025-09-23,964.20,967.00,968.20,955.50,958.45,957.20,960.10,"2,10,22,298","20,18,34,27,172.90","1,90,721","1,13,19,285",53.84
HDFCBANK,EQ,2025-09-24,957.20,952.20,956.45,943.00,951.00,951.05,949.21,"1,51,17,220","14,34,94,11,269.75","2,48,417","97,95,696",64.8
HDFCBANK,EQ,2025-09-25,951.05,952.50,958.00,947.40,951.20,949.85,952.03,"3,14,13,279","29,90,63,81,362.70","2,56,060","2,08,33,726",66.32
HDFCBANK,EQ,2025-09-26,949.85,945.10,951.45,941.30,944.25,945.05,945.96,"1,48,74,656","14,07,07,86,048.15","2,09,563","90,35,935",60.75
HDFCBANK,EQ,2025-09-29,945.05,946.05,956.80,939.10,953.40,950.30,950.17,"3,23,98,179","30,78,38,88,581.80","2,96,694","2,28,19,747",70.44
HDFCBANK,EQ,2025-09-30,950.30,958.05,960.00,946.30,952.50,951.00,951.48,"2,82,96,687","26,92,36,71,201.95","2,54,597","1,65,06,431",58.33
HDFCBANK,EQ,2025-10-01,951.00,952.70,969.60,946.00,965.80,965.25,961.75,"2,53,50,832","24,38,10,70,597.70","2,84,713","1,67,42,115",66.04
HDFCBANK,EQ,2025-10-03,965.25,952.00,966.75,952.00,963.70,965.15,960.81,"2,66,58,296","25,61,34,77,189.50","2,62,320","1,80,18,739",67.59
HDFCBANK,EQ,2025-10-06,965.15,971.90,977.40,962.00,973.90,973.45,973.33,"1,85,42,683","18,04,81,85,820.20","2,42,243","1,14,19,980",61.59
HDFCBANK,EQ,2025-10-07,973.45,974.00,989.85,971.00,981.80,982.50,983.54,"2,55,35,736","25,11,54,33,186.60","2,46,182","1,54,58,605",60.54
HDFCBANK,EQ,2025-10-08,982.50,976.00,985.90,974.55,977.20,978.70,979.57,"1,59,39,710","15,61,39,97,664.15","2,09,764","97,71,789",61.3
HDFCBANK,EQ,2025-10-09,978.70,974.50,979.00,970.15,975.00,977.10,976.00,"1,53,70,950","15,00,19,96,973.25","2,13,008","81,47,055",53.0
HDFCBANK,EQ,2025-10-10,977.10,979.00,986.20,978.10,981.45,980.90,982.56,"1,37,57,080","13,51,71,76,056.05","2,37,034","84,99,509",61.78
HDFCBANK,EQ,2025-10-13,980.90,974.30,981.00,972.00,977.10,977.00,977.15,"1,86,34,254","18,20,84,00,781.70","2,80,003","1,19,86,144",64.32
HDFCBANK,EQ,2025-10-14,977.00,970.00,980.45,967.00,976.25,977.15,975.43,"2,29,34,382","22,37,09,80,681.75","2,17,173","1,29,64,881",56.53
HDFCBANK,EQ,2025-10-15,977.15,975.00,984.90,973.35,978.50,978.25,979.29,"2,33,10,447","22,82,77,42,875.95","2,51,500","1,59,31,470",68.34
HDFCBANK,EQ,2025-10-16,978.25,982.65,996.60,981.50,993.60,994.35,989.28,"2,29,36,566","22,69,06,15,843.35","3,62,882","1,48,25,575",64.64
HDFCBANK,EQ,2025-10-17,994.35,993.95,"1,009.00",986.00,"1,000.60","1,002.55","1,001.76","2,52,10,511","25,25,47,61,309.80","3,71,430","1,40,88,788",55.88
HDFCBANK,EQ,2025-10-20,"1,002.55",997.00,"1,020.00",997.00,"1,003.60","1,002.95","1,005.08","2,21,95,202","22,30,79,32,790.70","4,16,206","1,19,49,161",53.84
HDFCBANK,EQ,2025-10-21,"1,002.95","1,006.00","1,010.00","1,004.00","1,004.00","1,007.70","1,008.15","34,71,600","3,49,99,06,215.35","88,749","22,08,820",63.63
HDFCBANK,EQ,2025-10-23,"1,007.70","1,016.00","1,020.50","1,006.00","1,006.60","1,008.80","1,013.19","4,35,26,526","44,10,04,30,667.15","5,18,216","2,94,30,278",67.61
HDFCBANK,EQ,2025-10-24,"1,008.80","1,011.00","1,011.95",991.30,995.90,994.75,999.40,"1,77,07,768","17,69,70,89,817.30","3,62,016","1,03,25,814",58.31
HDFCBANK,EQ,2025-10-27,994.75,996.50,"1,009.05",996.20,"1,003.50","1,002.95","1,003.92","1,57,00,796","15,76,22,65,430.25","2,97,938","1,08,76,558",69.27
HDFCBANK,EQ,2025-10-28,"1,002.95",997.65,"1,008.00",995.00,"1,004.90","1,003.55","1,001.18","3,39,04,289","33,94,41,77,651.40","4,23,621","1,78,02,447",52.51
HDFCBANK,EQ,2025-10-29,"1,003.55","1,004.90","1,012.50","1,000.00","1,008.50","1,007.85","1,007.89","1,77,69,445","17,90,96,76,109.65","2,81,715","1,01,83,404",57.31
HDFCBANK,EQ,2025-10-30,"1,007.85","1,000.00","1,009.50",997.10,999.95,998.15,"1,001.53","1,99,62,917","19,99,35,06,579.25","3,65,104","1,10,16,753",55.19
HDFCBANK,EQ,2025-10-31,998.15,994.00,"1,004.45",981.15,987.95,987.30,989.37,"2,32,21,330","22,97,45,58,984.15","4,54,775","1,45,30,695",62.57
HDFCBANK,EQ,2025-11-03,987.30,985.00,994.55,983.30,993.40,992.65,991.15,"1,66,07,180","16,46,02,36,700.55","2,88,032","99,95,580",60.19
HDFCBANK,EQ,2025-11-04,992.65,987.00,997.00,983.70,985.70,985.25,990.21,"2,00,24,544","19,82,85,27,608.75","3,02,828","1,07,92,510",53.9
HDFCBANK,EQ,2025-11-06,985.25,981.00,991.05,974.00,987.50,984.65,984.48,"2,22,79,516","21,93,38,18,395.90","2,78,532","1,14,00,343",51.17
HDFCBANK,EQ,2025-11-07,984.65,980.00,984.90,974.75,984.30,982.30,979.96,"1,50,04,568","14,70,38,32,279.80","3,15,369","1,06,69,610",71.11
HDFCBANK,EQ,2025-11-10,982.30,982.30,990.95,980.20,984.60,984.50,986.19,"1,59,88,262","15,76,73,86,584.00","3,73,004","1,13,29,554",70.86
HDFCBANK,EQ,2025-11-11,984.50,983.50,993.50,978.00,992.00,991.70,987.26,"1,02,00,530","10,07,05,24,484.25","2,29,810","51,78,183",50.76
HDFCBANK,EQ,2025-11-12,991.70,998.80,999.00,987.70,990.25,989.50,992.14,"1,31,37,263","13,03,40,39,694.95","1,66,500","90,64,648",69.0
HDFCBANK,EQ,2025-11-13,989.50,984.00,990.10,982.60,985.75,986.65,986.34,"1,41,24,839","13,93,18,55,903.95","2,89,471","84,00,766",59.48
HDFCBANK,EQ,2025-11-14,986.65,976.05,991.65,976.05,989.00,989.60,984.95,"2,13,86,965","21,06,50,33,481.45","3,01,431","1,56,69,091",73.26
HDFCBANK,EQ,2025-11-17,989.60,991.25,997.95,985.60,996.45,996.55,993.87,"1,83,96,408","18,28,36,67,280.45","1,97,155","1,24,83,495",67.86
HDFCBANK,EQ,2025-11-18,996.55,997.65,999.00,990.00,990.85,992.45,994.68,"2,00,02,640","19,89,62,87,879.55","2,17,914","1,32,76,284",66.37
HDFCBANK,EQ,2025-11-19,992.45,990.00,996.55,984.00,994.80,994.60,989.67,"1,98,13,847","19,60,91,99,278.35","2,01,324","1,43,80,578",72.58
HDFCBANK,EQ,2025-11-20,994.60,995.30,"1,011.60",992.45,"1,008.60","1,008.85","1,003.81","1,98,50,865","19,92,64,17,239.25","2,54,686","1,23,10,443",62.01
HDFCBANK,EQ,2025-11-21,"1,008.85","1,003.10","1,008.30",996.55,998.00,998.05,"1,001.07","1,74,99,897","17,51,86,94,760.00","2,71,649","1,17,81,873",67.33
HDFCBANK,EQ,2025-11-24,998.05,"1,000.00","1,011.45",993.60,997.85,999.15,"1,001.79","3,22,04,053","32,26,16,18,761.75","2,80,226","2,31,58,827",71.91
HDFCBANK,EQ,2025-11-25,999.15,"1,004.00","1,006.10",988.40,989.45,989.80,995.08,"2,49,89,383","24,86,65,05,641.80","2,75,451","1,43,45,733",57.41
HDFCBANK,EQ,2025-11-26,989.80,981.30,"1,006.95",981.30,"1,005.00","1,003.90",999.58,"1,94,94,356","19,48,61,97,443.70","2,07,998","1,05,53,283",54.14
HDFCBANK,EQ,2025-11-27,"1,003.90","1,002.10","1,016.80","1,001.00","1,009.05","1,009.50","1,010.95","2,55,36,848","25,81,63,56,116.10","3,13,073","1,68,30,504",65.91
HDFCBANK,EQ,2025-11-28,"1,009.50","1,007.00","1,012.05","1,004.20","1,006.70","1,007.60","1,008.93","1,59,88,807","16,13,15,18,093.40","1,78,196","1,11,79,507",69.92
HDFCBANK,EQ,2025-12-01,"1,007.60","1,017.50","1,017.50",999.30,"1,002.90","1,002.10","1,005.66","1,67,46,566","16,84,13,29,243.20","2,82,719","1,04,12,743",62.18
HDFCBANK,EQ,2025-12-02,"1,002.10",988.00,994.40,985.00,991.40,989.80,990.24,"2,73,16,662","27,05,01,86,723.20","3,63,303","1,80,25,565",65.99
HDFCBANK,EQ,2025-12-03,989.80,986.00,"1,002.30",986.00,"1,000.10","1,000.50",993.84,"1,54,48,777","15,35,36,18,863.90","2,22,651","1,06,62,697",69.02
HDFCBANK,EQ,2025-12-04,"1,000.50","1,000.00","1,004.70",993.00,998.50,997.20,998.28,"1,45,28,169","14,50,32,48,744.00","2,41,847","1,01,17,111",69.64
HDFCBANK,EQ,2025-12-05,997.20,992.00,"1,008.00",990.20,"1,001.20","1,003.30","1,000.86","1,28,43,366","12,85,43,50,197.30","1,92,024","77,82,512",60.6
HDFCBANK,EQ,2025-12-08,"1,003.30","1,000.00","1,006.50",997.50,"1,001.80","1,003.10","1,002.21","1,29,01,022","12,92,94,80,947.90","2,19,872","85,40,982",66.2
HDFCBANK,EQ,2025-12-09,"1,003.10",994.90,"1,002.80",994.00,997.00,997.10,998.68,"1,52,94,322","15,27,41,86,067.40","2,06,598","88,51,628",57.88
HDFCBANK,EQ,2025-12-10,997.10,997.50,998.50,985.30,990.40,989.80,990.90,"1,53,22,830","15,18,34,09,188.40","2,75,347","1,03,99,067",67.87
HDFCBANK,EQ,2025-12-11,989.80,990.00,"1,002.70",988.50,999.90,"1,000.30",996.96,"1,18,44,809","11,80,88,32,354.30","1,77,935","75,53,960",63.77
HDFCBANK,EQ,2025-12-12,"1,000.30","1,003.00","1,004.70",998.20,"1,002.90","1,001.50","1,001.52","1,19,88,618","12,00,68,83,854.10","1,53,825","89,74,647",74.86
HDFCBANK,EQ,2025-12-15,"1,001.50",992.00,"1,001.80",992.00,995.00,996.10,995.95,"97,90,060","9,75,03,88,373.60","1,82,612","56,89,455",58.11
HDFCBANK,EQ,2025-12-16,996.10,990.10,998.70,990.10,994.20,994.30,994.74,"2,00,49,088","19,94,36,98,733.60","3,07,140","1,05,78,543",52.76
HDFCBANK,EQ,2025-12-17,994.30,996.00,996.00,980.80,985.20,984.00,985.22,"1,90,80,922","18,79,88,80,243.80","2,88,605","1,37,49,573",72.06
HDFCBANK,EQ,2025-12-18,984.00,973.30,987.40,973.30,980.00,979.70,981.48,"1,49,12,404","14,63,61,96,743.00","4,12,559","95,59,809",64.11
HDFCBANK,EQ,2025-12-19,979.70,987.00,988.00,978.70,985.20,985.50,984.91,"2,59,52,384","25,56,06,67,946.00","2,46,675","1,90,02,918",73.22
HDFCBANK,EQ,2025-12-22,985.50,988.00,992.90,983.90,987.20,987.70,987.63,"1,35,40,411","13,37,28,75,582.70","2,53,393","81,88,244",60.47
HDFCBANK,EQ,2025-12-23,987.70,990.50,998.90,987.70,997.00,996.60,994.81,"1,79,27,849","17,83,48,64,449.30","2,27,121","94,34,296",52.62
HDFCBANK,EQ,2025-12-24,996.60,993.00,999.40,993.00,995.30,997.20,996.34,"1,36,99,996","13,64,98,27,358.40","2,03,107","60,62,889",44.25
HDFCBANK,EQ,2025-12-26,997.20,996.00,997.20,987.70,992.00,992.10,992.32,"93,60,853","9,28,89,52,052.70","1,96,688","70,31,168",75.11
HDFCBANK,EQ,2025-12-29,992.10,993.10,997.40,987.20,992.80,991.70,991.31,"1,35,45,749","13,42,79,99,756.00","1,90,711","84,36,541",62.28
HDFCBANK,EQ,2025-12-30,991.70,990.20,995.00,982.20,995.00,990.90,989.16,"3,31,55,849","32,79,62,79,701.40","3,93,869","2,21,77,609",66.89
HDFCBANK,EQ,2025-12-31,990.90,991.00,997.60,987.60,992.90,991.20,992.61,"1,09,63,454","10,88,24,83,821.40","1,93,549","70,39,332",64.21
ITC,EQ,2023-01-02,331.55,330.9,334.0,329.65,332.8,332.85,332.25,"59,51,893","1,97,75,34,074.25","1,39,495","32,39,874",54.43
ITC,EQ,2023-01-03,332.85,331.5,333.35,330.25,331.2,331.1,331.36,"59,97,051","1,98,71,85,279.40","1,03,134","36,44,861",60.78
ITC,EQ,2023-01-04,331.1,331.85,332.5,326.0,326.6,327.0,327.48,"66,89,769","2,19,07,48,946.45","1,55,935","38,30,059",57.25
ITC,EQ,2023-01-05,327.0,328.65,333.9,328.2,333.6,333.45,332.2,"81,71,437","2,71,45,47,327.40","1,34,902","46,60,291",57.03
ITC,EQ,2023-01-06,333.45,334.7,337.55,333.1,335.0,335.05,335.48,"82,84,135","2,77,91,24,776.80","1,15,819","43,25,749",52.22
ITC,EQ,2023-01-09,335.05,336.95,341.3,336.15,337.4,338.05,338.82,"1,06,18,786","3,59,78,12,675.95","1,47,547","66,71,695",62.83
ITC,EQ,2023-01-10,338.05,337.9,338.4,332.55,333.7,333.4,333.83,"69,49,605","2,31,99,78,392.15","95,343","44,37,313",63.85
ITC,EQ,2023-01-11,333.4,335.1,335.1,331.3,332.1,331.8,332.82,"45,84,293","1,52,57,45,889.65","91,438","28,20,911",61.53
ITC,EQ,2023-01-12,331.8,333.4,333.6,328.1,329.5,329.85,329.95,"66,38,422","2,19,03,37,446.10","1,39,430","42,98,493",64.75
ITC,EQ,2023-01-13,329.85,329.85,332.25,326.4,329.1,328.75,329.58,"1,44,12,671","4,75,01,57,893.90","1,20,029","1,01,00,746",70.08
ITC,EQ,2023-01-16,328.75,330.35,332.2,327.55,330.2,330.2,329.11,"82,53,942","2,71,64,69,420.90","78,391","56,24,245",68.14
ITC,EQ,2023-01-17,330.2,330.2,333.5,329.1,332.0,332.25,331.64,"1,37,12,537","4,54,76,71,024.50","93,294","99,88,409",72.84
ITC,EQ,2023-01-18,332.25,334.0,336.55,332.4,335.1,334.65,334.37,"1,25,55,527","4,19,81,30,682.45","1,47,165","88,10,510",70.17
ITC,EQ,2023-01-19,334.65,334.0,335.65,331.65,332.0,332.15,333.21,"83,46,130","2,78,10,00,519.70","1,03,560","60,21,233",72.14
ITC,EQ,2023-01-20,332.15,332.0,335.2,329.25,334.45,334.6,332.68,"1,31,03,664","4,35,92,76,710.60","1,04,023","97,44,145",74.36
ITC,EQ,2023-01-23,334.6,336.0,338.15,333.05,337.6,337.75,336.68,"71,24,807","2,39,88,12,192.75","75,270","45,56,499",63.95
ITC,EQ,2023-01-24,337.75,337.8,340.75,337.6,338.9,338.95,339.02,"1,23,02,874","4,17,08,78,392.80","1,23,629","91,27,402",74.19
ITC,EQ,2023-01-25,338.95,338.9,341.0,335.25,340.0,339.25,338.13,"1,24,97,542","4,22,58,48,770.85","1,15,825","84,04,380",67.25
ITC,EQ,2023-01-27,339.25,341.8,348.85,341.5,345.5,346.0,345.5,"2,10,40,139","7,26,92,87,174.45","1,98,362","1,22,47,433",58.21
ITC,EQ,2023-01-30,346.0,346.9,351.75,341.85,343.8,344.8,347.04,"1,40,91,519","4,89,02,59,651.00","1,59,810","83,86,531",59.51
ITC,EQ,2023-01-31,344.8,346.0,355.0,341.05,352.6,352.35,348.73,"1,71,34,291","5,97,52,79,655.05","2,07,015","1,12,39,709",65.6
ITC,EQ,2023-02-01,352.35,353.0,365.7,329.1,359.6,361.4,353.75,"6,45,18,967","22,82,38,21,017.55","4,97,986","2,46,06,119",38.14
ITC,EQ,2023-02-02,361.4,361.6,384.7,360.4,378.8,378.6,376.87,"5,57,45,171","21,00,85,22,194.10","4,04,278","2,64,56,337",47.46
ITC,EQ,2023-02-03,378.6,381.9,382.25,372.0,380.7,380.65,378.53,"2,22,95,321","8,43,94,63,829.40","2,36,606","97,38,500",43.68
ITC,EQ,2023-02-06,380.65,382.5,388.2,379.6,383.5,383.4,384.59,"2,57,90,153","9,91,86,27,583.65","2,45,965","1,33,87,419",51.91
ITC,EQ,2023-02-07,383.4,383.9,383.9,368.45,373.4,373.25,373.66,"2,06,43,707","7,71,37,64,922.45","2,96,046","1,01,83,033",49.33
ITC,EQ,2023-02-08,373.25,374.75,377.3,371.55,374.55,375.55,375.12,"1,04,20,462","3,90,89,64,512.10","1,25,965","53,23,532",51.09
ITC,EQ,2023-02-09,375.55,374.0,380.0,372.15,374.8,374.25,375.49,"1,18,61,196","4,45,38,08,751.90","1,47,407","65,97,115",55.62
ITC,EQ,2023-02-10,374.25,372.2,376.95,370.3,371.2,371.35,372.27,"1,02,78,597","3,82,63,70,636.70","1,01,423","66,98,230",65.17
ITC,EQ,2023-02-13,371.35,373.0,375.15,370.0,374.1,374.2,372.74,"99,01,148","3,69,05,48,355.70","1,10,887","59,78,014",60.38
ITC,EQ,2023-02-14,374.2,375.0,387.65,373.75,385.95,386.45,383.62,"2,91,25,052","11,17,28,25,493.75","2,40,562","1,51,47,893",52.01
ITC,EQ,2023-02-15,386.45,381.75,382.85,378.55,382.1,382.2,380.58,"1,22,09,350","4,64,66,31,940.25","1,32,308","62,29,280",51.02
ITC,EQ,2023-02-16,382.2,382.0,385.25,381.0,382.0,382.55,383.66,"97,75,280","3,75,04,25,749.60","1,19,906","58,41,367",59.76
ITC,EQ,2023-02-17,382.55,381.05,384.55,379.25,383.3,383.4,382.91,"76,72,135","2,93,77,49,082.60","93,699","41,14,314",53.63
ITC,EQ,2023-02-20,383.4,384.7,387.5,381.3,383.9,384.05,384.12,"78,04,976","2,99,80,18,760.35","1,02,345","34,00,621",43.57
ITC,EQ,2023-02-21,384.05,385.0,385.9,381.7,383.0,382.25,384.08,"82,59,574","3,17,23,25,586.55","88,576","49,51,755",59.95
ITC,EQ,2023-02-22,382.25,382.0,384.9,380.0,384.15,383.85,383.28,"89,61,077","3,43,46,25,178.35","99,507","48,05,723",53.63
ITC,EQ,2023-02-23,383.85,384.45,394.0,383.1,387.4,387.6,389.74,"1,88,30,592","7,33,91,08,176.85","2,18,500","88,23,649",46.86
ITC,EQ,2023-02-24,387.6,389.0,389.0,381.0,385.25,385.1,384.56,"1,29,10,220","4,96,47,54,019.45","1,18,753","76,27,154",59.08
ITC,EQ,2023-02-27,385.1,385.1,386.8,378.1,382.2,382.2,381.68,"81,42,319","3,10,77,56,123.45","1,22,227","39,28,450",48.25
ITC,EQ,2023-02-28,382.2,382.5,384.25,375.0,376.5,376.7,377.55,"1,63,67,477","6,17,95,66,021.75","1,61,521","1,06,61,355",65.14
ITC,EQ,2023-03-01,376.7,374.25,380.4,373.6,378.6,378.7,378.58,"77,66,667","2,94,03,11,888.95","1,14,616","44,19,391",56.9
ITC,EQ,2023-03-02,378.7,379.5,379.75,374.7,375.85,375.55,376.22,"50,19,603","1,88,84,98,850.45","98,330","25,68,003",51.16
ITC,EQ,2023-03-03,375.55,377.0,385.4,376.1,385.3,384.95,382.31,"81,80,709","3,12,75,54,879.70","1,16,737","42,19,429",51.58
ITC,EQ,2023-03-06,384.95,385.9,392.5,385.25,388.5,388.15,388.76,"1,07,14,339","4,16,53,30,469.40","1,30,438","61,98,351",57.85
ITC,EQ,2023-03-08,388.15,388.0,393.15,385.1,392.0,392.4,390.02,"89,17,699","3,47,81,15,878.25","1,38,776","50,95,367",57.14
ITC,EQ,2023-03-09,392.4,392.1,393.6,385.65,387.0,387.5,387.94,"96,34,283","3,73,75,36,340.00","99,411","61,97,685",64.33
ITC,EQ,2023-03-10,387.5,386.95,390.2,383.5,388.2,388.0,387.99,"83,62,265","3,24,44,41,247.70","1,01,617","51,12,164",61.13
ITC,EQ,2023-03-13,388.0,389.2,390.9,382.5,386.05,383.65,385.1,"87,91,872","3,38,57,66,737.20","1,04,232","58,52,846",66.57
ITC,EQ,2023-03-14,383.65,385.7,386.45,377.2,380.25,379.7,381.62,"1,02,29,766","3,90,38,72,457.50","1,22,468","66,02,037",64.54
ITC,EQ,2023-03-15,379.7,381.0,384.3,378.0,379.15,379.4,380.73,"84,23,692","3,20,71,42,014.80","1,08,040","55,54,068",65.93
ITC,EQ,2023-03-16,379.4,380.6,382.35,376.85,381.5,381.45,379.89,"1,57,10,094","5,96,80,94,056.95","1,48,108","1,22,78,731",78.16
ITC,EQ,2023-03-17,381.45,385.0,385.0,369.65,376.45,375.55,373.83,"4,89,04,254","18,28,19,54,282.65","2,43,657","3,50,77,369",71.73
ITC,EQ,2023-03-20,375.55,373.3,379.35,372.0,378.75,378.8,375.53,"1,01,22,167","3,80,11,55,257.85","1,28,572","64,90,721",64.12
ITC,EQ,2023-03-21,378.8,378.8,378.8,374.05,377.0,376.95,376.2,"1,16,10,832","4,36,79,65,152.40","1,61,927","77,48,321",66.73
ITC,EQ,2023-03-22,376.95,376.95,378.85,374.2,378.25,377.75,376.67,"47,74,867","1,79,85,64,206.45","73,043","27,49,412",57.58
ITC,EQ,2023-03-23,377.75,377.0,382.75,374.4,380.2,380.65,380.24,"97,52,326","3,70,81,99,289.55","1,18,607","52,24,282",53.57
ITC,EQ,2023-03-24,380.65,381.5,383.0,378.0,378.9,378.7,381.12,"99,34,501","3,78,62,19,400.85","81,630","68,76,733",69.22
ITC,EQ,2023-03-27,378.7,377.95,384.4,376.35,380.0,380.2,381.06,"1,08,16,352","4,12,17,29,105.80","1,03,476","65,64,514",60.69
ITC,EQ,2023-03-28,380.2,380.2,382.35,378.15,379.75,379.75,379.78,"91,70,535","3,48,27,49,738.70","1,15,524","55,28,670",60.29
ITC,EQ,2023-03-29,379.75,380.2,384.0,377.15,383.05,382.75,381.12,"1,01,60,322","3,87,23,00,673.45","1,20,617","62,31,122",61.33
ITC,EQ,2023-03-31,382.75,382.0,384.5,380.0,383.2,383.5,382.81,"95,11,189","3,64,09,46,510.30","1,67,654","63,09,361",66.34
ITC,EQ,2023-04-03,383.5,384.0,384.0,378.5,379.2,378.9,380.29,"70,59,200","2,68,45,75,844.10","99,525","46,41,292",65.75
ITC,EQ,2023-04-05,378.9,378.9,387.05,378.9,387.0,386.4,384.85,"1,16,08,424","4,46,75,59,164.15","1,08,671","53,65,465",46.22
ITC,EQ,2023-04-06,386.4,386.65,390.3,384.2,387.5,387.35,386.84,"1,28,97,667","4,98,93,35,495.80","1,32,193","68,26,083",52.92
ITC,EQ,2023-04-10,387.35,387.35,390.0,384.75,388.0,388.55,388.13,"67,83,022","2,63,27,13,042.55","1,10,021","33,58,283",49.51
ITC,EQ,2023-04-11,388.55,388.55,398.1,388.0,396.0,396.0,394.8,"1,82,37,451","7,20,00,71,922.80","1,71,305","1,11,82,030",61.31
ITC,EQ,2023-04-12,396.0,397.75,397.8,392.1,393.95,393.55,393.94,"97,47,526","3,83,99,76,788.65","1,53,023","62,54,104",64.16
ITC,EQ,2023-04-13,393.55,395.5,396.6,393.7,395.7,395.6,395.36,"60,59,044","2,39,54,87,558.30","1,01,183","33,71,548",55.64
ITC,EQ,2023-04-17,395.6,392.9,402.0,392.9,399.9,400.15,399.65,"1,10,41,243","4,41,26,51,379.85","1,33,940","57,16,976",51.78
ITC,EQ,2023-04-18,400.15,400.0,402.0,397.0,398.5,398.5,399.47,"94,94,641","3,79,28,11,716.30","1,01,699","58,88,898",62.02
ITC,EQ,2023-04-19,398.5,396.05,401.35,396.0,398.2,398.75,399.22,"97,44,202","3,89,00,59,257.20","1,16,016","40,98,858",42.06
ITC,EQ,2023-04-20,398.75,400.0,402.65,397.7,400.3,400.3,400.07,"66,67,781","2,66,75,94,588.70","85,369","36,42,582",54.63
ITC,EQ,2023-04-21,400.3,400.3,409.0,399.05,408.0,408.25,405.7,"1,42,52,204","5,78,20,74,755.15","1,43,707","75,98,233",53.31
ITC,EQ,2023-04-24,408.25,410.0,410.0,404.2,408.3,408.7,406.76,"59,81,760","2,43,31,34,566.40","1,04,586","30,56,118",51.09
ITC,EQ,2023-04-25,408.7,408.7,413.55,407.4,411.25,411.55,411.47,"88,40,188","3,63,74,39,819.45","1,21,252","47,62,036",53.87
ITC,EQ,2023-04-26,411.55,412.0,413.0,409.05,411.75,412.25,411.37,"76,20,723","3,13,49,04,442.90","1,38,179","42,42,232",55.67
ITC,EQ,2023-04-27,412.25,412.2,417.4,411.0,416.0,416.0,415.6,"1,26,14,263","5,24,24,41,962.80","1,27,117","76,90,676",60.97
ITC,EQ,2023-04-28,416.0,418.0,428.25,413.7,426.2,425.55,421.32,"1,27,18,721","5,35,86,87,978.10","1,25,288","76,77,837",60.37
ITC,EQ,2023-05-02,425.55,426.0,427.0,421.2,424.8,424.45,424.29,"1,02,53,527","4,35,04,56,302.45","2,35,796","61,78,688",60.26
ITC,EQ,2023-05-03,424.45,424.0,428.5,422.05,426.95,427.15,426.65,"73,25,483","3,12,54,37,667.60","1,36,925","39,22,497",53.55
ITC,EQ,2023-05-04,427.15,425.3,427.0,424.0,424.15,424.6,424.93,"79,84,933","3,39,30,21,577.85","1,41,346","50,59,501",63.36
ITC,EQ,2023-05-05,424.6,425.95,431.9,424.35,429.3,428.75,427.76,"1,24,12,416","5,30,95,05,691.45","1,36,979","79,34,569",63.92
ITC,EQ,2023-05-08,428.75,431.0,433.45,429.35,432.1,431.45,431.27,"72,43,636","3,12,39,94,202.10","1,10,800","43,39,729",59.91
ITC,EQ,2023-05-09,431.45,432.8,433.15,421.5,424.1,423.8,426.09,"99,92,962","4,25,78,75,074.60","1,92,266","58,29,710",58.34
ITC,EQ,2023-05-10,423.8,423.95,426.35,422.2,424.6,425.35,424.44,"97,54,485","4,14,02,36,476.55","1,15,461","57,83,042",59.29
ITC,EQ,2023-05-11,425.35,427.25,427.4,418.9,421.25,420.4,422.51,"1,59,82,423","6,75,26,91,707.75","1,46,138","92,54,924",57.91
ITC,EQ,2023-05-12,420.4,420.4,422.7,416.05,420.15,420.45,419.6,"1,11,35,894","4,67,25,69,928.70","1,27,862","71,81,193",64.49
ITC,EQ,2023-05-15,420.45,420.0,428.7,419.05,428.4,427.8,425.33,"91,51,102","3,89,22,10,377.75","1,42,351","46,88,935",51.24
ITC,EQ,2023-05-16,427.8,430.0,430.0,423.5,424.45,423.95,425.66,"79,94,197","3,40,28,44,838.50","1,67,923","41,98,616",52.52
ITC,EQ,2023-05-17,423.95,424.15,428.95,422.6,428.05,427.6,425.56,"94,79,691","4,03,42,11,521.55","1,15,983","51,54,002",54.37
ITC,EQ,2023-05-18,427.6,430.0,432.45,418.1,418.85,419.7,423.56,"2,39,95,166","10,16,32,97,449.60","1,92,911","1,16,58,722",48.59
ITC,EQ,2023-05-19,419.7,420.95,423.1,411.35,420.1,419.85,417.72,"2,57,67,521","10,76,35,94,935.00","2,52,667","1,34,70,675",52.28
ITC,EQ,2023-05-22,419.85,421.95,425.75,419.1,425.1,424.75,423.44,"1,54,21,680","6,53,01,06,829.00","1,14,656","1,02,63,170",66.55
ITC,EQ,2023-05-23,424.75,426.0,431.2,424.2,429.4,429.15,428.95,"87,32,608","3,74,58,34,140.90","95,039","45,68,519",52.32
ITC,EQ,2023-05-24,429.15,428.3,434.75,427.0,434.0,433.5,431.98,"1,14,79,706","4,95,89,94,968.35","1,09,453","59,13,651",51.51
ITC,EQ,2023-05-25,433.5,436.95,442.45,434.8,441.75,441.15,439.95,"1,82,04,464","8,00,91,08,087.90","1,49,170","83,15,084",45.68
ITC,EQ,2023-05-26,441.15,443.4,444.75,439.5,443.95,443.6,443.04,"1,29,95,706","5,75,75,73,299.45","1,00,502","91,71,830",70.58
ITC,EQ,2023-05-29,443.6,445.0,451.8,444.1,448.95,449.1,449.07,"1,98,26,254","8,90,34,60,482.55","1,38,647","1,29,59,439",65.37
ITC,EQ,2023-05-30,449.1,441.0,451.45,441.0,449.95,449.9,447.84,"1,89,00,002","8,46,41,37,340.70","1,56,176","96,02,606",50.81
ITC,EQ,2023-05-31,449.9,449.3,452.0,442.45,446.0,445.5,446.12,"1,42,72,292","6,36,71,19,611.25","1,74,471","67,68,661",47.43
ITC,EQ,2023-06-01,445.5,447.0,447.0,439.0,440.1,439.7,441.7,"88,03,137","3,88,83,10,387.15","1,34,912","39,16,632",44.49
ITC,EQ,2023-06-02,439.7,440.0,444.9,439.8,442.95,443.4,442.63,"92,03,842","4,07,38,82,251.10","1,22,633","54,69,187",59.42
ITC,EQ,2023-06-05,443.4,445.0,446.85,440.1,441.3,440.65,442.6,"71,52,179","3,16,55,34,777.75","1,14,066","39,33,997",55.0
ITC,EQ,2023-06-06,440.65,440.8,443.6,440.4,443.45,442.8,441.92,"64,54,486","2,85,23,56,704.20","99,335","36,08,189",55.9
ITC,EQ,2023-06-07,442.8,444.0,445.65,442.75,444.1,443.95,444.02,"75,43,432","3,34,94,31,451.45","1,06,303","35,82,238",47.49
ITC,EQ,2023-06-08,443.95,445.7,445.75,441.9,443.1,442.9,443.56,"70,24,424","3,11,57,23,109.80","1,04,805","32,12,977",45.74
ITC,EQ,2023-06-09,442.9,435.15,444.7,435.15,438.95,438.45,440.39,"70,57,843","3,10,82,36,555.30","1,32,621","44,28,294",62.74
ITC,EQ,2023-06-12,438.45,440.0,440.95,433.85,437.5,436.95,436.47,"87,19,176","3,80,57,01,631.45","1,34,260","58,40,811",66.99
ITC,EQ,2023-06-13,436.95,441.0,446.4,438.3,445.9,445.4,444.37,"1,61,11,860","7,15,96,22,903.40","1,54,723","86,67,685",53.8
ITC,EQ,2023-06-14,445.4,446.25,447.75,443.75,444.85,444.5,446.09,"87,04,178","3,88,28,46,562.00","1,36,087","54,45,806",62.57
ITC,EQ,2023-06-15,444.5,445.0,448.75,444.75,448.0,448.1,447.49,"74,98,727","3,35,56,07,683.80","1,21,812","34,85,346",46.48
ITC,EQ,2023-06-16,448.1,449.0,455.6,447.9,453.5,453.1,452.71,"1,17,29,681","5,31,01,77,400.75","1,29,067","71,49,923",60.96
ITC,EQ,2023-06-19,453.1,454.75,455.9,452.25,453.75,453.6,454.31,"41,89,180","1,90,31,87,370.95","67,433","19,27,471",46.01
ITC,EQ,2023-06-20,453.6,454.8,454.8,450.15,453.2,452.85,451.91,"44,72,119","2,02,09,75,859.75","84,850","25,56,009",57.15
ITC,EQ,2023-06-21,452.85,452.0,454.2,445.05,448.0,447.05,449.14,"60,59,504","2,72,15,84,526.60","1,09,801","32,02,132",52.84
ITC,EQ,2023-06-22,447.05,448.0,449.65,445.85,447.75,447.65,447.94,"66,37,099","2,97,30,41,763.65","90,886","34,20,124",51.53
ITC,EQ,2023-06-23,447.65,447.5,447.65,442.7,445.1,444.75,444.73,"60,90,901","2,70,88,09,798.45","1,02,419","33,36,063",54.77
ITC,EQ,2023-06-26,444.75,446.9,451.4,444.0,445.3,445.7,446.93,"54,77,339","2,44,79,61,222.15","1,37,298","28,31,648",51.7
ITC,EQ,2023-06-27,445.7,446.1,447.2,443.15,445.45,445.1,444.66,"48,65,596","2,16,35,49,325.65","1,04,647","28,73,797",59.06
ITC,EQ,2023-06-28,445.1,445.0,450.6,444.5,449.0,449.35,448.75,"1,20,82,753","5,42,21,69,509.15","1,70,319","73,21,652",60.6
ITC,EQ,2023-06-30,449.35,450.0,451.95,446.6,451.5,451.6,450.32,"91,06,074","4,10,06,91,375.60","1,55,907","54,13,178",59.45
ITC,EQ,2023-07-03,451.6,451.6,465.95,450.05,465.9,463.25,458.0,"1,06,99,143","4,90,02,00,625.20","1,63,111","56,37,269",52.69
ITC,EQ,2023-07-04,463.25,465.0,468.0,459.8,465.7,466.35,463.64,"77,25,081","3,58,16,20,230.10","1,40,645","31,17,589",40.36
ITC,EQ,2023-07-05,466.35,466.35,480.65,464.3,475.05,475.1,474.29,"1,62,52,992","7,70,86,68,274.75","2,76,676","57,10,926",35.14
ITC,EQ,2023-07-06,475.1,477.35,477.4,470.5,474.5,473.9,473.31,"94,71,054","4,48,27,01,746.30","1,77,472","46,63,299",49.24
ITC,EQ,2023-07-07,473.9,473.0,475.5,467.6,469.5,468.4,470.8,"73,23,451","3,44,78,94,801.85","1,73,910","41,93,097",57.26
ITC,EQ,2023-07-10,468.4,470.0,470.9,463.7,467.0,465.85,466.83,"65,21,300","3,04,43,48,299.90","1,47,782","36,79,431",56.42
ITC,EQ,2023-07-11,465.85,466.0,474.55,466.0,473.45,473.15,471.9,"84,57,557","3,99,11,28,321.35","1,41,001","50,35,059",59.53
ITC,EQ,2023-07-12,473.15,477.75,477.75,470.45,471.95,472.3,473.43,"1,23,40,934","5,84,26,14,387.90","1,51,437","78,84,835",63.89
ITC,EQ,2023-07-13,472.3,473.9,476.75,471.0,472.35,472.0,474.18,"79,09,757","3,75,06,47,067.45","1,30,301","50,13,014",63.38
ITC,EQ,2023-07-14,472.0,473.0,475.0,471.35,473.55,472.9,473.2,"50,81,391","2,40,44,96,856.15","1,19,759","30,68,683",60.39
ITC,EQ,2023-07-17,472.9,474.5,475.8,470.6,472.4,472.35,473.01,"60,90,738","2,88,09,82,660.55","1,32,996","34,88,127",57.27
ITC,EQ,2023-07-18,472.35,472.55,474.2,471.0,472.65,472.5,472.53,"53,52,283","2,52,90,90,691.15","1,19,303","33,16,174",61.96
ITC,EQ,2023-07-19,472.5,472.75,480.45,468.1,479.15,478.85,474.71,"1,38,67,323","6,58,30,23,567.35","1,72,994","91,80,775",66.2
ITC,EQ,2023-07-20,478.85,479.9,493.7,476.3,491.5,492.15,487.49,"2,02,50,206","9,87,18,47,183.05","2,54,892","93,15,471",46.0
ITC,EQ,2023-07-21,492.15,491.8,497.7,487.0,493.45,490.45,492.4,"1,39,71,982","6,87,98,44,644.80","2,16,222","47,55,944",34.04
ITC,EQ,2023-07-24,490.45,493.45,499.7,468.15,469.35,471.35,479.36,"3,89,76,815","18,68,40,64,255.75","3,94,048","1,73,81,287",44.59
ITC,EQ,2023-07-25,471.35,467.9,468.5,455.4,461.35,462.3,459.9,"4,35,34,718","20,02,16,34,759.95","4,55,276","2,09,55,653",48.14
ITC,EQ,2023-07-26,462.3,464.9,473.0,462.05,472.4,472.25,469.76,"1,81,43,422","8,52,31,40,129.85","2,53,061","84,92,825",46.81
ITC,EQ,2023-07-27,472.25,474.4,475.15,461.1,467.15,465.05,468.53,"1,39,89,457","6,55,44,59,376.05","2,28,805","73,36,215",52.44
ITC,EQ,2023-07-28,465.05,467.7,469.45,463.4,467.65,468.45,466.6,"99,78,231","4,65,58,87,886.55","1,65,596","51,90,382",52.02
ITC,EQ,2023-07-31,468.45,469.0,469.7,463.5,465.25,465.7,466.31,"81,94,797","3,82,13,00,383.90","1,89,948","50,42,195",61.53
ITC,EQ,2023-08-01,465.7,466.0,468.85,463.8,465.5,464.8,466.15,"64,38,221","3,00,11,50,880.55","1,50,394","40,21,677",62.47
ITC,EQ,2023-08-02,464.8,464.6,464.8,458.0,460.0,460.1,459.99,"1,03,18,220","4,74,62,32,499.30","2,41,505","63,86,860",61.9
ITC,EQ,2023-08-03,460.1,460.1,463.75,454.3,456.3,456.05,458.67,"1,06,17,897","4,87,00,69,798.20","2,09,906","52,45,559",49.4
ITC,EQ,2023-08-04,456.05,456.3,461.4,454.25,455.25,454.95,456.12,"68,34,401","3,11,73,33,363.90","1,56,261","33,51,299",49.04
ITC,EQ,2023-08-07,454.95,454.1,456.55,450.95,454.95,454.9,454.38,"91,61,131","4,16,26,65,798.75","1,90,759","58,51,085",63.87
ITC,EQ,2023-08-08,454.9,457.0,457.0,451.05,452.3,452.35,453.21,"63,92,488","2,89,71,08,679.70","1,67,641","42,48,813",66.47
ITC,EQ,2023-08-09,452.35,452.35,459.9,446.9,459.0,458.65,452.31,"97,58,343","4,41,37,84,771.45","1,97,461","56,25,492",57.65
ITC,EQ,2023-08-10,458.65,458.9,459.3,449.0,452.95,451.75,452.47,"1,31,94,170","5,96,99,91,295.95","2,71,611","76,71,937",58.15
ITC,EQ,2023-08-11,451.75,453.9,453.9,444.75,448.0,448.75,447.68,"1,15,82,326","5,18,51,44,631.50","2,29,984","58,68,985",50.67
ITC,EQ,2023-08-14,448.75,448.75,451.25,445.05,447.8,449.2,447.6,"75,62,808","3,38,51,19,308.20","1,87,268","39,79,581",52.62
ITC,EQ,2023-08-16,449.2,451.0,457.4,448.2,449.0,450.25,451.91,"1,49,20,272","6,74,26,05,845.90","2,08,058","75,21,581",50.41
ITC,EQ,2023-08-17,450.25,450.0,450.0,440.0,440.95,441.0,441.95,"1,62,69,569","7,19,02,76,040.40","3,53,763","89,02,443",54.72
ITC,EQ,2023-08-18,441.0,441.0,443.35,438.5,441.0,441.65,440.84,"1,93,24,262","8,51,89,48,569.50","2,74,698","1,28,00,210",66.24
ITC,EQ,2023-08-21,441.65,442.0,448.5,441.35,448.0,447.8,445.61,"95,72,041","4,26,54,03,760.50","1,48,497","65,96,905",68.92
ITC,EQ,2023-08-22,447.8,449.0,455.15,447.0,454.4,454.25,452.56,"98,54,945","4,45,99,47,311.75","1,51,525","56,13,198",56.96
ITC,EQ,2023-08-23,454.25,455.6,455.65,448.6,450.6,450.45,450.74,"84,45,029","3,80,65,00,841.00","1,81,446","46,22,611",54.74
ITC,EQ,2023-08-24,450.45,450.6,453.5,449.3,451.2,450.9,450.97,"60,88,274","2,74,56,42,789.20","1,57,601","33,13,501",54.42
ITC,EQ,2023-08-25,450.9,450.9,451.0,442.05,443.5,443.35,445.97,"92,70,988","4,13,45,66,040.80","1,69,813","56,86,487",61.34
ITC,EQ,2023-08-28,443.35,445.0,446.85,441.0,441.0,441.4,443.37,"69,10,750","3,06,39,99,468.20","1,25,415","44,48,101",64.36
ITC,EQ,2023-08-29,441.4,442.95,444.0,439.2,440.7,440.1,440.75,"94,80,003","4,17,83,42,360.05","1,73,053","64,16,666",67.69
ITC,EQ,2023-08-30,440.1,441.0,444.0,440.5,443.1,442.8,442.53,"73,64,924","3,25,91,76,403.10","1,29,298","51,84,732",70.4
ITC,EQ,2023-08-31,442.8,443.0,444.9,436.1,439.5,439.7,439.7,"1,99,00,312","8,75,01,76,727.45","2,26,365","1,24,24,314",62.43
ITC,EQ,2023-09-01,439.7,440.0,445.0,438.3,440.0,441.05,442.04,"1,14,38,624","5,05,63,07,086.15","2,09,049","74,79,635",65.39
ITC,EQ,2023-09-04,441.05,443.35,443.35,436.65,437.5,437.5,438.46,"1,36,04,608","5,96,50,23,205.70","1,95,519","1,01,53,713",74.63
ITC,EQ,2023-09-05,437.5,438.9,444.5,438.5,444.15,443.1,441.31,"83,78,915","3,69,76,63,243.35","1,25,789","54,04,379",64.5
ITC,EQ,2023-09-06,443.1,443.95,448.5,442.0,448.0,447.45,445.72,"1,28,63,039","5,73,32,84,923.40","1,79,677","77,56,031",60.3
ITC,EQ,2023-09-07,447.45,448.8,449.0,444.6,446.0,445.9,446.01,"80,90,369","3,60,83,94,716.25","1,19,372","40,20,666",49.7
ITC,EQ,2023-09-08,445.9,447.9,447.9,441.85,442.7,442.65,443.46,"99,39,517","4,40,77,78,233.95","1,38,338","68,36,801",68.78
ITC,EQ,2023-09-11,442.65,446.0,448.1,442.65,447.95,447.2,445.08,"93,20,577","4,14,84,10,205.85","1,65,092","65,35,339",70.12
ITC,EQ,2023-09-12,447.2,448.9,454.3,445.6,451.0,451.15,450.56,"1,44,06,441","6,49,10,27,758.45","2,03,436","71,97,702",49.96
ITC,EQ,2023-09-13,451.15,452.2,457.0,451.1,453.3,453.5,453.91,"1,18,13,170","5,36,21,35,445.70","1,69,384","62,40,534",52.83
ITC,EQ,2023-09-14,453.5,455.9,455.9,447.15,450.35,449.95,450.17,"1,44,30,930","6,49,63,13,051.65","2,16,539","73,79,240",51.13
ITC,EQ,2023-09-15,449.95,448.05,452.1,447.0,447.9,448.35,449.1,"1,50,77,136","6,77,11,63,336.05","1,58,789","1,05,23,981",69.8
ITC,EQ,2023-09-18,448.35,448.35,454.0,446.2,451.95,452.05,451.88,"81,97,425","3,70,42,74,692.05","1,34,382","52,12,417",63.59
ITC,EQ,2023-09-20,452.05,451.7,455.1,449.55,452.85,452.95,453.08,"99,59,649","4,51,24,76,237.45","1,49,782","66,34,040",66.61
ITC,EQ,2023-09-21,452.95,452.8,453.55,444.5,447.5,447.5,447.41,"1,07,19,470","4,79,59,86,148.20","1,87,202","42,27,235",39.44
ITC,EQ,2023-09-22,447.5,447.5,448.4,442.25,442.5,443.1,444.33,"75,06,309","3,33,52,88,560.30","1,95,313","34,45,505",45.9
ITC,EQ,2023-09-25,443.1,443.1,444.8,438.35,443.1,442.6,441.75,"57,82,955","2,55,46,32,224.30","1,26,229","32,52,494",56.24
ITC,EQ,2023-09-26,442.6,443.6,444.5,439.7,442.8,442.45,442.01,"53,27,833","2,35,49,54,516.75","1,14,357","32,74,616",61.46
ITC,EQ,2023-09-27,442.45,442.45,449.8,438.8,449.35,449.15,445.78,"1,04,90,786","4,67,65,96,819.75","1,61,084","67,04,583",63.91
ITC,EQ,2023-09-28,449.15,449.95,449.95,439.6,441.15,440.75,442.49,"1,02,16,736","4,52,08,50,400.35","1,55,680","48,26,188",47.24
ITC,EQ,2023-09-29,440.75,442.0,445.6,439.2,443.5,444.4,443.32,"81,60,058","3,61,75,50,656.80","1,38,714","45,76,583",56.09
ITC,EQ,2023-10-03,444.4,441.0,442.9,439.25,439.65,439.75,440.62,"74,81,883","3,29,66,73,214.60","1,86,900","50,76,017",67.84
ITC,EQ,2023-10-04,439.75,439.75,441.7,433.3,435.35,436.1,437.58,"1,33,96,709","5,86,21,43,527.85","2,19,368","86,37,052",64.47
ITC,EQ,2023-10-05,436.1,440.0,440.5,435.05,436.6,436.05,437.31,"1,00,30,257","4,38,63,55,806.90","1,94,053","51,14,990",51.0
ITC,EQ,2023-10-06,436.05,437.85,443.6,436.65,442.6,442.15,441.76,"84,18,580","3,71,89,97,999.10","1,46,980","41,95,917",49.84
ITC,EQ,2023-10-09,442.15,440.95,443.2,437.25,439.65,440.45,440.61,"56,11,154","2,47,23,16,260.35","1,31,925","31,37,698",55.92
ITC,EQ,2023-10-10,440.45,440.45,444.85,440.45,444.7,444.4,443.47,"50,14,758","2,22,38,94,873.10","1,41,128","30,86,342",61.55
ITC,EQ,2023-10-11,444.4,447.2,449.45,444.8,447.5,448.25,447.45,"76,51,513","3,42,36,93,653.20","1,19,123","52,44,282",68.54
ITC,EQ,2023-10-12,448.25,449.65,452.5,446.15,451.0,450.7,450.47,"1,17,74,487","5,30,40,11,557.70","1,27,972","72,65,163",61.7
ITC,EQ,2023-10-13,450.7,449.85,451.8,447.0,448.0,448.35,449.73,"76,32,483","3,43,25,58,181.35","1,35,556","40,18,918",52.66
ITC,EQ,2023-10-16,448.35,448.0,451.0,446.2,448.2,448.95,449.42,"42,14,958","1,89,43,05,840.25","1,03,179","25,23,150",59.86
ITC,EQ,2023-10-17,448.95,449.8,454.5,449.0,453.5,453.45,452.96,"69,36,218","3,14,18,20,069.90","1,19,724","45,85,851",66.11
ITC,EQ,2023-10-18,453.45,454.25,458.2,451.0,451.7,451.65,454.49,"68,94,947","3,13,36,63,541.95","1,55,654","39,02,164",56.59
ITC,EQ,2023-10-19,451.65,449.75,454.9,446.85,450.05,450.4,450.6,"94,65,463","4,26,51,43,431.25","2,28,007","42,04,802",44.42
ITC,EQ,2023-10-20,450.4,445.0,449.0,437.35,438.0,438.3,440.74,"1,30,20,371","5,73,86,37,212.35","3,47,081","64,93,745",49.87
ITC,EQ,2023-10-23,438.3,438.0,439.95,433.1,434.6,435.9,436.65,"72,75,471","3,17,68,39,602.20","1,70,442","40,23,477",55.3
ITC,EQ,2023-10-25,435.9,436.9,438.0,427.05,432.3,432.7,432.29,"1,08,89,221","4,70,72,51,503.70","2,27,701","63,18,695",58.03
ITC,EQ,2023-10-26,432.7,429.55,436.6,429.55,432.65,434.35,433.54,"1,88,01,214","8,15,10,61,459.60","2,40,264","1,15,27,415",61.31
ITC,EQ,2023-10-27,434.35,434.35,436.8,432.2,433.9,433.75,434.0,"1,31,32,487","5,69,94,53,016.85","1,55,586","87,27,617",66.46
ITC,EQ,2023-10-30,433.75,434.55,437.15,428.35,431.5,430.45,430.92,"76,18,033","3,28,27,78,364.60","1,38,620","50,19,200",65.89
ITC,EQ,2023-10-31,430.45,430.0,433.35,427.9,428.45,428.4,429.99,"86,20,154","3,70,65,53,452.70","1,63,866","64,06,898",74.32
ITC,EQ,2023-11-01,428.4,430.0,431.1,425.5,430.35,428.1,428.3,"79,90,245","3,42,22,42,128.95","1,63,579","54,19,970",67.83
ITC,EQ,2023-11-02,428.1,430.05,432.7,428.65,430.8,431.15,430.18,"81,52,031","3,50,68,07,055.75","1,44,426","38,09,606",46.73
ITC,EQ,2023-11-03,431.15,432.8,434.4,431.1,432.1,433.25,432.68,"1,38,02,600","5,97,20,97,160.75","1,10,620","1,08,23,030",78.41
ITC,EQ,2023-11-06,433.25,433.5,436.8,432.55,434.9,435.35,434.21,"73,08,229","3,17,33,28,173.20","1,29,745","55,07,380",75.36
ITC,EQ,2023-11-07,435.35,434.9,434.9,432.15,432.95,432.7,433.04,"51,24,012","2,21,88,95,493.75","1,27,198","38,95,479",76.02
ITC,EQ,2023-11-08,432.7,433.15,437.5,432.3,437.0,436.95,434.61,"69,79,849","3,03,34,92,148.85","1,20,482","51,69,316",74.06
ITC,EQ,2023-11-09,436.95,437.8,438.0,433.9,434.45,434.4,435.48,"77,85,767","3,39,05,81,111.50","1,17,539","40,82,632",52.44
ITC,EQ,2023-11-10,434.4,434.4,438.0,432.5,437.95,436.55,435.19,"40,79,205","1,77,52,12,626.75","99,710","26,92,615",66.01
ITC,EQ,2023-11-12,436.55,438.85,439.2,438.0,438.75,438.45,438.66,"11,81,310","51,81,93,286.15","54,111","7,43,198",62.91
ITC,EQ,2023-11-13,438.45,438.4,438.4,435.0,435.95,436.0,436.25,"37,44,754","1,63,36,35,527.55","91,487","26,98,233",72.05
ITC,EQ,2023-11-15,436.0,438.1,442.5,437.5,442.0,441.95,440.16,"74,36,428","3,27,32,39,271.95","97,387","54,69,465",73.55
ITC,EQ,2023-11-16,441.95,441.95,444.5,437.6,439.2,438.65,441.02,"1,08,57,863","4,78,85,16,957.70","1,44,767","58,13,139",53.54
ITC,EQ,2023-11-17,438.65,439.25,441.5,438.3,438.85,439.25,439.47,"66,55,278","2,92,48,21,117.80","1,24,069","44,15,539",66.35
ITC,EQ,2023-11-20,439.25,439.85,440.3,434.5,436.3,436.8,437.43,"43,35,388","1,89,64,28,774.50","1,01,713","27,19,345",62.72
ITC,EQ,2023-11-21,436.8,437.15,439.3,435.5,436.2,436.25,437.01,"59,97,810","2,62,11,13,885.40","1,15,882","44,70,531",74.54
ITC,EQ,2023-11-22,436.25,437.0,440.4,434.8,440.15,439.7,437.8,"48,86,687","2,13,94,03,597.80","94,940","32,58,964",66.69
ITC,EQ,2023-11-23,439.7,440.95,442.25,438.25,440.9,440.35,440.31,"63,66,606","2,80,32,91,959.25","98,441","34,32,359",53.91
ITC,EQ,2023-11-24,440.35,441.0,442.25,436.85,437.9,437.8,439.0,"68,21,878","2,99,47,84,740.40","1,16,779","39,10,314",57.32
ITC,EQ,2023-11-28,437.8,438.0,439.0,434.9,435.9,435.25,436.05,"87,45,691","3,81,35,52,286.95","1,77,548","65,56,300",74.97
ITC,EQ,2023-11-29,435.25,436.0,438.5,434.15,436.9,437.2,436.15,"1,37,85,216","6,01,24,81,178.15","1,81,426","1,08,56,023",78.75
ITC,EQ,2023-11-30,437.2,436.7,438.45,434.5,436.75,435.8,436.0,"1,51,27,505","6,59,55,68,134.95","2,05,331","95,65,526",63.23
ITC,EQ,2023-12-01,435.8,437.9,450.95,437.4,449.15,449.8,446.61,"1,93,36,856","8,63,60,46,292.35","2,33,084","1,11,88,784",57.86
ITC,EQ,2023-12-04,449.8,455.0,456.4,451.0,453.1,454.05,453.73,"1,28,00,220","5,80,78,60,907.55","2,18,205","76,09,242",59.45
ITC,EQ,2023-12-05,454.05,455.0,457.8,450.1,452.4,451.75,453.52,"1,21,36,292","5,50,40,17,393.25","1,54,505","88,68,016",73.07
ITC,EQ,2023-12-06,451.75,453.9,464.5,452.1,463.45,463.25,461.17,"2,04,17,559","9,41,59,18,516.30","2,95,774","1,22,93,308",60.21
ITC,EQ,2023-12-07,463.25,464.75,464.8,457.4,458.2,458.1,459.4,"1,13,10,918","5,19,62,08,022.50","1,75,050","73,92,937",65.36
ITC,EQ,2023-12-08,458.1,459.95,461.6,448.5,450.0,449.15,452.69,"1,86,67,895","8,45,07,69,799.45","1,73,240","1,26,36,087",67.69
ITC,EQ,2023-12-11,449.15,451.5,453.6,449.3,453.2,452.45,451.92,"65,99,973","2,98,26,67,106.30","1,53,704","37,18,291",56.34
ITC,EQ,2023-12-12,452.45,454.2,460.0,452.35,453.6,453.1,456.17,"1,01,58,101","4,63,38,52,599.45","1,59,664","60,50,317",59.56
ITC,EQ,2023-12-13,453.1,456.3,458.85,453.1,455.6,455.65,455.72,"1,12,83,868","5,14,22,61,661.75","1,36,565","74,42,384",65.96
ITC,EQ,2023-12-14,455.65,460.0,461.0,449.45,458.3,460.1,458.42,"1,43,70,803","6,58,79,26,047.65","1,98,906","68,67,363",47.79
ITC,EQ,2023-12-15,460.1,461.9,462.95,455.0,458.55,458.2,457.72,"1,57,89,845","7,22,72,99,043.70","2,05,228","1,02,08,116",64.65
ITC,EQ,2023-12-18,458.2,455.0,456.0,450.35,451.95,451.65,451.89,"1,20,27,620","5,43,51,27,623.50","2,02,238","77,94,554",64.81
ITC,EQ,2023-12-19,451.65,453.35,458.0,452.05,456.45,456.1,455.77,"1,02,68,755","4,68,02,12,654.95","1,63,132","56,12,411",54.66
ITC,EQ,2023-12-20,456.1,459.0,459.25,449.3,450.15,451.0,454.97,"1,03,67,665","4,71,69,34,041.15","1,71,902","66,40,772",64.05
ITC,EQ,2023-12-21,451.0,449.0,453.75,444.45,452.0,451.45,450.19,"1,11,54,625","5,02,16,73,354.15","1,73,231","44,70,012",40.07
ITC,EQ,2023-12-22,451.45,453.0,455.9,450.55,454.2,455.2,454.25,"1,10,26,317","5,00,86,64,858.20","1,89,460","57,68,253",52.31
ITC,EQ,2023-12-26,455.2,456.05,458.9,454.7,457.05,456.45,456.9,"58,71,301","2,68,26,01,608.85","1,33,599","34,81,362",59.29
ITC,EQ,2023-12-27,456.45,457.0,458.5,453.75,456.6,457.1,455.97,"75,43,383","3,43,95,50,563.55","1,41,438","50,18,034",66.52
ITC,EQ,2023-12-28,457.1,457.2,464.7,456.1,463.95,464.1,461.6,"2,06,96,101","9,55,32,90,485.30","2,19,642","1,34,15,647",64.82
ITC,EQ,2023-12-29,464.1,464.1,467.9,461.35,462.0,462.1,464.6,"1,28,88,266","5,98,78,92,520.95","1,95,653","66,17,133",51.34
ITC,EQ,2024-01-01,462.1,463.5,469.95,462.65,465.8,468.05,467.15,"93,46,277","4,36,61,27,498.30","1,67,073","54,65,510",58.48
ITC,EQ,2024-01-02,468.05,470.0,471.35,463.6,470.15,470.35,468.26,"1,05,19,771","4,92,60,02,186.85","1,59,124","57,45,283",54.61
ITC,EQ,2024-01-03,470.35,470.25,480.7,469.35,477.45,477.25,477.4,"2,40,36,012","11,47,47,09,723.90","2,70,703","1,47,21,255",61.25
ITC,EQ,2024-01-04,477.25,480.0,481.45,474.2,475.5,476.4,478.62,"1,17,86,959","5,64,14,69,823.90","1,45,887","76,96,185",65.29
ITC,EQ,2024-01-05,476.4,479.4,479.4,472.0,473.8,473.95,474.98,"92,09,405","4,37,42,80,743.70","1,91,991","44,40,737",48.22
ITC,EQ,2024-01-08,473.95,475.0,475.5,464.55,465.35,465.5,467.76,"80,03,177","3,74,35,77,082.00","1,62,793","48,12,551",60.13
ITC,EQ,2024-01-09,465.5,467.5,469.95,463.65,464.2,464.55,466.06,"56,96,780","2,65,50,47,091.60","1,33,889","40,27,680",70.7
ITC,EQ,2024-01-10,464.55,464.55,466.75,460.05,463.5,463.3,462.07,"58,96,123","2,72,44,12,894.15","1,13,576","37,40,583",63.44
ITC,EQ,2024-01-11,463.3,464.1,466.55,461.1,463.25,462.65,463.35,"65,34,775","3,02,78,85,522.20","1,28,488","42,15,285",64.51
ITC,EQ,2024-01-12,462.65,463.25,467.7,460.35,467.4,466.7,464.54,"93,54,326","4,34,54,96,069.90","1,51,600","48,22,834",51.56
ITC,EQ,2024-01-15,466.7,470.0,470.5,466.1,467.55,467.6,467.74,"69,02,156","3,22,84,25,376.55","1,41,310","46,11,432",66.81
ITC,EQ,2024-01-16,467.6,467.8,475.0,464.25,475.0,472.3,469.28,"1,20,66,347","5,66,24,77,326.35","1,81,194","68,79,661",57.02
ITC,EQ,2024-01-17,472.3,471.4,477.0,465.2,467.3,466.6,470.02,"1,11,08,698","5,22,13,22,440.85","1,63,870","61,51,281",55.37
ITC,EQ,2024-01-18,466.6,465.25,467.85,454.55,466.45,465.5,463.82,"91,43,784","4,24,10,36,943.75","1,62,645","45,53,128",49.79
ITC,EQ,2024-01-19,465.5,468.55,473.0,466.4,472.0,471.5,470.66,"1,22,03,322","5,74,35,98,363.60","1,40,093","76,37,837",62.59
ITC,EQ,2024-01-20,471.5,473.4,475.0,468.0,468.3,468.4,471.38,"32,96,407","1,55,38,45,356.45","53,837","16,41,737",49.8
ITC,EQ,2024-01-23,468.4,473.75,473.75,456.4,459.85,459.3,465.33,"84,04,513","3,91,08,81,933.90","1,74,187","48,51,770",57.73
ITC,EQ,2024-01-24,459.3,460.1,467.4,458.1,461.8,463.6,461.87,"2,16,26,183","9,98,84,04,501.00","1,82,598","1,40,16,786",64.81
ITC,EQ,2024-01-25,463.6,463.55,464.95,452.1,457.5,455.65,456.11,"1,96,77,700","8,97,51,18,150.05","2,06,935","1,12,34,403",57.09
ITC,EQ,2024-01-29,455.65,455.9,457.25,447.5,448.7,449.8,452.63,"1,78,69,152","8,08,80,99,555.10","2,53,582","1,29,33,058",72.38
ITC,EQ,2024-01-30,449.8,447.0,453.7,437.4,438.25,438.05,442.5,"4,35,14,448","19,25,51,17,086.65","6,99,940","2,87,47,175",66.06
ITC,EQ,2024-01-31,438.05,440.0,442.5,438.7,441.75,441.55,440.69,"1,98,82,944","8,76,22,79,321.85","2,40,053","1,54,11,890",77.51
ITC,EQ,2024-02-01,441.55,442.0,447.75,439.3,442.4,442.9,443.51,"1,91,65,409","8,50,00,57,382.95","2,72,761","1,03,23,055",53.86
ITC,EQ,2024-02-02,442.9,445.0,447.2,439.5,440.6,440.1,442.87,"1,71,56,021","7,59,78,14,278.40","2,52,589","1,01,71,078",59.29
ITC,EQ,2024-02-05,440.1,442.0,443.65,436.55,438.15,438.05,440.45,"1,20,41,897","5,30,38,74,698.30","2,03,069","90,41,318",75.08
ITC,EQ,2024-02-06,438.05,440.0,440.9,429.5,431.9,431.4,433.22,"1,87,64,371","8,12,91,48,176.75","3,37,897","1,39,13,875",74.15
ITC,EQ,2024-02-07,431.4,435.0,435.0,430.8,431.8,431.8,432.35,"1,28,80,824","5,56,90,65,160.55","2,34,908","94,86,689",73.65
ITC,EQ,2024-02-08,431.8,429.0,429.1,408.6,414.45,414.55,417.33,"4,81,83,882","20,10,87,62,451.80","5,68,349","2,80,28,614",58.17
ITC,EQ,2024-02-09,414.55,410.1,424.2,408.6,415.0,415.5,417.23,"3,22,83,965","13,46,97,07,741.50","3,45,877","1,61,13,855",49.91
ITC,EQ,2024-02-12,415.5,417.55,418.0,406.05,406.8,406.85,410.04,"1,09,06,914","4,47,22,71,553.10","2,27,195","64,53,241",59.17
ITC,EQ,2024-02-13,406.85,406.9,410.8,403.3,406.9,406.75,407.16,"1,56,06,705","6,35,44,78,400.20","2,51,076","99,61,342",63.83
ITC,EQ,2024-02-14,406.75,406.0,412.25,404.4,412.15,411.55,408.96,"1,21,50,077","4,96,89,46,837.35","1,80,419","75,35,559",62.02
ITC,EQ,2024-02-15,411.55,413.0,414.55,403.15,404.75,403.9,406.08,"2,03,83,983","8,27,75,77,375.40","2,67,030","1,37,66,752",67.54
ITC,EQ,2024-02-16,403.9,405.0,409.55,399.4,404.6,404.6,403.76,"3,75,18,847","15,14,84,23,499.50","3,02,859","2,45,95,318",65.55
ITC,EQ,2024-02-19,404.6,405.0,412.75,404.6,409.2,409.25,410.11,"1,69,49,793","6,95,13,57,970.10","1,95,499","1,07,52,387",63.44
ITC,EQ,2024-02-20,409.25,410.45,410.45,404.3,406.9,406.1,406.62,"1,40,84,218","5,72,69,13,345.05","2,00,707","90,73,050",64.42
ITC,EQ,2024-02-21,406.1,407.0,410.1,401.3,402.75,403.35,406.26,"1,94,14,653","7,88,74,11,451.60","3,08,873","1,31,83,146",67.9
ITC,EQ,2024-02-22,403.35,406.9,415.15,403.45,415.0,414.45,409.04,"1,86,04,659","7,61,00,34,475.70","2,65,415","83,70,494",44.99
ITC,EQ,2024-02-23,414.45,415.9,415.9,410.5,410.9,411.4,412.65,"1,11,47,636","4,60,00,35,861.05","1,68,693","62,13,335",55.74
ITC,EQ,2024-02-26,411.4,411.1,413.05,407.3,409.15,409.2,409.48,"79,82,145","3,26,85,55,512.10","1,41,120","47,90,301",60.01
ITC,EQ,2024-02-27,409.2,410.0,412.75,408.55,410.7,411.15,410.81,"77,83,743","3,19,76,56,361.80","1,49,253","49,84,666",64.04
ITC,EQ,2024-02-28,411.15,411.15,412.35,406.8,407.85,408.3,409.1,"86,17,768","3,52,55,49,262.00","1,57,196","58,73,466",68.16
ITC,EQ,2024-02-29,408.3,409.0,411.05,404.5,406.9,406.3,407.62,"1,48,95,144","6,07,14,93,472.75","1,82,863","94,72,085",63.59
ITC,EQ,2024-03-01,406.3,408.9,413.15,407.5,410.1,409.5,410.66,"1,23,95,632","5,09,04,35,126.70","1,98,418","71,69,368",57.84
ITC,EQ,2024-03-02,409.5,411.0,412.8,410.1,412.0,412.05,411.74,"9,77,655","40,25,43,968.55","18,531","6,47,680",66.25
ITC,EQ,2024-03-04,412.05,412.25,412.95,408.45,409.3,409.1,410.01,"68,40,352","2,80,45,87,543.55","1,28,186","47,66,484",69.68
ITC,EQ,2024-03-05,409.1,409.65,411.4,403.95,406.5,406.15,407.09,"97,33,507","3,96,24,60,772.30","1,87,977","62,31,668",64.02
ITC,EQ,2024-03-06,406.15,406.5,409.95,400.7,407.95,407.85,405.02,"1,11,06,855","4,49,84,98,834.65","2,38,724","60,37,161",54.36
ITC,EQ,2024-03-07,407.85,407.85,414.95,403.65,414.7,413.55,409.07,"2,30,20,545","9,41,69,41,135.65","2,66,079","1,31,73,374",57.22
ITC,EQ,2024-03-11,413.55,416.8,418.3,408.0,409.2,409.4,413.66,"1,76,20,081","7,28,86,43,584.00","2,20,154","1,04,66,219",59.4
ITC,EQ,2024-03-12,409.4,406.5,406.5,399.35,401.9,404.45,402.12,"3,48,82,639","14,02,71,70,213.10","4,41,602","1,86,12,162",53.36
ITC,EQ,2024-03-13,404.45,435.0,438.0,421.15,422.0,422.45,427.85,"10,16,12,428","43,47,51,81,936.05","6,93,592","3,64,79,112",35.9
ITC,EQ,2024-03-14,422.45,421.95,425.5,418.0,419.0,419.65,421.67,"3,07,64,728","12,97,26,46,952.80","2,92,934","1,35,51,653",44.05
ITC,EQ,2024-03-15,419.65,417.2,428.55,415.25,417.0,419.1,422.93,"7,32,53,754","30,98,12,69,366.20","6,15,356","5,34,79,171",73.01
ITC,EQ,2024-03-18,419.1,419.0,420.7,416.9,417.6,417.45,418.4,"1,59,33,704","6,66,67,33,164.20","2,41,095","1,18,63,495",74.46
ITC,EQ,2024-03-19,417.45,418.0,419.55,408.7,409.75,409.55,411.54,"2,09,94,563","8,64,01,07,667.75","2,56,940","1,58,71,475",75.6
ITC,EQ,2024-03-20,409.55,410.0,416.65,409.55,416.0,415.7,412.87,"1,96,09,321","8,09,60,10,062.95","2,00,442","1,43,06,680",72.96
ITC,EQ,2024-03-21,415.7,419.0,422.0,416.2,421.25,421.25,419.96,"1,92,27,982","8,07,49,86,841.45","2,65,798","1,12,05,902",58.28
ITC,EQ,2024-03-22,421.25,421.25,429.65,421.25,428.3,428.6,427.27,"3,88,61,818","16,60,46,49,595.70","2,85,729","2,67,50,823",68.84
ITC,EQ,2024-03-26,428.6,425.55,429.2,425.55,428.0,427.65,427.57,"1,02,74,145","4,39,29,64,487.05","1,27,865","59,87,450",58.28
ITC,EQ,2024-03-27,427.65,427.0,428.9,426.45,428.4,428.0,427.94,"1,22,27,545","5,23,27,02,625.55","1,48,670","88,36,527",72.27
ITC,EQ,2024-03-28,428.0,428.0,433.25,427.0,429.0,428.35,429.66,"2,79,33,211","12,00,18,38,115.50","2,00,930","1,07,61,183",38.52
ITC,EQ,2024-04-01,428.35,429.1,431.35,425.75,427.6,426.7,427.8,"93,82,308","4,01,37,82,933.55","1,18,264","58,50,987",62.36
ITC,EQ,2024-04-02,426.7,428.7,428.7,424.6,425.5,425.85,425.87,"88,53,678","3,77,05,20,504.55","1,23,768","58,43,531",66.0
ITC,EQ,2024-04-03,425.85,426.0,428.8,421.0,425.5,425.2,424.61,"1,26,64,520","5,37,74,67,608.15","1,60,696","71,88,771",56.76
ITC,EQ,2024-04-04,425.2,425.55,427.35,419.9,423.1,422.75,423.26,"1,83,58,410","7,77,04,65,539.95","3,03,184","76,19,786",41.51
ITC,EQ,2024-04-05,422.75,422.5,431.7,419.95,427.5,427.55,427.69,"1,61,47,032","6,90,59,82,420.40","1,57,872","94,08,424",58.27
ITC,EQ,2024-04-08,427.55,428.3,431.4,427.75,428.9,429.1,429.51,"85,16,632","3,65,80,10,051.95","1,50,775","53,51,477",62.84
ITC,EQ,2024-04-09,429.1,430.45,431.5,425.55,426.6,426.35,428.43,"67,08,894","2,87,42,87,671.10","90,615","39,60,066",59.03
ITC,EQ,2024-04-10,426.35,428.3,437.8,425.75,436.0,436.95,433.0,"1,40,08,124","6,06,54,76,490.20","1,76,163","76,59,205",54.68
ITC,EQ,2024-04-12,436.95,435.0,435.75,428.3,430.5,430.1,431.16,"1,80,88,372","7,79,90,28,304.50","2,89,969","78,35,618",43.32
ITC,EQ,2024-04-15,430.1,428.0,429.15,422.9,425.6,425.9,426.01,"87,46,243","3,72,59,90,666.80","1,64,057","45,79,022",52.35
ITC,EQ,2024-04-16,425.9,423.25,427.0,423.2,426.45,425.9,425.24,"99,73,638","4,24,11,46,046.55","1,22,310","66,65,706",66.83
ITC,EQ,2024-04-18,425.9,426.0,426.9,417.65,419.75,418.85,421.58,"2,13,12,388","8,98,48,44,459.55","2,04,523","1,09,18,231",51.23
ITC,EQ,2024-04-19,418.85,418.0,426.25,416.0,424.0,424.75,423.64,"1,65,82,634","7,02,50,82,961.80","2,04,429","75,82,651",45.73
ITC,EQ,2024-04-22,424.75,427.0,427.6,423.35,425.8,425.3,424.75,"71,12,139","3,02,08,60,842.30","1,24,105","47,21,465",66.39
ITC,EQ,2024-04-23,425.3,425.3,430.5,425.1,428.7,429.2,428.84,"1,20,21,404","5,15,52,32,246.00","1,94,302","72,91,868",60.66
ITC,EQ,2024-04-24,429.2,429.25,430.8,428.3,429.4,428.9,429.73,"58,45,170","2,51,18,18,372.50","96,245","34,70,174",59.37
ITC,EQ,2024-04-25,428.9,431.0,438.3,429.0,437.8,437.55,434.52,"2,92,11,997","12,69,32,03,504.00","2,70,594","1,52,52,996",52.21
ITC,EQ,2024-04-26,437.55,439.25,443.3,436.4,440.0,440.0,439.66,"1,47,73,975","6,49,55,67,398.20","2,02,318","67,81,487",45.9
ITC,EQ,2024-04-29,440.0,442.0,442.45,434.6,438.0,438.2,437.73,"1,16,27,882","5,08,99,15,581.05","1,89,919","72,79,063",62.6
ITC,EQ,2024-04-30,438.2,439.95,440.5,435.1,435.35,435.65,438.57,"1,20,64,043","5,29,09,43,493.35","1,31,063","84,85,252",70.34
ITC,EQ,2024-05-02,435.65,436.0,442.6,434.85,439.45,439.0,439.02,"2,32,28,909","10,19,79,60,968.55","4,13,344","1,08,57,217",46.74
ITC,EQ,2024-05-03,439.0,440.05,440.05,431.35,436.0,436.45,435.75,"2,29,04,276","9,98,04,73,814.90","3,01,064","1,14,22,808",49.87
ITC,EQ,2024-05-06,436.45,438.0,440.45,433.35,434.95,434.75,435.73,"1,03,55,056","4,51,19,99,548.95","1,83,306","66,68,630",64.4
ITC,EQ,2024-05-07,434.75,436.9,446.0,435.2,441.0,440.35,442.16,"2,59,68,921","11,48,24,44,468.75","2,56,621","1,25,55,610",48.35
ITC,EQ,2024-05-08,440.35,441.25,444.7,438.2,441.0,441.0,441.33,"1,05,11,646","4,63,91,19,798.50","1,40,409","58,32,261",55.48
ITC,EQ,2024-05-09,441.0,440.05,441.5,423.35,427.1,425.1,429.3,"2,34,12,609","10,05,09,40,808.25","3,26,895","1,50,05,961",64.09
ITC,EQ,2024-05-10,425.1,426.5,436.35,426.5,433.85,433.35,433.2,"1,39,85,963","6,05,87,06,127.20","1,86,451","58,64,119",41.93
ITC,EQ,2024-05-13,433.35,433.25,435.45,429.5,431.65,431.85,431.83,"73,02,959","3,15,36,50,963.45","1,52,030","42,16,619",57.74
ITC,EQ,2024-05-14,431.85,430.5,433.3,428.55,429.6,429.7,430.33,"1,10,00,103","4,73,36,93,443.00","1,72,146","78,85,152",71.68
ITC,EQ,2024-05-15,429.7,430.75,433.25,426.75,428.25,427.8,429.4,"75,65,080","3,24,84,56,112.70","1,44,013","41,39,221",54.71
ITC,EQ,2024-05-16,427.8,430.0,432.6,422.9,432.6,431.45,427.89,"2,30,25,186","9,85,22,75,161.55","2,86,099","1,09,18,850",47.42
ITC,EQ,2024-05-17,431.45,432.4,437.5,428.9,435.45,436.3,434.11,"1,14,53,714","4,97,22,08,347.45","1,33,480","51,87,156",45.29
ITC,EQ,2024-05-18,436.3,437.0,437.65,435.2,436.7,436.65,436.64,"7,13,859","31,17,00,280.95","12,556","4,40,951",61.77
ITC,EQ,2024-05-21,436.65,436.0,437.1,433.2,434.9,434.8,434.73,"1,07,60,726","4,67,79,83,191.90","2,15,268","76,88,107",71.45
ITC,EQ,2024-05-22,434.8,437.35,441.95,435.4,440.0,439.9,439.62,"1,06,27,595","4,67,21,23,744.90","1,54,238","59,98,493",56.44
ITC,EQ,2024-05-23,439.9,441.4,444.9,436.55,440.2,441.35,440.71,"2,62,34,369","11,56,17,61,258.55","2,21,301","82,59,141",31.48
ITC,EQ,2024-05-24,441.35,441.0,442.45,435.3,436.55,436.2,437.48,"1,27,61,457","5,58,29,17,652.90","2,08,684","67,59,409",52.97
ITC,EQ,2024-05-27,436.2,438.8,438.9,430.7,432.25,431.5,435.39,"1,18,27,050","5,14,93,44,563.20","2,01,549","82,80,980",70.02
ITC,EQ,2024-05-28,431.5,432.1,432.5,428.25,428.8,429.0,429.82,"93,10,198","4,00,17,09,938.25","1,23,935","61,51,658",66.07
ITC,EQ,2024-05-29,429.0,425.5,432.4,425.5,431.0,430.95,429.94,"1,04,30,363","4,48,43,93,165.00","1,42,521","64,50,201",61.84
ITC,EQ,2024-05-30,430.95,428.5,430.95,422.35,424.85,423.85,424.72,"2,05,24,428","8,71,72,37,385.80","2,49,826","1,31,85,367",64.24
ITC,EQ,2024-05-31,423.85,426.75,429.55,424.25,427.0,426.45,426.87,"2,82,14,102","12,04,38,35,725.35","2,45,961","1,74,70,452",61.92
ITC,EQ,2024-06-03,426.45,434.0,434.9,428.65,431.4,430.35,430.65,"1,55,19,148","6,68,33,96,998.40","2,10,108","1,01,20,207",65.21
ITC,EQ,2024-06-04,430.35,426.0,426.3,402.85,419.85,415.2,415.2,"4,60,19,632","19,10,74,85,527.25","5,80,366","2,78,25,848",60.47
ITC,EQ,2024-06-05,415.2,422.0,436.0,418.05,430.7,430.3,429.14,"2,71,51,351","11,65,16,63,641.95","3,09,406","1,48,55,054",54.71
ITC,EQ,2024-06-06,430.3,436.0,437.7,431.1,436.4,435.4,434.33,"3,11,19,999","13,51,64,00,453.80","2,90,637","1,27,72,900",41.04
ITC,EQ,2024-06-07,435.4,431.4,441.65,431.1,438.5,439.15,437.54,"2,84,48,041","12,44,70,97,826.40","3,48,935","1,50,40,647",52.87
ITC,EQ,2024-06-10,439.15,440.0,441.0,435.85,436.55,436.9,437.72,"1,14,32,393","5,00,41,99,602.85","2,60,404","82,12,068",71.83
ITC,EQ,2024-06-11,436.9,437.0,437.8,432.25,432.75,433.0,434.79,"1,26,70,589","5,50,90,08,149.30","1,87,213","90,34,060",71.3
ITC,EQ,2024-06-12,433.0,430.55,434.4,430.2,432.6,432.3,432.33,"1,03,52,936","4,47,58,96,381.25","1,63,844","58,11,025",56.13
ITC,EQ,2024-06-13,432.3,436.9,436.9,429.75,430.35,430.3,431.79,"92,83,802","4,00,86,27,163.35","1,46,737","59,23,993",63.81
ITC,EQ,2024-06-14,430.3,431.0,431.9,429.05,431.4,431.15,430.49,"92,17,804","3,96,81,32,276.85","1,70,717","52,64,710",57.11
ITC,EQ,2024-06-18,431.15,433.0,434.2,428.2,429.0,428.75,430.67,"1,40,98,178","6,07,17,15,080.55","2,06,941","1,05,03,511",74.5
ITC,EQ,2024-06-19,428.75,430.0,430.75,423.05,423.4,423.65,425.66,"1,09,09,803","4,64,38,29,424.60","1,77,112","75,39,540",69.11
ITC,EQ,2024-06-20,423.65,424.05,426.5,421.5,423.85,423.3,423.74,"1,45,85,806","6,18,06,05,569.50","2,03,212","77,44,806",53.1
ITC,EQ,2024-06-21,423.3,425.0,425.3,418.55,419.7,419.6,420.65,"2,52,05,627","10,60,28,24,293.85","2,95,452","1,14,43,594",45.4
ITC,EQ,2024-06-24,419.6,420.0,423.95,420.0,423.65,423.3,422.63,"93,62,433","3,95,68,53,315.35","1,17,502","50,89,583",54.36
ITC,EQ,2024-06-25,423.3,423.0,424.0,419.75,423.25,423.3,422.19,"1,02,60,449","4,33,18,94,414.05","1,38,835","62,72,555",61.13
ITC,EQ,2024-06-26,423.3,423.0,426.4,422.05,423.5,423.95,424.28,"1,10,84,805","4,70,30,58,612.05","1,09,504","74,08,404",66.83
ITC,EQ,2024-06-27,423.95,423.95,427.25,421.1,425.6,425.6,424.56,"3,70,12,589","15,71,40,38,249.45","2,51,890","2,37,72,391",64.23
ITC,EQ,2024-06-28,425.6,425.5,428.0,423.5,425.0,424.9,425.74,"1,78,66,326","7,60,63,38,079.45","1,73,097","1,08,48,104",60.72
ITC,EQ,2024-07-01,424.9,426.3,430.25,424.65,428.5,429.05,427.61,"1,28,94,747","5,51,39,76,701.35","1,32,870","81,36,717",63.1
ITC,EQ,2024-07-02,429.05,430.0,430.65,422.55,425.75,425.5,426.86,"1,07,63,335","4,59,44,02,665.60","1,74,096","64,60,520",60.02
ITC,EQ,2024-07-03,425.5,426.1,429.65,425.5,428.5,428.3,427.88,"71,59,756","3,06,35,03,681.75","1,16,001","45,00,953",62.86
ITC,EQ,2024-07-04,428.3,430.0,431.5,427.05,429.25,429.05,429.39,"91,27,340","3,91,91,90,556.65","1,25,047","51,39,172",56.31
ITC,EQ,2024-07-05,429.05,429.0,434.0,427.6,433.5,433.65,431.98,"1,29,29,586","5,58,53,59,681.40","1,51,709","70,73,600",54.71
ITC,EQ,2024-07-08,433.65,435.15,444.55,433.65,443.8,443.6,439.76,"2,05,21,107","9,02,44,61,950.65","1,94,693","1,23,87,881",60.37
ITC,EQ,2024-07-09,443.6,447.6,455.0,444.0,451.5,452.6,450.54,"2,64,70,260","11,92,59,76,364.80","2,40,760","1,45,55,965",54.99
ITC,EQ,2024-07-10,452.6,453.7,455.35,446.5,450.3,451.45,450.95,"1,16,18,210","5,23,92,57,713.55","1,55,469","65,87,294",56.7
ITC,EQ,2024-07-11,451.45,450.0,459.5,448.7,458.6,458.65,456.02,"1,88,31,345","8,58,74,37,642.70","2,83,781","99,16,748",52.66
ITC,EQ,2024-07-12,458.65,458.65,463.25,455.85,459.05,459.05,458.95,"1,89,62,800","8,70,30,17,234.70","2,15,367","96,74,939",51.02
ITC,EQ,2024-07-15,459.05,459.05,466.45,457.2,462.05,463.4,462.88,"1,62,51,032","7,52,23,28,040.60","1,54,358","1,06,32,624",65.43
ITC,EQ,2024-07-16,463.4,463.45,466.75,461.4,465.7,465.55,464.53,"1,29,96,711","6,03,73,70,502.75","1,37,391","77,34,725",59.51
ITC,EQ,2024-07-18,465.55,463.0,470.9,462.65,470.5,470.25,467.91,"2,10,94,737","9,87,03,74,413.50","1,96,712","1,23,60,660",58.6
ITC,EQ,2024-07-19,470.25,471.0,479.4,469.4,473.15,474.55,474.65,"2,49,77,373","11,85,53,89,560.85","2,68,257","1,33,76,162",53.55
ITC,EQ,2024-07-22,474.55,474.6,479.45,465.85,466.3,466.55,470.1,"1,80,66,586","8,49,30,64,235.35","2,32,860","1,08,12,745",59.85
ITC,EQ,2024-07-23,466.55,466.55,497.4,466.4,496.95,492.2,483.29,"5,40,44,423","26,11,89,22,052.35","4,99,337","2,49,18,734",46.11
ITC,EQ,2024-07-24,492.2,496.0,510.65,490.65,494.0,494.05,500.33,"4,20,73,323","21,05,06,81,452.40","4,00,376","1,80,18,957",42.83
ITC,EQ,2024-07-25,494.05,490.0,496.0,484.65,490.2,489.95,490.32,"1,78,78,994","8,76,63,83,593.60","2,27,325","95,77,960",53.57
ITC,EQ,2024-07-26,489.95,494.05,506.4,487.4,501.55,502.2,498.22,"2,07,36,094","10,33,10,62,809.70","2,04,107","95,42,952",46.02
ITC,EQ,2024-07-29,502.2,505.5,506.2,494.05,496.25,496.05,498.4,"1,24,96,895","6,22,84,64,277.80","1,59,533","70,59,351",56.49
ITC,EQ,2024-07-30,496.05,496.3,497.8,488.65,490.5,489.9,491.81,"1,33,75,906","6,57,84,25,923.00","1,71,911","87,08,732",65.11
ITC,EQ,2024-07-31,489.9,492.45,497.95,490.5,495.5,495.35,494.03,"1,15,38,215","5,70,02,70,817.40","1,84,885","59,59,946",51.65
ITC,EQ,2024-08-01,495.35,495.95,496.75,490.95,493.05,493.7,493.72,"1,16,65,529","5,75,95,53,105.75","1,67,982","62,51,851",53.59
ITC,EQ,2024-08-02,493.7,484.8,499.45,484.8,488.85,489.1,491.08,"2,13,20,064","10,46,99,40,924.65","2,53,754","67,13,121",31.49
ITC,EQ,2024-08-05,489.1,480.05,491.9,479.55,485.9,486.0,485.81,"2,40,94,139","11,70,52,82,411.05","2,40,878","1,57,35,760",65.31
ITC,EQ,2024-08-06,486.0,486.25,491.7,484.05,487.8,486.3,487.52,"1,37,22,855","6,69,01,15,892.10","1,65,576","86,17,469",62.8
ITC,EQ,2024-08-07,486.3,490.0,495.6,488.1,492.75,492.65,491.96,"1,09,00,585","5,36,26,50,358.25","1,73,490","58,73,071",53.88
ITC,EQ,2024-08-08,492.65,494.0,498.0,492.5,494.15,494.75,494.99,"2,05,58,134","10,17,59,99,936.05","2,50,724","1,27,48,162",62.01
ITC,EQ,2024-08-09,494.75,498.0,498.0,493.1,496.15,495.9,495.38,"92,01,793","4,55,83,87,017.25","1,44,367","61,17,841",66.49
ITC,EQ,2024-08-12,495.9,492.0,500.0,492.0,494.4,494.6,497.04,"90,76,097","4,51,11,89,537.95","1,33,143","52,01,031",57.3
ITC,EQ,2024-08-13,494.6,495.95,497.85,488.25,491.5,490.0,493.29,"77,57,706","3,82,67,62,550.05","1,19,952","42,11,351",54.29
ITC,EQ,2024-08-14,490.0,491.95,499.0,489.9,492.55,492.2,494.04,"92,53,598","4,57,16,25,348.00","1,50,643","48,01,558",51.89
ITC,EQ,2024-08-16,492.2,494.5,504.2,492.65,502.05,502.65,498.53,"1,31,37,392","6,54,94,43,406.85","1,64,043","69,68,553",53.04
ITC,EQ,2024-08-19,502.65,504.75,509.3,499.6,499.95,501.45,504.39,"1,01,98,725","5,14,41,20,039.10","1,66,648","57,76,498",56.64
ITC,EQ,2024-08-20,501.45,501.0,503.4,497.7,498.5,498.8,499.95,"66,33,171","3,31,62,78,832.00","1,15,083","38,02,591",57.33
ITC,EQ,2024-08-21,498.8,500.0,509.0,499.05,505.8,505.4,505.03,"84,74,830","4,28,00,48,280.45","1,21,930","39,60,062",46.73
ITC,EQ,2024-08-22,505.4,507.85,508.5,501.45,505.05,504.55,504.67,"83,64,290","4,22,12,24,253.25","1,45,029","39,79,420",47.58
ITC,EQ,2024-08-23,504.55,505.05,506.95,499.95,505.4,505.8,504.2,"78,91,446","3,97,88,80,053.35","1,08,800","44,04,667",55.82
ITC,EQ,2024-08-26,505.8,506.0,508.0,502.0,505.7,505.7,505.93,"78,25,037","3,95,89,00,282.55","1,48,265","44,16,578",56.44
ITC,EQ,2024-08-27,505.7,507.55,507.6,500.0,500.4,500.6,502.17,"79,54,114","3,99,43,35,939.60","1,23,723","49,39,849",62.1
ITC,EQ,2024-08-28,500.6,500.4,502.3,496.5,500.15,497.3,498.8,"77,82,216","3,88,17,94,042.20","1,28,939","45,09,402",57.94
ITC,EQ,2024-08-29,497.3,498.0,507.7,497.35,505.0,505.1,503.72,"1,86,70,632","9,40,48,44,586.20","2,03,893","92,91,579",49.77
ITC,EQ,2024-08-30,505.1,501.95,509.15,500.2,504.0,501.9,502.57,"1,49,47,670","7,51,22,53,452.80","1,49,051","84,32,674",56.41
ITC,EQ,2024-09-02,501.9,504.0,512.9,503.3,509.85,510.05,509.98,"1,58,85,469","8,10,12,52,606.15","2,15,525","76,74,892",48.31
ITC,EQ,2024-09-03,510.05,510.05,515.95,507.9,508.6,509.4,512.57,"1,20,18,677","6,16,03,57,721.90","1,86,272","55,05,501",45.81
ITC,EQ,2024-09-04,509.4,500.0,510.05,499.95,507.45,506.35,506.14,"84,14,967","4,25,91,22,977.75","1,44,592","51,68,191",61.42
ITC,EQ,2024-09-05,506.35,508.35,511.9,507.05,511.25,511.2,510.32,"1,08,98,888","5,56,19,02,271.30","1,37,332","70,84,173",65.0
ITC,EQ,2024-09-06,511.2,512.0,512.0,497.15,502.45,501.7,502.2,"1,37,16,752","6,88,85,30,757.30","2,26,806","71,50,955",52.13
ITC,EQ,2024-09-09,501.7,502.0,512.65,500.35,511.5,511.75,509.47,"1,37,36,044","6,99,80,44,346.50","1,91,706","82,06,080",59.74
ITC,EQ,2024-09-10,511.75,511.9,515.0,508.75,512.9,513.6,512.86,"1,09,11,995","5,59,63,26,541.20","1,73,370","71,63,535",65.65
ITC,EQ,2024-09-11,513.6,513.0,519.5,511.95,513.1,514.35,516.48,"1,49,22,832","7,70,72,78,241.50","2,58,825","86,86,733",58.21
ITC,EQ,2024-09-12,514.35,515.1,520.5,508.55,518.05,519.5,515.6,"1,83,77,550","9,47,54,61,095.90","2,08,255","93,31,674",50.78
ITC,EQ,2024-09-13,519.5,519.5,520.0,512.0,513.65,513.85,513.81,"88,25,193","4,53,44,84,027.05","1,39,096","46,13,000",52.27
ITC,EQ,2024-09-16,513.85,515.9,517.0,509.7,509.95,511.1,513.15,"75,31,604","3,86,48,31,357.30","80,552","50,41,075",66.93
ITC,EQ,2024-09-17,511.1,511.05,513.55,506.25,508.25,507.75,508.55,"1,04,86,015","5,33,26,81,431.45","1,13,046","70,52,257",67.25
ITC,EQ,2024-09-18,507.75,507.85,512.4,505.1,506.75,507.35,509.15,"54,29,619","2,76,45,06,352.10","98,908","23,61,842",43.5
ITC,EQ,2024-09-19,507.35,510.0,514.8,507.5,508.6,508.25,510.59,"1,39,25,311","7,11,00,66,899.10","2,26,927","71,11,636",51.07
ITC,EQ,2024-09-20,508.25,512.0,517.35,508.0,514.15,514.4,513.97,"2,38,08,194","12,23,67,58,568.15","2,31,527","1,06,42,170",44.7
ITC,EQ,2024-09-23,514.4,515.45,519.45,513.6,516.75,516.95,516.88,"78,04,918","4,03,42,41,784.00","1,30,984","46,67,236",59.8
ITC,EQ,2024-09-24,516.95,517.0,517.8,514.15,515.5,515.25,515.47,"67,55,320","3,48,21,95,547.40","1,21,014","46,51,571",68.86
ITC,EQ,2024-09-25,515.25,515.5,519.3,512.3,517.65,517.55,515.67,"84,76,223","4,37,09,74,903.20","1,55,236","54,90,817",64.78
ITC,EQ,2024-09-26,517.55,517.65,523.75,517.0,522.25,522.75,521.19,"1,54,89,991","8,07,31,86,016.75","2,03,237","83,26,701",53.76
ITC,EQ,2024-09-27,522.75,520.25,528.5,520.25,521.7,522.7,524.14,"1,72,51,962","9,04,23,61,720.15","1,69,240","1,16,68,997",67.64
ITC,EQ,2024-09-30,522.7,520.6,524.35,514.05,518.25,518.15,518.56,"1,05,31,347","5,46,11,48,445.10","1,63,844","72,91,394",69.24
ITC,EQ,2024-10-01,518.15,518.15,519.75,514.0,516.5,516.2,515.9,"50,89,315","2,62,55,80,578.35","1,09,488","31,79,330",62.47
ITC,EQ,2024-10-03,516.2,508.55,515.7,508.1,511.75,512.75,512.47,"1,58,70,147","8,13,29,38,477.90","2,27,553","1,02,03,546",64.29
ITC,EQ,2024-10-04,512.75,510.0,517.35,501.55,504.75,503.55,509.93,"1,82,28,912","9,29,54,09,035.50","2,92,636","74,25,823",40.74
ITC,EQ,2024-10-07,503.55,507.0,514.95,506.75,510.0,510.2,511.03,"1,64,79,772","8,42,16,88,874.45","2,16,682","77,25,735",46.88
ITC,EQ,2024-10-08,510.2,510.0,512.55,506.0,508.5,507.95,508.84,"95,02,367","4,83,52,22,369.05","1,40,127","56,30,193",59.25
ITC,EQ,2024-10-09,507.95,509.8,509.8,490.55,492.5,491.7,499.12,"2,39,52,459","11,95,51,85,952.75","2,78,280","1,49,72,422",62.51
ITC,EQ,2024-10-10,491.7,495.35,495.65,489.45,493.0,492.05,492.72,"1,27,99,333","6,30,64,80,747.25","1,99,193","67,92,403",53.07
ITC,EQ,2024-10-11,492.05,493.0,493.95,487.4,488.95,488.2,489.06,"1,43,94,986","7,03,99,78,268.90","1,58,339","94,06,797",65.35
ITC,EQ,2024-10-14,488.2,491.0,499.0,488.65,496.75,496.95,495.16,"67,12,103","3,32,35,90,493.55","1,28,200","35,10,780",52.31
ITC,EQ,2024-10-15,496.95,498.0,499.4,494.5,498.0,498.55,497.33,"80,37,662","3,99,73,96,320.95","1,18,170","57,03,322",70.96
ITC,EQ,2024-10-16,498.55,496.0,498.85,492.35,493.1,493.2,495.3,"66,82,083","3,30,96,53,123.20","1,17,691","38,54,424",57.68
ITC,EQ,2024-10-17,493.2,495.0,495.0,488.0,489.0,488.9,490.71,"73,85,299","3,62,40,29,088.45","1,06,788","40,96,098",55.46
ITC,EQ,2024-10-18,488.9,488.75,491.55,478.4,486.15,486.7,482.63,"2,17,78,099","10,51,08,19,521.05","1,89,101","1,44,81,644",66.5
ITC,EQ,2024-10-21,486.7,486.7,487.6,477.35,483.1,483.65,483.4,"73,95,274","3,57,48,75,531.85","1,35,775","41,29,781",55.84
ITC,EQ,2024-10-22,483.65,483.65,488.4,480.8,482.5,481.8,483.8,"1,22,99,288","5,95,04,54,269.80","1,94,079","86,27,959",70.15
ITC,EQ,2024-10-23,481.8,481.0,483.3,479.5,480.7,480.35,480.88,"1,01,62,570","4,88,70,14,877.45","1,30,143","67,93,788",66.85
ITC,EQ,2024-10-24,480.35,482.0,482.4,470.0,470.7,471.7,474.32,"1,30,92,399","6,20,99,65,225.20","2,40,152","83,81,883",64.02
ITC,EQ,2024-10-25,471.7,475.8,493.5,474.2,482.25,482.3,486.29,"3,09,61,625","15,05,62,61,874.00","3,79,810","1,15,84,087",37.41
ITC,EQ,2024-10-28,482.3,481.95,485.9,476.0,484.0,484.15,482.79,"86,14,446","4,15,89,85,648.85","1,13,970","44,84,756",52.06
ITC,EQ,2024-10-29,484.15,485.0,489.2,481.3,488.0,487.95,486.12,"68,66,704","3,33,80,33,179.65","1,11,564","38,84,092",56.56
ITC,EQ,2024-10-30,487.95,487.95,493.25,486.5,491.8,491.55,490.85,"63,93,835","3,13,83,98,995.85","92,835","39,89,218",62.39
ITC,EQ,2024-10-31,491.55,492.0,493.0,484.7,489.25,488.8,487.8,"78,10,874","3,81,01,27,063.40","1,61,609","46,80,175",59.92
ITC,EQ,2024-11-01,488.8,491.0,492.1,489.3,489.95,490.3,490.89,"14,61,602","71,74,91,831.90","54,687","7,81,794",53.49
ITC,EQ,2024-11-04,490.3,493.45,493.45,479.55,485.25,484.6,483.55,"84,29,731","4,07,61,59,422.90","1,70,904","49,97,006",59.28
ITC,EQ,2024-11-05,484.6,482.95,485.05,476.95,480.95,480.2,479.98,"73,27,830","3,51,72,42,119.05","1,50,450","41,25,133",56.29
ITC,EQ,2024-11-06,480.2,480.2,484.4,478.0,481.95,481.1,480.83,"1,13,13,985","5,44,01,09,205.55","1,40,673","72,42,449",64.01
ITC,EQ,2024-11-07,481.1,481.75,482.7,476.1,478.0,477.9,477.82,"89,24,280","4,26,41,65,090.20","1,32,407","53,93,508",60.44
ITC,EQ,2024-11-08,477.9,477.9,480.7,474.6,478.8,478.05,477.78,"60,90,462","2,90,99,20,473.35","1,05,996","34,54,982",56.73
ITC,EQ,2024-11-11,478.05,478.05,481.5,474.1,477.3,476.95,478.38,"54,88,948","2,62,58,14,462.70","1,23,605","33,00,121",60.12
ITC,EQ,2024-11-12,476.95,477.6,477.95,471.15,471.9,472.85,474.91,"50,41,916","2,39,44,32,824.50","1,29,476","32,95,131",65.35
ITC,EQ,2024-11-13,472.85,470.05,474.7,468.25,472.0,472.2,471.96,"1,11,20,381","5,24,84,10,369.00","1,88,101","75,21,950",67.64
ITC,EQ,2024-11-14,472.2,471.2,472.95,462.25,467.0,465.95,465.91,"1,16,39,562","5,42,29,31,558.70","2,30,824","60,82,557",52.26
ITC,EQ,2024-11-18,465.95,466.0,467.8,462.0,467.4,466.55,464.79,"81,35,260","3,78,11,91,097.20","1,83,896","46,99,705",57.77
ITC,EQ,2024-11-19,466.55,468.0,473.75,466.25,466.6,467.35,471.03,"68,57,374","3,23,00,38,399.65","1,11,105","44,78,830",65.31
ITC,EQ,2024-11-21,467.35,461.0,464.05,455.4,457.0,457.15,458.53,"1,95,59,847","8,96,87,97,499.25","2,36,495","1,27,26,681",65.07
ITC,EQ,2024-11-22,457.15,456.2,476.5,455.5,474.0,474.65,465.47,"1,94,64,568","9,06,02,24,659.45","1,78,132","1,11,68,893",57.38
ITC,EQ,2024-11-25,474.65,479.0,482.2,472.4,478.15,476.8,476.97,"1,38,91,991","6,62,60,51,098.65","1,37,597","81,94,335",58.99
ITC,EQ,2024-11-26,476.8,480.0,482.65,474.1,477.0,477.0,476.76,"65,39,846","3,11,79,27,466.80","1,24,209","33,60,474",51.38
ITC,EQ,2024-11-27,477.0,477.5,480.1,473.0,476.95,476.95,475.67,"70,67,013","3,36,15,55,101.90","92,526","37,97,294",53.73
ITC,EQ,2024-11-28,476.95,477.0,483.8,470.55,475.55,474.9,476.02,"1,44,12,539","6,86,05,90,338.25","1,97,328","66,09,296",45.86
ITC,EQ,2024-11-29,474.9,473.2,478.9,472.6,477.0,476.75,476.39,"83,46,687","3,97,63,06,074.10","1,26,718","47,78,661",57.25
ITC,EQ,2024-12-02,476.75,476.0,479.3,473.4,477.4,477.2,476.84,"54,78,598","2,61,23,98,108.20","1,05,775","32,74,668",59.77
ITC,EQ,2024-12-03,477.2,466.0,473.4,462.75,472.55,472.55,469.06,"2,22,18,251","10,42,16,81,081.05","2,89,294","1,14,68,158",51.62
ITC,EQ,2024-12-04,472.55,474.4,478.2,466.4,467.2,467.1,470.88,"1,34,39,484","6,32,83,46,244.15","1,84,751","83,99,289",62.5
ITC,EQ,2024-12-05,467.1,467.55,472.75,462.5,467.7,467.5,468.0,"2,64,15,053","12,36,22,22,644.55","2,80,989","1,47,12,940",55.7
ITC,EQ,2024-12-06,467.5,470.0,474.95,467.7,471.95,471.15,472.38,"75,51,407","3,56,71,34,560.35","1,18,458","32,79,177",43.42
ITC,EQ,2024-12-09,471.15,471.5,472.0,462.95,465.2,464.95,467.02,"1,17,03,384","5,46,56,95,132.70","1,60,632","73,32,585",62.65
ITC,EQ,2024-12-10,464.95,465.35,466.45,462.6,465.35,465.45,464.64,"88,23,805","4,09,99,16,466.30","1,37,180","58,03,821",65.77
ITC,EQ,2024-12-11,465.45,467.2,468.2,464.7,465.25,465.25,466.13,"67,45,816","3,14,44,31,682.05","1,08,407","36,33,100",53.86
ITC,EQ,2024-12-12,465.25,465.5,467.9,459.15,460.85,460.6,462.32,"1,28,84,401","5,95,67,25,495.60","1,65,742","69,64,126",54.05
ITC,EQ,2024-12-13,460.6,460.0,474.4,451.65,471.0,470.0,464.46,"3,17,53,858","14,74,84,33,018.55","2,49,426","1,75,12,410",55.15
ITC,EQ,2024-12-16,470.0,470.25,474.4,468.0,470.0,470.1,470.12,"90,07,264","4,23,44,93,701.85","1,53,567","47,81,612",53.09
ITC,EQ,2024-12-17,470.1,470.0,475.8,463.05,470.7,469.55,470.32,"1,98,44,152","9,33,30,64,294.30","2,35,005","86,72,882",43.7
ITC,EQ,2024-12-18,469.55,472.7,473.8,466.9,471.25,470.5,470.47,"1,23,65,167","5,81,74,85,040.30","1,71,373","63,17,433",51.09
ITC,EQ,2024-12-19,470.5,469.0,474.35,465.3,466.0,466.55,468.63,"1,45,99,270","6,84,16,13,826.05","2,08,360","84,70,164",58.02
ITC,EQ,2024-12-20,466.55,466.5,467.45,459.3,465.65,464.65,463.94,"1,94,81,288","9,03,81,76,739.25","2,41,995","1,02,33,036",52.53
ITC,EQ,2024-12-23,464.65,471.2,477.7,467.6,474.5,474.25,473.08,"1,88,37,469","8,91,16,59,177.30","2,40,219","1,17,23,502",62.24
ITC,EQ,2024-12-24,474.25,474.9,480.25,472.65,478.25,478.45,478.09,"1,15,64,497","5,52,88,95,414.85","1,72,646","75,49,163",65.28
ITC,EQ,2024-12-26,478.45,480.55,481.85,476.0,477.0,476.95,478.43,"88,48,065","4,23,31,60,326.90","1,48,089","50,18,964",56.72
ITC,EQ,2024-12-27,476.95,479.75,481.9,476.0,479.7,478.6,479.17,"1,62,79,450","7,80,06,52,449.55","1,66,926","1,00,11,016",61.49
ITC,EQ,2024-12-30,478.6,480.75,481.45,476.0,476.8,477.0,478.45,"1,30,74,810","6,25,56,56,373.25","1,58,954","98,83,713",75.59
ITC,EQ,2024-12-31,477.0,478.45,484.65,474.55,484.45,483.65,479.83,"1,32,76,195","6,37,02,64,307.20","1,52,025","91,57,073",68.97
ITC,EQ,2025-01-01,483.65,486.0,486.85,482.15,484.7,483.95,484.93,"1,82,29,128","8,83,99,30,024.40","1,64,587","1,32,09,445",72.46
ITC,EQ,2025-01-02,483.95,485.35,490.0,482.3,489.5,489.05,486.22,"2,61,24,980","12,70,24,91,020.45","2,24,779","2,13,81,955",81.84
ITC,EQ,2025-01-03,489.05,490.25,491.0,479.85,483.95,481.6,482.67,"3,70,72,992","17,89,39,61,935.85","2,27,193","2,53,89,838",68.49
ITC,EQ,2025-01-06,481.6,455.6,461.75,441.25,445.35,442.65,450.15,"2,20,09,958","9,90,77,71,203.05","2,86,532","1,32,11,468",60.02
ITC,EQ,2025-01-07,442.65,445.5,447.6,440.15,441.1,441.1,442.97,"1,42,94,780","6,33,20,98,307.30","1,80,441","96,00,674",67.16
ITC,EQ,2025-01-08,441.1,443.0,452.05,437.1,449.65,449.55,444.83,"1,34,82,926","5,99,76,60,207.25","1,63,390","74,23,150",55.06
ITC,EQ,2025-01-09,449.55,449.4,460.65,446.05,450.45,450.1,452.64,"1,97,32,649","8,93,18,46,709.45","2,14,398","1,20,20,193",60.92
ITC,EQ,2025-01-10,450.1,449.95,452.0,442.5,443.85,444.9,445.59,"91,45,729","4,07,52,02,264.90","1,69,176","58,11,680",63.55
ITC,EQ,2025-01-13,444.9,435.0,444.0,435.0,439.0,439.05,440.27,"1,77,99,607","7,83,66,65,097.95","1,72,276","1,28,49,941",72.19
ITC,EQ,2025-01-14,439.05,441.0,441.5,435.85,436.95,436.6,438.04,"1,80,48,459","7,90,59,15,833.35","2,33,131","1,15,03,124",63.73
ITC,EQ,2025-01-15,436.6,436.6,441.8,435.35,437.0,437.35,437.99,"97,86,805","4,28,65,12,512.75","1,23,376","62,53,307",63.9
ITC,EQ,2025-01-16,437.35,438.05,439.45,431.1,432.9,432.85,432.62,"1,57,74,070","6,82,41,78,083.40","1,97,000","97,76,135",61.98
ITC,EQ,2025-01-17,432.85,433.0,441.8,432.5,439.65,440.2,438.78,"1,12,70,061","4,94,51,04,351.05","1,19,845","73,48,281",65.2
ITC,EQ,2025-01-20,440.2,439.0,441.2,436.0,437.45,437.7,437.61,"87,42,771","3,82,59,27,431.85","1,52,896","62,68,998",71.7
ITC,EQ,2025-01-21,437.7,438.0,447.0,435.25,437.95,437.55,440.22,"1,56,86,500","6,90,54,71,880.05","2,16,692","58,53,952",37.32
ITC,EQ,2025-01-22,437.55,439.9,441.95,436.55,436.75,437.0,438.79,"96,19,648","4,22,09,97,156.10","1,33,708","55,67,099",57.87
ITC,EQ,2025-01-23,437.0,435.0,441.85,434.1,440.45,440.2,439.59,"88,88,248","3,90,71,65,756.85","1,31,321","47,53,594",53.48
ITC,EQ,2025-01-24,440.2,439.4,445.0,439.05,441.4,441.6,442.53,"96,65,384","4,27,72,28,029.70","1,41,694","60,70,113",62.8
ITC,EQ,2025-01-27,441.6,440.8,445.0,436.55,439.9,440.1,440.42,"1,04,80,203","4,61,56,46,516.45","1,55,397","62,86,459",59.98
ITC,EQ,2025-01-28,440.1,440.0,441.8,434.5,434.65,435.45,437.14,"2,08,13,072","9,09,82,82,699.20","1,74,411","1,25,57,031",60.33
ITC,EQ,2025-01-29,435.45,435.95,437.5,430.1,433.25,433.35,433.19,"1,51,58,510","6,56,64,56,115.00","2,70,156","99,59,829",65.7
ITC,EQ,2025-01-30,433.35,433.0,438.0,431.45,436.0,436.2,434.97,"2,24,96,695","9,78,54,77,722.40","2,06,602","1,54,95,715",68.88
ITC,EQ,2025-01-31,436.2,436.5,448.2,435.1,447.7,447.5,443.74,"1,35,46,181","6,01,10,29,618.05","2,92,498","95,67,680",70.63
ITC,EQ,2025-02-01,447.5,448.0,471.5,439.55,461.55,462.55,459.22,"3,03,93,007","13,95,70,38,228.10","3,08,264","1,27,37,210",41.91
ITC,EQ,2025-02-03,462.55,462.0,465.2,452.3,453.5,454.35,457.77,"1,69,91,730","7,77,82,30,238.50","2,78,444","96,27,342",56.66
ITC,EQ,2025-02-04,454.35,458.0,460.35,448.75,454.3,455.15,454.39,"1,89,23,681","8,59,86,91,176.90","2,19,082","1,08,06,930",57.11
ITC,EQ,2025-02-05,455.15,455.15,455.85,446.5,448.5,448.15,450.02,"1,28,36,283","5,77,65,23,794.20","1,55,466","82,54,209",64.3
ITC,EQ,2025-02-06,448.15,450.0,450.0,438.2,442.75,441.1,441.65,"1,74,69,129","7,71,52,80,524.95","1,64,798","1,00,73,598",57.67
ITC,EQ,2025-02-07,441.1,440.0,445.5,428.4,430.1,430.85,432.24,"1,88,75,982","8,15,88,60,785.30","2,12,183","1,11,01,522",58.81
ITC,EQ,2025-02-10,430.85,427.0,433.3,426.5,427.7,427.2,428.76,"1,22,27,140","5,24,24,93,795.80","1,56,939","81,94,600",67.02
ITC,EQ,2025-02-11,427.2,428.8,430.55,417.5,418.05,418.3,421.57,"1,42,88,751","6,02,37,50,310.80","1,87,384","87,33,094",61.12
ITC,EQ,2025-02-12,418.3,413.15,413.8,407.6,411.2,409.9,410.36,"1,38,84,574","5,69,76,74,234.65","2,07,478","76,71,814",55.25
ITC,EQ,2025-02-13,409.9,409.95,413.95,409.0,410.0,409.7,411.14,"1,29,89,029","5,34,03,10,573.90","1,85,598","85,40,154",65.75
ITC,EQ,2025-02-14,409.7,411.75,416.2,408.4,410.0,410.25,411.41,"1,41,24,236","5,81,08,70,731.00","1,99,616","76,52,472",54.18
ITC,EQ,2025-02-17,410.25,409.8,411.4,406.75,408.6,408.6,408.96,"1,19,75,265","4,89,74,17,889.10","2,85,419","78,52,631",65.57
ITC,EQ,2025-02-18,408.6,408.0,410.85,404.0,404.9,405.25,406.53,"1,29,98,403","5,28,42,37,636.80","2,08,753","96,52,056",74.26
ITC,EQ,2025-02-19,405.25,404.8,408.8,404.5,406.2,406.4,406.89,"70,79,032","2,88,04,11,815.90","88,693","43,59,885",61.59
ITC,EQ,2025-02-20,406.4,399.95,403.9,396.2,402.0,402.05,401.31,"1,53,55,585","6,16,23,79,397.35","2,26,856","89,37,485",58.2
ITC,EQ,2025-02-21,402.05,402.05,403.25,399.2,400.7,400.9,400.75,"82,40,986","3,30,25,44,309.75","1,75,217","50,15,724",60.86
ITC,EQ,2025-02-24,400.9,400.0,403.4,398.75,402.0,401.9,401.96,"70,37,625","2,82,88,32,996.75","1,21,155","41,55,102",59.04
ITC,EQ,2025-02-25,401.9,402.0,407.0,400.5,404.0,404.85,404.11,"1,57,60,891","6,36,90,71,142.95","1,38,641","1,09,91,293",69.74
ITC,EQ,2025-02-27,404.85,404.85,406.5,399.5,401.5,401.6,401.75,"1,90,51,003","7,65,36,97,871.25","1,63,369","1,51,11,793",79.32
ITC,EQ,2025-02-28,401.6,399.0,402.5,392.2,395.9,395.0,394.79,"3,19,54,776","12,61,54,32,840.90","2,44,503","2,41,84,137",75.68
ITC,EQ,2025-03-03,395.0,395.95,399.0,391.2,397.0,397.45,396.98,"1,07,02,826","4,24,87,73,535.65","1,69,634","69,93,828",65.35
ITC,EQ,2025-03-04,397.45,395.4,397.2,392.85,394.45,394.85,394.38,"1,34,04,774","5,28,65,94,132.80","1,54,199","94,85,838",70.76
ITC,EQ,2025-03-05,394.85,394.5,412.75,394.5,409.2,405.05,399.82,"1,56,65,018","6,26,31,65,318.05","1,69,098","1,04,71,994",66.85
ITC,EQ,2025-03-06,405.05,409.15,409.7,400.55,406.2,405.7,403.66,"1,78,69,996","7,21,34,83,492.20","1,70,718","98,56,354",55.16
ITC,EQ,2025-03-07,405.7,403.55,405.85,401.7,403.75,403.9,403.66,"1,11,80,761","4,51,31,90,673.15","1,29,975","83,16,240",74.38
ITC,EQ,2025-03-10,403.9,401.05,406.85,400.4,404.8,405.0,404.7,"97,85,018","3,96,00,32,837.25","1,14,078","68,41,881",69.92
ITC,EQ,2025-03-11,405.0,401.5,408.4,401.2,406.2,406.2,406.58,"1,10,99,475","4,51,27,93,431.70","1,16,862","71,73,525",64.63
ITC,EQ,2025-03-12,406.2,406.4,413.3,404.0,412.55,412.4,409.75,"1,38,44,306","5,67,27,66,834.60","99,237","98,38,272",71.06
ITC,EQ,2025-03-13,412.4,413.0,414.4,408.2,411.45,412.05,412.4,"81,96,569","3,38,02,86,305.70","1,22,083","41,19,199",50.26
ITC,EQ,2025-03-17,412.05,413.0,416.25,407.0,407.8,407.95,409.81,"52,57,859","2,15,47,06,809.40","87,899","30,32,615",57.68
ITC,EQ,2025-03-18,407.95,410.0,411.95,407.75,409.5,409.1,409.5,"1,38,61,897","5,67,65,00,784.85","1,06,364","88,63,863",63.94
ITC,EQ,2025-03-19,409.1,410.0,410.75,402.6,403.4,403.05,404.51,"1,28,30,387","5,18,99,84,214.60","1,35,494","83,44,379",65.04
ITC,EQ,2025-03-20,403.05,405.0,406.65,401.9,403.6,403.95,403.5,"1,69,94,037","6,85,71,53,651.65","1,25,979","1,09,43,546",64.4
ITC,EQ,2025-03-21,403.95,405.95,407.5,401.7,406.5,405.55,404.1,"2,53,02,035","10,22,46,18,507.85","1,30,427","1,82,19,840",72.01
ITC,EQ,2025-03-24,405.55,407.0,412.85,405.6,411.0,410.9,409.64,"1,43,62,572","5,88,35,05,695.50","1,38,703","95,32,216",66.37
ITC,EQ,2025-03-25,410.9,412.0,415.25,408.7,409.2,409.8,411.17,"2,03,38,110","8,36,24,11,027.50","1,38,414","1,12,39,980",55.27
ITC,EQ,2025-03-26,409.8,410.3,411.2,406.25,407.4,407.35,409.03,"1,38,91,436","5,68,19,50,426.05","1,03,317","92,85,307",66.84
ITC,EQ,2025-03-27,407.35,408.0,410.7,405.65,409.35,409.45,409.35,"1,86,42,328","7,63,12,35,472.20","1,53,590","1,32,35,557",71.0
ITC,EQ,2025-03-28,409.45,410.9,415.6,408.15,410.25,409.75,410.91,"1,29,81,873","5,33,44,43,057.90","1,14,689","76,34,889",58.81
ITC,EQ,2025-04-01,409.75,409.8,414.4,405.6,406.6,406.65,409.28,"1,52,06,240","6,22,36,51,577.60","1,27,499","82,01,108",53.93
ITC,EQ,2025-04-02,406.65,407.05,410.0,406.05,408.7,409.05,408.65,"80,01,323","3,26,97,11,918.80","72,562","54,12,194",67.64
ITC,EQ,2025-04-03,409.05,407.05,410.2,406.7,409.0,409.4,408.93,"70,59,566","2,88,68,81,314.85","78,934","47,02,784",66.62
ITC,EQ,2025-04-04,409.4,407.5,412.8,404.5,409.3,409.7,409.44,"1,86,27,592","7,62,67,98,175.75","1,49,408","1,28,12,576",68.78
ITC,EQ,2025-04-07,409.7,390.15,408.1,390.15,406.75,406.05,403.02,"2,67,62,866","10,78,58,70,136.45","3,07,280","1,69,77,851",63.44
ITC,EQ,2025-04-08,406.05,411.9,415.8,407.25,413.5,412.55,411.57,"1,86,00,796","7,65,54,92,505.50","2,34,584","1,00,61,168",54.09
ITC,EQ,2025-04-09,412.55,413.0,419.05,411.25,416.15,416.3,416.41,"2,17,85,572","9,07,16,50,104.35","2,42,191","1,40,69,801",64.58
ITC,EQ,2025-04-11,416.3,420.0,422.45,417.0,422.0,421.55,420.4,"89,39,356","3,75,80,63,114.55","98,015","55,69,100",62.3
ITC,EQ,2025-04-15,421.55,429.2,429.2,419.0,420.35,420.4,421.35,"1,16,85,880","4,92,38,48,655.80","1,29,742","71,32,688",61.04
ITC,EQ,2025-04-16,420.4,418.0,426.05,418.0,424.9,424.45,423.29,"1,30,34,594","5,51,74,51,893.15","1,15,189","96,98,883",74.41
ITC,EQ,2025-04-17,424.45,425.0,427.85,421.55,427.0,427.25,425.37,"2,24,10,217","9,53,26,79,412.90","2,22,404","1,66,23,608",74.18
ITC,EQ,2025-04-21,427.25,428.05,429.1,421.5,422.95,422.85,422.51,"2,73,88,236","11,57,18,85,187.30","2,18,049","1,98,51,848",72.48
ITC,EQ,2025-04-22,422.85,425.95,434.8,423.55,432.85,433.6,427.96,"3,20,31,936","13,70,84,85,407.15","1,67,601","2,30,87,946",72.08
ITC,EQ,2025-04-23,433.6,436.2,437.45,428.85,430.15,430.85,431.14,"1,95,66,317","8,43,59,17,733.65","1,44,472","1,41,87,075",72.51
ITC,EQ,2025-04-24,430.85,431.85,436.05,429.3,429.85,430.05,431.79,"2,60,64,089","11,25,41,47,788.10","1,34,018","1,75,81,729",67.46
ITC,EQ,2025-04-25,430.05,430.05,432.7,423.3,427.6,427.8,425.99,"2,29,44,377","9,77,40,87,061.50","1,20,877","1,65,24,926",72.02
ITC,EQ,2025-04-28,427.8,426.65,430.5,424.75,428.75,428.8,428.56,"62,87,095","2,69,44,27,013.85","73,016","36,10,000",57.42
ITC,EQ,2025-04-29,428.8,428.9,429.6,425.0,425.35,426.0,426.31,"1,11,89,930","4,77,03,31,679.80","2,28,223","75,39,064",67.37
ITC,EQ,2025-04-30,426.0,427.4,429.3,422.0,425.0,425.8,426.72,"1,00,26,546","4,27,85,52,724.80","1,97,832","67,54,269",67.36
ITC,EQ,2025-05-02,425.8,424.1,431.5,424.1,429.3,430.25,428.82,"1,27,69,461","5,47,58,58,517.65","1,15,137","92,00,332",72.05
ITC,EQ,2025-05-05,430.25,430.25,438.5,429.35,437.5,436.95,436.11,"1,15,25,305","5,02,63,39,793.80","1,17,066","78,23,299",67.88
ITC,EQ,2025-05-06,436.95,437.5,439.65,433.0,433.2,435.55,436.24,"1,50,26,568","6,55,51,76,631.90","1,33,609","1,15,24,996",76.7
ITC,EQ,2025-05-07,435.55,433.4,435.0,429.7,430.15,431.15,431.77,"97,10,361","4,19,26,56,819.60","1,48,037","64,27,443",66.19
ITC,EQ,2025-05-08,431.15,429.0,431.5,423.55,429.4,430.6,428.99,"1,99,37,960","8,55,31,17,657.75","1,73,524","1,21,97,943",61.18
ITC,EQ,2025-05-09,430.6,425.95,429.15,423.0,424.0,423.55,425.58,"82,26,512","3,50,10,26,096.65","1,34,382","58,24,958",70.81
ITC,EQ,2025-05-12,423.55,429.5,436.2,428.15,435.1,435.5,433.63,"80,31,891","3,48,28,63,921.65","78,145","51,15,462",63.69
ITC,EQ,2025-05-13,435.5,434.9,437.95,425.35,427.9,427.9,429.47,"1,49,76,369","6,43,19,40,112.45","1,53,294","76,42,356",51.03
ITC,EQ,2025-05-14,427.9,427.1,431.85,425.9,429.05,429.1,428.65,"95,57,309","4,09,67,82,375.45","96,326","64,64,062",67.63
ITC,EQ,2025-05-15,429.1,429.1,435.4,426.0,432.0,432.65,431.14,"2,42,63,510","10,46,09,38,250.10","1,73,965","1,33,67,091",55.09
ITC,EQ,2025-05-16,432.65,434.9,436.2,432.1,435.6,435.7,434.74,"1,64,02,035","7,13,06,84,218.55","1,05,849","1,23,42,349",75.25
ITC,EQ,2025-05-19,435.7,435.0,438.5,432.65,436.1,435.35,435.0,"75,43,854","3,28,15,49,026.60","1,04,429","46,52,199",61.67
ITC,EQ,2025-05-20,435.35,437.0,440.8,432.9,435.4,434.9,436.58,"98,68,414","4,30,83,92,163.40","1,03,234","50,67,871",51.35
ITC,EQ,2025-05-21,434.9,436.6,438.2,432.0,432.4,433.0,435.04,"57,76,672","2,51,31,03,067.75","64,175","32,74,563",56.69
ITC,EQ,2025-05-22,433.0,433.0,433.0,422.9,425.5,426.1,425.53,"1,94,51,749","8,27,73,12,766.40","1,72,555","1,19,45,737",61.41
ITC,EQ,2025-05-23,426.1,434.0,439.0,429.0,436.0,436.3,435.32,"1,85,36,884","8,06,94,22,032.25","1,80,589","80,64,365",43.5
ITC,EQ,2025-05-26,436.3,438.25,443.55,436.75,442.9,442.9,440.19,"1,31,07,662","5,76,98,28,393.55","1,07,919","82,63,136",63.04
ITC,EQ,2025-05-27,442.9,442.9,444.2,430.85,434.7,433.9,436.39,"2,69,86,022","11,77,63,31,084.90","2,24,458","1,53,17,656",56.76
ITC,EQ,2025-05-28,433.9,417.7,422.6,413.0,421.0,420.2,415.08,"43,18,51,622","1,79,25,50,83,660.80","4,13,487","32,41,48,854",75.06
ITC,EQ,2025-05-29,420.2,422.0,422.8,416.6,419.35,418.75,418.44,"2,14,78,547","8,98,74,65,219.90","2,01,763","1,40,32,235",65.33
ITC,EQ,2025-05-30,418.75,419.1,420.05,416.4,418.75,418.05,417.87,"3,06,56,239","12,81,01,87,425.40","1,59,932","2,17,72,343",71.02
ITC,EQ,2025-06-02,418.05,418.3,420.45,414.55,418.5,419.3,418.16,"1,49,73,380","6,26,12,14,003.60","1,65,410","90,23,989",60.27
ITC,EQ,2025-06-03,419.3,419.0,421.7,415.65,417.0,416.95,418.03,"1,32,16,486","5,52,49,19,470.20","1,40,901","72,16,414",54.6
ITC,EQ,2025-06-04,416.95,417.15,419.0,415.95,416.8,417.0,417.14,"1,25,98,933","5,25,55,34,433.40","1,16,476","81,89,047",65.0
ITC,EQ,2025-06-05,417.0,418.5,420.95,415.75,419.45,419.1,418.56,"1,32,12,523","5,53,02,48,629.80","1,25,958","70,71,012",53.52
ITC,EQ,2025-06-06,419.1,420.3,421.3,419.0,421.05,421.05,420.36,"87,74,988","3,68,86,50,527.20","1,35,147","58,98,430",67.22
ITC,EQ,2025-06-09,421.05,422.0,423.6,420.5,423.0,423.05,422.61,"1,04,73,123","4,42,60,07,949.65","1,52,980","76,58,622",73.13
ITC,EQ,2025-06-10,423.05,424.5,428.55,423.05,427.65,427.0,426.58,"1,30,41,075","5,56,30,34,401.50","1,70,097","90,43,141",69.34
ITC,EQ,2025-06-11,427.0,428.0,428.1,424.85,425.55,426.15,426.47,"2,07,89,182","8,86,60,64,896.50","1,48,079","1,69,68,873",81.62
ITC,EQ,2025-06-12,426.15,427.0,427.2,419.55,420.95,421.0,421.78,"1,85,08,835","7,80,66,98,998.50","2,50,912","1,04,88,398",56.67
ITC,EQ,2025-06-13,421.0,415.0,419.35,413.5,413.95,413.9,416.29,"1,78,73,926","7,44,07,50,348.70","1,63,341","1,33,75,911",74.83
ITC,EQ,2025-06-16,413.9,414.95,418.9,413.25,418.65,418.2,417.32,"70,06,629","2,92,40,40,280.95","1,01,302","43,49,629",62.08
ITC,EQ,2025-06-17,418.2,418.1,419.05,415.7,417.05,417.4,417.33,"90,28,406","3,76,77,81,671.25","1,15,094","59,75,840",66.19
ITC,EQ,2025-06-18,417.4,417.0,418.45,414.9,415.6,415.9,416.11,"80,36,215","3,34,39,60,493.95","1,26,035","55,67,601",69.28
ITC,EQ,2025-06-19,415.9,415.65,418.25,414.8,415.8,416.0,416.72,"1,26,01,006","5,25,11,07,254.85","91,846","83,57,802",66.33
ITC,EQ,2025-06-20,416.0,416.0,419.5,416.0,417.25,418.55,418.46,"1,32,03,184","5,52,49,85,516.30","1,10,675","99,18,802",75.12
ITC,EQ,2025-06-23,418.55,417.0,417.5,411.75,413.4,413.9,415.0,"1,48,39,890","6,15,85,08,971.45","1,71,311","1,01,01,657",68.07
ITC,EQ,2025-06-24,413.9,416.9,420.65,413.75,414.55,414.35,416.39,"1,66,90,068","6,94,95,18,762.75","2,01,406","1,01,67,805",60.92
ITC,EQ,2025-06-25,414.35,416.4,418.15,415.1,416.1,416.35,416.89,"99,46,718","4,14,67,14,301.45","1,50,780","70,12,871",70.5
ITC,EQ,2025-06-26,416.35,417.2,420.9,416.25,420.0,420.3,418.46,"1,37,03,918","5,73,45,31,592.15","2,48,476","87,76,093",64.04
ITC,EQ,2025-06-27,420.3,421.0,422.0,417.8,420.0,418.65,419.38,"2,14,09,935","8,97,88,30,736.00","1,38,937","1,67,14,118",78.07
ITC,EQ,2025-06-30,418.65,419.8,420.75,415.8,416.3,416.45,417.37,"1,23,17,124","5,14,07,85,633.05","1,45,533","92,40,659",75.02
ITC,EQ,2025-07-01,416.45,417.0,418.85,414.9,415.1,415.1,416.37,"1,36,70,465","5,69,19,10,423.45","1,35,207","1,02,29,290",74.83
ITC,EQ,2025-07-02,415.1,416.9,416.9,411.7,413.2,412.95,413.58,"1,59,90,899","6,61,34,37,048.00","1,48,675","1,16,78,799",73.03
ITC,EQ,2025-07-03,412.95,414.0,416.0,411.25,413.9,413.35,413.57,"1,41,85,298","5,86,66,30,211.25","1,42,804","79,90,645",56.33
ITC,EQ,2025-07-04,413.35,414.9,415.0,411.75,412.7,412.55,412.8,"82,56,733","3,40,83,42,585.95","1,03,880","52,73,419",63.87
ITC,EQ,2025-07-07,412.55,413.0,417.2,412.0,416.5,416.15,415.88,"68,45,218","2,84,68,07,822.50","1,20,392","41,58,017",60.74
ITC,EQ,2025-07-08,416.15,416.15,418.1,414.65,418.0,417.2,416.46,"68,07,192","2,83,49,24,838.55","76,566","44,23,626",64.98
ITC,EQ,2025-07-09,417.2,416.2,420.3,415.45,419.1,419.45,419.08,"99,30,533","4,16,16,51,352.25","1,46,808","66,94,458",67.41
ITC,EQ,2025-07-10,419.45,420.3,420.3,416.4,416.65,416.85,417.61,"62,20,360","2,59,76,61,683.25","76,333","37,26,003",59.9
ITC,EQ,2025-07-11,416.85,417.0,418.05,415.5,416.65,416.8,416.92,"85,78,844","3,57,67,13,516.45","96,778","59,38,413",69.22
ITC,EQ,2025-07-14,416.8,417.05,419.95,416.55,419.35,419.4,418.9,"68,96,989","2,88,91,23,352.95","94,592","48,50,678",70.33
ITC,EQ,2025-07-15,419.4,420.9,422.4,419.0,422.3,422.1,421.37,"85,32,755","3,59,54,25,226.20","1,12,643","55,65,660",65.23
ITC,EQ,2025-07-16,422.1,422.1,425.45,420.3,424.4,424.6,423.52,"97,80,773","4,14,23,30,034.65","91,064","72,07,565",73.69
ITC,EQ,2025-07-17,424.6,425.8,425.9,423.0,423.25,423.95,424.62,"72,40,795","3,07,46,22,256.70","85,266","44,23,015",61.08
ITC,EQ,2025-07-18,423.95,425.2,425.2,420.1,422.0,422.75,422.22,"67,30,256","2,84,16,42,514.05","82,551","42,59,084",63.28
ITC,EQ,2025-07-21,422.75,422.0,422.75,418.4,420.3,420.1,420.55,"48,22,343","2,02,80,12,485.95","85,747","27,01,240",56.02
ITC,EQ,2025-07-22,420.1,420.1,420.4,415.2,415.95,416.0,416.82,"98,69,507","4,11,38,26,380.95","1,17,437","73,64,729",74.62
ITC,EQ,2025-07-23,416.0,417.1,417.9,414.0,415.0,414.95,415.04,"1,21,96,187","5,06,18,66,238.40","99,775","93,63,897",76.78
ITC,EQ,2025-07-24,414.95,415.85,415.85,409.45,410.0,409.95,411.42,"90,05,157","3,70,48,82,523.95","1,32,378","59,99,945",66.63
ITC,EQ,2025-07-25,409.95,410.0,410.25,407.75,409.6,409.4,409.17,"58,24,089","2,38,30,43,433.05","1,00,941","38,99,862",66.96
ITC,EQ,2025-07-28,409.4,410.8,410.85,408.6,409.8,409.9,409.88,"81,23,337","3,32,95,57,179.75","86,106","53,21,561",65.51
ITC,EQ,2025-07-29,409.9,410.0,411.4,408.0,408.2,408.45,409.3,"68,11,772","2,78,80,74,823.55","97,448","40,09,213",58.86
ITC,EQ,2025-07-30,408.45,409.0,409.3,405.75,407.8,407.6,407.37,"1,09,15,863","4,44,68,03,251.75","1,02,742","76,90,447",70.45
ITC,EQ,2025-07-31,407.6,405.95,414.0,405.55,411.7,411.95,410.46,"1,93,64,174","7,94,81,30,344.70","1,45,541","1,31,66,048",67.99
ITC,EQ,2025-08-01,411.95,412.4,419.35,411.8,416.6,416.45,416.54,"1,43,24,065","5,96,65,72,601.75","1,43,905","86,62,368",60.47
ITC,EQ,2025-08-04,416.45,420.2,422.5,415.1,416.65,416.85,417.96,"1,83,52,458","7,67,05,04,419.40","3,46,053","1,28,66,158",70.11
ITC,EQ,2025-08-05,416.85,417.2,417.95,413.0,413.8,414.15,414.33,"84,95,104","3,51,97,98,904.05","1,47,684","58,15,167",68.45
ITC,EQ,2025-08-06,414.15,414.15,415.0,410.5,412.2,412.0,411.74,"90,80,543","3,73,88,41,645.30","1,23,746","58,45,492",64.37
ITC,EQ,2025-08-07,412.0,412.0,414.75,411.65,413.8,413.6,413.34,"1,15,14,878","4,75,95,38,600.10","1,07,647","79,47,946",69.02
ITC,EQ,2025-08-08,413.6,413.9,415.35,412.95,414.45,414.5,414.32,"98,14,361","4,06,62,50,194.90","95,336","67,07,257",68.34
ITC,EQ,2025-08-11,414.5,414.5,417.0,414.0,417.0,416.85,416.05,"85,14,272","3,54,23,55,434.80","1,11,986","58,06,325",68.2
ITC,EQ,2025-08-12,416.85,417.0,419.8,415.3,416.1,416.35,417.43,"1,36,35,738","5,69,20,02,511.40","1,05,553","94,86,988",69.57
ITC,EQ,2025-08-13,416.35,417.2,417.5,413.6,414.2,414.1,414.82,"1,08,74,910","4,51,10,79,760.80","86,765","78,58,050",72.26
ITC,EQ,2025-08-14,414.1,414.25,415.05,411.0,411.45,411.45,412.48,"95,80,361","3,95,16,69,337.50","1,22,767","63,74,688",66.54
ITC,EQ,2025-08-18,411.45,413.0,413.7,404.85,405.3,406.3,408.7,"3,09,50,814","12,64,96,59,054.30","1,93,343","2,54,31,261",82.17
ITC,EQ,2025-08-19,406.3,406.35,409.4,404.5,409.1,409.1,406.86,"1,66,81,331","6,78,69,12,397.30","1,75,005","1,23,30,175",73.92
ITC,EQ,2025-08-20,409.1,409.1,410.25,405.45,406.25,406.05,407.87,"1,81,88,129","7,41,84,16,584.55","1,58,846","1,45,53,383",80.02
ITC,EQ,2025-08-21,406.05,406.05,406.85,403.35,406.0,405.55,405.69,"1,50,28,966","6,09,71,00,177.45","1,82,931","97,38,849",64.8
ITC,EQ,2025-08-22,405.55,406.0,406.5,397.5,398.3,398.3,399.91,"1,30,87,624","5,23,38,81,432.80","2,04,639","89,47,365",68.37
ITC,EQ,2025-08-25,398.3,399.0,400.55,396.25,399.15,399.35,399.17,"1,04,40,286","4,16,74,97,911.50","1,42,577","71,90,743",68.87
ITC,EQ,2025-08-26,399.35,399.3,405.4,398.4,403.35,403.35,402.3,"1,37,15,752","5,51,78,42,190.00","1,80,641","94,37,000",68.8
ITC,EQ,2025-08-28,403.35,404.5,404.5,400.0,400.8,400.9,401.4,"1,24,71,719","5,00,61,14,050.00","1,65,609","85,46,436",68.53
ITC,EQ,2025-08-29,400.9,402.0,410.45,401.9,409.5,409.75,407.54,"2,52,55,050","10,29,25,36,558.90","1,52,907","1,90,19,266",75.31
ITC,EQ,2025-09-01,409.75,409.75,410.2,405.0,405.55,405.85,406.32,"1,22,68,090","4,98,47,83,795.80","1,69,790","86,27,807",70.33
ITC,EQ,2025-09-02,405.85,406.55,407.85,404.45,407.0,406.75,406.37,"1,98,08,255","8,04,95,46,791.50","2,24,334","1,34,10,269",67.7
ITC,EQ,2025-09-03,406.75,408.5,413.25,407.3,411.1,411.75,410.55,"1,29,36,588","5,31,11,34,586.60","1,18,422","83,67,495",64.68
ITC,EQ,2025-09-04,411.75,423.95,427.0,415.0,415.75,415.9,418.56,"2,72,74,123","11,41,58,87,821.05","2,71,564","1,63,95,824",60.11
ITC,EQ,2025-09-05,415.9,416.9,417.0,404.4,407.9,407.35,406.82,"1,60,00,675","6,50,94,28,201.45","2,13,298","89,34,303",55.84
ITC,EQ,2025-09-08,407.35,407.45,410.55,406.8,408.4,407.55,408.21,"74,19,022","3,02,85,06,105.15","1,13,635","44,16,168",59.52
ITC,EQ,2025-09-09,407.55,408.5,410.95,407.4,410.0,410.05,409.78,"88,25,896","3,61,66,92,854.60","88,691","58,63,268",66.43
ITC,EQ,2025-09-10,410.05,411.0,413.7,408.95,413.0,413.05,411.25,"92,52,397","3,80,50,55,609.05","1,41,806","66,28,182",71.64
ITC,EQ,2025-09-11,413.05,413.05,416.7,412.45,415.35,415.05,415.51,"82,74,406","3,43,80,66,391.55","1,95,524","56,39,007",68.15
ITC,EQ,2025-09-12,415.05,415.35,417.05,412.85,413.55,413.75,414.89,"78,03,379","3,23,75,50,924.50","78,225","51,39,596",65.86
ITC,EQ,2025-09-15,413.75,413.05,414.3,411.75,412.8,412.65,413.05,"57,07,331","2,35,74,18,512.55","91,972","35,10,955",61.52
ITC,EQ,2025-09-16,412.65,413.2,414.35,412.0,413.65,413.1,413.12,"82,39,087","3,40,37,29,371.05","97,899","48,73,272",59.15
ITC,EQ,2025-09-17,413.1,413.95,414.6,408.05,410.05,409.3,410.17,"1,41,13,882","5,78,91,28,854.55","1,47,228","97,25,314",68.91
ITC,EQ,2025-09-18,409.3,411.35,413.05,410.1,412.5,411.55,411.51,"1,56,47,808","6,43,92,99,773.30","1,05,500","1,10,51,490",70.63
ITC,EQ,2025-09-19,411.55,411.55,412.6,408.95,410.0,410.65,410.47,"1,95,05,321","8,00,63,79,578.25","1,19,041","1,40,18,475",71.87
ITC,EQ,2025-09-22,410.65,410.65,411.0,406.05,407.0,406.95,408.02,"89,30,779","3,64,39,75,296.25","1,28,779","62,49,765",69.98
ITC,EQ,2025-09-23,406.95,407.1,408.1,402.1,404.0,403.2,403.67,"1,49,36,357","6,02,94,14,917.85","1,65,353","88,57,898",59.3
ITC,EQ,2025-09-24,403.2,403.2,404.65,400.7,401.0,401.0,401.65,"1,23,80,865","4,97,28,36,129.35","1,17,613","97,52,591",78.77
ITC,EQ,2025-09-25,401.0,401.45,403.0,398.0,400.45,400.1,400.05,"2,20,06,368","8,80,36,08,106.55","1,74,393","1,55,63,104",70.72
ITC,EQ,2025-09-26,400.1,400.1,405.9,399.8,405.0,405.1,403.62,"1,44,14,044","5,81,77,82,528.90","1,20,767","90,38,880",62.71
ITC,EQ,2025-09-29,405.1,406.9,408.0,403.2,404.4,407.25,406.55,"1,97,17,660","8,01,61,25,728.80","1,38,356","1,40,83,060",71.42
ITC,EQ,2025-09-30,407.25,406.75,406.75,400.4,401.7,401.55,402.22,"94,65,490","3,80,71,99,569.50","1,35,011","58,53,103",61.84
ITC,EQ,2025-10-01,401.55,402.35,406.0,399.75,404.9,405.6,403.72,"1,76,43,039","7,12,28,31,971.25","1,16,986","1,24,14,506",70.36
ITC,EQ,2025-10-03,405.6,404.9,405.5,402.3,404.6,404.3,404.32,"1,69,87,141","6,86,82,13,808.30","1,19,898","1,33,99,155",78.88
ITC,EQ,2025-10-06,404.3,403.0,403.9,399.8,401.1,400.75,400.71,"1,39,89,077","5,60,55,84,637.30","1,19,696","1,06,47,662",76.11
ITC,EQ,2025-10-07,400.75,402.5,402.6,399.5,399.9,399.8,400.47,"1,22,98,968","4,92,53,18,576.70","1,28,812","83,32,655",67.75
ITC,EQ,2025-10-08,399.8,400.0,401.75,398.0,399.5,399.75,399.5,"84,02,463","3,35,67,45,732.55","93,216","57,95,791",68.98
ITC,EQ,2025-10-09,399.75,399.0,401.4,398.95,399.3,399.9,399.97,"1,56,56,267","6,26,20,21,427.10","1,27,019","1,11,21,524",71.04
ITC,EQ,2025-10-10,399.9,400.45,403.85,399.5,402.5,402.8,402.29,"1,50,85,738","6,06,87,94,009.10","1,15,991","1,08,89,910",72.19
ITC,EQ,2025-10-13,402.8,400.0,400.95,398.55,399.4,399.25,399.67,"95,08,594","3,80,02,78,856.70","1,72,792","58,80,503",61.84
ITC,EQ,2025-10-14,399.25,400.0,400.85,396.2,396.7,396.8,397.77,"1,02,91,102","4,09,35,09,264.00","1,55,469","55,29,960",53.74
ITC,EQ,2025-10-15,396.8,398.0,400.85,397.25,400.3,399.9,399.77,"1,60,43,867","6,41,38,86,116.50","1,07,335","1,23,64,172",77.06
ITC,EQ,2025-10-16,399.9,401.0,406.0,399.55,405.45,405.15,403.0,"2,29,62,049","9,25,37,41,617.70","1,61,737","1,65,62,623",72.13
ITC,EQ,2025-10-17,405.15,405.35,413.85,405.25,411.4,412.15,411.42,"2,10,71,344","8,66,91,97,740.65","1,55,146","1,33,38,759",63.3
ITC,EQ,2025-10-20,412.15,412.55,414.85,411.3,412.6,413.05,412.96,"1,30,83,621","5,40,30,72,501.60","1,26,249","78,31,269",59.86
ITC,EQ,2025-10-21,413.05,413.5,413.95,412.35,412.5,412.85,412.93,"11,42,130","47,16,23,300.60","38,260","7,49,275",65.64
ITC,EQ,2025-10-23,412.85,416.0,420.45,413.55,416.25,415.95,417.33,"2,43,05,990","10,14,35,43,220.15","1,89,470","1,51,01,708",62.13
ITC,EQ,2025-10-24,415.95,415.95,417.95,413.45,417.8,416.8,415.51,"1,49,35,678","6,20,59,57,776.10","1,14,037","97,95,216",65.58
ITC,EQ,2025-10-27,416.8,417.0,422.7,416.6,421.0,420.65,420.58,"1,16,03,679","4,88,02,29,507.85","1,15,318","76,48,736",65.92
ITC,EQ,2025-10-28,420.65,420.5,421.65,415.9,417.85,417.9,417.96,"1,71,63,147","7,17,34,91,707.05","1,47,046","92,93,633",54.15
ITC,EQ,2025-10-29,417.9,418.2,422.2,416.05,421.85,421.6,419.47,"1,14,70,661","4,81,15,76,571.15","1,26,826","75,55,657",65.87
ITC,EQ,2025-10-30,421.6,421.6,421.7,416.15,419.35,418.75,419.29,"1,29,38,674","5,42,50,28,130.20","1,28,633","72,12,238",55.74
ITC,EQ,2025-10-31,418.75,420.5,426.4,418.2,419.95,420.35,422.45,"1,85,99,864","7,85,74,95,955.95","2,03,655","96,38,882",51.82
ITC,EQ,2025-11-03,420.35,419.95,421.65,413.3,414.0,413.95,415.71,"76,35,440","3,17,40,92,208.20","1,68,846","44,11,700",57.78
ITC,EQ,2025-11-04,413.95,414.0,414.5,408.35,408.8,408.9,410.16,"1,00,85,404","4,13,66,35,461.40","1,40,114","69,14,720",68.56
ITC,EQ,2025-11-06,408.9,410.0,413.3,406.55,408.5,407.5,408.26,"1,00,95,563","4,12,15,88,309.65","1,46,248","61,52,789",60.95
ITC,EQ,2025-11-07,407.5,406.05,409.1,403.1,404.4,404.05,405.13,"84,11,611","3,40,78,15,043.20","92,747","59,16,918",70.34
ITC,EQ,2025-11-10,404.05,404.05,407.1,403.65,406.0,405.55,405.75,"66,50,003","2,69,82,66,556.55","1,28,591","42,13,671",63.36
ITC,EQ,2025-11-11,405.55,406.0,408.05,404.6,407.2,406.85,406.29,"1,20,05,318","4,87,76,32,724.55","97,321","80,58,840",67.13
ITC,EQ,2025-11-12,406.85,408.0,408.1,405.55,407.4,407.0,406.82,"79,87,236","3,24,93,80,333.55","1,07,940","50,07,110",62.69
ITC,EQ,2025-11-13,407.0,407.0,407.5,404.5,406.5,405.7,406.31,"66,17,185","2,68,86,12,018.50","90,395","39,31,292",59.41
ITC,EQ,2025-11-14,405.7,404.7,408.75,400.1,408.25,408.15,401.39,"6,40,20,258","25,69,71,82,566.80","1,51,924","5,61,49,205",87.71
ITC,EQ,2025-11-17,408.15,409.75,412.0,406.0,407.5,407.1,407.38,"78,55,399","3,20,01,40,693.40","1,14,679","48,51,834",61.76
ITC,EQ,2025-11-18,407.1,408.25,409.8,404.55,405.7,405.85,405.64,"76,61,681","3,10,78,54,790.65","92,029","39,31,926",51.32
ITC,EQ,2025-11-19,405.85,404.85,405.55,402.8,403.7,403.55,403.68,"78,82,450","3,18,19,92,048.10","1,34,281","50,63,831",64.24
ITC,EQ,2025-11-20,403.55,403.55,407.0,403.25,405.6,405.45,405.55,"66,93,410","2,71,45,19,990.35","1,08,333","39,48,834",59.0
ITC,EQ,2025-11-21,405.45,405.0,408.5,404.7,408.0,407.85,407.28,"58,08,131","2,36,55,41,111.25","92,059","38,97,974",67.11
ITC,EQ,2025-11-24,407.85,408.4,408.8,402.85,404.2,403.55,404.39,"1,10,37,491","4,46,34,45,092.75","1,28,280","87,19,220",79.0
ITC,EQ,2025-11-25,403.55,403.55,404.5,400.1,400.4,400.8,402.29,"81,99,785","3,29,87,22,901.65","1,14,076","51,92,578",63.33
ITC,EQ,2025-11-26,400.8,401.0,403.95,400.95,402.55,402.3,402.6,"1,14,43,953","4,60,72,86,432.40","1,07,847","78,33,650",68.45
ITC,EQ,2025-11-27,402.3,403.5,405.95,402.1,405.0,404.3,403.22,"86,79,529","3,49,97,92,465.40","1,05,551","53,74,198",61.92
ITC,EQ,2025-11-28,404.3,404.3,405.0,402.5,404.3,404.25,403.67,"68,83,500","2,77,86,54,678.40","1,04,754","46,28,335",67.24
ITC,EQ,2025-12-01,404.25,402.8,405.5,398.2,404.05,404.25,402.48,"1,34,42,658","5,41,04,24,427.90","2,04,438","71,21,279",52.98
ITC,EQ,2025-12-02,404.25,404.25,405.5,400.5,401.7,400.95,401.68,"80,93,808","3,25,11,35,210.45","1,12,342","46,60,483",57.58
ITC,EQ,2025-12-03,400.95,401.7,402.2,398.85,400.7,400.5,400.33,"1,07,72,192","4,31,23,88,380.25","1,45,572","74,22,026",68.9
ITC,EQ,2025-12-04,400.5,400.1,403.55,399.05,403.25,403.05,402.09,"80,57,989","3,24,00,08,562.15","1,00,529","49,40,817",61.32
ITC,EQ,2025-12-05,403.05,403.05,405.35,402.0,404.6,404.95,404.12,"44,19,747","1,78,60,97,800.35","73,360","27,98,339",63.31
ITC,EQ,2025-12-08,404.95,404.95,405.25,400.55,402.0,402.3,402.89,"60,56,866","2,44,02,76,710.15","1,01,139","34,81,554",57.48
ITC,EQ,2025-12-09,402.3,402.0,404.5,400.0,401.25,401.05,402.28,"94,26,717","3,79,21,90,139.05","1,19,643","54,47,982",57.79
ITC,EQ,2025-12-10,401.05,401.1,404.4,401.0,403.05,403.15,403.31,"69,69,146","2,81,07,30,997.45","1,06,280","46,36,497",66.53
ITC,EQ,2025-12-11,403.15,403.15,404.0,401.1,403.0,402.9,402.4,"69,80,147","2,80,88,21,372.05","99,653","41,24,620",59.09
ITC,EQ,2025-12-12,402.9,402.9,404.0,399.85,400.7,400.1,400.55,"1,24,07,516","4,96,97,85,471.85","1,15,410","98,25,962",79.19
ITC,EQ,2025-12-15,400.1,400.1,403.35,399.5,402.0,402.3,401.8,"77,56,564","3,11,65,64,595.55","96,420","48,28,405",62.25
ITC,EQ,2025-12-16,402.3,401.4,405.75,401.05,402.0,401.7,403.11,"1,23,47,384","4,97,73,88,189.80","1,20,140","75,79,095",61.38
ITC,EQ,2025-12-17,401.7,401.0,403.1,399.1,400.25,399.8,400.53,"80,87,490","3,23,93,01,844.80","1,17,330","56,74,568",70.16
ITC,EQ,2025-12-18,399.8,400.0,401.95,399.85,400.85,400.4,400.74,"72,27,668","2,89,63,90,248.80","1,06,780","48,67,729",67.35
ITC,EQ,2025-12-19,400.4,400.25,402.65,400.25,400.9,401.05,401.39,"1,06,54,835","4,27,67,83,887.20","1,38,048","69,57,888",65.3
ITC,EQ,2025-12-22,401.05,401.6,403.65,401.2,402.85,402.7,402.79,"68,47,871","2,75,82,63,703.80","96,410","49,02,207",71.59
ITC,EQ,2025-12-23,402.7,402.5,408.9,401.8,408.85,407.35,405.66,"1,00,81,997","4,08,98,15,715.85","1,58,483","54,84,078",54.39
ITC,EQ,2025-12-24,407.35,407.95,409.5,405.65,406.8,406.6,407.18,"57,77,430","2,35,24,33,725.00","73,260","30,85,732",53.41
ITC,EQ,2025-12-26,406.6,406.5,407.15,403.85,404.9,404.15,404.63,"31,52,453","1,27,55,62,322.60","76,263","20,35,880",64.58
ITC,EQ,2025-12-29,404.15,404.1,404.8,401.45,402.95,402.6,402.55,"66,47,710","2,67,60,07,103.70","90,644","39,78,195",59.84
ITC,EQ,2025-12-30,402.6,403.0,403.45,400.3,401.1,400.6,401.22,"1,23,40,527","4,95,12,65,566.85","1,34,214","96,51,082",78.21
ITC,EQ,2025-12-31,400.6,401.1,403.75,400.85,402.7,403.0,402.81,"99,45,109","4,00,59,57,774.45","93,789","75,44,490",75.86
M&M,EQ,2023-01-02,"1,249.20","1,251.00","1,271.00","1,242.60","1,262.00","1,262.85","1,262.06","17,18,385","2,16,86,96,725.65","76,028","8,88,015",51.68
M&M,EQ,2023-01-03,"1,262.85","1,263.00","1,265.00","1,246.70","1,251.00","1,249.30","1,253.06","15,10,751","1,89,30,65,513.75","68,244","8,47,362",56.09
M&M,EQ,2023-01-04,"1,249.30","1,252.35","1,255.80","1,231.00","1,235.50","1,236.20","1,241.09","13,44,532","1,66,86,84,918.65","59,066","6,03,115",44.86
M&M,EQ,2023-01-05,"1,236.20","1,240.00","1,255.00","1,231.00","1,253.00","1,252.65","1,248.46","27,45,160","3,42,72,25,186.85","1,03,100","18,51,620",67.45
M&M,EQ,2023-01-06,"1,252.65","1,252.65","1,274.95","1,248.15","1,263.40","1,264.90","1,263.26","22,14,972","2,79,80,96,003.20","63,562","10,21,175",46.1
M&M,EQ,2023-01-09,"1,264.90","1,272.95","1,313.90","1,271.65","1,310.10","1,310.35","1,303.44","36,34,805","4,73,77,37,669.40","1,45,295","16,87,162",46.42
M&M,EQ,2023-01-10,"1,310.35","1,310.50","1,326.40","1,305.75","1,317.00","1,314.90","1,316.71","31,39,930","4,13,43,88,498.50","1,04,788","17,87,842",56.94
M&M,EQ,2023-01-11,"1,314.90","1,315.50","1,320.00","1,300.50","1,312.00","1,312.60","1,308.72","20,41,750","2,67,20,68,950.40","1,11,463","14,13,102",69.21
M&M,EQ,2023-01-12,"1,312.60","1,316.00","1,327.00","1,310.00","1,322.00","1,319.90","1,317.72","24,48,619","3,22,66,00,093.45","98,403","16,08,862",65.7
M&M,EQ,2023-01-13,"1,319.90","1,325.00","1,337.00","1,311.60","1,327.55","1,328.15","1,328.14","26,00,139","3,45,33,42,140.80","85,649","15,74,343",60.55
M&M,EQ,2023-01-16,"1,328.15","1,333.00","1,335.25","1,302.95","1,315.30","1,315.60","1,313.88","16,51,972","2,17,04,93,795.60","73,856","9,80,222",59.34
M&M,EQ,2023-01-17,"1,315.60","1,318.95","1,323.85","1,304.10","1,318.00","1,320.85","1,315.24","16,07,137","2,11,37,63,483.40","82,409","9,97,255",62.05
M&M,EQ,2023-01-18,"1,320.85","1,320.35","1,325.00","1,308.10","1,320.60","1,322.15","1,317.60","11,79,938","1,55,46,87,089.55","71,949","7,13,118",60.44
M&M,EQ,2023-01-19,"1,322.15","1,317.60","1,328.70","1,312.30","1,318.00","1,319.55","1,320.94","20,66,881","2,73,02,29,248.15","75,393","12,79,501",61.9
M&M,EQ,2023-01-20,"1,319.55","1,324.05","1,325.00","1,311.65","1,318.85","1,314.75","1,318.48","13,32,666","1,75,70,99,309.90","68,589","8,56,465",64.27
M&M,EQ,2023-01-23,"1,314.75","1,321.35","1,345.95","1,312.30","1,326.95","1,328.45","1,333.88","16,81,075","2,24,23,55,208.60","58,969","8,47,119",50.39
M&M,EQ,2023-01-24,"1,328.45","1,335.10","1,335.10","1,321.05","1,323.55","1,323.90","1,326.45","14,08,040","1,86,76,91,102.90","54,049","9,17,791",65.18
M&M,EQ,2023-01-25,"1,323.90","1,324.90","1,332.00","1,306.05","1,317.95","1,311.50","1,314.87","13,59,090","1,78,70,29,928.95","45,866","7,62,595",56.11
M&M,EQ,2023-01-27,"1,311.50","1,318.10","1,339.80","1,286.65","1,320.00","1,320.20","1,314.55","19,14,769","2,51,70,63,798.60","1,13,017","9,00,726",47.04
M&M,EQ,2023-01-30,"1,320.20","1,320.10","1,342.00","1,305.00","1,332.00","1,331.60","1,327.94","24,02,331","3,19,01,52,274.10","1,17,782","14,66,016",61.02
M&M,EQ,2023-01-31,"1,331.60","1,350.30","1,385.50","1,335.30","1,377.00","1,378.75","1,365.83","52,65,862","7,19,22,74,482.85","2,04,323","36,63,358",69.57
M&M,EQ,2023-02-01,"1,378.75","1,386.55","1,390.00","1,322.00","1,350.10","1,352.05","1,365.58","30,10,838","4,11,15,48,690.30","1,54,533","13,80,421",45.85
M&M,EQ,2023-02-02,"1,352.05","1,348.05","1,378.20","1,330.50","1,354.00","1,352.40","1,356.97","20,29,111","2,75,34,35,257.05","1,12,553","10,80,776",53.26
M&M,EQ,2023-02-03,"1,352.40","1,359.20","1,391.95","1,350.55","1,390.00","1,388.00","1,369.93","18,03,085","2,47,01,04,448.20","1,17,288","9,94,605",55.16
M&M,EQ,2023-02-06,"1,388.00","1,391.90","1,391.90","1,360.00","1,374.15","1,376.00","1,372.28","15,04,382","2,06,44,37,635.85","70,435","7,15,637",47.57
M&M,EQ,2023-02-07,"1,376.00","1,382.90","1,385.00","1,361.00","1,368.80","1,366.70","1,370.26","14,13,825","1,93,73,03,492.05","90,555","8,06,012",57.01
M&M,EQ,2023-02-08,"1,366.70","1,373.55","1,380.00","1,360.00","1,373.60","1,373.05","1,371.06","12,41,238","1,70,18,11,890.30","65,375","6,07,267",48.92
M&M,EQ,2023-02-09,"1,373.05","1,372.00","1,386.00","1,363.00","1,372.00","1,372.20","1,372.95","18,66,387","2,56,24,47,273.20","79,925","9,65,251",51.72
M&M,EQ,2023-02-10,"1,372.20","1,378.55","1,386.95","1,350.80","1,362.95","1,365.45","1,370.68","32,82,665","4,49,94,77,051.75","1,08,794","5,82,137",17.73
M&M,EQ,2023-02-13,"1,365.45","1,375.00","1,384.00","1,325.05","1,350.00","1,353.00","1,352.12","44,01,219","5,95,09,57,408.60","1,41,710","15,73,329",35.75
M&M,EQ,2023-02-14,"1,353.00","1,358.00","1,377.00","1,350.00","1,365.50","1,363.15","1,367.97","23,73,179","3,24,64,33,929.55","1,36,512","11,14,954",46.98
M&M,EQ,2023-02-15,"1,363.15","1,364.20","1,383.15","1,360.05","1,378.00","1,379.35","1,371.71","20,07,214","2,75,33,13,947.30","67,652","12,83,646",63.95
M&M,EQ,2023-02-16,"1,379.35","1,380.10","1,397.00","1,363.20","1,366.10","1,368.15","1,381.70","26,46,301","3,65,63,84,718.80","1,06,674","15,46,981",58.46
M&M,EQ,2023-02-17,"1,368.15","1,359.95","1,372.55","1,332.30","1,343.00","1,341.50","1,349.63","21,50,027","2,90,17,32,428.25","99,592","9,20,722",42.82
M&M,EQ,2023-02-20,"1,341.50","1,342.10","1,354.95","1,332.60","1,343.00","1,346.25","1,347.12","14,97,314","2,01,70,54,185.10","65,991","7,67,747",51.27
M&M,EQ,2023-02-21,"1,346.25","1,354.50","1,362.40","1,341.00","1,346.45","1,351.85","1,351.36","21,18,816","2,86,32,73,608.00","1,34,813","13,48,928",63.66
M&M,EQ,2023-02-22,"1,351.85","1,346.90","1,352.85","1,311.15","1,331.00","1,319.75","1,333.84","21,96,484","2,92,97,53,843.90","1,06,037","14,01,367",63.8
M&M,EQ,2023-02-23,"1,319.75","1,325.25","1,326.25","1,305.00","1,315.60","1,313.95","1,315.69","18,47,879","2,43,12,31,348.65","1,18,680","9,49,113",51.36
M&M,EQ,2023-02-24,"1,313.95","1,320.20","1,320.55","1,278.20","1,280.45","1,280.20","1,293.06","28,24,384","3,65,20,99,151.90","1,38,382","16,79,190",59.45
M&M,EQ,2023-02-27,"1,280.20","1,270.05","1,285.40","1,248.40","1,261.00","1,257.40","1,259.93","20,19,964","2,54,50,17,171.90","1,08,471","10,58,826",52.42
M&M,EQ,2023-02-28,"1,257.40","1,263.70","1,293.25","1,260.00","1,275.35","1,269.60","1,275.72","34,07,211","4,34,66,52,629.15","1,08,781","16,31,141",47.87
M&M,EQ,2023-03-01,"1,269.60","1,275.95","1,305.55","1,269.05","1,274.80","1,272.15","1,288.26","23,38,935","3,01,31,47,989.80","93,922","8,72,964",37.32
M&M,EQ,2023-03-02,"1,272.15","1,278.55","1,278.55","1,250.00","1,253.00","1,251.55","1,257.01","15,63,750","1,96,56,41,591.45","1,03,192","8,02,151",51.3
M&M,EQ,2023-03-03,"1,251.55","1,257.90","1,276.95","1,253.25","1,266.95","1,268.60","1,266.28","14,93,291","1,89,09,26,721.65","79,127","8,41,629",56.36
M&M,EQ,2023-03-06,"1,268.60","1,269.55","1,284.25","1,268.00","1,274.90","1,270.45","1,276.65","15,70,410","2,00,48,60,450.45","82,701","9,73,901",62.02
M&M,EQ,2023-03-08,"1,270.45","1,270.00","1,291.95","1,258.30","1,288.10","1,289.95","1,278.12","23,70,800","3,03,01,74,932.65","1,02,908","15,64,395",65.99
M&M,EQ,2023-03-09,"1,289.95","1,291.00","1,294.80","1,244.95","1,245.15","1,248.15","1,259.52","35,96,577","4,52,99,65,390.05","1,04,594","24,01,347",66.77
M&M,EQ,2023-03-10,"1,248.15","1,249.00","1,256.70","1,225.35","1,227.65","1,226.70","1,234.74","26,64,696","3,29,02,06,651.25","1,05,829","12,04,513",45.2
M&M,EQ,2023-03-13,"1,226.70","1,222.70","1,231.00","1,182.45","1,193.00","1,193.45","1,203.05","38,42,775","4,62,30,44,928.10","1,74,287","22,68,336",59.03
M&M,EQ,2023-03-14,"1,193.45","1,192.30","1,192.40","1,156.85","1,159.65","1,160.80","1,170.17","53,79,592","6,29,50,17,026.85","2,10,285","32,59,783",60.6
M&M,EQ,2023-03-15,"1,160.80","1,167.00","1,174.40","1,153.20","1,158.50","1,160.35","1,165.20","22,26,887","2,59,47,77,066.65","95,603","10,76,715",48.35
M&M,EQ,2023-03-16,"1,160.35","1,160.00","1,175.25","1,140.15","1,170.00","1,167.05","1,161.29","36,04,480","4,18,58,52,141.90","1,85,190","21,97,980",60.98
M&M,EQ,2023-03-17,"1,167.05","1,172.90","1,186.25","1,152.00","1,171.40","1,171.50","1,169.99","36,83,701","4,30,98,90,014.00","98,483","21,30,652",57.84
M&M,EQ,2023-03-20,"1,171.50","1,169.95","1,179.15","1,145.00","1,169.00","1,167.65","1,158.59","20,82,268","2,41,24,88,159.60","1,46,872","10,18,830",48.93
M&M,EQ,2023-03-21,"1,167.65","1,170.60","1,175.00","1,156.40","1,162.70","1,160.30","1,162.55","22,09,422","2,56,85,60,892.80","1,10,281","12,48,822",56.52
M&M,EQ,2023-03-22,"1,160.30","1,167.50","1,180.50","1,159.15","1,164.00","1,164.10","1,167.95","22,11,909","2,58,34,08,999.50","1,03,691","11,62,952",52.58
M&M,EQ,2023-03-23,"1,164.10","1,161.00","1,175.00","1,153.80","1,160.25","1,164.95","1,165.52","25,94,282","3,02,36,86,000.60","1,12,210","16,27,417",62.73
M&M,EQ,2023-03-24,"1,164.95","1,160.55","1,170.55","1,147.10","1,148.00","1,150.80","1,158.08","18,39,876","2,13,07,17,389.55","1,11,241","10,20,048",55.44
M&M,EQ,2023-03-27,"1,150.80","1,141.50","1,150.60","1,125.50","1,139.00","1,137.90","1,139.30","24,46,528","2,78,73,30,742.15","1,00,900","12,11,904",49.54
M&M,EQ,2023-03-28,"1,137.90","1,143.60","1,149.00","1,123.40","1,130.90","1,128.30","1,131.73","19,03,339","2,15,40,65,712.00","74,023","10,71,280",56.28
M&M,EQ,2023-03-29,"1,128.30","1,133.95","1,152.45","1,132.00","1,145.85","1,144.30","1,144.74","40,03,003","4,58,24,01,176.45","95,406","26,04,885",65.07
M&M,EQ,2023-03-31,"1,144.30","1,147.60","1,163.00","1,145.85","1,158.00","1,158.70","1,154.92","23,43,070","2,70,60,56,495.25","86,258","14,58,853",62.26
M&M,EQ,2023-04-03,"1,158.70","1,161.30","1,180.00","1,155.30","1,172.00","1,169.90","1,168.18","25,46,562","2,97,48,37,861.15","1,78,078","14,08,233",55.3
M&M,EQ,2023-04-05,"1,169.90","1,172.00","1,173.30","1,151.95","1,154.05","1,155.45","1,161.44","20,28,469","2,35,59,52,263.75","1,08,271","13,25,845",65.36
M&M,EQ,2023-04-06,"1,155.45","1,154.00","1,175.00","1,148.30","1,171.95","1,171.25","1,165.09","20,29,418","2,36,44,59,862.00","88,915","11,62,445",57.28
M&M,EQ,2023-04-10,"1,171.25","1,171.25","1,191.00","1,171.25","1,189.00","1,188.60","1,184.20","25,86,918","3,06,34,28,073.95","93,434","14,55,734",56.27
M&M,EQ,2023-04-11,"1,188.60","1,200.00","1,204.20","1,188.20","1,203.50","1,201.70","1,196.00","24,43,384","2,92,22,81,034.80","1,13,995","15,19,519",62.19
M&M,EQ,2023-04-12,"1,201.70","1,203.50","1,212.95","1,198.60","1,209.00","1,207.35","1,207.59","24,69,405","2,98,20,17,349.05","1,21,209","15,65,380",63.39
M&M,EQ,2023-04-13,"1,207.35","1,213.45","1,222.20","1,199.55","1,205.45","1,204.55","1,205.80","44,70,196","5,39,01,48,195.90","1,22,229","31,31,847",70.06
M&M,EQ,2023-04-17,"1,204.55","1,218.95","1,218.95","1,203.40","1,214.00","1,212.95","1,208.96","19,56,198","2,36,49,60,178.35","89,774","11,92,515",60.96
M&M,EQ,2023-04-18,"1,212.95","1,213.00","1,217.90","1,202.60","1,205.40","1,204.70","1,207.20","20,75,066","2,50,50,25,632.40","82,844","13,96,346",67.29
M&M,EQ,2023-04-19,"1,204.70","1,204.65","1,217.95","1,203.40","1,215.45","1,215.50","1,213.10","18,18,732","2,20,63,05,714.25","53,648","11,16,510",61.39
M&M,EQ,2023-04-20,"1,215.50","1,218.00","1,224.90","1,214.55","1,215.05","1,218.60","1,219.80","21,72,677","2,65,02,41,378.90","64,800","14,34,877",66.04
M&M,EQ,2023-04-21,"1,218.60","1,221.95","1,221.95","1,209.05","1,212.15","1,212.75","1,212.84","10,15,815","1,23,20,23,990.80","49,947","6,88,377",67.77
M&M,EQ,2023-04-24,"1,212.75","1,210.40","1,217.10","1,196.00","1,206.90","1,207.75","1,204.34","13,89,756","1,67,37,44,359.05","79,708","8,46,833",60.93
M&M,EQ,2023-04-25,"1,207.75","1,207.75","1,215.00","1,199.40","1,207.65","1,209.85","1,207.02","13,60,260","1,64,18,67,112.00","78,457","7,99,276",58.76
M&M,EQ,2023-04-26,"1,209.85","1,212.00","1,217.25","1,205.30","1,215.75","1,213.55","1,211.52","17,08,865","2,07,03,30,615.65","82,752","10,65,013",62.32
M&M,EQ,2023-04-27,"1,213.55","1,210.05","1,225.00","1,210.05","1,224.00","1,224.00","1,221.02","13,40,045","1,63,62,25,046.95","70,970","8,04,404",60.03
M&M,EQ,2023-04-28,"1,224.00","1,225.00","1,228.75","1,211.50","1,225.10","1,226.90","1,222.57","23,33,102","2,85,23,80,878.35","94,563","14,48,571",62.09
M&M,EQ,2023-05-02,"1,226.90","1,230.00","1,240.80","1,217.50","1,234.00","1,237.30","1,231.82","26,07,580","3,21,20,76,691.70","83,747","14,96,760",57.4
M&M,EQ,2023-05-03,"1,237.30","1,237.30","1,242.00","1,230.10","1,235.00","1,235.45","1,235.35","13,07,304","1,61,49,83,470.55","51,373","8,10,843",62.02
M&M,EQ,2023-05-04,"1,235.45","1,235.00","1,238.05","1,228.00","1,230.45","1,231.70","1,231.41","15,41,188","1,89,78,27,472.00","1,07,298","9,58,516",62.19
M&M,EQ,2023-05-05,"1,231.70","1,232.80","1,242.35","1,208.05","1,213.00","1,211.20","1,220.48","47,53,718","5,80,18,23,647.55","74,419","35,85,036",75.42
M&M,EQ,2023-05-08,"1,211.20","1,216.95","1,239.85","1,213.70","1,233.50","1,231.80","1,233.24","35,13,667","4,33,31,84,372.70","1,19,692","24,02,597",68.38
M&M,EQ,2023-05-09,"1,231.80","1,239.00","1,250.00","1,234.05","1,244.70","1,245.45","1,244.17","18,46,359","2,29,71,76,570.65","96,037","10,81,441",58.57
M&M,EQ,2023-05-10,"1,245.45","1,250.00","1,255.80","1,235.00","1,250.00","1,248.65","1,244.32","21,08,081","2,62,31,26,522.95","1,01,400","13,89,328",65.9
M&M,EQ,2023-05-11,"1,248.65","1,250.00","1,260.85","1,244.15","1,251.05","1,251.30","1,251.60","41,00,467","5,13,21,38,074.80","81,913","28,96,046",70.63
M&M,EQ,2023-05-12,"1,251.30","1,256.40","1,278.80","1,251.30","1,275.05","1,275.95","1,267.70","24,27,624","3,07,75,03,825.20","81,774","16,06,379",66.17
M&M,EQ,2023-05-15,"1,275.95","1,279.90","1,287.75","1,272.60","1,287.50","1,285.65","1,283.33","26,47,630","3,39,77,82,400.75","88,203","19,35,599",73.11
M&M,EQ,2023-05-16,"1,285.65","1,287.00","1,291.70","1,258.85","1,265.00","1,262.45","1,271.96","15,71,371","1,99,87,28,640.75","88,509","10,53,780",67.06
M&M,EQ,2023-05-17,"1,262.45","1,265.00","1,271.70","1,260.70","1,262.00","1,263.10","1,265.63","16,43,851","2,08,05,08,122.70","70,293","11,59,845",70.56
M&M,EQ,2023-05-18,"1,263.10","1,269.95","1,269.95","1,241.25","1,248.80","1,245.50","1,253.56","19,00,447","2,38,23,23,213.50","58,030","12,53,783",65.97
M&M,EQ,2023-05-19,"1,245.50","1,252.90","1,262.45","1,237.45","1,258.00","1,260.40","1,252.59","15,88,996","1,99,03,59,577.40","76,012","10,42,511",65.61
M&M,EQ,2023-05-22,"1,260.40","1,259.25","1,269.45","1,251.30","1,265.00","1,265.55","1,264.15","9,17,769","1,16,01,98,733.60","50,047","5,42,621",59.12
M&M,EQ,2023-05-23,"1,265.55","1,265.55","1,270.75","1,256.55","1,268.00","1,268.55","1,265.72","18,03,955","2,28,33,09,711.00","63,990","12,78,558",70.88
M&M,EQ,2023-05-24,"1,268.55","1,260.00","1,278.00","1,254.50","1,277.10","1,275.70","1,268.82","13,69,297","1,73,73,94,061.30","51,832","8,15,606",59.56
M&M,EQ,2023-05-25,"1,275.70","1,280.00","1,280.80","1,257.55","1,279.35","1,277.80","1,268.92","20,40,166","2,58,87,99,776.75","88,205","13,74,015",67.35
M&M,EQ,2023-05-26,"1,277.80","1,290.00","1,292.80","1,268.35","1,277.00","1,281.85","1,283.55","35,08,112","4,50,28,27,826.00","97,532","19,40,517",55.32
M&M,EQ,2023-05-29,"1,281.85","1,321.50","1,350.00","1,298.00","1,325.05","1,330.15","1,329.30","61,85,862","8,22,28,50,122.70","2,67,574","31,18,492",50.41
M&M,EQ,2023-05-30,"1,330.15","1,329.95","1,335.30","1,320.00","1,327.05","1,328.45","1,330.40","24,93,657","3,31,75,65,304.05","1,02,790","17,35,275",69.59
M&M,EQ,2023-05-31,"1,328.45","1,325.00","1,328.25","1,303.25","1,316.20","1,319.00","1,318.27","56,29,378","7,42,10,49,375.10","1,36,284","46,73,086",83.01
M&M,EQ,2023-06-01,"1,319.00","1,319.00","1,337.70","1,312.80","1,319.80","1,318.90","1,324.42","23,64,455","3,13,15,20,548.20","1,61,465","14,64,908",61.96
M&M,EQ,2023-06-02,"1,318.90","1,324.85","1,345.00","1,320.30","1,343.00","1,341.40","1,333.58","23,13,841","3,08,56,84,622.00","1,19,337","15,79,056",68.24
M&M,EQ,2023-06-05,"1,341.40","1,349.80","1,401.00","1,346.35","1,394.95","1,395.40","1,382.09","51,05,293","7,05,59,93,111.65","2,22,575","23,69,214",46.41
M&M,EQ,2023-06-06,"1,395.40","1,395.40","1,414.90","1,388.05","1,410.10","1,411.20","1,404.61","23,35,838","3,28,09,49,721.20","1,48,600","13,22,702",56.63
M&M,EQ,2023-06-07,"1,411.20","1,422.80","1,422.80","1,395.00","1,409.00","1,406.40","1,405.42","24,91,079","3,50,10,08,994.00","85,909","16,85,533",67.66
M&M,EQ,2023-06-08,"1,406.40","1,412.70","1,415.55","1,377.50","1,379.95","1,381.05","1,390.27","17,76,230","2,46,94,33,713.70","58,863","10,51,704",59.21
M&M,EQ,2023-06-09,"1,381.05","1,380.75","1,387.00","1,363.00","1,371.85","1,370.65","1,369.64","18,81,329","2,57,67,41,282.00","77,964","11,09,944",59.0
M&M,EQ,2023-06-12,"1,370.65","1,377.90","1,384.80","1,369.30","1,384.00","1,381.40","1,377.34","13,89,300","1,91,35,42,866.75","87,121","8,10,302",58.32
M&M,EQ,2023-06-13,"1,381.40","1,383.15","1,388.50","1,368.20","1,374.20","1,373.15","1,374.16","25,16,583","3,45,81,94,422.90","88,930","18,84,972",74.9
M&M,EQ,2023-06-14,"1,373.15","1,374.00","1,381.00","1,366.00","1,378.15","1,378.65","1,376.09","9,05,086","1,24,54,81,508.85","39,756","5,59,127",61.78
M&M,EQ,2023-06-15,"1,378.65","1,381.80","1,407.20","1,371.50","1,393.05","1,392.75","1,393.96","17,20,070","2,39,77,14,144.80","69,075","8,77,831",51.03
M&M,EQ,2023-06-16,"1,392.75","1,399.00","1,409.80","1,393.40","1,406.00","1,403.85","1,403.03","21,32,678","2,99,22,14,928.45","83,278","14,44,864",67.75
M&M,EQ,2023-06-19,"1,403.85","1,409.50","1,415.35","1,396.00","1,400.50","1,402.55","1,406.43","14,76,764","2,07,69,59,980.90","50,352","10,46,083",70.84
M&M,EQ,2023-06-20,"1,402.55","1,402.60","1,409.90","1,380.70","1,397.65","1,396.45","1,389.88","10,42,428","1,44,88,48,860.75","75,030","4,90,982",47.1
M&M,EQ,2023-06-21,"1,396.45","1,394.05","1,403.40","1,370.65","1,377.25","1,374.25","1,384.41","20,08,628","2,78,07,63,287.50","73,106","14,39,304",71.66
M&M,EQ,2023-06-22,"1,374.25","1,379.00","1,392.00","1,374.65","1,379.80","1,378.70","1,382.36","12,96,616","1,79,23,85,557.15","59,952","6,37,111",49.14
M&M,EQ,2023-06-23,"1,378.70","1,376.90","1,379.60","1,368.50","1,374.35","1,373.25","1,374.34","12,58,590","1,72,97,28,767.55","76,941","8,19,880",65.14
M&M,EQ,2023-06-26,"1,373.25","1,375.00","1,404.90","1,369.95","1,398.00","1,397.65","1,391.55","22,81,046","3,17,41,79,572.45","1,18,787","14,42,944",63.26
M&M,EQ,2023-06-27,"1,397.65","1,406.70","1,417.00","1,393.60","1,401.50","1,402.40","1,405.15","27,37,379","3,84,64,40,646.50","1,09,787","17,50,153",63.94
M&M,EQ,2023-06-28,"1,402.40","1,408.95","1,413.75","1,390.15","1,397.00","1,395.00","1,401.57","26,11,913","3,66,07,89,774.80","95,156","18,51,446",70.88
M&M,EQ,2023-06-30,"1,395.00","1,402.65","1,461.00","1,400.00","1,456.00","1,453.60","1,442.59","41,14,865","5,93,60,69,457.00","1,45,578","19,14,512",46.53
M&M,EQ,2023-07-03,"1,453.60","1,470.00","1,498.05","1,459.30","1,471.70","1,467.95","1,475.68","36,15,176","5,33,48,36,255.65","1,51,271","18,57,175",51.37
M&M,EQ,2023-07-04,"1,467.95","1,487.00","1,487.00","1,462.10","1,467.55","1,464.45","1,474.83","15,95,700","2,35,33,86,706.45","69,329","8,92,010",55.9
M&M,EQ,2023-07-05,"1,464.45","1,463.95","1,478.00","1,457.10","1,477.90","1,475.35","1,468.79","14,56,527","2,13,93,34,212.80","63,472","7,23,637",49.68
M&M,EQ,2023-07-06,"1,475.35","1,477.85","1,552.90","1,472.65","1,549.50","1,548.80","1,525.41","56,28,945","8,58,64,43,512.65","2,05,433","29,46,475",52.35
M&M,EQ,2023-07-07,"1,548.80","1,546.90","1,591.95","1,539.30","1,561.00","1,564.15","1,564.56","69,05,845","10,80,46,25,639.95","2,60,393","33,14,036",47.99
M&M,EQ,2023-07-10,"1,564.15","1,567.00","1,579.00","1,545.95","1,553.00","1,551.40","1,560.33","22,76,342","3,55,18,33,862.95","1,49,933","13,78,966",60.58
M&M,EQ,2023-07-11,"1,551.40","1,558.25","1,576.00","1,550.40","1,569.00","1,569.45","1,567.19","15,63,376","2,45,01,14,284.30","1,14,002","9,57,357",61.24
M&M,EQ,2023-07-12,"1,569.45","1,569.00","1,579.65","1,541.65","1,570.00","1,570.85","1,563.94","26,58,457","4,15,76,78,302.60","1,09,295","16,91,478",63.63
M&M,EQ,2023-07-13,"1,570.85","1,576.00","1,594.80","1,558.45","1,571.05","1,566.90","1,578.32","18,59,405","2,93,47,32,700.90","87,474","9,27,976",49.91
M&M,EQ,2023-07-14,"1,566.90","1,562.70","1,566.90","1,542.70","1,545.00","1,546.55","1,551.94","21,74,792","3,37,51,54,000.35","96,588","14,93,802",68.69
M&M,EQ,2023-07-17,"1,546.55","1,559.00","1,559.00","1,529.50","1,538.00","1,536.30","1,540.14","15,20,990","2,34,25,35,168.80","86,235","9,13,298",60.05
M&M,EQ,2023-07-18,"1,536.30","1,536.00","1,542.15","1,526.00","1,536.50","1,534.70","1,532.81","10,59,058","1,62,33,35,669.05","60,751","5,75,441",54.34
M&M,EQ,2023-07-19,"1,534.70","1,530.20","1,549.50","1,524.00","1,544.00","1,544.45","1,537.33","10,81,196","1,66,21,59,892.10","70,954","5,53,446",51.19
M&M,EQ,2023-07-20,"1,544.45","1,550.05","1,553.75","1,530.55","1,545.95","1,545.35","1,542.53","15,38,263","2,37,28,23,593.30","59,514","10,17,018",66.11
M&M,EQ,2023-07-21,"1,545.35","1,548.95","1,552.60","1,518.85","1,522.35","1,523.50","1,535.40","16,68,783","2,56,22,44,084.50","53,153","10,97,755",65.78
M&M,EQ,2023-07-24,"1,523.50","1,522.00","1,557.00","1,514.95","1,547.00","1,546.85","1,545.52","21,29,706","3,29,14,95,808.20","63,981","11,74,377",55.14
M&M,EQ,2023-07-25,"1,546.85","1,551.45","1,569.50","1,548.05","1,566.00","1,565.75","1,559.57","19,96,604","3,11,38,51,815.85","93,250","12,39,119",62.06
M&M,EQ,2023-07-26,"1,565.75","1,570.15","1,574.00","1,532.00","1,545.90","1,544.85","1,548.29","21,00,855","3,25,27,35,692.95","1,38,339","13,04,509",62.09
M&M,EQ,2023-07-27,"1,544.85","1,499.00","1,500.00","1,438.35","1,448.60","1,447.40","1,456.47","1,18,79,512","17,30,21,19,830.30","5,29,448","75,68,396",63.71
M&M,EQ,2023-07-28,"1,447.40","1,460.00","1,471.00","1,450.00","1,467.95","1,467.80","1,465.88","47,14,146","6,91,03,85,047.05","1,83,184","31,95,611",67.79
M&M,EQ,2023-07-31,"1,467.80","1,476.80","1,479.00","1,457.60","1,474.00","1,475.20","1,471.47","24,60,789","3,62,09,87,285.80","95,493","17,45,148",70.92
M&M,EQ,2023-08-01,"1,475.20","1,475.20","1,504.00","1,470.20","1,490.00","1,493.35","1,491.08","41,84,243","6,23,90,54,567.40","1,41,243","26,25,757",62.75
M&M,EQ,2023-08-02,"1,493.35","1,493.35","1,497.00","1,465.25","1,480.50","1,485.30","1,480.42","31,88,395","4,72,01,74,968.70","1,15,865","23,29,894",73.07
M&M,EQ,2023-08-03,"1,485.30","1,485.00","1,501.55","1,447.60","1,470.90","1,469.15","1,475.46","22,22,395","3,27,90,49,817.95","1,02,440","8,19,716",36.88
M&M,EQ,2023-08-04,"1,469.15","1,481.00","1,502.45","1,415.75","1,463.50","1,464.65","1,473.57","80,66,091","11,88,59,27,353.40","2,11,004","25,71,087",31.88
M&M,EQ,2023-08-07,"1,464.65","1,489.00","1,531.00","1,480.75","1,528.00","1,526.90","1,511.54","92,57,291","13,99,27,70,403.85","2,50,334","46,62,233",50.36
M&M,EQ,2023-08-08,"1,526.90","1,530.00","1,534.00","1,485.00","1,500.00","1,499.70","1,501.87","34,26,948","5,14,68,35,747.20","1,31,009","20,74,398",60.53
M&M,EQ,2023-08-09,"1,499.70","1,505.00","1,537.55","1,492.25","1,535.80","1,534.75","1,523.49","37,13,003","5,65,67,22,762.40","1,38,085","23,20,378",62.49
M&M,EQ,2023-08-10,"1,534.75","1,534.50","1,556.05","1,531.80","1,546.00","1,545.40","1,543.62","36,00,607","5,55,79,77,030.40","1,25,399","22,31,691",61.98
M&M,EQ,2023-08-11,"1,545.40","1,548.55","1,559.60","1,533.05","1,544.45","1,546.45","1,548.93","24,02,812","3,72,17,97,012.45","1,05,088","15,41,963",64.17
M&M,EQ,2023-08-14,"1,546.45","1,544.95","1,550.75","1,524.00","1,544.95","1,546.85","1,536.80","18,75,450","2,88,22,00,322.00","84,182","12,17,515",64.92
M&M,EQ,2023-08-16,"1,546.85","1,559.05","1,573.00","1,538.60","1,570.00","1,570.60","1,554.23","23,61,632","3,67,05,16,760.55","73,729","14,86,004",62.92
M&M,EQ,2023-08-17,"1,570.60","1,573.00","1,579.05","1,560.15","1,568.75","1,573.50","1,570.95","23,77,711","3,73,52,59,102.15","1,06,994","15,01,612",63.15
M&M,EQ,2023-08-18,"1,573.50","1,568.75","1,582.55","1,544.60","1,548.90","1,552.65","1,559.13","22,02,570","3,43,40,92,716.15","1,09,131","12,44,310",56.49
M&M,EQ,2023-08-21,"1,552.65","1,546.00","1,552.65","1,531.75","1,538.50","1,538.55","1,540.09","14,87,526","2,29,09,30,187.00","67,927","7,02,587",47.23
M&M,EQ,2023-08-22,"1,538.55","1,538.00","1,555.00","1,534.75","1,550.00","1,550.50","1,549.55","9,75,607","1,51,17,50,845.35","48,063","4,46,055",45.72
M&M,EQ,2023-08-23,"1,550.50","1,546.05","1,554.85","1,536.10","1,544.75","1,542.45","1,543.98","14,05,076","2,16,94,06,989.35","73,804","7,72,522",54.98
M&M,EQ,2023-08-24,"1,542.45","1,550.05","1,554.95","1,528.05","1,542.00","1,542.20","1,542.05","21,11,147","3,25,54,93,056.80","90,572","13,07,134",61.92
M&M,EQ,2023-08-25,"1,542.20","1,530.90","1,547.25","1,508.20","1,517.50","1,520.05","1,526.22","14,55,320","2,22,11,35,433.00","89,655","6,04,931",41.57
M&M,EQ,2023-08-28,"1,520.05","1,528.00","1,553.00","1,524.10","1,547.80","1,549.25","1,542.12","21,32,512","3,28,85,87,350.20","1,16,884","13,41,273",62.9
M&M,EQ,2023-08-29,"1,549.25","1,554.90","1,564.35","1,540.00","1,555.05","1,560.85","1,553.95","13,25,882","2,06,03,57,379.60","64,986","8,04,869",60.7
M&M,EQ,2023-08-30,"1,560.85","1,569.00","1,589.00","1,559.80","1,579.40","1,583.20","1,580.41","31,40,040","4,96,25,52,408.20","81,860","19,51,836",62.16
M&M,EQ,2023-08-31,"1,583.20","1,588.95","1,590.00","1,567.15","1,577.70","1,575.40","1,578.93","35,12,885","5,54,66,07,060.75","96,186","20,59,606",58.63
M&M,EQ,2023-09-01,"1,575.40","1,577.00","1,604.50","1,575.00","1,589.95","1,591.95","1,594.46","21,47,299","3,42,37,88,677.25","92,628","9,00,496",41.94
M&M,EQ,2023-09-04,"1,591.95","1,605.90","1,605.90","1,564.20","1,576.00","1,576.40","1,579.78","22,00,142","3,47,57,30,985.35","91,998","10,61,868",48.26
M&M,EQ,2023-09-05,"1,576.40","1,577.60","1,584.10","1,565.25","1,571.65","1,571.15","1,572.71","10,78,759","1,69,65,79,170.45","71,823","5,46,277",50.64
M&M,EQ,2023-09-06,"1,571.15","1,577.00","1,580.90","1,558.70","1,572.20","1,577.00","1,571.48","13,01,466","2,04,52,22,551.50","75,648","7,65,134",58.79
M&M,EQ,2023-09-07,"1,577.00","1,572.20","1,577.90","1,560.25","1,564.90","1,565.75","1,566.50","15,14,369","2,37,22,52,819.20","64,556","7,08,201",46.77
M&M,EQ,2023-09-08,"1,565.75","1,565.10","1,578.00","1,560.00","1,567.30","1,567.55","1,568.94","12,23,910","1,92,02,38,327.90","54,277","7,03,684",57.49
M&M,EQ,2023-09-11,"1,567.55","1,567.65","1,589.00","1,564.00","1,580.55","1,582.10","1,578.07","19,21,950","3,03,29,76,545.50","71,137","13,01,927",67.74
M&M,EQ,2023-09-12,"1,582.10","1,582.20","1,589.45","1,513.05","1,552.70","1,557.95","1,547.80","37,70,868","5,83,65,61,603.85","1,51,631","15,13,423",40.13
M&M,EQ,2023-09-13,"1,557.95","1,564.00","1,568.60","1,530.10","1,536.65","1,536.95","1,544.36","23,82,637","3,67,96,49,124.45","1,06,500","16,09,541",67.55
M&M,EQ,2023-09-14,"1,536.95","1,545.00","1,575.40","1,538.35","1,574.00","1,566.00","1,555.96","22,20,196","3,45,45,43,286.40","1,11,644","10,49,719",47.28
M&M,EQ,2023-09-15,"1,566.00","1,579.65","1,610.70","1,571.85","1,600.05","1,601.10","1,596.74","54,25,897","8,66,37,46,439.45","1,32,986","33,21,107",61.21
M&M,EQ,2023-09-18,"1,601.10","1,608.75","1,670.00","1,602.10","1,637.25","1,641.45","1,643.96","68,87,528","11,32,28,21,630.20","2,38,663","32,84,443",47.69
M&M,EQ,2023-09-20,"1,641.45","1,620.10","1,665.00","1,620.10","1,642.00","1,634.00","1,641.12","61,16,670","10,03,81,94,819.80","1,61,553","38,57,167",63.06
M&M,EQ,2023-09-21,"1,634.00","1,637.80","1,656.20","1,575.10","1,586.90","1,583.25","1,598.98","28,98,266","4,63,42,77,070.80","1,32,021","8,97,066",30.95
M&M,EQ,2023-09-22,"1,583.25","1,580.00","1,617.95","1,566.10","1,610.00","1,607.15","1,601.02","38,27,771","6,12,83,20,005.60","1,58,229","14,62,485",38.21
M&M,EQ,2023-09-25,"1,607.15","1,612.95","1,620.00","1,582.35","1,587.05","1,589.45","1,598.36","32,31,962","5,16,58,38,001.75","1,19,251","19,39,820",60.02
M&M,EQ,2023-09-26,"1,589.45","1,589.45","1,606.60","1,582.00","1,597.85","1,595.20","1,594.86","14,79,841","2,36,01,44,550.35","90,867","8,06,177",54.48
M&M,EQ,2023-09-27,"1,595.20","1,594.85","1,599.60","1,583.25","1,597.00","1,589.20","1,590.55","19,91,198","3,16,70,91,344.10","67,369","14,52,014",72.92
M&M,EQ,2023-09-28,"1,589.20","1,595.95","1,596.90","1,544.00","1,554.35","1,556.05","1,563.62","23,69,699","3,70,53,00,764.65","1,25,645","10,12,374",42.72
M&M,EQ,2023-09-29,"1,556.05","1,574.00","1,576.50","1,550.10","1,555.75","1,554.25","1,558.54","12,54,881","1,95,57,78,620.00","78,231","6,55,136",52.21
M&M,EQ,2023-10-03,"1,554.25","1,597.20","1,598.00","1,533.05","1,535.90","1,537.40","1,548.60","34,36,776","5,32,21,80,370.85","1,15,789","20,65,131",60.09
M&M,EQ,2023-10-04,"1,537.40","1,531.80","1,537.90","1,501.75","1,522.70","1,522.10","1,514.78","25,80,901","3,90,94,95,362.90","1,05,636","15,83,424",61.35
M&M,EQ,2023-10-05,"1,522.10","1,533.00","1,550.80","1,513.05","1,548.85","1,537.95","1,530.68","19,91,367","3,04,81,45,568.15","1,49,329","10,88,943",54.68
M&M,EQ,2023-10-06,"1,537.95","1,545.00","1,554.00","1,540.35","1,544.90","1,548.85","1,548.27","17,43,027","2,69,86,74,998.50","82,505","8,30,658",47.66
M&M,EQ,2023-10-09,"1,548.85","1,540.00","1,541.25","1,514.00","1,515.00","1,515.20","1,528.82","21,23,175","3,24,59,42,615.00","78,785","15,90,119",74.89
M&M,EQ,2023-10-10,"1,515.20","1,521.45","1,543.85","1,519.20","1,538.00","1,537.85","1,534.77","19,56,653","3,00,30,15,413.15","99,328","11,41,285",58.33
M&M,EQ,2023-10-11,"1,537.85","1,540.00","1,559.15","1,540.00","1,556.00","1,556.30","1,550.73","15,36,986","2,38,34,46,754.70","81,417","9,35,036",60.84
M&M,EQ,2023-10-12,"1,556.30","1,559.00","1,570.05","1,555.60","1,569.00","1,566.65","1,563.66","17,31,806","2,70,79,61,661.65","96,976","9,14,351",52.8
M&M,EQ,2023-10-13,"1,566.65","1,560.50","1,574.40","1,550.30","1,564.50","1,562.45","1,562.94","14,65,554","2,29,05,80,060.65","91,610","7,31,955",49.94
M&M,EQ,2023-10-16,"1,562.45","1,562.85","1,577.25","1,558.50","1,574.70","1,574.55","1,569.82","10,89,610","1,71,04,92,703.95","72,668","5,83,329",53.54
M&M,EQ,2023-10-17,"1,574.55","1,575.00","1,583.90","1,568.60","1,572.55","1,576.60","1,577.41","9,97,962","1,57,41,91,504.05","70,716","5,37,367",53.85
M&M,EQ,2023-10-18,"1,576.60","1,576.60","1,579.45","1,561.75","1,577.95","1,574.85","1,573.68","12,12,994","1,90,88,62,078.40","84,374","7,21,232",59.46
M&M,EQ,2023-10-19,"1,574.85","1,553.35","1,578.90","1,553.35","1,566.90","1,569.55","1,569.38","12,39,578","1,94,53,72,083.35","96,393","4,72,126",38.09
M&M,EQ,2023-10-20,"1,569.55","1,566.00","1,575.00","1,545.10","1,553.75","1,558.25","1,557.96","14,35,102","2,23,58,34,548.50","91,618","9,04,795",63.05
M&M,EQ,2023-10-23,"1,558.25","1,548.25","1,574.90","1,546.50","1,561.00","1,565.15","1,567.05","40,69,167","6,37,65,72,423.80","69,299","33,10,331",81.35
M&M,EQ,2023-10-25,"1,565.15","1,574.00","1,576.60","1,547.00","1,570.95","1,569.10","1,564.71","25,10,769","3,92,86,25,248.65","1,00,426","18,14,824",72.28
M&M,EQ,2023-10-26,"1,569.10","1,554.00","1,558.20","1,500.00","1,508.00","1,506.10","1,516.88","33,43,802","5,07,21,38,488.05","1,60,693","19,23,540",57.53
M&M,EQ,2023-10-27,"1,506.10","1,508.35","1,533.95","1,507.30","1,511.80","1,510.80","1,518.97","33,41,111","5,07,50,44,106.80","1,31,095","21,66,039",64.83
M&M,EQ,2023-10-30,"1,510.80","1,502.10","1,515.45","1,463.20","1,494.95","1,497.80","1,486.97","26,37,486","3,92,18,62,448.80","1,09,907","12,10,710",45.9
M&M,EQ,2023-10-31,"1,497.80","1,494.20","1,497.30","1,455.55","1,464.00","1,458.60","1,471.08","25,55,737","3,75,97,06,051.90","1,20,821","14,17,073",55.45
M&M,EQ,2023-11-01,"1,458.60","1,464.90","1,485.00","1,450.00","1,452.50","1,454.60","1,464.95","26,27,536","3,84,92,13,929.40","1,24,446","13,85,854",52.74
M&M,EQ,2023-11-02,"1,454.60","1,465.00","1,477.50","1,452.50","1,475.25","1,469.70","1,461.99","20,91,122","3,05,71,89,957.30","1,14,675","9,48,766",45.37
M&M,EQ,2023-11-03,"1,469.70","1,480.00","1,488.10","1,460.45","1,470.00","1,469.00","1,473.06","24,56,723","3,61,89,07,743.05","1,14,156","14,42,878",58.73
M&M,EQ,2023-11-06,"1,469.00","1,481.80","1,492.20","1,473.55","1,492.05","1,488.30","1,482.59","12,71,868","1,88,56,58,642.35","70,563","8,78,236",69.05
M&M,EQ,2023-11-07,"1,488.30","1,488.25","1,497.00","1,475.00","1,479.60","1,479.75","1,486.39","19,40,908","2,88,49,37,770.10","91,741","12,49,961",64.4
M&M,EQ,2023-11-08,"1,479.75","1,485.05","1,489.40","1,474.00","1,486.00","1,487.40","1,481.64","13,42,202","1,98,86,62,938.30","63,329","8,26,544",61.58
M&M,EQ,2023-11-09,"1,487.40","1,487.40","1,558.70","1,487.40","1,550.00","1,552.05","1,532.62","48,31,782","7,40,53,07,780.85","1,75,935","20,30,967",42.03
M&M,EQ,2023-11-10,"1,552.05","1,550.00","1,551.00","1,515.30","1,523.50","1,524.10","1,528.30","48,72,228","7,44,62,49,607.25","1,56,757","16,20,457",33.26
M&M,EQ,2023-11-12,"1,524.10","1,540.00","1,540.00","1,523.35","1,527.50","1,526.25","1,530.61","3,40,544","52,12,39,526.35","18,133","1,50,536",44.2
M&M,EQ,2023-11-13,"1,526.25","1,526.25","1,543.30","1,513.05","1,537.65","1,540.25","1,532.61","19,68,032","3,01,62,18,939.75","76,313","11,69,534",59.43
M&M,EQ,2023-11-15,"1,540.25","1,549.00","1,550.80","1,533.55","1,541.25","1,544.15","1,541.12","27,82,942","4,28,88,49,627.70","96,931","19,80,064",71.15
M&M,EQ,2023-11-16,"1,544.15","1,544.20","1,583.95","1,538.50","1,571.00","1,569.50","1,560.31","32,24,223","5,03,07,72,372.00","1,31,439","19,00,132",58.93
M&M,EQ,2023-11-17,"1,569.50","1,575.00","1,596.00","1,572.65","1,582.00","1,584.55","1,586.80","20,35,309","3,22,96,34,318.15","96,008","9,79,295",48.12
M&M,EQ,2023-11-20,"1,584.55","1,589.80","1,589.80","1,540.60","1,553.00","1,552.20","1,552.86","29,18,577","4,53,21,42,535.20","1,00,706","16,92,474",57.99
M&M,EQ,2023-11-21,"1,552.20","1,553.00","1,571.40","1,549.15","1,561.25","1,559.75","1,560.72","22,13,144","3,45,40,99,064.10","74,086","14,38,046",64.98
M&M,EQ,2023-11-22,"1,559.75","1,560.00","1,564.65","1,535.00","1,545.50","1,543.45","1,547.17","12,69,475","1,96,40,98,546.80","74,110","6,65,034",52.39
M&M,EQ,2023-11-23,"1,543.45","1,556.60","1,560.95","1,535.10","1,547.50","1,545.85","1,546.53","15,52,635","2,40,11,91,549.55","78,433","6,54,391",42.15
M&M,EQ,2023-11-24,"1,545.85","1,549.00","1,559.50","1,547.50","1,551.95","1,553.20","1,553.16","12,39,270","1,92,47,87,709.00","64,427","7,64,149",61.66
M&M,EQ,2023-11-28,"1,553.20","1,553.20","1,572.00","1,542.15","1,565.50","1,566.05","1,559.99","25,96,766","4,05,09,29,463.50","1,43,836","17,85,527",68.76
M&M,EQ,2023-11-29,"1,566.05","1,576.00","1,623.40","1,567.25","1,614.00","1,619.10","1,606.73","35,81,220","5,75,40,64,065.50","1,46,890","19,29,727",53.88
M&M,EQ,2023-11-30,"1,619.10","1,615.05","1,660.00","1,613.70","1,644.60","1,647.75","1,645.03","52,14,960","8,57,87,68,910.00","1,71,773","28,02,695",53.74
M&M,EQ,2023-12-01,"1,647.75","1,656.00","1,666.00","1,621.20","1,627.00","1,625.50","1,640.08","24,89,755","4,08,33,87,511.45","98,599","13,52,999",54.34
M&M,EQ,2023-12-04,"1,625.50","1,662.85","1,675.00","1,639.45","1,655.00","1,656.85","1,655.66","30,01,010","4,96,86,42,170.20","1,00,100","18,50,073",61.65
M&M,EQ,2023-12-05,"1,656.85","1,660.90","1,708.00","1,640.60","1,684.50","1,686.05","1,687.33","34,23,953","5,77,73,40,535.90","1,30,952","18,41,933",53.8
M&M,EQ,2023-12-06,"1,686.05","1,688.10","1,710.45","1,684.15","1,706.45","1,702.40","1,698.46","22,79,220","3,87,11,69,734.40","1,18,171","15,99,703",70.19
M&M,EQ,2023-12-07,"1,702.40","1,703.00","1,706.00","1,681.65","1,697.95","1,692.65","1,694.46","24,61,051","4,17,01,45,824.70","1,17,808","13,73,108",55.79
M&M,EQ,2023-12-08,"1,692.65","1,699.00","1,708.15","1,662.55","1,668.00","1,668.55","1,676.43","19,42,667","3,25,67,48,653.40","1,04,421","10,16,289",52.31
M&M,EQ,2023-12-11,"1,668.55","1,674.00","1,674.45","1,647.10","1,652.00","1,652.20","1,655.74","20,37,178","3,37,30,31,067.35","87,156","12,86,309",63.14
M&M,EQ,2023-12-12,"1,652.20","1,663.00","1,670.00","1,626.50","1,634.80","1,635.40","1,644.36","20,51,527","3,37,34,56,932.95","98,456","14,29,794",69.69
M&M,EQ,2023-12-13,"1,635.40","1,639.00","1,670.50","1,629.55","1,668.05","1,666.15","1,652.49","22,47,441","3,71,38,78,152.95","83,152","14,09,441",62.71
M&M,EQ,2023-12-14,"1,666.15","1,676.00","1,709.85","1,671.05","1,704.00","1,703.55","1,690.28","33,26,228","5,62,22,69,608.75","1,22,685","20,84,609",62.67
M&M,EQ,2023-12-15,"1,703.55","1,727.90","1,739.60","1,698.00","1,721.40","1,724.95","1,721.54","38,58,594","6,64,27,22,791.95","1,30,820","20,70,465",53.66
M&M,EQ,2023-12-18,"1,724.95","1,720.00","1,731.85","1,698.75","1,710.10","1,710.80","1,715.62","17,39,425","2,98,41,90,960.75","1,24,391","11,62,512",66.83
M&M,EQ,2023-12-19,"1,710.80","1,720.00","1,723.85","1,691.30","1,699.60","1,699.35","1,699.44","16,60,221","2,82,14,41,539.80","1,31,426","10,88,972",65.59
M&M,EQ,2023-12-20,"1,699.35","1,710.00","1,711.95","1,640.60","1,660.00","1,646.95","1,672.97","30,47,660","5,09,86,41,405.40","1,86,996","19,24,565",63.15
M&M,EQ,2023-12-21,"1,646.95","1,635.00","1,653.15","1,620.40","1,639.00","1,633.85","1,637.23","32,11,338","5,25,76,99,123.20","2,49,337","20,04,656",62.42
M&M,EQ,2023-12-22,"1,633.85","1,630.00","1,652.00","1,622.75","1,635.00","1,634.25","1,637.84","27,51,274","4,50,61,54,106.05","1,89,768","18,07,489",65.7
M&M,EQ,2023-12-26,"1,634.25","1,640.90","1,669.00","1,634.50","1,657.10","1,662.25","1,659.40","12,03,594","1,99,72,37,988.25","85,702","5,97,105",49.61
M&M,EQ,2023-12-27,"1,662.25","1,670.00","1,691.80","1,660.25","1,683.00","1,687.95","1,677.56","17,93,638","3,00,89,30,098.65","93,360","10,77,999",60.1
M&M,EQ,2023-12-28,"1,687.95","1,688.95","1,739.95","1,688.40","1,735.00","1,734.45","1,717.64","29,63,938","5,09,09,64,717.35","1,39,021","14,05,533",47.42
M&M,EQ,2023-12-29,"1,734.45","1,730.00","1,758.00","1,715.00","1,725.00","1,729.40","1,736.08","22,73,255","3,94,65,49,150.10","1,12,932","12,41,939",54.63
M&M,EQ,2024-01-01,"1,729.40","1,729.40","1,730.00","1,699.00","1,702.00","1,703.30","1,705.61","13,07,485","2,23,00,55,234.00","88,305","6,11,782",46.79
M&M,EQ,2024-01-02,"1,703.30","1,703.60","1,705.00","1,649.45","1,661.00","1,656.20","1,661.80","28,57,334","4,74,83,22,508.25","1,78,353","18,11,155",63.39
M&M,EQ,2024-01-03,"1,656.20","1,672.00","1,678.20","1,648.05","1,656.50","1,655.25","1,658.32","19,27,812","3,19,69,31,108.10","1,36,110","10,60,295",55.0
M&M,EQ,2024-01-04,"1,655.25","1,666.90","1,674.45","1,638.20","1,642.00","1,641.70","1,653.75","28,35,768","4,68,96,64,224.40","1,47,068","19,40,025",68.41
M&M,EQ,2024-01-05,"1,641.70","1,647.95","1,661.50","1,636.50","1,640.65","1,642.00","1,645.68","17,09,313","2,81,29,87,716.25","1,25,534","9,74,366",57.0
M&M,EQ,2024-01-08,"1,642.00","1,648.15","1,653.40","1,606.10","1,606.10","1,616.15","1,625.06","14,92,195","2,42,49,00,552.30","1,31,119","9,16,260",61.4
M&M,EQ,2024-01-09,"1,616.15","1,625.00","1,636.80","1,615.00","1,630.50","1,629.90","1,630.04","25,42,484","4,14,43,56,068.95","1,20,247","17,70,687",69.64
M&M,EQ,2024-01-10,"1,629.90","1,645.00","1,647.45","1,621.35","1,626.50","1,632.80","1,630.09","19,54,233","3,18,55,79,690.15","93,797","11,96,049",61.2
M&M,EQ,2024-01-11,"1,632.80","1,643.90","1,651.25","1,625.85","1,631.45","1,628.65","1,635.48","22,28,002","3,64,38,52,904.75","94,877","14,97,989",67.23
M&M,EQ,2024-01-12,"1,628.65","1,630.00","1,633.85","1,601.50","1,626.50","1,624.45","1,614.52","30,61,539","4,94,29,19,898.50","1,55,045","17,92,589",58.55
M&M,EQ,2024-01-15,"1,624.45","1,635.00","1,640.90","1,616.10","1,638.00","1,635.55","1,628.55","14,05,514","2,28,89,52,748.85","90,573","8,57,320",61.0
M&M,EQ,2024-01-16,"1,635.55","1,638.00","1,640.00","1,617.55","1,621.00","1,620.35","1,627.10","22,36,688","3,63,93,24,487.40","1,06,188","14,59,830",65.27
M&M,EQ,2024-01-17,"1,620.35","1,612.00","1,615.00","1,591.00","1,595.00","1,597.70","1,600.90","25,48,169","4,07,93,65,507.05","1,21,110","16,76,809",65.8
M&M,EQ,2024-01-18,"1,597.70","1,600.00","1,623.30","1,580.65","1,617.30","1,617.25","1,609.83","23,28,588","3,74,86,40,616.60","1,62,681","13,95,128",59.91
M&M,EQ,2024-01-19,"1,617.25","1,624.95","1,659.00","1,622.25","1,653.30","1,655.55","1,644.09","28,36,976","4,66,42,30,995.40","1,33,905","16,86,296",59.44
M&M,EQ,2024-01-20,"1,655.55","1,660.50","1,673.95","1,616.00","1,624.00","1,622.30","1,639.07","7,11,300","1,16,58,67,502.95","46,251","2,83,648",39.88
M&M,EQ,2024-01-23,"1,622.30","1,619.00","1,647.60","1,588.25","1,595.10","1,595.20","1,620.52","27,72,880","4,49,35,17,297.70","1,57,662","18,19,195",65.61
M&M,EQ,2024-01-24,"1,595.20","1,595.00","1,632.30","1,575.00","1,628.00","1,628.10","1,604.55","25,43,323","4,08,08,86,969.10","1,71,147","15,40,243",60.56
M&M,EQ,2024-01-25,"1,628.10","1,631.60","1,642.75","1,603.90","1,633.10","1,635.50","1,627.41","20,38,472","3,31,74,33,483.65","1,44,616","11,83,828",58.07
M&M,EQ,2024-01-29,"1,635.50","1,635.50","1,645.00","1,625.00","1,637.50","1,640.00","1,637.85","30,75,670","5,03,74,74,705.10","1,32,824","23,32,644",75.84
M&M,EQ,2024-01-30,"1,640.00","1,649.95","1,659.50","1,614.45","1,618.00","1,620.35","1,636.71","25,69,098","4,20,48,67,337.00","1,30,366","16,65,270",64.82
M&M,EQ,2024-01-31,"1,620.35","1,615.05","1,658.30","1,609.05","1,656.80","1,651.55","1,644.55","31,54,787","5,18,82,19,997.35","1,78,458","20,94,992",66.41
M&M,EQ,2024-02-01,"1,651.55","1,659.25","1,702.60","1,645.55","1,651.00","1,651.15","1,676.52","40,65,784","6,81,63,83,895.35","1,69,445","20,87,749",51.35
M&M,EQ,2024-02-02,"1,651.15","1,655.00","1,687.05","1,650.00","1,660.00","1,660.75","1,666.64","33,04,158","5,50,68,39,985.10","1,71,830","19,28,724",58.37
M&M,EQ,2024-02-05,"1,660.75","1,676.70","1,712.85","1,665.10","1,700.00","1,703.55","1,697.06","35,25,423","5,98,28,67,697.00","1,49,948","23,79,202",67.49
M&M,EQ,2024-02-06,"1,703.55","1,710.95","1,730.00","1,706.00","1,728.00","1,727.65","1,722.89","22,19,874","3,82,45,98,913.10","1,26,701","13,63,445",61.42
M&M,EQ,2024-02-07,"1,727.65","1,731.45","1,752.00","1,715.70","1,722.00","1,721.00","1,727.35","12,13,661","2,09,64,13,185.25","1,11,960","7,39,979",60.97
M&M,EQ,2024-02-08,"1,721.00","1,729.00","1,743.90","1,675.55","1,691.20","1,685.90","1,707.81","25,50,690","4,35,61,02,159.50","1,45,744","13,31,198",52.19
M&M,EQ,2024-02-09,"1,685.90","1,686.00","1,689.75","1,628.00","1,644.45","1,646.40","1,647.76","20,33,950","3,35,14,65,286.60","1,45,064","9,55,487",46.98
M&M,EQ,2024-02-12,"1,646.40","1,654.00","1,675.05","1,640.55","1,661.60","1,660.45","1,657.26","11,97,925","1,98,52,71,523.25","95,274","6,25,805",52.24
M&M,EQ,2024-02-13,"1,660.45","1,670.00","1,679.40","1,623.45","1,650.00","1,646.75","1,649.01","20,75,130","3,42,19,16,330.55","1,11,100","11,41,291",55.0
M&M,EQ,2024-02-14,"1,646.75","1,631.00","1,679.65","1,623.90","1,662.00","1,657.05","1,650.42","43,68,695","7,21,01,83,363.85","1,84,976","18,83,538",43.11
M&M,EQ,2024-02-15,"1,657.05","1,681.05","1,784.90","1,668.10","1,769.85","1,765.05","1,748.30","98,87,134","17,28,56,35,543.90","3,65,256","41,09,578",41.56
M&M,EQ,2024-02-16,"1,765.05","1,788.00","1,864.65","1,776.85","1,838.00","1,835.55","1,825.59","71,88,957","13,12,40,79,097.95","3,16,154","21,01,070",29.23
M&M,EQ,2024-02-19,"1,835.55","1,836.05","1,856.45","1,820.00","1,847.10","1,848.55","1,843.43","26,82,236","4,94,45,25,867.95","1,12,120","13,29,721",49.58
M&M,EQ,2024-02-20,"1,848.55","1,837.40","1,860.00","1,820.50","1,848.75","1,853.65","1,845.06","18,30,562","3,37,75,01,723.05","1,05,235","8,50,188",46.44
M&M,EQ,2024-02-21,"1,853.65","1,849.90","1,889.70","1,846.70","1,858.00","1,859.65","1,866.69","44,66,234","8,33,70,64,019.10","1,58,000","27,50,588",61.59
M&M,EQ,2024-02-22,"1,859.65","1,870.95","1,917.00","1,853.00","1,908.00","1,910.35","1,876.80","33,60,123","6,30,62,67,779.00","1,75,607","17,02,316",50.66
M&M,EQ,2024-02-23,"1,910.35","1,926.35","1,947.85","1,901.10","1,924.95","1,929.95","1,927.71","33,23,441","6,40,66,32,831.35","1,27,112","17,42,479",52.43
M&M,EQ,2024-02-26,"1,929.95","1,935.00","1,951.00","1,925.20","1,926.00","1,929.80","1,937.46","24,36,063","4,71,97,63,840.85","97,255","17,02,370",69.88
M&M,EQ,2024-02-27,"1,929.80","1,926.00","1,956.95","1,915.05","1,945.00","1,950.60","1,929.39","28,21,465","5,44,36,96,175.20","1,15,924","18,53,912",65.71
M&M,EQ,2024-02-28,"1,950.60","1,951.95","1,953.15","1,897.05","1,905.00","1,901.65","1,921.29","20,10,429","3,86,26,13,934.35","1,15,877","12,16,048",60.49
M&M,EQ,2024-02-29,"1,901.65","1,902.85","1,950.90","1,892.55","1,932.00","1,932.40","1,933.38","55,39,065","10,70,91,20,457.20","2,03,880","34,56,296",62.4
M&M,EQ,2024-03-01,"1,932.40","1,933.60","1,982.30","1,930.50","1,973.00","1,972.95","1,962.75","33,84,932","6,64,37,81,847.85","2,14,057","17,23,651",50.92
M&M,EQ,2024-03-02,"1,972.95","1,978.00","1,978.00","1,957.00","1,959.80","1,960.10","1,962.48","1,10,564","21,69,79,425.85","8,738","62,071",56.14
M&M,EQ,2024-03-04,"1,960.10","1,967.00","1,974.95","1,919.05","1,926.00","1,921.05","1,933.08","16,45,331","3,18,05,50,992.95","97,713","10,00,206",60.79
M&M,EQ,2024-03-05,"1,921.05","1,925.00","1,968.00","1,923.05","1,942.30","1,939.25","1,944.99","22,08,384","4,29,52,86,730.65","1,59,181","11,27,113",51.04
M&M,EQ,2024-03-06,"1,939.25","1,945.00","1,979.90","1,922.00","1,972.00","1,970.65","1,949.69","16,73,183","3,26,21,93,561.40","1,21,313","10,15,012",60.66
M&M,EQ,2024-03-07,"1,970.65","1,930.15","1,932.15","1,884.30","1,892.00","1,897.55","1,907.06","1,83,23,831","34,94,45,54,378.05","3,70,373","1,17,51,636",64.13
M&M,EQ,2024-03-11,"1,897.55","1,913.00","1,913.70","1,873.30","1,888.60","1,894.35","1,893.01","32,50,782","6,15,37,67,603.25","2,04,948","21,30,752",65.55
M&M,EQ,2024-03-12,"1,894.35","1,892.00","1,898.35","1,876.65","1,893.00","1,895.15","1,889.35","31,86,510","6,02,04,35,340.30","1,45,929","21,97,384",68.96
M&M,EQ,2024-03-13,"1,895.15","1,896.00","1,901.40","1,844.25","1,847.10","1,853.70","1,871.86","42,70,994","7,99,46,94,457.40","1,65,984","29,91,264",70.04
M&M,EQ,2024-03-14,"1,853.70","1,853.70","1,895.60","1,844.60","1,881.50","1,890.55","1,884.28","23,88,133","4,49,99,14,034.70","1,28,629","12,03,806",50.41
M&M,EQ,2024-03-15,"1,890.55","1,875.00","1,882.10","1,788.80","1,796.30","1,799.50","1,812.83","55,04,948","9,97,95,54,718.20","1,91,028","35,25,523",64.04
M&M,EQ,2024-03-18,"1,799.50","1,807.95","1,867.40","1,801.05","1,859.00","1,856.05","1,850.05","34,04,076","6,29,77,07,676.45","1,72,055","14,93,597",43.88
M&M,EQ,2024-03-19,"1,856.05","1,856.05","1,865.00","1,826.80","1,847.35","1,843.90","1,846.15","21,89,225","4,04,16,32,744.40","1,03,604","13,52,380",61.77
M&M,EQ,2024-03-20,"1,843.90","1,851.95","1,859.05","1,820.55","1,847.00","1,844.40","1,839.70","15,50,415","2,85,23,05,700.55","96,982","9,23,926",59.59
M&M,EQ,2024-03-21,"1,844.40","1,859.95","1,875.00","1,845.00","1,870.00","1,865.85","1,860.35","20,72,960","3,85,64,22,569.10","1,21,686","11,05,928",53.35
M&M,EQ,2024-03-22,"1,865.85","1,865.85","1,905.45","1,847.25","1,875.00","1,878.80","1,880.49","37,86,990","7,12,14,01,214.60","1,88,135","21,29,210",56.22
M&M,EQ,2024-03-26,"1,878.80","1,878.20","1,917.50","1,861.10","1,868.00","1,863.95","1,877.23","40,92,744","7,68,30,30,551.55","1,63,561","28,68,529",70.09
M&M,EQ,2024-03-27,"1,863.95","1,869.90","1,899.90","1,855.30","1,884.00","1,881.15","1,876.70","41,96,597","7,87,57,70,141.65","1,24,880","33,03,968",78.73
M&M,EQ,2024-03-28,"1,881.15","1,881.15","1,962.95","1,870.35","1,915.35","1,921.35","1,920.47","37,90,854","7,28,02,24,678.00","1,79,599","15,63,118",41.23
M&M,EQ,2024-04-01,"1,921.35","1,938.00","1,963.85","1,891.80","1,917.00","1,915.95","1,926.88","27,65,845","5,32,94,38,096.90","1,32,571","13,80,345",49.91
M&M,EQ,2024-04-02,"1,915.95","1,915.95","1,977.50","1,901.45","1,970.00","1,971.95","1,941.57","34,31,715","6,66,29,18,731.95","1,59,650","21,24,098",61.9
M&M,EQ,2024-04-03,"1,971.95","1,967.00","2,003.30","1,956.20","1,985.00","1,989.30","1,984.89","36,15,370","7,17,60,95,709.25","1,45,827","22,01,246",60.89
M&M,EQ,2024-04-04,"1,989.30","1,999.00","2,015.00","1,963.20","2,008.00","2,002.70","1,990.02","30,07,920","5,98,58,08,386.85","1,78,669","10,77,420",35.82
M&M,EQ,2024-04-05,"2,002.70","1,995.35","2,027.45","1,992.25","2,011.90","2,013.30","2,014.55","27,67,027","5,57,43,00,725.65","93,624","19,35,941",69.96
M&M,EQ,2024-04-08,"2,013.30","2,018.00","2,087.00","2,016.90","2,080.90","2,078.10","2,066.63","27,81,568","5,74,84,78,216.95","1,76,571","14,67,492",52.76
M&M,EQ,2024-04-09,"2,078.10","2,095.00","2,098.65","2,070.10","2,087.00","2,090.90","2,084.31","28,53,137","5,94,68,17,842.75","95,608","18,89,815",66.24
M&M,EQ,2024-04-10,"2,090.90","2,098.45","2,108.60","2,070.00","2,077.00","2,076.20","2,084.46","22,80,814","4,75,42,71,184.55","1,27,279","15,81,365",69.33
M&M,EQ,2024-04-12,"2,076.20","2,084.00","2,087.50","2,051.65","2,072.00","2,070.95","2,072.81","40,08,660","8,30,91,73,468.05","1,69,073","25,19,317",62.85
M&M,EQ,2024-04-15,"2,070.95","2,055.25","2,083.90","2,035.00","2,052.00","2,053.45","2,056.93","20,24,919","4,16,51,25,300.35","95,536","11,80,623",58.3
M&M,EQ,2024-04-16,"2,053.45","2,047.05","2,073.75","2,027.75","2,031.90","2,031.30","2,044.91","19,81,730","4,05,24,61,711.65","1,13,029","10,97,363",55.37
M&M,EQ,2024-04-18,"2,031.30","2,031.30","2,087.00","2,016.50","2,025.00","2,024.95","2,051.09","35,39,862","7,26,05,91,199.85","2,02,224","17,83,580",50.39
M&M,EQ,2024-04-19,"2,024.95","2,034.00","2,087.00","1,998.20","2,084.00","2,082.90","2,056.75","32,53,248","6,69,11,33,980.15","1,55,276","16,99,975",52.25
M&M,EQ,2024-04-22,"2,082.90","2,124.55","2,133.00","2,065.00","2,093.00","2,090.65","2,086.95","24,49,171","5,11,12,95,496.65","1,10,402","14,64,011",59.78
M&M,EQ,2024-04-23,"2,090.65","2,096.00","2,114.00","2,056.85","2,069.70","2,062.60","2,080.68","28,86,136","6,00,51,17,881.95","1,25,119","20,05,569",69.49
M&M,EQ,2024-04-24,"2,062.60","2,055.00","2,090.85","2,052.95","2,059.95","2,058.45","2,068.83","19,29,834","3,99,25,06,955.20","83,959","13,77,255",71.37
M&M,EQ,2024-04-25,"2,058.45","2,060.00","2,113.95","2,041.90","2,092.35","2,096.85","2,084.46","30,84,498","6,42,95,10,430.95","1,52,671","13,44,105",43.58
M&M,EQ,2024-04-26,"2,096.85","2,099.55","2,103.00","2,038.80","2,055.00","2,044.90","2,063.69","29,52,484","6,09,30,02,392.35","1,54,737","18,27,710",61.9
M&M,EQ,2024-04-29,"2,044.90","2,045.50","2,068.35","2,001.00","2,065.55","2,062.05","2,041.16","27,24,604","5,56,13,40,119.85","1,12,964","16,63,971",61.07
M&M,EQ,2024-04-30,"2,062.05","2,073.05","2,169.00","2,073.05","2,159.90","2,156.35","2,149.44","57,45,143","12,34,88,42,487.85","2,64,690","24,55,150",42.73
M&M,EQ,2024-05-02,"2,156.35","2,165.10","2,204.00","2,165.10","2,183.80","2,185.15","2,190.11","33,47,541","7,33,14,82,177.80","2,19,943","9,92,272",29.64
M&M,EQ,2024-05-03,"2,185.15","2,210.00","2,210.00","2,172.35","2,193.15","2,193.00","2,189.88","38,59,227","8,45,12,28,639.95","2,00,650","20,97,367",54.35
M&M,EQ,2024-05-06,"2,193.00","2,200.45","2,240.00","2,190.00","2,227.00","2,224.95","2,220.18","21,11,447","4,68,77,85,713.15","1,17,348","9,50,179",45.0
M&M,EQ,2024-05-07,"2,224.95","2,236.00","2,236.90","2,164.85","2,195.70","2,191.50","2,193.59","17,27,823","3,79,01,38,026.15","1,21,466","10,20,311",59.05
M&M,EQ,2024-05-08,"2,191.50","2,191.70","2,195.00","2,160.00","2,183.60","2,182.40","2,178.86","19,93,202","4,34,29,06,748.55","1,13,972","12,19,597",61.19
M&M,EQ,2024-05-09,"2,182.40","2,185.55","2,256.75","2,185.00","2,215.65","2,212.55","2,225.13","39,98,822","8,89,78,90,554.65","2,81,445","18,59,998",46.51
M&M,EQ,2024-05-10,"2,212.55","2,211.85","2,231.65","2,183.00","2,193.80","2,193.05","2,200.08","30,45,912","6,70,12,63,581.85","1,56,040","18,62,600",61.15
M&M,EQ,2024-05-13,"2,193.05","2,208.00","2,208.05","2,160.00","2,206.90","2,184.25","2,176.83","25,75,573","5,60,65,91,080.55","1,22,635","17,70,539",68.74
M&M,EQ,2024-05-14,"2,184.25","2,175.00","2,280.35","2,175.00","2,271.80","2,269.90","2,252.95","38,30,189","8,62,92,23,966.15","2,33,647","19,19,453",50.11
M&M,EQ,2024-05-15,"2,269.90","2,281.30","2,317.15","2,256.00","2,301.45","2,302.30","2,292.14","25,69,084","5,88,86,94,717.25","1,25,876","15,28,108",59.48
M&M,EQ,2024-05-16,"2,302.30","2,319.45","2,393.90","2,286.20","2,393.90","2,371.75","2,326.15","74,44,517","17,31,70,83,306.05","3,06,022","30,53,712",41.02
M&M,EQ,2024-05-17,"2,371.75","2,425.35","2,557.95","2,425.35","2,510.00","2,514.60","2,519.07","97,96,445","24,67,79,57,925.85","3,89,049","34,97,675",35.7
M&M,EQ,2024-05-18,"2,514.60","2,527.95","2,527.95","2,500.05","2,504.00","2,503.70","2,509.63","2,57,091","64,52,03,745.00","13,739","1,16,501",45.32
M&M,EQ,2024-05-21,"2,503.70","2,503.00","2,536.95","2,467.00","2,516.55","2,522.65","2,504.01","37,47,292","9,38,32,70,683.15","1,68,361","23,55,178",62.85
M&M,EQ,2024-05-22,"2,522.65","2,521.70","2,535.00","2,490.00","2,516.00","2,521.05","2,510.64","29,74,921","7,46,89,66,735.75","1,42,667","20,40,765",68.6
M&M,EQ,2024-05-23,"2,521.05","2,520.00","2,617.40","2,500.25","2,610.00","2,609.20","2,565.13","47,15,263","12,09,52,58,090.65","2,09,714","25,24,490",53.54
M&M,EQ,2024-05-24,"2,609.20","2,589.80","2,605.00","2,572.40","2,576.45","2,579.75","2,588.50","29,19,241","7,55,64,69,846.60","1,30,155","19,23,995",65.91
M&M,EQ,2024-05-27,"2,579.75","2,581.15","2,589.75","2,541.00","2,548.90","2,549.10","2,565.01","33,28,559","8,53,77,84,466.25","88,947","25,42,382",76.38
M&M,EQ,2024-05-28,"2,549.10","2,550.00","2,581.95","2,548.00","2,550.00","2,552.80","2,558.57","15,49,203","3,96,37,47,876.75","85,473","8,95,507",57.8
M&M,EQ,2024-05-29,"2,552.80","2,510.25","2,547.00","2,500.60","2,530.00","2,533.65","2,525.21","27,20,451","6,86,97,20,458.35","1,12,815","18,37,451",67.54
M&M,EQ,2024-05-30,"2,533.65","2,518.00","2,531.45","2,478.00","2,501.15","2,493.50","2,497.83","33,67,101","8,41,04,58,256.20","1,70,101","21,41,186",63.59
M&M,EQ,2024-05-31,"2,493.50","2,517.75","2,569.20","2,495.15","2,517.95","2,506.25","2,520.24","87,69,724","22,10,17,81,610.85","2,73,642","58,02,619",66.17
M&M,EQ,2024-06-03,"2,506.25","2,575.05","2,654.35","2,570.40","2,641.80","2,634.00","2,631.64","27,01,157","7,10,84,82,575.95","1,43,508","15,19,348",56.25
M&M,EQ,2024-06-04,"2,634.00","2,634.25","2,639.00","2,448.20","2,584.00","2,572.90","2,557.71","63,72,249","16,29,83,92,753.85","3,75,878","36,41,658",57.15
M&M,EQ,2024-06-05,"2,572.90","2,572.90","2,753.70","2,571.80","2,728.90","2,740.95","2,694.50","42,42,881","11,43,24,36,746.25","2,41,980","26,09,010",61.49
M&M,EQ,2024-06-06,"2,740.95","2,745.00","2,761.90","2,670.90","2,699.00","2,699.85","2,705.02","49,92,660","13,50,52,57,471.65","2,90,943","28,63,296",57.35
M&M,EQ,2024-06-07,"2,699.85","2,668.35","2,867.60","2,668.35","2,845.00","2,857.45","2,800.79","64,47,821","18,05,90,18,225.70","2,63,057","32,43,967",50.31
M&M,EQ,2024-06-10,"2,857.45","2,861.00","2,886.00","2,800.00","2,814.00","2,807.55","2,824.87","20,21,106","5,70,93,64,107.25","1,26,237","11,39,606",56.39
M&M,EQ,2024-06-11,"2,807.55","2,821.00","2,855.00","2,813.40","2,833.25","2,835.55","2,834.11","22,98,974","6,51,55,35,399.70","1,21,561","13,71,903",59.67
M&M,EQ,2024-06-12,"2,835.55","2,835.55","2,848.60","2,782.05","2,796.65","2,787.55","2,812.62","25,80,846","7,25,89,33,750.00","1,40,894","17,54,740",67.99
M&M,EQ,2024-06-13,"2,787.55","2,850.00","2,879.10","2,788.65","2,877.00","2,861.70","2,833.48","24,92,637","7,06,28,34,186.90","1,43,736","12,15,627",48.77
M&M,EQ,2024-06-14,"2,861.70","2,875.00","2,946.00","2,865.00","2,924.00","2,928.60","2,913.17","35,15,019","10,23,98,54,158.60","1,89,489","14,94,586",42.52
M&M,EQ,2024-06-18,"2,928.60","2,965.00","3,013.50","2,956.65","2,958.15","2,961.90","2,977.67","48,87,512","14,55,34,14,432.35","1,91,759","30,25,955",61.91
M&M,EQ,2024-06-19,"2,961.90","2,975.00","2,977.00","2,926.45","2,930.00","2,933.85","2,952.72","35,12,298","10,37,08,40,452.70","1,35,558","24,20,235",68.91
M&M,EQ,2024-06-20,"2,933.85","2,945.05","2,954.75","2,857.30","2,874.05","2,871.20","2,889.52","40,24,418","11,62,86,43,402.40","1,73,356","21,75,887",54.07
M&M,EQ,2024-06-21,"2,871.20","2,884.75","2,920.90","2,825.05","2,834.65","2,839.95","2,858.53","84,00,461","24,01,29,94,456.40","2,67,549","50,09,179",59.63
M&M,EQ,2024-06-24,"2,839.95","2,836.50","2,923.95","2,813.05","2,921.20","2,915.80","2,884.85","26,99,784","7,78,84,82,677.65","2,06,488","13,31,805",49.33
M&M,EQ,2024-06-25,"2,915.80","2,921.20","2,947.00","2,891.05","2,909.00","2,909.40","2,913.46","19,10,886","5,56,72,98,518.65","87,557","11,31,286",59.2
M&M,EQ,2024-06-26,"2,909.40","2,907.05","2,912.95","2,844.60","2,856.75","2,851.50","2,870.49","32,82,318","9,42,18,69,983.70","1,51,058","23,99,459",73.1
M&M,EQ,2024-06-27,"2,851.50","2,842.00","2,905.00","2,793.05","2,885.00","2,888.95","2,855.69","69,00,180","19,70,48,06,762.00","3,18,943","41,87,288",60.68
M&M,EQ,2024-06-28,"2,888.95","2,855.00","2,896.00","2,855.00","2,866.45","2,866.65","2,870.77","25,48,169","7,31,52,00,075.70","2,00,148","15,38,441",60.37
M&M,EQ,2024-07-01,"2,866.65","2,841.00","2,894.05","2,838.25","2,867.50","2,875.85","2,870.30","17,18,501","4,93,26,15,396.90","1,12,190","9,04,755",52.65
M&M,EQ,2024-07-02,"2,875.85","2,890.20","2,891.00","2,850.00","2,862.95","2,865.15","2,870.12","15,07,890","4,32,78,18,202.15","1,04,840","9,29,837",61.66
M&M,EQ,2024-07-03,"2,865.15","2,871.00","2,895.00","2,865.10","2,880.00","2,877.95","2,877.60","10,19,710","2,93,43,16,164.00","57,181","5,80,585",56.94
M&M,EQ,2024-07-04,"2,877.95","2,890.00","2,922.00","2,885.05","2,901.10","2,902.80","2,906.64","15,02,213","4,36,63,87,530.35","89,312","6,98,600",46.5
M&M,EQ,2024-07-05,"2,902.80","2,886.00","2,886.00","2,840.00","2,879.00","2,880.60","2,863.73","19,66,103","5,63,03,87,330.55","1,35,972","8,17,315",41.57
M&M,EQ,2024-07-08,"2,880.60","2,880.60","2,918.60","2,847.50","2,849.65","2,851.35","2,873.64","16,31,998","4,68,97,76,456.45","93,280","10,41,819",63.84
M&M,EQ,2024-07-09,"2,851.35","2,855.35","2,940.00","2,837.25","2,915.05","2,925.50","2,905.08","29,02,129","8,43,09,08,732.90","1,58,508","17,64,054",60.78
M&M,EQ,2024-07-10,"2,925.50","2,930.00","2,930.00","2,697.90","2,729.90","2,732.00","2,739.33","1,44,81,615","39,66,99,23,612.65","6,26,816","73,42,210",50.7
M&M,EQ,2024-07-11,"2,732.00","2,757.95","2,757.95","2,691.00","2,700.00","2,698.05","2,714.29","43,14,565","11,71,09,77,305.15","2,26,150","23,89,458",55.38
M&M,EQ,2024-07-12,"2,698.05","2,689.65","2,722.30","2,687.15","2,704.00","2,703.95","2,706.37","33,98,732","9,19,82,27,939.40","1,89,109","20,26,248",59.62
M&M,EQ,2024-07-15,"2,703.95","2,722.85","2,739.00","2,708.10","2,730.00","2,731.05","2,724.70","20,17,720","5,49,76,89,205.20","1,44,350","12,78,231",63.35
M&M,EQ,2024-07-16,"2,731.05","2,754.95","2,766.85","2,740.00","2,752.20","2,756.75","2,752.88","19,25,983","5,30,19,98,871.70","89,569","11,26,043",58.47
M&M,EQ,2024-07-18,"2,756.75","2,756.00","2,825.95","2,736.50","2,815.05","2,819.45","2,789.28","41,22,844","11,49,97,61,577.25","2,08,380","24,92,815",60.46
M&M,EQ,2024-07-19,"2,819.45","2,819.95","2,819.95","2,743.00","2,756.20","2,749.30","2,773.85","20,42,568","5,66,57,71,010.45","1,31,251","12,61,978",61.78
M&M,EQ,2024-07-22,"2,749.30","2,751.05","2,819.00","2,725.00","2,805.00","2,804.75","2,794.83","22,08,103","6,17,12,77,473.15","1,38,149","11,90,019",53.89
M&M,EQ,2024-07-23,"2,804.75","2,824.00","2,854.50","2,743.40","2,817.00","2,821.35","2,818.29","25,72,524","7,25,01,23,643.30","1,30,724","11,94,503",46.43
M&M,EQ,2024-07-24,"2,821.35","2,823.00","2,830.40","2,763.65","2,815.70","2,805.50","2,793.66","22,76,082","6,35,85,92,571.60","1,29,470","14,05,233",61.74
M&M,EQ,2024-07-25,"2,805.50","2,799.80","2,827.00","2,781.80","2,809.40","2,811.40","2,806.70","18,57,122","5,21,23,81,274.30","1,13,038","10,41,104",56.06
M&M,EQ,2024-07-26,"2,811.40","2,821.60","2,897.40","2,790.00","2,881.80","2,887.80","2,860.83","23,52,661","6,73,05,74,701.55","1,25,594","12,14,869",51.64
M&M,EQ,2024-07-29,"2,887.80","2,900.00","2,945.00","2,875.50","2,945.00","2,933.00","2,907.04","23,88,937","6,94,47,39,099.25","1,24,039","14,58,103",61.04
M&M,EQ,2024-07-30,"2,933.00","2,945.00","2,950.00","2,904.60","2,929.00","2,922.10","2,924.84","22,90,006","6,69,78,91,503.15","1,31,275","13,50,121",58.96
M&M,EQ,2024-07-31,"2,922.10","2,937.00","2,979.60","2,872.95","2,909.00","2,907.80","2,934.35","42,38,740","12,43,79,31,579.60","2,01,456","15,95,847",37.65
M&M,EQ,2024-08-01,"2,907.80","2,926.50","2,926.50","2,820.10","2,827.00","2,828.40","2,844.77","49,71,708","14,14,33,83,089.35","2,29,181","28,05,305",56.43
M&M,EQ,2024-08-02,"2,828.40","2,810.30","2,810.30","2,733.85","2,755.40","2,749.65","2,764.79","30,41,513","8,40,91,33,531.45","2,13,631","17,50,251",57.55
M&M,EQ,2024-08-05,"2,749.65","2,679.65","2,729.20","2,635.80","2,688.00","2,678.95","2,666.64","37,31,770","9,95,12,90,198.05","2,54,274","21,37,047",57.27
M&M,EQ,2024-08-06,"2,678.95","2,688.30","2,748.75","2,625.70","2,644.45","2,632.95","2,677.72","30,69,277","8,21,86,69,400.65","1,40,271","18,34,951",59.78
M&M,EQ,2024-08-07,"2,632.95","2,697.50","2,704.75","2,661.00","2,686.35","2,680.85","2,679.10","24,79,171","6,64,19,56,289.50","1,79,114","16,01,840",64.61
M&M,EQ,2024-08-08,"2,680.85","2,660.50","2,716.50","2,656.50","2,680.20","2,682.95","2,684.35","26,73,182","7,17,57,43,339.35","1,57,089","15,98,664",59.8
M&M,EQ,2024-08-09,"2,682.95","2,734.00","2,765.00","2,705.00","2,764.90","2,749.15","2,739.96","22,79,076","6,24,45,74,698.05","1,34,308","13,38,467",58.73
M&M,EQ,2024-08-12,"2,749.15","2,749.15","2,757.00","2,708.70","2,717.00","2,717.65","2,725.50","23,21,474","6,32,71,80,057.25","1,34,027","15,29,715",65.89
M&M,EQ,2024-08-13,"2,717.65","2,718.10","2,738.65","2,704.10","2,717.05","2,718.05","2,721.95","12,92,521","3,51,81,73,051.95","80,390","7,82,772",60.56
M&M,EQ,2024-08-14,"2,718.05","2,728.80","2,771.95","2,715.30","2,749.45","2,745.25","2,751.31","26,09,359","7,17,91,43,467.65","2,28,537","15,80,591",60.57
M&M,EQ,2024-08-16,"2,745.25","2,789.00","2,845.05","2,776.15","2,839.90","2,840.45","2,820.65","43,76,092","12,34,34,29,089.80","2,20,601","23,48,109",53.66
M&M,EQ,2024-08-19,"2,840.45","2,859.90","2,859.90","2,760.00","2,767.00","2,765.15","2,787.85","25,00,718","6,97,16,38,875.65","1,28,646","14,57,842",58.3
M&M,EQ,2024-08-20,"2,765.15","2,779.75","2,783.20","2,748.50","2,773.00","2,771.30","2,761.79","17,62,399","4,86,73,71,118.80","88,796","10,29,402",58.41
M&M,EQ,2024-08-21,"2,771.30","2,774.00","2,780.95","2,755.00","2,769.50","2,769.40","2,763.80","14,97,501","4,13,87,96,539.05","77,871","10,81,542",72.22
M&M,EQ,2024-08-22,"2,769.40","2,771.10","2,775.75","2,724.05","2,736.00","2,732.95","2,742.05","23,46,622","6,43,45,61,513.15","1,32,160","16,27,277",69.35
M&M,EQ,2024-08-23,"2,732.95","2,732.95","2,769.00","2,725.30","2,761.00","2,759.00","2,755.20","19,43,539","5,35,48,39,968.25","91,338","11,55,504",59.45
M&M,EQ,2024-08-26,"2,759.00","2,764.95","2,799.00","2,753.10","2,795.00","2,793.10","2,777.40","27,65,969","7,68,22,07,851.10","92,686","21,32,252",77.09
M&M,EQ,2024-08-27,"2,793.10","2,797.95","2,800.00","2,773.95","2,792.00","2,780.80","2,784.70","16,04,159","4,46,70,99,110.70","93,051","10,31,734",64.32
M&M,EQ,2024-08-28,"2,780.80","2,781.90","2,827.00","2,780.80","2,800.75","2,798.00","2,807.00","18,51,275","5,19,65,22,608.35","79,156","9,40,852",50.82
M&M,EQ,2024-08-29,"2,798.00","2,789.35","2,801.65","2,741.65","2,763.00","2,757.60","2,764.43","22,37,121","6,18,43,59,971.90","1,21,924","12,35,775",55.24
M&M,EQ,2024-08-30,"2,757.60","2,780.00","2,821.55","2,765.00","2,812.00","2,805.40","2,802.90","48,95,220","13,72,07,93,825.45","1,27,641","32,72,785",66.86
M&M,EQ,2024-09-02,"2,805.40","2,848.80","2,848.80","2,756.50","2,775.80","2,777.00","2,779.04","22,70,687","6,31,03,22,574.95","1,68,417","14,82,800",65.3
M&M,EQ,2024-09-03,"2,777.00","2,780.00","2,798.10","2,772.60","2,783.00","2,784.85","2,786.41","15,92,710","4,43,79,44,183.10","68,765","9,95,357",62.49
M&M,EQ,2024-09-04,"2,784.85","2,761.00","2,779.90","2,731.10","2,755.20","2,749.60","2,744.34","16,97,000","4,65,71,42,167.00","93,071","10,47,225",61.71
M&M,EQ,2024-09-05,"2,749.60","2,756.20","2,760.00","2,711.90","2,721.00","2,723.10","2,732.01","23,60,312","6,44,83,86,255.05","1,31,629","17,30,453",73.31
M&M,EQ,2024-09-06,"2,723.10","2,723.00","2,738.90","2,680.10","2,699.40","2,698.10","2,702.07","28,35,519","7,66,17,62,844.70","1,65,868","17,48,793",61.67
M&M,EQ,2024-09-09,"2,698.10","2,688.15","2,714.30","2,660.05","2,709.00","2,708.85","2,699.07","12,69,082","3,42,53,45,368.95","1,01,169","7,16,105",56.43
M&M,EQ,2024-09-10,"2,708.85","2,691.25","2,715.00","2,677.00","2,694.00","2,690.00","2,692.58","20,34,126","5,47,70,56,062.15","1,07,644","12,85,575",63.2
M&M,EQ,2024-09-11,"2,690.00","2,681.50","2,708.00","2,644.10","2,652.00","2,654.25","2,673.19","20,34,245","5,43,79,24,108.35","1,03,805","12,95,033",63.66
M&M,EQ,2024-09-12,"2,654.25","2,665.00","2,751.60","2,635.60","2,729.35","2,740.90","2,707.74","37,30,285","10,10,06,47,235.55","1,89,378","19,07,212",51.13
M&M,EQ,2024-09-13,"2,740.90","2,755.00","2,758.55","2,711.75","2,737.20","2,739.10","2,732.91","21,02,332","5,74,54,87,395.80","1,01,869","11,16,005",53.08
M&M,EQ,2024-09-16,"2,739.10","2,740.20","2,784.30","2,732.05","2,756.50","2,757.40","2,767.49","12,34,752","3,41,71,66,949.35","51,786","6,31,618",51.15
M&M,EQ,2024-09-17,"2,757.40","2,765.00","2,793.50","2,745.30","2,782.00","2,787.65","2,780.45","13,87,175","3,85,69,73,632.70","81,028","8,81,975",63.58
M&M,EQ,2024-09-18,"2,787.65","2,781.50","2,848.00","2,777.65","2,807.45","2,808.20","2,816.63","25,26,756","7,11,69,47,063.10","1,15,551","15,21,418",60.21
M&M,EQ,2024-09-19,"2,808.20","2,812.00","2,852.00","2,792.20","2,801.75","2,797.50","2,813.03","28,07,727","7,89,82,26,039.15","1,41,920","16,29,743",58.04
M&M,EQ,2024-09-20,"2,797.50","2,798.70","2,960.00","2,798.50","2,946.35","2,950.85","2,925.84","1,24,92,909","36,55,21,95,685.75","2,81,790","72,65,204",58.15
M&M,EQ,2024-09-23,"2,950.85","2,962.75","3,056.90","2,956.15","3,047.00","3,049.80","3,021.80","39,25,490","11,86,20,63,350.75","1,89,322","16,52,803",42.1
M&M,EQ,2024-09-24,"3,049.80","3,020.00","3,098.55","3,020.00","3,075.00","3,074.30","3,068.43","36,97,722","11,34,61,87,109.75","1,62,487","17,72,216",47.93
M&M,EQ,2024-09-25,"3,074.30","3,045.00","3,149.00","3,034.55","3,092.00","3,091.05","3,092.75","42,18,815","13,04,77,51,911.80","1,66,721","19,92,200",47.22
M&M,EQ,2024-09-26,"3,091.05","3,072.00","3,197.20","3,045.65","3,169.00","3,181.10","3,131.62","47,53,617","14,88,65,12,721.40","1,80,991","21,71,030",45.67
M&M,EQ,2024-09-27,"3,181.10","3,171.00","3,222.10","3,152.55","3,190.00","3,183.65","3,186.02","68,03,795","21,67,70,08,008.85","2,33,093","47,92,673",70.44
M&M,EQ,2024-09-30,"3,183.65","3,163.15","3,179.00","3,087.00","3,115.00","3,094.90","3,114.00","35,54,400","11,06,83,90,764.70","1,59,274","24,34,462",68.49
M&M,EQ,2024-10-01,"3,094.90","3,105.50","3,185.45","3,095.80","3,168.00","3,165.50","3,148.04","40,28,211","12,68,09,85,238.80","2,02,691","24,05,334",59.71
M&M,EQ,2024-10-03,"3,165.50","3,085.00","3,171.00","3,072.45","3,137.60","3,129.85","3,135.52","32,37,011","10,14,97,22,860.85","2,20,055","16,26,666",50.25
M&M,EQ,2024-10-04,"3,129.85","3,127.05","3,157.60","3,009.50","3,019.00","3,017.45","3,071.80","42,81,562","13,15,21,20,767.65","2,45,327","17,31,447",40.44
M&M,EQ,2024-10-07,"3,017.45","3,028.00","3,066.95","2,982.90","3,062.00","3,060.20","3,031.21","27,32,276","8,28,21,12,553.40","1,42,221","14,22,502",52.06
M&M,EQ,2024-10-08,"3,060.20","3,074.00","3,176.90","3,066.00","3,169.25","3,165.85","3,132.88","60,60,165","18,98,57,58,735.25","2,14,050","40,26,417",66.44
M&M,EQ,2024-10-09,"3,165.85","3,164.80","3,204.30","3,145.00","3,154.75","3,153.00","3,168.73","24,32,656","7,70,84,25,490.75","1,19,641","13,28,785",54.62
M&M,EQ,2024-10-10,"3,153.00","3,156.00","3,220.30","3,155.00","3,191.60","3,194.30","3,196.77","25,07,231","8,01,50,49,479.05","1,84,816","11,55,949",46.1
M&M,EQ,2024-10-11,"3,194.30","3,200.00","3,210.50","3,121.00","3,136.80","3,134.35","3,148.63","16,52,856","5,20,42,26,016.40","1,06,728","8,77,674",53.1
M&M,EQ,2024-10-14,"3,134.35","3,151.00","3,174.00","3,115.00","3,155.00","3,154.90","3,155.22","24,25,178","7,65,19,62,599.25","97,400","17,03,570",70.25
M&M,EQ,2024-10-15,"3,154.90","3,177.00","3,192.95","3,086.55","3,154.80","3,155.80","3,127.74","22,45,701","7,02,39,73,344.25","1,17,012","12,43,335",55.37
M&M,EQ,2024-10-16,"3,155.80","3,138.00","3,147.90","3,052.15","3,068.00","3,068.00","3,080.49","19,72,106","6,07,50,58,757.05","1,47,424","9,00,473",45.66
M&M,EQ,2024-10-17,"3,068.00","3,055.00","3,065.30","2,952.20","2,960.00","2,964.60","2,979.43","36,22,197","10,79,20,77,109.25","2,23,538","21,81,223",60.22
M&M,EQ,2024-10-18,"2,964.60","2,945.35","2,988.85","2,914.70","2,965.00","2,964.25","2,961.76","34,07,751","10,09,29,31,933.00","1,77,177","19,04,913",55.9
M&M,EQ,2024-10-21,"2,964.25","2,959.75","3,001.40","2,892.90","2,998.95","2,998.20","2,960.36","50,59,952","14,97,92,80,248.55","2,52,336","34,21,790",67.62
M&M,EQ,2024-10-22,"2,998.20","3,005.00","3,008.95","2,878.20","2,889.30","2,887.20","2,933.72","41,95,638","12,30,88,44,415.95","1,82,571","28,70,650",68.42
M&M,EQ,2024-10-23,"2,887.20","2,876.15","2,924.90","2,781.25","2,794.30","2,793.50","2,843.79","79,13,897","22,50,54,85,890.25","2,16,249","50,39,468",63.68
M&M,EQ,2024-10-24,"2,793.50","2,763.00","2,842.20","2,763.00","2,834.90","2,826.35","2,812.00","39,92,102","11,22,57,75,315.15","1,63,897","20,53,035",51.43
M&M,EQ,2024-10-25,"2,826.35","2,825.00","2,825.05","2,679.30","2,726.65","2,720.85","2,715.16","45,32,596","12,30,67,04,235.70","3,05,866","25,90,414",57.15
M&M,EQ,2024-10-28,"2,720.85","2,730.00","2,834.90","2,713.90","2,788.00","2,781.00","2,788.92","28,13,985","7,84,79,67,750.70","1,90,929","15,17,282",53.92
M&M,EQ,2024-10-29,"2,781.00","2,762.00","2,797.95","2,702.55","2,743.55","2,746.90","2,734.80","31,56,567","8,63,25,90,207.15","1,35,960","16,15,048",51.16
M&M,EQ,2024-10-30,"2,746.90","2,689.25","2,755.85","2,669.05","2,700.00","2,707.70","2,722.71","56,77,865","15,45,91,77,763.05","1,73,902","38,15,227",67.19
M&M,EQ,2024-10-31,"2,707.70","2,707.70","2,752.00","2,671.60","2,751.30","2,728.55","2,709.60","38,33,325","10,38,67,64,265.70","1,65,119","25,66,540",66.95
M&M,EQ,2024-11-01,"2,728.55","2,780.00","2,840.90","2,780.00","2,826.45","2,817.65","2,807.12","10,61,709","2,98,03,47,418.60","46,914","1,84,024",17.33
M&M,EQ,2024-11-04,"2,817.65","2,804.50","2,971.75","2,804.50","2,878.00","2,883.95","2,876.88","75,59,263","21,74,71,15,179.60","3,62,491","33,15,825",43.86
M&M,EQ,2024-11-05,"2,883.95","2,875.50","2,908.00","2,822.10","2,890.00","2,899.45","2,877.99","35,62,624","10,25,31,95,982.75","1,15,664","21,10,708",59.25
M&M,EQ,2024-11-06,"2,899.45","2,910.00","2,953.80","2,885.40","2,912.40","2,934.55","2,925.64","29,02,347","8,49,12,25,138.90","1,50,639","12,96,929",44.69
M&M,EQ,2024-11-07,"2,934.55","2,971.75","2,972.55","2,857.95","2,900.00","2,891.35","2,910.04","42,51,557","12,37,21,87,568.00","2,04,748","15,23,963",35.84
M&M,EQ,2024-11-08,"2,891.35","2,910.00","2,990.95","2,851.25","2,960.60","2,974.90","2,932.06","44,55,563","13,06,39,61,740.65","2,39,380","20,99,464",47.12
M&M,EQ,2024-11-11,"2,974.90","2,962.35","3,009.60","2,889.05","2,920.00","2,930.60","2,946.34","26,28,672","7,74,49,72,849.00","1,37,708","11,52,991",43.86
M&M,EQ,2024-11-12,"2,930.60","2,931.20","2,945.90","2,880.00","2,884.05","2,898.55","2,912.87","24,14,528","7,03,32,00,332.95","1,24,178","14,42,356",59.74
M&M,EQ,2024-11-13,"2,898.55","2,876.00","2,895.00","2,782.90","2,798.00","2,798.95","2,808.05","39,49,602","11,09,06,61,915.05","2,85,055","22,25,054",56.34
M&M,EQ,2024-11-14,"2,798.95","2,815.00","2,842.40","2,736.25","2,818.25","2,807.20","2,793.03","24,78,112","6,92,14,41,550.45","1,75,000","10,97,492",44.29
M&M,EQ,2024-11-18,"2,807.20","2,844.00","2,874.70","2,800.05","2,846.95","2,846.90","2,833.55","24,05,351","6,81,56,91,926.35","1,27,014","12,55,491",52.2
M&M,EQ,2024-11-19,"2,846.90","2,845.00","2,998.00","2,845.00","2,936.55","2,948.95","2,955.35","52,30,405","15,45,76,91,246.80","2,43,063","28,41,608",54.33
M&M,EQ,2024-11-21,"2,948.95","2,962.50","2,974.00","2,918.00","2,925.05","2,936.25","2,939.66","38,21,808","11,23,48,12,173.15","1,98,573","20,81,492",54.46
M&M,EQ,2024-11-22,"2,936.25","2,944.00","3,063.50","2,896.70","3,005.50","3,012.95","2,977.33","48,27,125","14,37,19,65,141.60","2,28,670","26,99,636",55.93
M&M,EQ,2024-11-25,"3,012.95","3,075.00","3,149.65","3,022.40","3,047.60","3,045.60","3,069.03","62,99,837","19,33,44,14,421.20","2,31,715","39,24,048",62.29
M&M,EQ,2024-11-26,"3,045.60","3,053.50","3,068.10","2,952.50","3,005.00","2,985.20","2,997.87","21,44,702","6,42,95,32,777.85","1,09,018","8,98,568",41.9
M&M,EQ,2024-11-27,"2,985.20","3,025.95","3,070.00","2,986.05","3,000.00","3,004.80","3,021.24","35,93,911","10,85,80,71,838.80","1,60,444","13,91,182",38.71
M&M,EQ,2024-11-28,"3,004.80","2,995.00","2,999.95","2,892.00","2,904.00","2,898.70","2,928.88","44,57,143","13,05,44,19,649.45","2,83,790","22,54,537",50.58
M&M,EQ,2024-11-29,"2,898.70","2,903.00","2,991.65","2,903.00","2,973.60","2,966.10","2,957.03","35,42,836","10,47,62,82,364.85","2,13,329","16,85,375",47.57
M&M,EQ,2024-12-02,"2,966.10","2,984.00","3,026.25","2,961.90","3,019.40","3,016.40","3,004.29","23,18,823","6,96,64,22,287.80","1,24,690","11,03,724",47.6
M&M,EQ,2024-12-03,"3,016.40","3,041.70","3,041.70","2,987.65","3,025.00","3,027.30","3,020.04","23,08,865","6,97,28,56,050.00","1,11,711","15,23,252",65.97
M&M,EQ,2024-12-04,"3,027.30","3,003.00","3,051.85","3,003.00","3,025.00","3,031.75","3,032.57","33,64,025","10,20,16,51,331.45","1,74,102","21,70,089",64.51
M&M,EQ,2024-12-05,"3,031.75","3,049.95","3,099.00","3,016.05","3,069.00","3,071.60","3,058.47","37,97,063","11,61,32,16,825.90","1,66,421","21,05,743",55.46
M&M,EQ,2024-12-06,"3,071.60","3,075.50","3,099.00","3,065.95","3,070.00","3,073.00","3,082.29","26,88,767","8,28,75,47,290.75","1,40,317","17,85,051",66.39
M&M,EQ,2024-12-09,"3,073.00","3,063.40","3,073.00","3,040.00","3,048.00","3,051.25","3,055.30","18,79,542","5,74,25,68,051.70","92,999","12,45,531",66.27
M&M,EQ,2024-12-10,"3,051.25","3,047.95","3,081.25","3,005.30","3,066.00","3,066.90","3,038.98","20,61,909","6,26,61,10,443.20","1,12,898","11,28,131",54.71
M&M,EQ,2024-12-11,"3,066.90","3,052.00","3,115.00","3,047.80","3,075.30","3,072.05","3,083.64","24,09,385","7,42,96,67,275.05","1,23,928","13,58,149",56.37
M&M,EQ,2024-12-12,"3,072.05","3,084.80","3,086.00","3,045.00","3,059.65","3,067.45","3,067.50","19,58,999","6,00,92,23,924.10","1,03,751","10,03,925",51.25
M&M,EQ,2024-12-13,"3,067.45","3,051.00","3,093.10","3,000.00","3,082.65","3,081.40","3,057.47","24,67,964","7,54,57,35,060.75","1,61,210","12,44,555",50.43
M&M,EQ,2024-12-16,"3,081.40","3,089.40","3,092.15","3,040.00","3,083.30","3,084.85","3,068.33","23,00,493","7,05,86,75,404.15","1,08,823","15,41,135",66.99
M&M,EQ,2024-12-17,"3,084.85","3,055.10","3,093.75","3,028.00","3,035.20","3,041.50","3,053.91","25,64,201","7,83,08,49,808.35","1,30,274","15,20,893",59.31
M&M,EQ,2024-12-18,"3,041.50","3,026.10","3,062.00","3,024.55","3,049.30","3,051.20","3,047.31","20,14,105","6,13,75,96,710.65","1,07,664","11,61,956",57.69
M&M,EQ,2024-12-19,"3,051.20","3,006.00","3,045.00","2,970.50","3,015.00","3,014.65","3,009.29","23,72,390","7,13,92,04,242.55","1,26,113","13,74,738",57.95
M&M,EQ,2024-12-20,"3,014.65","3,014.65","3,025.00","2,886.35","2,916.95","2,906.35","2,921.81","80,46,336","23,50,98,27,079.65","1,78,148","55,62,771",69.13
M&M,EQ,2024-12-23,"2,906.35","2,918.00","2,942.40","2,891.10","2,915.00","2,909.30","2,908.63","21,42,508","6,23,17,61,429.10","1,16,382","11,53,720",53.85
M&M,EQ,2024-12-24,"2,909.30","2,909.40","2,950.20","2,900.80","2,916.50","2,928.70","2,932.16","18,58,546","5,44,95,59,827.10","95,864","11,28,603",60.73
M&M,EQ,2024-12-26,"2,928.70","2,925.00","2,984.45","2,923.35","2,984.20","2,975.65","2,965.85","21,62,163","6,41,26,48,587.30","1,26,043","12,98,302",60.05
M&M,EQ,2024-12-27,"2,975.65","2,987.20","3,064.00","2,978.05","3,042.00","3,049.45","3,044.76","22,90,315","6,97,34,66,553.80","1,26,468","10,17,894",44.44
M&M,EQ,2024-12-30,"3,049.45","3,028.05","3,044.60","2,991.05","3,015.00","3,002.90","3,021.00","23,36,275","7,05,78,94,484.30","1,35,762","14,28,261",61.13
M&M,EQ,2024-12-31,"3,002.90","2,994.40","3,018.90","2,971.20","3,014.85","3,007.10","3,002.52","15,36,411","4,61,31,01,288.15","1,03,146","9,53,165",62.04
M&M,EQ,2025-01-01,"3,007.10","3,007.10","3,086.95","2,995.20","3,078.00","3,082.00","3,058.12","16,86,613","5,15,78,59,203.50","1,05,839","5,94,164",35.23
M&M,EQ,2025-01-02,"3,082.00","3,100.00","3,228.10","3,085.05","3,203.00","3,211.10","3,186.00","42,98,090","13,69,37,29,849.90","2,43,475","19,44,002",45.23
M&M,EQ,2025-01-03,"3,211.10","3,215.00","3,237.05","3,175.70","3,180.00","3,190.55","3,200.56","22,57,218","7,22,43,52,082.80","1,14,347","11,07,303",49.06
M&M,EQ,2025-01-06,"3,190.55","3,209.60","3,235.00","3,090.10","3,095.95","3,105.70","3,145.70","26,57,204","8,35,87,55,572.80","1,34,839","13,40,440",50.45
M&M,EQ,2025-01-07,"3,105.70","3,110.00","3,131.30","3,081.75","3,099.00","3,108.85","3,107.77","19,78,328","6,14,81,87,068.85","1,31,011","11,86,931",60.0
M&M,EQ,2025-01-08,"3,108.85","3,135.00","3,135.00","3,057.00","3,093.00","3,086.10","3,101.99","27,15,102","8,42,22,30,068.65","1,60,444","17,12,332",63.07
M&M,EQ,2025-01-09,"3,086.10","3,103.80","3,157.90","3,085.35","3,131.80","3,126.50","3,128.73","24,34,207","7,61,59,78,956.85","1,83,787","12,42,099",51.03
M&M,EQ,2025-01-10,"3,126.50","3,110.00","3,149.60","3,055.00","3,090.00","3,092.85","3,101.17","23,41,303","7,26,07,81,318.60","1,38,023","14,32,928",61.2
M&M,EQ,2025-01-13,"3,092.85","3,053.65","3,066.85","2,993.45","3,000.00","2,999.65","3,020.83","22,07,294","6,66,78,49,423.90","1,47,852","13,95,215",63.21
M&M,EQ,2025-01-14,"2,999.65","3,000.00","3,078.45","2,999.65","3,051.50","3,049.50","3,052.44","28,51,530","8,70,41,36,862.25","1,69,874","17,69,779",62.06
M&M,EQ,2025-01-15,"3,049.50","3,057.10","3,063.95","2,951.00","2,961.00","2,960.25","2,982.20","24,40,803","7,27,89,58,805.40","2,07,416","12,85,717",52.68
M&M,EQ,2025-01-16,"2,960.25","2,978.15","2,997.40","2,945.00","2,979.75","2,980.60","2,973.93","25,98,449","7,72,75,99,257.20","2,56,445","15,04,309",57.89
M&M,EQ,2025-01-17,"2,980.60","2,969.95","2,970.35","2,903.10","2,922.35","2,917.35","2,926.89","20,02,830","5,86,20,59,283.85","1,91,158","11,14,894",55.67
M&M,EQ,2025-01-20,"2,917.35","2,910.00","2,935.95","2,877.30","2,890.00","2,888.10","2,893.31","29,05,527","8,40,65,93,954.40","1,67,093","20,13,942",69.31
M&M,EQ,2025-01-21,"2,888.10","2,900.10","2,907.00","2,808.90","2,816.60","2,821.30","2,846.08","33,81,309","9,62,34,62,601.50","1,90,805","15,33,422",45.35
M&M,EQ,2025-01-22,"2,821.30","2,848.00","2,851.90","2,805.85","2,830.10","2,826.45","2,827.65","31,33,157","8,85,94,67,567.70","2,25,916","20,18,752",64.43
M&M,EQ,2025-01-23,"2,826.45","2,826.45","2,899.40","2,810.00","2,888.90","2,886.45","2,880.58","26,50,506","7,63,49,81,768.35","1,68,309","16,02,491",60.46
M&M,EQ,2025-01-24,"2,886.45","2,875.00","2,896.00","2,790.00","2,799.00","2,801.40","2,845.11","26,65,366","7,58,32,59,220.05","1,93,220","16,73,095",62.77
M&M,EQ,2025-01-27,"2,801.40","2,772.30","2,846.90","2,754.15","2,830.00","2,831.60","2,802.78","20,22,141","5,66,76,25,142.10","1,38,368","9,91,606",49.04
M&M,EQ,2025-01-28,"2,831.60","2,835.00","2,925.00","2,784.00","2,875.30","2,870.60","2,865.44","24,32,787","6,97,10,15,603.20","1,83,499","10,66,729",43.85
M&M,EQ,2025-01-29,"2,870.60","2,883.95","2,933.50","2,856.30","2,933.50","2,924.35","2,901.11","18,08,565","5,24,68,39,928.40","1,23,662","8,24,182",45.57
M&M,EQ,2025-01-30,"2,924.35","2,924.35","3,008.90","2,919.00","2,972.00","2,971.45","2,970.94","30,55,352","9,07,72,52,819.00","1,38,896","16,04,975",52.53
M&M,EQ,2025-01-31,"2,971.45","2,970.00","3,049.85","2,955.10","3,000.00","2,989.85","3,005.90","24,12,370","7,25,13,51,432.55","1,34,679","13,78,942",57.16
M&M,EQ,2025-02-01,"2,989.85","2,990.00","3,098.95","2,990.00","3,069.85","3,076.75","3,052.90","26,74,573","8,16,52,08,918.35","1,52,464","11,91,338",44.54
M&M,EQ,2025-02-03,"3,076.75","3,056.60","3,187.95","3,044.75","3,169.00","3,173.30","3,129.67","36,64,084","11,46,73,73,532.90","2,41,251","20,33,630",55.5
M&M,EQ,2025-02-04,"3,173.30","3,225.00","3,270.55","3,137.85","3,180.00","3,189.05","3,190.27","38,62,456","12,32,22,78,209.50","1,93,503","21,70,953",56.21
M&M,EQ,2025-02-05,"3,189.05","3,189.05","3,218.65","3,142.00","3,175.45","3,178.75","3,180.80","22,64,208","7,20,19,89,629.25","1,30,694","13,89,467",61.37
M&M,EQ,2025-02-06,"3,178.75","3,170.00","3,180.85","3,121.25","3,152.00","3,139.95","3,144.07","23,41,341","7,36,13,28,842.35","1,26,022","11,61,297",49.6
M&M,EQ,2025-02-07,"3,139.95","3,168.00","3,219.95","3,110.00","3,193.00","3,198.45","3,174.75","47,90,111","15,20,73,85,377.65","2,20,264","19,71,775",41.16
M&M,EQ,2025-02-10,"3,198.45","3,209.20","3,270.95","3,128.80","3,130.75","3,137.25","3,194.69","38,52,783","12,30,84,45,237.05","2,03,318","15,99,258",41.51
M&M,EQ,2025-02-11,"3,137.25","3,146.85","3,154.00","3,071.10","3,085.00","3,085.95","3,113.75","24,70,280","7,69,18,30,725.55","1,45,323","11,40,752",46.18
M&M,EQ,2025-02-12,"3,085.95","3,068.55","3,075.00","2,955.10","2,987.10","2,987.20","3,001.67","46,09,887","13,83,73,73,569.90","2,08,885","24,06,285",52.2
M&M,EQ,2025-02-13,"2,987.20","3,024.95","3,047.00","2,971.05","2,979.95","2,978.00","3,003.54","24,81,783","7,45,41,37,121.55","1,47,059","12,85,263",51.79
M&M,EQ,2025-02-14,"2,978.00","2,999.00","3,020.00","2,907.05","2,939.00","2,942.60","2,949.12","19,59,802","5,77,96,99,750.25","1,27,522","9,92,488",50.64
M&M,EQ,2025-02-17,"2,942.60","2,940.80","2,955.00","2,792.25","2,841.00","2,831.95","2,825.13","47,73,279","13,48,51,51,658.05","2,68,050","20,89,108",43.77
M&M,EQ,2025-02-18,"2,831.95","2,844.00","2,845.00","2,755.90","2,780.95","2,790.05","2,789.68","23,01,836","6,42,13,97,120.70","1,62,427","10,47,304",45.5
M&M,EQ,2025-02-19,"2,790.05","2,750.00","2,782.65","2,728.00","2,758.85","2,757.40","2,756.02","26,71,072","7,36,15,29,633.40","2,80,089","14,44,807",54.09
M&M,EQ,2025-02-20,"2,757.40","2,745.10","2,844.50","2,690.05","2,832.35","2,839.45","2,793.23","37,99,854","10,61,38,49,775.10","2,63,951","15,19,892",40.0
M&M,EQ,2025-02-21,"2,839.45","2,815.20","2,815.20","2,653.35","2,663.50","2,669.35","2,694.03","89,40,621","24,08,62,80,053.25","4,07,564","44,42,713",49.69
M&M,EQ,2025-02-24,"2,669.35","2,669.00","2,716.80","2,631.15","2,710.50","2,709.20","2,688.30","61,67,313","16,57,95,58,765.15","2,82,137","30,68,806",49.76
M&M,EQ,2025-02-25,"2,709.20","2,740.00","2,803.95","2,728.15","2,767.00","2,777.85","2,778.01","49,16,248","13,65,73,66,847.05","2,47,707","21,42,048",43.57
M&M,EQ,2025-02-27,"2,777.85","2,837.00","2,840.00","2,703.50","2,720.00","2,726.55","2,738.18","26,69,767","7,31,03,09,066.65","1,32,720","11,72,307",43.91
M&M,EQ,2025-02-28,"2,726.55","2,695.10","2,699.00","2,572.20","2,595.00","2,585.10","2,604.06","75,49,863","19,66,03,15,531.70","3,73,075","47,54,887",62.98
M&M,EQ,2025-03-03,"2,585.10","2,613.80","2,695.95","2,595.00","2,612.00","2,611.90","2,628.07","43,40,806","11,40,79,48,555.15","2,18,511","19,23,955",44.32
M&M,EQ,2025-03-04,"2,611.90","2,561.00","2,627.30","2,550.00","2,612.85","2,613.35","2,603.43","19,84,876","5,16,74,87,843.95","1,18,486","9,29,416",46.82
M&M,EQ,2025-03-05,"2,613.35","2,661.95","2,736.90","2,642.65","2,721.35","2,726.60","2,708.55","36,65,710","9,92,87,69,339.95","1,80,134","17,47,380",47.67
M&M,EQ,2025-03-06,"2,726.60","2,748.00","2,766.85","2,695.00","2,740.60","2,742.40","2,736.25","37,06,264","10,14,12,82,937.65","1,52,491","18,95,302",51.14
M&M,EQ,2025-03-07,"2,742.40","2,721.30","2,765.95","2,708.10","2,728.10","2,727.85","2,734.27","18,86,774","5,15,89,52,088.80","1,19,343","10,42,120",55.23
M&M,EQ,2025-03-10,"2,727.85","2,695.00","2,734.65","2,665.10","2,699.00","2,702.60","2,706.17","25,20,931","6,82,20,78,572.15","1,12,467","13,71,763",54.41
M&M,EQ,2025-03-11,"2,702.60","2,684.75","2,685.00","2,613.15","2,657.85","2,645.60","2,648.19","36,16,140","9,57,62,28,724.45","2,02,979","23,25,430",64.31
M&M,EQ,2025-03-12,"2,645.60","2,645.60","2,678.00","2,636.10","2,650.00","2,653.30","2,655.73","34,47,155","9,15,46,99,019.80","1,49,821","22,58,417",65.52
M&M,EQ,2025-03-13,"2,653.30","2,677.10","2,686.35","2,618.30","2,644.50","2,643.50","2,643.38","24,46,428","6,46,68,47,997.95","1,26,240","13,61,732",55.66
M&M,EQ,2025-03-17,"2,643.50","2,635.00","2,727.05","2,635.00","2,701.00","2,705.15","2,689.17","25,27,623","6,79,72,00,209.55","1,60,528","13,13,507",51.97
M&M,EQ,2025-03-18,"2,705.15","2,732.30","2,798.00","2,715.05","2,785.00","2,791.40","2,769.58","35,22,624","9,75,61,90,786.80","1,47,651","21,82,466",61.96
M&M,EQ,2025-03-19,"2,791.40","2,795.00","2,831.90","2,779.55","2,785.00","2,789.10","2,804.00","24,38,912","6,83,87,03,620.55","1,30,749","14,52,821",59.57
M&M,EQ,2025-03-20,"2,789.10","2,803.75","2,847.00","2,801.00","2,838.00","2,828.10","2,827.02","23,54,374","6,65,58,53,148.65","1,46,188","13,19,450",56.04
M&M,EQ,2025-03-21,"2,828.10","2,839.10","2,893.00","2,781.25","2,787.20","2,801.85","2,833.87","38,24,316","10,83,76,17,894.85","1,28,915","24,51,495",64.1
M&M,EQ,2025-03-24,"2,801.85","2,815.30","2,822.15","2,709.40","2,777.00","2,774.70","2,758.48","53,95,134","14,88,23,45,906.65","2,62,642","27,81,853",51.56
M&M,EQ,2025-03-25,"2,774.70","2,774.70","2,802.45","2,725.05","2,730.50","2,736.00","2,752.07","35,76,766","9,84,35,20,381.40","2,20,783","17,98,955",50.3
M&M,EQ,2025-03-26,"2,736.00","2,751.30","2,795.00","2,737.05","2,742.05","2,742.25","2,759.30","31,11,504","8,58,55,69,216.85","1,55,421","20,07,247",64.51
M&M,EQ,2025-03-27,"2,742.25","2,735.00","2,751.00","2,695.55","2,734.00","2,733.00","2,727.11","43,25,599","11,79,63,76,825.80","2,16,437","27,08,085",62.61
M&M,EQ,2025-03-28,"2,733.00","2,735.80","2,739.70","2,635.00","2,661.15","2,665.80","2,659.63","60,74,446","16,15,57,85,635.85","2,83,613","35,76,036",58.87
M&M,EQ,2025-04-01,"2,665.80","2,652.80","2,728.00","2,623.15","2,640.00","2,637.90","2,662.50","33,00,417","8,78,73,74,453.80","1,71,785","18,29,929",55.45
M&M,EQ,2025-04-02,"2,637.90","2,631.10","2,660.00","2,625.30","2,637.95","2,637.55","2,641.07","22,43,574","5,92,54,34,011.85","1,29,253","14,87,790",66.31
M&M,EQ,2025-04-03,"2,637.55","2,607.75","2,652.40","2,600.25","2,617.00","2,611.45","2,624.91","23,61,203","6,19,79,50,577.35","1,26,111","14,51,199",61.46
M&M,EQ,2025-04-04,"2,611.45","2,614.95","2,631.50","2,557.05","2,601.40","2,596.55","2,598.52","35,98,415","9,35,05,69,400.25","1,81,164","22,07,531",61.35
M&M,EQ,2025-04-07,"2,596.55","2,425.00","2,524.65","2,425.00","2,508.00","2,491.25","2,486.05","39,37,471","9,78,87,65,284.05","2,84,875","22,39,871",56.89
M&M,EQ,2025-04-08,"2,491.25","2,510.00","2,550.00","2,454.00","2,524.85","2,523.65","2,508.62","42,53,527","10,67,05,02,713.60","2,27,666","18,24,796",42.9
M&M,EQ,2025-04-09,"2,523.65","2,540.00","2,571.95","2,515.95","2,530.50","2,523.10","2,542.52","33,47,213","8,51,03,65,788.75","1,88,585","17,85,845",53.35
M&M,EQ,2025-04-11,"2,523.10","2,549.00","2,604.00","2,532.05","2,600.60","2,580.35","2,575.14","36,00,209","9,27,10,28,199.65","2,26,713","21,73,524",60.37
M&M,EQ,2025-04-15,"2,580.35","2,606.00","2,690.00","2,606.00","2,650.00","2,646.00","2,661.82","32,87,861","8,75,17,06,211.90","2,35,293","20,31,120",61.78
M&M,EQ,2025-04-16,"2,646.00","2,660.00","2,665.00","2,618.30","2,632.20","2,634.60","2,636.04","30,70,954","8,09,51,44,350.70","2,30,796","19,23,830",62.65
M&M,EQ,2025-04-17,"2,634.60","2,632.00","2,682.80","2,602.40","2,675.30","2,679.40","2,653.58","26,38,979","7,00,27,33,750.00","1,74,058","14,18,452",53.75
M&M,EQ,2025-04-21,"2,679.40","2,699.90","2,774.00","2,665.90","2,765.00","2,764.00","2,742.15","31,20,955","8,55,81,40,689.60","1,29,375","19,49,413",62.46
M&M,EQ,2025-04-22,"2,764.00","2,765.00","2,822.00","2,756.00","2,811.10","2,817.10","2,800.01","31,93,757","8,94,25,40,174.50","1,66,491","21,51,672",67.37
M&M,EQ,2025-04-23,"2,817.10","2,830.00","2,923.00","2,826.00","2,900.90","2,917.80","2,890.96","39,06,215","11,29,26,94,450.30","1,53,835","24,77,410",63.42
M&M,EQ,2025-04-24,"2,917.80","2,917.80","2,928.00","2,865.00","2,898.00","2,901.40","2,893.16","24,88,496","7,19,96,08,088.00","1,07,895","12,98,187",52.17
M&M,EQ,2025-04-25,"2,901.40","2,901.40","2,939.60","2,831.10","2,865.00","2,864.20","2,872.73","22,99,310","6,60,52,95,806.00","1,07,647","12,25,347",53.29
M&M,EQ,2025-04-28,"2,864.20","2,918.90","2,945.00","2,882.30","2,930.00","2,930.60","2,911.69","18,64,672","5,42,93,40,679.30","1,05,189","7,91,977",42.47
M&M,EQ,2025-04-29,"2,930.60","2,950.00","2,969.50","2,901.80","2,905.80","2,909.60","2,920.47","20,51,228","5,99,05,42,010.30","1,10,088","11,21,669",54.68
M&M,EQ,2025-04-30,"2,909.60","2,908.80","2,948.90","2,887.00","2,919.50","2,928.80","2,927.07","26,89,753","7,87,30,97,540.70","1,15,500","16,68,685",62.04
M&M,EQ,2025-05-02,"2,928.80","2,950.00","3,000.00","2,910.20","2,918.60","2,926.20","2,953.27","33,84,402","9,99,50,52,108.00","1,42,813","19,57,019",57.82
M&M,EQ,2025-05-05,"2,926.20","2,948.90","3,044.00","2,937.70","3,024.00","3,021.50","2,995.56","40,49,197","12,12,96,25,352.00","1,98,957","14,24,070",35.17
M&M,EQ,2025-05-06,"3,021.50","3,150.60","3,159.70","3,056.00","3,058.40","3,068.40","3,097.22","56,83,215","17,60,21,47,039.90","2,66,730","16,48,477",29.01
M&M,EQ,2025-05-07,"3,068.40","3,021.90","3,125.00","3,021.90","3,109.90","3,119.90","3,098.08","29,42,902","9,11,73,59,370.70","1,40,228","17,98,490",61.11
M&M,EQ,2025-05-08,"3,119.90","3,127.40","3,137.00","3,008.50","3,009.00","3,033.10","3,058.10","33,23,894","10,16,47,98,793.40","1,55,291","18,67,867",56.2
M&M,EQ,2025-05-09,"3,033.10","2,961.60","3,057.10","2,955.00","2,989.70","2,982.10","3,009.04","23,08,852","6,94,74,25,357.40","1,27,115","13,57,442",58.79
M&M,EQ,2025-05-12,"2,982.10","3,044.70","3,112.20","3,033.70","3,097.50","3,104.70","3,067.99","21,66,730","6,64,75,00,167.20","1,57,748","11,70,364",54.02
M&M,EQ,2025-05-13,"3,104.70","3,050.00","3,111.00","3,035.00","3,058.00","3,053.80","3,073.02","26,81,662","8,24,08,13,022.90","1,78,009","14,20,071",52.95
M&M,EQ,2025-05-14,"3,053.80","3,037.50","3,110.00","3,018.00","3,103.10","3,101.80","3,092.44","22,36,302","6,91,56,34,317.10","98,515","12,91,326",57.74
M&M,EQ,2025-05-15,"3,101.80","3,085.00","3,170.70","3,073.00","3,132.00","3,144.30","3,127.25","35,90,003","11,22,68,42,035.00","1,98,690","18,29,468",50.96
M&M,EQ,2025-05-16,"3,144.30","3,135.00","3,149.50","3,115.00","3,133.90","3,135.60","3,134.27","22,69,659","7,11,37,19,402.80","1,86,310","14,14,434",62.32
M&M,EQ,2025-05-19,"3,135.60","3,115.00","3,157.00","3,103.60","3,125.00","3,128.00","3,133.83","20,11,149","6,30,25,92,642.00","1,49,542","13,59,898",67.62
M&M,EQ,2025-05-20,"3,128.00","3,128.20","3,135.30","3,049.10","3,073.00","3,063.50","3,076.55","26,67,772","8,20,75,24,069.70","1,15,914","17,39,697",65.21
M&M,EQ,2025-05-21,"3,063.50","3,063.00","3,132.00","3,048.10","3,086.30","3,090.70","3,096.44","13,95,136","4,31,99,50,164.00","78,449","7,36,196",52.77
M&M,EQ,2025-05-22,"3,090.70","3,076.60","3,089.80","2,980.50","3,016.00","3,006.30","3,010.09","38,70,830","11,65,15,31,830.40","1,87,573","23,50,179",60.72
M&M,EQ,2025-05-23,"3,006.30","3,020.00","3,030.80","2,984.20","3,014.80","3,012.70","3,011.07","18,28,093","5,50,45,16,972.40","1,05,053","10,89,203",59.58
M&M,EQ,2025-05-26,"3,012.70","3,038.00","3,101.00","3,027.70","3,075.00","3,080.20","3,078.97","21,64,190","6,66,34,81,816.60","1,50,987","11,96,105",55.27
M&M,EQ,2025-05-27,"3,080.20","3,080.20","3,085.00","3,014.60","3,042.00","3,039.80","3,040.70","25,99,143","7,90,32,17,359.60","1,30,075","11,48,898",44.2
M&M,EQ,2025-05-28,"3,039.80","3,039.70","3,044.80","2,993.00","2,994.50","2,997.80","3,009.00","14,91,995","4,48,94,15,080.40","93,521","8,17,951",54.82
M&M,EQ,2025-05-29,"2,997.80","2,999.00","3,028.90","2,987.20","3,013.60","3,009.00","3,003.39","20,93,429","6,28,73,88,111.40","1,02,777","12,00,293",57.34
M&M,EQ,2025-05-30,"3,009.00","3,005.00","3,017.40","2,957.00","2,971.00","2,976.80","2,977.23","37,00,191","11,01,63,20,512.70","1,13,144","24,17,696",65.34
M&M,EQ,2025-06-02,"2,976.80","2,976.80","3,038.50","2,962.30","3,024.00","3,025.90","3,015.36","29,67,741","8,94,88,07,437.30","1,70,070","18,24,352",61.47
M&M,EQ,2025-06-03,"3,025.90","3,042.00","3,064.80","3,027.00","3,044.00","3,046.50","3,045.88","32,04,094","9,75,92,96,418.70","1,39,606","18,79,883",58.67
M&M,EQ,2025-06-04,"3,046.50","3,045.10","3,087.00","3,040.10","3,051.00","3,053.40","3,061.48","15,84,653","4,85,13,81,285.30","82,506","8,24,834",52.05
M&M,EQ,2025-06-05,"3,053.40","3,078.00","3,095.00","2,994.80","3,045.00","3,041.60","3,049.40","35,04,632","10,68,70,29,172.00","1,43,954","15,83,830",45.19
M&M,EQ,2025-06-06,"3,041.60","3,041.60","3,112.90","3,027.00","3,106.50","3,106.50","3,075.56","20,28,071","6,23,74,51,267.20","95,355","10,41,267",51.34
M&M,EQ,2025-06-09,"3,106.50","3,130.00","3,141.00","3,078.00","3,085.00","3,087.40","3,101.96","13,64,639","4,23,30,53,183.50","76,538","7,40,672",54.28
M&M,EQ,2025-06-10,"3,087.40","3,102.00","3,106.90","3,059.80","3,075.20","3,067.50","3,082.98","17,87,253","5,51,00,67,863.50","1,11,508","10,32,525",57.77
M&M,EQ,2025-06-11,"3,067.50","3,085.00","3,124.00","3,076.00","3,082.00","3,080.70","3,096.19","17,49,787","5,41,76,68,102.90","81,643","8,93,969",51.09
M&M,EQ,2025-06-12,"3,080.70","3,088.00","3,094.00","3,007.00","3,008.00","3,019.20","3,035.72","22,78,398","6,91,65,79,589.50","1,17,848","11,17,100",49.03
M&M,EQ,2025-06-13,"3,019.20","2,932.00","3,018.50","2,932.00","3,005.90","3,006.00","2,990.46","20,03,184","5,99,04,41,411.50","1,02,647","13,17,447",65.77
M&M,EQ,2025-06-16,"3,006.00","3,001.00","3,045.00","2,988.10","3,021.00","3,023.60","3,019.76","16,73,726","5,05,42,44,285.80","82,046","11,57,804",69.18
M&M,EQ,2025-06-17,"3,023.60","3,043.00","3,043.00","2,994.00","3,008.00","3,007.20","3,008.48","14,55,355","4,37,84,04,686.10","1,13,661","9,09,840",62.52
M&M,EQ,2025-06-18,"3,007.20","3,000.00","3,074.90","2,986.60","3,038.00","3,041.10","3,043.90","21,61,043","6,57,79,97,630.30","93,881","10,80,142",49.98
M&M,EQ,2025-06-19,"3,041.10","3,038.00","3,106.90","3,034.20","3,089.00","3,094.80","3,082.49","24,82,920","7,65,35,64,735.10","1,07,167","11,41,839",45.99
M&M,EQ,2025-06-20,"3,094.80","3,100.00","3,203.00","3,090.30","3,189.90","3,184.40","3,173.67","83,15,834","26,39,17,40,253.10","2,33,029","57,48,231",69.12
M&M,EQ,2025-06-23,"3,184.40","3,163.60","3,184.40","3,122.70","3,136.00","3,135.00","3,141.92","17,31,432","5,44,00,16,795.60","96,994","8,16,382",47.15
M&M,EQ,2025-06-24,"3,135.00","3,155.10","3,216.60","3,136.80","3,156.20","3,150.10","3,177.77","28,34,887","9,00,86,22,103.80","1,51,693","12,55,072",44.27
M&M,EQ,2025-06-25,"3,150.10","3,180.00","3,225.50","3,160.50","3,218.00","3,215.50","3,195.35","20,78,771","6,64,24,06,851.10","1,01,906","12,59,543",60.59
M&M,EQ,2025-06-26,"3,215.50","3,225.90","3,238.00","3,183.50","3,203.20","3,215.80","3,208.13","29,07,261","9,32,68,73,893.20","1,61,956","16,91,206",58.17
M&M,EQ,2025-06-27,"3,215.80","3,205.00","3,241.50","3,187.10","3,220.00","3,203.30","3,206.86","50,98,406","16,34,98,56,926.00","1,76,163","39,20,621",76.9
M&M,EQ,2025-06-30,"3,203.30","3,205.40","3,219.80","3,161.00","3,178.80","3,183.20","3,184.38","20,83,572","6,63,48,93,924.00","1,11,475","13,48,672",64.73
M&M,EQ,2025-07-01,"3,183.20","3,188.00","3,218.00","3,168.20","3,176.00","3,176.10","3,188.97","14,07,074","4,48,71,21,750.10","90,034","7,12,564",50.64
M&M,EQ,2025-07-02,"3,176.10","3,168.00","3,202.70","3,153.70","3,164.80","3,165.20","3,172.44","15,59,309","4,94,68,21,700.00","76,219","10,03,866",64.38
M&M,EQ,2025-07-03,"3,165.20","3,165.20","3,221.00","3,164.80","3,175.60","3,174.40","3,196.86","21,02,806","6,72,23,67,311.20","98,684","11,76,494",55.95
M&M,EQ,2025-07-04,"3,174.40","3,161.10","3,177.00","3,134.10","3,162.00","3,162.50","3,155.27","9,68,006","3,05,43,21,981.60","63,482","4,52,159",46.71
M&M,EQ,2025-07-07,"3,162.50","3,162.50","3,173.00","3,152.10","3,158.00","3,160.20","3,163.69","8,53,459","2,70,00,77,746.00","68,501","5,58,959",65.49
M&M,EQ,2025-07-08,"3,160.20","3,150.00","3,168.00","3,123.00","3,163.00","3,157.90","3,145.25","15,13,129","4,75,91,68,871.90","1,20,541","8,37,618",55.36
M&M,EQ,2025-07-09,"3,157.90","3,145.00","3,189.00","3,141.00","3,175.00","3,176.30","3,174.88","12,45,661","3,95,48,24,484.60","69,074","7,62,378",61.2
M&M,EQ,2025-07-10,"3,176.30","3,172.10","3,192.60","3,137.60","3,160.00","3,162.40","3,161.04","17,01,384","5,37,81,35,216.60","84,149","10,58,849",62.23
M&M,EQ,2025-07-11,"3,162.40","3,158.00","3,162.40","3,062.40","3,069.90","3,073.20","3,091.91","30,41,614","9,40,43,99,177.80","1,50,131","19,95,409",65.6
M&M,EQ,2025-07-14,"3,073.20","3,072.80","3,104.80","3,053.60","3,093.20","3,092.10","3,089.15","29,58,843","9,14,03,20,464.20","93,030","21,12,495",71.4
M&M,EQ,2025-07-15,"3,092.10","3,086.10","3,148.30","3,082.90","3,135.00","3,128.60","3,123.96","28,26,720","8,83,05,61,477.60","1,23,399","20,15,205",71.29
M&M,EQ,2025-07-16,"3,128.60","3,128.60","3,210.00","3,082.40","3,203.00","3,196.50","3,154.19","28,92,812","9,12,44,66,835.80","1,40,712","17,10,748",59.14
M&M,EQ,2025-07-17,"3,196.50","3,186.30","3,238.00","3,171.00","3,216.00","3,195.00","3,192.87","32,67,180","10,43,16,77,227.00","1,25,112","19,98,058",61.16
M&M,EQ,2025-07-18,"3,195.00","3,208.00","3,252.00","3,176.70","3,199.00","3,192.40","3,202.66","20,40,381","6,53,46,36,726.90","1,26,629","10,96,179",53.72
M&M,EQ,2025-07-21,"3,192.40","3,177.00","3,253.60","3,152.80","3,246.30","3,246.70","3,223.16","24,36,535","7,85,33,38,648.50","1,29,022","13,79,673",56.62
M&M,EQ,2025-07-22,"3,246.70","3,246.70","3,271.90","3,210.50","3,260.00","3,257.20","3,242.64","18,54,072","6,01,20,96,306.20","1,31,531","9,52,159",51.36
M&M,EQ,2025-07-23,"3,257.20","3,260.00","3,303.00","3,248.00","3,265.00","3,268.80","3,274.46","21,59,800","7,07,21,73,921.40","1,20,588","11,54,275",53.44
M&M,EQ,2025-07-24,"3,268.80","3,255.00","3,286.50","3,243.70","3,245.00","3,260.90","3,264.66","14,69,406","4,79,71,13,228.70","1,08,929","9,51,732",64.77
M&M,EQ,2025-07-25,"3,260.90","3,256.00","3,259.00","3,214.00","3,245.00","3,246.40","3,237.82","14,75,856","4,77,85,58,496.30","74,302","9,62,014",65.18
M&M,EQ,2025-07-28,"3,246.40","3,246.40","3,256.90","3,199.20","3,210.00","3,209.80","3,219.27","19,39,520","6,24,38,45,327.80","1,11,553","13,55,716",69.9
M&M,EQ,2025-07-29,"3,209.80","3,203.00","3,225.90","3,186.60","3,207.00","3,199.40","3,203.08","18,24,673","5,84,45,75,813.70","1,32,200","12,71,369",69.68
M&M,EQ,2025-07-30,"3,199.40","3,195.00","3,241.60","3,151.90","3,225.00","3,208.90","3,191.71","21,99,654","7,02,06,66,358.40","1,55,483","12,05,888",54.82
M&M,EQ,2025-07-31,"3,208.90","3,225.00","3,238.20","3,135.60","3,197.50","3,203.10","3,199.17","44,65,859","14,28,70,51,740.90","2,42,288","20,13,788",45.09
M&M,EQ,2025-08-01,"3,203.10","3,205.00","3,205.00","3,116.70","3,165.00","3,159.30","3,160.76","37,81,457","11,95,22,81,862.40","1,83,054","20,17,323",53.35
M&M,EQ,2025-08-04,"3,159.30","3,170.00","3,223.00","3,160.00","3,197.60","3,200.20","3,200.23","26,84,012","8,58,94,44,766.90","1,01,458","15,77,253",58.76
M&M,EQ,2025-08-05,"3,200.20","3,195.00","3,222.00","3,170.10","3,213.00","3,212.20","3,198.75","18,05,644","5,77,57,96,842.20","94,042","11,08,471",61.39
M&M,EQ,2025-08-06,"3,212.20","3,212.20","3,240.10","3,178.60","3,240.10","3,227.50","3,212.42","18,66,321","5,99,54,14,551.80","1,01,809","12,83,000",68.74
M&M,EQ,2025-08-07,"3,227.50","3,198.00","3,229.60","3,161.10","3,206.00","3,211.10","3,203.57","23,74,621","7,60,72,59,640.90","96,751","15,55,640",65.51
M&M,EQ,2025-08-08,"3,211.10","3,207.00","3,214.90","3,135.60","3,141.80","3,144.20","3,169.17","17,21,037","5,45,42,53,481.60","1,35,295","11,15,991",64.84
M&M,EQ,2025-08-11,"3,144.20","3,150.90","3,230.00","3,130.30","3,184.10","3,186.20","3,169.91","20,46,761","6,48,80,40,275.70","1,32,454","14,04,479",68.62
M&M,EQ,2025-08-12,"3,186.20","3,186.10","3,253.00","3,185.10","3,236.00","3,236.50","3,235.18","33,15,978","10,72,77,84,089.50","1,52,785","21,39,543",64.52
M&M,EQ,2025-08-13,"3,236.50","3,255.00","3,300.00","3,238.70","3,294.00","3,282.20","3,273.00","24,36,029","7,97,31,34,836.80","1,14,569","15,19,092",62.36
M&M,EQ,2025-08-14,"3,282.20","3,273.20","3,313.50","3,262.00","3,265.00","3,265.40","3,276.60","15,08,721","4,94,34,76,384.10","1,04,267","9,06,289",60.07
M&M,EQ,2025-08-18,"3,265.40","3,350.00","3,432.00","3,335.30","3,379.00","3,383.10","3,401.48","57,87,481","19,68,60,00,130.20","3,29,583","36,99,413",63.92
M&M,EQ,2025-08-19,"3,383.10","3,400.00","3,403.90","3,338.10","3,357.00","3,354.00","3,367.12","25,96,242","8,74,18,54,869.20","2,14,611","17,05,328",65.68
M&M,EQ,2025-08-20,"3,354.00","3,354.10","3,404.20","3,335.00","3,392.00","3,395.60","3,374.40","29,57,816","9,98,08,49,538.80","1,76,971","21,20,951",71.71
M&M,EQ,2025-08-21,"3,395.60","3,410.00","3,410.00","3,370.00","3,377.50","3,375.10","3,387.18","19,64,795","6,65,51,07,263.60","1,12,757","12,62,106",64.24
M&M,EQ,2025-08-22,"3,375.10","3,380.00","3,420.00","3,375.40","3,400.10","3,403.00","3,399.83","25,09,867","8,53,31,31,905.20","1,29,261","17,58,254",70.05
M&M,EQ,2025-08-25,"3,403.00","3,428.00","3,429.00","3,381.80","3,400.00","3,398.90","3,396.86","18,59,862","6,31,76,85,152.40","1,32,740","12,46,324",67.01
M&M,EQ,2025-08-26,"3,398.90","3,395.00","3,414.00","3,318.10","3,340.00","3,330.80","3,354.33","31,22,442","10,47,36,88,991.00","1,45,646","20,34,087",65.14
M&M,EQ,2025-08-28,"3,330.80","3,375.00","3,375.00","3,287.30","3,301.00","3,295.30","3,308.84","29,36,428","9,71,61,60,339.20","1,80,770","14,98,033",51.02
M&M,EQ,2025-08-29,"3,295.30","3,271.00","3,280.00","3,187.00","3,200.00","3,199.50","3,213.52","30,17,625","9,69,71,94,403.80","2,07,686","16,16,689",53.57
M&M,EQ,2025-09-01,"3,199.50","3,191.10","3,324.90","3,191.10","3,312.00","3,315.40","3,278.35","35,25,726","11,55,85,58,577.60","1,74,792","21,66,140",61.44
M&M,EQ,2025-09-02,"3,315.40","3,325.00","3,330.00","3,223.00","3,238.00","3,234.50","3,270.24","30,73,407","10,05,07,75,941.00","1,81,109","13,66,099",44.45
M&M,EQ,2025-09-03,"3,234.50","3,269.00","3,293.70","3,232.80","3,288.00","3,286.00","3,266.31","26,72,659","8,72,97,29,375.60","1,21,638","14,08,290",52.69
M&M,EQ,2025-09-04,"3,286.00","3,527.00","3,550.00","3,463.40","3,480.00","3,481.50","3,494.72","76,00,320","26,56,09,76,128.40","3,53,688","37,22,778",48.98
M&M,EQ,2025-09-05,"3,481.50","3,511.00","3,577.80","3,481.50","3,562.90","3,561.30","3,554.30","37,00,943","13,15,42,58,911.70","1,90,252","15,58,866",42.12
M&M,EQ,2025-09-08,"3,561.30","3,585.00","3,715.20","3,579.10","3,704.20","3,701.40","3,673.43","46,23,789","16,98,51,71,650.00","2,20,538","24,61,463",53.23
M&M,EQ,2025-09-09,"3,701.40","3,702.20","3,723.80","3,673.10","3,702.00","3,696.30","3,696.11","28,79,258","10,64,20,60,040.70","1,94,157","13,96,612",48.51
M&M,EQ,2025-09-10,"3,696.30","3,702.00","3,708.90","3,591.40","3,609.00","3,604.40","3,624.04","22,98,202","8,32,87,64,832.90","1,49,195","11,76,435",51.19
M&M,EQ,2025-09-11,"3,604.40","3,620.00","3,647.90","3,580.00","3,597.00","3,595.70","3,597.27","19,49,934","7,01,44,30,014.50","1,28,933","10,57,975",54.26
M&M,EQ,2025-09-12,"3,595.70","3,594.90","3,641.00","3,582.00","3,591.00","3,589.90","3,599.07","28,39,264","10,21,87,04,650.10","1,29,437","19,82,368",69.82
M&M,EQ,2025-09-15,"3,589.90","3,590.00","3,603.40","3,526.60","3,530.30","3,530.30","3,544.99","25,50,444","9,04,12,91,874.40","1,40,495","19,03,461",74.63
M&M,EQ,2025-09-16,"3,530.30","3,545.00","3,619.90","3,528.90","3,612.00","3,608.00","3,580.21","24,65,043","8,82,53,61,957.90","1,17,952","12,22,837",49.61
M&M,EQ,2025-09-17,"3,608.00","3,608.00","3,644.90","3,593.10","3,635.00","3,633.20","3,625.72","22,37,804","8,11,36,52,038.50","92,659","13,64,428",60.97
M&M,EQ,2025-09-18,"3,633.20","3,636.10","3,650.00","3,603.30","3,637.00","3,642.20","3,629.28","24,80,472","9,00,23,15,211.40","1,07,896","17,35,583",69.97
M&M,EQ,2025-09-19,"3,642.20","3,601.00","3,636.70","3,584.50","3,600.90","3,592.10","3,602.33","40,18,342","14,47,54,07,169.30","1,16,789","30,68,776",76.37
M&M,EQ,2025-09-22,"3,592.10","3,600.00","3,616.60","3,569.30","3,585.00","3,584.80","3,592.08","16,64,133","5,97,76,94,949.50","80,506","10,96,368",65.88
M&M,EQ,2025-09-23,"3,584.80","3,610.00","3,679.20","3,606.80","3,610.00","3,614.60","3,627.06","25,23,224","9,15,18,89,431.90","1,26,861","12,08,006",47.88
M&M,EQ,2025-09-24,"3,614.60","3,614.50","3,626.30","3,568.00","3,580.50","3,574.90","3,593.60","13,20,014","4,74,35,96,986.00","99,535","7,56,135",57.28
M&M,EQ,2025-09-25,"3,574.90","3,579.90","3,584.10","3,521.80","3,538.20","3,530.00","3,545.18","21,06,344","7,46,73,76,220.70","1,20,749","13,21,489",62.74
M&M,EQ,2025-09-26,"3,530.00","3,510.00","3,547.50","3,391.60","3,400.00","3,396.50","3,438.21","30,46,760","10,47,53,89,442.70","2,11,846","20,25,745",66.49
M&M,EQ,2025-09-29,"3,396.50","3,419.00","3,458.00","3,405.00","3,433.10","3,418.10","3,431.03","31,75,716","10,89,59,80,137.60","2,11,089","21,41,544",67.43
M&M,EQ,2025-09-30,"3,418.10","3,420.00","3,454.00","3,393.10","3,435.00","3,427.00","3,425.21","26,11,078","8,94,34,78,480.40","1,21,816","16,71,536",64.02
M&M,EQ,2025-10-01,"3,427.00","3,419.20","3,501.00","3,415.50","3,468.50","3,463.40","3,467.09","23,64,844","8,19,91,17,035.70","1,20,394","12,59,560",53.26
M&M,EQ,2025-10-03,"3,463.40","3,462.10","3,492.40","3,404.20","3,460.00","3,462.00","3,445.02","23,57,702","8,12,23,29,194.80","1,22,072","15,34,565",65.09
M&M,EQ,2025-10-06,"3,462.00","3,462.00","3,480.00","3,425.10","3,476.00","3,472.00","3,463.48","11,56,082","4,00,40,68,116.50","71,226","6,15,108",53.21
M&M,EQ,2025-10-07,"3,472.00","3,468.10","3,521.40","3,465.10","3,497.00","3,492.80","3,491.83","15,08,939","5,26,89,52,345.40","88,944","6,74,314",44.69
M&M,EQ,2025-10-08,"3,492.80","3,500.00","3,509.70","3,422.60","3,425.00","3,426.50","3,447.19","14,44,911","4,98,08,86,190.20","96,223","8,90,449",61.63
M&M,EQ,2025-10-09,"3,426.50","3,450.00","3,475.00","3,424.00","3,436.00","3,442.90","3,441.65","19,97,853","6,87,59,19,859.40","99,935","10,23,944",51.25
M&M,EQ,2025-10-10,"3,442.90","3,425.00","3,473.90","3,395.70","3,454.00","3,454.90","3,444.15","14,16,272","4,87,78,54,709.30","98,132","7,28,084",51.41
M&M,EQ,2025-10-13,"3,454.90","3,432.00","3,470.00","3,432.00","3,457.00","3,459.70","3,456.02","10,90,517","3,76,88,49,508.80","98,582","5,85,933",53.73
M&M,EQ,2025-10-14,"3,459.70","3,469.90","3,487.10","3,428.00","3,453.00","3,459.80","3,453.14","15,18,505","5,24,36,14,247.80","88,544","7,53,551",49.62
M&M,EQ,2025-10-15,"3,459.80","3,461.00","3,500.00","3,460.00","3,494.40","3,497.20","3,490.86","13,19,445","4,60,59,99,810.80","74,577","8,54,770",64.78
M&M,EQ,2025-10-16,"3,497.20","3,503.00","3,573.20","3,498.30","3,563.90","3,560.80","3,552.62","21,25,552","7,55,12,75,887.70","1,49,417","10,96,542",51.59
M&M,EQ,2025-10-17,"3,560.80","3,561.00","3,656.00","3,560.10","3,656.00","3,647.20","3,629.84","33,39,579","12,12,21,53,989.00","1,43,948","19,57,224",58.61
M&M,EQ,2025-10-20,"3,647.20","3,674.00","3,676.00","3,593.00","3,596.70","3,599.10","3,630.88","28,27,250","10,26,53,93,771.20","1,20,487","19,47,713",68.89
M&M,EQ,2025-10-21,"3,599.10","3,608.20","3,628.10","3,604.30","3,606.00","3,621.20","3,621.39","2,86,950","1,03,91,57,741.10","28,419","1,84,835",64.43
M&M,EQ,2025-10-23,"3,621.20","3,632.10","3,650.00","3,600.00","3,627.50","3,623.60","3,627.70","37,24,956","13,51,30,26,368.10","1,75,986","23,31,507",62.59
M&M,EQ,2025-10-24,"3,623.60","3,630.00","3,655.30","3,615.10","3,618.20","3,625.00","3,633.70","16,54,500","6,01,19,48,836.10","86,815","10,42,405",63.0
M&M,EQ,2025-10-27,"3,625.00","3,626.80","3,635.30","3,593.00","3,616.00","3,611.60","3,612.50","14,40,893","5,20,52,19,258.20","1,15,594","9,23,106",64.06
M&M,EQ,2025-10-28,"3,611.60","3,605.00","3,624.90","3,562.00","3,581.00","3,579.10","3,591.79","28,51,093","10,24,05,38,836.50","1,34,052","13,40,973",47.03
M&M,EQ,2025-10-29,"3,579.10","3,580.00","3,583.50","3,522.10","3,539.50","3,534.70","3,539.66","25,26,473","8,94,28,52,378.10","1,16,799","16,72,267",66.19
M&M,EQ,2025-10-30,"3,534.70","3,540.00","3,550.00","3,496.00","3,503.00","3,502.10","3,509.41","21,03,351","7,38,15,25,198.10","1,54,066","14,40,733",68.5
M&M,EQ,2025-10-31,"3,502.10","3,516.10","3,526.70","3,483.70","3,490.60","3,487.20","3,497.71","19,15,577","6,70,01,39,749.60","86,391","14,23,681",74.32
M&M,EQ,2025-11-03,"3,487.20","3,511.00","3,590.00","3,511.00","3,553.20","3,548.90","3,553.25","17,76,510","6,31,23,77,054.90","1,01,811","9,68,536",54.52
M&M,EQ,2025-11-04,"3,548.90","3,548.60","3,632.80","3,537.20","3,584.30","3,581.20","3,579.83","34,94,428","12,50,94,54,839.60","1,58,797","15,76,038",45.1
M&M,EQ,2025-11-06,"3,581.20","3,625.00","3,674.70","3,586.30","3,615.10","3,618.50","3,632.90","45,35,984","16,47,87,92,759.10","2,36,481","24,97,541",55.06
M&M,EQ,2025-11-07,"3,618.50","3,615.60","3,718.00","3,566.80","3,685.00","3,690.20","3,657.39","25,95,934","9,49,43,49,340.40","1,14,599","14,97,107",57.67
M&M,EQ,2025-11-10,"3,690.20","3,690.20","3,715.80","3,645.10","3,666.00","3,663.90","3,670.99","16,20,889","5,95,02,69,334.70","1,08,575","9,27,400",57.22
M&M,EQ,2025-11-11,"3,663.90","3,699.90","3,759.00","3,670.00","3,745.10","3,749.10","3,718.02","30,44,040","11,31,78,14,134.90","1,51,361","15,24,811",50.09
M&M,EQ,2025-11-12,"3,749.10","3,761.00","3,781.00","3,740.00","3,740.30","3,754.30","3,759.25","19,84,901","7,46,17,45,051.30","1,22,975","13,11,813",66.09
M&M,EQ,2025-11-13,"3,754.30","3,748.20","3,754.10","3,690.20","3,699.40","3,699.50","3,722.97","15,99,079","5,95,33,30,624.90","82,467","8,54,417",53.43
M&M,EQ,2025-11-14,"3,699.50","3,700.00","3,716.80","3,660.50","3,698.00","3,698.60","3,694.19","18,47,028","6,82,32,70,329.90","99,835","12,26,646",66.41
M&M,EQ,2025-11-17,"3,698.60","3,710.00","3,754.50","3,682.30","3,731.70","3,734.90","3,731.18","20,94,008","7,81,31,20,933.70","1,13,027","14,18,085",67.72
M&M,EQ,2025-11-18,"3,734.90","3,718.50","3,732.70","3,688.00","3,699.00","3,694.80","3,704.51","26,13,743","9,68,26,41,192.00","80,348","18,56,129",71.01
M&M,EQ,2025-11-19,"3,694.80","3,695.00","3,746.50","3,667.80","3,718.00","3,722.50","3,719.32","16,26,043","6,04,77,72,644.50","79,016","10,72,009",65.93
M&M,EQ,2025-11-20,"3,722.50","3,744.80","3,759.00","3,711.10","3,711.80","3,716.70","3,734.77","18,15,617","6,78,09,19,678.00","1,09,216","12,23,759",67.4
M&M,EQ,2025-11-21,"3,716.70","3,730.00","3,779.00","3,726.00","3,747.00","3,749.60","3,758.37","31,84,145","11,96,71,79,242.90","1,33,438","17,87,061",56.12
M&M,EQ,2025-11-24,"3,749.60","3,745.10","3,749.50","3,677.20","3,687.00","3,690.80","3,698.21","40,59,935","15,01,44,84,799.60","1,73,533","30,19,887",74.38
M&M,EQ,2025-11-25,"3,690.80","3,687.00","3,695.80","3,653.00","3,660.70","3,669.30","3,675.94","17,14,176","6,30,12,02,655.30","1,12,437","9,66,524",56.38
M&M,EQ,2025-11-26,"3,669.30","3,681.00","3,708.00","3,669.30","3,686.40","3,686.40","3,686.10","21,16,524","7,80,17,10,688.40","1,02,699","13,15,000",62.13
M&M,EQ,2025-11-27,"3,686.40","3,701.50","3,717.60","3,665.00","3,679.00","3,681.20","3,684.90","19,93,274","7,34,50,23,294.10","1,25,917","11,91,871",59.79
M&M,EQ,2025-11-28,"3,681.20","3,692.00","3,768.90","3,690.10","3,761.00","3,757.30","3,749.96","29,44,457","11,04,15,89,221.50","1,50,530","15,78,092",53.6
M&M,EQ,2025-12-01,"3,757.30","3,790.00","3,795.00","3,730.00","3,733.00","3,741.60","3,755.36","18,30,158","6,87,29,04,233.50","1,24,425","9,87,225",53.94
M&M,EQ,2025-12-02,"3,741.60","3,722.80","3,748.00","3,705.50","3,720.90","3,716.50","3,721.62","22,85,922","8,50,73,25,850.30","1,08,543","12,66,571",55.41
M&M,EQ,2025-12-03,"3,716.50","3,736.00","3,740.00","3,640.00","3,649.00","3,649.40","3,660.65","20,02,476","7,33,03,56,933.00","1,11,944","12,72,068",63.52
M&M,EQ,2025-12-04,"3,649.40","3,675.00","3,678.20","3,620.20","3,670.00","3,671.60","3,662.60","19,84,001","7,26,66,08,912.70","1,14,158","13,16,332",66.35
M&M,EQ,2025-12-05,"3,671.60","3,659.30","3,721.50","3,642.50","3,708.30","3,717.10","3,704.63","23,93,280","8,86,62,05,885.30","80,840","14,65,642",61.24
M&M,EQ,2025-12-08,"3,717.10","3,720.00","3,725.00","3,671.60","3,679.00","3,681.70","3,689.44","15,00,195","5,53,48,85,312.70","97,521","8,27,104",55.13
M&M,EQ,2025-12-09,"3,681.70","3,658.00","3,674.40","3,604.50","3,648.40","3,635.90","3,633.20","39,01,255","14,17,40,28,840.00","1,59,487","24,75,149",63.44
M&M,EQ,2025-12-10,"3,635.90","3,660.00","3,694.90","3,626.20","3,633.40","3,630.00","3,654.49","15,93,915","5,82,49,43,872.10","99,751","9,72,873",61.04
M&M,EQ,2025-12-11,"3,630.00","3,623.40","3,669.10","3,615.90","3,658.60","3,665.20","3,642.92","9,81,456","3,57,53,66,554.50","81,623","4,94,077",50.34
M&M,EQ,2025-12-12,"3,665.20","3,665.40","3,695.00","3,661.30","3,679.10","3,679.60","3,679.41","10,78,982","3,97,00,13,397.30","88,836","7,89,591",73.18
M&M,EQ,2025-12-15,"3,679.60","3,632.00","3,665.40","3,603.60","3,609.70","3,608.00","3,619.21","17,04,069","6,16,73,80,944.30","1,52,694","10,85,048",63.67
M&M,EQ,2025-12-16,"3,608.00","3,581.00","3,633.50","3,577.90","3,628.90","3,621.00","3,617.75","13,94,406","5,04,46,17,192.80","1,08,047","8,21,666",58.93
M&M,EQ,2025-12-17,"3,621.00","3,647.90","3,647.90","3,594.00","3,612.50","3,612.80","3,612.94","12,09,367","4,36,93,65,281.50","1,03,978","7,84,289",64.85
M&M,EQ,2025-12-18,"3,612.80","3,600.00","3,611.90","3,540.10","3,585.00","3,586.60","3,568.76","24,46,168","8,72,97,93,973.50","1,42,491","15,04,816",61.52
M&M,EQ,2025-12-19,"3,586.60","3,571.00","3,615.00","3,560.00","3,605.00","3,603.60","3,598.04","16,47,819","5,92,89,15,962.40","93,791","11,26,245",68.35
M&M,EQ,2025-12-22,"3,603.60","3,600.00","3,625.00","3,576.90","3,612.50","3,616.70","3,606.92","14,00,786","5,05,25,26,395.20","1,08,908","8,99,452",64.21
M&M,EQ,2025-12-23,"3,616.70","3,619.20","3,637.50","3,605.00","3,622.00","3,625.10","3,621.54","14,13,628","5,11,95,09,275.80","95,084","7,52,026",53.2
M&M,EQ,2025-12-24,"3,625.10","3,624.60","3,658.00","3,612.10","3,636.10","3,636.70","3,640.27","8,42,897","3,06,83,68,459.70","53,785","4,81,991",57.18
M&M,EQ,2025-12-26,"3,636.70","3,636.70","3,647.00","3,614.60","3,627.00","3,623.10","3,626.77","8,29,910","3,00,98,90,089.10","38,529","5,76,999",69.53
M&M,EQ,2025-12-29,"3,623.10","3,622.70","3,640.20","3,588.10","3,595.00","3,592.10","3,614.18","10,34,692","3,73,95,65,908.10","59,021","6,70,941",64.84
M&M,EQ,2025-12-30,"3,592.10","3,590.00","3,666.00","3,575.20","3,660.00","3,660.30","3,646.84","20,63,179","7,52,40,77,539.00","1,23,302","12,66,316",61.38
M&M,EQ,2025-12-31,"3,660.30","3,653.00","3,723.60","3,640.40","3,716.00","3,709.20","3,684.25","18,68,363","6,88,35,22,424.60","1,05,249","11,92,725",63.84
SUNPHARMA,EQ,2023-01-02,"1,001.40","1,001.40","1,001.40",987.20,997.00,997.00,996.53,"16,16,012","1,61,04,03,828.40","58,069","9,03,230",55.89
SUNPHARMA,EQ,2023-01-03,997.00,993.00,"1,012.80",988.00,"1,010.00","1,009.10",999.17,"18,10,117","1,80,86,21,778.45","61,449","9,29,561",51.35
SUNPHARMA,EQ,2023-01-04,"1,009.10","1,012.00","1,025.90","1,000.75","1,001.00","1,004.10","1,013.70","25,73,870","2,60,91,21,178.85","75,259","11,99,576",46.61
SUNPHARMA,EQ,2023-01-05,"1,004.10","1,009.10","1,021.90","1,008.25","1,014.50","1,016.20","1,015.35","22,46,533","2,28,10,22,996.60","72,404","13,54,291",60.28
SUNPHARMA,EQ,2023-01-06,"1,016.20","1,015.00","1,021.80","1,004.10","1,007.00","1,008.70","1,015.69","17,73,153","1,80,09,69,070.80","54,432","12,02,171",67.8
SUNPHARMA,EQ,2023-01-09,"1,008.70","1,015.00","1,023.35","1,010.50","1,016.15","1,016.85","1,017.09","15,67,316","1,59,41,05,703.25","1,19,261","10,68,973",68.2
SUNPHARMA,EQ,2023-01-10,"1,016.85","1,016.00","1,024.00","1,010.05","1,012.95","1,011.85","1,016.83","16,07,654","1,63,47,14,071.80","82,068","10,78,108",67.06
SUNPHARMA,EQ,2023-01-11,"1,011.85","1,012.00","1,033.05","1,008.35","1,026.60","1,028.00","1,024.19","32,58,157","3,33,69,79,686.25","1,17,593","19,63,835",60.27
SUNPHARMA,EQ,2023-01-12,"1,028.00","1,031.95","1,035.45","1,021.15","1,031.55","1,032.85","1,028.36","16,41,398","1,68,79,47,431.65","87,399","10,21,088",62.21
SUNPHARMA,EQ,2023-01-13,"1,032.85","1,031.15","1,035.00","1,020.15","1,031.05","1,031.60","1,029.06","14,91,367","1,53,47,13,373.40","86,162","8,41,455",56.42
SUNPHARMA,EQ,2023-01-16,"1,031.60","1,031.60","1,039.50","1,026.10","1,036.00","1,035.45","1,033.81","14,37,532","1,48,61,30,739.85","48,131","9,04,887",62.95
SUNPHARMA,EQ,2023-01-17,"1,035.45","1,035.45","1,036.00","1,026.80","1,033.30","1,032.70","1,030.90","12,45,848","1,28,43,39,974.25","56,406","7,31,922",58.75
SUNPHARMA,EQ,2023-01-18,"1,032.70","1,032.70","1,041.50","1,030.15","1,038.10","1,040.10","1,036.95","12,38,451","1,28,42,15,816.00","47,546","7,54,412",60.92
SUNPHARMA,EQ,2023-01-19,"1,040.10","1,038.10","1,044.00","1,036.00","1,039.40","1,040.55","1,040.39","8,24,263","85,75,55,579.50","43,413","4,62,786",56.15
SUNPHARMA,EQ,2023-01-20,"1,040.55","1,044.05","1,047.50","1,016.85","1,032.00","1,030.35","1,029.01","29,63,571","3,04,95,30,869.90","93,677","16,68,588",56.3
SUNPHARMA,EQ,2023-01-23,"1,030.35","1,035.00","1,054.90","1,022.50","1,050.10","1,049.30","1,045.39","21,06,604","2,20,22,26,115.05","71,864","12,46,483",59.17
SUNPHARMA,EQ,2023-01-24,"1,049.30","1,050.00","1,050.95","1,034.55","1,040.00","1,040.70","1,040.61","20,88,556","2,17,33,81,850.05","65,750","15,45,332",73.99
SUNPHARMA,EQ,2023-01-25,"1,040.70","1,030.30","1,045.65","1,030.30","1,045.65","1,040.05","1,036.93","17,53,333","1,81,80,86,719.50","71,633","11,88,923",67.81
SUNPHARMA,EQ,2023-01-27,"1,040.05","1,044.95","1,051.00","1,034.00","1,038.00","1,043.40","1,041.93","34,48,013","3,59,25,74,126.65","77,941","26,67,018",77.35
SUNPHARMA,EQ,2023-01-30,"1,043.40","1,041.95","1,072.15","1,040.20","1,053.35","1,051.70","1,055.61","33,20,916","3,50,55,85,712.65","1,00,859","17,70,308",53.31
SUNPHARMA,EQ,2023-01-31,"1,051.70","1,055.00","1,060.30","1,026.05","1,037.05","1,034.50","1,036.79","52,65,462","5,45,91,93,190.45","1,69,272","32,43,218",61.59
SUNPHARMA,EQ,2023-02-01,"1,034.50","1,036.45","1,043.95","1,005.10","1,015.00","1,014.90","1,013.55","47,17,887","4,78,18,08,031.30","1,70,127","27,90,885",59.16
SUNPHARMA,EQ,2023-02-02,"1,014.90","1,009.95","1,015.70",993.00,"1,005.20","1,007.60","1,004.54","21,17,181","2,12,67,92,888.00","80,409","13,09,603",61.86
SUNPHARMA,EQ,2023-02-03,"1,007.60","1,007.00","1,032.45","1,001.65","1,027.00","1,028.15","1,019.25","23,32,076","2,37,69,75,684.70","83,676","14,90,640",63.92
SUNPHARMA,EQ,2023-02-06,"1,028.15","1,020.00","1,025.95","1,012.75","1,023.00","1,023.35","1,019.38","12,15,157","1,23,87,04,755.85","46,295","6,78,708",55.85
SUNPHARMA,EQ,2023-02-07,"1,023.35","1,026.25","1,028.50","1,002.00","1,006.80","1,006.40","1,008.58","23,60,600","2,38,08,62,859.20","77,352","15,85,741",67.18
SUNPHARMA,EQ,2023-02-08,"1,006.40","1,004.80","1,016.90",997.40,"1,014.90","1,013.00","1,006.47","18,15,142","1,82,68,82,467.20","72,688","11,27,544",62.12
SUNPHARMA,EQ,2023-02-09,"1,013.00","1,003.00","1,021.20","1,001.40","1,007.00","1,006.80","1,008.57","14,74,402","1,48,70,37,563.05","38,912","8,66,211",58.75
SUNPHARMA,EQ,2023-02-10,"1,006.80","1,006.80","1,014.35",996.70,"1,006.70","1,006.60","1,003.89","15,30,150","1,53,60,97,726.80","61,210","9,19,037",60.06
SUNPHARMA,EQ,2023-02-13,"1,006.60","1,008.25","1,017.35","1,002.00","1,015.00","1,015.25","1,011.16","13,55,766","1,37,08,90,955.40","62,559","7,41,415",54.69
SUNPHARMA,EQ,2023-02-14,"1,015.25","1,018.00","1,018.05","1,003.25","1,009.55","1,006.75","1,007.76","18,32,842","1,84,70,56,702.90","67,629","12,69,327",69.25
SUNPHARMA,EQ,2023-02-15,"1,006.75","1,002.00","1,006.40",990.55,995.00,995.40,996.80,"22,51,350","2,24,41,51,608.95","99,270","14,78,650",65.68
SUNPHARMA,EQ,2023-02-16,995.40,998.90,"1,010.00",991.20,993.45,995.15,"1,000.10","16,78,410","1,67,85,70,146.65","50,694","9,73,226",57.98
SUNPHARMA,EQ,2023-02-17,995.15,992.20,996.50,982.00,983.00,984.50,989.57,"18,47,026","1,82,77,57,013.35","56,857","12,42,989",67.3
SUNPHARMA,EQ,2023-02-20,984.50,990.15,991.65,974.95,986.00,984.40,983.44,"21,57,871","2,12,21,36,783.50","49,694","13,95,889",64.69
SUNPHARMA,EQ,2023-02-21,984.40,990.00,990.80,969.15,973.40,971.60,975.84,"17,71,813","1,72,90,06,961.15","65,844","11,53,493",65.1
SUNPHARMA,EQ,2023-02-22,971.60,971.55,978.00,966.00,967.00,968.55,971.87,"26,05,147","2,53,18,68,459.45","1,12,440","17,49,714",67.16
SUNPHARMA,EQ,2023-02-23,968.55,973.00,977.25,964.05,972.95,972.50,971.42,"28,35,983","2,75,49,34,206.30","1,05,316","18,94,155",66.79
SUNPHARMA,EQ,2023-02-24,972.50,970.60,983.35,963.70,968.30,970.50,972.71,"18,23,835","1,77,40,60,168.20","1,14,052","9,64,460",52.88
SUNPHARMA,EQ,2023-02-27,970.50,970.50,972.55,960.05,963.90,965.05,965.84,"15,48,675","1,49,57,69,223.80","63,595","10,86,931",70.18
SUNPHARMA,EQ,2023-02-28,965.05,969.00,976.00,954.00,958.40,956.60,962.24,"38,19,644","3,67,54,19,716.70","1,17,135","26,06,034",68.23
SUNPHARMA,EQ,2023-03-01,956.60,951.00,966.05,951.00,959.95,959.30,960.92,"18,62,513","1,78,97,24,304.45","66,930","11,66,836",62.65
SUNPHARMA,EQ,2023-03-02,959.30,960.00,967.00,951.10,965.20,965.30,960.26,"15,10,195","1,45,01,73,381.15","73,105","9,32,301",61.73
SUNPHARMA,EQ,2023-03-03,965.30,967.05,969.75,958.15,968.40,966.90,964.72,"22,15,832","2,13,76,51,988.35","79,986","13,29,828",60.01
SUNPHARMA,EQ,2023-03-06,966.90,970.00,979.50,963.80,965.25,965.25,971.28,"19,89,152","1,93,20,14,281.20","90,386","12,33,835",62.03
SUNPHARMA,EQ,2023-03-08,965.25,960.00,965.00,947.00,958.00,957.50,952.53,"47,34,482","4,50,97,57,569.95","1,26,942","34,87,313",73.66
SUNPHARMA,EQ,2023-03-09,957.50,957.50,959.40,947.15,954.00,952.70,951.25,"29,94,556","2,84,85,71,556.50","87,785","21,33,014",71.23
SUNPHARMA,EQ,2023-03-10,952.70,946.50,957.50,946.10,955.00,955.55,951.57,"20,01,392","1,90,44,61,088.90","47,062","14,83,151",74.11
SUNPHARMA,EQ,2023-03-13,955.55,955.10,959.90,947.55,953.20,954.10,953.52,"14,12,106","1,34,64,69,654.10","43,842","9,59,476",67.95
SUNPHARMA,EQ,2023-03-14,954.10,953.50,963.75,950.30,959.60,957.20,958.89,"18,79,695","1,80,24,12,819.20","72,369","11,15,461",59.34
SUNPHARMA,EQ,2023-03-15,957.20,952.00,964.90,949.35,952.00,951.40,955.16,"21,89,113","2,09,09,46,252.60","77,914","14,23,110",65.01
SUNPHARMA,EQ,2023-03-16,951.40,955.25,970.00,951.70,968.70,967.40,964.42,"22,28,093","2,14,88,14,484.90","93,683","14,66,794",65.83
SUNPHARMA,EQ,2023-03-17,967.40,968.55,968.70,952.75,957.10,957.70,958.92,"22,18,687","2,12,75,50,876.65","68,259","15,81,196",71.27
SUNPHARMA,EQ,2023-03-20,957.70,950.00,962.65,947.35,961.25,961.20,954.68,"19,55,757","1,86,71,30,019.50","75,915","13,35,535",68.29
SUNPHARMA,EQ,2023-03-21,961.20,965.00,965.00,953.25,957.00,956.20,958.03,"16,87,239","1,61,64,23,750.90","76,487","11,94,974",70.82
SUNPHARMA,EQ,2023-03-22,956.20,957.00,974.40,956.60,971.80,972.05,965.22,"16,26,129","1,56,95,72,053.80","49,357","10,13,272",62.31
SUNPHARMA,EQ,2023-03-23,972.05,975.00,982.95,972.00,977.95,977.65,978.50,"18,57,923","1,81,79,81,219.45","52,643","10,26,333",55.24
SUNPHARMA,EQ,2023-03-24,977.65,977.60,979.00,968.00,973.00,972.85,973.91,"15,34,322","1,49,42,88,345.25","65,531","9,86,057",64.27
SUNPHARMA,EQ,2023-03-27,972.85,980.00,990.95,963.00,981.20,983.45,983.03,"24,73,222","2,43,12,39,232.85","73,823","12,76,452",51.61
SUNPHARMA,EQ,2023-03-28,983.45,987.00,987.80,976.30,983.80,984.20,981.61,"13,94,675","1,36,90,24,857.80","64,605","7,69,998",55.21
SUNPHARMA,EQ,2023-03-29,984.20,985.65,996.50,979.00,992.00,991.90,987.98,"30,45,795","3,00,91,85,891.50","79,811","19,35,101",63.53
SUNPHARMA,EQ,2023-03-31,991.90,995.20,995.20,981.40,982.20,983.10,985.70,"18,22,710","1,79,66,44,768.80","1,05,854","11,20,456",61.47
SUNPHARMA,EQ,2023-04-03,983.10,981.00,988.00,976.20,979.90,979.05,979.86,"16,71,570","1,63,79,04,001.00","47,912","10,37,017",62.04
SUNPHARMA,EQ,2023-04-05,979.05,985.00,999.00,975.30,997.00,997.15,987.77,"15,44,121","1,52,52,38,632.45","71,192","8,88,376",57.53
SUNPHARMA,EQ,2023-04-06,997.15,997.15,"1,014.00",993.40,"1,011.05","1,012.10","1,007.49","14,23,990","1,43,46,52,060.20","55,333","6,91,349",48.55
SUNPHARMA,EQ,2023-04-10,"1,012.10","1,015.00","1,016.95","1,006.65","1,008.40","1,008.60","1,011.34","11,10,974","1,12,35,70,962.35","46,641","6,54,451",58.91
SUNPHARMA,EQ,2023-04-11,"1,008.60","1,008.60","1,022.25","1,007.55","1,009.55","1,009.25","1,014.34","17,86,844","1,81,24,68,160.55","81,937","10,85,560",60.75
SUNPHARMA,EQ,2023-04-12,"1,009.25","1,015.50","1,020.20","1,005.25","1,018.80","1,016.70","1,011.67","32,46,327","3,28,42,17,789.00","75,056","23,52,525",72.47
SUNPHARMA,EQ,2023-04-13,"1,016.70","1,022.30","1,023.85","1,002.00","1,003.75","1,003.50","1,007.12","14,45,693","1,45,59,92,867.70","54,067","9,29,323",64.28
SUNPHARMA,EQ,2023-04-17,"1,003.50",999.45,"1,009.90",995.05,999.00,998.70,999.67,"17,68,817","1,76,82,40,346.50","1,11,052","12,24,494",69.23
SUNPHARMA,EQ,2023-04-18,998.70,999.00,"1,006.25",988.30,"1,006.00","1,004.80",996.83,"12,17,390","1,21,35,30,740.90","46,398","5,48,587",45.06
SUNPHARMA,EQ,2023-04-19,"1,004.80","1,003.50","1,009.40",993.00,995.00,995.50,999.58,"21,74,563","2,17,36,60,398.65","70,970","12,03,120",55.33
SUNPHARMA,EQ,2023-04-20,995.50,999.10,"1,002.10",983.75,988.00,987.75,990.90,"16,38,094","1,62,31,91,706.90","59,935","8,65,957",52.86
SUNPHARMA,EQ,2023-04-21,987.75,994.30,994.30,984.95,986.90,989.45,989.16,"12,16,575","1,20,33,87,148.60","40,802","7,00,226",57.56
SUNPHARMA,EQ,2023-04-24,989.45,975.00,982.50,959.25,980.05,979.15,969.25,"34,85,350","3,37,81,65,387.20","1,37,148","20,70,982",59.42
SUNPHARMA,EQ,2023-04-25,979.15,980.00,982.90,967.00,972.20,972.50,972.70,"23,77,746","2,31,28,32,100.40","84,481","15,90,012",66.87
SUNPHARMA,EQ,2023-04-26,972.50,975.80,976.80,963.20,971.90,971.25,967.50,"29,11,028","2,81,64,25,935.30","52,256","22,80,298",78.33
SUNPHARMA,EQ,2023-04-27,971.25,968.00,981.60,963.55,979.60,978.70,968.38,"27,77,173","2,68,93,56,030.45","64,780","19,09,597",68.76
SUNPHARMA,EQ,2023-04-28,978.70,984.95,992.50,979.15,986.45,987.65,988.20,"20,09,995","1,98,62,84,361.00","52,929","12,33,155",61.35
SUNPHARMA,EQ,2023-05-02,987.65,987.65,988.90,970.30,972.40,973.05,976.20,"31,52,556","3,07,75,29,337.95","92,725","20,79,651",65.97
SUNPHARMA,EQ,2023-05-03,973.05,970.50,972.40,959.50,962.60,963.60,965.02,"30,87,472","2,97,94,69,945.20","1,12,036","18,26,960",59.17
SUNPHARMA,EQ,2023-05-04,963.60,967.65,975.90,965.15,974.00,974.00,971.20,"11,97,830","1,16,33,38,179.10","42,591","6,91,440",57.72
SUNPHARMA,EQ,2023-05-05,974.00,974.00,977.25,967.85,970.80,970.45,972.20,"10,62,645","1,03,31,04,234.70","43,693","6,30,637",59.35
SUNPHARMA,EQ,2023-05-08,970.45,962.00,969.00,961.00,961.90,961.85,964.48,"26,76,958","2,58,18,82,515.20","76,995","18,95,650",70.81
SUNPHARMA,EQ,2023-05-09,961.85,961.90,966.85,949.50,956.80,957.45,953.75,"69,02,170","6,58,29,58,419.35","1,35,878","53,72,926",77.84
SUNPHARMA,EQ,2023-05-10,957.45,957.00,959.95,951.60,954.00,953.80,954.11,"21,80,917","2,08,08,41,547.95","58,497","17,51,954",80.33
SUNPHARMA,EQ,2023-05-11,953.80,953.80,963.90,952.00,961.50,961.05,958.54,"12,96,607","1,24,28,51,614.10","50,366","7,49,531",57.81
SUNPHARMA,EQ,2023-05-12,961.05,961.00,963.10,952.00,953.65,956.00,957.72,"20,14,927","1,92,97,29,971.85","62,793","14,58,344",72.38
SUNPHARMA,EQ,2023-05-15,956.00,953.00,955.75,948.05,954.00,953.00,951.84,"18,14,239","1,72,68,71,573.10","61,574","11,98,434",66.06
SUNPHARMA,EQ,2023-05-16,953.00,953.00,962.55,938.00,939.40,940.95,948.69,"26,25,163","2,49,04,73,944.30","72,636","18,42,109",70.17
SUNPHARMA,EQ,2023-05-17,940.95,941.25,945.30,928.85,934.70,935.95,936.51,"29,56,985","2,76,92,37,987.25","98,004","23,52,945",79.57
SUNPHARMA,EQ,2023-05-18,935.95,943.00,943.00,922.45,930.30,929.65,928.85,"30,14,019","2,79,95,63,874.40","77,919","20,21,825",67.08
SUNPHARMA,EQ,2023-05-19,929.65,932.00,934.40,924.30,927.20,925.85,926.22,"13,09,343","1,21,27,36,699.15","47,852","9,40,701",71.85
SUNPHARMA,EQ,2023-05-22,925.85,925.85,942.75,922.85,938.80,937.45,938.04,"13,82,485","1,29,68,24,080.70","78,356","8,07,623",58.42
SUNPHARMA,EQ,2023-05-23,937.45,937.50,956.20,929.10,930.15,931.60,936.61,"30,57,684","2,86,38,43,773.85","70,174","22,64,258",74.05
SUNPHARMA,EQ,2023-05-24,931.60,935.50,954.80,932.60,950.00,952.15,945.44,"29,53,574","2,79,24,27,398.10","96,543","15,68,457",53.1
SUNPHARMA,EQ,2023-05-25,952.15,949.70,951.70,942.70,944.90,945.00,945.40,"23,31,464","2,20,41,64,442.10","84,291","16,40,301",70.35
SUNPHARMA,EQ,2023-05-26,945.00,943.95,976.70,937.00,966.95,969.90,959.02,"41,37,189","3,96,76,51,622.65","1,20,512","16,81,829",40.65
SUNPHARMA,EQ,2023-05-29,969.90,969.95,973.25,946.40,968.50,968.45,958.17,"53,44,765","5,12,11,68,398.30","1,34,349","27,42,235",51.31
SUNPHARMA,EQ,2023-05-30,968.45,965.00,967.45,956.30,960.90,959.60,960.70,"26,24,815","2,52,16,72,254.65","92,196","17,62,796",67.16
SUNPHARMA,EQ,2023-05-31,959.60,965.00,979.30,960.75,976.00,975.35,973.98,"55,95,631","5,45,00,34,758.05","1,05,928","35,48,713",63.42
SUNPHARMA,EQ,2023-06-01,975.35,979.80,990.45,975.00,986.55,987.70,983.55,"32,61,906","3,20,82,53,096.70","74,533","22,60,949",69.31
SUNPHARMA,EQ,2023-06-02,987.70,986.55,"1,003.70",981.00,"1,001.50",999.60,994.55,"37,34,815","3,71,44,66,000.05","1,13,823","29,71,855",79.57
SUNPHARMA,EQ,2023-06-05,999.60,"1,005.35","1,017.70",998.50,"1,006.05","1,008.75","1,010.91","36,29,780","3,66,93,77,509.35","1,33,862","27,98,201",77.09
SUNPHARMA,EQ,2023-06-06,"1,008.75","1,008.90","1,015.95","1,004.00","1,010.30","1,013.80","1,011.07","16,32,644","1,65,07,17,817.10","70,936","10,54,032",64.56
SUNPHARMA,EQ,2023-06-07,"1,013.80","1,015.00","1,017.50","1,010.00","1,015.00","1,014.60","1,013.66","16,08,613","1,63,05,82,456.75","63,989","11,32,554",70.41
SUNPHARMA,EQ,2023-06-08,"1,014.60","1,015.00","1,016.00",983.25,991.00,987.00,994.03,"33,95,935","3,37,56,78,155.75","69,351","25,39,064",74.77
SUNPHARMA,EQ,2023-06-09,987.00,984.00,990.70,981.00,985.45,983.95,985.18,"23,06,206","2,27,20,27,937.90","58,845","16,35,544",70.92
SUNPHARMA,EQ,2023-06-12,983.95,987.90,989.90,981.05,988.90,985.45,985.24,"5,93,319","58,45,63,371.15","47,574","3,26,950",55.11
SUNPHARMA,EQ,2023-06-13,985.45,990.00,996.00,985.55,988.00,988.10,990.80,"24,13,311","2,39,11,16,073.30","56,561","17,69,354",73.32
SUNPHARMA,EQ,2023-06-14,988.10,991.60,995.00,984.25,988.45,986.70,989.86,"21,39,387","2,11,76,97,465.75","60,732","16,51,102",77.18
SUNPHARMA,EQ,2023-06-15,986.70,988.50,994.80,985.70,987.05,988.40,989.36,"27,31,724","2,70,26,48,558.05","2,28,329","21,20,889",77.64
SUNPHARMA,EQ,2023-06-16,988.40,990.00,994.65,987.20,994.50,992.00,990.69,"36,11,214","3,57,76,01,431.35","94,320","28,27,306",78.29
SUNPHARMA,EQ,2023-06-19,992.00,995.15,"1,006.70",993.75,"1,000.25","1,001.80","1,001.73","13,27,862","1,33,01,65,553.05","60,018","5,50,315",41.44
SUNPHARMA,EQ,2023-06-20,"1,001.80","1,007.65","1,007.75",989.60,992.60,991.95,993.94,"14,45,688","1,43,69,23,770.45","66,648","7,76,845",53.74
SUNPHARMA,EQ,2023-06-21,991.95,991.95,993.85,983.60,992.80,991.90,989.56,"13,96,686","1,38,21,04,001.20","75,566","8,91,704",63.84
SUNPHARMA,EQ,2023-06-22,991.90,987.10,996.20,987.10,991.40,990.30,991.97,"53,84,143","5,34,08,85,927.90","75,444","16,34,593",30.36
SUNPHARMA,EQ,2023-06-23,990.30,994.00,995.95,977.30,990.15,991.45,987.24,"12,18,237","1,20,26,92,181.10","43,554","5,69,788",46.77
SUNPHARMA,EQ,2023-06-26,991.45,994.00,"1,003.80",991.45,998.00,994.95,996.55,"20,66,932","2,05,97,96,444.35","71,530","13,94,594",67.47
SUNPHARMA,EQ,2023-06-27,994.95,999.95,"1,003.35",986.00,"1,000.00","1,001.80",993.11,"46,47,465","4,61,54,60,914.05","1,13,357","16,50,512",35.51
SUNPHARMA,EQ,2023-06-28,"1,001.80",995.00,"1,025.55",995.00,"1,025.00","1,021.80","1,015.28","52,96,330","5,37,72,34,615.75","1,21,145","36,45,264",68.83
SUNPHARMA,EQ,2023-06-30,"1,021.80","1,021.75","1,055.00","1,020.05","1,051.00","1,051.60","1,045.04","47,65,060","4,97,96,59,397.95","1,88,975","24,69,845",51.83
SUNPHARMA,EQ,2023-07-03,"1,051.60","1,053.00","1,053.65","1,030.00","1,035.50","1,032.70","1,039.76","23,38,356","2,43,13,35,868.45","1,09,361","15,59,180",66.68
SUNPHARMA,EQ,2023-07-04,"1,032.70","1,040.00","1,053.90","1,029.90","1,053.50","1,048.80","1,038.98","15,49,174","1,60,95,66,277.70","67,170","8,75,120",56.49
SUNPHARMA,EQ,2023-07-05,"1,048.80","1,055.00","1,057.70","1,042.65","1,046.80","1,044.70","1,048.27","18,40,716","1,92,95,76,100.95","94,452","11,00,175",59.77
SUNPHARMA,EQ,2023-07-06,"1,044.70","1,040.00","1,056.60","1,040.00","1,042.00","1,042.50","1,047.74","25,51,103","2,67,28,99,523.10","84,171","16,99,839",66.63
SUNPHARMA,EQ,2023-07-07,"1,042.50","1,033.50","1,051.20","1,028.75","1,038.00","1,035.70","1,040.51","17,21,224","1,79,09,49,429.70","1,07,015","8,77,295",50.97
SUNPHARMA,EQ,2023-07-10,"1,035.70","1,036.00","1,051.00","1,031.10","1,049.00","1,045.00","1,043.81","12,21,769","1,27,52,99,205.60","68,522","6,47,205",52.97
SUNPHARMA,EQ,2023-07-11,"1,045.00","1,052.00","1,074.75","1,049.05","1,073.95","1,072.25","1,065.93","43,69,937","4,65,80,58,891.30","1,16,910","25,31,871",57.94
SUNPHARMA,EQ,2023-07-12,"1,072.25","1,075.00","1,083.75","1,070.00","1,077.00","1,078.75","1,078.51","50,88,473","5,48,79,50,769.15","1,83,302","38,49,559",75.65
SUNPHARMA,EQ,2023-07-13,"1,078.75","1,081.90","1,081.90","1,071.70","1,075.00","1,075.65","1,076.03","15,41,690","1,65,89,00,421.20","70,714","9,84,274",63.84
SUNPHARMA,EQ,2023-07-14,"1,075.65","1,079.95","1,080.00","1,065.00","1,072.50","1,072.95","1,071.91","26,41,580","2,83,15,36,417.00","1,05,318","18,55,332",70.24
SUNPHARMA,EQ,2023-07-17,"1,072.95","1,073.70","1,081.05","1,070.50","1,077.00","1,077.60","1,076.08","12,54,025","1,34,94,25,686.55","59,813","8,34,237",66.52
SUNPHARMA,EQ,2023-07-18,"1,077.60","1,078.45","1,078.90","1,064.35","1,066.15","1,067.15","1,068.12","22,38,739","2,39,12,37,890.35","60,871","15,42,965",68.92
SUNPHARMA,EQ,2023-07-19,"1,067.15","1,067.15","1,086.00","1,063.85","1,085.50","1,081.85","1,076.53","23,11,282","2,48,81,60,623.25","78,899","12,46,292",53.92
SUNPHARMA,EQ,2023-07-20,"1,081.85","1,086.05","1,104.50","1,082.30","1,096.10","1,097.65","1,094.90","52,18,991","5,71,42,67,633.85","1,26,872","30,54,599",58.53
SUNPHARMA,EQ,2023-07-21,"1,097.65","1,103.40","1,104.20","1,090.35","1,094.50","1,097.15","1,097.74","18,79,610","2,06,33,17,088.80","56,056","11,84,374",63.01
SUNPHARMA,EQ,2023-07-24,"1,097.15","1,094.00","1,107.35","1,092.50","1,100.00","1,100.40","1,101.18","21,30,036","2,34,55,50,219.05","67,987","14,66,374",68.84
SUNPHARMA,EQ,2023-07-25,"1,100.40","1,110.00","1,110.00","1,090.80","1,099.80","1,095.05","1,099.09","17,02,900","1,87,16,36,134.40","77,928","10,87,210",63.84
SUNPHARMA,EQ,2023-07-26,"1,095.05","1,097.05","1,114.40","1,094.10","1,113.50","1,112.00","1,107.85","13,21,572","1,46,41,05,572.00","75,654","7,09,766",53.71
SUNPHARMA,EQ,2023-07-27,"1,112.00","1,128.00","1,155.35","1,116.30","1,137.60","1,134.95","1,135.84","63,66,612","7,23,14,33,665.05","1,63,826","28,48,306",44.74
SUNPHARMA,EQ,2023-07-28,"1,134.95","1,129.95","1,143.90","1,121.65","1,136.55","1,138.55","1,137.20","26,77,679","3,04,50,68,647.95","94,485","17,10,700",63.89
SUNPHARMA,EQ,2023-07-31,"1,138.55","1,140.00","1,145.00","1,127.00","1,142.90","1,143.40","1,138.12","17,18,336","1,95,56,73,436.40","75,917","11,65,869",67.85
SUNPHARMA,EQ,2023-08-01,"1,143.40","1,143.40","1,152.65","1,136.00","1,146.00","1,143.45","1,144.68","14,48,567","1,65,81,48,242.00","65,150","9,16,848",63.29
SUNPHARMA,EQ,2023-08-02,"1,143.45","1,143.95","1,144.30","1,126.45","1,140.00","1,135.25","1,133.52","17,31,918","1,96,31,70,503.95","84,279","11,85,421",68.45
SUNPHARMA,EQ,2023-08-03,"1,135.25","1,130.25","1,169.70","1,122.35","1,130.25","1,141.00","1,152.58","84,60,399","9,75,12,83,352.85","2,21,684","30,82,948",36.44
SUNPHARMA,EQ,2023-08-04,"1,141.00","1,129.00","1,145.00","1,121.05","1,136.50","1,138.95","1,134.04","35,27,805","4,00,06,58,871.55","1,07,011","21,71,141",61.54
SUNPHARMA,EQ,2023-08-07,"1,138.95","1,138.95","1,166.75","1,133.50","1,162.20","1,160.80","1,158.38","33,53,219","3,88,43,01,678.20","1,01,559","20,00,925",59.67
SUNPHARMA,EQ,2023-08-08,"1,160.80","1,162.20","1,164.60","1,139.95","1,149.25","1,148.65","1,149.76","30,73,468","3,53,37,58,110.70","1,05,195","19,41,901",63.18
SUNPHARMA,EQ,2023-08-09,"1,148.65","1,151.15","1,159.30","1,140.30","1,152.80","1,152.80","1,149.29","13,06,791","1,50,18,83,301.55","78,009","6,47,151",49.52
SUNPHARMA,EQ,2023-08-10,"1,152.80","1,150.60","1,157.90","1,143.60","1,152.50","1,150.30","1,149.72","14,43,067","1,65,91,21,214.40","1,01,224","7,83,893",54.32
SUNPHARMA,EQ,2023-08-11,"1,150.30","1,150.05","1,151.00","1,130.50","1,133.00","1,132.35","1,135.19","17,56,630","1,99,41,15,251.10","1,03,680","11,20,781",63.8
SUNPHARMA,EQ,2023-08-14,"1,132.35","1,131.00","1,142.00","1,120.50","1,131.40","1,134.25","1,134.99","18,24,622","2,07,09,23,487.10","1,02,829","10,51,591",57.63
SUNPHARMA,EQ,2023-08-16,"1,134.25","1,134.95","1,145.50","1,121.85","1,145.00","1,143.65","1,137.85","12,24,080","1,39,28,19,724.55","76,366","6,88,400",56.24
SUNPHARMA,EQ,2023-08-17,"1,143.65","1,143.65","1,148.95","1,137.50","1,142.45","1,144.80","1,143.75","19,64,341","2,24,67,22,817.25","96,466","13,14,602",66.92
SUNPHARMA,EQ,2023-08-18,"1,144.80","1,141.00","1,149.30","1,129.00","1,129.05","1,134.90","1,137.42","14,73,774","1,67,62,98,792.65","87,710","8,65,823",58.75
SUNPHARMA,EQ,2023-08-21,"1,134.90","1,129.95","1,143.90","1,127.15","1,136.10","1,137.40","1,137.48","9,41,384","1,07,08,04,960.45","58,103","5,78,826",61.49
SUNPHARMA,EQ,2023-08-22,"1,137.40","1,135.00","1,147.00","1,130.00","1,135.80","1,137.55","1,137.17","14,38,879","1,63,62,50,647.95","57,339","9,40,124",65.34
SUNPHARMA,EQ,2023-08-23,"1,137.55","1,128.00","1,130.45","1,110.60","1,121.95","1,123.70","1,122.63","30,50,418","3,42,44,99,322.10","1,02,087","18,57,234",60.88
SUNPHARMA,EQ,2023-08-24,"1,123.70","1,123.60","1,133.10","1,113.20","1,118.05","1,118.30","1,123.54","15,75,291","1,76,99,08,734.15","1,57,843","9,47,356",60.14
SUNPHARMA,EQ,2023-08-25,"1,118.30","1,118.00","1,123.30","1,100.25","1,103.90","1,106.30","1,109.55","15,15,282","1,68,12,85,457.00","96,634","7,00,331",46.22
SUNPHARMA,EQ,2023-08-28,"1,106.30","1,110.05","1,124.15","1,105.15","1,117.00","1,117.00","1,117.08","19,59,645","2,18,90,75,881.10","91,005","11,79,520",60.19
SUNPHARMA,EQ,2023-08-29,"1,117.00","1,125.05","1,125.05","1,106.45","1,114.00","1,111.60","1,114.35","17,49,707","1,94,97,82,547.65","90,543","10,27,681",58.73
SUNPHARMA,EQ,2023-08-30,"1,111.60","1,117.50","1,119.15","1,110.50","1,115.55","1,114.90","1,114.43","15,43,173","1,71,97,51,218.55","71,365","8,99,895",58.31
SUNPHARMA,EQ,2023-08-31,"1,114.90","1,118.85","1,118.85","1,101.70","1,113.35","1,111.60","1,109.73","47,82,404","5,30,71,57,221.70","1,07,825","31,68,795",66.26
SUNPHARMA,EQ,2023-09-01,"1,111.60","1,112.00","1,117.50","1,105.75","1,110.00","1,109.00","1,109.55","27,15,249","3,01,27,08,790.80","1,14,401","19,89,364",73.27
SUNPHARMA,EQ,2023-09-04,"1,109.00","1,114.00","1,114.00","1,102.00","1,111.00","1,108.90","1,106.15","12,05,294","1,33,32,39,802.50","80,131","6,99,436",58.03
SUNPHARMA,EQ,2023-09-05,"1,108.90","1,110.00","1,136.00","1,107.20","1,132.00","1,131.90","1,126.54","16,98,118","1,91,29,97,064.85","63,448","7,86,423",46.31
SUNPHARMA,EQ,2023-09-06,"1,131.90","1,137.00","1,149.00","1,129.05","1,141.70","1,142.35","1,141.31","29,60,249","3,37,85,73,966.00","93,004","14,50,697",49.01
SUNPHARMA,EQ,2023-09-07,"1,142.35","1,140.00","1,141.45","1,128.60","1,134.00","1,133.05","1,132.78","18,63,837","2,11,13,26,291.75","62,442","10,51,067",56.39
SUNPHARMA,EQ,2023-09-08,"1,133.05","1,133.00","1,138.05","1,128.50","1,129.15","1,130.45","1,131.97","17,89,037","2,02,51,38,786.20","54,572","12,57,336",70.28
SUNPHARMA,EQ,2023-09-11,"1,130.45","1,130.45","1,140.00","1,125.70","1,138.20","1,136.90","1,132.03","20,32,253","2,30,05,64,482.55","80,999","14,58,687",71.78
SUNPHARMA,EQ,2023-09-12,"1,136.90","1,142.05","1,153.80","1,137.10","1,145.00","1,145.25","1,147.07","39,89,578","4,57,63,36,815.75","97,014","24,75,087",62.04
SUNPHARMA,EQ,2023-09-13,"1,145.25","1,149.00","1,156.70","1,142.30","1,147.75","1,148.75","1,149.55","21,15,524","2,43,18,96,795.00","83,111","12,48,272",59.01
SUNPHARMA,EQ,2023-09-14,"1,148.75","1,148.75","1,150.90","1,138.75","1,145.40","1,143.80","1,144.00","20,65,163","2,36,25,50,392.45","92,766","12,19,353",59.04
SUNPHARMA,EQ,2023-09-15,"1,143.80","1,144.00","1,153.80","1,144.00","1,151.00","1,149.80","1,149.88","24,04,169","2,76,45,00,082.90","78,056","16,38,035",68.13
SUNPHARMA,EQ,2023-09-18,"1,149.80","1,149.00","1,157.00","1,142.55","1,149.00","1,147.65","1,148.33","9,62,842","1,10,56,64,937.85","40,003","5,30,726",55.12
SUNPHARMA,EQ,2023-09-20,"1,147.65","1,148.00","1,156.00","1,139.00","1,152.75","1,153.15","1,152.45","23,03,191","2,65,43,18,935.50","1,05,153","15,44,673",67.07
SUNPHARMA,EQ,2023-09-21,"1,153.15","1,149.00","1,156.95","1,141.15","1,144.50","1,146.15","1,147.77","20,88,934","2,39,76,19,812.25","1,19,838","10,83,463",51.87
SUNPHARMA,EQ,2023-09-22,"1,146.15","1,142.50","1,148.00","1,128.30","1,134.00","1,132.35","1,132.96","15,85,418","1,79,62,15,410.45","79,508","8,88,780",56.06
SUNPHARMA,EQ,2023-09-25,"1,132.35","1,126.20","1,136.80","1,121.65","1,124.00","1,124.05","1,126.52","10,09,279","1,13,69,75,947.15","53,229","6,42,602",63.67
SUNPHARMA,EQ,2023-09-26,"1,124.05","1,125.00","1,130.00","1,118.50","1,127.15","1,125.85","1,123.56","19,66,198","2,20,91,36,674.65","67,504","14,63,681",74.44
SUNPHARMA,EQ,2023-09-27,"1,125.85","1,126.15","1,145.90","1,123.20","1,139.00","1,139.95","1,137.06","23,32,018","2,65,16,42,676.30","88,875","13,90,872",59.64
SUNPHARMA,EQ,2023-09-28,"1,139.95","1,142.95","1,152.00","1,128.85","1,135.85","1,132.30","1,142.96","26,85,663","3,06,96,00,661.95","75,207","13,26,320",49.39
SUNPHARMA,EQ,2023-09-29,"1,132.30","1,134.30","1,167.40","1,134.30","1,159.55","1,158.65","1,159.67","22,88,577","2,65,40,00,609.40","95,096","9,71,748",42.46
SUNPHARMA,EQ,2023-10-03,"1,158.65","1,159.55","1,161.95","1,139.25","1,140.00","1,141.45","1,146.39","19,46,966","2,23,19,78,422.55","76,319","12,87,437",66.13
SUNPHARMA,EQ,2023-10-04,"1,141.45","1,138.10","1,139.00","1,113.00","1,124.50","1,123.80","1,122.31","18,03,871","2,02,44,97,036.65","82,161","11,49,453",63.72
SUNPHARMA,EQ,2023-10-05,"1,123.80","1,124.65","1,128.65","1,111.80","1,124.60","1,119.10","1,118.29","23,48,562","2,62,63,69,646.50","1,22,744","15,17,990",64.63
SUNPHARMA,EQ,2023-10-06,"1,119.10","1,128.00","1,132.15","1,123.10","1,125.00","1,127.30","1,128.11","10,56,281","1,19,15,96,873.15","60,192","5,89,084",55.77
SUNPHARMA,EQ,2023-10-09,"1,127.30","1,111.00","1,133.80","1,109.00","1,120.10","1,123.05","1,124.18","10,80,276","1,21,44,24,086.90","50,056","6,15,153",56.94
SUNPHARMA,EQ,2023-10-10,"1,123.05","1,122.00","1,130.40","1,119.80","1,126.00","1,126.50","1,125.19","10,92,093","1,22,88,14,505.95","1,12,847","7,62,018",69.78
SUNPHARMA,EQ,2023-10-11,"1,126.50","1,128.00","1,134.45","1,122.35","1,126.50","1,128.75","1,127.81","14,56,045","1,64,21,45,653.25","58,163","10,58,358",72.69
SUNPHARMA,EQ,2023-10-12,"1,128.75","1,129.00","1,132.55","1,121.20","1,131.10","1,130.40","1,127.54","12,21,965","1,37,78,16,360.60","73,003","6,81,183",55.74
SUNPHARMA,EQ,2023-10-13,"1,130.40","1,126.10","1,147.20","1,122.00","1,143.85","1,145.30","1,138.38","19,34,884","2,20,26,39,146.15","87,774","10,35,316",53.51
SUNPHARMA,EQ,2023-10-16,"1,145.30","1,141.50","1,147.25","1,133.05","1,133.15","1,135.30","1,139.54","11,44,308","1,30,39,83,103.20","73,344","7,51,773",65.7
SUNPHARMA,EQ,2023-10-17,"1,135.30","1,138.65","1,144.00","1,134.00","1,135.05","1,136.80","1,139.44","7,98,807","91,01,88,783.70","61,710","5,10,545",63.91
SUNPHARMA,EQ,2023-10-18,"1,136.80","1,137.00","1,161.80","1,134.05","1,153.15","1,153.40","1,153.23","21,78,517","2,51,23,30,266.10","99,531","10,99,958",50.49
SUNPHARMA,EQ,2023-10-19,"1,153.40","1,147.40","1,150.00","1,135.00","1,136.60","1,141.50","1,144.25","17,65,065","2,01,96,69,976.15","82,887","10,50,213",59.5
SUNPHARMA,EQ,2023-10-20,"1,141.50","1,138.00","1,145.00","1,133.10","1,141.85","1,142.20","1,141.48","9,57,910","1,09,34,31,855.90","75,083","4,87,164",50.86
SUNPHARMA,EQ,2023-10-23,"1,142.20","1,135.00","1,149.20","1,118.00","1,121.15","1,122.45","1,131.31","7,02,730","79,50,05,864.70","63,766","3,47,357",49.43
SUNPHARMA,EQ,2023-10-25,"1,122.45","1,125.00","1,129.70","1,112.80","1,119.00","1,120.30","1,120.21","18,00,673","2,01,71,29,899.45","1,15,227","11,90,545",66.12
SUNPHARMA,EQ,2023-10-26,"1,120.30","1,115.95","1,117.95","1,097.50","1,106.00","1,103.70","1,104.21","22,23,975","2,45,57,32,208.75","1,43,679","13,24,791",59.57
SUNPHARMA,EQ,2023-10-27,"1,103.70","1,112.00","1,119.80","1,107.65","1,117.00","1,111.30","1,113.58","12,50,965","1,39,30,52,154.35","1,02,620","7,80,442",62.39
SUNPHARMA,EQ,2023-10-30,"1,111.30","1,115.70","1,119.95","1,103.85","1,115.55","1,115.20","1,112.57","10,78,813","1,20,02,50,431.85","90,412","6,15,498",57.05
SUNPHARMA,EQ,2023-10-31,"1,115.20","1,119.45","1,119.60","1,068.35","1,085.00","1,088.60","1,085.36","64,75,786","7,02,85,58,734.10","1,89,476","44,69,193",69.01
SUNPHARMA,EQ,2023-11-01,"1,088.60","1,092.00","1,132.55","1,082.60","1,117.00","1,116.20","1,107.12","39,73,264","4,39,88,66,706.90","1,63,867","21,90,463",55.13
SUNPHARMA,EQ,2023-11-02,"1,116.20","1,127.85","1,137.55","1,110.60","1,132.00","1,132.85","1,128.63","34,54,692","3,89,90,66,103.85","1,81,853","18,40,685",53.28
SUNPHARMA,EQ,2023-11-03,"1,132.85","1,138.50","1,145.70","1,131.50","1,141.80","1,141.10","1,142.69","17,41,756","1,99,02,81,064.85","95,463","12,37,302",71.04
SUNPHARMA,EQ,2023-11-06,"1,141.10","1,140.10","1,151.00","1,140.00","1,150.00","1,150.00","1,148.12","14,28,537","1,64,01,34,834.10","87,956","10,27,858",71.95
SUNPHARMA,EQ,2023-11-07,"1,150.00","1,149.00","1,173.55","1,146.55","1,173.00","1,170.95","1,165.48","18,11,831","2,11,16,59,196.70","1,04,978","9,50,880",52.48
SUNPHARMA,EQ,2023-11-08,"1,170.95","1,175.00","1,182.90","1,171.00","1,173.25","1,176.70","1,177.88","17,02,301","2,00,51,08,412.95","70,576","10,09,724",59.32
SUNPHARMA,EQ,2023-11-09,"1,176.70","1,181.00","1,183.25","1,166.85","1,179.80","1,176.20","1,177.24","18,49,169","2,17,69,19,817.80","88,586","9,34,271",50.52
SUNPHARMA,EQ,2023-11-10,"1,176.20","1,174.05","1,181.50","1,170.10","1,181.45","1,179.35","1,178.24","9,57,539","1,12,82,08,335.65","69,989","6,17,847",64.52
SUNPHARMA,EQ,2023-11-12,"1,179.35","1,181.50","1,187.00","1,177.30","1,178.00","1,180.60","1,182.66","1,27,953","15,13,25,106.10","8,332","46,173",36.09
SUNPHARMA,EQ,2023-11-13,"1,180.60","1,180.10","1,187.55","1,173.75","1,178.10","1,177.80","1,180.36","8,16,825","96,41,48,694.85","52,378","4,97,280",60.88
SUNPHARMA,EQ,2023-11-15,"1,177.80","1,179.50","1,184.40","1,171.00","1,182.50","1,180.90","1,177.50","22,46,320","2,64,50,35,851.55","77,134","16,44,098",73.19
SUNPHARMA,EQ,2023-11-16,"1,180.90","1,182.00","1,194.90","1,179.60","1,191.00","1,189.55","1,189.46","22,05,723","2,62,36,10,590.85","90,190","12,08,473",54.79
SUNPHARMA,EQ,2023-11-17,"1,189.55","1,189.80","1,198.40","1,187.95","1,192.45","1,194.60","1,194.23","8,91,965","1,06,52,08,418.75","70,313","5,37,668",60.28
SUNPHARMA,EQ,2023-11-20,"1,194.60","1,196.00","1,198.25","1,185.25","1,188.00","1,188.00","1,190.86","10,54,810","1,25,61,26,068.35","55,055","7,06,198",66.95
SUNPHARMA,EQ,2023-11-21,"1,188.00","1,189.00","1,205.00","1,186.25","1,203.40","1,201.40","1,198.46","9,99,135","1,19,74,19,902.80","66,115","5,88,237",58.87
SUNPHARMA,EQ,2023-11-22,"1,201.40","1,205.00","1,214.80","1,199.00","1,203.45","1,204.10","1,206.95","14,01,782","1,69,18,83,945.40","76,384","6,41,893",45.79
SUNPHARMA,EQ,2023-11-23,"1,204.10","1,203.55","1,209.90","1,194.75","1,199.15","1,198.80","1,200.82","11,77,434","1,41,38,85,941.70","78,017","5,96,571",50.67
SUNPHARMA,EQ,2023-11-24,"1,198.80","1,200.00","1,209.60","1,192.80","1,194.05","1,195.45","1,198.78","13,76,695","1,65,03,50,494.70","70,298","6,62,296",48.11
SUNPHARMA,EQ,2023-11-28,"1,195.45","1,197.15","1,200.35","1,189.75","1,190.10","1,191.35","1,192.50","8,86,708","1,05,73,97,506.55","89,363","5,94,589",67.06
SUNPHARMA,EQ,2023-11-29,"1,191.35","1,191.95","1,209.50","1,184.50","1,206.25","1,202.20","1,197.17","18,13,462","2,17,10,26,110.35","98,385","12,77,537",70.45
SUNPHARMA,EQ,2023-11-30,"1,202.20","1,192.35","1,231.15","1,192.35","1,225.50","1,225.85","1,217.95","46,72,807","5,69,12,24,751.25","1,18,222","31,14,230",66.65
SUNPHARMA,EQ,2023-12-01,"1,225.85","1,233.05","1,241.85","1,225.00","1,228.00","1,231.25","1,231.97","17,49,751","2,15,56,45,442.15","82,398","9,21,094",52.64
SUNPHARMA,EQ,2023-12-04,"1,231.25","1,237.25","1,240.00","1,220.50","1,230.00","1,231.15","1,228.90","16,15,837","1,98,56,99,926.35","1,04,593","9,96,169",61.65
SUNPHARMA,EQ,2023-12-05,"1,231.15","1,225.90","1,243.60","1,220.55","1,242.00","1,239.55","1,234.34","9,30,042","1,14,79,85,496.80","73,720","5,80,515",62.42
SUNPHARMA,EQ,2023-12-06,"1,239.55","1,248.55","1,258.00","1,233.30","1,240.70","1,240.35","1,245.17","17,04,590","2,12,25,04,763.15","74,807","9,02,992",52.97
SUNPHARMA,EQ,2023-12-07,"1,240.35","1,231.00","1,241.90","1,228.90","1,240.00","1,239.30","1,235.10","14,78,355","1,82,59,22,370.50","1,14,813","8,84,524",59.83
SUNPHARMA,EQ,2023-12-08,"1,239.30","1,236.05","1,247.60","1,230.65","1,234.90","1,235.80","1,238.84","16,12,113","1,99,71,55,518.75","97,907","9,78,769",60.71
SUNPHARMA,EQ,2023-12-11,"1,235.80","1,236.00","1,246.35","1,215.10","1,235.30","1,241.40","1,235.60","11,72,972","1,44,93,20,748.20","78,685","7,85,322",66.95
SUNPHARMA,EQ,2023-12-12,"1,241.40","1,249.00","1,250.00","1,212.65","1,217.05","1,218.00","1,225.99","28,32,873","3,47,30,77,235.50","1,47,237","18,47,429",65.21
SUNPHARMA,EQ,2023-12-13,"1,218.00","1,218.30","1,239.60","1,212.65","1,232.15","1,233.10","1,222.73","24,48,178","2,99,34,54,444.25","95,968","16,62,349",67.9
SUNPHARMA,EQ,2023-12-14,"1,233.10","1,239.00","1,239.90","1,224.25","1,234.00","1,231.30","1,231.71","23,41,190","2,88,36,78,714.90","1,56,357","15,59,154",66.6
SUNPHARMA,EQ,2023-12-15,"1,231.30","1,241.00","1,246.50","1,233.00","1,239.00","1,235.75","1,238.91","34,74,624","4,30,47,34,635.00","1,29,450","25,18,105",72.47
SUNPHARMA,EQ,2023-12-18,"1,235.75","1,235.75","1,267.90","1,234.00","1,253.85","1,252.75","1,257.73","21,35,393","2,68,57,51,178.95","1,34,360","8,99,886",42.14
SUNPHARMA,EQ,2023-12-19,"1,252.75","1,264.80","1,267.95","1,236.50","1,247.75","1,244.95","1,246.62","21,87,458","2,72,69,23,923.95","2,12,591","13,06,866",59.74
SUNPHARMA,EQ,2023-12-20,"1,244.95","1,255.00","1,255.00","1,228.45","1,232.80","1,232.15","1,237.83","18,37,031","2,27,39,33,054.85","1,41,121","11,34,194",61.74
SUNPHARMA,EQ,2023-12-21,"1,232.15","1,224.10","1,237.95","1,208.55","1,237.85","1,233.50","1,225.51","19,16,222","2,34,83,43,439.85","2,26,584","9,21,457",48.09
SUNPHARMA,EQ,2023-12-22,"1,233.50","1,240.00","1,251.00","1,236.05","1,243.00","1,243.65","1,243.73","20,58,127","2,55,97,51,216.60","1,66,199","11,94,860",58.06
SUNPHARMA,EQ,2023-12-26,"1,243.65","1,243.65","1,250.00","1,239.30","1,243.10","1,247.50","1,247.08","17,96,483","2,24,03,54,001.55","1,22,724","12,69,308",70.66
SUNPHARMA,EQ,2023-12-27,"1,247.50","1,250.00","1,255.40","1,241.25","1,253.00","1,252.45","1,249.16","20,05,268","2,50,49,04,711.00","1,59,880","13,36,733",66.66
SUNPHARMA,EQ,2023-12-28,"1,252.45","1,254.95","1,264.65","1,249.55","1,262.80","1,262.15","1,258.81","20,43,365","2,57,22,11,499.30","1,86,763","9,85,284",48.22
SUNPHARMA,EQ,2023-12-29,"1,262.15","1,262.10","1,271.95","1,252.55","1,260.05","1,259.45","1,259.28","18,40,160","2,31,72,80,899.50","1,94,745","11,53,310",62.67
SUNPHARMA,EQ,2024-01-01,"1,259.45","1,261.00","1,263.95","1,252.50","1,260.05","1,260.25","1,258.17","7,33,452","92,28,06,686.10","1,24,371","3,73,106",50.87
SUNPHARMA,EQ,2024-01-02,"1,260.25","1,261.00","1,299.00","1,257.15","1,295.15","1,296.20","1,289.19","31,74,447","4,09,24,69,314.75","2,30,963","13,87,641",43.71
SUNPHARMA,EQ,2024-01-03,"1,296.20","1,296.20","1,304.65","1,291.15","1,299.00","1,298.60","1,298.50","16,99,057","2,20,62,20,757.15","1,97,775","10,35,757",60.96
SUNPHARMA,EQ,2024-01-04,"1,298.60","1,304.00","1,328.50","1,297.05","1,310.00","1,312.95","1,316.97","28,51,729","3,75,56,37,988.70","1,71,484","17,71,487",62.12
SUNPHARMA,EQ,2024-01-05,"1,312.95","1,318.00","1,318.00","1,287.00","1,302.00","1,300.20","1,295.13","29,60,339","3,83,40,20,051.65","1,26,914","17,24,836",58.26
SUNPHARMA,EQ,2024-01-08,"1,300.20","1,305.40","1,309.95","1,299.30","1,307.00","1,305.30","1,303.79","16,78,133","2,18,79,39,140.20","1,29,192","12,20,891",72.75
SUNPHARMA,EQ,2024-01-09,"1,305.30","1,314.95","1,333.45","1,306.85","1,324.95","1,324.00","1,322.86","17,12,486","2,26,53,78,028.95","76,973","11,13,622",65.03
SUNPHARMA,EQ,2024-01-10,"1,324.00","1,330.05","1,333.50","1,313.15","1,324.90","1,324.85","1,321.18","12,78,475","1,68,90,99,155.30","84,664","8,68,688",67.95
SUNPHARMA,EQ,2024-01-11,"1,324.85","1,328.00","1,331.90","1,310.20","1,310.55","1,316.25","1,320.43","13,20,281","1,74,33,38,363.65","94,383","8,21,796",62.24
SUNPHARMA,EQ,2024-01-12,"1,316.25","1,319.00","1,330.00","1,305.55","1,329.25","1,325.95","1,321.50","15,38,242","2,03,27,86,521.55","1,12,881","8,91,824",57.98
SUNPHARMA,EQ,2024-01-15,"1,325.95","1,329.20","1,340.00","1,321.60","1,330.55","1,329.35","1,332.09","14,75,983","1,96,61,37,018.55","72,046","9,87,280",66.89
SUNPHARMA,EQ,2024-01-16,"1,329.35","1,330.05","1,331.55","1,307.55","1,313.10","1,313.45","1,314.79","8,24,502","1,08,40,49,208.85","71,790","4,77,060",57.86
SUNPHARMA,EQ,2024-01-17,"1,313.45","1,312.00","1,320.45","1,294.35","1,298.00","1,299.00","1,299.42","25,44,642","3,30,65,51,008.75","1,08,076","18,00,595",70.76
SUNPHARMA,EQ,2024-01-18,"1,299.00","1,298.95","1,343.40","1,290.00","1,337.00","1,335.75","1,323.59","28,42,572","3,76,23,88,482.50","1,50,768","13,94,656",49.06
SUNPHARMA,EQ,2024-01-19,"1,335.75","1,340.00","1,344.40","1,329.15","1,335.00","1,335.60","1,335.53","16,05,745","2,14,45,12,852.00","1,42,358","9,40,515",58.57
SUNPHARMA,EQ,2024-01-20,"1,335.60","1,339.00","1,346.35","1,324.25","1,327.85","1,326.15","1,332.75","2,84,105","37,86,40,648.60","20,468","1,01,006",35.55
SUNPHARMA,EQ,2024-01-23,"1,326.15","1,316.00","1,394.60","1,316.00","1,379.75","1,378.30","1,373.21","41,29,729","5,67,09,80,431.15","2,28,743","22,61,378",54.76
SUNPHARMA,EQ,2024-01-24,"1,378.30","1,380.00","1,390.00","1,360.35","1,388.90","1,382.10","1,379.25","17,19,845","2,37,21,01,167.60","1,48,602","9,19,042",53.44
SUNPHARMA,EQ,2024-01-25,"1,382.10","1,383.55","1,390.10","1,348.50","1,366.60","1,368.30","1,365.03","18,70,910","2,55,38,55,496.45","1,14,696","9,82,572",52.52
SUNPHARMA,EQ,2024-01-29,"1,368.30","1,365.00","1,420.85","1,355.20","1,397.05","1,400.85","1,405.51","34,13,149","4,79,71,98,118.55","1,30,073","19,39,115",56.81
SUNPHARMA,EQ,2024-01-30,"1,400.85","1,401.90","1,409.20","1,369.15","1,375.00","1,371.75","1,381.81","19,35,332","2,67,42,64,243.65","1,03,392","13,10,540",67.72
SUNPHARMA,EQ,2024-01-31,"1,371.75","1,371.70","1,438.90","1,366.90","1,415.00","1,418.45","1,416.66","57,96,356","8,21,14,37,492.00","2,12,655","25,56,111",44.1
SUNPHARMA,EQ,2024-02-01,"1,418.45","1,427.00","1,430.45","1,398.90","1,407.65","1,407.95","1,413.59","24,42,481","3,45,26,70,391.30","1,65,535","11,95,178",48.93
SUNPHARMA,EQ,2024-02-02,"1,407.95","1,409.00","1,433.85","1,405.15","1,422.55","1,416.65","1,418.44","17,75,449","2,51,83,74,199.10","1,38,476","7,43,985",41.9
SUNPHARMA,EQ,2024-02-05,"1,416.65","1,426.80","1,466.00","1,423.60","1,460.00","1,463.80","1,455.03","34,81,964","5,06,63,57,228.35","1,30,488","22,10,113",63.47
SUNPHARMA,EQ,2024-02-06,"1,463.80","1,450.00","1,478.00","1,446.55","1,472.10","1,475.10","1,469.09","18,93,995","2,78,24,41,117.75","1,40,229","12,47,850",65.88
SUNPHARMA,EQ,2024-02-07,"1,475.10","1,483.00","1,500.45","1,480.40","1,498.00","1,496.20","1,493.32","22,59,235","3,37,37,62,310.70","1,72,151","15,82,678",70.05
SUNPHARMA,EQ,2024-02-08,"1,496.20","1,501.05","1,507.50","1,485.35","1,497.90","1,499.60","1,497.93","22,13,750","3,31,60,50,608.90","1,38,036","12,85,548",58.07
SUNPHARMA,EQ,2024-02-09,"1,499.60","1,500.90","1,539.00","1,492.25","1,532.80","1,534.80","1,523.72","63,43,881","9,66,62,67,109.60","1,54,927","41,36,825",65.21
SUNPHARMA,EQ,2024-02-12,"1,534.80","1,539.85","1,555.10","1,521.10","1,531.90","1,534.45","1,538.75","40,59,288","6,24,62,36,070.25","1,07,401","29,02,452",71.5
SUNPHARMA,EQ,2024-02-13,"1,534.45","1,537.50","1,551.00","1,525.45","1,543.95","1,542.20","1,541.60","46,87,838","7,22,67,50,567.30","1,17,083","37,93,091",80.91
SUNPHARMA,EQ,2024-02-14,"1,542.20","1,545.80","1,545.80","1,508.05","1,527.85","1,520.40","1,520.26","21,05,672","3,20,11,66,933.95","86,677","12,90,813",61.3
SUNPHARMA,EQ,2024-02-15,"1,520.40","1,529.05","1,529.05","1,505.55","1,507.00","1,509.90","1,510.97","21,61,691","3,26,62,47,256.60","81,768","13,97,725",64.66
SUNPHARMA,EQ,2024-02-16,"1,509.90","1,515.00","1,522.00","1,504.85","1,507.55","1,509.95","1,511.95","34,80,879","5,26,29,02,002.05","1,16,957","25,69,985",73.83
SUNPHARMA,EQ,2024-02-19,"1,509.95","1,514.85","1,532.75","1,507.40","1,527.75","1,530.10","1,524.22","7,77,823","1,18,55,75,242.40","49,143","3,90,029",50.14
SUNPHARMA,EQ,2024-02-20,"1,530.10","1,532.00","1,542.00","1,512.25","1,541.00","1,538.70","1,528.16","22,30,669","3,40,88,11,809.80","1,09,568","11,92,240",53.45
SUNPHARMA,EQ,2024-02-21,"1,538.70","1,540.05","1,549.50","1,533.00","1,545.00","1,543.40","1,542.88","19,93,748","3,07,61,07,428.80","1,13,175","14,31,225",71.79
SUNPHARMA,EQ,2024-02-22,"1,543.40","1,549.60","1,561.00","1,535.00","1,553.00","1,558.05","1,549.89","19,81,678","3,07,13,77,687.70","1,28,943","10,09,641",50.95
SUNPHARMA,EQ,2024-02-23,"1,558.05","1,558.00","1,568.45","1,550.40","1,562.00","1,561.25","1,563.26","13,40,283","2,09,52,11,158.20","73,926","8,00,531",59.73
SUNPHARMA,EQ,2024-02-26,"1,561.25","1,562.00","1,566.90","1,548.70","1,554.15","1,556.95","1,556.75","9,74,892","1,51,76,60,277.05","74,034","6,57,511",67.44
SUNPHARMA,EQ,2024-02-27,"1,556.95","1,556.75","1,585.45","1,549.05","1,579.55","1,582.75","1,573.25","21,40,963","3,36,82,68,888.55","91,069","16,02,236",74.84
SUNPHARMA,EQ,2024-02-28,"1,582.75","1,586.50","1,587.45","1,562.65","1,574.00","1,573.85","1,572.07","5,78,316","90,91,50,492.85","65,823","2,92,210",50.53
SUNPHARMA,EQ,2024-02-29,"1,573.85","1,575.00","1,587.80","1,556.50","1,575.60","1,577.95","1,573.19","23,50,244","3,69,73,73,925.20","1,21,316","15,12,666",64.36
SUNPHARMA,EQ,2024-03-01,"1,577.95","1,580.00","1,581.90","1,548.05","1,562.10","1,559.25","1,564.26","40,69,161","6,36,52,34,990.65","1,58,896","30,95,366",76.07
SUNPHARMA,EQ,2024-03-02,"1,559.25","1,570.00","1,570.00","1,524.00","1,552.00","1,550.55","1,553.57","95,487","14,83,45,267.10","6,329","49,431",51.77
SUNPHARMA,EQ,2024-03-04,"1,550.55","1,550.55","1,569.10","1,548.90","1,555.00","1,552.10","1,561.11","22,98,105","3,58,76,00,027.60","1,10,033","17,99,027",78.28
SUNPHARMA,EQ,2024-03-05,"1,552.10","1,553.80","1,576.40","1,535.40","1,573.45","1,574.20","1,559.41","14,08,172","2,19,59,23,174.65","1,04,863","9,41,212",66.84
SUNPHARMA,EQ,2024-03-06,"1,574.20","1,575.00","1,606.75","1,566.40","1,605.00","1,604.00","1,591.52","17,61,032","2,80,27,10,947.60","1,11,293","10,03,587",56.99
SUNPHARMA,EQ,2024-03-07,"1,604.00","1,610.75","1,619.95","1,600.40","1,607.95","1,605.70","1,609.61","24,40,999","3,92,90,60,597.00","1,13,707","16,17,583",66.27
SUNPHARMA,EQ,2024-03-11,"1,605.70","1,615.15","1,627.00","1,586.40","1,592.15","1,593.60","1,606.51","29,94,345","4,81,04,58,256.40","1,74,790","21,34,892",71.3
SUNPHARMA,EQ,2024-03-12,"1,593.60","1,592.20","1,603.80","1,580.15","1,585.00","1,584.30","1,592.19","12,94,598","2,06,12,50,746.05","96,866","7,14,634",55.2
SUNPHARMA,EQ,2024-03-13,"1,584.30","1,581.20","1,592.20","1,544.00","1,553.15","1,558.60","1,558.73","28,81,503","4,49,14,76,203.05","1,61,943","20,48,704",71.1
SUNPHARMA,EQ,2024-03-14,"1,558.60","1,567.25","1,574.30","1,546.25","1,569.00","1,570.20","1,560.36","30,62,556","4,77,86,75,264.55","1,64,628","19,07,253",62.28
SUNPHARMA,EQ,2024-03-15,"1,570.20","1,568.75","1,573.50","1,541.20","1,553.85","1,548.20","1,549.67","34,21,374","5,30,19,93,625.75","1,41,514","24,47,738",71.54
SUNPHARMA,EQ,2024-03-18,"1,548.20","1,548.25","1,576.25","1,543.45","1,569.35","1,571.25","1,561.11","22,81,873","3,56,22,47,609.10","91,164","17,01,719",74.58
SUNPHARMA,EQ,2024-03-19,"1,571.25","1,574.00","1,579.75","1,540.40","1,547.90","1,548.45","1,562.05","36,92,624","5,76,80,45,234.80","1,91,825","28,42,811",76.99
SUNPHARMA,EQ,2024-03-20,"1,548.45","1,559.95","1,559.95","1,520.50","1,556.70","1,549.35","1,543.16","34,12,218","5,26,55,98,658.25","1,51,048","23,59,272",69.14
SUNPHARMA,EQ,2024-03-21,"1,549.35","1,564.80","1,570.85","1,542.55","1,565.05","1,565.20","1,561.45","25,67,975","4,00,97,74,599.20","1,02,738","15,94,966",62.11
SUNPHARMA,EQ,2024-03-22,"1,565.20","1,568.90","1,621.00","1,566.10","1,616.00","1,608.90","1,601.47","49,41,447","7,91,35,61,022.25","1,96,551","27,25,947",55.16
SUNPHARMA,EQ,2024-03-26,"1,608.90","1,595.05","1,614.70","1,593.10","1,602.00","1,598.10","1,602.05","36,49,049","5,84,59,65,319.15","1,46,923","24,40,477",66.88
SUNPHARMA,EQ,2024-03-27,"1,598.10","1,602.00","1,626.15","1,592.10","1,608.45","1,604.15","1,607.89","25,30,169","4,06,82,39,375.95","93,846","17,26,815",68.25
SUNPHARMA,EQ,2024-03-28,"1,604.15","1,609.95","1,634.00","1,607.95","1,627.00","1,620.55","1,623.44","44,27,587","7,18,79,19,954.90","1,46,477","22,61,922",51.09
SUNPHARMA,EQ,2024-04-01,"1,620.55","1,631.60","1,633.75","1,618.50","1,627.80","1,629.25","1,627.31","11,48,498","1,86,89,64,658.85","75,621","7,12,650",62.05
SUNPHARMA,EQ,2024-04-02,"1,629.25","1,629.25","1,633.00","1,609.90","1,624.95","1,622.25","1,620.26","19,21,533","3,11,33,91,620.20","83,602","13,70,723",71.33
SUNPHARMA,EQ,2024-04-03,"1,622.25","1,609.00","1,628.95","1,594.20","1,620.90","1,619.85","1,615.98","20,98,379","3,39,09,48,673.80","1,52,963","13,31,724",63.46
SUNPHARMA,EQ,2024-04-04,"1,619.85","1,620.90","1,628.00","1,587.15","1,622.00","1,619.35","1,611.36","24,39,461","3,93,08,59,108.70","1,76,345","8,70,127",35.67
SUNPHARMA,EQ,2024-04-05,"1,619.35","1,611.00","1,638.85","1,606.10","1,607.90","1,609.00","1,619.70","15,48,980","2,50,88,87,730.75","80,830","7,34,595",47.42
SUNPHARMA,EQ,2024-04-08,"1,609.00","1,611.00","1,618.90","1,597.00","1,599.65","1,599.70","1,604.85","11,70,390","1,87,83,02,875.50","65,923","7,99,858",68.34
SUNPHARMA,EQ,2024-04-09,"1,599.70","1,601.00","1,608.85","1,591.95","1,600.50","1,602.55","1,600.77","13,89,391","2,22,40,96,447.10","58,010","9,88,088",71.12
SUNPHARMA,EQ,2024-04-10,"1,602.55","1,603.05","1,608.50","1,583.75","1,606.00","1,604.05","1,596.15","19,28,878","3,07,87,73,254.10","1,35,080","12,02,669",62.35
SUNPHARMA,EQ,2024-04-12,"1,604.05","1,595.00","1,595.00","1,534.00","1,545.00","1,540.00","1,553.92","82,58,068","12,83,24,00,935.50","3,71,004","51,66,902",62.57
SUNPHARMA,EQ,2024-04-15,"1,540.00","1,517.60","1,544.10","1,503.80","1,538.00","1,540.05","1,529.61","24,74,028","3,78,42,99,926.85","1,42,394","13,82,219",55.87
SUNPHARMA,EQ,2024-04-16,"1,540.05","1,535.00","1,543.30","1,525.15","1,533.05","1,537.55","1,533.37","20,58,697","3,15,67,43,208.20","1,11,164","14,95,764",72.66
SUNPHARMA,EQ,2024-04-18,"1,537.55","1,545.55","1,545.55","1,506.45","1,524.80","1,516.40","1,526.80","32,66,796","4,98,77,41,435.65","2,16,739","17,06,515",52.24
SUNPHARMA,EQ,2024-04-19,"1,516.40","1,505.00","1,528.30","1,503.70","1,524.00","1,522.80","1,515.07","25,36,516","3,84,29,88,704.30","1,98,514","15,60,104",61.51
SUNPHARMA,EQ,2024-04-22,"1,522.80","1,528.45","1,548.00","1,521.95","1,547.00","1,540.10","1,533.02","16,80,307","2,57,59,40,825.00","98,519","12,29,019",73.14
SUNPHARMA,EQ,2024-04-23,"1,540.10","1,562.00","1,562.45","1,477.70","1,485.30","1,484.65","1,494.65","91,60,422","13,69,16,43,198.25","3,12,967","67,82,070",74.04
SUNPHARMA,EQ,2024-04-24,"1,484.65","1,484.65","1,503.00","1,479.35","1,490.00","1,485.75","1,490.46","46,52,803","6,93,48,30,346.55","1,82,243","34,54,195",74.24
SUNPHARMA,EQ,2024-04-25,"1,485.75","1,490.00","1,527.30","1,488.65","1,517.30","1,520.15","1,511.54","38,46,327","5,81,38,67,991.00","1,65,102","15,98,992",41.57
SUNPHARMA,EQ,2024-04-26,"1,520.15","1,531.00","1,532.00","1,500.05","1,516.00","1,506.55","1,508.52","17,94,350","2,70,68,17,601.05","1,18,735","9,05,864",50.48
SUNPHARMA,EQ,2024-04-29,"1,506.55","1,516.00","1,527.80","1,510.05","1,522.00","1,521.60","1,521.54","10,91,667","1,66,10,10,858.60","64,984","6,77,615",62.07
SUNPHARMA,EQ,2024-04-30,"1,521.60","1,527.00","1,529.15","1,497.00","1,498.60","1,502.10","1,510.72","19,91,646","3,00,88,14,733.75","1,24,955","14,99,311",75.28
SUNPHARMA,EQ,2024-05-02,"1,502.10","1,503.00","1,530.00","1,502.00","1,518.45","1,519.00","1,521.46","24,94,925","3,79,59,27,808.35","1,52,176","10,76,020",43.13
SUNPHARMA,EQ,2024-05-03,"1,519.00","1,527.00","1,537.00","1,501.50","1,507.10","1,511.15","1,514.93","31,83,226","4,82,23,56,300.40","1,24,258","18,31,688",57.54
SUNPHARMA,EQ,2024-05-06,"1,511.15","1,518.00","1,534.00","1,508.75","1,529.95","1,529.15","1,526.18","12,40,626","1,89,34,19,632.05","76,294","8,13,531",65.57
SUNPHARMA,EQ,2024-05-07,"1,529.15","1,535.95","1,543.15","1,510.10","1,513.45","1,515.35","1,525.87","15,32,550","2,33,84,71,832.30","89,794","9,06,463",59.15
SUNPHARMA,EQ,2024-05-08,"1,515.35","1,510.00","1,525.80","1,502.25","1,521.20","1,521.75","1,518.69","10,26,357","1,55,87,19,428.50","75,124","6,64,735",64.77
SUNPHARMA,EQ,2024-05-09,"1,521.75","1,521.20","1,529.95","1,489.80","1,499.80","1,494.65","1,503.17","14,77,007","2,22,01,85,917.65","1,28,337","7,31,607",49.53
SUNPHARMA,EQ,2024-05-10,"1,494.65","1,494.65","1,526.45","1,491.00","1,505.05","1,506.55","1,507.32","15,28,487","2,30,39,22,244.05","1,00,233","7,11,596",46.56
SUNPHARMA,EQ,2024-05-13,"1,506.55","1,513.00","1,530.00","1,502.00","1,525.00","1,525.05","1,515.27","16,28,326","2,46,73,46,859.10","99,352","9,67,606",59.42
SUNPHARMA,EQ,2024-05-14,"1,525.05","1,525.00","1,547.95","1,516.05","1,545.80","1,545.25","1,539.66","22,06,236","3,39,68,58,379.25","1,29,183","16,43,787",74.51
SUNPHARMA,EQ,2024-05-15,"1,545.25","1,545.25","1,550.25","1,520.35","1,527.00","1,527.40","1,527.66","12,07,536","1,84,47,06,466.75","91,231","6,96,025",57.64
SUNPHARMA,EQ,2024-05-16,"1,527.40","1,529.00","1,541.15","1,508.30","1,530.05","1,536.30","1,523.54","26,84,392","4,08,97,66,702.80","1,48,462","12,30,672",45.85
SUNPHARMA,EQ,2024-05-17,"1,536.30","1,536.00","1,537.30","1,520.15","1,529.05","1,531.40","1,531.02","13,41,676","2,05,41,35,699.00","87,488","8,36,579",62.35
SUNPHARMA,EQ,2024-05-18,"1,531.40","1,531.40","1,538.70","1,523.35","1,534.00","1,531.90","1,531.17","51,458","7,87,91,037.75","4,174","15,584",30.28
SUNPHARMA,EQ,2024-05-21,"1,531.90","1,530.00","1,558.30","1,524.00","1,533.00","1,540.95","1,541.48","17,91,791","2,76,20,06,768.40","97,633","10,24,067",57.15
SUNPHARMA,EQ,2024-05-22,"1,540.95","1,547.00","1,564.00","1,505.40","1,564.00","1,539.30","1,528.09","39,48,239","6,03,32,47,662.15","1,29,764","15,61,803",39.56
SUNPHARMA,EQ,2024-05-23,"1,539.30","1,510.00","1,510.00","1,467.00","1,497.55","1,495.10","1,485.75","1,16,18,479","17,26,20,97,838.55","3,17,843","69,19,073",59.55
SUNPHARMA,EQ,2024-05-24,"1,495.10","1,504.00","1,505.70","1,477.10","1,487.00","1,486.70","1,486.86","53,07,322","7,89,12,34,458.40","1,67,837","38,51,100",72.56
SUNPHARMA,EQ,2024-05-27,"1,486.70","1,486.70","1,501.00","1,460.55","1,470.30","1,466.05","1,476.38","34,74,806","5,13,01,28,725.20","1,55,915","23,31,678",67.1
SUNPHARMA,EQ,2024-05-28,"1,466.05","1,468.95","1,479.10","1,455.95","1,466.80","1,464.90","1,465.62","26,16,438","3,83,47,11,517.30","1,29,797","17,96,590",68.67
SUNPHARMA,EQ,2024-05-29,"1,464.90","1,468.10","1,495.00","1,465.65","1,473.00","1,478.95","1,481.10","28,43,365","4,21,13,11,106.55","1,08,789","18,44,101",64.86
SUNPHARMA,EQ,2024-05-30,"1,478.95","1,476.00","1,477.40","1,449.50","1,465.20","1,459.10","1,460.02","31,33,423","4,57,48,60,466.20","1,54,865","17,86,461",57.01
SUNPHARMA,EQ,2024-05-31,"1,459.10","1,465.00","1,479.40","1,440.00","1,463.00","1,459.80","1,455.97","55,03,924","8,01,35,26,357.25","1,76,545","30,85,961",56.07
SUNPHARMA,EQ,2024-06-03,"1,459.80","1,496.50","1,498.00","1,451.00","1,455.20","1,453.05","1,464.30","18,55,318","2,71,67,48,904.90","1,13,939","11,18,422",60.28
SUNPHARMA,EQ,2024-06-04,"1,453.05","1,461.60","1,476.30","1,377.20","1,453.80","1,429.85","1,441.96","50,55,952","7,29,04,94,008.45","1,76,500","27,39,978",54.19
SUNPHARMA,EQ,2024-06-05,"1,429.85","1,449.70","1,490.00","1,432.00","1,485.00","1,487.30","1,476.29","24,87,724","3,67,25,91,073.05","1,27,616","16,38,854",65.88
SUNPHARMA,EQ,2024-06-06,"1,487.30","1,494.00","1,494.00","1,455.05","1,474.30","1,472.70","1,467.21","30,04,955","4,40,88,90,433.50","1,88,791","13,76,051",45.79
SUNPHARMA,EQ,2024-06-07,"1,472.70","1,479.90","1,510.10","1,472.15","1,506.70","1,506.85","1,498.09","34,04,664","5,10,04,95,605.75","1,19,589","19,01,858",55.86
SUNPHARMA,EQ,2024-06-10,"1,506.85","1,519.00","1,521.70","1,505.10","1,510.00","1,513.10","1,513.71","14,33,942","2,17,05,78,866.80","61,394","7,29,080",50.84
SUNPHARMA,EQ,2024-06-11,"1,513.10","1,524.00","1,525.00","1,497.35","1,501.60","1,499.75","1,507.09","14,41,589","2,17,26,04,680.10","65,017","9,31,140",64.59
SUNPHARMA,EQ,2024-06-12,"1,499.75","1,500.00","1,514.55","1,495.85","1,504.00","1,506.85","1,507.60","9,94,784","1,49,97,41,290.50","1,00,301","5,78,560",58.16
SUNPHARMA,EQ,2024-06-13,"1,506.85","1,514.60","1,514.60","1,498.00","1,510.00","1,510.80","1,507.38","14,12,477","2,12,91,33,008.70","75,717","8,33,344",59.0
SUNPHARMA,EQ,2024-06-14,"1,510.80","1,513.85","1,518.00","1,505.55","1,515.00","1,516.00","1,514.34","9,37,490","1,41,96,81,026.15","71,782","5,05,312",53.9
SUNPHARMA,EQ,2024-06-18,"1,516.00","1,522.60","1,522.85","1,510.20","1,518.00","1,520.95","1,517.71","14,78,241","2,24,35,41,300.60","55,280","10,41,237",70.44
SUNPHARMA,EQ,2024-06-19,"1,520.95","1,524.95","1,529.85","1,500.00","1,505.00","1,504.00","1,513.64","15,37,367","2,32,70,16,599.20","87,658","8,80,375",57.27
SUNPHARMA,EQ,2024-06-20,"1,504.00","1,487.95","1,487.95","1,467.00","1,477.00","1,471.00","1,475.59","41,68,375","6,15,08,20,394.75","2,26,904","24,02,355",57.63
SUNPHARMA,EQ,2024-06-21,"1,471.00","1,480.10","1,488.00","1,460.90","1,466.85","1,467.25","1,472.19","44,26,556","6,51,67,52,630.25","2,17,835","25,19,374",56.91
SUNPHARMA,EQ,2024-06-24,"1,467.25","1,475.05","1,502.90","1,475.05","1,496.40","1,494.50","1,493.30","37,26,155","5,56,42,84,348.55","1,28,529","22,37,437",60.05
SUNPHARMA,EQ,2024-06-25,"1,494.50","1,498.05","1,508.00","1,492.30","1,501.50","1,505.20","1,500.79","18,33,311","2,75,14,10,848.15","1,16,521","13,30,370",72.57
SUNPHARMA,EQ,2024-06-26,"1,505.20","1,502.00","1,528.90","1,495.25","1,524.00","1,521.15","1,510.78","25,63,493","3,87,28,77,737.80","1,08,566","19,30,824",75.32
SUNPHARMA,EQ,2024-06-27,"1,521.15","1,525.00","1,528.05","1,505.00","1,517.00","1,516.25","1,514.00","38,81,458","5,87,65,30,452.20","2,15,039","21,52,525",55.46
SUNPHARMA,EQ,2024-06-28,"1,516.25","1,520.00","1,538.95","1,515.60","1,519.80","1,520.85","1,525.24","26,34,599","4,01,83,88,688.80","2,01,990","13,80,764",52.41
SUNPHARMA,EQ,2024-07-01,"1,520.85","1,520.85","1,530.00","1,503.85","1,513.50","1,520.10","1,512.33","14,51,094","2,19,45,30,179.05","1,46,774","10,31,874",71.11
SUNPHARMA,EQ,2024-07-02,"1,520.10","1,514.00","1,534.90","1,508.25","1,522.00","1,524.05","1,523.29","13,36,816","2,03,63,60,750.75","91,530","8,54,756",63.94
SUNPHARMA,EQ,2024-07-03,"1,524.05","1,519.35","1,536.25","1,498.30","1,530.00","1,533.95","1,524.69","10,61,099","1,61,78,50,209.50","43,868","4,72,353",44.52
SUNPHARMA,EQ,2024-07-04,"1,533.95","1,535.00","1,571.00","1,526.00","1,562.00","1,557.90","1,554.57","26,30,823","4,08,97,95,662.35","1,07,072","12,12,784",46.1
SUNPHARMA,EQ,2024-07-05,"1,557.90","1,562.00","1,574.75","1,557.00","1,567.50","1,568.40","1,567.97","24,81,046","3,89,02,16,272.35","1,33,303","12,08,887",48.72
SUNPHARMA,EQ,2024-07-08,"1,568.40","1,570.60","1,574.80","1,550.95","1,554.25","1,556.40","1,559.95","11,20,204","1,74,74,60,959.65","92,207","7,49,801",66.93
SUNPHARMA,EQ,2024-07-09,"1,556.40","1,564.80","1,589.90","1,549.80","1,583.65","1,585.40","1,573.73","14,92,840","2,34,93,32,346.20","72,512","7,71,750",51.7
SUNPHARMA,EQ,2024-07-10,"1,585.40","1,592.80","1,601.15","1,567.60","1,596.55","1,598.55","1,589.78","18,99,956","3,02,05,20,197.05","83,978","13,07,457",68.82
SUNPHARMA,EQ,2024-07-11,"1,598.55","1,601.00","1,602.50","1,572.30","1,584.95","1,581.75","1,580.33","17,07,500","2,69,84,11,683.65","88,157","7,82,006",45.8
SUNPHARMA,EQ,2024-07-12,"1,581.75","1,582.00","1,587.35","1,550.00","1,581.00","1,577.30","1,579.43","14,26,598","2,25,32,06,891.10","87,346","5,67,366",39.77
SUNPHARMA,EQ,2024-07-15,"1,577.30","1,579.95","1,594.70","1,577.30","1,581.00","1,586.20","1,588.20","8,32,804","1,32,26,61,234.85","49,598","5,38,014",64.6
SUNPHARMA,EQ,2024-07-16,"1,586.20","1,589.00","1,595.00","1,574.95","1,576.00","1,579.30","1,582.50","6,88,481","1,08,95,22,140.30","44,342","3,46,073",50.27
SUNPHARMA,EQ,2024-07-18,"1,579.30","1,575.00","1,596.60","1,570.25","1,594.55","1,594.25","1,586.55","16,65,636","2,64,26,21,459.05","1,23,097","8,26,903",49.64
SUNPHARMA,EQ,2024-07-19,"1,594.25","1,584.70","1,589.75","1,565.15","1,568.00","1,568.65","1,575.51","16,49,335","2,59,85,51,262.95","94,109","10,35,653",62.79
SUNPHARMA,EQ,2024-07-22,"1,568.65","1,555.05","1,589.50","1,555.05","1,585.00","1,587.35","1,582.45","8,26,636","1,30,81,11,660.75","72,625","4,97,959",60.24
SUNPHARMA,EQ,2024-07-23,"1,587.35","1,587.00","1,605.65","1,574.30","1,600.00","1,601.60","1,594.02","15,02,677","2,39,52,93,922.30","80,503","9,25,194",61.57
SUNPHARMA,EQ,2024-07-24,"1,601.60","1,602.00","1,624.95","1,592.00","1,623.00","1,619.45","1,615.56","29,23,358","4,72,28,58,328.90","1,00,300","20,94,170",71.64
SUNPHARMA,EQ,2024-07-25,"1,619.45","1,614.85","1,681.30","1,602.20","1,657.65","1,665.80","1,643.98","53,29,712","8,76,19,40,272.80","1,60,941","32,67,365",61.3
SUNPHARMA,EQ,2024-07-26,"1,665.80","1,670.45","1,723.80","1,665.00","1,721.00","1,714.25","1,699.64","45,91,049","7,80,31,31,798.95","1,70,732","27,53,618",59.98
SUNPHARMA,EQ,2024-07-29,"1,714.25","1,715.25","1,728.75","1,692.75","1,721.00","1,723.25","1,709.51","31,87,339","5,44,88,00,434.25","94,587","21,07,733",66.13
SUNPHARMA,EQ,2024-07-30,"1,723.25","1,716.10","1,725.45","1,697.00","1,698.00","1,701.60","1,709.65","15,25,840","2,60,86,47,114.50","89,407","10,56,844",69.26
SUNPHARMA,EQ,2024-07-31,"1,701.60","1,702.10","1,730.95","1,695.20","1,717.50","1,719.35","1,717.61","15,94,881","2,73,93,82,593.95","86,664","8,89,221",55.75
SUNPHARMA,EQ,2024-08-01,"1,719.35","1,725.50","1,746.45","1,681.30","1,714.00","1,715.20","1,717.43","52,58,291","9,03,07,69,809.65","1,98,851","16,20,145",30.81
SUNPHARMA,EQ,2024-08-02,"1,715.20","1,700.00","1,741.80","1,683.85","1,729.00","1,731.65","1,721.95","29,92,406","5,15,27,77,624.00","1,40,796","11,92,563",39.85
SUNPHARMA,EQ,2024-08-05,"1,731.65","1,725.00","1,758.00","1,715.00","1,718.05","1,720.35","1,737.68","51,65,558","8,97,61,09,902.35","1,95,151","22,05,278",42.69
SUNPHARMA,EQ,2024-08-06,"1,720.35","1,725.00","1,734.00","1,703.95","1,708.00","1,707.55","1,718.33","17,10,278","2,93,88,25,579.85","1,08,661","9,47,930",55.43
SUNPHARMA,EQ,2024-08-07,"1,707.55","1,720.00","1,736.85","1,709.40","1,732.50","1,734.45","1,730.96","19,22,313","3,32,74,50,519.75","1,21,844","13,66,055",71.06
SUNPHARMA,EQ,2024-08-08,"1,734.45","1,735.00","1,748.65","1,728.35","1,732.60","1,737.05","1,738.98","24,80,113","4,31,28,61,224.05","1,18,685","15,66,944",63.18
SUNPHARMA,EQ,2024-08-09,"1,737.05","1,749.80","1,749.80","1,730.05","1,735.25","1,735.30","1,737.77","7,51,683","1,30,62,51,800.15","70,513","4,38,833",58.38
SUNPHARMA,EQ,2024-08-12,"1,735.30","1,735.00","1,748.50","1,730.05","1,733.80","1,733.85","1,738.56","15,26,788","2,65,44,16,880.15","56,134","11,16,183",73.11
SUNPHARMA,EQ,2024-08-13,"1,733.85","1,740.00","1,751.85","1,725.60","1,738.00","1,740.10","1,741.73","20,76,963","3,61,75,11,597.75","1,13,509","14,60,864",70.34
SUNPHARMA,EQ,2024-08-14,"1,740.10","1,747.50","1,753.00","1,732.60","1,740.80","1,741.65","1,741.60","22,07,250","3,84,41,52,008.85","95,089","15,96,783",72.34
SUNPHARMA,EQ,2024-08-16,"1,741.65","1,749.60","1,751.15","1,728.65","1,742.00","1,742.75","1,737.72","21,80,718","3,78,94,77,118.75","1,60,306","14,49,541",66.47
SUNPHARMA,EQ,2024-08-19,"1,742.75","1,752.85","1,752.85","1,740.65","1,745.00","1,747.80","1,746.51","13,63,446","2,38,12,78,384.95","60,625","9,69,730",71.12
SUNPHARMA,EQ,2024-08-20,"1,747.80","1,751.80","1,770.80","1,745.15","1,764.05","1,766.35","1,759.96","17,66,597","3,10,91,33,744.30","90,223","11,26,575",63.77
SUNPHARMA,EQ,2024-08-21,"1,766.35","1,770.00","1,771.95","1,757.30","1,764.00","1,764.65","1,764.22","11,84,193","2,08,91,72,374.30","65,307","7,70,482",65.06
SUNPHARMA,EQ,2024-08-22,"1,764.65","1,769.50","1,769.50","1,748.40","1,753.00","1,750.65","1,755.63","13,69,554","2,40,44,28,089.85","89,865","10,35,400",75.6
SUNPHARMA,EQ,2024-08-23,"1,750.65","1,753.75","1,781.45","1,751.90","1,775.00","1,775.75","1,766.10","35,15,492","6,20,87,04,018.25","98,314","25,78,795",73.36
SUNPHARMA,EQ,2024-08-26,"1,775.75","1,780.00","1,780.00","1,764.50","1,770.70","1,772.45","1,772.85","9,33,372","1,65,47,27,924.70","71,159","5,27,702",56.54
SUNPHARMA,EQ,2024-08-27,"1,772.45","1,778.00","1,792.60","1,767.15","1,789.00","1,789.40","1,787.74","12,31,023","2,20,07,43,941.80","52,821","6,52,942",53.04
SUNPHARMA,EQ,2024-08-28,"1,789.40","1,796.90","1,823.00","1,786.35","1,816.80","1,811.85","1,806.91","17,68,949","3,19,63,32,228.90","92,975","10,23,805",57.88
SUNPHARMA,EQ,2024-08-29,"1,811.85","1,809.90","1,826.85","1,790.25","1,799.80","1,799.20","1,804.62","32,05,924","5,78,54,75,793.50","1,38,915","18,25,495",56.94
SUNPHARMA,EQ,2024-08-30,"1,799.20","1,798.15","1,828.15","1,791.30","1,823.35","1,821.65","1,819.60","30,36,374","5,52,49,99,622.75","94,251","18,62,422",61.34
SUNPHARMA,EQ,2024-09-02,"1,821.65","1,829.95","1,837.00","1,805.20","1,816.30","1,815.95","1,819.51","16,17,946","2,94,38,61,357.20","1,08,702","11,76,098",72.69
SUNPHARMA,EQ,2024-09-03,"1,815.95","1,820.00","1,839.55","1,805.10","1,807.85","1,811.50","1,824.84","21,48,689","3,92,10,16,821.60","1,15,219","14,30,221",66.56
SUNPHARMA,EQ,2024-09-04,"1,811.50","1,811.50","1,835.00","1,801.30","1,833.00","1,832.85","1,821.94","24,73,477","4,50,65,16,145.90","99,722","17,87,356",72.26
SUNPHARMA,EQ,2024-09-05,"1,832.85","1,833.20","1,843.90","1,820.00","1,825.05","1,826.50","1,833.61","19,02,919","3,48,92,11,644.70","1,03,900","12,56,753",66.04
SUNPHARMA,EQ,2024-09-06,"1,826.50","1,819.55","1,850.00","1,805.00","1,829.65","1,824.55","1,824.25","17,01,134","3,10,32,94,752.60","1,01,459","10,10,519",59.4
SUNPHARMA,EQ,2024-09-09,"1,824.55","1,824.55","1,835.40","1,812.85","1,817.10","1,821.85","1,819.57","15,44,883","2,81,10,16,062.50","95,530","9,80,592",63.47
SUNPHARMA,EQ,2024-09-10,"1,821.85","1,830.00","1,842.25","1,825.70","1,836.10","1,836.35","1,836.50","14,60,472","2,68,21,52,065.25","92,559","10,62,137",72.73
SUNPHARMA,EQ,2024-09-11,"1,836.35","1,836.40","1,857.50","1,831.10","1,850.90","1,845.70","1,849.65","17,01,900","3,14,79,16,923.95","91,741","10,58,074",62.17
SUNPHARMA,EQ,2024-09-12,"1,845.70","1,855.15","1,871.50","1,840.40","1,858.60","1,865.40","1,857.50","27,44,070","5,09,70,96,736.05","1,16,803","14,79,315",53.91
SUNPHARMA,EQ,2024-09-13,"1,865.40","1,865.00","1,865.00","1,851.40","1,853.00","1,853.75","1,856.53","13,22,430","2,45,51,27,939.50","55,041","8,21,754",62.14
SUNPHARMA,EQ,2024-09-16,"1,853.75","1,862.00","1,873.35","1,850.90","1,864.00","1,862.95","1,863.46","12,84,085","2,39,28,46,583.40","50,731","8,48,290",66.06
SUNPHARMA,EQ,2024-09-17,"1,862.95","1,863.00","1,869.65","1,859.25","1,865.00","1,866.10","1,865.02","7,38,265","1,37,68,76,340.20","58,493","4,99,740",67.69
SUNPHARMA,EQ,2024-09-18,"1,866.10","1,868.00","1,868.00","1,829.60","1,833.35","1,836.00","1,845.39","12,02,676","2,21,94,07,801.70","76,355","8,67,504",72.13
SUNPHARMA,EQ,2024-09-19,"1,836.00","1,845.20","1,856.00","1,835.00","1,845.55","1,846.05","1,847.03","16,75,819","3,09,52,93,177.15","96,788","8,78,320",52.41
SUNPHARMA,EQ,2024-09-20,"1,846.05","1,851.10","1,871.00","1,841.90","1,867.05","1,865.75","1,859.29","42,29,991","7,86,47,59,127.40","1,58,236","25,42,353",60.1
SUNPHARMA,EQ,2024-09-23,"1,865.75","1,867.00","1,875.00","1,857.50","1,867.00","1,862.70","1,864.23","8,12,520","1,51,47,26,214.95","60,570","4,68,789",57.7
SUNPHARMA,EQ,2024-09-24,"1,862.70","1,856.00","1,880.65","1,856.00","1,875.50","1,868.10","1,868.51","25,28,953","4,72,53,83,664.05","1,21,682","18,15,550",71.79
SUNPHARMA,EQ,2024-09-25,"1,868.10","1,874.00","1,876.00","1,858.55","1,874.20","1,870.55","1,865.62","9,56,893","1,78,52,02,242.85","85,657","6,87,327",71.83
SUNPHARMA,EQ,2024-09-26,"1,870.55","1,870.55","1,905.00","1,867.05","1,905.00","1,898.40","1,887.37","24,52,807","4,62,93,45,317.35","1,30,765","15,07,608",61.46
SUNPHARMA,EQ,2024-09-27,"1,898.40","1,917.95","1,959.30","1,915.25","1,945.00","1,948.70","1,942.82","38,09,008","7,40,02,05,786.30","1,88,087","21,30,225",55.93
SUNPHARMA,EQ,2024-09-30,"1,948.70","1,949.00","1,960.35","1,921.05","1,926.00","1,926.70","1,934.59","26,08,461","5,04,63,03,429.60","1,29,263","17,76,990",68.12
SUNPHARMA,EQ,2024-10-01,"1,926.70","1,924.85","1,934.75","1,902.35","1,920.00","1,919.95","1,913.77","12,75,678","2,44,13,53,988.50","69,135","7,94,360",62.27
SUNPHARMA,EQ,2024-10-03,"1,919.95","1,900.80","1,936.30","1,896.05","1,910.15","1,910.85","1,916.88","24,92,195","4,77,72,39,554.40","1,66,238","14,82,102",59.47
SUNPHARMA,EQ,2024-10-04,"1,910.85","1,910.85","1,952.25","1,903.65","1,907.95","1,910.05","1,925.73","27,98,189","5,38,85,48,381.05","1,65,063","14,21,504",50.8
SUNPHARMA,EQ,2024-10-07,"1,910.05","1,910.05","1,917.95","1,888.05","1,901.00","1,905.25","1,901.12","16,91,999","3,21,66,96,780.40","1,45,138","11,54,371",68.23
SUNPHARMA,EQ,2024-10-08,"1,905.25","1,904.00","1,921.45","1,901.55","1,916.00","1,917.15","1,916.24","23,09,881","4,42,62,87,502.50","2,13,338","17,14,451",74.22
SUNPHARMA,EQ,2024-10-09,"1,917.15","1,894.55","1,947.00","1,894.50","1,934.70","1,930.85","1,932.21","15,97,182","3,08,60,88,830.25","1,77,689","10,76,565",67.4
SUNPHARMA,EQ,2024-10-10,"1,930.85","1,929.60","1,937.95","1,883.90","1,894.90","1,887.75","1,901.45","23,83,012","4,53,11,84,550.15","1,48,382","15,73,959",66.05
SUNPHARMA,EQ,2024-10-11,"1,887.75","1,899.00","1,909.35","1,890.50","1,902.90","1,901.95","1,901.97","10,19,117","1,93,83,24,910.70","80,497","5,97,738",58.65
SUNPHARMA,EQ,2024-10-14,"1,901.95","1,903.00","1,915.75","1,895.10","1,907.90","1,909.75","1,906.92","6,76,879","1,29,07,55,502.15","59,416","4,25,699",62.89
SUNPHARMA,EQ,2024-10-15,"1,909.75","1,918.00","1,920.40","1,894.65","1,899.50","1,898.45","1,901.13","13,83,203","2,62,96,42,835.65","75,076","9,78,481",70.74
SUNPHARMA,EQ,2024-10-16,"1,898.45","1,908.95","1,914.70","1,887.00","1,900.20","1,898.50","1,898.48","14,01,914","2,66,15,00,978.00","81,168","8,97,124",63.99
SUNPHARMA,EQ,2024-10-17,"1,898.50","1,923.55","1,923.65","1,879.65","1,889.00","1,889.55","1,892.07","14,47,059","2,73,79,32,701.65","86,943","8,64,227",59.72
SUNPHARMA,EQ,2024-10-18,"1,889.55","1,900.00","1,917.90","1,872.70","1,907.10","1,910.35","1,906.97","12,03,693","2,29,54,07,952.55","91,186","6,87,753",57.14
SUNPHARMA,EQ,2024-10-21,"1,910.35","1,918.80","1,920.55","1,890.55","1,891.00","1,897.00","1,899.65","6,60,583","1,25,48,75,544.85","68,258","4,08,391",61.82
SUNPHARMA,EQ,2024-10-22,"1,897.00","1,892.00","1,906.00","1,881.00","1,889.80","1,887.55","1,891.19","11,92,915","2,25,60,28,948.70","1,21,969","8,91,428",74.73
SUNPHARMA,EQ,2024-10-23,"1,887.55","1,880.05","1,889.55","1,832.00","1,836.70","1,839.35","1,858.92","16,73,366","3,11,06,46,999.25","1,08,180","11,72,635",70.08
SUNPHARMA,EQ,2024-10-24,"1,839.35","1,830.00","1,859.55","1,829.45","1,849.45","1,848.90","1,846.50","17,39,776","3,21,24,91,721.80","1,21,144","12,36,164",71.05
SUNPHARMA,EQ,2024-10-25,"1,848.90","1,856.80","1,875.60","1,850.10","1,858.10","1,860.40","1,863.08","21,48,004","4,00,19,09,368.75","1,42,031","12,73,931",59.31
SUNPHARMA,EQ,2024-10-28,"1,860.40","1,863.20","1,916.00","1,835.00","1,902.00","1,902.90","1,891.11","24,45,724","4,62,51,35,412.50","1,80,221","11,39,298",46.58
SUNPHARMA,EQ,2024-10-29,"1,902.90","1,922.00","1,922.70","1,862.00","1,864.00","1,871.60","1,876.99","22,95,542","4,30,87,05,464.85","1,24,714","11,76,299",51.24
SUNPHARMA,EQ,2024-10-30,"1,871.60","1,868.50","1,880.90","1,820.00","1,856.55","1,852.10","1,849.97","19,00,203","3,51,53,25,601.70","1,03,509","9,30,716",48.98
SUNPHARMA,EQ,2024-10-31,"1,852.10","1,860.00","1,872.50","1,842.10","1,858.10","1,848.90","1,855.43","25,72,932","4,77,39,06,446.05","1,30,205","15,71,190",61.07
SUNPHARMA,EQ,2024-11-01,"1,848.90","1,860.00","1,864.95","1,831.55","1,860.00","1,858.40","1,853.87","1,07,596","19,94,69,191.60","10,095","41,351",38.43
SUNPHARMA,EQ,2024-11-04,"1,858.40","1,845.00","1,845.00","1,760.10","1,809.40","1,808.90","1,796.13","50,31,861","9,03,78,90,082.40","2,20,097","29,10,167",57.83
SUNPHARMA,EQ,2024-11-05,"1,808.90","1,805.00","1,833.00","1,799.45","1,801.50","1,803.60","1,810.14","16,58,010","3,00,12,25,238.50","97,600","10,88,333",65.64
SUNPHARMA,EQ,2024-11-06,"1,803.60","1,815.55","1,840.00","1,802.20","1,829.40","1,827.45","1,827.35","20,60,619","3,76,54,73,420.30","1,11,178","13,03,971",63.28
SUNPHARMA,EQ,2024-11-07,"1,827.45","1,845.00","1,845.00","1,778.80","1,791.00","1,790.95","1,796.17","19,09,269","3,42,93,76,546.65","94,439","11,80,195",61.81
SUNPHARMA,EQ,2024-11-08,"1,790.95","1,799.80","1,815.05","1,790.95","1,804.95","1,809.60","1,804.12","16,44,075","2,96,61,02,152.70","1,12,530","11,00,414",66.93
SUNPHARMA,EQ,2024-11-11,"1,809.60","1,817.40","1,817.65","1,791.95","1,793.55","1,794.60","1,803.06","10,69,649","1,92,86,44,373.65","80,622","6,88,018",64.32
SUNPHARMA,EQ,2024-11-12,"1,794.60","1,801.90","1,825.00","1,795.10","1,797.00","1,800.85","1,809.99","24,71,888","4,47,41,03,315.95","1,41,217","16,96,747",68.64
SUNPHARMA,EQ,2024-11-13,"1,800.85","1,791.00","1,797.30","1,770.45","1,779.00","1,779.00","1,778.64","18,10,332","3,21,99,35,072.20","1,46,361","13,21,734",73.01
SUNPHARMA,EQ,2024-11-14,"1,779.00","1,779.70","1,796.00","1,763.15","1,770.00","1,768.20","1,772.73","14,73,358","2,61,18,70,667.00","1,15,425","8,57,018",58.17
SUNPHARMA,EQ,2024-11-18,"1,768.20","1,799.00","1,799.00","1,743.20","1,746.20","1,747.75","1,756.89","15,33,025","2,69,33,53,914.25","92,390","10,01,143",65.31
SUNPHARMA,EQ,2024-11-19,"1,747.75","1,730.05","1,806.75","1,730.00","1,774.00","1,777.25","1,773.15","19,33,316","3,42,80,61,767.85","94,107","10,51,430",54.38
SUNPHARMA,EQ,2024-11-21,"1,777.25","1,772.00","1,791.45","1,758.05","1,770.80","1,780.00","1,776.19","20,14,349","3,57,78,69,248.90","1,32,692","12,30,955",61.11
SUNPHARMA,EQ,2024-11-22,"1,780.00","1,785.00","1,814.95","1,768.05","1,805.60","1,795.30","1,784.36","14,20,813","2,53,52,45,534.35","1,10,390","8,03,823",56.57
SUNPHARMA,EQ,2024-11-25,"1,795.30","1,806.00","1,830.00","1,784.15","1,810.00","1,798.90","1,798.64","31,37,448","5,64,31,24,724.85","97,994","24,12,106",76.88
SUNPHARMA,EQ,2024-11-26,"1,798.90","1,806.75","1,806.75","1,753.20","1,763.35","1,761.60","1,766.78","15,89,883","2,80,89,70,265.00","1,06,489","10,66,376",67.07
SUNPHARMA,EQ,2024-11-27,"1,761.60","1,760.10","1,778.60","1,740.25","1,751.30","1,749.45","1,751.63","19,82,546","3,47,26,94,232.70","1,09,946","15,03,477",75.84
SUNPHARMA,EQ,2024-11-28,"1,749.45","1,749.45","1,760.70","1,723.40","1,741.90","1,734.25","1,734.68","30,71,758","5,32,85,25,582.40","1,87,282","20,06,748",65.33
SUNPHARMA,EQ,2024-11-29,"1,734.25","1,742.90","1,795.80","1,739.20","1,784.00","1,780.90","1,779.49","24,27,677","4,32,00,30,145.30","1,17,137","12,65,888",52.14
SUNPHARMA,EQ,2024-12-02,"1,780.90","1,800.00","1,814.00","1,792.15","1,806.20","1,808.55","1,804.89","19,48,045","3,51,60,01,370.50","1,28,728","12,90,196",66.23
SUNPHARMA,EQ,2024-12-03,"1,808.55","1,831.25","1,832.00","1,788.35","1,801.55","1,800.05","1,801.21","15,43,970","2,78,10,13,966.25","1,19,898","10,45,323",67.7
SUNPHARMA,EQ,2024-12-04,"1,800.05","1,810.50","1,814.85","1,785.00","1,801.90","1,800.20","1,796.87","23,20,116","4,16,89,45,117.30","1,22,884","17,34,656",74.77
SUNPHARMA,EQ,2024-12-05,"1,800.20","1,808.70","1,825.95","1,775.40","1,809.75","1,813.45","1,806.19","27,42,263","4,95,30,42,949.45","1,36,512","15,05,377",54.9
SUNPHARMA,EQ,2024-12-06,"1,813.45","1,815.85","1,823.95","1,801.00","1,803.35","1,804.85","1,810.85","15,90,478","2,88,01,11,571.25","92,526","12,14,046",76.33
SUNPHARMA,EQ,2024-12-09,"1,804.85","1,814.80","1,819.95","1,796.70","1,807.00","1,806.65","1,805.07","15,28,215","2,75,85,42,637.10","87,464","9,86,227",64.53
SUNPHARMA,EQ,2024-12-10,"1,806.65","1,821.00","1,823.00","1,796.00","1,809.00","1,809.95","1,806.43","20,43,634","3,69,16,85,524.15","93,165","14,64,385",71.66
SUNPHARMA,EQ,2024-12-11,"1,809.95","1,824.30","1,826.35","1,805.05","1,807.00","1,814.00","1,817.92","17,45,911","3,17,39,27,722.50","1,26,556","11,86,526",67.96
SUNPHARMA,EQ,2024-12-12,"1,814.00","1,819.00","1,820.00","1,798.05","1,804.65","1,805.45","1,806.84","10,82,394","1,95,57,07,913.00","83,646","4,90,587",45.32
SUNPHARMA,EQ,2024-12-13,"1,805.45","1,804.75","1,816.80","1,774.05","1,811.75","1,813.45","1,802.26","13,91,111","2,50,71,39,333.35","91,928","7,65,157",55.0
SUNPHARMA,EQ,2024-12-16,"1,813.45","1,818.70","1,822.50","1,792.35","1,810.50","1,809.80","1,805.90","14,83,330","2,67,87,39,504.65","90,665","10,33,622",69.68
SUNPHARMA,EQ,2024-12-17,"1,809.80","1,810.00","1,815.75","1,783.10","1,793.95","1,789.05","1,793.87","16,08,164","2,88,48,33,280.05","1,03,244","11,40,885",70.94
SUNPHARMA,EQ,2024-12-18,"1,789.05","1,798.00","1,822.45","1,792.80","1,799.00","1,801.05","1,807.21","17,32,860","3,13,16,37,177.60","79,595","8,70,075",50.21
SUNPHARMA,EQ,2024-12-19,"1,801.05","1,801.00","1,829.40","1,790.80","1,821.30","1,823.30","1,811.99","19,24,091","3,48,64,36,403.55","86,354","10,38,239",53.96
SUNPHARMA,EQ,2024-12-20,"1,823.30","1,823.30","1,825.95","1,794.10","1,810.00","1,808.85","1,808.39","25,13,418","4,54,52,27,986.85","93,747","15,78,176",62.79
SUNPHARMA,EQ,2024-12-23,"1,808.85","1,811.00","1,828.00","1,796.65","1,816.00","1,814.60","1,815.74","12,99,181","2,35,89,80,371.55","87,238","8,05,254",61.98
SUNPHARMA,EQ,2024-12-24,"1,814.60","1,814.90","1,831.75","1,803.15","1,817.10","1,819.00","1,821.33","11,21,058","2,04,18,20,268.40","54,616","7,26,531",64.81
SUNPHARMA,EQ,2024-12-26,"1,819.00","1,820.00","1,845.05","1,814.40","1,845.05","1,841.35","1,831.56","14,02,706","2,56,91,39,389.25","83,247","7,70,171",54.91
SUNPHARMA,EQ,2024-12-27,"1,841.35","1,845.50","1,866.00","1,836.75","1,864.55","1,861.25","1,854.45","16,68,898","3,09,48,95,602.65","85,991","8,23,568",49.35
SUNPHARMA,EQ,2024-12-30,"1,861.25","1,862.05","1,895.75","1,855.00","1,871.35","1,883.90","1,882.14","60,21,550","11,33,33,98,612.85","1,59,547","48,32,702",80.26
SUNPHARMA,EQ,2024-12-31,"1,883.90","1,876.80","1,910.00","1,868.80","1,890.00","1,886.35","1,892.70","18,44,944","3,49,19,31,810.90","1,20,055","11,63,582",63.07
SUNPHARMA,EQ,2025-01-01,"1,886.35","1,889.90","1,902.95","1,878.65","1,894.00","1,889.95","1,889.72","13,38,092","2,52,86,24,030.30","1,00,504","6,99,316",52.26
SUNPHARMA,EQ,2025-01-02,"1,889.95","1,892.00","1,896.00","1,864.95","1,874.10","1,878.00","1,875.01","25,07,223","4,70,10,57,374.65","1,31,175","16,76,282",66.86
SUNPHARMA,EQ,2025-01-03,"1,878.00","1,878.00","1,884.00","1,844.00","1,848.65","1,849.65","1,856.13","15,15,825","2,81,35,73,076.15","95,862","9,25,468",61.05
SUNPHARMA,EQ,2025-01-06,"1,849.65","1,850.50","1,856.50","1,825.65","1,849.20","1,847.40","1,842.37","13,97,724","2,57,51,23,913.35","90,738","9,28,147",66.4
SUNPHARMA,EQ,2025-01-07,"1,847.40","1,848.55","1,865.00","1,845.65","1,852.00","1,853.40","1,854.80","16,15,649","2,99,67,00,179.35","88,612","10,95,805",67.82
SUNPHARMA,EQ,2025-01-08,"1,853.40","1,862.60","1,862.60","1,829.20","1,832.80","1,837.75","1,843.27","12,98,188","2,39,29,04,907.00","88,906","8,74,578",67.37
SUNPHARMA,EQ,2025-01-09,"1,837.75","1,841.00","1,841.00","1,814.00","1,830.05","1,826.35","1,825.63","11,99,181","2,18,92,62,927.95","89,141","6,84,965",57.12
SUNPHARMA,EQ,2025-01-10,"1,826.35","1,825.45","1,834.60","1,772.75","1,788.00","1,784.80","1,790.23","8,57,827","1,53,57,05,132.60","81,728","4,26,079",49.67
SUNPHARMA,EQ,2025-01-13,"1,784.80","1,784.60","1,785.55","1,742.45","1,746.70","1,746.90","1,753.28","16,45,287","2,88,46,42,962.50","1,08,552","10,96,133",66.62
SUNPHARMA,EQ,2025-01-14,"1,746.90","1,755.00","1,784.05","1,742.10","1,774.50","1,770.85","1,765.21","19,62,645","3,46,44,88,089.15","1,10,439","11,78,633",60.05
SUNPHARMA,EQ,2025-01-15,"1,770.85","1,772.80","1,775.00","1,747.70","1,759.00","1,756.85","1,755.04","8,57,867","1,50,55,93,983.65","1,15,106","5,36,896",62.58
SUNPHARMA,EQ,2025-01-16,"1,756.85","1,775.05","1,775.60","1,740.80","1,770.00","1,763.30","1,758.21","21,80,496","3,83,37,73,968.05","1,17,647","13,55,284",62.15
SUNPHARMA,EQ,2025-01-17,"1,763.30","1,779.00","1,791.95","1,767.60","1,789.50","1,786.55","1,782.40","11,63,986","2,07,46,88,452.75","1,40,164","7,73,806",66.48
SUNPHARMA,EQ,2025-01-20,"1,786.55","1,789.35","1,800.45","1,768.30","1,773.00","1,778.25","1,780.44","13,41,246","2,38,80,10,504.35","1,05,815","9,49,982",70.83
SUNPHARMA,EQ,2025-01-21,"1,778.25","1,772.10","1,805.75","1,759.50","1,764.40","1,762.70","1,779.79","24,89,267","4,43,03,68,916.75","2,19,225","11,51,538",46.26
SUNPHARMA,EQ,2025-01-22,"1,762.70","1,777.00","1,803.60","1,773.85","1,794.00","1,798.95","1,791.87","22,62,270","4,05,37,00,740.00","1,52,791","13,87,803",61.35
SUNPHARMA,EQ,2025-01-23,"1,798.95","1,788.10","1,839.75","1,786.05","1,839.00","1,833.60","1,827.01","19,74,760","3,60,79,09,005.25","1,08,457","11,74,439",59.47
SUNPHARMA,EQ,2025-01-24,"1,833.60","1,829.00","1,843.10","1,808.20","1,818.00","1,822.20","1,822.24","12,77,935","2,32,87,04,517.75","97,990","6,37,647",49.9
SUNPHARMA,EQ,2025-01-27,"1,822.20","1,818.10","1,824.25","1,774.30","1,787.95","1,786.85","1,792.29","14,52,975","2,60,41,52,979.60","79,585","9,24,449",63.62
SUNPHARMA,EQ,2025-01-28,"1,786.85","1,779.80","1,780.00","1,693.10","1,711.00","1,705.50","1,709.81","59,72,497","10,21,18,19,341.20","2,42,788","34,72,848",58.15
SUNPHARMA,EQ,2025-01-29,"1,705.50","1,705.50","1,744.00","1,696.00","1,742.45","1,735.35","1,720.49","14,33,336","2,46,60,46,060.35","1,08,718","8,87,418",61.91
SUNPHARMA,EQ,2025-01-30,"1,735.35","1,740.45","1,760.30","1,725.30","1,737.15","1,739.10","1,735.63","20,17,991","3,50,24,88,735.30","1,11,431","12,57,229",62.3
SUNPHARMA,EQ,2025-01-31,"1,739.10","1,742.00","1,769.85","1,706.05","1,752.85","1,743.95","1,748.23","42,75,269","7,47,41,54,393.60","1,53,868","23,94,358",56.0
SUNPHARMA,EQ,2025-02-01,"1,743.95","1,740.00","1,789.00","1,733.30","1,747.15","1,742.20","1,761.16","14,77,972","2,60,29,40,220.00","63,080","3,85,512",26.08
SUNPHARMA,EQ,2025-02-03,"1,742.20","1,781.45","1,785.90","1,710.55","1,737.85","1,740.60","1,740.56","22,10,231","3,84,70,31,992.20","1,09,211","11,22,123",50.77
SUNPHARMA,EQ,2025-02-04,"1,740.60","1,749.30","1,776.25","1,740.65","1,759.35","1,765.25","1,761.59","27,96,294","4,92,59,33,170.50","1,37,826","17,58,794",62.9
SUNPHARMA,EQ,2025-02-05,"1,765.25","1,773.80","1,773.80","1,735.20","1,753.00","1,752.75","1,750.73","17,87,905","3,13,01,38,575.90","1,35,779","11,53,070",64.49
SUNPHARMA,EQ,2025-02-06,"1,752.75","1,753.00","1,768.35","1,736.30","1,747.00","1,742.00","1,745.04","34,21,791","5,97,11,58,801.35","1,35,591","22,07,814",64.52
SUNPHARMA,EQ,2025-02-07,"1,742.00","1,751.40","1,753.00","1,727.30","1,745.90","1,749.80","1,742.41","13,71,545","2,38,97,95,845.35","1,12,551","8,54,631",62.31
SUNPHARMA,EQ,2025-02-10,"1,749.80","1,741.25","1,750.00","1,723.70","1,733.85","1,732.10","1,731.73","12,37,839","2,14,36,07,797.05","74,098","7,81,633",63.14
SUNPHARMA,EQ,2025-02-11,"1,732.10","1,725.20","1,734.20","1,695.05","1,701.60","1,699.75","1,707.99","27,79,274","4,74,69,76,667.10","1,25,678","19,69,874",70.88
SUNPHARMA,EQ,2025-02-12,"1,699.75","1,706.45","1,714.95","1,688.05","1,690.05","1,693.85","1,699.34","17,57,284","2,98,62,14,898.00","1,15,784","9,55,023",54.35
SUNPHARMA,EQ,2025-02-13,"1,693.85","1,700.00","1,752.75","1,699.95","1,745.00","1,746.35","1,737.56","27,50,390","4,77,89,76,918.30","1,66,093","16,80,752",61.11
SUNPHARMA,EQ,2025-02-14,"1,746.35","1,747.35","1,748.95","1,685.00","1,702.00","1,700.50","1,703.77","21,23,774","3,61,84,14,927.40","1,12,475","14,26,290",67.16
SUNPHARMA,EQ,2025-02-17,"1,700.50","1,700.50","1,735.35","1,696.05","1,711.15","1,714.20","1,716.94","22,77,889","3,91,10,08,495.50","1,39,350","12,17,267",53.44
SUNPHARMA,EQ,2025-02-18,"1,714.20","1,714.20","1,729.75","1,698.40","1,699.95","1,701.60","1,707.63","21,63,972","3,69,52,61,421.80","92,879","14,01,175",64.75
SUNPHARMA,EQ,2025-02-19,"1,701.60","1,665.10","1,699.00","1,647.10","1,677.65","1,676.60","1,679.62","25,76,319","4,32,72,33,254.05","1,15,915","12,85,255",49.89
SUNPHARMA,EQ,2025-02-20,"1,676.60","1,667.15","1,677.95","1,663.00","1,671.00","1,669.30","1,669.12","16,70,915","2,78,89,58,521.70","68,447","11,86,669",71.02
SUNPHARMA,EQ,2025-02-21,"1,669.30","1,678.05","1,684.40","1,632.00","1,638.00","1,643.75","1,648.03","22,44,190","3,69,84,85,746.15","94,096","16,12,886",71.87
SUNPHARMA,EQ,2025-02-24,"1,643.75","1,629.75","1,669.90","1,627.05","1,636.85","1,639.50","1,644.99","23,57,441","3,87,79,64,629.85","1,56,933","14,78,424",62.71
SUNPHARMA,EQ,2025-02-25,"1,639.50","1,639.50","1,647.80","1,606.25","1,611.55","1,613.60","1,617.00","28,36,717","4,58,69,61,004.80","1,70,963","20,40,458",71.93
SUNPHARMA,EQ,2025-02-27,"1,613.60","1,628.95","1,653.10","1,605.05","1,642.00","1,647.50","1,630.63","27,44,489","4,47,52,33,087.80","1,75,577","19,81,435",72.2
SUNPHARMA,EQ,2025-02-28,"1,647.50","1,671.00","1,671.00","1,586.40","1,590.00","1,593.25","1,609.13","35,49,979","5,71,23,76,639.65","1,21,234","21,86,335",61.59
SUNPHARMA,EQ,2025-03-03,"1,593.25","1,585.30","1,607.40","1,582.20","1,584.00","1,585.10","1,593.32","14,25,492","2,27,12,67,747.65","1,15,852","9,08,658",63.74
SUNPHARMA,EQ,2025-03-04,"1,585.10","1,585.00","1,590.00","1,556.00","1,565.00","1,566.50","1,565.41","17,17,135","2,68,80,25,381.15","97,950","11,26,445",65.6
SUNPHARMA,EQ,2025-03-05,"1,566.50","1,564.60","1,586.30","1,553.05","1,575.40","1,582.45","1,575.69","24,28,171","3,82,60,47,128.55","1,46,455","18,46,350",76.04
SUNPHARMA,EQ,2025-03-06,"1,582.45","1,598.25","1,617.90","1,572.55","1,615.00","1,614.00","1,602.53","24,58,676","3,94,01,12,445.20","1,62,041","14,39,679",58.56
SUNPHARMA,EQ,2025-03-07,"1,614.00","1,624.00","1,628.75","1,605.65","1,607.00","1,609.30","1,612.48","9,80,890","1,58,16,69,240.80","51,154","6,25,781",63.8
SUNPHARMA,EQ,2025-03-10,"1,609.30","1,621.95","1,641.45","1,602.75","1,610.00","1,611.50","1,613.27","16,00,589","2,58,21,83,090.20","70,049","9,03,557",56.45
SUNPHARMA,EQ,2025-03-11,"1,611.50","1,616.10","1,663.60","1,605.35","1,657.00","1,655.30","1,650.11","33,25,416","5,48,72,86,322.75","1,18,882","18,86,620",56.73
SUNPHARMA,EQ,2025-03-12,"1,655.30","1,662.00","1,680.25","1,658.05","1,675.00","1,676.85","1,671.60","23,89,362","3,99,40,65,056.90","1,23,342","17,79,581",74.48
SUNPHARMA,EQ,2025-03-13,"1,676.85","1,672.00","1,687.15","1,663.45","1,679.85","1,683.45","1,680.12","16,66,929","2,80,06,36,698.70","99,956","11,12,994",66.77
SUNPHARMA,EQ,2025-03-17,"1,683.45","1,694.05","1,720.15","1,688.35","1,703.90","1,704.30","1,707.41","25,88,408","4,41,94,82,127.25","1,26,527","18,58,195",71.79
SUNPHARMA,EQ,2025-03-18,"1,704.30","1,714.35","1,752.00","1,700.00","1,748.75","1,747.80","1,732.94","27,30,980","4,73,26,19,646.40","92,703","20,13,074",73.71
SUNPHARMA,EQ,2025-03-19,"1,747.80","1,747.80","1,748.00","1,726.30","1,732.65","1,732.35","1,732.84","21,67,448","3,75,58,38,761.65","1,04,318","15,53,967",71.7
SUNPHARMA,EQ,2025-03-20,"1,732.35","1,735.65","1,757.15","1,722.90","1,754.00","1,750.25","1,747.27","16,02,232","2,79,95,35,658.85","90,275","10,75,335",67.11
SUNPHARMA,EQ,2025-03-21,"1,750.25","1,759.00","1,792.80","1,750.25","1,790.00","1,784.50","1,780.49","24,83,162","4,42,12,47,417.40","91,718","16,39,386",66.02
SUNPHARMA,EQ,2025-03-24,"1,784.50","1,794.50","1,820.00","1,777.60","1,784.00","1,784.80","1,789.04","11,82,084","2,11,47,91,320.70","73,428","7,78,083",65.82
SUNPHARMA,EQ,2025-03-25,"1,784.80","1,784.80","1,795.95","1,758.50","1,761.00","1,764.75","1,770.77","14,71,028","2,60,48,52,598.05","86,803","6,75,303",45.91
SUNPHARMA,EQ,2025-03-26,"1,764.75","1,767.95","1,770.80","1,746.10","1,750.05","1,758.95","1,756.72","17,62,361","3,09,59,78,071.15","94,260","11,89,376",67.49
SUNPHARMA,EQ,2025-03-27,"1,758.95","1,751.00","1,752.30","1,720.00","1,734.35","1,731.45","1,728.71","32,79,881","5,66,99,74,285.25","1,37,932","21,35,932",65.12
SUNPHARMA,EQ,2025-03-28,"1,731.45","1,731.45","1,741.35","1,705.20","1,733.95","1,734.70","1,725.59","19,56,781","3,37,66,11,044.05","81,975","12,77,401",65.28
SUNPHARMA,EQ,2025-04-01,"1,734.70","1,731.00","1,733.95","1,681.60","1,698.30","1,698.35","1,703.36","41,42,445","7,05,60,55,656.00","1,77,054","27,64,836",66.74
SUNPHARMA,EQ,2025-04-02,"1,698.35","1,695.00","1,718.45","1,685.90","1,713.95","1,713.65","1,708.74","33,69,489","5,75,75,93,865.60","1,09,070","25,92,204",76.93
SUNPHARMA,EQ,2025-04-03,"1,713.65","1,755.00","1,812.70","1,750.00","1,772.00","1,770.00","1,784.75","57,15,573","10,20,08,82,418.55","2,28,089","34,00,689",59.5
SUNPHARMA,EQ,2025-04-04,"1,770.00","1,778.85","1,778.85","1,658.05","1,705.00","1,709.35","1,703.68","53,45,276","9,10,66,54,027.50","2,28,975","30,82,111",57.66
SUNPHARMA,EQ,2025-04-07,"1,709.35","1,620.10","1,692.00","1,620.10","1,677.10","1,666.35","1,658.96","57,15,334","9,48,15,03,895.75","2,21,015","39,13,806",68.48
SUNPHARMA,EQ,2025-04-08,"1,666.35","1,645.00","1,709.85","1,645.00","1,691.00","1,688.35","1,686.60","28,07,382","4,73,49,39,348.00","1,15,400","13,37,571",47.64
SUNPHARMA,EQ,2025-04-09,"1,688.35","1,650.00","1,679.75","1,640.00","1,651.75","1,652.20","1,664.27","34,81,864","5,79,47,51,799.85","1,52,924","24,58,178",70.6
SUNPHARMA,EQ,2025-04-11,"1,652.20","1,710.00","1,737.00","1,682.10","1,687.90","1,687.55","1,698.06","38,01,939","6,45,59,20,619.90","2,44,225","24,16,754",63.57
SUNPHARMA,EQ,2025-04-15,"1,687.55","1,720.00","1,724.50","1,696.80","1,705.20","1,705.00","1,707.12","19,93,085","3,40,24,32,599.20","82,756","14,38,361",72.17
SUNPHARMA,EQ,2025-04-16,"1,705.00","1,691.10","1,702.70","1,682.10","1,691.00","1,693.10","1,689.80","22,05,374","3,72,66,35,637.50","1,06,358","15,54,304",70.48
SUNPHARMA,EQ,2025-04-17,"1,693.10","1,695.00","1,758.00","1,687.40","1,757.00","1,751.50","1,733.13","26,83,908","4,65,15,66,818.30","1,15,404","15,79,682",58.86
SUNPHARMA,EQ,2025-04-21,"1,751.50","1,761.00","1,761.00","1,731.30","1,746.40","1,744.90","1,744.70","15,39,511","2,68,59,83,207.90","68,239","9,07,556",58.95
SUNPHARMA,EQ,2025-04-22,"1,744.90","1,751.00","1,755.00","1,734.50","1,748.40","1,747.40","1,744.40","9,61,907","1,67,79,53,862.90","51,087","5,09,668",52.99
SUNPHARMA,EQ,2025-04-23,"1,747.40","1,754.20","1,791.30","1,742.10","1,785.20","1,788.80","1,775.91","14,71,029","2,61,24,09,586.10","60,572","8,21,857",55.87
SUNPHARMA,EQ,2025-04-24,"1,788.80","1,790.00","1,807.90","1,773.90","1,806.90","1,803.90","1,795.82","21,01,177","3,77,33,26,510.10","82,971","12,40,436",59.04
SUNPHARMA,EQ,2025-04-25,"1,803.90","1,806.00","1,815.50","1,764.20","1,781.80","1,787.40","1,786.91","20,36,801","3,63,95,71,164.30","88,999","11,49,628",56.44
SUNPHARMA,EQ,2025-04-28,"1,787.40","1,787.40","1,846.00","1,781.20","1,842.20","1,841.60","1,830.08","32,16,482","5,88,64,25,863.20","1,14,701","23,48,194",73.01
SUNPHARMA,EQ,2025-04-29,"1,841.60","1,845.00","1,846.00","1,797.00","1,800.20","1,805.50","1,816.34","28,86,160","5,24,22,46,980.60","1,25,295","19,01,355",65.88
SUNPHARMA,EQ,2025-04-30,"1,805.50","1,810.00","1,838.90","1,803.30","1,821.60","1,832.30","1,830.15","26,67,314","4,88,15,71,584.90","99,419","17,02,688",63.84
SUNPHARMA,EQ,2025-05-02,"1,832.30","1,832.30","1,851.20","1,813.80","1,825.00","1,829.40","1,830.45","23,10,897","4,22,99,82,097.00","1,01,579","14,92,848",64.6
SUNPHARMA,EQ,2025-05-05,"1,829.40","1,827.80","1,843.30","1,821.40","1,834.20","1,836.60","1,835.35","12,19,830","2,23,88,16,267.90","65,058","7,95,788",65.24
SUNPHARMA,EQ,2025-05-06,"1,836.60","1,820.00","1,827.90","1,799.00","1,819.00","1,819.10","1,816.93","14,14,772","2,57,05,45,159.60","61,418","8,48,747",59.99
SUNPHARMA,EQ,2025-05-07,"1,819.10","1,817.90","1,826.40","1,778.70","1,780.90","1,781.30","1,790.26","20,15,237","3,60,78,04,178.10","80,343","12,47,576",61.91
SUNPHARMA,EQ,2025-05-08,"1,781.30","1,781.30","1,788.90","1,755.00","1,755.00","1,767.20","1,770.18","26,47,871","4,68,72,05,153.60","1,13,625","15,94,370",60.21
SUNPHARMA,EQ,2025-05-09,"1,767.20","1,751.90","1,766.30","1,731.70","1,748.00","1,744.80","1,744.80","11,48,956","2,00,46,99,070.20","72,955","6,74,040",58.67
SUNPHARMA,EQ,2025-05-12,"1,744.80","1,695.70","1,712.40","1,623.60","1,689.90","1,686.20","1,672.49","92,21,075","15,42,21,17,345.50","2,78,210","46,86,689",50.83
SUNPHARMA,EQ,2025-05-13,"1,686.20","1,711.00","1,748.50","1,691.30","1,702.20","1,700.00","1,706.46","69,88,329","11,92,53,08,735.00","2,58,135","40,32,920",57.71
SUNPHARMA,EQ,2025-05-14,"1,700.00","1,702.00","1,711.40","1,692.10","1,710.20","1,708.20","1,703.41","16,39,324","2,79,24,49,090.10","82,274","10,30,277",62.85
SUNPHARMA,EQ,2025-05-15,"1,708.20","1,701.10","1,744.40","1,684.10","1,738.30","1,740.10","1,720.52","38,80,385","6,67,62,83,657.40","1,46,890","20,99,534",54.11
SUNPHARMA,EQ,2025-05-16,"1,740.10","1,740.00","1,741.60","1,719.00","1,730.00","1,734.90","1,732.12","14,48,249","2,50,85,37,705.60","92,593","7,85,798",54.26
SUNPHARMA,EQ,2025-05-19,"1,734.90","1,745.00","1,765.00","1,726.60","1,729.00","1,730.20","1,740.99","20,74,023","3,61,08,45,209.60","1,05,230","12,74,712",61.46
SUNPHARMA,EQ,2025-05-20,"1,730.20","1,743.80","1,748.00","1,703.30","1,714.00","1,707.80","1,716.16","27,06,777","4,64,52,60,502.90","1,13,019","19,33,363",71.43
SUNPHARMA,EQ,2025-05-21,"1,707.80","1,716.40","1,758.70","1,707.80","1,732.00","1,731.80","1,737.63","27,54,306","4,78,59,60,056.20","84,640","13,07,555",47.47
SUNPHARMA,EQ,2025-05-22,"1,731.80","1,734.20","1,740.00","1,707.20","1,724.70","1,718.70","1,717.48","26,70,554","4,58,66,18,230.00","88,389","14,86,439",55.66
SUNPHARMA,EQ,2025-05-23,"1,718.70","1,658.00","1,689.50","1,636.60","1,689.10","1,683.60","1,668.62","83,39,783","13,91,59,33,663.10","4,09,880","54,45,069",65.29
SUNPHARMA,EQ,2025-05-26,"1,683.60","1,693.10","1,702.40","1,667.00","1,679.10","1,676.10","1,676.52","22,82,131","3,82,60,44,956.40","1,94,713","13,52,771",59.28
SUNPHARMA,EQ,2025-05-27,"1,676.10","1,676.10","1,692.00","1,661.10","1,681.50","1,683.40","1,679.81","28,00,622","4,70,45,03,192.10","1,34,384","16,22,707",57.94
SUNPHARMA,EQ,2025-05-28,"1,683.40","1,683.40","1,686.90","1,663.00","1,664.00","1,666.40","1,673.47","26,57,712","4,44,76,03,093.80","90,629","18,55,752",69.83
SUNPHARMA,EQ,2025-05-29,"1,666.40","1,675.00","1,703.30","1,670.40","1,699.50","1,699.80","1,690.66","23,77,583","4,01,96,78,075.30","1,26,101","14,59,692",61.39
SUNPHARMA,EQ,2025-05-30,"1,699.80","1,702.00","1,713.60","1,669.10","1,674.90","1,677.60","1,684.07","36,40,641","6,13,10,78,417.30","91,398","26,11,830",71.74
SUNPHARMA,EQ,2025-06-02,"1,677.60","1,679.00","1,683.50","1,660.50","1,676.00","1,674.60","1,673.82","18,19,538","3,04,55,87,489.20","96,565","13,04,180",71.68
SUNPHARMA,EQ,2025-06-03,"1,674.60","1,695.00","1,695.00","1,657.60","1,667.50","1,667.50","1,668.00","25,56,920","4,26,49,41,895.00","1,10,838","15,41,709",60.3
SUNPHARMA,EQ,2025-06-04,"1,667.50","1,656.00","1,669.00","1,649.00","1,664.00","1,664.90","1,661.81","17,00,482","2,82,58,80,489.20","64,433","10,20,975",60.04
SUNPHARMA,EQ,2025-06-05,"1,664.90","1,662.00","1,694.30","1,662.00","1,681.00","1,683.10","1,680.75","20,37,073","3,42,38,04,103.70","97,217","12,03,563",59.08
SUNPHARMA,EQ,2025-06-06,"1,683.10","1,685.00","1,689.00","1,669.00","1,680.90","1,679.20","1,676.45","25,00,047","4,19,12,08,633.50","98,471","18,52,030",74.08
SUNPHARMA,EQ,2025-06-09,"1,679.20","1,679.90","1,698.80","1,673.30","1,693.40","1,694.40","1,682.02","25,89,656","4,35,58,55,573.00","62,270","19,79,519",76.44
SUNPHARMA,EQ,2025-06-10,"1,694.40","1,701.80","1,706.90","1,677.70","1,690.00","1,688.80","1,687.48","23,69,135","3,99,78,60,997.70","73,620","14,95,109",63.11
SUNPHARMA,EQ,2025-06-11,"1,688.80","1,694.80","1,695.00","1,679.30","1,692.00","1,690.60","1,687.50","19,99,978","3,37,49,55,992.70","67,440","13,33,427",66.67
SUNPHARMA,EQ,2025-06-12,"1,690.60","1,694.90","1,727.50","1,681.10","1,684.70","1,687.40","1,705.02","35,88,365","6,11,82,17,309.20","1,44,723","15,68,676",43.72
SUNPHARMA,EQ,2025-06-13,"1,687.40","1,666.80","1,700.00","1,661.10","1,688.00","1,687.80","1,684.16","24,04,272","4,04,91,80,141.30","96,514","15,94,376",66.31
SUNPHARMA,EQ,2025-06-16,"1,687.80","1,665.00","1,689.80","1,655.70","1,679.00","1,685.30","1,680.76","22,49,326","3,78,05,66,432.50","69,715","12,19,348",54.21
SUNPHARMA,EQ,2025-06-17,"1,685.30","1,680.00","1,681.70","1,641.10","1,653.10","1,650.20","1,652.12","54,08,285","8,93,51,61,142.20","1,93,310","34,34,579",63.51
SUNPHARMA,EQ,2025-06-18,"1,650.20","1,645.00","1,661.30","1,638.50","1,645.30","1,648.00","1,648.60","14,55,885","2,40,01,76,169.70","78,099","7,65,864",52.6
SUNPHARMA,EQ,2025-06-19,"1,648.00","1,648.10","1,655.30","1,636.00","1,644.40","1,647.60","1,646.85","16,96,525","2,79,39,27,225.40","74,612","7,96,786",46.97
SUNPHARMA,EQ,2025-06-20,"1,647.60","1,647.60","1,670.00","1,645.60","1,663.20","1,665.10","1,663.61","25,67,882","4,27,19,66,103.20","59,436","19,10,139",74.39
SUNPHARMA,EQ,2025-06-23,"1,665.10","1,663.20","1,667.00","1,647.20","1,663.00","1,662.50","1,658.10","8,40,643","1,39,38,66,514.80","46,191","4,83,519",57.52
SUNPHARMA,EQ,2025-06-24,"1,662.50","1,670.50","1,686.40","1,658.80","1,665.00","1,661.70","1,669.85","20,66,326","3,45,04,50,084.10","90,398","11,91,123",57.64
SUNPHARMA,EQ,2025-06-25,"1,661.70","1,661.70","1,678.80","1,658.10","1,669.00","1,669.60","1,670.93","13,72,945","2,29,40,93,649.40","67,271","8,71,169",63.45
SUNPHARMA,EQ,2025-06-26,"1,669.60","1,674.80","1,678.90","1,650.40","1,666.10","1,669.80","1,664.16","21,02,627","3,49,91,12,694.40","78,646","10,94,463",52.05
SUNPHARMA,EQ,2025-06-27,"1,669.80","1,670.20","1,695.70","1,668.20","1,692.00","1,687.60","1,683.43","53,13,904","8,94,55,59,886.40","98,881","44,48,718",83.72
SUNPHARMA,EQ,2025-06-30,"1,687.60","1,696.00","1,704.50","1,671.60","1,675.00","1,675.70","1,684.24","21,60,184","3,63,82,75,380.30","99,877","13,00,768",60.22
SUNPHARMA,EQ,2025-07-01,"1,675.70","1,675.70","1,684.30","1,657.50","1,666.50","1,667.20","1,665.08","32,98,070","5,49,15,57,208.70","1,49,658","25,27,176",76.63
SUNPHARMA,EQ,2025-07-02,"1,667.20","1,656.00","1,682.00","1,656.00","1,678.10","1,677.50","1,676.12","16,11,046","2,70,03,01,188.60","72,532","9,80,289",60.85
SUNPHARMA,EQ,2025-07-03,"1,677.50","1,677.50","1,692.80","1,674.50","1,676.40","1,679.70","1,683.28","15,53,777","2,61,54,37,352.00","73,380","8,67,956",55.86
SUNPHARMA,EQ,2025-07-04,"1,679.70","1,686.70","1,686.70","1,671.60","1,675.90","1,676.30","1,678.29","12,64,399","2,12,20,24,469.60","64,590","8,01,478",63.39
SUNPHARMA,EQ,2025-07-07,"1,676.30","1,674.70","1,682.40","1,663.00","1,680.50","1,679.90","1,674.99","15,50,620","2,59,72,79,741.70","66,273","10,80,708",69.7
SUNPHARMA,EQ,2025-07-08,"1,679.90","1,680.00","1,682.00","1,649.10","1,670.80","1,672.50","1,664.92","18,60,328","3,09,72,90,160.50","82,280","11,16,891",60.04
SUNPHARMA,EQ,2025-07-09,"1,672.50","1,660.00","1,680.80","1,647.00","1,665.10","1,669.40","1,671.13","21,78,705","3,64,09,08,368.80","1,08,925","14,96,444",68.69
SUNPHARMA,EQ,2025-07-10,"1,669.40","1,662.00","1,670.60","1,647.20","1,663.20","1,662.50","1,660.17","17,41,718","2,89,15,52,810.60","70,440","11,26,424",64.67
SUNPHARMA,EQ,2025-07-11,"1,662.50","1,665.80","1,679.90","1,662.20","1,674.30","1,672.00","1,671.87","12,98,302","2,17,05,90,253.70","63,532","8,65,585",66.67
SUNPHARMA,EQ,2025-07-14,"1,672.00","1,680.40","1,696.90","1,675.50","1,681.70","1,682.60","1,686.39","13,09,704","2,20,86,73,202.40","51,067","6,74,525",51.5
SUNPHARMA,EQ,2025-07-15,"1,682.60","1,705.00","1,730.90","1,687.90","1,729.00","1,727.50","1,714.48","33,32,578","5,71,36,24,478.10","1,30,400","16,28,399",48.86
SUNPHARMA,EQ,2025-07-16,"1,727.50","1,730.00","1,731.30","1,698.00","1,704.00","1,701.00","1,710.08","22,85,143","3,90,77,76,021.20","1,84,052","14,82,911",64.89
SUNPHARMA,EQ,2025-07-17,"1,701.00","1,704.00","1,717.00","1,696.00","1,702.50","1,703.40","1,708.31","14,61,039","2,49,59,11,170.00","1,18,201","8,46,696",57.95
SUNPHARMA,EQ,2025-07-18,"1,703.40","1,709.00","1,709.40","1,686.70","1,694.40","1,693.60","1,694.36","12,53,929","2,12,46,04,411.40","72,733","7,25,877",57.89
SUNPHARMA,EQ,2025-07-21,"1,693.60","1,681.10","1,701.40","1,677.50","1,689.40","1,692.30","1,692.28","23,90,289","4,04,50,31,437.80","1,47,440","16,01,990",67.02
SUNPHARMA,EQ,2025-07-22,"1,692.30","1,686.10","1,693.10","1,672.80","1,682.90","1,678.00","1,678.35","12,44,491","2,08,86,86,374.70","57,827","8,41,847",67.65
SUNPHARMA,EQ,2025-07-23,"1,678.00","1,678.50","1,689.60","1,671.40","1,685.00","1,682.50","1,680.96","12,29,173","2,06,61,86,938.90","66,722","7,43,774",60.51
SUNPHARMA,EQ,2025-07-24,"1,682.50","1,682.50","1,696.00","1,680.10","1,692.00","1,692.00","1,690.17","10,79,045","1,82,37,73,047.70","66,402","5,87,078",54.41
SUNPHARMA,EQ,2025-07-25,"1,692.00","1,690.00","1,702.00","1,682.20","1,702.00","1,699.00","1,696.86","10,88,592","1,84,71,86,555.20","65,972","5,41,887",49.78
SUNPHARMA,EQ,2025-07-28,"1,699.00","1,702.10","1,710.10","1,693.90","1,699.00","1,702.20","1,702.18","21,68,507","3,69,11,82,921.80","96,153","14,07,359",64.9
SUNPHARMA,EQ,2025-07-29,"1,702.20","1,698.00","1,718.00","1,697.10","1,717.80","1,710.50","1,710.83","13,25,544","2,26,77,80,754.80","53,405","7,84,726",59.2
SUNPHARMA,EQ,2025-07-30,"1,710.50","1,720.00","1,740.50","1,712.10","1,736.30","1,733.80","1,731.27","23,18,723","4,01,43,44,951.70","80,072","14,07,835",60.72
SUNPHARMA,EQ,2025-07-31,"1,733.80","1,715.50","1,748.00","1,694.00","1,700.00","1,706.70","1,722.95","32,33,087","5,57,04,31,348.00","1,69,600","12,57,064",38.88
SUNPHARMA,EQ,2025-08-01,"1,706.70","1,690.00","1,695.00","1,608.00","1,629.30","1,629.70","1,633.46","87,74,548","14,33,28,71,551.20","3,62,608","53,31,024",60.76
SUNPHARMA,EQ,2025-08-04,"1,629.70","1,629.80","1,647.40","1,613.60","1,638.40","1,641.60","1,633.68","18,98,762","3,10,19,68,420.50","1,18,559","10,64,059",56.04
SUNPHARMA,EQ,2025-08-05,"1,641.60","1,640.90","1,644.60","1,620.10","1,631.90","1,632.10","1,629.69","16,22,897","2,64,48,17,467.40","83,135","9,39,669",57.9
SUNPHARMA,EQ,2025-08-06,"1,632.10","1,629.70","1,629.70","1,591.00","1,593.50","1,595.20","1,610.41","23,76,257","3,82,67,52,194.40","91,874","15,10,047",63.55
SUNPHARMA,EQ,2025-08-07,"1,595.20","1,581.00","1,605.40","1,571.00","1,599.50","1,598.40","1,586.24","34,35,674","5,44,97,90,527.60","1,12,526","19,88,160",57.87
SUNPHARMA,EQ,2025-08-08,"1,598.40","1,590.00","1,602.00","1,580.90","1,587.80","1,586.90","1,588.74","16,54,424","2,62,84,48,657.30","67,799","9,96,419",60.23
SUNPHARMA,EQ,2025-08-11,"1,586.90","1,586.90","1,660.00","1,584.20","1,611.70","1,608.40","1,603.12","11,40,902","1,82,90,07,088.70","66,080","7,19,838",63.09
SUNPHARMA,EQ,2025-08-12,"1,608.40","1,611.70","1,636.70","1,610.10","1,626.50","1,622.20","1,623.85","16,79,088","2,72,65,82,366.20","64,939","10,11,457",60.24
SUNPHARMA,EQ,2025-08-13,"1,622.20","1,624.20","1,643.50","1,617.30","1,640.90","1,639.80","1,634.96","13,13,668","2,14,78,00,640.70","47,081","8,04,014",61.2
SUNPHARMA,EQ,2025-08-14,"1,639.80","1,639.80","1,651.10","1,632.20","1,638.60","1,641.40","1,639.72","17,38,094","2,84,99,89,291.30","60,185","10,66,227",61.34
SUNPHARMA,EQ,2025-08-18,"1,641.40","1,649.60","1,649.60","1,625.40","1,632.10","1,632.70","1,633.61","30,80,173","5,03,18,12,946.90","1,22,031","22,21,951",72.14
SUNPHARMA,EQ,2025-08-19,"1,632.70","1,632.80","1,638.00","1,619.10","1,638.00","1,626.60","1,625.73","26,56,391","4,31,85,83,985.50","1,43,744","20,26,534",76.29
SUNPHARMA,EQ,2025-08-20,"1,626.60","1,634.00","1,636.50","1,616.00","1,635.00","1,633.10","1,627.27","18,31,706","2,98,06,88,953.00","89,768","12,95,276",70.71
SUNPHARMA,EQ,2025-08-21,"1,633.10","1,630.80","1,652.50","1,623.90","1,642.50","1,640.20","1,640.52","17,27,099","2,83,33,33,834.90","70,216","11,11,104",64.33
SUNPHARMA,EQ,2025-08-22,"1,640.20","1,642.00","1,651.40","1,635.10","1,639.50","1,641.80","1,644.95","20,98,310","3,45,16,20,026.40","1,03,869","14,28,641",68.09
SUNPHARMA,EQ,2025-08-25,"1,641.80","1,649.20","1,660.50","1,634.00","1,658.00","1,656.70","1,648.53","19,04,984","3,14,04,28,404.30","76,383","13,41,705",70.43
SUNPHARMA,EQ,2025-08-26,"1,656.70","1,645.00","1,647.40","1,596.20","1,601.20","1,600.30","1,609.85","45,02,371","7,24,81,46,510.00","1,81,857","27,42,262",60.91
SUNPHARMA,EQ,2025-08-28,"1,600.30","1,593.10","1,600.00","1,567.60","1,587.90","1,585.70","1,580.01","49,93,739","7,89,01,61,881.60","1,78,923","33,03,012",66.14
SUNPHARMA,EQ,2025-08-29,"1,585.70","1,581.00","1,601.70","1,575.80","1,595.70","1,594.50","1,592.22","31,76,534","5,05,77,29,740.10","1,31,996","20,01,198",63.0
SUNPHARMA,EQ,2025-09-01,"1,594.50","1,599.00","1,600.20","1,556.20","1,564.00","1,563.30","1,566.60","93,66,820","14,67,40,80,758.80","1,56,372","75,82,188",80.95
SUNPHARMA,EQ,2025-09-02,"1,563.30","1,566.00","1,570.30","1,558.00","1,564.70","1,565.20","1,563.86","28,55,840","4,46,61,33,724.50","1,06,657","18,04,356",63.18
SUNPHARMA,EQ,2025-09-03,"1,565.20","1,562.10","1,581.10","1,558.30","1,579.90","1,578.70","1,572.65","20,91,370","3,28,89,99,359.40","86,241","12,99,654",62.14
SUNPHARMA,EQ,2025-09-04,"1,578.70","1,597.00","1,597.00","1,561.00","1,581.00","1,582.30","1,574.22","22,98,657","3,61,85,88,413.70","96,595","13,63,100",59.3
SUNPHARMA,EQ,2025-09-05,"1,582.30","1,582.40","1,599.30","1,575.50","1,592.90","1,593.60","1,588.21","18,14,479","2,88,17,77,269.40","53,060","11,30,060",62.28
SUNPHARMA,EQ,2025-09-08,"1,593.60","1,597.60","1,604.50","1,578.20","1,580.00","1,581.00","1,589.97","13,69,139","2,17,68,92,094.20","52,220","8,92,967",65.22
SUNPHARMA,EQ,2025-09-09,"1,581.00","1,580.00","1,597.00","1,577.50","1,594.00","1,591.70","1,586.90","17,09,406","2,71,26,48,009.90","45,519","8,67,606",50.75
SUNPHARMA,EQ,2025-09-10,"1,591.70","1,592.10","1,601.60","1,582.40","1,594.60","1,593.40","1,592.35","24,08,379","3,83,49,79,672.70","88,579","15,48,816",64.31
SUNPHARMA,EQ,2025-09-11,"1,593.40","1,592.50","1,617.00","1,591.00","1,608.90","1,609.70","1,607.23","17,62,484","2,83,27,08,940.50","66,195","9,90,316",56.19
SUNPHARMA,EQ,2025-09-12,"1,609.70","1,610.00","1,622.50","1,603.10","1,610.20","1,616.60","1,615.46","18,78,894","3,03,52,87,314.20","52,998","10,57,359",56.28
SUNPHARMA,EQ,2025-09-15,"1,616.60","1,616.60","1,617.10","1,595.40","1,601.50","1,602.00","1,606.19","20,05,917","3,22,18,74,135.40","1,05,073","14,12,831",70.43
SUNPHARMA,EQ,2025-09-16,"1,602.00","1,602.50","1,615.00","1,600.00","1,611.00","1,610.50","1,607.61","14,80,567","2,38,01,77,490.30","83,157","9,88,616",66.77
SUNPHARMA,EQ,2025-09-17,"1,610.50","1,612.60","1,622.10","1,607.40","1,620.80","1,620.20","1,615.16","21,28,406","3,43,77,07,744.30","53,352","14,00,492",65.8
SUNPHARMA,EQ,2025-09-18,"1,620.20","1,635.10","1,651.30","1,627.70","1,648.50","1,648.60","1,640.32","18,32,386","3,00,57,07,256.80","64,581","8,32,740",45.45
SUNPHARMA,EQ,2025-09-19,"1,648.60","1,648.60","1,668.10","1,643.10","1,658.00","1,656.00","1,656.51","31,91,406","5,28,65,90,629.40","83,455","22,01,271",68.97
SUNPHARMA,EQ,2025-09-22,"1,656.00","1,650.00","1,657.90","1,635.30","1,636.50","1,644.00","1,645.34","17,85,320","2,93,74,62,349.80","56,322","10,94,411",61.3
SUNPHARMA,EQ,2025-09-23,"1,644.00","1,643.20","1,644.00","1,625.10","1,632.80","1,631.20","1,633.78","19,67,731","3,21,48,30,325.50","1,03,928","12,46,110",63.33
SUNPHARMA,EQ,2025-09-24,"1,631.20","1,630.00","1,635.90","1,625.00","1,626.80","1,627.10","1,629.95","11,31,058","1,84,35,62,407.60","52,593","7,21,895",63.82
SUNPHARMA,EQ,2025-09-25,"1,627.10","1,627.90","1,642.80","1,622.70","1,625.00","1,627.40","1,631.69","27,62,750","4,50,79,47,621.80","97,266","18,60,519",67.34
SUNPHARMA,EQ,2025-09-26,"1,627.40","1,585.00","1,602.90","1,548.00","1,585.00","1,586.70","1,579.57","72,56,759","11,46,25,53,711.20","3,23,315","35,96,338",49.56
SUNPHARMA,EQ,2025-09-29,"1,586.70","1,581.00","1,618.90","1,580.00","1,599.00","1,589.30","1,595.86","41,80,922","6,67,21,55,474.00","1,20,424","28,80,249",68.89
SUNPHARMA,EQ,2025-09-30,"1,589.30","1,589.10","1,604.30","1,586.00","1,598.00","1,594.30","1,595.73","22,57,443","3,60,22,63,212.70","1,42,340","15,92,795",70.56
SUNPHARMA,EQ,2025-10-01,"1,594.30","1,611.90","1,651.50","1,611.90","1,639.00","1,636.20","1,632.09","31,09,095","5,07,43,19,855.30","1,12,643","16,63,798",53.51
SUNPHARMA,EQ,2025-10-03,"1,636.20","1,600.00","1,645.50","1,600.00","1,632.00","1,631.20","1,624.25","40,41,865","6,56,50,00,344.40","1,17,636","28,12,438",69.58
SUNPHARMA,EQ,2025-10-06,"1,631.20","1,630.00","1,659.70","1,620.00","1,653.30","1,654.70","1,646.65","17,56,916","2,89,30,19,630.60","63,552","11,20,724",63.79
SUNPHARMA,EQ,2025-10-07,"1,654.70","1,649.40","1,663.00","1,647.00","1,655.50","1,653.10","1,654.55","21,74,852","3,59,84,02,691.00","72,158","14,39,860",66.2
SUNPHARMA,EQ,2025-10-08,"1,653.10","1,645.00","1,655.00","1,629.00","1,631.10","1,631.60","1,639.14","18,46,507","3,02,66,75,494.40","60,204","11,91,934",64.55
SUNPHARMA,EQ,2025-10-09,"1,631.60","1,645.00","1,662.30","1,632.40","1,654.60","1,658.50","1,650.89","21,97,566","3,62,79,31,105.00","74,600","12,23,338",55.67
SUNPHARMA,EQ,2025-10-10,"1,658.50","1,655.00","1,676.60","1,649.00","1,670.00","1,670.90","1,667.02","14,54,056","2,42,39,47,453.80","56,724","7,67,920",52.81
SUNPHARMA,EQ,2025-10-13,"1,670.90","1,662.50","1,675.00","1,655.80","1,666.80","1,668.40","1,665.56","13,75,179","2,29,04,48,266.10","51,423","8,91,836",64.85
SUNPHARMA,EQ,2025-10-14,"1,668.40","1,667.60","1,669.90","1,646.20","1,652.10","1,654.40","1,655.96","21,08,287","3,49,12,33,351.60","78,881","12,51,849",59.38
SUNPHARMA,EQ,2025-10-15,"1,654.40","1,652.50","1,668.70","1,650.10","1,652.70","1,655.10","1,659.04","20,88,737","3,46,52,98,596.30","74,773","14,72,277",70.49
SUNPHARMA,EQ,2025-10-16,"1,655.10","1,654.00","1,662.90","1,643.20","1,656.40","1,659.00","1,651.92","28,95,957","4,78,38,96,929.70","88,190","23,20,750",80.14
SUNPHARMA,EQ,2025-10-17,"1,659.00","1,658.20","1,692.00","1,656.70","1,678.10","1,679.10","1,678.86","15,94,147","2,67,63,47,202.70","46,686","9,12,602",57.25
SUNPHARMA,EQ,2025-10-20,"1,679.10","1,684.90","1,696.90","1,682.80","1,687.60","1,688.60","1,690.74","16,47,622","2,78,56,96,098.70","59,079","10,21,183",61.98
SUNPHARMA,EQ,2025-10-21,"1,688.60","1,690.00","1,696.00","1,684.00","1,684.00","1,690.50","1,691.45","74,296","12,56,67,651.70","6,234","42,357",57.1
SUNPHARMA,EQ,2025-10-23,"1,690.50","1,705.00","1,712.00","1,682.20","1,695.00","1,689.90","1,696.58","26,87,094","4,55,88,80,345.70","1,02,461","18,02,683",67.09
SUNPHARMA,EQ,2025-10-24,"1,689.90","1,690.00","1,701.90","1,686.00","1,696.50","1,699.00","1,695.87","9,94,307","1,68,62,19,973.60","37,261","6,08,759",61.22
SUNPHARMA,EQ,2025-10-27,"1,699.00","1,701.00","1,708.50","1,690.00","1,694.90","1,693.60","1,694.51","20,67,904","3,50,40,75,902.30","70,214","13,93,118",67.37
SUNPHARMA,EQ,2025-10-28,"1,693.60","1,692.00","1,702.70","1,679.20","1,692.80","1,687.00","1,687.76","24,40,939","4,11,97,23,102.50","1,15,817","15,59,335",63.88
SUNPHARMA,EQ,2025-10-29,"1,687.00","1,690.00","1,722.00","1,687.30","1,710.00","1,715.90","1,712.48","10,16,738","1,74,11,47,604.10","53,215","5,77,665",56.82
SUNPHARMA,EQ,2025-10-30,"1,715.90","1,715.80","1,716.90","1,680.10","1,701.00","1,703.40","1,697.33","19,86,233","3,37,13,00,594.20","53,721","12,41,516",62.51
SUNPHARMA,EQ,2025-10-31,"1,703.40","1,700.00","1,705.00","1,686.80","1,691.00","1,690.70","1,694.77","15,60,918","2,64,53,95,136.00","57,399","10,07,122",64.52
SUNPHARMA,EQ,2025-11-03,"1,690.70","1,688.20","1,712.80","1,681.20","1,706.60","1,706.40","1,700.86","10,99,955","1,87,08,65,995.10","66,768","6,29,062",57.19
SUNPHARMA,EQ,2025-11-04,"1,706.40","1,707.00","1,711.20","1,682.20","1,702.70","1,690.00","1,689.70","15,97,993","2,70,01,34,809.50","69,263","10,38,733",65.0
SUNPHARMA,EQ,2025-11-06,"1,690.00","1,699.00","1,723.90","1,667.00","1,686.00","1,685.90","1,692.12","33,89,867","5,73,60,74,739.20","1,09,525","17,00,433",50.16
SUNPHARMA,EQ,2025-11-07,"1,685.90","1,694.00","1,710.00","1,683.10","1,692.70","1,691.40","1,692.91","15,12,908","2,56,12,16,151.00","59,783","7,50,184",49.59
SUNPHARMA,EQ,2025-11-10,"1,691.40","1,697.50","1,703.10","1,685.80","1,692.80","1,697.80","1,696.74","12,35,665","2,09,65,99,832.10","57,380","7,84,413",63.48
SUNPHARMA,EQ,2025-11-11,"1,697.80","1,701.60","1,719.00","1,695.00","1,719.00","1,716.10","1,707.49","13,15,353","2,24,59,51,680.50","63,980","7,84,851",59.67
SUNPHARMA,EQ,2025-11-12,"1,716.10","1,721.40","1,744.10","1,710.20","1,733.00","1,732.10","1,731.35","18,33,097","3,17,37,31,087.80","87,893","10,89,426",59.43
SUNPHARMA,EQ,2025-11-13,"1,732.10","1,734.50","1,747.80","1,725.40","1,737.90","1,737.40","1,738.76","17,27,602","3,00,38,79,371.50","98,434","11,05,829",64.01
SUNPHARMA,EQ,2025-11-14,"1,737.40","1,737.40","1,760.10","1,734.70","1,755.00","1,757.10","1,752.44","16,67,322","2,92,18,86,946.20","76,895","11,70,855",70.22
SUNPHARMA,EQ,2025-11-17,"1,757.10","1,765.80","1,768.00","1,747.70","1,764.00","1,763.90","1,760.29","14,30,618","2,51,82,99,050.20","57,594","9,08,929",63.53
SUNPHARMA,EQ,2025-11-18,"1,763.90","1,764.00","1,764.50","1,750.00","1,759.50","1,758.80","1,757.88","14,29,522","2,51,29,26,399.20","68,012","9,44,633",66.08
SUNPHARMA,EQ,2025-11-19,"1,758.80","1,762.00","1,790.30","1,751.10","1,786.50","1,784.10","1,780.63","21,31,124","3,79,47,46,306.70","77,851","14,19,633",66.61
SUNPHARMA,EQ,2025-11-20,"1,784.10","1,790.00","1,792.00","1,773.10","1,776.80","1,777.40","1,779.52","15,13,894","2,69,40,11,205.90","92,396","9,82,180",64.88
SUNPHARMA,EQ,2025-11-21,"1,777.40","1,778.00","1,787.40","1,773.70","1,782.70","1,779.70","1,779.36","21,99,311","3,91,33,63,499.80","1,05,515","17,23,197",78.35
SUNPHARMA,EQ,2025-11-24,"1,779.70","1,785.90","1,785.90","1,771.80","1,782.00","1,780.80","1,779.46","34,34,492","6,11,15,31,098.50","75,407","26,24,479",76.42
SUNPHARMA,EQ,2025-11-25,"1,780.80","1,785.00","1,792.10","1,766.10","1,767.80","1,776.80","1,782.02","18,48,114","3,29,33,79,741.50","81,893","12,29,894",66.55
SUNPHARMA,EQ,2025-11-26,"1,776.80","1,775.50","1,806.90","1,773.60","1,805.50","1,804.90","1,796.22","11,58,948","2,08,17,21,104.30","59,574","6,73,708",58.13
SUNPHARMA,EQ,2025-11-27,"1,804.90","1,802.10","1,814.90","1,802.10","1,809.50","1,810.30","1,811.18","29,02,053","5,25,61,51,678.60","72,954","23,73,074",81.77
SUNPHARMA,EQ,2025-11-28,"1,810.30","1,810.30","1,833.00","1,807.50","1,832.00","1,831.60","1,824.62","16,23,103","2,96,15,41,704.40","75,151","10,57,389",65.15
SUNPHARMA,EQ,2025-12-01,"1,831.60","1,841.00","1,849.00","1,801.00","1,809.00","1,807.40","1,813.24","18,69,293","3,38,94,71,341.60","90,208","11,25,549",60.21
SUNPHARMA,EQ,2025-12-02,"1,807.40","1,804.00","1,814.90","1,788.60","1,804.90","1,799.50","1,797.04","29,48,688","5,29,89,16,752.90","81,274","20,67,538",70.12
SUNPHARMA,EQ,2025-12-03,"1,799.50","1,805.00","1,816.00","1,782.50","1,803.00","1,806.70","1,798.78","21,14,510","3,80,35,37,503.70","69,470","14,13,209",66.83
SUNPHARMA,EQ,2025-12-04,"1,806.70","1,808.40","1,823.20","1,798.30","1,813.70","1,818.30","1,813.77","17,13,961","3,10,87,39,244.30","80,509","11,20,042",65.35
SUNPHARMA,EQ,2025-12-05,"1,818.30","1,819.00","1,820.20","1,800.20","1,805.00","1,805.30","1,807.51","17,77,401","3,21,26,76,828.70","73,764","12,12,533",68.22
SUNPHARMA,EQ,2025-12-08,"1,805.30","1,805.30","1,806.00","1,785.70","1,794.90","1,796.20","1,795.15","24,10,074","4,32,64,36,545.90","83,796","16,58,133",68.8
SUNPHARMA,EQ,2025-12-09,"1,796.20","1,796.00","1,801.20","1,772.00","1,774.20","1,776.00","1,785.37","24,01,728","4,28,79,83,738.50","92,205","15,06,135",62.71
SUNPHARMA,EQ,2025-12-10,"1,776.00","1,787.90","1,791.70","1,767.90","1,788.50","1,785.50","1,780.60","23,21,746","4,13,41,11,472.50","93,159","17,19,314",74.05
SUNPHARMA,EQ,2025-12-11,"1,785.50","1,778.00","1,810.50","1,775.10","1,807.00","1,807.20","1,798.06","12,80,916","2,30,31,64,558.40","56,389","8,43,120",65.82
SUNPHARMA,EQ,2025-12-12,"1,807.20","1,808.00","1,811.80","1,791.00","1,794.20","1,793.50","1,798.37","14,42,309","2,59,37,98,717.00","65,597","10,51,905",72.93
SUNPHARMA,EQ,2025-12-15,"1,793.50","1,779.00","1,804.60","1,777.60","1,797.10","1,797.10","1,790.31","13,96,948","2,50,09,65,159.50","77,261","9,57,150",68.52
SUNPHARMA,EQ,2025-12-16,"1,797.10","1,790.00","1,791.90","1,778.30","1,783.20","1,781.30","1,784.82","15,33,979","2,73,78,81,656.50","86,772","10,16,878",66.29
SUNPHARMA,EQ,2025-12-17,"1,781.30","1,781.00","1,797.60","1,771.50","1,789.50","1,792.90","1,787.62","19,10,628","3,41,54,85,604.30","1,00,983","14,23,814",74.52
SUNPHARMA,EQ,2025-12-18,"1,792.90","1,785.00","1,785.00","1,736.00","1,746.00","1,745.90","1,747.03","34,61,351","6,04,70,88,657.00","1,82,076","23,53,457",67.99
SUNPHARMA,EQ,2025-12-19,"1,745.90","1,747.00","1,760.00","1,741.20","1,745.50","1,744.90","1,746.75","27,68,986","4,83,67,24,716.50","77,946","20,54,389",74.19
SUNPHARMA,EQ,2025-12-22,"1,744.90","1,744.90","1,773.20","1,743.10","1,771.50","1,769.80","1,762.72","14,67,257","2,58,63,58,736.70","81,361","10,78,558",73.51
SUNPHARMA,EQ,2025-12-23,"1,769.80","1,772.00","1,774.60","1,751.70","1,753.40","1,755.90","1,763.78","11,24,853","1,98,39,92,874.40","46,712","7,37,464",65.56
SUNPHARMA,EQ,2025-12-24,"1,755.90","1,755.90","1,759.00","1,719.00","1,737.90","1,737.00","1,735.44","22,24,786","3,86,09,88,802.40","86,875","14,19,582",63.81
SUNPHARMA,EQ,2025-12-26,"1,737.00","1,737.00","1,737.00","1,708.00","1,720.00","1,719.50","1,716.05","25,07,337","4,30,27,18,010.20","1,01,172","14,44,889",57.63
SUNPHARMA,EQ,2025-12-29,"1,719.50","1,719.50","1,727.50","1,710.30","1,718.00","1,717.20","1,720.24","18,00,816","3,09,78,41,347.80","68,826","12,38,928",68.8
SUNPHARMA,EQ,2025-12-30,"1,717.20","1,723.10","1,723.10","1,707.00","1,720.00","1,720.20","1,717.43","26,39,497","4,53,31,47,074.40","1,02,167","20,30,102",76.91
SUNPHARMA,EQ,2025-12-31,"1,720.20","1,720.20","1,725.60","1,715.50","1,720.00","1,719.70","1,720.23","14,28,439","2,45,72,49,596.70","77,219","10,29,019",72.04
TATASTEEL,EQ,2023-01-02,112.65,114.4,119.7,113.75,119.1,119.25,117.82,"14,34,44,095","16,89,99,38,209.60","4,81,935","4,70,23,511",32.78
TATASTEEL,EQ,2023-01-03,119.25,119.8,120.5,117.75,118.5,118.45,119.04,"7,44,19,090","8,85,90,42,586.45","2,79,140","2,00,27,658",26.91
TATASTEEL,EQ,2023-01-04,118.45,118.75,119.05,115.35,115.45,115.75,116.56,"5,56,34,568","6,48,48,36,352.55","2,19,447","1,79,54,484",32.27
TATASTEEL,EQ,2023-01-05,115.75,116.5,117.0,114.5,116.8,116.55,115.74,"5,88,06,907","6,80,60,57,647.80","2,38,074","1,86,65,056",31.74
TATASTEEL,EQ,2023-01-06,116.55,117.0,117.85,115.25,115.6,115.65,116.57,"5,85,51,863","6,82,53,54,273.05","1,87,180","2,01,67,939",34.44
TATASTEEL,EQ,2023-01-09,115.65,116.9,118.1,116.55,117.6,117.55,117.54,"3,77,63,131","4,43,86,28,753.10","1,84,045","1,30,17,072",34.47
TATASTEEL,EQ,2023-01-10,117.55,117.65,119.75,117.55,118.7,118.85,118.63,"5,67,50,710","6,73,23,75,346.95","2,06,267","2,32,67,439",41.0
TATASTEEL,EQ,2023-01-11,118.85,119.45,120.35,118.0,118.6,118.85,119.04,"4,93,21,252","5,87,12,10,496.25","1,82,298","1,80,92,757",36.68
TATASTEEL,EQ,2023-01-12,118.85,118.95,119.25,117.6,117.9,118.1,118.16,"3,37,40,024","3,98,67,28,182.75","1,27,108","1,19,15,232",35.31
TATASTEEL,EQ,2023-01-13,118.1,118.55,121.6,118.15,120.35,120.45,120.31,"6,88,84,010","8,28,73,20,121.45","2,42,859","2,28,41,088",33.16
TATASTEEL,EQ,2023-01-16,120.45,121.45,121.45,118.8,119.65,119.95,119.8,"4,43,62,359","5,31,44,17,958.05","1,78,138","2,09,17,533",47.15
TATASTEEL,EQ,2023-01-17,119.95,119.75,119.9,118.0,119.3,119.35,119.0,"2,78,80,531","3,31,77,31,473.65","1,17,336","1,01,16,199",36.28
TATASTEEL,EQ,2023-01-18,119.35,120.0,123.0,120.0,122.2,122.45,122.08,"6,47,49,065","7,90,44,67,813.20","2,36,724","2,02,32,228",31.25
TATASTEEL,EQ,2023-01-19,122.45,121.8,124.3,121.15,123.5,123.55,123.39,"5,35,64,076","6,60,93,06,267.85","2,38,773","2,10,75,519",39.35
TATASTEEL,EQ,2023-01-20,123.55,123.4,124.2,122.0,122.9,122.95,123.27,"3,77,84,498","4,65,76,78,101.50","1,60,324","1,46,83,427",38.86
TATASTEEL,EQ,2023-01-23,122.95,123.4,123.85,121.5,121.8,122.0,122.6,"2,86,01,260","3,50,64,07,861.10","1,33,056","1,08,80,240",38.04
TATASTEEL,EQ,2023-01-24,122.0,122.5,122.55,120.1,120.4,120.4,121.01,"2,77,07,765","3,35,30,43,685.55","1,37,675","1,09,64,423",39.57
TATASTEEL,EQ,2023-01-25,120.4,120.35,122.25,120.1,121.0,121.0,120.91,"4,65,22,102","5,62,48,60,373.10","1,52,844","2,03,99,060",43.85
TATASTEEL,EQ,2023-01-27,121.0,121.9,123.25,119.1,120.65,120.65,121.04,"5,87,71,746","7,11,37,14,095.55","1,93,540","2,77,90,525",47.29
TATASTEEL,EQ,2023-01-30,120.65,120.45,121.1,116.9,118.65,118.75,118.48,"4,65,51,837","5,51,53,00,590.95","1,97,879","1,96,06,847",42.12
TATASTEEL,EQ,2023-01-31,118.75,118.75,120.45,117.75,119.6,119.7,119.48,"4,39,86,769","5,25,55,11,455.05","1,65,252","2,02,13,553",45.95
TATASTEEL,EQ,2023-02-01,119.7,120.1,124.15,119.3,122.05,122.05,122.17,"7,29,19,626","8,90,82,55,658.10","2,18,692","2,45,93,935",33.73
TATASTEEL,EQ,2023-02-02,122.05,121.95,122.5,118.4,120.0,119.95,119.7,"3,87,68,010","4,64,06,08,722.05","1,56,869","1,51,56,490",39.1
TATASTEEL,EQ,2023-02-03,119.95,120.05,121.0,117.2,120.0,120.35,119.18,"4,69,77,350","5,59,87,05,778.30","1,80,644","1,87,76,888",39.97
TATASTEEL,EQ,2023-02-06,120.35,120.0,120.0,117.0,117.2,117.45,117.84,"4,95,46,361","5,83,86,95,548.50","2,09,239","2,48,62,878",50.18
TATASTEEL,EQ,2023-02-07,117.45,112.6,115.35,110.55,111.2,111.45,112.53,"11,09,53,246","12,48,55,38,285.30","4,27,378","3,83,76,423",34.59
TATASTEEL,EQ,2023-02-08,111.45,111.45,112.75,110.1,111.6,111.45,111.47,"6,65,23,699","7,41,56,60,810.80","2,46,258","2,48,33,734",37.33
TATASTEEL,EQ,2023-02-09,111.45,112.15,112.95,109.95,111.35,111.25,111.11,"6,47,10,455","7,19,01,26,333.05","1,95,025","3,24,57,777",50.16
TATASTEEL,EQ,2023-02-10,111.25,111.0,111.25,108.3,108.75,108.8,109.08,"6,08,10,058","6,63,33,01,056.70","2,70,870","3,13,18,955",51.5
TATASTEEL,EQ,2023-02-13,108.8,108.8,110.6,108.4,109.15,108.75,109.23,"5,61,86,469","6,13,69,99,513.30","2,13,478","2,19,17,969",39.01
TATASTEEL,EQ,2023-02-14,108.75,109.55,109.9,108.25,109.3,109.25,109.07,"3,11,63,587","3,39,91,53,115.15","1,47,750","1,09,31,916",35.08
TATASTEEL,EQ,2023-02-15,109.25,109.0,110.6,108.8,110.35,110.3,109.82,"3,55,44,190","3,90,33,13,900.75","1,50,839","1,22,76,457",34.54
TATASTEEL,EQ,2023-02-16,110.3,111.0,112.2,110.65,112.0,112.0,111.38,"3,09,56,191","3,44,79,51,206.65","1,33,246","1,32,21,443",42.71
TATASTEEL,EQ,2023-02-17,112.0,111.55,113.1,111.3,112.1,112.25,112.56,"3,41,07,244","3,83,92,75,198.65","1,50,582","1,06,08,676",31.1
TATASTEEL,EQ,2023-02-20,112.25,112.3,112.7,111.05,112.55,112.35,112.16,"1,98,96,764","2,23,16,99,003.55","1,05,686","53,42,643",26.85
TATASTEEL,EQ,2023-02-21,112.35,112.9,114.2,112.75,113.45,113.15,113.56,"2,98,30,864","3,38,74,74,094.25","1,49,603","94,50,087",31.68
TATASTEEL,EQ,2023-02-22,113.15,113.25,113.7,110.65,111.15,111.15,111.85,"2,43,91,211","2,72,81,86,737.25","1,28,818","81,83,288",33.55
TATASTEEL,EQ,2023-02-23,111.15,111.55,113.65,111.35,112.2,112.05,112.32,"3,08,45,778","3,46,44,72,213.65","1,53,482","95,81,338",31.06
TATASTEEL,EQ,2023-02-24,112.05,112.5,112.9,109.55,109.85,109.75,110.47,"3,43,26,940","3,79,20,36,662.95","1,54,954","1,16,11,926",33.83
TATASTEEL,EQ,2023-02-27,109.75,109.8,110.05,105.15,106.5,106.1,106.67,"5,62,17,189","5,99,65,71,618.55","2,76,383","2,29,07,853",40.75
TATASTEEL,EQ,2023-02-28,106.1,106.85,107.05,103.55,104.1,103.95,104.68,"7,65,40,448","8,01,22,43,048.10","2,73,452","4,37,11,078",57.11
TATASTEEL,EQ,2023-03-01,103.95,104.7,107.1,104.5,105.7,105.5,105.57,"7,61,75,319","8,04,18,59,455.85","2,12,265","4,16,76,332",54.71
TATASTEEL,EQ,2023-03-02,105.5,106.05,106.9,104.35,104.85,104.65,105.14,"5,52,76,248","5,81,18,26,485.25","2,00,155","2,67,03,232",48.31
TATASTEEL,EQ,2023-03-03,104.65,106.0,107.45,105.0,107.45,107.0,105.92,"11,71,75,295","12,41,09,56,853.75","2,12,882","7,75,47,013",66.18
TATASTEEL,EQ,2023-03-06,107.0,107.5,107.6,105.0,105.85,105.65,106.04,"10,68,68,143","11,33,19,46,650.00","2,35,575","5,80,07,016",54.28
TATASTEEL,EQ,2023-03-08,105.65,105.3,106.9,104.0,106.4,106.5,106.1,"4,39,39,583","4,66,18,90,631.85","1,76,234","1,57,56,770",35.86
TATASTEEL,EQ,2023-03-09,106.5,107.85,108.95,107.5,108.2,108.2,108.41,"5,19,67,449","5,63,39,85,537.85","1,99,963","2,23,11,886",42.93
TATASTEEL,EQ,2023-03-10,108.2,107.0,108.35,106.6,108.15,108.1,107.74,"4,76,99,832","5,13,89,44,228.45","1,54,176","2,05,36,679",43.05
TATASTEEL,EQ,2023-03-13,108.1,108.25,109.0,106.35,107.15,106.8,107.66,"3,45,52,596","3,72,00,63,116.85","1,43,686","1,43,00,754",41.39
TATASTEEL,EQ,2023-03-14,106.8,107.0,108.55,106.2,106.55,106.4,107.38,"4,85,84,984","5,21,71,99,866.90","1,66,949","1,92,91,939",39.71
TATASTEEL,EQ,2023-03-15,106.4,107.5,109.15,107.4,108.7,108.65,108.53,"3,89,30,902","4,22,53,15,557.85","1,50,243","1,33,50,894",34.29
TATASTEEL,EQ,2023-03-16,108.65,107.25,107.25,103.7,105.3,105.05,104.83,"8,10,88,340","8,50,01,65,789.10","2,76,188","3,91,06,588",48.23
TATASTEEL,EQ,2023-03-17,105.05,106.45,107.35,105.0,107.15,107.0,106.25,"4,89,62,238","5,20,24,72,538.40","1,65,069","2,05,38,331",41.95
TATASTEEL,EQ,2023-03-20,107.0,106.1,106.45,103.85,104.5,104.5,104.71,"4,15,69,640","4,35,26,03,949.85","1,82,679","1,76,59,007",42.48
TATASTEEL,EQ,2023-03-21,104.5,105.1,105.4,104.3,104.8,104.75,104.71,"2,64,34,897","2,76,80,91,153.40","1,42,994","89,89,938",34.01
TATASTEEL,EQ,2023-03-22,104.75,104.75,105.95,104.4,104.95,104.8,105.21,"2,58,91,259","2,72,40,80,059.55","1,05,023","1,08,50,705",41.91
TATASTEEL,EQ,2023-03-23,104.8,104.4,105.5,104.35,105.0,104.9,105.06,"2,09,13,844","2,19,71,43,347.90","1,14,789","72,94,075",34.88
TATASTEEL,EQ,2023-03-24,104.9,105.0,105.05,101.55,102.05,102.1,103.1,"3,90,14,278","4,02,23,77,160.10","2,41,782","1,74,56,932",44.74
TATASTEEL,EQ,2023-03-27,102.1,102.55,103.4,102.1,102.3,102.3,102.63,"2,47,53,289","2,54,05,28,569.55","1,49,006","81,59,264",32.96
TATASTEEL,EQ,2023-03-28,102.3,102.85,103.1,102.35,102.6,102.5,102.66,"1,87,03,734","1,92,02,12,067.45","1,19,164","84,12,290",44.98
TATASTEEL,EQ,2023-03-29,102.5,102.5,104.5,101.65,103.8,103.6,102.55,"3,72,21,124","3,81,70,72,842.05","1,50,605","1,79,00,104",48.09
TATASTEEL,EQ,2023-03-31,103.6,105.0,105.5,104.1,104.5,104.5,104.9,"3,45,79,415","3,62,73,14,028.05","1,43,838","2,10,18,305",60.78
TATASTEEL,EQ,2023-04-03,104.5,105.1,105.25,103.8,104.15,104.1,104.3,"2,18,40,428","2,27,80,58,629.40","1,11,674","1,08,90,378",49.86
TATASTEEL,EQ,2023-04-05,104.1,104.1,105.0,103.2,104.8,104.85,104.27,"2,51,94,802","2,62,70,43,258.30","1,26,999","1,04,12,316",41.33
TATASTEEL,EQ,2023-04-06,104.85,104.85,105.1,104.2,104.5,104.35,104.58,"2,10,53,782","2,20,18,00,059.70","95,727","1,04,48,387",49.63
TATASTEEL,EQ,2023-04-10,104.35,104.5,105.75,104.5,105.1,104.95,105.07,"1,99,92,257","2,10,06,42,987.95","99,915","85,05,539",42.54
TATASTEEL,EQ,2023-04-11,104.95,105.55,107.85,105.1,107.6,107.55,106.2,"4,93,04,956","5,23,61,10,495.10","1,30,047","2,50,63,215",50.83
TATASTEEL,EQ,2023-04-12,107.55,108.2,108.4,106.95,107.7,107.6,107.81,"2,73,49,538","2,94,85,17,983.10","1,28,731","1,04,33,581",38.15
TATASTEEL,EQ,2023-04-13,107.6,107.5,108.15,105.9,107.6,107.5,106.9,"3,48,80,922","3,72,88,37,192.45","1,23,611","1,58,78,284",45.52
TATASTEEL,EQ,2023-04-17,107.5,107.6,108.3,106.75,107.2,107.15,107.25,"2,46,42,162","2,64,28,35,449.50","1,24,418","1,13,33,677",45.99
TATASTEEL,EQ,2023-04-18,107.15,107.2,107.9,106.85,107.55,107.6,107.33,"2,54,76,339","2,73,44,57,761.10","81,880","1,24,64,201",48.92
TATASTEEL,EQ,2023-04-19,107.6,107.85,110.4,107.75,108.1,108.1,109.04,"6,21,00,775","6,77,17,63,621.70","1,84,789","2,43,93,050",39.28
TATASTEEL,EQ,2023-04-20,108.1,108.2,108.7,107.4,108.1,108.0,108.02,"1,83,37,948","1,98,08,44,661.65","99,645","70,21,275",38.29
TATASTEEL,EQ,2023-04-21,108.0,108.0,108.1,105.35,106.1,106.15,106.06,"3,76,38,506","3,99,18,43,098.75","1,55,242","1,64,21,534",43.63
TATASTEEL,EQ,2023-04-24,106.15,106.4,106.7,105.35,106.7,106.5,106.21,"2,34,75,012","2,49,33,11,630.90","1,04,865","81,41,753",34.68
TATASTEEL,EQ,2023-04-25,106.5,106.7,107.6,106.25,106.95,107.05,107.17,"2,33,33,425","2,50,05,46,363.50","1,17,726","1,05,42,235",45.18
TATASTEEL,EQ,2023-04-26,107.05,106.5,107.05,105.85,106.9,106.85,106.61,"2,35,90,297","2,51,48,95,123.15","1,02,154","1,08,60,256",46.04
TATASTEEL,EQ,2023-04-27,106.85,106.3,107.85,106.3,107.65,107.65,107.29,"2,23,64,308","2,39,93,60,923.30","1,01,664","96,55,214",43.17
TATASTEEL,EQ,2023-04-28,107.65,107.8,108.5,107.3,108.0,107.95,107.8,"3,00,72,920","3,24,18,48,071.05","1,21,074","1,55,72,159",51.78
TATASTEEL,EQ,2023-05-02,107.95,108.0,110.85,108.0,110.4,110.3,109.88,"5,28,22,162","5,80,39,26,375.60","1,77,776","2,55,63,029",48.39
TATASTEEL,EQ,2023-05-03,110.3,109.8,111.0,108.75,109.75,109.7,109.71,"5,12,72,624","5,62,50,37,044.30","1,64,302","1,94,63,117",37.96
TATASTEEL,EQ,2023-05-04,109.7,110.0,111.9,109.5,110.9,111.05,111.1,"3,86,36,907","4,29,23,97,887.10","1,41,966","1,37,93,437",35.7
TATASTEEL,EQ,2023-05-05,111.05,110.85,110.85,108.4,108.7,108.65,109.25,"3,29,58,346","3,60,06,77,932.40","1,32,104","1,51,67,678",46.02
TATASTEEL,EQ,2023-05-08,108.65,109.25,109.85,108.25,109.75,109.55,109.36,"2,31,30,472","2,52,94,84,680.95","1,00,999","1,10,42,547",47.74
TATASTEEL,EQ,2023-05-09,109.55,109.6,111.2,109.15,109.65,109.55,110.22,"2,79,99,202","3,08,59,64,389.15","1,24,913","1,13,25,490",40.45
TATASTEEL,EQ,2023-05-10,109.55,109.6,110.0,108.6,109.35,109.25,109.03,"1,92,13,215","2,09,49,12,629.60","1,02,095","92,59,378",48.19
TATASTEEL,EQ,2023-05-11,109.25,109.2,109.5,108.25,108.65,108.55,108.8,"1,98,17,637","2,15,61,37,340.30","1,08,331","97,45,164",49.17
TATASTEEL,EQ,2023-05-12,108.55,108.35,108.4,106.55,106.85,106.75,107.06,"3,67,94,838","3,93,91,90,769.55","1,52,385","1,92,97,051",52.44
TATASTEEL,EQ,2023-05-15,106.75,107.05,108.2,105.65,107.65,107.7,107.17,"2,21,48,028","2,37,35,07,495.90","1,24,207","74,70,584",33.73
TATASTEEL,EQ,2023-05-16,107.7,108.2,108.65,107.2,107.55,107.4,107.62,"1,85,87,658","2,00,03,32,266.55","95,237","86,43,656",46.5
TATASTEEL,EQ,2023-05-17,107.4,107.4,107.5,105.55,106.05,106.0,106.26,"2,88,95,465","3,07,04,86,552.55","1,58,469","1,49,82,642",51.85
TATASTEEL,EQ,2023-05-18,106.0,106.5,107.15,105.1,105.35,105.2,105.92,"2,42,08,481","2,56,42,75,088.30","1,53,094","1,05,24,301",43.47
TATASTEEL,EQ,2023-05-19,105.2,105.6,105.7,104.05,104.7,104.65,104.56,"2,98,48,841","3,12,09,08,345.85","1,64,196","1,31,32,048",44.0
TATASTEEL,EQ,2023-05-22,104.65,105.0,105.25,104.3,105.1,105.0,104.88,"2,15,88,716","2,26,43,31,112.70","1,46,640","96,73,127",44.81
TATASTEEL,EQ,2023-05-23,105.0,105.1,106.05,105.0,105.6,105.6,105.58,"2,13,04,034","2,24,93,49,513.10","1,20,258","1,10,51,597",51.88
TATASTEEL,EQ,2023-05-24,105.6,105.1,105.8,104.9,105.0,105.2,105.3,"2,84,54,367","2,99,63,44,304.75","1,13,015","1,54,97,052",54.46
TATASTEEL,EQ,2023-05-25,105.2,105.0,105.2,104.3,105.0,104.85,104.66,"2,58,85,062","2,70,90,50,705.20","1,20,182","1,22,00,550",47.13
TATASTEEL,EQ,2023-05-26,104.85,105.0,106.75,104.95,106.45,106.4,105.85,"2,83,62,042","3,00,22,17,896.90","1,06,252","1,48,17,472",52.24
TATASTEEL,EQ,2023-05-29,106.4,107.0,108.85,106.3,108.35,108.45,107.92,"4,10,62,311","4,43,15,34,295.90","1,49,388","2,05,08,284",49.94
TATASTEEL,EQ,2023-05-30,108.45,108.95,108.95,106.9,106.95,107.05,107.57,"3,34,75,211","3,60,09,17,274.85","1,34,867","1,82,72,201",54.58
TATASTEEL,EQ,2023-05-31,107.05,106.4,106.95,105.6,105.85,105.8,106.14,"4,12,49,944","4,37,82,51,037.75","1,31,061","2,51,12,522",60.88
TATASTEEL,EQ,2023-06-01,105.8,105.9,106.7,105.8,106.0,105.95,106.15,"2,12,11,538","2,25,15,51,758.05","94,464","1,12,14,399",52.87
TATASTEEL,EQ,2023-06-02,105.95,106.5,108.3,106.5,108.05,108.0,107.48,"4,66,86,933","5,01,77,25,667.70","1,38,198","3,01,59,023",64.6
TATASTEEL,EQ,2023-06-05,108.0,108.65,109.9,107.8,109.6,109.4,108.83,"3,96,42,539","4,31,43,34,583.10","1,43,608","2,12,89,860",53.7
TATASTEEL,EQ,2023-06-06,109.4,109.75,109.85,108.3,109.1,109.0,108.94,"2,67,51,372","2,91,44,20,221.25","1,23,777","1,32,34,760",49.47
TATASTEEL,EQ,2023-06-07,109.0,109.5,111.75,108.9,111.5,111.5,110.46,"4,51,57,197","4,98,78,84,439.90","1,72,381","2,36,77,031",52.43
TATASTEEL,EQ,2023-06-08,111.5,111.5,113.0,110.95,111.25,111.15,111.81,"4,63,80,294","5,18,57,82,963.20","1,63,368","2,08,68,181",44.99
TATASTEEL,EQ,2023-06-09,111.15,111.25,111.65,108.65,109.15,108.9,109.42,"3,63,92,617","3,98,21,74,835.80","1,60,353","1,71,16,650",47.03
TATASTEEL,EQ,2023-06-12,108.9,109.15,110.6,109.15,109.55,109.5,109.79,"2,34,72,313","2,57,70,57,322.15","1,29,504","98,85,609",42.12
TATASTEEL,EQ,2023-06-13,109.5,110.0,111.85,109.65,111.05,111.15,110.85,"3,00,18,212","3,32,76,32,939.35","1,29,410","1,47,87,238",49.26
TATASTEEL,EQ,2023-06-14,111.15,111.5,114.0,111.4,113.75,113.8,113.22,"6,66,96,433","7,55,10,41,425.20","2,45,307","2,83,91,262",42.57
TATASTEEL,EQ,2023-06-15,113.8,113.9,114.2,113.25,113.65,113.75,113.75,"3,94,30,138","4,48,52,56,302.80","1,48,524","2,01,23,406",51.04
TATASTEEL,EQ,2023-06-16,113.75,114.4,114.8,113.85,114.35,114.25,114.24,"3,17,15,807","3,62,31,57,859.10","1,19,137","1,87,26,828",59.05
TATASTEEL,EQ,2023-06-19,114.25,115.45,115.6,113.05,114.2,114.1,114.08,"3,35,02,185","3,82,20,38,084.40","1,40,304","1,73,64,036",51.83
TATASTEEL,EQ,2023-06-20,114.1,114.1,115.25,113.5,114.5,114.25,114.53,"3,03,71,599","3,47,84,40,270.40","1,37,218","1,25,82,219",41.43
TATASTEEL,EQ,2023-06-21,114.25,114.9,114.9,112.85,113.95,113.9,113.68,"3,56,27,983","4,05,01,86,870.45","1,41,248","1,98,03,274",55.58
TATASTEEL,EQ,2023-06-22,113.9,110.6,112.2,110.55,111.2,111.1,111.38,"3,47,69,987","3,87,26,88,551.20","1,53,503","1,53,40,663",44.12
TATASTEEL,EQ,2023-06-23,111.1,110.5,110.75,109.2,109.35,109.6,109.97,"2,21,90,233","2,44,02,21,682.95","1,12,770","1,05,43,561",47.51
TATASTEEL,EQ,2023-06-26,109.6,109.6,110.2,108.1,110.2,109.85,109.1,"2,53,32,751","2,76,37,34,572.75","1,29,004","1,22,52,344",48.37
TATASTEEL,EQ,2023-06-27,109.85,110.6,111.5,110.15,110.9,110.75,110.86,"2,41,29,403","2,67,50,86,307.85","1,38,795","1,04,79,720",43.43
TATASTEEL,EQ,2023-06-28,110.75,111.5,112.05,110.9,111.65,111.55,111.54,"2,38,95,274","2,66,53,15,375.20","1,23,251","1,11,29,309",46.58
TATASTEEL,EQ,2023-06-30,111.55,111.6,112.2,110.4,112.0,112.0,111.64,"2,67,41,918","2,98,53,82,486.20","1,29,098","1,30,92,405",48.96
TATASTEEL,EQ,2023-07-03,112.0,112.25,114.25,112.05,113.0,113.1,113.38,"3,09,79,256","3,51,23,45,035.75","1,37,687","1,47,87,967",47.74
TATASTEEL,EQ,2023-07-04,113.1,113.2,113.4,112.1,112.35,112.4,112.66,"2,50,80,307","2,82,54,46,861.10","1,24,580","1,22,50,571",48.85
TATASTEEL,EQ,2023-07-05,112.4,112.55,113.55,112.2,112.9,112.95,112.97,"2,78,77,180","3,14,93,05,413.45","1,19,567","1,32,29,149",47.46
TATASTEEL,EQ,2023-07-06,112.95,112.0,112.85,111.5,112.65,112.65,112.15,"3,43,20,086","3,84,90,61,350.15","1,38,042","1,29,86,191",37.84
TATASTEEL,EQ,2023-07-07,112.65,112.0,113.3,111.25,111.6,111.6,112.11,"3,00,34,274","3,36,71,02,319.95","1,13,689","1,53,49,723",51.11
TATASTEEL,EQ,2023-07-10,111.6,112.25,115.7,111.65,115.25,115.3,114.48,"6,06,52,690","6,94,38,15,581.60","2,19,509","3,07,02,973",50.62
TATASTEEL,EQ,2023-07-11,115.3,115.6,116.1,114.8,115.1,115.15,115.43,"3,79,99,385","4,38,61,30,159.45","1,92,661","1,82,02,108",47.9
TATASTEEL,EQ,2023-07-12,115.15,115.15,116.05,114.0,114.75,114.7,114.77,"3,27,71,204","3,76,10,70,520.60","1,49,737","1,57,74,315",48.13
TATASTEEL,EQ,2023-07-13,114.7,116.0,116.95,114.5,114.95,114.85,115.73,"4,48,47,814","5,19,00,13,535.60","1,61,649","2,31,17,986",51.55
TATASTEEL,EQ,2023-07-14,114.85,115.7,117.9,114.8,117.65,117.15,116.26,"3,45,21,821","4,01,35,34,242.35","1,38,452","1,94,20,168",56.25
TATASTEEL,EQ,2023-07-17,117.15,117.95,119.35,117.1,117.8,117.75,118.34,"4,91,15,369","5,81,23,13,828.95","1,96,197","2,15,66,106",43.91
TATASTEEL,EQ,2023-07-18,117.75,118.0,118.15,116.4,116.6,116.6,117.09,"2,34,33,431","2,74,38,57,232.85","1,24,030","1,02,34,267",43.67
TATASTEEL,EQ,2023-07-19,116.6,116.7,117.2,116.1,116.55,116.7,116.69,"1,72,22,355","2,00,96,94,774.10","1,12,312","67,26,288",39.06
TATASTEEL,EQ,2023-07-20,116.7,116.7,117.25,116.35,116.9,116.95,116.87,"2,23,03,831","2,60,67,03,327.15","1,06,969","98,54,954",44.19
TATASTEEL,EQ,2023-07-21,116.95,116.6,117.95,115.5,116.7,116.6,116.65,"3,15,46,136","3,67,98,25,459.10","1,26,664","1,05,70,260",33.51
TATASTEEL,EQ,2023-07-24,116.6,116.5,116.5,114.35,115.25,115.5,115.37,"3,81,13,555","4,39,72,47,627.25","1,66,031","1,96,84,535",51.65
TATASTEEL,EQ,2023-07-25,115.5,115.0,119.9,114.35,119.1,119.25,118.27,"8,80,35,259","10,41,21,64,866.45","2,90,928","3,68,10,507",41.81
TATASTEEL,EQ,2023-07-26,119.25,119.8,120.6,118.85,119.85,119.95,119.81,"2,97,16,336","3,56,03,54,181.25","1,66,824","1,44,40,834",48.6
TATASTEEL,EQ,2023-07-27,119.95,120.25,121.45,119.15,120.3,119.8,120.27,"3,96,64,251","4,77,04,85,839.25","1,55,050","2,12,98,073",53.7
TATASTEEL,EQ,2023-07-28,119.8,120.2,121.1,118.7,120.5,120.6,119.93,"3,39,96,691","4,07,73,60,851.60","1,40,641","1,39,53,237",41.04
TATASTEEL,EQ,2023-07-31,120.6,120.6,123.85,120.6,122.85,123.15,122.85,"5,23,30,311","6,42,90,27,091.55","2,23,916","2,64,77,333",50.6
TATASTEEL,EQ,2023-08-01,123.15,123.55,124.15,122.55,123.15,123.2,123.36,"2,78,63,562","3,43,73,63,292.15","1,52,455","1,56,69,398",56.24
TATASTEEL,EQ,2023-08-02,123.2,122.9,122.9,118.25,119.2,118.95,119.89,"5,49,51,586","6,58,78,87,454.35","2,40,403","3,00,24,744",54.64
TATASTEEL,EQ,2023-08-03,118.95,118.7,119.65,117.5,118.6,118.2,118.24,"3,46,24,188","4,09,38,84,505.55","1,96,496","1,36,35,103",39.38
TATASTEEL,EQ,2023-08-04,118.2,119.4,119.75,118.0,119.0,119.0,118.93,"2,23,03,966","2,65,25,51,989.70","1,14,669","1,18,35,801",53.07
TATASTEEL,EQ,2023-08-07,119.0,119.6,119.6,118.0,118.6,118.85,118.73,"2,07,11,952","2,45,90,82,671.95","1,33,643","1,02,35,281",49.42
TATASTEEL,EQ,2023-08-08,118.85,119.0,119.5,117.95,118.15,118.15,118.51,"2,12,75,054","2,52,13,77,215.10","1,22,839","1,21,61,443",57.16
TATASTEEL,EQ,2023-08-09,118.15,118.35,120.5,116.9,120.4,120.2,118.53,"3,41,54,214","4,04,84,50,641.55","1,46,911","1,62,09,425",47.46
TATASTEEL,EQ,2023-08-10,120.2,120.0,120.65,119.25,120.0,120.0,119.92,"2,44,39,101","2,93,06,27,924.30","1,40,513","1,16,91,859",47.84
TATASTEEL,EQ,2023-08-11,120.0,120.3,121.4,119.15,120.55,120.3,120.43,"2,63,37,436","3,17,17,61,199.15","1,44,366","97,40,925",36.99
TATASTEEL,EQ,2023-08-14,120.3,120.3,120.4,117.35,117.85,118.15,118.23,"3,30,95,516","3,91,28,29,472.45","1,67,262","1,60,88,191",48.61
TATASTEEL,EQ,2023-08-16,118.15,117.95,117.95,115.4,115.9,115.95,116.22,"3,12,52,473","3,63,20,61,298.05","1,69,033","1,47,97,120",47.35
TATASTEEL,EQ,2023-08-17,115.95,115.9,116.8,114.7,115.95,116.05,115.78,"2,84,61,865","3,29,54,20,065.10","1,71,164","1,25,86,947",44.22
TATASTEEL,EQ,2023-08-18,116.05,116.3,116.4,114.75,116.4,115.8,115.55,"3,03,81,609","3,51,05,16,688.50","1,37,398","1,81,25,280",59.66
TATASTEEL,EQ,2023-08-21,115.8,116.75,117.1,115.85,116.8,116.9,116.64,"2,26,29,651","2,63,96,28,824.70","1,34,669","1,16,94,190",51.68
TATASTEEL,EQ,2023-08-22,116.9,117.15,117.75,116.5,117.55,117.55,117.21,"1,73,43,131","2,03,27,61,447.10","1,11,027","83,75,999",48.3
TATASTEEL,EQ,2023-08-23,117.55,117.85,119.25,117.65,118.85,118.95,118.89,"4,37,44,909","5,20,08,86,017.65","1,33,768","2,52,29,506",57.67
TATASTEEL,EQ,2023-08-24,118.95,119.5,120.1,118.05,118.3,118.25,118.81,"2,71,03,446","3,22,00,87,938.55","1,34,041","1,37,10,773",50.59
TATASTEEL,EQ,2023-08-25,118.25,118.0,118.15,116.7,117.1,116.9,117.39,"2,36,92,527","2,78,11,76,955.20","1,07,610","1,14,15,334",48.18
TATASTEEL,EQ,2023-08-28,116.9,117.0,118.25,117.0,117.55,117.6,117.68,"1,92,18,821","2,26,16,79,617.10","1,03,263","1,00,08,335",52.08
TATASTEEL,EQ,2023-08-29,117.6,118.5,120.15,117.75,119.8,119.55,119.1,"3,60,38,317","4,29,23,28,896.10","1,29,481","1,88,34,917",52.26
TATASTEEL,EQ,2023-08-30,119.55,120.5,122.7,120.25,122.05,122.1,122.02,"5,14,67,177","6,27,99,89,423.50","2,65,241","2,31,86,873",45.05
TATASTEEL,EQ,2023-08-31,122.1,122.85,123.6,122.15,123.6,122.9,122.77,"6,06,26,985","7,44,34,73,788.50","2,01,344","3,69,12,762",60.89
TATASTEEL,EQ,2023-09-01,122.9,123.5,128.7,123.4,126.8,127.05,127.05,"7,64,60,408","9,71,40,89,379.55","3,15,467","2,90,18,534",37.95
TATASTEEL,EQ,2023-09-04,127.05,129.2,132.9,128.85,131.9,131.75,131.69,"6,85,25,900","9,02,42,25,220.75","3,42,443","2,89,21,797",42.21
TATASTEEL,EQ,2023-09-05,131.75,131.75,132.45,128.85,131.75,131.7,130.75,"3,64,66,807","4,76,78,57,575.05","1,90,902","1,23,62,283",33.9
TATASTEEL,EQ,2023-09-06,131.7,132.4,132.4,128.2,129.45,129.6,129.55,"3,60,58,850","4,67,14,65,545.35","2,16,595","1,62,63,994",45.1
TATASTEEL,EQ,2023-09-07,129.6,129.5,130.8,128.6,130.1,130.15,130.0,"3,02,68,235","3,93,47,81,899.05","1,53,956","1,30,09,983",42.98
TATASTEEL,EQ,2023-09-08,130.15,131.4,131.65,129.2,129.6,129.5,130.24,"3,43,13,523","4,46,90,52,986.90","1,26,365","1,57,86,559",46.01
TATASTEEL,EQ,2023-09-11,129.5,129.5,131.85,129.2,131.1,131.15,130.71,"3,33,77,857","4,36,28,62,449.95","1,74,961","1,34,87,558",40.41
TATASTEEL,EQ,2023-09-12,131.15,132.8,133.15,128.65,128.9,129.0,130.05,"3,80,65,283","4,95,03,14,633.25","2,12,107","1,68,70,428",44.32
TATASTEEL,EQ,2023-09-13,129.0,129.6,130.5,127.7,129.9,129.55,129.32,"2,33,71,459","3,02,24,84,084.00","1,63,917","94,77,034",40.55
TATASTEEL,EQ,2023-09-14,129.55,131.0,134.2,130.8,131.95,131.7,132.32,"5,88,00,620","7,78,03,13,510.10","3,33,183","2,21,96,545",37.75
TATASTEEL,EQ,2023-09-15,131.7,132.6,133.3,129.85,132.2,131.95,131.48,"8,50,58,495","11,18,37,54,761.50","1,89,446","5,38,93,265",63.36
TATASTEEL,EQ,2023-09-18,131.95,135.0,135.0,130.05,130.5,130.45,131.81,"6,24,20,823","8,22,79,68,331.45","2,82,655","2,70,27,964",43.3
TATASTEEL,EQ,2023-09-20,130.45,130.45,131.8,128.0,128.5,128.3,129.55,"4,36,27,379","5,65,19,83,902.35","2,20,289","1,81,97,736",41.71
TATASTEEL,EQ,2023-09-21,128.3,128.3,129.25,127.2,127.9,127.8,128.19,"2,98,26,091","3,82,32,96,128.15","1,89,809","91,41,175",30.65
TATASTEEL,EQ,2023-09-22,127.8,127.15,128.7,125.5,127.2,126.75,127.09,"3,40,59,194","4,32,85,63,173.75","1,93,209","1,26,82,272",37.24
TATASTEEL,EQ,2023-09-25,126.75,127.3,128.3,126.1,127.25,127.4,127.29,"2,34,66,981","2,98,70,46,458.00","1,48,843","97,44,629",41.52
TATASTEEL,EQ,2023-09-26,127.4,129.0,130.55,128.4,128.95,128.9,129.5,"4,89,36,598","6,33,72,43,511.85","2,35,615","1,54,64,657",31.6
TATASTEEL,EQ,2023-09-27,128.9,128.75,128.75,126.7,128.4,128.15,127.79,"3,32,77,329","4,25,24,37,333.00","1,84,173","1,49,34,149",44.88
TATASTEEL,EQ,2023-09-28,128.15,128.35,129.3,126.3,127.25,126.8,127.69,"2,99,82,233","3,82,82,88,872.45","1,65,709","95,22,142",31.76
TATASTEEL,EQ,2023-09-29,126.8,128.2,129.55,127.55,129.05,128.9,128.73,"2,84,06,435","3,65,67,17,531.85","1,56,353","92,11,800",32.43
TATASTEEL,EQ,2023-10-03,128.9,129.0,129.1,127.25,128.1,128.0,127.82,"1,86,13,557","2,37,91,07,875.80","1,36,399","66,30,374",35.62
TATASTEEL,EQ,2023-10-04,128.0,127.0,127.1,124.5,125.35,125.3,125.49,"3,32,72,725","4,17,52,49,159.90","2,14,486","1,64,74,619",49.51
TATASTEEL,EQ,2023-10-05,125.3,125.9,126.15,124.55,125.55,125.25,125.31,"2,70,63,441","3,39,13,65,474.55","1,65,593","1,11,67,651",41.26
TATASTEEL,EQ,2023-10-06,125.25,126.5,127.0,125.1,125.85,125.9,125.85,"2,19,28,671","2,75,97,25,379.50","1,45,005","85,76,602",39.11
TATASTEEL,EQ,2023-10-09,125.9,124.8,124.9,122.6,123.35,123.85,123.88,"2,14,57,836","2,65,82,19,956.95","1,87,353","88,57,712",41.28
TATASTEEL,EQ,2023-10-10,123.85,124.7,125.9,123.75,125.25,125.3,124.78,"2,87,45,957","3,58,68,19,958.85","1,71,447","91,29,296",31.76
TATASTEEL,EQ,2023-10-11,125.3,126.0,126.3,124.7,124.95,124.95,125.48,"2,44,55,932","3,06,86,16,682.35","1,32,086","1,02,75,919",42.02
TATASTEEL,EQ,2023-10-12,124.95,125.35,126.9,125.1,125.8,125.9,126.09,"1,93,61,688","2,44,13,91,694.90","1,26,504","60,05,958",31.02
TATASTEEL,EQ,2023-10-13,125.9,125.0,125.75,124.0,125.2,125.05,124.93,"2,69,12,800","3,36,20,90,989.25","1,60,443","1,08,02,197",40.14
TATASTEEL,EQ,2023-10-16,125.05,125.1,127.25,124.95,127.1,127.0,126.51,"2,38,68,700","3,01,95,47,026.80","1,48,084","92,27,056",38.66
TATASTEEL,EQ,2023-10-17,127.0,127.9,128.55,127.0,127.75,127.4,127.9,"2,42,41,710","3,10,05,88,399.80","1,36,830","1,10,81,475",45.71
TATASTEEL,EQ,2023-10-18,127.4,127.85,128.7,126.6,127.1,127.1,127.42,"2,09,26,079","2,66,65,01,947.15","1,41,265","90,50,062",43.25
TATASTEEL,EQ,2023-10-19,127.1,125.5,126.5,124.35,125.8,126.0,125.46,"3,09,41,319","3,88,19,44,628.55","1,65,387","1,32,56,849",42.85
TATASTEEL,EQ,2023-10-20,126.0,125.0,125.75,122.7,123.1,123.1,124.01,"3,07,46,140","3,81,27,44,831.35","1,92,203","1,60,10,456",52.07
TATASTEEL,EQ,2023-10-23,123.1,123.35,123.4,119.7,120.05,120.0,120.97,"3,06,99,479","3,71,37,36,345.95","1,98,614","1,58,71,719",51.7
TATASTEEL,EQ,2023-10-25,120.0,121.2,122.8,120.75,121.3,121.35,121.79,"2,73,46,103","3,33,05,69,435.45","1,66,352","1,10,77,568",40.51
TATASTEEL,EQ,2023-10-26,121.35,120.85,120.9,118.9,120.05,119.9,119.81,"3,62,98,907","4,34,89,29,304.25","1,91,297","1,80,83,675",49.82
TATASTEEL,EQ,2023-10-27,119.9,120.5,121.8,119.5,120.0,119.9,120.34,"2,84,24,007","3,42,05,65,260.80","1,44,880","1,27,72,992",44.94
TATASTEEL,EQ,2023-10-30,119.9,121.05,121.25,118.95,119.15,119.15,119.37,"1,87,53,217","2,23,85,32,926.65","1,45,518","71,11,077",37.92
TATASTEEL,EQ,2023-10-31,119.15,120.0,120.15,118.4,118.9,118.75,119.02,"2,23,19,950","2,65,64,47,467.15","1,47,250","97,76,269",43.8
TATASTEEL,EQ,2023-11-01,118.75,119.0,119.1,116.0,116.15,116.6,117.78,"2,47,17,941","2,91,12,36,884.90","1,62,002","1,00,78,581",40.77
TATASTEEL,EQ,2023-11-02,116.6,114.6,118.55,114.6,118.5,118.1,116.7,"7,25,38,804","8,46,54,95,277.35","2,80,659","2,55,38,121",35.21
TATASTEEL,EQ,2023-11-03,118.1,118.2,118.6,117.1,117.4,117.3,117.73,"3,17,47,230","3,73,75,15,379.95","1,79,215","1,31,19,948",41.33
TATASTEEL,EQ,2023-11-06,117.3,118.5,119.65,117.5,119.6,119.4,118.62,"2,78,83,152","3,30,74,44,876.55","1,50,363","1,50,32,425",53.91
TATASTEEL,EQ,2023-11-07,119.4,119.3,120.2,118.4,119.75,119.65,119.62,"2,58,18,033","3,08,84,35,269.90","1,35,129","1,18,69,641",45.97
TATASTEEL,EQ,2023-11-08,119.65,119.75,120.5,118.55,119.05,119.05,119.11,"2,25,52,386","2,68,61,43,473.10","1,28,934","1,24,91,823",55.39
TATASTEEL,EQ,2023-11-09,119.05,119.2,120.5,118.85,119.65,119.65,119.7,"2,29,79,112","2,75,05,17,129.70","1,32,295","1,10,55,492",48.11
TATASTEEL,EQ,2023-11-10,119.65,119.5,120.45,118.8,120.15,120.05,119.81,"2,35,84,510","2,82,56,63,511.45","1,37,597","1,16,28,454",49.31
TATASTEEL,EQ,2023-11-12,120.05,121.6,121.6,120.6,120.85,120.85,120.92,"39,84,034","48,17,33,972.85","69,992","25,84,096",64.86
TATASTEEL,EQ,2023-11-13,120.85,120.85,121.25,119.9,120.8,121.0,120.74,"1,79,51,775","2,16,74,12,969.40","1,28,808","81,01,611",45.13
TATASTEEL,EQ,2023-11-15,121.0,121.7,124.4,121.5,124.1,124.05,123.38,"3,83,44,393","4,73,09,75,784.75","1,83,566","1,87,51,117",48.9
TATASTEEL,EQ,2023-11-16,124.05,124.0,125.25,123.0,124.4,124.7,124.48,"3,08,36,413","3,83,85,18,574.75","1,65,433","1,41,40,315",45.86
TATASTEEL,EQ,2023-11-17,124.7,124.7,125.75,124.3,125.0,125.2,125.16,"2,33,19,439","2,91,85,81,820.75","1,30,629","1,01,21,371",43.4
TATASTEEL,EQ,2023-11-20,125.2,125.05,125.65,124.05,124.25,124.35,124.89,"1,87,80,290","2,34,54,28,249.95","1,44,456","1,04,01,815",55.39
TATASTEEL,EQ,2023-11-21,124.35,125.05,126.4,124.95,126.2,126.25,125.95,"2,96,43,312","3,73,35,34,250.25","1,52,063","1,64,10,691",55.36
TATASTEEL,EQ,2023-11-22,126.25,126.4,126.9,125.5,126.3,126.1,126.11,"1,95,88,063","2,47,03,14,487.15","1,12,127","1,00,95,071",51.54
TATASTEEL,EQ,2023-11-23,126.1,126.35,127.4,125.9,126.75,126.7,126.78,"3,07,36,851","3,89,67,87,469.35","1,52,378","1,71,81,131",55.9
TATASTEEL,EQ,2023-11-24,126.7,126.7,127.0,125.55,126.05,125.95,126.15,"1,47,19,450","1,85,67,93,943.75","1,04,736","57,69,267",39.19
TATASTEEL,EQ,2023-11-28,125.95,127.0,127.0,126.0,126.95,126.85,126.49,"1,83,77,843","2,32,45,66,454.85","1,37,072","1,01,36,368",55.16
TATASTEEL,EQ,2023-11-29,126.85,127.15,128.15,126.7,127.8,127.75,127.6,"2,30,92,165","2,94,64,45,299.55","1,37,907","1,30,85,861",56.67
TATASTEEL,EQ,2023-11-30,127.75,127.8,128.85,126.5,127.9,127.9,127.97,"4,01,65,104","5,13,99,85,066.50","1,73,510","2,34,01,076",58.26
TATASTEEL,EQ,2023-12-01,127.9,128.9,130.3,128.05,130.0,130.0,129.41,"3,11,92,397","4,03,64,76,816.00","1,72,753","1,52,61,121",48.93
TATASTEEL,EQ,2023-12-04,130.0,132.2,132.35,130.4,131.0,131.0,131.07,"4,12,30,928","5,40,40,51,813.10","2,13,569","2,53,81,773",61.56
TATASTEEL,EQ,2023-12-05,131.0,131.0,132.45,130.0,131.7,131.6,131.38,"3,51,92,149","4,62,33,85,317.75","1,91,777","1,96,87,473",55.94
TATASTEEL,EQ,2023-12-06,131.6,132.5,133.4,130.8,132.0,131.85,132.0,"4,07,53,593","5,37,95,58,472.95","1,83,004","2,17,57,891",53.39
TATASTEEL,EQ,2023-12-07,131.85,131.7,132.2,129.8,130.05,130.0,130.51,"3,46,86,333","4,52,70,01,638.35","1,76,826","2,02,20,786",58.3
TATASTEEL,EQ,2023-12-08,130.0,130.15,131.4,127.95,129.2,129.2,129.66,"3,43,93,711","4,45,93,53,470.85","1,64,457","1,86,30,947",54.17
TATASTEEL,EQ,2023-12-11,129.2,129.85,130.5,128.75,130.25,130.05,129.82,"2,40,38,059","3,12,05,31,964.30","1,44,371","1,27,30,517",52.96
TATASTEEL,EQ,2023-12-12,130.05,130.05,132.15,129.7,130.35,130.1,130.87,"3,06,96,410","4,01,71,98,896.85","1,55,668","1,48,95,233",48.52
TATASTEEL,EQ,2023-12-13,130.1,130.55,131.5,129.15,131.35,131.4,130.59,"2,27,67,972","2,97,31,83,996.20","1,46,208","1,11,96,152",49.18
TATASTEEL,EQ,2023-12-14,131.4,132.3,133.25,131.5,132.0,132.0,132.33,"4,33,72,143","5,73,93,57,415.20","1,85,803","2,27,22,634",52.39
TATASTEEL,EQ,2023-12-15,132.0,133.4,136.75,133.0,136.55,136.45,135.24,"7,73,77,446","10,46,44,13,045.45","2,92,704","3,50,40,594",45.29
TATASTEEL,EQ,2023-12-18,136.45,136.85,137.6,135.1,136.55,136.6,136.73,"3,84,61,877","5,25,88,16,795.55","2,59,565","1,74,31,203",45.32
TATASTEEL,EQ,2023-12-19,136.6,136.65,137.6,134.8,135.5,135.4,135.81,"2,77,26,431","3,76,54,16,442.20","1,67,461","1,47,54,019",53.21
TATASTEEL,EQ,2023-12-20,135.4,135.9,136.15,128.75,128.85,129.75,132.87,"3,94,95,961","5,24,77,06,866.60","2,01,438","2,02,77,844",51.34
TATASTEEL,EQ,2023-12-21,129.75,128.7,131.45,127.85,131.4,131.0,130.01,"3,49,14,399","4,53,92,19,050.25","1,98,021","1,17,93,975",33.78
TATASTEEL,EQ,2023-12-22,131.0,132.4,134.75,131.75,133.45,133.55,133.44,"3,73,57,334","4,98,48,74,945.75","2,13,314","1,32,76,647",35.54
TATASTEEL,EQ,2023-12-26,133.55,134.7,136.1,134.45,135.4,135.2,135.43,"2,59,36,447","3,51,24,75,189.45","1,82,329","1,13,79,637",43.88
TATASTEEL,EQ,2023-12-27,135.2,135.85,138.9,135.5,137.0,137.2,137.4,"4,81,01,400","6,60,92,21,199.10","2,40,022","2,22,66,016",46.29
TATASTEEL,EQ,2023-12-28,137.2,138.15,138.75,136.85,138.25,138.15,137.88,"3,46,61,176","4,77,91,01,020.60","2,15,436","1,48,85,856",42.95
TATASTEEL,EQ,2023-12-29,138.15,138.6,141.25,137.15,139.3,139.6,139.52,"4,92,02,910","6,86,49,63,120.60","2,34,503","2,16,11,634",43.92
TATASTEEL,EQ,2024-01-01,139.6,140.0,140.95,139.05,139.7,139.85,140.16,"2,11,86,105","2,96,94,70,656.95","1,87,550","94,35,252",44.54
TATASTEEL,EQ,2024-01-02,139.85,140.5,140.6,137.05,139.5,139.6,139.16,"2,77,64,060","3,86,37,03,836.75","1,67,466","1,12,28,879",40.44
TATASTEEL,EQ,2024-01-03,139.6,139.5,139.6,134.35,135.0,135.35,136.44,"4,51,76,618","6,16,40,41,917.50","2,79,840","2,51,70,203",55.72
TATASTEEL,EQ,2024-01-04,135.35,136.0,136.35,134.0,134.4,134.25,134.42,"4,39,13,498","5,90,26,44,745.45","2,49,740","2,35,66,864",53.67
TATASTEEL,EQ,2024-01-05,134.25,135.0,135.95,132.85,133.7,133.65,134.34,"7,13,30,190","9,58,21,67,218.80","2,48,067","4,35,66,825",61.08
TATASTEEL,EQ,2024-01-08,133.65,135.3,135.95,131.75,132.3,132.0,133.63,"3,95,59,717","5,28,64,69,683.20","2,28,285","1,90,11,288",48.06
TATASTEEL,EQ,2024-01-09,132.0,133.5,134.8,132.5,133.85,133.65,133.81,"3,07,36,868","4,11,30,02,298.90","1,68,721","1,56,76,957",51.0
TATASTEEL,EQ,2024-01-10,133.65,133.8,134.7,132.1,134.15,134.1,133.72,"2,72,13,624","3,63,90,89,609.30","1,75,426","1,13,92,493",41.86
TATASTEEL,EQ,2024-01-11,134.1,134.85,135.65,134.2,135.1,134.9,135.05,"2,31,13,349","3,12,15,21,575.35","1,52,705","1,06,01,792",45.87
TATASTEEL,EQ,2024-01-12,134.9,135.8,136.25,134.65,135.45,135.3,135.58,"3,28,83,921","4,45,85,50,005.35","1,70,543","1,68,25,060",51.17
TATASTEEL,EQ,2024-01-15,135.3,136.0,136.25,133.95,135.0,134.9,134.79,"3,41,58,775","4,60,43,27,884.95","1,77,458","1,74,64,591",51.13
TATASTEEL,EQ,2024-01-16,134.9,134.7,138.5,134.0,137.25,137.25,136.59,"5,63,61,287","7,69,81,43,042.30","2,13,394","2,43,97,180",43.29
TATASTEEL,EQ,2024-01-17,137.25,135.45,135.75,131.4,131.8,131.65,133.28,"5,89,82,971","7,86,10,46,380.15","2,98,756","3,23,93,747",54.92
TATASTEEL,EQ,2024-01-18,131.65,131.65,132.25,128.2,131.35,131.0,130.47,"4,52,73,496","5,90,66,40,975.60","2,67,573","2,00,66,091",44.32
TATASTEEL,EQ,2024-01-19,131.0,132.6,134.7,131.6,134.1,134.25,133.63,"3,26,53,013","4,36,35,34,601.95","1,87,679","1,21,62,380",37.25
TATASTEEL,EQ,2024-01-20,134.25,134.25,135.2,133.3,133.9,133.95,134.26,"1,65,78,179","2,22,57,19,129.05","1,22,378","67,53,550",40.74
TATASTEEL,EQ,2024-01-23,133.95,134.8,135.2,129.3,130.05,130.1,132.31,"3,53,73,970","4,68,04,31,862.50","2,17,517","1,73,20,071",48.96
TATASTEEL,EQ,2024-01-24,130.1,130.2,135.55,130.1,134.9,135.15,133.35,"3,93,40,119","5,24,58,53,350.90","2,16,385","1,57,68,536",40.08
TATASTEEL,EQ,2024-01-25,135.15,136.5,136.5,132.0,134.15,133.75,134.19,"6,13,58,839","8,23,37,55,323.50","3,06,685","2,16,91,073",35.35
TATASTEEL,EQ,2024-01-29,133.75,134.7,135.4,133.5,135.05,135.0,134.67,"2,97,45,400","4,00,56,83,022.65","1,87,551","1,32,76,693",44.63
TATASTEEL,EQ,2024-01-30,135.0,135.6,137.7,134.5,134.75,134.7,136.17,"3,57,04,185","4,86,19,61,220.20","2,45,199","1,67,88,897",47.02
TATASTEEL,EQ,2024-01-31,134.7,135.0,136.7,134.5,135.95,135.95,135.84,"3,60,79,354","4,90,09,53,896.15","2,17,115","2,01,91,325",55.96
TATASTEEL,EQ,2024-02-01,135.95,136.4,136.75,134.5,134.9,134.8,135.69,"3,17,01,793","4,30,15,05,287.60","2,14,127","1,16,58,734",36.78
TATASTEEL,EQ,2024-02-02,134.8,135.3,139.6,134.8,138.6,138.7,137.64,"6,92,96,192","9,53,80,94,505.80","3,53,725","3,30,25,915",47.66
TATASTEEL,EQ,2024-02-05,138.7,140.0,143.35,139.35,141.6,141.55,141.5,"8,07,37,626","11,42,42,81,407.05","3,75,154","3,51,53,051",43.54
TATASTEEL,EQ,2024-02-06,141.55,143.0,145.1,140.45,144.6,144.65,143.03,"5,31,92,936","7,60,80,22,638.70","2,56,507","2,60,10,170",48.9
TATASTEEL,EQ,2024-02-07,144.65,146.85,147.4,144.05,144.4,144.4,145.61,"6,15,17,064","8,95,74,48,815.35","2,92,894","2,89,10,135",47.0
TATASTEEL,EQ,2024-02-08,144.4,145.3,145.65,143.05,143.8,143.65,144.24,"3,89,97,666","5,62,49,77,247.20","2,56,373","1,50,08,275",38.49
TATASTEEL,EQ,2024-02-09,143.65,144.2,144.45,139.15,141.3,141.3,141.21,"3,59,61,925","5,07,80,64,740.80","2,37,401","1,23,83,921",34.44
TATASTEEL,EQ,2024-02-12,141.3,142.0,142.95,136.65,137.5,137.4,139.16,"3,64,77,544","5,07,62,68,769.20","2,19,005","1,63,34,895",44.78
TATASTEEL,EQ,2024-02-13,137.4,137.75,138.25,134.1,137.8,137.85,136.95,"3,91,55,909","5,36,23,27,557.60","2,05,902","1,57,29,075",40.17
TATASTEEL,EQ,2024-02-14,137.85,137.0,141.5,135.75,141.45,141.2,138.83,"2,91,41,690","4,04,58,31,003.05","2,02,721","1,15,98,530",39.8
TATASTEEL,EQ,2024-02-15,141.2,141.5,143.45,141.0,141.1,141.2,142.05,"3,15,87,387","4,48,70,16,479.10","2,01,451","1,41,23,793",44.71
TATASTEEL,EQ,2024-02-16,141.2,142.05,143.45,141.5,142.25,142.3,142.68,"2,23,16,127","3,18,41,04,399.85","1,59,823","93,55,538",41.92
TATASTEEL,EQ,2024-02-19,142.3,142.95,143.35,141.35,141.8,141.95,142.28,"1,69,73,568","2,41,49,47,922.85","1,48,665","70,19,885",41.36
TATASTEEL,EQ,2024-02-20,141.95,141.95,142.25,140.05,141.15,141.05,140.86,"2,42,91,123","3,42,15,58,010.60","1,69,579","1,27,93,248",52.67
TATASTEEL,EQ,2024-02-21,141.05,141.55,146.2,141.45,144.0,143.9,144.64,"8,80,00,833","12,72,80,88,397.95","4,02,755","3,95,88,969",44.99
TATASTEEL,EQ,2024-02-22,143.9,145.0,146.15,143.5,145.95,145.9,145.05,"4,67,28,176","6,77,81,28,561.45","3,01,165","1,47,72,825",31.61
TATASTEEL,EQ,2024-02-23,145.9,146.4,147.1,145.0,145.4,145.45,146.22,"2,84,14,697","4,15,47,98,679.20","2,06,077","1,13,00,157",39.77
TATASTEEL,EQ,2024-02-26,145.45,145.85,145.95,142.25,142.6,142.65,143.68,"2,25,70,277","3,24,28,62,425.45","1,81,967","93,25,653",41.32
TATASTEEL,EQ,2024-02-27,142.65,142.65,144.5,142.0,144.2,144.2,143.45,"2,41,19,469","3,45,98,28,038.65","1,81,981","1,06,56,715",44.18
TATASTEEL,EQ,2024-02-28,144.2,144.05,144.95,140.05,140.7,140.75,142.2,"2,07,21,926","2,94,66,18,968.40","1,94,968","83,96,489",40.52
TATASTEEL,EQ,2024-02-29,140.75,140.8,141.85,139.4,141.6,140.85,140.78,"3,22,48,156","4,54,00,48,126.75","1,84,138","1,55,08,775",48.09
TATASTEEL,EQ,2024-03-01,140.85,143.0,150.65,143.0,150.55,149.95,147.83,"12,37,09,943","18,28,82,83,973.95","4,52,172","5,25,24,625",42.46
TATASTEEL,EQ,2024-03-02,149.95,152.0,156.2,151.0,155.35,155.25,154.02,"2,16,43,047","3,33,34,79,361.50","1,39,508","85,80,625",39.65
TATASTEEL,EQ,2024-03-04,155.25,154.9,154.9,151.05,153.0,153.1,153.02,"6,75,77,785","10,34,07,52,738.50","4,53,939","2,24,25,256",33.18
TATASTEEL,EQ,2024-03-05,153.1,153.2,154.0,150.75,152.0,151.85,152.4,"3,71,65,490","5,66,41,92,406.90","2,55,164","1,36,32,526",36.68
TATASTEEL,EQ,2024-03-06,151.85,151.8,152.65,147.9,151.75,151.6,149.88,"5,17,82,444","7,76,11,23,617.70","2,48,968","2,26,20,351",43.68
TATASTEEL,EQ,2024-03-07,151.6,152.4,159.15,152.25,157.05,157.25,156.5,"12,48,47,699","19,53,90,09,874.65","5,69,247","3,30,57,420",26.48
TATASTEEL,EQ,2024-03-11,157.25,158.9,158.9,153.0,153.75,153.45,154.27,"5,41,55,385","8,35,45,83,831.05","3,50,516","2,11,57,322",39.07
TATASTEEL,EQ,2024-03-12,153.45,154.2,154.55,150.9,152.3,152.5,152.46,"3,49,47,937","5,32,81,22,657.40","2,51,671","1,15,70,218",33.11
TATASTEEL,EQ,2024-03-13,152.5,152.8,152.9,142.5,143.35,143.65,146.32,"7,09,37,597","10,37,94,00,488.50","3,86,517","3,22,20,241",45.42
TATASTEEL,EQ,2024-03-14,143.65,143.6,143.95,138.35,142.7,142.45,141.39,"9,19,56,952","13,00,14,14,682.75","4,73,239","2,89,35,556",31.47
TATASTEEL,EQ,2024-03-15,142.45,142.9,143.7,139.85,141.8,141.7,141.75,"6,84,82,621","9,70,77,07,220.45","3,40,024","2,66,16,610",38.87
TATASTEEL,EQ,2024-03-18,141.7,142.55,150.25,142.2,148.8,149.7,147.47,"16,69,13,078","24,61,39,25,688.70","5,75,951","6,32,06,078",37.87
TATASTEEL,EQ,2024-03-19,149.7,149.0,152.45,147.6,148.7,148.75,149.67,"10,50,04,268","15,71,61,92,714.60","5,17,768","2,23,43,292",21.28
TATASTEEL,EQ,2024-03-20,148.75,149.6,150.65,143.85,145.4,145.65,146.24,"7,75,50,319","11,34,12,30,039.55","3,43,720","1,80,78,381",23.31
TATASTEEL,EQ,2024-03-21,145.65,148.0,151.2,147.8,150.2,150.1,150.09,"8,42,25,737","12,64,14,13,031.40","4,39,293","2,51,42,421",29.85
TATASTEEL,EQ,2024-03-22,150.1,149.0,152.75,148.35,151.45,151.8,151.31,"6,82,41,556","10,32,53,86,812.25","3,11,476","1,83,43,685",26.88
TATASTEEL,EQ,2024-03-26,151.8,151.15,153.4,150.5,152.25,152.4,152.04,"5,29,65,508","8,05,29,25,286.50","2,93,448","1,92,07,286",36.26
TATASTEEL,EQ,2024-03-27,152.4,152.45,154.1,152.0,152.6,152.7,153.04,"3,53,28,794","5,40,67,35,730.80","1,99,762","1,39,73,066",39.55
TATASTEEL,EQ,2024-03-28,152.7,152.7,157.0,152.7,156.2,155.85,155.17,"6,25,75,327","9,71,01,20,664.75","3,29,742","2,33,13,553",37.26
TATASTEEL,EQ,2024-04-01,155.85,156.8,163.9,156.5,162.8,163.15,161.41,"8,45,83,929","13,65,25,41,333.45","3,97,933","2,72,55,682",32.22
TATASTEEL,EQ,2024-04-02,163.15,162.95,165.5,161.8,164.6,164.65,163.87,"6,95,33,405","11,39,43,81,243.00","3,35,307","2,03,96,151",29.33
TATASTEEL,EQ,2024-04-03,164.65,164.65,166.25,163.1,163.6,163.65,164.75,"5,09,38,559","8,39,19,59,653.70","3,58,923","1,76,64,035",34.68
TATASTEEL,EQ,2024-04-04,163.65,165.55,165.95,161.0,163.95,163.4,163.29,"6,10,94,750","9,97,60,16,855.60","3,46,150","1,78,03,479",29.14
TATASTEEL,EQ,2024-04-05,163.4,163.9,164.15,160.8,163.3,163.35,162.44,"4,46,68,121","7,25,60,80,475.65","2,59,852","1,44,66,359",32.39
TATASTEEL,EQ,2024-04-08,163.35,166.95,166.95,164.2,164.9,165.2,165.36,"4,82,55,703","7,97,94,91,102.00","2,62,899","1,93,15,549",40.03
TATASTEEL,EQ,2024-04-09,165.2,166.0,169.8,165.2,166.05,166.0,167.56,"6,38,84,687","10,70,42,98,236.30","3,06,316","1,82,94,325",28.64
TATASTEEL,EQ,2024-04-10,166.0,167.3,169.2,164.5,165.1,165.05,166.69,"6,41,34,758","10,69,03,58,754.00","3,52,243","2,30,53,910",35.95
TATASTEEL,EQ,2024-04-12,165.05,166.0,166.0,163.0,163.5,163.5,164.33,"5,53,17,636","9,09,04,22,774.55","3,11,078","1,80,53,950",32.64
TATASTEEL,EQ,2024-04-15,163.5,161.8,164.7,158.6,161.15,160.85,161.55,"6,64,26,404","10,73,14,69,727.25","3,93,289","2,14,43,191",32.28
TATASTEEL,EQ,2024-04-16,160.85,160.85,162.45,159.0,160.3,160.05,160.8,"4,13,91,261","6,65,57,79,993.65","2,46,139","1,18,44,067",28.61
TATASTEEL,EQ,2024-04-18,160.05,160.9,164.0,159.15,161.2,160.05,161.96,"6,80,93,672","11,02,83,07,685.70","3,42,037","2,05,11,158",30.12
TATASTEEL,EQ,2024-04-19,160.05,160.0,162.5,157.3,161.9,162.1,160.47,"6,00,78,229","9,64,07,77,692.75","3,35,708","1,40,16,948",23.33
TATASTEEL,EQ,2024-04-22,162.1,163.8,164.7,161.5,162.1,161.85,162.68,"3,93,04,790","6,39,42,60,034.35","2,18,374","1,25,50,168",31.93
TATASTEEL,EQ,2024-04-23,161.85,163.5,163.5,160.8,161.1,161.15,161.98,"3,02,95,177","4,90,72,04,050.10","1,93,536","1,16,78,618",38.55
TATASTEEL,EQ,2024-04-24,161.15,162.45,166.9,161.45,165.7,165.55,164.89,"5,98,94,921","9,87,58,69,663.50","2,85,424","1,86,77,619",31.18
TATASTEEL,EQ,2024-04-25,165.55,165.4,168.0,164.15,167.0,167.7,166.15,"5,01,28,523","8,32,87,69,807.60","2,51,319","1,59,04,475",31.73
TATASTEEL,EQ,2024-04-26,167.7,168.0,170.7,165.25,166.2,165.8,167.69,"6,53,55,111","10,95,95,87,744.55","3,35,513","2,36,92,567",36.25
TATASTEEL,EQ,2024-04-29,165.8,168.2,169.6,166.9,167.4,167.4,167.97,"4,49,06,151","7,54,29,47,752.55","2,33,688","1,97,74,657",44.04
TATASTEEL,EQ,2024-04-30,167.4,168.4,168.4,164.5,164.75,165.0,165.94,"5,50,43,389","9,13,38,38,759.10","2,46,416","3,22,36,497",58.57
TATASTEEL,EQ,2024-05-02,165.0,165.0,168.9,165.0,167.6,167.35,167.53,"6,93,20,283","11,61,34,35,326.65","3,25,535","2,99,62,653",43.22
TATASTEEL,EQ,2024-05-03,167.35,168.95,170.75,165.15,166.5,166.5,168.13,"6,25,73,586","10,52,04,00,677.30","3,11,958","1,84,45,606",29.48
TATASTEEL,EQ,2024-05-06,166.5,167.95,168.65,164.7,167.5,167.6,167.17,"3,76,21,296","6,28,92,01,845.55","2,41,194","1,09,26,137",29.04
TATASTEEL,EQ,2024-05-07,167.6,167.95,167.95,162.3,164.2,164.25,164.76,"4,36,11,824","7,18,56,54,180.00","2,46,880","1,75,52,126",40.25
TATASTEEL,EQ,2024-05-08,164.25,164.2,167.1,163.5,166.4,166.05,165.88,"3,01,28,705","4,99,78,67,651.85","2,15,473","1,05,03,563",34.86
TATASTEEL,EQ,2024-05-09,166.05,165.95,166.7,161.5,162.0,161.9,164.05,"3,02,23,088","4,95,81,23,948.30","2,53,157","96,34,529",31.88
TATASTEEL,EQ,2024-05-10,161.9,163.2,164.35,161.85,162.4,162.25,162.98,"3,14,72,419","5,12,93,34,327.70","1,97,325","1,10,98,862",35.27
TATASTEEL,EQ,2024-05-13,162.25,162.45,164.5,158.05,164.0,163.85,161.69,"3,65,61,003","5,91,16,80,494.35","2,26,641","1,39,37,816",38.12
TATASTEEL,EQ,2024-05-14,163.85,164.1,166.55,163.5,164.85,164.95,165.16,"4,62,61,468","7,64,07,42,993.35","1,83,357","2,52,08,679",54.49
TATASTEEL,EQ,2024-05-15,164.95,164.95,167.55,164.95,165.85,165.6,166.13,"2,96,01,304","4,91,77,56,615.05","1,74,079","1,19,77,144",40.46
TATASTEEL,EQ,2024-05-16,165.6,167.25,168.0,162.3,165.85,165.9,165.1,"4,11,26,570","6,78,99,14,756.65","2,45,941","99,38,938",24.17
TATASTEEL,EQ,2024-05-17,165.9,166.6,168.45,165.45,167.2,167.35,167.21,"3,91,81,277","6,55,16,40,449.55","2,07,093","1,42,66,880",36.41
TATASTEEL,EQ,2024-05-18,167.35,168.0,168.3,167.3,167.8,167.9,167.97,"36,01,856","60,49,92,471.00","41,951","23,13,458",64.23
TATASTEEL,EQ,2024-05-21,167.9,168.5,175.2,167.95,174.0,174.35,172.79,"8,48,33,644","14,65,84,80,689.45","4,50,461","4,42,72,957",52.19
TATASTEEL,EQ,2024-05-22,174.35,175.45,175.5,171.5,173.05,173.3,173.1,"4,29,19,832","7,42,95,55,143.25","2,98,848","1,91,83,036",44.7
TATASTEEL,EQ,2024-05-23,173.3,173.05,175.8,170.5,175.15,175.5,173.37,"4,93,77,680","8,56,04,07,772.75","2,59,776","1,85,40,156",37.55
TATASTEEL,EQ,2024-05-24,175.5,174.95,177.55,174.15,174.9,174.85,176.15,"3,86,74,485","6,81,23,56,745.80","2,27,760","1,43,35,975",37.07
TATASTEEL,EQ,2024-05-27,174.85,177.7,177.7,174.85,175.7,175.5,176.22,"3,04,10,585","5,35,89,26,345.45","2,01,390","1,17,72,611",38.71
TATASTEEL,EQ,2024-05-28,175.5,175.9,177.5,173.45,175.1,174.9,175.61,"3,92,08,456","6,88,55,22,861.00","2,08,812","1,39,20,091",35.5
TATASTEEL,EQ,2024-05-29,174.9,174.75,176.0,173.5,174.0,174.25,174.52,"3,65,75,550","6,38,32,86,199.70","1,82,235","1,26,13,893",34.49
TATASTEEL,EQ,2024-05-30,174.25,172.0,172.0,163.35,165.2,164.15,166.88,"10,88,13,875","18,15,84,03,070.95","5,73,678","3,90,55,736",35.89
TATASTEEL,EQ,2024-05-31,164.15,166.05,167.95,164.0,167.45,167.2,166.27,"8,37,13,848","13,91,93,26,623.35","3,59,449","3,51,20,511",41.95
TATASTEEL,EQ,2024-06-03,167.2,173.25,175.0,168.85,174.35,174.25,172.44,"8,63,97,540","14,89,83,11,518.85","4,10,714","4,41,56,986",51.11
TATASTEEL,EQ,2024-06-04,174.25,174.5,174.65,148.15,160.0,158.95,160.74,"12,50,42,158","20,09,89,94,147.15","7,84,621","5,32,86,190",42.61
TATASTEEL,EQ,2024-06-05,158.95,162.15,169.6,159.0,169.0,169.2,164.36,"6,00,98,501","9,87,80,09,016.65","4,38,996","2,27,93,721",37.93
TATASTEEL,EQ,2024-06-06,169.2,170.0,174.7,169.4,172.15,172.05,172.34,"5,79,20,819","9,98,18,49,630.15","5,02,032","1,86,88,249",32.27
TATASTEEL,EQ,2024-06-07,172.05,172.0,179.65,170.8,178.85,178.9,177.14,"8,43,19,867","14,93,61,04,189.40","4,88,851","3,45,84,954",41.02
TATASTEEL,EQ,2024-06-10,178.9,180.21,182.1,177.36,180.45,180.29,180.4,"7,42,86,848","13,40,10,77,404.61","3,20,294","2,91,50,471",39.24
TATASTEEL,EQ,2024-06-11,180.29,180.5,183.75,180.5,181.6,181.33,182.06,"5,55,55,544","10,11,46,35,970.89","3,24,246","2,04,59,062",36.83
TATASTEEL,EQ,2024-06-12,181.33,182.25,183.87,181.5,182.47,182.23,182.95,"3,33,04,643","6,09,30,95,872.19","2,54,524","1,32,88,930",39.9
TATASTEEL,EQ,2024-06-13,182.23,183.4,184.1,180.51,182.5,182.56,182.23,"3,66,69,164","6,68,21,15,954.32","3,32,013","1,57,24,271",42.88
TATASTEEL,EQ,2024-06-14,182.56,182.95,183.5,181.4,182.9,183.15,182.61,"2,85,09,237","5,20,59,31,798.41","2,32,292","1,12,18,481",39.35
TATASTEEL,EQ,2024-06-18,183.15,183.8,184.6,180.6,181.25,181.12,182.12,"3,50,32,118","6,37,98,81,671.57","2,95,636","1,69,01,403",48.25
TATASTEEL,EQ,2024-06-19,181.12,182.45,182.49,179.31,180.07,180.02,180.63,"2,74,76,795","4,96,31,57,445.21","1,97,494","95,70,050",34.83
TATASTEEL,EQ,2024-06-20,180.02,181.6,182.95,179.37,182.75,182.28,181.91,"3,88,37,494","7,06,48,44,872.79","2,78,129","1,50,20,222",38.67
TATASTEEL,EQ,2024-06-21,182.28,179.4,180.9,178.18,179.94,179.94,179.76,"6,54,94,855","11,77,36,31,523.51","2,84,687","2,97,58,311",45.44
TATASTEEL,EQ,2024-06-24,179.94,177.44,178.95,175.1,177.8,177.96,177.26,"4,75,97,307","8,43,70,45,247.90","3,14,462","1,80,74,911",37.97
TATASTEEL,EQ,2024-06-25,177.96,177.99,179.0,175.25,175.86,175.68,176.61,"3,05,99,989","5,40,41,51,626.85","3,25,368","1,31,26,298",42.9
TATASTEEL,EQ,2024-06-26,175.68,175.68,176.0,171.84,172.8,172.56,172.87,"4,40,06,436","7,60,71,81,995.48","3,46,807","2,17,00,375",49.31
TATASTEEL,EQ,2024-06-27,172.56,172.56,174.95,171.8,174.35,174.16,173.41,"4,97,67,976","8,63,02,91,052.14","3,49,831","1,62,71,364",32.69
TATASTEEL,EQ,2024-06-28,174.16,174.17,177.1,173.57,174.75,174.01,175.29,"3,75,21,949","6,57,72,42,858.11","2,75,273","1,40,06,164",37.33
TATASTEEL,EQ,2024-07-01,174.01,174.5,175.99,173.51,174.25,174.07,174.62,"2,78,07,688","4,85,58,62,130.02","2,60,872","1,15,82,142",41.65
TATASTEEL,EQ,2024-07-02,174.07,174.47,175.75,173.6,174.61,174.54,174.54,"3,33,59,495","5,82,25,81,444.09","3,90,213","1,51,02,112",45.27
TATASTEEL,EQ,2024-07-03,174.54,174.54,176.88,174.4,176.38,176.37,175.56,"2,90,90,492","5,10,70,40,274.06","3,39,843","1,59,88,733",54.96
TATASTEEL,EQ,2024-07-04,176.37,177.0,178.19,175.82,176.5,176.29,176.85,"2,95,04,744","5,21,78,39,029.17","3,78,450","1,46,45,505",49.64
TATASTEEL,EQ,2024-07-05,176.29,176.2,176.2,173.4,175.0,174.71,174.65,"3,81,23,217","6,65,83,21,110.79","2,62,997","1,54,18,098",40.44
TATASTEEL,EQ,2024-07-08,174.71,174.6,175.47,172.09,172.49,172.28,173.35,"3,14,79,861","5,45,70,79,671.28","2,56,103","1,64,34,447",52.21
TATASTEEL,EQ,2024-07-09,172.28,173.6,173.7,171.51,171.94,171.8,172.31,"2,51,27,904","4,32,99,05,477.88","3,60,530","1,37,05,565",54.54
TATASTEEL,EQ,2024-07-10,171.8,172.5,172.89,167.02,168.2,167.98,168.76,"4,15,25,591","7,00,78,41,961.34","3,56,940","2,07,89,124",50.06
TATASTEEL,EQ,2024-07-11,167.98,170.0,170.95,168.67,169.45,168.92,169.53,"3,39,87,236","5,76,17,12,816.45","3,28,338","1,37,54,332",40.47
TATASTEEL,EQ,2024-07-12,168.92,170.2,170.39,168.01,168.1,168.69,168.98,"3,33,11,402","5,62,87,97,434.72","2,09,844","1,88,98,261",56.73
TATASTEEL,EQ,2024-07-15,168.69,168.69,168.99,165.8,167.1,166.76,167.02,"3,26,35,187","5,45,05,97,682.05","3,25,344","1,62,80,168",49.89
TATASTEEL,EQ,2024-07-16,166.76,167.8,169.82,166.7,167.25,167.07,168.15,"2,65,06,026","4,45,71,05,771.25","2,28,148","1,12,28,676",42.36
TATASTEEL,EQ,2024-07-18,167.07,167.61,167.61,164.44,166.45,166.36,165.6,"3,65,68,852","6,05,58,94,401.51","3,44,341","1,57,02,720",42.94
TATASTEEL,EQ,2024-07-19,166.36,166.0,166.09,157.2,158.1,157.77,159.86,"7,79,87,514","12,46,73,82,132.43","6,97,738","3,75,84,389",48.19
TATASTEEL,EQ,2024-07-22,157.77,158.4,160.7,156.41,160.69,160.32,159.58,"4,03,53,690","6,43,97,80,658.54","3,88,728","1,44,24,434",35.75
TATASTEEL,EQ,2024-07-23,160.32,161.6,161.97,155.0,160.19,160.02,159.14,"3,70,77,411","5,90,06,78,615.09","3,69,290","1,25,44,829",33.83
TATASTEEL,EQ,2024-07-24,160.02,160.02,162.02,159.19,160.2,160.31,160.83,"2,80,86,566","4,51,72,54,761.79","2,24,594","1,16,15,539",41.36
TATASTEEL,EQ,2024-07-25,160.31,158.5,158.5,156.9,157.5,157.39,157.5,"4,51,55,876","7,11,21,29,022.84","3,40,737","2,12,04,711",46.96
TATASTEEL,EQ,2024-07-26,157.39,158.75,162.95,158.21,162.62,162.55,161.88,"4,56,42,032","7,38,86,88,304.32","2,92,607","1,84,95,878",40.52
TATASTEEL,EQ,2024-07-29,162.55,164.7,164.7,162.33,162.9,162.87,163.32,"3,17,54,833","5,18,63,46,203.02","2,53,901","1,42,55,512",44.89
TATASTEEL,EQ,2024-07-30,162.87,162.9,165.3,161.31,164.55,164.07,163.43,"4,28,24,600","6,99,89,37,220.51","3,09,634","1,78,74,062",41.74
TATASTEEL,EQ,2024-07-31,164.07,166.29,166.5,163.55,165.44,165.33,164.78,"5,27,69,925","8,69,54,59,962.33","2,77,640","2,25,39,158",42.71
TATASTEEL,EQ,2024-08-01,165.33,168.2,168.95,160.9,163.07,163.06,164.04,"11,83,41,338","19,41,26,42,515.80","5,12,835","5,29,40,254",44.74
TATASTEEL,EQ,2024-08-02,163.06,161.0,161.19,154.72,158.39,158.22,158.29,"7,24,27,529","11,46,46,27,804.85","6,69,777","3,33,97,693",46.11
TATASTEEL,EQ,2024-08-05,158.22,153.66,154.0,149.0,149.34,149.82,151.19,"10,28,83,971","15,55,49,00,022.60","9,17,741","4,95,06,752",48.12
TATASTEEL,EQ,2024-08-06,149.82,151.21,153.8,149.61,151.17,150.32,151.52,"5,35,07,102","8,10,71,88,228.99","5,89,379","2,31,45,077",43.26
TATASTEEL,EQ,2024-08-07,150.32,153.7,154.3,151.9,154.15,153.86,153.05,"3,20,29,697","4,90,21,70,111.94","3,09,953","1,14,82,677",35.85
TATASTEEL,EQ,2024-08-08,153.86,153.4,153.44,150.0,150.6,150.28,151.32,"5,18,58,615","7,84,73,12,494.99","3,71,279","2,42,82,309",46.82
TATASTEEL,EQ,2024-08-09,150.28,153.0,153.0,151.25,151.7,151.81,152.06,"2,32,90,101","3,54,14,92,860.00","2,59,551","69,64,153",29.9
TATASTEEL,EQ,2024-08-12,151.81,151.0,153.4,149.88,152.14,152.06,152.12,"3,05,50,334","4,64,73,83,059.79","2,38,401","1,13,19,700",37.05
TATASTEEL,EQ,2024-08-13,152.06,152.1,152.95,148.5,148.9,148.88,150.42,"2,93,96,493","4,42,18,44,562.26","3,00,330","1,31,05,100",44.58
TATASTEEL,EQ,2024-08-14,148.88,149.9,149.9,142.35,146.5,146.17,145.48,"9,79,11,180","14,24,38,51,337.90","5,69,116","4,14,50,430",42.33
TATASTEEL,EQ,2024-08-16,146.17,148.0,150.0,146.46,149.5,149.52,147.79,"5,41,31,721","8,00,02,49,513.64","3,59,932","2,12,72,561",39.3
TATASTEEL,EQ,2024-08-19,149.52,150.85,154.3,150.39,154.09,153.96,152.26,"6,28,89,770","9,57,53,47,355.95","4,56,383","2,45,51,621",39.04
TATASTEEL,EQ,2024-08-20,153.96,155.7,155.7,152.8,153.85,153.93,153.47,"3,75,59,016","5,76,40,44,551.48","2,51,608","1,55,88,808",41.5
TATASTEEL,EQ,2024-08-21,153.93,153.0,154.18,151.77,152.0,151.92,152.43,"4,97,49,381","7,58,33,11,060.60","2,79,210","3,10,26,030",62.36
TATASTEEL,EQ,2024-08-22,151.92,152.51,154.35,152.51,154.0,154.14,153.67,"3,67,19,176","5,64,27,70,858.27","2,47,398","1,70,13,399",46.33
TATASTEEL,EQ,2024-08-23,154.14,154.0,154.39,152.55,154.3,154.2,153.73,"3,14,90,857","4,84,11,54,185.73","2,03,065","1,32,10,144",41.95
TATASTEEL,EQ,2024-08-26,154.2,154.61,156.4,153.7,155.9,155.7,155.03,"3,24,97,603","5,03,81,36,287.29","2,23,228","1,30,57,007",40.18
TATASTEEL,EQ,2024-08-27,155.7,155.8,156.5,154.6,154.75,154.7,155.27,"2,45,23,684","3,80,78,46,590.08","1,86,818","98,11,497",40.01
TATASTEEL,EQ,2024-08-28,154.7,154.7,155.0,153.05,153.65,153.7,153.88,"2,51,95,197","3,87,69,60,988.41","2,00,539","1,16,21,415",46.13
TATASTEEL,EQ,2024-08-29,153.7,153.21,153.56,151.2,153.15,152.97,152.64,"4,44,52,983","6,78,54,77,200.23","2,63,576","2,26,40,716",50.93
TATASTEEL,EQ,2024-08-30,152.97,153.0,155.25,152.47,153.3,152.76,153.54,"5,51,34,023","8,46,52,02,363.90","2,38,118","3,52,77,431",63.98
TATASTEEL,EQ,2024-09-02,152.76,153.9,153.9,152.14,152.7,152.88,152.93,"1,92,00,143","2,93,62,09,047.13","2,02,414","79,33,902",41.32
TATASTEEL,EQ,2024-09-03,152.88,152.84,153.45,152.01,152.28,152.15,152.42,"1,97,80,066","3,01,48,27,041.84","2,17,103","1,03,23,069",52.19
TATASTEEL,EQ,2024-09-04,152.15,149.5,152.18,149.16,150.95,151.18,150.88,"3,96,13,696","5,97,67,22,246.84","2,71,132","2,02,72,632",51.18
TATASTEEL,EQ,2024-09-05,151.18,151.0,152.79,151.0,152.03,151.72,151.9,"2,83,47,324","4,30,60,27,852.48","2,04,493","1,37,59,860",48.54
TATASTEEL,EQ,2024-09-06,151.72,151.94,152.9,149.65,151.25,151.22,151.12,"3,07,09,532","4,64,07,28,389.77","2,44,219","96,12,123",31.3
TATASTEEL,EQ,2024-09-09,151.22,150.9,150.9,148.05,149.5,149.47,149.39,"3,26,24,586","4,87,36,87,014.29","3,74,794","1,45,85,316",44.71
TATASTEEL,EQ,2024-09-10,149.47,150.5,151.59,148.81,149.59,149.42,149.93,"4,16,07,844","6,23,81,34,738.95","3,03,910","1,81,04,034",43.51
TATASTEEL,EQ,2024-09-11,149.42,149.9,150.2,147.62,148.38,148.17,148.9,"2,46,33,287","3,66,78,99,119.21","2,14,629","97,27,793",39.49
TATASTEEL,EQ,2024-09-12,148.17,152.0,152.44,148.75,151.8,151.74,150.69,"7,31,91,476","11,02,95,00,349.23","3,94,657","2,51,25,276",34.33
TATASTEEL,EQ,2024-09-13,151.74,152.78,155.4,152.5,153.4,153.49,153.99,"5,48,94,255","8,45,29,36,106.91","3,07,875","1,70,55,845",31.07
TATASTEEL,EQ,2024-09-16,153.49,155.0,155.66,153.5,154.15,154.21,154.43,"3,25,75,460","5,03,05,30,504.26","2,20,809","81,46,709",25.01
TATASTEEL,EQ,2024-09-17,154.21,154.0,154.24,152.27,152.7,152.82,153.06,"1,82,75,113","2,79,72,51,834.59","1,70,530","58,92,501",32.24
TATASTEEL,EQ,2024-09-18,152.82,152.4,152.98,149.61,150.55,150.6,151.06,"2,48,56,345","3,75,48,98,081.08","1,93,657","84,79,739",34.11
TATASTEEL,EQ,2024-09-19,150.6,151.89,152.19,147.79,150.08,149.54,149.59,"3,69,13,781","5,52,18,18,580.40","2,76,513","1,58,17,099",42.85
TATASTEEL,EQ,2024-09-20,149.54,151.0,153.34,150.65,152.1,152.02,152.14,"5,38,73,369","8,19,61,75,102.12","2,75,747","2,25,91,256",41.93
TATASTEEL,EQ,2024-09-23,152.02,154.38,154.39,152.8,153.85,153.99,153.57,"3,32,81,905","5,11,11,94,267.46","2,32,550","1,79,48,429",53.93
TATASTEEL,EQ,2024-09-24,153.99,155.15,161.5,154.85,160.65,160.53,159.11,"13,74,14,352","21,86,40,32,282.12","5,60,847","5,72,01,568",41.63
TATASTEEL,EQ,2024-09-25,160.53,161.5,162.69,159.52,161.53,161.66,161.19,"5,80,44,967","9,35,62,42,523.27","3,45,741","2,10,14,701",36.2
TATASTEEL,EQ,2024-09-26,161.66,162.0,165.9,160.48,165.41,165.61,164.02,"8,86,61,662","14,54,21,31,498.26","4,02,853","3,97,76,172",44.86
TATASTEEL,EQ,2024-09-27,165.61,167.0,169.01,165.89,166.13,166.55,167.16,"7,27,95,668","12,16,87,93,625.37","3,90,367","3,06,04,042",42.04
TATASTEEL,EQ,2024-09-30,166.55,167.5,170.18,167.26,168.11,168.55,169.02,"9,23,81,529","15,61,46,00,724.62","4,40,055","4,12,23,528",44.62
TATASTEEL,EQ,2024-10-01,168.55,169.49,169.49,165.1,166.7,167.03,167.13,"5,07,61,579","8,48,38,29,166.82","2,85,911","2,13,47,351",42.05
TATASTEEL,EQ,2024-10-03,167.03,165.5,169.99,164.52,166.99,166.98,167.92,"7,59,59,797","12,75,49,92,195.57","4,75,585","3,16,71,110",41.69
TATASTEEL,EQ,2024-10-04,166.98,167.0,169.1,164.0,166.92,166.75,166.97,"5,38,80,875","8,99,64,65,098.83","3,25,032","1,70,60,606",31.66
TATASTEEL,EQ,2024-10-07,166.75,167.1,167.95,162.33,164.08,164.36,164.93,"4,87,75,098","8,04,43,65,273.28","3,74,772","2,12,82,314",43.63
TATASTEEL,EQ,2024-10-08,164.36,163.0,163.59,156.7,159.89,159.52,159.07,"7,49,56,764","11,92,30,16,296.84","4,92,897","3,19,93,673",42.68
TATASTEEL,EQ,2024-10-09,159.52,159.52,162.2,158.11,158.3,159.06,160.33,"4,27,66,218","6,85,69,06,324.55","2,47,518","1,56,32,110",36.55
TATASTEEL,EQ,2024-10-10,159.06,158.3,161.18,156.6,159.99,159.72,159.82,"4,65,07,936","7,43,30,63,758.17","2,85,169","1,60,15,836",34.44
TATASTEEL,EQ,2024-10-11,159.72,159.3,163.78,159.2,160.85,160.66,161.54,"5,32,63,433","8,60,41,75,534.70","2,31,565","1,88,95,849",35.48
TATASTEEL,EQ,2024-10-14,160.66,161.88,163.38,158.04,158.29,158.32,159.69,"3,55,66,857","5,67,98,04,268.10","2,36,374","1,27,30,924",35.79
TATASTEEL,EQ,2024-10-15,158.32,159.5,159.53,155.05,155.66,155.63,156.14,"3,89,64,393","6,08,38,46,366.99","2,61,649","1,71,68,288",44.06
TATASTEEL,EQ,2024-10-16,155.63,155.19,156.55,154.02,155.1,155.24,155.35,"2,85,18,262","4,43,03,22,683.94","2,14,491","1,16,18,758",40.74
TATASTEEL,EQ,2024-10-17,155.24,155.65,156.3,152.1,152.5,152.4,153.63,"2,84,04,223","4,36,37,40,733.71","1,87,556","1,06,31,356",37.43
TATASTEEL,EQ,2024-10-18,152.4,152.4,156.2,151.1,155.5,155.39,154.3,"3,47,50,795","5,36,22,10,491.59","2,12,619","1,12,31,365",32.32
TATASTEEL,EQ,2024-10-21,155.39,156.1,157.93,154.59,155.0,155.03,155.43,"2,57,99,090","4,01,00,16,405.81","1,96,995","79,65,787",30.88
TATASTEEL,EQ,2024-10-22,155.03,154.9,154.9,150.1,150.9,150.39,151.88,"3,90,79,846","5,93,54,26,865.61","2,28,867","1,86,96,813",47.84
TATASTEEL,EQ,2024-10-23,150.39,150.3,151.95,148.05,148.69,148.78,149.84,"4,21,07,893","6,30,95,47,439.99","2,45,073","1,79,30,957",42.58
TATASTEEL,EQ,2024-10-24,148.78,149.49,149.83,148.01,149.06,148.98,148.92,"2,21,15,070","3,29,34,53,859.18","2,09,076","75,41,178",34.1
TATASTEEL,EQ,2024-10-25,148.98,149.0,149.5,144.43,146.25,145.86,145.89,"3,97,30,802","5,79,62,63,940.69","3,02,722","1,60,69,565",40.45
TATASTEEL,EQ,2024-10-28,145.86,146.0,149.73,144.73,149.5,149.38,148.11,"2,83,86,897","4,20,44,85,399.50","2,02,518","85,94,846",30.28
TATASTEEL,EQ,2024-10-29,149.38,149.85,150.45,146.55,150.1,150.06,148.24,"3,22,58,407","4,78,20,62,026.21","2,78,118","1,17,48,879",36.42
TATASTEEL,EQ,2024-10-30,150.06,148.1,150.95,148.1,148.85,148.97,149.65,"2,13,62,130","3,19,69,26,857.03","1,79,907","83,52,434",39.1
TATASTEEL,EQ,2024-10-31,148.97,149.08,149.95,148.2,148.33,148.56,148.87,"2,63,83,702","3,92,76,61,607.97","1,92,116","1,22,75,028",46.53
TATASTEEL,EQ,2024-11-01,148.56,149.66,150.25,149.0,149.7,149.75,149.85,"51,06,804","76,52,48,053.69","90,862","26,71,486",52.31
TATASTEEL,EQ,2024-11-04,149.75,150.0,150.0,145.1,147.1,146.95,146.86,"2,55,71,021","3,75,54,35,352.87","2,87,395","92,79,923",36.29
TATASTEEL,EQ,2024-11-05,146.95,147.0,152.55,146.95,152.45,152.29,150.69,"4,27,72,283","6,44,51,42,415.20","2,44,601","1,04,48,968",24.43
TATASTEEL,EQ,2024-11-06,152.29,154.0,154.95,149.59,153.81,153.62,151.73,"4,89,28,986","7,42,39,63,642.10","2,61,381","1,06,02,115",21.67
TATASTEEL,EQ,2024-11-07,153.62,156.11,156.92,150.2,151.15,150.95,153.48,"8,82,54,789","13,54,54,12,839.66","3,73,011","2,68,66,314",30.44
TATASTEEL,EQ,2024-11-08,150.95,152.0,152.0,146.94,147.3,147.57,149.2,"6,19,80,989","9,24,74,04,903.34","2,88,855","2,32,87,029",37.57
TATASTEEL,EQ,2024-11-11,147.57,147.57,147.69,144.1,145.3,145.01,145.58,"4,74,97,863","6,91,45,06,463.50","3,15,622","1,80,17,875",37.93
TATASTEEL,EQ,2024-11-12,145.01,145.65,147.13,143.6,143.9,144.17,145.51,"2,88,61,672","4,19,97,99,655.07","2,46,899","82,14,920",28.46
TATASTEEL,EQ,2024-11-13,144.17,143.6,143.6,138.6,139.69,139.17,140.03,"5,76,09,083","8,06,67,78,657.17","4,28,370","2,52,99,294",43.92
TATASTEEL,EQ,2024-11-14,139.17,139.71,140.73,137.5,138.1,137.98,138.75,"3,63,45,184","5,04,29,69,174.22","2,92,008","1,26,78,206",34.88
TATASTEEL,EQ,2024-11-18,137.98,139.49,143.25,138.0,141.2,141.21,140.81,"4,02,33,848","5,66,52,74,322.36","2,69,998","87,82,603",21.83
TATASTEEL,EQ,2024-11-19,141.21,142.0,142.49,139.06,139.58,139.46,140.88,"3,76,11,903","5,29,87,00,773.90","2,10,103","1,77,40,268",47.17
TATASTEEL,EQ,2024-11-21,139.46,139.5,141.6,137.25,140.0,140.22,139.78,"5,83,98,744","8,16,28,40,711.77","3,07,883","2,52,08,823",43.17
TATASTEEL,EQ,2024-11-22,140.22,140.15,143.19,139.65,142.55,142.78,141.57,"4,37,10,169","6,18,80,14,583.09","2,18,947","1,93,37,251",44.24
TATASTEEL,EQ,2024-11-25,142.78,144.94,146.15,142.84,143.87,143.67,144.36,"5,38,83,890","7,77,88,49,397.59","1,94,245","3,07,38,487",57.05
TATASTEEL,EQ,2024-11-26,143.67,144.22,145.8,143.58,144.42,144.47,144.86,"2,56,08,469","3,70,96,54,966.85","1,40,188","80,09,333",31.28
TATASTEEL,EQ,2024-11-27,144.47,144.31,144.9,142.9,144.64,144.53,143.94,"2,48,95,631","3,58,34,50,837.82","1,71,733","75,85,432",30.47
TATASTEEL,EQ,2024-11-28,144.53,144.0,145.25,143.09,143.63,143.39,144.13,"3,09,47,861","4,46,05,28,750.48","2,67,599","1,37,00,711",44.27
TATASTEEL,EQ,2024-11-29,143.39,143.9,145.49,143.05,144.45,144.54,144.47,"2,97,42,979","4,29,70,99,540.79","1,80,493","1,42,15,380",47.79
TATASTEEL,EQ,2024-12-02,144.54,144.11,146.83,143.14,146.36,146.41,145.29,"2,38,40,351","3,46,36,51,919.14","1,78,524","90,28,407",37.87
TATASTEEL,EQ,2024-12-03,146.41,146.75,148.2,146.34,146.6,146.54,146.87,"3,55,27,228","5,21,80,28,534.67","2,56,795","1,56,14,932",43.95
TATASTEEL,EQ,2024-12-04,146.54,147.0,147.05,144.0,145.89,145.85,145.43,"3,85,37,808","5,60,44,63,660.25","2,93,458","1,70,05,816",44.13
TATASTEEL,EQ,2024-12-05,145.85,146.5,147.88,144.8,147.11,147.07,146.48,"3,63,28,245","5,32,11,83,497.69","3,20,660","1,13,42,882",31.22
TATASTEEL,EQ,2024-12-06,147.07,147.5,148.68,146.6,148.1,148.29,147.54,"3,06,04,899","4,51,55,76,192.18","1,52,986","1,46,48,833",47.86
TATASTEEL,EQ,2024-12-09,148.29,148.29,150.67,146.63,149.7,149.88,148.72,"3,90,59,139","5,80,90,31,759.51","2,13,740","1,30,43,660",33.39
TATASTEEL,EQ,2024-12-10,149.88,150.19,152.5,149.31,150.38,150.32,150.93,"3,62,78,104","5,47,54,08,272.35","1,98,144","1,35,88,131",37.46
TATASTEEL,EQ,2024-12-11,150.32,150.59,152.11,150.06,150.65,150.6,151.24,"2,04,99,709","3,10,03,14,497.16","1,54,183","66,15,107",32.27
TATASTEEL,EQ,2024-12-12,150.6,150.87,151.63,148.7,150.4,150.78,150.22,"2,57,61,723","3,87,00,04,937.04","2,10,043","61,78,814",23.98
TATASTEEL,EQ,2024-12-13,150.78,150.0,150.05,145.55,148.8,148.95,147.45,"3,97,01,388","5,85,37,97,485.13","2,44,523","1,04,58,032",26.34
TATASTEEL,EQ,2024-12-16,148.95,148.94,149.8,147.1,147.8,147.79,148.03,"2,26,34,773","3,35,06,62,277.23","1,34,545","74,34,504",32.85
TATASTEEL,EQ,2024-12-17,147.79,147.79,148.5,145.33,145.65,145.68,146.89,"2,71,10,781","3,98,24,33,031.75","1,78,654","1,04,51,830",38.55
TATASTEEL,EQ,2024-12-18,145.68,146.0,146.9,143.3,144.54,144.46,144.65,"1,98,50,229","2,87,13,62,747.44","1,70,033","71,85,565",36.2
TATASTEEL,EQ,2024-12-19,144.46,141.55,143.8,141.1,143.14,143.26,142.36,"2,71,04,579","3,85,84,97,950.48","1,76,879","1,10,15,640",40.64
TATASTEEL,EQ,2024-12-20,143.26,142.89,144.4,140.0,140.45,140.68,142.23,"4,65,03,449","6,61,42,64,006.51","2,39,716","2,10,81,842",45.33
TATASTEEL,EQ,2024-12-23,140.68,142.45,143.8,140.61,141.81,141.71,142.37,"2,75,14,178","3,91,70,66,565.54","1,80,882","77,69,505",28.24
TATASTEEL,EQ,2024-12-24,141.71,141.2,141.5,139.25,140.9,140.38,140.29,"2,58,82,917","3,63,11,84,790.95","2,20,844","87,78,145",33.91
TATASTEEL,EQ,2024-12-26,140.38,140.95,141.15,139.51,140.6,140.36,140.24,"2,39,39,932","3,35,72,75,738.90","1,76,823","1,04,20,583",43.53
TATASTEEL,EQ,2024-12-27,140.36,140.7,141.75,138.61,138.97,138.91,139.95,"1,95,62,177","2,73,77,25,744.49","1,67,507","77,19,115",39.46
TATASTEEL,EQ,2024-12-30,138.91,138.91,139.25,136.09,137.5,136.88,137.76,"3,25,55,723","4,48,49,71,555.03","2,08,126","1,55,34,115",47.72
TATASTEEL,EQ,2024-12-31,136.88,136.87,138.68,136.56,138.1,138.05,137.63,"2,00,80,291","2,76,36,36,940.24","1,84,867","84,54,825",42.11
TATASTEEL,EQ,2025-01-01,138.05,138.1,138.45,136.58,136.87,136.74,137.06,"1,81,69,498","2,49,02,38,878.67","1,67,193","78,38,300",43.14
TATASTEEL,EQ,2025-01-02,136.74,137.0,138.45,136.4,138.0,138.18,137.44,"2,33,88,424","3,21,44,29,963.27","2,12,832","1,02,70,582",43.91
TATASTEEL,EQ,2025-01-03,138.18,138.18,139.73,137.84,138.33,138.36,138.69,"2,33,51,832","3,23,86,24,775.28","1,74,962","88,28,901",37.81
TATASTEEL,EQ,2025-01-06,138.36,138.36,138.39,131.35,132.0,132.18,133.44,"4,46,20,509","5,95,40,73,554.56","3,89,702","2,13,28,941",47.8
TATASTEEL,EQ,2025-01-07,132.18,132.78,133.88,132.01,133.18,133.38,133.05,"2,42,39,451","3,22,49,73,077.16","1,93,472","90,10,071",37.17
TATASTEEL,EQ,2025-01-08,133.38,133.93,134.24,131.77,132.55,132.64,132.65,"3,15,70,331","4,18,76,51,105.64","2,62,476","1,61,75,067",51.24
TATASTEEL,EQ,2025-01-09,132.64,132.0,132.4,129.7,130.12,129.93,130.53,"3,19,03,107","4,16,42,81,728.67","2,52,233","1,64,17,897",51.46
TATASTEEL,EQ,2025-01-10,129.93,129.93,130.39,126.7,127.78,127.43,128.02,"3,48,55,510","4,46,23,16,144.21","2,61,109","1,67,62,199",48.09
TATASTEEL,EQ,2025-01-13,127.43,126.0,126.5,122.62,122.8,122.93,124.43,"3,89,68,332","4,84,87,85,035.50","3,30,215","1,73,62,463",44.56
TATASTEEL,EQ,2025-01-14,122.93,122.94,127.64,122.94,127.22,126.93,126.13,"3,68,77,365","4,65,14,65,899.79","2,53,782","1,42,43,031",38.62
TATASTEEL,EQ,2025-01-15,126.93,128.0,128.31,125.78,126.6,126.53,127.0,"1,87,73,125","2,38,41,73,457.53","1,96,481","61,49,299",32.76
TATASTEEL,EQ,2025-01-16,126.53,128.0,128.47,126.56,127.7,127.81,127.54,"2,21,64,393","2,82,68,49,469.18","1,76,428","75,85,901",34.23
TATASTEEL,EQ,2025-01-17,127.81,127.9,131.16,127.64,130.15,130.28,129.6,"2,74,21,959","3,55,37,81,052.65","2,08,791","95,40,696",34.79
TATASTEEL,EQ,2025-01-20,130.28,130.99,132.1,128.91,131.47,131.66,130.59,"2,05,71,916","2,68,64,64,953.32","1,73,350","82,99,727",40.34
TATASTEEL,EQ,2025-01-21,131.66,132.06,132.4,129.25,129.78,129.7,130.69,"3,22,38,213","4,21,33,67,366.39","2,16,078","1,13,30,959",35.15
TATASTEEL,EQ,2025-01-22,129.7,130.25,130.35,127.12,128.85,128.92,128.45,"2,75,05,569","3,53,30,07,239.30","1,96,312","1,20,73,421",43.89
TATASTEEL,EQ,2025-01-23,128.92,127.85,130.75,127.7,130.65,130.37,130.01,"2,07,22,538","2,69,40,72,514.27","1,49,396","70,29,949",33.92
TATASTEEL,EQ,2025-01-24,130.37,130.5,133.2,129.31,130.5,129.74,131.01,"3,70,92,106","4,85,96,03,275.51","2,32,578","1,74,63,444",47.08
TATASTEEL,EQ,2025-01-27,129.74,129.02,129.45,125.74,126.55,126.37,127.93,"2,46,50,571","3,15,36,38,220.92","1,92,562","79,48,419",32.24
TATASTEEL,EQ,2025-01-28,126.37,126.37,130.49,124.74,128.95,128.62,128.42,"4,03,73,804","5,18,48,26,348.23","2,80,931","1,04,99,657",26.01
TATASTEEL,EQ,2025-01-29,128.62,129.0,131.34,128.55,131.0,130.8,130.49,"1,66,74,706","2,17,58,73,479.85","1,51,765","49,80,978",29.87
TATASTEEL,EQ,2025-01-30,130.8,130.8,132.15,130.1,131.8,131.12,131.3,"2,52,56,096","3,31,60,53,251.18","1,52,907","1,11,63,956",44.2
TATASTEEL,EQ,2025-01-31,131.12,131.12,135.0,129.93,134.9,134.62,133.62,"2,66,89,228","3,56,63,38,275.87","1,70,870","94,55,216",35.43
TATASTEEL,EQ,2025-02-01,134.62,135.0,135.5,130.25,133.0,132.97,133.26,"2,11,73,846","2,82,17,02,724.62","1,22,582","60,93,849",28.78
TATASTEEL,EQ,2025-02-03,132.97,131.29,132.51,127.81,131.52,131.82,130.02,"2,77,65,357","3,61,01,21,727.84","2,17,595","1,00,31,570",36.13
TATASTEEL,EQ,2025-02-04,131.82,132.8,134.34,131.87,133.1,133.42,133.08,"2,50,32,519","3,33,13,80,045.26","1,73,008","94,66,982",37.82
TATASTEEL,EQ,2025-02-05,133.42,133.15,135.39,133.08,134.34,134.4,134.61,"1,69,58,362","2,28,28,13,794.56","1,50,442","67,73,457",39.94
TATASTEEL,EQ,2025-02-06,134.4,134.5,134.87,132.02,132.65,132.54,132.72,"2,24,08,168","2,97,39,56,819.77","1,52,707","87,83,873",39.2
TATASTEEL,EQ,2025-02-07,132.54,133.3,138.75,132.56,138.16,138.31,136.76,"5,29,50,146","7,24,16,65,875.06","2,78,840","1,54,10,196",29.1
TATASTEEL,EQ,2025-02-10,138.31,138.1,138.1,133.0,133.91,134.04,134.12,"2,61,20,805","3,50,33,87,611.66","1,88,430","84,52,030",32.36
TATASTEEL,EQ,2025-02-11,134.04,133.0,134.34,129.7,130.2,130.11,131.71,"2,36,35,428","3,11,30,46,800.70","1,89,150","69,85,575",29.56
TATASTEEL,EQ,2025-02-12,130.11,129.35,133.29,128.31,132.25,132.28,130.91,"3,79,27,696","4,96,51,12,642.36","2,19,471","1,34,53,594",35.47
TATASTEEL,EQ,2025-02-13,132.28,132.28,137.69,131.86,136.41,136.25,136.07,"5,20,36,196","7,08,07,56,827.59","2,40,088","2,38,47,755",45.83
TATASTEEL,EQ,2025-02-14,136.25,136.25,139.25,133.33,134.02,134.47,135.51,"4,14,69,242","5,61,95,70,218.29","2,24,745","1,31,58,571",31.73
TATASTEEL,EQ,2025-02-17,134.47,132.91,134.8,130.73,134.31,134.29,133.28,"2,11,89,637","2,82,41,89,592.79","1,94,558","53,28,613",25.15
TATASTEEL,EQ,2025-02-18,134.29,134.29,134.9,131.75,134.16,134.54,133.31,"2,39,57,576","3,19,37,39,383.77","1,44,444","88,31,890",36.86
TATASTEEL,EQ,2025-02-19,134.54,134.5,136.88,133.03,135.8,135.76,135.87,"1,84,47,487","2,50,63,99,510.52","1,42,282","43,28,733",23.47
TATASTEEL,EQ,2025-02-20,135.76,135.27,138.36,135.0,138.0,138.04,137.22,"2,41,39,808","3,31,25,52,015.27","1,75,522","1,05,55,441",43.73
TATASTEEL,EQ,2025-02-21,138.04,137.91,141.6,137.15,140.6,140.76,140.19,"4,19,87,785","5,88,62,50,057.98","2,58,806","1,47,67,144",35.17
TATASTEEL,EQ,2025-02-24,140.76,138.81,140.66,136.66,137.39,137.65,138.86,"2,51,93,205","3,49,82,35,797.80","1,94,696","77,70,450",30.84
TATASTEEL,EQ,2025-02-25,137.65,138.49,139.35,136.7,137.0,137.07,137.56,"2,35,75,603","3,24,30,71,564.86","2,02,741","83,61,925",35.47
TATASTEEL,EQ,2025-02-27,137.07,137.21,138.99,135.88,138.8,138.69,137.24,"3,07,47,044","4,21,96,34,170.42","1,77,643","1,53,03,125",49.77
TATASTEEL,EQ,2025-02-28,138.69,137.8,137.8,134.06,137.16,137.2,136.23,"4,55,40,594","6,20,39,16,419.27","2,70,079","2,18,50,030",47.98
TATASTEEL,EQ,2025-03-03,137.2,137.0,139.05,134.31,138.32,138.57,137.02,"3,11,54,401","4,26,88,41,100.55","2,28,959","1,24,86,250",40.08
TATASTEEL,EQ,2025-03-04,138.57,136.15,140.94,135.81,139.29,139.34,139.13,"2,86,34,645","3,98,38,76,585.13","1,73,877","94,20,679",32.9
TATASTEEL,EQ,2025-03-05,139.34,139.0,146.49,139.0,145.68,146.1,144.05,"6,21,09,377","8,94,68,72,004.34","3,84,142","2,88,16,049",46.4
TATASTEEL,EQ,2025-03-06,146.1,146.79,152.2,146.2,149.74,150.44,149.77,"7,91,21,467","11,84,98,00,824.69","3,48,979","3,87,52,788",48.98
TATASTEEL,EQ,2025-03-07,150.44,149.74,152.45,149.27,151.5,151.56,151.57,"8,18,21,791","12,40,15,72,015.30","2,98,325","4,94,64,819",60.45
TATASTEEL,EQ,2025-03-10,151.56,151.56,154.24,150.41,150.65,151.05,152.25,"5,44,50,331","8,29,02,75,937.58","2,72,383","2,76,75,732",50.83
TATASTEEL,EQ,2025-03-11,151.05,148.1,151.7,148.0,150.83,150.75,150.56,"3,59,16,900","5,40,77,20,556.67","1,82,888","1,53,12,958",42.63
TATASTEEL,EQ,2025-03-12,150.75,151.0,152.28,147.7,150.28,150.3,149.75,"2,63,77,549","3,95,00,05,335.92","1,52,112","98,11,597",37.2
TATASTEEL,EQ,2025-03-13,150.3,152.0,153.56,150.02,150.7,150.88,151.47,"4,82,86,431","7,31,40,85,180.50","2,06,875","2,54,10,188",52.62
TATASTEEL,EQ,2025-03-17,150.88,151.99,152.64,150.9,152.01,151.81,151.74,"3,58,79,781","5,44,44,35,545.07","1,91,938","2,12,04,636",59.1
TATASTEEL,EQ,2025-03-18,151.81,153.0,154.83,152.22,154.6,154.66,153.68,"3,81,25,586","5,85,91,64,416.95","2,77,281","2,25,17,237",59.06
TATASTEEL,EQ,2025-03-19,154.66,156.8,159.2,156.5,158.54,158.6,158.11,"6,61,61,413","10,46,08,45,185.47","3,62,436","4,09,44,691",61.89
TATASTEEL,EQ,2025-03-20,158.6,160.0,160.1,156.65,159.03,159.04,158.64,"3,98,89,517","6,32,80,46,698.67","1,93,466","2,26,57,432",56.8
TATASTEEL,EQ,2025-03-21,159.04,159.03,159.75,156.82,157.08,157.28,157.96,"4,91,84,821","7,76,92,39,117.59","1,54,615","3,30,06,839",67.11
TATASTEEL,EQ,2025-03-24,157.28,158.0,159.0,157.11,158.29,158.42,158.42,"3,09,05,773","4,89,59,84,860.52","1,54,989","1,91,64,089",62.01
TATASTEEL,EQ,2025-03-25,158.42,159.0,159.0,156.05,156.27,156.73,157.22,"2,84,67,187","4,47,57,45,077.22","1,82,282","1,24,42,133",43.71
TATASTEEL,EQ,2025-03-26,156.73,156.2,157.54,155.01,155.07,155.81,156.44,"2,31,82,869","3,62,67,32,598.78","1,42,138","1,42,83,560",61.61
TATASTEEL,EQ,2025-03-27,155.81,154.8,156.1,154.2,155.36,155.42,155.47,"2,59,09,068","4,02,80,14,189.92","1,36,794","1,62,32,793",62.65
TATASTEEL,EQ,2025-03-28,155.42,155.38,156.91,153.37,153.98,154.24,154.5,"2,45,89,315","3,79,89,35,508.26","1,05,656","1,41,47,410",57.53
TATASTEEL,EQ,2025-04-01,154.24,152.07,155.34,152.07,153.25,153.12,153.41,"2,91,42,122","4,47,07,69,084.97","1,51,632","1,47,51,159",50.62
TATASTEEL,EQ,2025-04-02,153.12,154.0,156.25,152.27,154.84,154.69,154.35,"2,49,77,582","3,85,52,06,531.03","1,22,844","1,08,65,755",43.5
TATASTEEL,EQ,2025-04-03,154.69,153.0,155.97,152.6,153.85,153.62,154.44,"1,51,17,526","2,33,47,71,453.89","1,10,552","54,66,140",36.16
TATASTEEL,EQ,2025-04-04,153.62,152.62,152.99,140.0,140.67,140.39,143.35,"8,08,46,143","11,58,95,98,417.40","4,39,854","4,33,89,776",53.67
TATASTEEL,EQ,2025-04-07,140.39,128.0,130.35,125.33,130.2,129.48,127.62,"12,18,06,340","15,54,44,31,644.89","6,07,208","4,76,71,276",39.14
TATASTEEL,EQ,2025-04-08,129.48,134.89,136.2,128.02,130.05,130.28,131.06,"6,89,99,181","9,04,32,62,229.44","3,60,513","2,12,70,380",30.83
TATASTEEL,EQ,2025-04-09,130.28,130.0,130.0,125.3,127.35,127.18,127.06,"7,33,99,980","9,32,62,18,503.85","4,26,871","3,05,71,861",41.65
TATASTEEL,EQ,2025-04-11,127.18,134.67,134.7,130.49,133.47,133.42,133.0,"7,37,06,472","9,80,30,73,537.58","3,49,444","2,50,63,106",34.0
TATASTEEL,EQ,2025-04-15,133.42,135.6,137.0,134.84,136.7,136.41,135.97,"3,89,67,608","5,29,84,86,163.86","2,36,436","1,60,72,784",41.25
TATASTEEL,EQ,2025-04-16,136.41,136.41,137.6,134.62,137.1,136.97,135.86,"4,26,84,087","5,79,91,67,230.47","1,96,883","1,34,53,089",31.52
TATASTEEL,EQ,2025-04-17,136.97,134.4,137.96,133.7,137.24,137.14,135.99,"6,22,82,856","8,47,01,43,514.15","3,62,747","2,38,31,161",38.26
TATASTEEL,EQ,2025-04-21,137.14,137.65,140.3,137.05,139.5,139.18,139.08,"2,65,03,486","3,68,62,12,972.38","2,07,964","86,75,738",32.73
TATASTEEL,EQ,2025-04-22,139.18,142.0,142.84,137.7,137.97,138.16,139.74,"5,84,29,662","8,16,51,64,937.32","2,30,625","2,35,53,329",40.31
TATASTEEL,EQ,2025-04-23,138.16,139.39,141.5,137.32,140.7,141.16,139.59,"3,78,51,304","5,28,34,98,279.14","2,00,342","1,42,73,704",37.71
TATASTEEL,EQ,2025-04-24,141.16,140.7,141.88,140.28,141.44,141.52,141.36,"2,30,61,444","3,26,00,00,657.11","1,26,453","84,61,667",36.69
TATASTEEL,EQ,2025-04-25,141.52,142.0,143.45,138.02,138.54,138.85,139.96,"3,77,64,696","5,28,56,18,336.86","1,98,899","1,37,16,788",36.32
TATASTEEL,EQ,2025-04-28,138.85,138.54,142.6,138.38,141.99,142.07,141.25,"2,69,71,589","3,80,96,14,109.69","1,60,043","1,00,27,777",37.18
TATASTEEL,EQ,2025-04-29,142.07,142.07,143.3,140.92,141.56,141.5,141.93,"2,57,58,449","3,65,59,94,014.18","1,62,820","85,94,256",33.36
TATASTEEL,EQ,2025-04-30,141.5,141.45,141.56,138.0,139.56,140.08,140.63,"2,92,05,042","4,10,72,41,617.98","1,49,767","1,31,55,765",45.05
TATASTEEL,EQ,2025-05-02,140.08,140.0,143.1,139.45,141.01,141.18,141.52,"3,48,52,288","4,93,23,73,274.49","2,13,141","1,44,99,226",41.6
TATASTEEL,EQ,2025-05-05,141.18,141.57,142.7,141.2,142.1,142.08,142.08,"1,72,13,477","2,44,56,79,467.61","1,10,720","75,28,731",43.74
TATASTEEL,EQ,2025-05-06,142.08,142.08,145.4,141.54,144.03,144.44,143.99,"4,26,58,262","6,14,23,62,668.10","2,30,798","1,48,84,708",34.89
TATASTEEL,EQ,2025-05-07,144.44,142.2,146.95,142.2,145.7,146.0,145.11,"3,46,74,594","5,03,17,39,767.38","1,92,575","1,32,31,478",38.16
TATASTEEL,EQ,2025-05-08,146.0,146.0,146.66,142.85,143.28,143.67,144.24,"2,96,87,927","4,28,22,62,715.18","1,54,433","1,50,40,709",50.66
TATASTEEL,EQ,2025-05-09,143.67,140.99,143.27,140.51,142.8,142.78,142.22,"2,18,75,453","3,11,10,85,069.45","1,45,961","71,77,063",32.81
TATASTEEL,EQ,2025-05-12,142.78,145.61,151.95,144.5,150.95,151.63,149.79,"4,70,87,413","7,05,33,42,672.26","2,33,295","2,00,20,085",42.52
TATASTEEL,EQ,2025-05-13,151.63,152.0,152.99,149.01,149.6,149.43,150.33,"5,43,89,876","8,17,64,31,830.42","2,66,505","2,15,14,956",39.56
TATASTEEL,EQ,2025-05-14,149.43,151.0,157.15,151.0,155.3,155.31,155.49,"6,00,02,060","9,33,00,07,517.78","2,90,806","1,91,13,978",31.86
TATASTEEL,EQ,2025-05-15,155.31,155.5,157.84,154.3,157.19,157.35,156.79,"5,70,66,105","8,94,72,11,738.95","2,73,956","2,45,48,816",43.02
TATASTEEL,EQ,2025-05-16,157.35,157.35,158.15,157.0,157.4,157.55,157.53,"2,28,84,754","3,60,49,83,002.25","1,62,033","99,99,932",43.7
TATASTEEL,EQ,2025-05-19,157.55,158.0,158.14,156.13,157.25,157.57,157.15,"2,18,39,582","3,43,21,07,324.54","1,38,964","1,01,30,837",46.39
TATASTEEL,EQ,2025-05-20,157.57,158.35,162.1,158.0,159.59,158.69,159.87,"5,80,61,639","9,28,25,78,000.22","2,71,597","2,47,53,673",42.63
TATASTEEL,EQ,2025-05-21,158.69,159.45,161.85,158.53,161.75,161.64,160.74,"3,60,44,599","5,79,36,34,967.30","2,21,401","1,87,69,866",52.07
TATASTEEL,EQ,2025-05-22,161.64,160.98,163.6,160.36,161.5,161.29,162.03,"6,07,15,453","9,83,76,42,663.43","2,62,828","3,53,37,633",58.2
TATASTEEL,EQ,2025-05-23,161.29,161.6,163.53,161.5,163.1,162.97,162.62,"2,94,83,665","4,79,46,11,681.16","1,83,753","1,69,43,736",57.47
TATASTEEL,EQ,2025-05-26,162.97,163.1,165.55,162.05,162.37,162.51,163.34,"2,55,81,584","4,17,85,34,087.15","1,64,313","87,12,332",34.06
TATASTEEL,EQ,2025-05-27,162.51,162.51,163.9,160.62,161.76,161.66,162.06,"2,32,96,776","3,77,55,35,758.64","1,77,933","82,26,302",35.31
TATASTEEL,EQ,2025-05-28,161.66,162.4,162.69,160.65,161.06,161.24,161.3,"1,30,44,476","2,10,40,98,511.17","91,891","46,15,303",35.38
TATASTEEL,EQ,2025-05-29,161.24,162.19,163.95,161.5,163.15,163.12,162.87,"2,64,55,081","4,30,87,11,010.73","1,92,455","1,12,32,275",42.46
TATASTEEL,EQ,2025-05-30,163.12,163.11,163.89,160.51,161.0,161.02,161.3,"3,27,39,340","5,28,07,69,846.88","1,51,091","2,04,34,630",62.42
TATASTEEL,EQ,2025-06-02,161.02,159.0,160.12,157.3,159.12,159.04,158.87,"3,13,65,564","4,98,30,82,554.34","1,69,213","1,60,69,335",51.23
TATASTEEL,EQ,2025-06-03,159.04,159.04,160.65,157.17,157.39,157.35,158.36,"2,83,98,746","4,49,71,79,711.39","1,56,056","1,66,61,984",58.67
TATASTEEL,EQ,2025-06-04,157.35,157.5,158.98,156.81,158.4,158.18,158.01,"1,66,60,138","2,63,25,49,264.24","1,29,263","88,56,355",53.16
TATASTEEL,EQ,2025-06-05,158.18,158.86,159.09,157.05,158.05,157.97,157.93,"2,37,08,504","3,74,43,25,538.10","1,22,241","1,26,33,200",53.29
TATASTEEL,EQ,2025-06-06,157.97,155.7,157.88,154.25,157.55,157.49,156.38,"2,58,04,151","4,03,52,14,926.14","1,33,400","96,15,928",37.27
TATASTEEL,EQ,2025-06-09,157.49,157.69,158.2,156.82,157.3,157.32,157.52,"1,53,15,437","2,41,24,61,355.70","1,27,577","69,22,150",45.2
TATASTEEL,EQ,2025-06-10,157.32,158.0,159.3,155.5,155.65,155.68,156.87,"2,27,64,080","3,57,09,61,629.98","1,32,605","99,36,816",43.65
TATASTEEL,EQ,2025-06-11,155.68,156.45,157.53,155.31,156.09,156.41,156.54,"1,76,05,668","2,75,59,81,215.78","1,07,872","62,00,493",35.22
TATASTEEL,EQ,2025-06-12,156.41,156.0,156.26,151.85,152.6,152.89,153.46,"2,78,46,151","4,27,33,15,865.00","1,65,106","1,42,24,462",51.08
TATASTEEL,EQ,2025-06-13,152.89,149.8,152.5,149.8,152.34,152.13,151.71,"2,42,77,592","3,68,32,71,732.64","1,31,667","1,23,65,343",50.93
TATASTEEL,EQ,2025-06-16,152.13,152.01,154.5,150.84,154.1,154.17,153.22,"1,61,88,193","2,48,03,18,213.73","1,19,308","68,31,702",42.2
TATASTEEL,EQ,2025-06-17,154.17,153.81,154.89,152.35,152.58,152.6,153.42,"1,67,40,382","2,56,82,77,833.38","1,12,427","80,40,981",48.03
TATASTEEL,EQ,2025-06-18,152.6,152.2,153.2,150.8,152.0,152.11,151.99,"1,48,60,746","2,25,87,49,524.45","91,669","64,10,182",43.13
TATASTEEL,EQ,2025-06-19,152.11,152.0,152.45,150.5,150.51,151.0,151.16,"2,01,45,922","3,04,53,43,206.89","1,62,901","98,69,383",48.99
TATASTEEL,EQ,2025-06-20,151.0,150.75,153.17,150.63,151.7,151.97,152.01,"2,99,44,714","4,55,19,25,313.29","1,18,765","2,00,66,589",67.01
TATASTEEL,EQ,2025-06-23,151.97,150.5,153.3,150.48,152.35,152.43,151.85,"1,70,96,676","2,59,61,69,014.17","1,07,530","81,87,151",47.89
TATASTEEL,EQ,2025-06-24,152.43,153.8,156.97,153.64,155.03,154.79,155.29,"2,54,03,324","3,94,49,49,688.49","1,68,818","1,02,43,096",40.32
TATASTEEL,EQ,2025-06-25,154.79,155.9,156.9,155.51,156.33,156.39,156.25,"1,82,40,433","2,84,99,80,442.59","1,15,858","95,46,028",52.33
TATASTEEL,EQ,2025-06-26,156.39,156.87,161.1,156.45,160.4,160.54,158.9,"4,06,50,557","6,45,91,90,605.70","2,00,746","1,85,09,427",45.53
TATASTEEL,EQ,2025-06-27,160.54,161.0,163.3,160.7,161.29,161.45,162.18,"3,19,89,509","5,18,80,45,925.09","1,79,054","1,45,57,136",45.51
TATASTEEL,EQ,2025-06-30,161.45,160.99,162.2,159.5,159.8,159.76,160.62,"1,58,42,285","2,54,45,27,360.88","1,43,198","68,63,504",43.32
TATASTEEL,EQ,2025-07-01,159.76,160.01,160.44,157.73,159.8,160.06,159.3,"1,78,23,415","2,83,91,98,867.00","1,38,779","72,57,790",40.72
TATASTEEL,EQ,2025-07-02,160.06,160.06,166.15,159.83,165.95,165.88,164.17,"6,33,15,210","10,39,45,30,770.33","2,58,609","2,84,20,200",44.89
TATASTEEL,EQ,2025-07-03,165.88,166.0,168.78,165.21,165.55,165.91,166.97,"6,05,71,824","10,11,36,75,423.24","2,47,576","2,66,63,806",44.02
TATASTEEL,EQ,2025-07-04,165.91,165.91,166.49,162.0,163.1,163.01,163.37,"2,29,38,753","3,74,75,36,836.05","1,67,118","83,70,911",36.49
TATASTEEL,EQ,2025-07-07,163.01,163.0,163.35,160.05,162.52,162.4,162.47,"1,74,69,909","2,83,82,87,843.46","1,23,250","81,07,060",46.41
TATASTEEL,EQ,2025-07-08,162.4,162.45,162.9,161.6,161.9,161.97,162.03,"1,13,98,248","1,84,68,07,797.96","81,709","64,76,866",56.82
TATASTEEL,EQ,2025-07-09,161.97,161.95,161.95,157.51,159.2,159.0,159.15,"2,98,39,077","4,74,90,12,087.28","2,16,941","1,34,80,672",45.18
TATASTEEL,EQ,2025-07-10,159.0,160.0,161.55,159.28,160.63,160.66,160.44,"1,75,66,887","2,81,84,00,050.43","1,34,347","58,19,910",33.13
TATASTEEL,EQ,2025-07-11,160.66,160.64,161.62,159.32,159.99,159.84,160.12,"2,06,89,511","3,31,27,58,884.80","1,46,555","98,98,492",47.84
TATASTEEL,EQ,2025-07-14,159.84,159.84,161.12,159.3,160.25,160.44,160.23,"1,51,52,964","2,42,79,12,916.42","1,46,442","74,13,714",48.93
TATASTEEL,EQ,2025-07-15,160.44,160.26,160.85,157.95,159.3,159.0,159.12,"1,79,93,051","2,86,29,95,009.50","1,10,529","77,20,952",42.91
TATASTEEL,EQ,2025-07-16,159.0,159.0,159.27,157.0,157.3,157.33,157.49,"1,45,91,157","2,29,79,16,076.70","1,26,421","68,05,254",46.64
TATASTEEL,EQ,2025-07-17,157.33,157.5,160.7,157.12,159.97,159.9,159.06,"2,17,33,241","3,45,68,71,121.62","1,38,067","84,47,552",38.87
TATASTEEL,EQ,2025-07-18,159.9,160.1,162.75,160.1,162.5,162.37,161.77,"3,07,28,478","4,97,08,71,355.15","1,73,316","1,42,33,294",46.32
TATASTEEL,EQ,2025-07-21,162.37,162.5,165.6,162.49,163.18,163.02,163.66,"2,98,12,899","4,87,91,17,483.09","1,74,007","1,30,51,947",43.78
TATASTEEL,EQ,2025-07-22,163.02,163.3,164.41,162.73,162.97,163.04,163.59,"1,36,15,524","2,22,72,99,724.19","1,35,609","67,16,313",49.33
TATASTEEL,EQ,2025-07-23,163.04,163.25,164.14,161.88,162.51,162.77,163.02,"1,42,87,149","2,32,90,66,721.33","1,22,780","66,79,262",46.75
TATASTEEL,EQ,2025-07-24,162.77,163.0,164.75,162.81,163.6,163.48,163.7,"1,43,77,270","2,35,34,90,655.47","1,17,000","65,30,162",45.42
TATASTEEL,EQ,2025-07-25,163.48,163.5,163.59,161.05,161.51,161.43,161.79,"1,24,43,495","2,01,31,77,001.53","1,40,857","47,98,378",38.56
TATASTEEL,EQ,2025-07-28,161.43,161.23,162.29,159.09,159.34,159.68,160.51,"1,92,96,285","3,09,72,28,521.77","2,20,177","1,10,44,520",57.24
TATASTEEL,EQ,2025-07-29,159.68,158.2,162.45,158.2,162.22,161.69,160.78,"1,52,62,937","2,45,39,35,250.07","95,240","63,76,395",41.78
TATASTEEL,EQ,2025-07-30,161.69,161.69,162.79,161.05,161.3,161.36,161.74,"1,60,83,106","2,60,12,44,577.73","90,693","90,54,364",56.3
TATASTEEL,EQ,2025-07-31,161.36,161.0,162.13,156.56,157.3,157.94,160.15,"2,62,13,891","4,19,81,75,446.12","1,55,822","84,63,894",32.29
TATASTEEL,EQ,2025-08-01,157.94,157.93,157.93,152.51,153.0,153.01,154.24,"2,39,27,359","3,69,05,81,798.45","1,83,972","98,90,627",41.34
TATASTEEL,EQ,2025-08-04,153.01,153.5,159.92,153.5,159.25,159.56,158.06,"3,00,64,719","4,75,19,62,110.35","2,00,990","1,07,85,153",35.87
TATASTEEL,EQ,2025-08-05,159.56,159.56,160.14,158.28,159.45,159.62,159.39,"1,44,41,034","2,30,17,32,501.24","1,65,331","63,12,316",43.71
TATASTEEL,EQ,2025-08-06,159.62,159.62,159.8,157.8,158.7,158.66,158.59,"1,34,38,851","2,13,12,11,060.17","2,19,272","69,59,820",51.79
TATASTEEL,EQ,2025-08-07,158.66,157.15,160.0,156.26,159.83,159.67,157.92,"2,31,59,540","3,65,74,21,986.21","1,90,119","1,28,73,255",55.59
TATASTEEL,EQ,2025-08-08,159.67,159.5,159.95,157.01,158.25,157.95,158.22,"1,19,51,173","1,89,08,59,315.71","1,04,268","44,90,526",37.57
TATASTEEL,EQ,2025-08-11,157.95,157.95,160.0,157.15,158.5,158.52,158.16,"1,43,25,736","2,26,57,29,580.40","1,16,920","70,01,792",48.88
TATASTEEL,EQ,2025-08-12,158.52,158.52,161.65,158.5,160.13,160.16,160.62,"2,00,56,598","3,22,15,39,927.51","1,33,490","71,11,731",35.46
TATASTEEL,EQ,2025-08-13,160.16,160.96,162.4,159.9,160.35,160.18,161.07,"1,80,79,396","2,91,19,76,062.73","1,17,633","81,15,084",44.89
TATASTEEL,EQ,2025-08-14,160.18,160.02,160.6,154.83,155.68,155.3,156.57,"4,72,56,126","7,39,89,80,151.67","1,83,512","2,98,43,274",63.15
TATASTEEL,EQ,2025-08-18,155.3,158.0,159.0,156.0,157.97,157.96,157.44,"6,10,22,494","9,60,71,64,180.05","1,41,423","3,90,27,086",63.96
TATASTEEL,EQ,2025-08-19,157.96,158.5,159.46,156.76,159.2,159.23,158.52,"2,12,24,239","3,36,43,66,794.33","1,28,791","1,08,38,431",51.07
TATASTEEL,EQ,2025-08-20,159.23,158.2,162.76,158.03,161.77,161.92,161.13,"2,85,20,245","4,59,54,21,094.45","1,75,151","1,36,88,834",48.0
TATASTEEL,EQ,2025-08-21,161.92,161.92,162.54,161.19,161.29,161.51,161.86,"1,72,82,594","2,79,72,93,208.19","1,88,647","94,76,736",54.83
TATASTEEL,EQ,2025-08-22,161.51,161.25,161.28,158.1,158.3,158.55,159.76,"1,60,63,984","2,56,64,38,480.54","1,18,594","96,08,612",59.81
TATASTEEL,EQ,2025-08-25,158.55,159.2,160.33,158.64,159.65,159.63,159.62,"1,63,76,542","2,61,40,49,036.29","1,04,963","93,44,185",57.06
TATASTEEL,EQ,2025-08-26,159.63,159.16,159.16,154.64,155.05,155.03,156.04,"1,96,21,100","3,06,15,87,758.38","1,14,429","1,00,07,188",51.0
TATASTEEL,EQ,2025-08-28,155.03,155.78,155.87,153.16,154.17,153.63,154.13,"2,22,69,875","3,43,25,03,613.00","1,22,402","1,24,87,681",56.07
TATASTEEL,EQ,2025-08-29,153.63,154.5,155.1,153.05,154.5,154.48,154.39,"1,69,71,859","2,62,03,18,128.23","1,34,583","98,35,646",57.95
TATASTEEL,EQ,2025-09-01,154.48,154.48,156.36,153.7,156.17,156.17,155.56,"1,07,98,622","1,67,98,36,985.28","1,19,778","53,19,594",49.26
TATASTEEL,EQ,2025-09-02,156.17,156.17,159.07,155.5,158.45,158.39,157.92,"2,12,02,113","3,34,82,55,578.36","1,53,167","1,05,47,563",49.75
TATASTEEL,EQ,2025-09-03,158.39,158.4,168.0,158.4,167.83,167.85,165.43,"8,23,52,014","13,62,36,59,440.32","4,22,282","3,74,17,102",45.44
TATASTEEL,EQ,2025-09-04,167.85,169.0,169.3,166.62,166.7,166.81,167.24,"2,63,16,842","4,40,12,13,165.94","1,99,237","1,21,23,700",46.07
TATASTEEL,EQ,2025-09-05,166.81,167.0,168.0,165.94,167.8,167.68,167.03,"1,67,98,170","2,80,58,13,958.21","1,60,936","86,18,329",51.31
TATASTEEL,EQ,2025-09-08,167.68,170.0,172.5,168.46,168.85,168.82,170.9,"3,64,02,317","6,22,10,67,174.56","2,54,251","1,30,70,014",35.9
TATASTEEL,EQ,2025-09-09,168.82,169.3,169.72,167.99,169.45,169.15,168.83,"1,40,28,910","2,36,85,38,301.06","1,12,356","62,58,999",44.62
TATASTEEL,EQ,2025-09-10,169.15,169.19,170.73,168.75,169.35,169.43,169.65,"1,31,28,306","2,22,72,31,877.32","1,27,830","59,01,259",44.95
TATASTEEL,EQ,2025-09-11,169.43,169.35,170.9,168.46,169.4,169.41,169.45,"1,38,29,526","2,34,34,67,550.95","1,07,091","58,56,028",42.34
TATASTEEL,EQ,2025-09-12,169.41,169.6,171.0,168.63,169.58,169.78,169.67,"1,21,19,036","2,05,62,18,064.83","92,691","49,90,614",41.18
TATASTEEL,EQ,2025-09-15,169.78,169.77,170.2,168.63,169.3,169.23,169.38,"1,06,11,401","1,79,73,27,327.99","1,12,903","49,07,565",46.25
TATASTEEL,EQ,2025-09-16,169.23,169.39,172.27,169.02,172.0,172.02,171.3,"2,66,29,438","4,56,16,76,072.33","1,94,179","1,36,56,435",51.28
TATASTEEL,EQ,2025-09-17,172.02,172.5,172.9,169.35,171.0,171.36,171.06,"2,13,81,306","3,65,74,11,231.09","1,34,365","1,15,33,766",53.94
TATASTEEL,EQ,2025-09-18,171.36,171.46,172.2,169.81,172.09,172.03,171.4,"1,64,13,388","2,81,31,85,969.57","1,13,551","70,30,183",42.83
TATASTEEL,EQ,2025-09-19,172.03,172.1,172.67,170.6,171.98,171.48,171.54,"2,54,06,461","4,35,82,90,313.66","1,07,824","1,77,74,662",69.96
TATASTEEL,EQ,2025-09-22,171.48,170.8,172.21,170.51,171.4,171.39,171.4,"2,09,70,704","3,59,42,80,078.95","1,13,244","1,17,96,809",56.25
TATASTEEL,EQ,2025-09-23,171.39,171.45,173.81,171.2,173.21,173.29,172.77,"2,45,33,561","4,23,87,37,406.43","1,57,753","85,58,859",34.89
TATASTEEL,EQ,2025-09-24,173.29,173.16,174.44,172.38,172.7,172.66,173.43,"2,01,68,891","3,49,78,09,846.07","1,69,069","95,48,377",47.34
TATASTEEL,EQ,2025-09-25,172.66,172.9,173.85,171.86,172.35,172.38,172.75,"1,70,26,549","2,94,13,35,157.94","1,32,269","84,53,931",49.65
TATASTEEL,EQ,2025-09-26,172.38,172.22,173.37,167.2,167.35,167.4,169.01,"2,01,57,657","3,40,68,73,943.17","1,55,844","90,67,206",44.98
TATASTEEL,EQ,2025-09-29,167.4,167.6,170.28,167.56,169.3,168.98,169.2,"1,68,32,342","2,84,79,70,568.50","1,17,890","95,95,870",57.01
TATASTEEL,EQ,2025-09-30,168.98,169.5,170.15,168.41,169.05,168.77,169.03,"2,45,53,596","4,15,02,83,055.30","1,36,022","1,37,96,676",56.19
TATASTEEL,EQ,2025-10-01,168.77,169.0,169.74,166.13,167.56,167.51,167.55,"1,75,42,776","2,93,93,51,263.43","1,55,235","67,53,409",38.5
TATASTEEL,EQ,2025-10-03,167.51,168.12,174.74,168.12,173.29,173.21,173.25,"5,51,72,705","9,55,88,14,164.10","2,31,073","2,30,86,597",41.84
TATASTEEL,EQ,2025-10-06,173.21,173.3,173.48,169.3,170.35,170.06,170.45,"2,14,74,004","3,66,02,41,985.27","1,44,676","93,78,321",43.67
TATASTEEL,EQ,2025-10-07,170.06,170.4,172.2,170.4,171.5,171.43,171.36,"1,91,89,843","3,28,83,88,049.36","1,01,492","88,41,673",46.07
TATASTEEL,EQ,2025-10-08,171.43,172.0,173.63,170.06,172.2,171.94,172.15,"2,26,62,699","3,90,13,25,663.94","1,19,943","85,58,130",37.76
TATASTEEL,EQ,2025-10-09,171.94,172.79,177.82,172.78,176.21,176.42,176.24,"6,85,04,717","12,07,32,53,375.17","3,24,604","2,71,36,968",39.61
TATASTEEL,EQ,2025-10-10,176.42,176.0,176.14,172.9,173.85,173.86,173.77,"1,80,85,975","3,14,27,70,545.50","1,21,139","67,70,235",37.43
TATASTEEL,EQ,2025-10-13,173.86,173.0,173.8,170.91,173.4,173.03,172.37,"1,93,86,219","3,34,15,08,151.04","1,28,139","85,08,622",43.89
TATASTEEL,EQ,2025-10-14,173.03,174.91,176.45,169.25,169.32,170.51,171.78,"2,20,82,970","3,79,34,85,094.01","1,48,175","82,22,019",37.23
TATASTEEL,EQ,2025-10-15,170.51,170.83,174.0,170.11,173.0,173.24,172.92,"1,50,31,989","2,59,93,42,035.68","1,12,418","68,66,110",45.68
TATASTEEL,EQ,2025-10-16,173.24,173.0,174.49,172.22,173.6,174.0,173.52,"1,22,05,250","2,11,78,51,922.07","1,10,540","58,83,692",48.21
TATASTEEL,EQ,2025-10-17,174.0,173.6,174.31,170.99,171.5,172.22,172.4,"2,16,59,007","3,73,40,59,297.06","1,15,444","1,07,82,116",49.78
TATASTEEL,EQ,2025-10-20,172.22,173.3,173.3,170.82,172.1,171.95,171.89,"1,80,49,579","3,10,24,52,657.10","1,23,559","88,97,043",49.29
TATASTEEL,EQ,2025-10-21,171.95,172.4,173.25,172.1,172.68,172.78,172.75,"24,71,987","42,70,27,255.19","34,539","9,90,631",40.08
TATASTEEL,EQ,2025-10-23,172.78,173.9,176.08,173.64,174.0,174.16,174.74,"3,14,72,510","5,49,94,40,199.34","1,71,010","1,86,75,222",59.34
TATASTEEL,EQ,2025-10-24,174.16,174.6,177.35,173.72,174.42,174.44,175.14,"2,52,26,376","4,41,82,05,824.99","1,31,563","1,11,95,903",44.38
TATASTEEL,EQ,2025-10-27,174.44,175.89,177.9,175.53,176.61,176.66,176.83,"2,38,32,477","4,21,42,08,147.16","1,45,635","1,16,30,377",48.8
TATASTEEL,EQ,2025-10-28,176.66,177.35,182.06,177.02,181.65,181.81,180.69,"5,95,11,794","10,75,32,71,781.54","3,00,108","2,41,71,239",40.62
TATASTEEL,EQ,2025-10-29,181.81,183.67,186.94,182.05,185.0,185.19,185.23,"5,16,10,530","9,56,00,13,023.60","2,76,781","2,15,51,393",41.76
TATASTEEL,EQ,2025-10-30,185.19,184.4,185.19,182.64,184.45,184.35,183.46,"2,42,70,977","4,45,28,35,993.47","1,74,110","1,17,11,959",48.25
TATASTEEL,EQ,2025-10-31,184.35,184.0,184.3,182.12,182.9,182.84,183.02,"1,60,41,321","2,93,59,57,168.59","1,35,184","84,05,287",52.4
TATASTEEL,EQ,2025-11-03,182.84,182.4,184.1,181.8,182.7,182.67,182.88,"1,66,52,212","3,04,53,92,729.64","1,30,699","74,07,669",44.48
TATASTEEL,EQ,2025-11-04,182.67,183.0,183.09,178.9,179.35,179.29,180.22,"1,87,46,387","3,37,84,20,599.57","1,29,742","1,04,81,402",55.91
TATASTEEL,EQ,2025-11-06,179.29,179.29,180.67,176.52,177.35,177.27,177.84,"2,36,64,538","4,20,84,79,735.84","1,89,659","1,41,15,355",59.65
TATASTEEL,EQ,2025-11-07,177.27,177.0,182.25,175.01,181.5,181.37,179.19,"1,91,65,876","3,43,44,11,842.58","1,23,190","64,93,130",33.88
TATASTEEL,EQ,2025-11-10,181.37,182.03,182.51,180.2,181.5,181.48,181.48,"1,83,76,132","3,33,49,29,236.83","1,48,991","87,47,877",47.6
TATASTEEL,EQ,2025-11-11,181.48,182.9,182.9,179.02,181.1,181.04,180.7,"1,41,09,340","2,54,96,26,090.32","1,21,889","49,87,091",35.35
TATASTEEL,EQ,2025-11-12,181.04,181.44,182.15,178.0,178.7,178.61,179.57,"1,90,37,263","3,41,85,08,992.03","1,43,638","94,95,175",49.88
TATASTEEL,EQ,2025-11-13,178.61,184.0,184.0,175.1,176.55,176.65,179.35,"8,20,83,661","14,72,20,85,938.16","3,02,852","2,07,52,557",25.28
TATASTEEL,EQ,2025-11-14,176.65,177.52,177.7,172.12,174.0,174.26,173.94,"3,83,45,500","6,66,99,35,058.64","2,13,625","1,72,28,177",44.93
TATASTEEL,EQ,2025-11-17,174.26,175.13,175.25,172.62,173.4,173.17,173.36,"2,82,04,282","4,88,95,08,467.17","1,51,929","1,43,70,278",50.95
TATASTEEL,EQ,2025-11-18,173.17,172.4,173.12,170.55,172.44,172.45,171.82,"3,42,78,387","5,88,97,58,002.57","1,26,450","1,88,62,691",55.03
TATASTEEL,EQ,2025-11-19,172.45,172.45,173.9,172.06,173.2,173.21,173.0,"1,96,21,610","3,39,46,14,826.66","1,14,117","90,27,485",46.01
TATASTEEL,EQ,2025-11-20,173.21,174.1,174.36,172.26,172.4,172.46,172.93,"1,59,68,891","2,76,15,58,163.58","1,20,735","76,53,182",47.93
TATASTEEL,EQ,2025-11-21,172.46,171.8,171.9,167.7,168.0,168.0,169.39,"2,84,12,865","4,81,29,79,005.91","1,43,970","1,51,42,035",53.29
TATASTEEL,EQ,2025-11-24,168.0,168.0,168.38,165.18,165.5,165.36,166.04,"3,12,02,769","5,18,08,90,017.52","1,33,342","2,14,87,853",68.87
TATASTEEL,EQ,2025-11-25,165.36,166.0,167.27,165.08,166.16,166.33,166.29,"1,99,83,310","3,32,29,47,224.57","1,48,206","96,83,306",48.46
TATASTEEL,EQ,2025-11-26,166.33,167.0,169.95,166.9,169.59,169.67,169.26,"1,50,44,796","2,54,64,29,211.91","1,08,996","54,21,115",36.03
TATASTEEL,EQ,2025-11-27,169.67,170.45,171.0,167.18,168.1,168.13,168.71,"1,75,46,627","2,96,02,71,021.31","1,29,556","75,83,833",43.22
TATASTEEL,EQ,2025-11-28,168.13,168.13,169.0,167.29,168.14,167.96,168.06,"1,19,75,539","2,01,26,26,665.65","1,07,176","64,89,176",54.19
TATASTEEL,EQ,2025-12-01,167.96,169.0,169.65,167.7,168.6,168.63,168.56,"1,17,58,473","1,98,19,77,612.27","1,22,675","54,75,408",46.57
TATASTEEL,EQ,2025-12-02,168.63,168.43,168.85,167.0,167.89,167.78,167.8,"1,53,55,023","2,57,65,40,329.95","1,54,239","82,43,744",53.69
TATASTEEL,EQ,2025-12-03,167.78,167.78,167.99,165.0,166.85,166.92,166.32,"1,88,73,943","3,13,91,82,867.65","1,44,843","91,04,610",48.24
TATASTEEL,EQ,2025-12-04,166.92,167.8,167.97,166.2,166.9,166.77,166.93,"1,14,19,966","1,90,63,90,648.70","1,22,230","51,04,436",44.7
TATASTEEL,EQ,2025-12-05,166.77,167.0,167.65,165.0,167.39,167.11,165.82,"3,35,00,436","5,55,50,23,660.21","1,19,942","2,22,76,386",66.5
TATASTEEL,EQ,2025-12-08,167.11,167.09,168.2,163.0,163.5,163.47,164.74,"1,57,72,400","2,59,83,40,828.31","1,43,653","76,53,559",48.53
TATASTEEL,EQ,2025-12-09,163.47,163.39,163.39,160.06,160.99,160.67,161.41,"2,57,66,371","4,15,89,39,007.31","2,06,014","1,34,24,036",52.1
TATASTEEL,EQ,2025-12-10,160.67,161.0,163.68,160.81,162.0,162.23,162.27,"2,25,37,548","3,65,72,31,933.78","1,99,408","99,01,031",43.93
TATASTEEL,EQ,2025-12-11,162.23,163.5,166.66,163.17,166.4,166.38,164.96,"3,26,03,566","5,37,82,33,256.81","1,75,721","1,19,17,082",36.55
TATASTEEL,EQ,2025-12-12,166.38,167.6,172.5,167.4,172.0,171.89,170.7,"4,11,30,927","7,02,09,42,884.67","3,31,595","1,88,00,043",45.71
TATASTEEL,EQ,2025-12-15,171.89,170.95,173.17,170.5,172.7,172.87,172.45,"2,32,54,201","4,01,02,73,717.67","2,50,886","1,33,84,696",57.56
TATASTEEL,EQ,2025-12-16,172.87,172.7,172.7,169.25,169.8,169.83,170.21,"2,29,81,935","3,91,18,60,834.36","2,03,504","1,27,81,669",55.62
TATASTEEL,EQ,2025-12-17,169.83,170.09,171.3,169.66,170.29,170.34,170.28,"1,16,24,504","1,97,93,64,368.97","1,33,540","49,19,924",42.32
TATASTEEL,EQ,2025-12-18,170.34,169.92,170.45,167.56,167.95,168.12,169.05,"1,31,52,378","2,22,33,52,193.86","1,29,480","51,33,368",39.03
TATASTEEL,EQ,2025-12-19,168.12,169.15,169.62,167.83,168.8,168.69,168.6,"2,84,48,892","4,79,64,27,579.50","1,45,333","1,86,61,663",65.6
TATASTEEL,EQ,2025-12-22,168.69,169.04,171.46,169.0,169.06,169.22,170.0,"2,37,29,300","4,03,40,06,284.29","1,68,942","1,38,79,916",58.49
TATASTEEL,EQ,2025-12-23,169.22,169.35,171.35,169.25,170.82,170.9,170.54,"1,73,48,078","2,95,85,38,412.04","1,29,321","84,28,408",48.58
TATASTEEL,EQ,2025-12-24,170.9,171.35,171.65,169.67,169.89,170.07,170.67,"1,74,30,406","2,97,48,33,228.87","1,00,506","90,45,171",51.89
TATASTEEL,EQ,2025-12-26,170.07,169.89,169.9,167.82,169.05,169.12,168.71,"1,69,04,834","2,85,20,49,160.84","1,14,915","86,87,681",51.39
TATASTEEL,EQ,2025-12-29,169.12,169.51,174.13,169.29,172.3,172.3,172.74,"4,80,01,907","8,29,16,44,748.20","2,01,065","2,12,53,973",44.28
TATASTEEL,EQ,2025-12-30,172.3,172.78,176.35,170.8,175.68,175.8,174.36,"3,37,41,158","5,88,31,71,811.78","2,11,409","1,66,16,438",49.25
TATASTEEL,EQ,2025-12-31,175.8,180.0,181.4,178.5,179.93,180.08,180.1,"5,08,97,201","9,16,63,55,732.62","3,94,423","2,19,78,807",43.18
TCS,EQ,2023-01-02,"3,256.70","3,261.00","3,266.85","3,235.20","3,263.00","3,261.45","3,254.07","7,09,547","2,30,89,12,232.40","51,003","3,31,817",46.76
TCS,EQ,2023-01-03,"3,261.45","3,252.00","3,320.00","3,245.30","3,312.00","3,311.35","3,300.29","12,45,178","4,10,94,51,969.85","78,401","6,67,103",53.57
TCS,EQ,2023-01-04,"3,311.35","3,306.70","3,327.35","3,286.20","3,313.10","3,314.65","3,306.45","12,31,668","4,07,24,43,029.75","76,844","7,78,260",63.19
TCS,EQ,2023-01-05,"3,314.65","3,330.20","3,337.30","3,281.95","3,302.65","3,311.10","3,311.44","18,26,057","6,04,68,82,556.65","1,28,658","12,02,559",65.86
TCS,EQ,2023-01-06,"3,311.10","3,300.00","3,301.55","3,200.00","3,213.90","3,211.55","3,239.59","24,88,376","8,06,13,09,460.35","1,77,937","15,84,546",63.68
TCS,EQ,2023-01-09,"3,211.55","3,229.00","3,327.00","3,221.15","3,309.00","3,319.95","3,300.31","28,85,060","9,52,16,05,532.85","1,73,806","14,72,534",51.04
TCS,EQ,2023-01-10,"3,319.95","3,285.00","3,298.00","3,230.10","3,283.00","3,286.40","3,259.17","38,64,655","12,59,55,76,966.85","2,36,636","17,41,399",45.06
TCS,EQ,2023-01-11,"3,286.40","3,290.10","3,349.50","3,271.15","3,328.00","3,328.70","3,324.66","27,20,512","9,04,47,71,106.40","1,44,583","13,05,512",47.99
TCS,EQ,2023-01-12,"3,328.70","3,329.00","3,350.00","3,315.55","3,337.55","3,334.35","3,334.26","22,50,391","7,50,33,81,269.75","1,79,303","15,25,003",67.77
TCS,EQ,2023-01-13,"3,334.35","3,342.90","3,379.00","3,305.00","3,373.25","3,374.55","3,352.96","17,42,837","5,84,36,64,088.10","1,07,218","8,70,219",49.93
TCS,EQ,2023-01-16,"3,374.55","3,317.00","3,353.00","3,298.05","3,335.00","3,334.05","3,329.16","18,43,607","6,13,76,68,725.00","1,34,180","9,01,765",48.91
TCS,EQ,2023-01-17,"3,334.05","3,330.00","3,381.80","3,321.00","3,380.90","3,378.40","3,363.96","16,88,475","5,67,99,61,504.85","1,10,473","11,14,320",66.0
TCS,EQ,2023-01-18,"3,378.40","3,380.00","3,408.95","3,372.25","3,391.00","3,390.00","3,395.06","24,21,189","8,22,00,93,824.80","1,21,397","18,36,244",75.84
TCS,EQ,2023-01-19,"3,390.00","3,380.00","3,387.00","3,361.00","3,370.00","3,373.10","3,375.44","15,85,044","5,35,02,23,100.95","97,108","11,36,996",71.73
TCS,EQ,2023-01-20,"3,373.10","3,365.00","3,394.65","3,355.60","3,370.00","3,363.10","3,374.73","15,29,349","5,16,11,34,363.85","89,365","11,42,015",74.67
TCS,EQ,2023-01-23,"3,363.10","3,388.00","3,419.00","3,355.60","3,409.25","3,414.90","3,393.67","10,67,916","3,62,41,51,502.60","77,981","5,56,602",52.12
TCS,EQ,2023-01-24,"3,414.90","3,425.00","3,451.95","3,417.30","3,432.10","3,436.30","3,434.72","13,87,863","4,76,69,25,961.05","1,00,270","8,39,699",60.5
TCS,EQ,2023-01-25,"3,436.30","3,425.30","3,435.00","3,405.00","3,432.10","3,429.75","3,423.45","8,74,110","2,99,24,69,996.45","73,515","4,96,771",56.83
TCS,EQ,2023-01-27,"3,429.75","3,426.00","3,446.00","3,382.30","3,410.00","3,411.05","3,415.95","17,85,879","6,10,04,66,647.25","1,38,824","11,36,348",63.63
TCS,EQ,2023-01-30,"3,411.05","3,420.00","3,458.45","3,385.55","3,432.00","3,433.65","3,423.78","19,53,798","6,68,93,83,780.35","1,54,180","12,62,724",64.63
TCS,EQ,2023-01-31,"3,433.65","3,449.00","3,449.00","3,351.00","3,358.50","3,358.70","3,371.06","28,20,375","9,50,76,42,423.25","1,84,017","19,14,024",67.86
TCS,EQ,2023-02-01,"3,358.70","3,363.00","3,419.00","3,355.00","3,398.00","3,408.35","3,383.69","22,05,161","7,46,15,80,946.75","1,33,318","13,84,239",62.77
TCS,EQ,2023-02-02,"3,408.35","3,427.00","3,469.00","3,420.10","3,461.00","3,460.40","3,449.08","18,13,847","6,25,61,03,714.75","1,44,428","10,63,804",58.65
TCS,EQ,2023-02-03,"3,460.40","3,504.00","3,504.00","3,452.90","3,475.00","3,482.30","3,483.20","18,04,469","6,28,53,34,518.40","1,77,332","10,93,996",60.63
TCS,EQ,2023-02-06,"3,482.30","3,473.15","3,473.15","3,436.85","3,464.90","3,459.95","3,457.05","11,38,714","3,93,65,96,844.85","1,04,578","7,17,114",62.98
TCS,EQ,2023-02-07,"3,459.95","3,468.90","3,493.00","3,461.40","3,467.00","3,472.55","3,478.55","14,55,647","5,06,35,43,516.10","76,997","9,17,470",63.03
TCS,EQ,2023-02-08,"3,472.55","3,478.05","3,539.90","3,478.05","3,520.00","3,520.10","3,525.10","19,86,946","7,00,41,80,343.60","1,31,473","11,44,916",57.62
TCS,EQ,2023-02-09,"3,520.10","3,515.00","3,547.60","3,505.30","3,543.95","3,540.85","3,534.02","16,55,427","5,85,03,14,027.30","1,09,544","11,24,204",67.91
TCS,EQ,2023-02-10,"3,540.85","3,520.00","3,542.35","3,508.15","3,528.15","3,537.55","3,530.08","11,87,821","4,19,31,01,279.60","84,631","8,32,143",70.06
TCS,EQ,2023-02-13,"3,537.55","3,549.00","3,549.00","3,473.40","3,484.00","3,482.40","3,493.53","10,87,939","3,80,07,42,542.70","77,431","5,68,311",52.24
TCS,EQ,2023-02-14,"3,482.40","3,505.00","3,524.85","3,495.00","3,500.00","3,500.10","3,511.80","15,79,818","5,54,80,05,902.75","1,03,413","9,44,222",59.77
TCS,EQ,2023-02-15,"3,500.10","3,487.00","3,526.00","3,460.15","3,523.95","3,520.65","3,496.10","14,29,449","4,99,75,03,619.80","76,223","8,94,097",62.55
TCS,EQ,2023-02-16,"3,520.65","3,527.20","3,575.00","3,527.00","3,550.00","3,558.05","3,559.64","16,18,931","5,76,28,16,021.75","1,10,390","10,27,584",63.47
TCS,EQ,2023-02-17,"3,558.05","3,526.15","3,538.90","3,490.00","3,499.20","3,501.15","3,514.92","10,61,369","3,73,06,23,740.00","90,867","6,21,928",58.6
TCS,EQ,2023-02-20,"3,501.15","3,502.00","3,522.00","3,475.05","3,492.00","3,487.30","3,492.93","12,96,082","4,52,71,27,582.25","79,179","8,34,881",64.42
TCS,EQ,2023-02-21,"3,487.30","3,494.00","3,508.90","3,444.75","3,451.00","3,451.00","3,473.05","11,39,541","3,95,76,87,705.45","77,929","7,13,436",62.61
TCS,EQ,2023-02-22,"3,451.00","3,414.95","3,447.00","3,395.00","3,410.00","3,401.55","3,416.58","12,18,430","4,16,28,58,172.00","1,04,357","7,42,649",60.95
TCS,EQ,2023-02-23,"3,401.55","3,421.00","3,452.40","3,408.00","3,412.90","3,413.80","3,428.53","14,41,570","4,94,24,64,245.25","1,35,484","8,73,671",60.61
TCS,EQ,2023-02-24,"3,413.80","3,422.50","3,433.95","3,382.30","3,390.00","3,400.45","3,410.96","9,77,592","3,33,45,25,092.15","79,457","6,33,081",64.76
TCS,EQ,2023-02-27,"3,400.45","3,390.00","3,390.00","3,316.00","3,335.00","3,331.85","3,336.69","11,28,022","3,76,38,60,179.90","88,957","5,99,470",53.14
TCS,EQ,2023-02-28,"3,331.85","3,328.50","3,392.00","3,299.90","3,328.60","3,312.85","3,325.11","41,16,217","13,68,68,79,251.55","1,47,643","25,46,257",61.86
TCS,EQ,2023-03-01,"3,312.85","3,323.00","3,389.00","3,315.00","3,386.45","3,385.70","3,367.54","16,69,307","5,62,14,65,689.90","1,05,561","10,64,394",63.76
TCS,EQ,2023-03-02,"3,385.70","3,361.00","3,369.90","3,318.00","3,324.00","3,321.45","3,331.05","15,56,538","5,18,48,99,943.55","1,12,065","10,05,537",64.6
TCS,EQ,2023-03-03,"3,321.45","3,354.00","3,358.00","3,331.10","3,340.00","3,342.15","3,345.34","10,43,190","3,48,98,22,005.55","89,004","6,55,070",62.79
TCS,EQ,2023-03-06,"3,342.15","3,361.90","3,404.95","3,359.00","3,377.95","3,371.85","3,381.71","13,34,132","4,51,16,50,997.55","1,19,719","8,53,015",63.94
TCS,EQ,2023-03-08,"3,371.85","3,364.00","3,396.00","3,330.85","3,390.05","3,390.40","3,369.80","18,44,590","6,21,58,92,592.95","1,29,008","11,30,190",61.27
TCS,EQ,2023-03-09,"3,390.40","3,385.00","3,385.00","3,330.85","3,333.00","3,336.85","3,354.42","16,48,500","5,52,97,57,339.95","1,08,315","11,76,457",71.37
TCS,EQ,2023-03-10,"3,336.85","3,312.90","3,337.25","3,290.00","3,335.85","3,331.00","3,318.60","10,24,404","3,39,95,83,381.80","99,387","5,69,022",55.55
TCS,EQ,2023-03-13,"3,331.00","3,333.00","3,369.80","3,272.00","3,286.25","3,281.95","3,313.09","19,01,233","6,29,89,47,595.45","1,20,533","11,82,851",62.21
TCS,EQ,2023-03-14,"3,281.95","3,280.00","3,304.40","3,209.40","3,221.70","3,214.95","3,244.96","26,70,334","8,66,51,16,216.45","1,51,178","19,70,563",73.79
TCS,EQ,2023-03-15,"3,214.95","3,250.00","3,260.35","3,192.00","3,199.00","3,198.90","3,225.94","17,80,522","5,74,38,51,297.00","1,65,162","11,50,169",64.6
TCS,EQ,2023-03-16,"3,198.90","3,208.00","3,219.80","3,172.00","3,182.00","3,185.00","3,193.73","19,01,060","6,07,14,80,261.75","1,70,243","13,12,156",69.02
TCS,EQ,2023-03-17,"3,185.00","3,150.50","3,221.40","3,144.00","3,175.00","3,179.30","3,178.88","67,39,966","21,42,55,39,933.40","2,85,153","40,79,785",60.53
TCS,EQ,2023-03-20,"3,179.30","3,169.65","3,169.65","3,095.05","3,146.00","3,143.30","3,125.39","22,89,468","7,15,54,78,256.10","1,86,340","12,91,027",56.39
TCS,EQ,2023-03-21,"3,143.30","3,143.30","3,156.75","3,097.45","3,111.00","3,106.10","3,117.90","18,15,297","5,65,99,09,677.90","1,16,265","11,78,606",64.93
TCS,EQ,2023-03-22,"3,106.10","3,130.05","3,143.50","3,106.10","3,129.80","3,130.80","3,124.38","11,23,939","3,51,16,07,192.25","85,984","5,73,055",50.99
TCS,EQ,2023-03-23,"3,130.80","3,114.90","3,146.35","3,101.00","3,130.95","3,124.65","3,128.36","13,72,218","4,29,27,96,106.40","94,843","7,98,575",58.2
TCS,EQ,2023-03-24,"3,124.65","3,148.90","3,170.00","3,106.00","3,110.15","3,120.50","3,144.39","13,29,577","4,18,07,07,274.55","99,584","6,26,741",47.14
TCS,EQ,2023-03-27,"3,120.50","3,135.00","3,152.75","3,106.00","3,124.00","3,122.30","3,134.00","15,24,217","4,77,68,89,691.90","87,684","7,73,815",50.77
TCS,EQ,2023-03-28,"3,122.30","3,127.00","3,149.55","3,110.15","3,117.00","3,115.90","3,129.98","13,03,530","4,08,00,26,205.95","75,814","6,26,155",48.04
TCS,EQ,2023-03-29,"3,115.90","3,129.00","3,150.00","3,104.10","3,148.00","3,138.90","3,125.35","17,40,616","5,44,00,31,709.60","1,13,706","11,20,513",64.37
TCS,EQ,2023-03-31,"3,138.90","3,189.95","3,213.00","3,152.00","3,204.00","3,205.90","3,189.41","23,82,581","7,59,90,29,056.20","1,24,442","15,37,937",64.55
TCS,EQ,2023-04-03,"3,205.90","3,224.95","3,224.95","3,173.75","3,201.00","3,200.00","3,191.35","15,21,830","4,85,66,98,008.65","1,42,863","10,39,303",68.29
TCS,EQ,2023-04-05,"3,200.00","3,185.50","3,264.35","3,185.50","3,240.00","3,239.80","3,240.85","26,55,065","8,60,46,70,873.15","1,32,453","13,52,855",50.95
TCS,EQ,2023-04-06,"3,239.80","3,225.00","3,257.35","3,215.00","3,218.90","3,220.70","3,229.19","17,03,464","5,50,08,06,837.65","76,885","8,49,892",49.89
TCS,EQ,2023-04-10,"3,220.70","3,220.00","3,272.00","3,215.00","3,263.00","3,263.40","3,251.36","22,03,187","7,16,33,63,204.95","1,02,711","5,93,622",26.94
TCS,EQ,2023-04-11,"3,263.40","3,264.00","3,272.95","3,192.15","3,205.00","3,213.80","3,223.89","23,48,779","7,57,22,01,705.65","1,18,593","13,29,657",56.61
TCS,EQ,2023-04-12,"3,213.80","3,227.95","3,260.95","3,199.00","3,245.50","3,241.65","3,232.53","24,17,727","7,81,53,84,018.70","1,21,292","11,46,031",47.4
TCS,EQ,2023-04-13,"3,241.65","3,210.00","3,230.00","3,180.00","3,192.00","3,188.85","3,193.66","41,74,070","13,33,05,66,471.80","1,92,421","16,61,868",39.81
TCS,EQ,2023-04-17,"3,188.85","3,134.10","3,163.40","3,070.25","3,139.00","3,139.50","3,111.19","55,05,048","17,12,72,31,513.30","2,54,319","34,33,199",62.36
TCS,EQ,2023-04-18,"3,139.50","3,154.95","3,156.85","3,110.60","3,130.60","3,130.75","3,127.60","26,17,302","8,18,58,66,833.90","1,32,615","18,35,935",70.15
TCS,EQ,2023-04-19,"3,130.75","3,130.75","3,140.00","3,071.50","3,089.00","3,089.60","3,098.63","32,98,034","10,21,93,87,105.80","1,71,133","13,60,505",41.25
TCS,EQ,2023-04-20,"3,089.60","3,090.00","3,113.00","3,078.00","3,104.95","3,104.80","3,094.26","24,19,999","7,48,81,05,309.45","1,21,048","10,39,675",42.96
TCS,EQ,2023-04-21,"3,104.80","3,110.00","3,164.45","3,100.80","3,159.00","3,160.85","3,135.53","19,29,184","6,04,90,23,043.65","98,768","11,43,524",59.28
TCS,EQ,2023-04-24,"3,160.85","3,151.10","3,180.95","3,126.15","3,172.00","3,174.80","3,151.83","16,40,676","5,17,11,32,958.30","97,265","10,72,692",65.38
TCS,EQ,2023-04-25,"3,174.80","3,183.00","3,191.20","3,147.50","3,175.05","3,176.00","3,176.72","20,24,090","6,42,99,59,859.00","88,772","13,37,301",66.07
TCS,EQ,2023-04-26,"3,176.00","3,181.00","3,208.40","3,181.00","3,196.00","3,198.15","3,197.96","20,00,029","6,39,60,14,873.50","1,12,753","11,83,102",59.15
TCS,EQ,2023-04-27,"3,198.15","3,185.00","3,199.20","3,170.65","3,188.00","3,187.95","3,182.88","24,34,446","7,74,85,59,406.65","1,13,044","14,17,950",58.25
TCS,EQ,2023-04-28,"3,187.95","3,200.40","3,227.25","3,196.25","3,215.00","3,219.25","3,213.13","29,31,312","9,41,86,88,035.60","1,74,975","19,31,718",65.9
TCS,EQ,2023-05-02,"3,219.25","3,235.00","3,235.00","3,210.00","3,217.00","3,219.40","3,222.28","23,21,159","7,47,94,33,934.75","1,34,310","15,65,884",67.46
TCS,EQ,2023-05-03,"3,219.40","3,216.00","3,216.00","3,173.15","3,180.00","3,179.90","3,184.78","24,68,285","7,86,09,49,808.85","1,38,897","17,63,171",71.43
TCS,EQ,2023-05-04,"3,179.90","3,180.15","3,224.45","3,178.00","3,217.00","3,220.70","3,210.20","19,53,253","6,27,03,28,109.65","1,05,190","8,65,756",44.32
TCS,EQ,2023-05-05,"3,220.70","3,220.00","3,244.00","3,210.05","3,227.05","3,230.70","3,226.43","17,10,027","5,51,72,80,324.15","97,481","8,68,139",50.77
TCS,EQ,2023-05-08,"3,230.70","3,245.00","3,254.85","3,231.30","3,250.00","3,250.60","3,245.43","9,28,235","3,01,25,19,753.35","75,785","5,57,326",60.04
TCS,EQ,2023-05-09,"3,250.60","3,252.60","3,298.00","3,246.00","3,292.00","3,283.25","3,267.91","11,07,375","3,61,87,99,710.35","72,883","7,25,239",65.49
TCS,EQ,2023-05-10,"3,283.25","3,290.00","3,306.50","3,266.05","3,280.00","3,286.80","3,286.72","15,59,987","5,12,72,37,024.20","93,564","6,38,390",40.92
TCS,EQ,2023-05-11,"3,286.80","3,309.00","3,309.70","3,272.00","3,281.05","3,282.15","3,293.20","17,19,623","5,66,30,54,332.75","1,24,781","5,43,763",31.62
TCS,EQ,2023-05-12,"3,282.15","3,279.15","3,290.00","3,260.00","3,277.00","3,274.30","3,274.10","10,27,479","3,36,40,70,116.35","96,840","6,07,680",59.14
TCS,EQ,2023-05-15,"3,274.30","3,284.00","3,292.00","3,248.35","3,251.50","3,255.05","3,272.51","11,50,390","3,76,46,61,351.00","84,958","7,02,154",61.04
TCS,EQ,2023-05-16,"3,255.05","3,256.20","3,285.00","3,250.45","3,255.95","3,258.15","3,266.60","9,86,306","3,22,18,71,014.75","84,131","6,35,424",64.42
TCS,EQ,2023-05-17,"3,258.15","3,255.95","3,280.00","3,198.25","3,209.00","3,208.70","3,216.79","15,88,815","5,11,08,82,505.40","1,32,490","10,27,065",64.64
TCS,EQ,2023-05-18,"3,208.70","3,225.95","3,228.95","3,195.00","3,200.00","3,199.85","3,203.72","13,69,364","4,38,70,53,720.55","96,133","7,72,031",56.38
TCS,EQ,2023-05-19,"3,199.85","3,210.00","3,234.50","3,203.05","3,224.55","3,222.85","3,219.92","11,52,449","3,71,07,96,199.45","74,505","6,70,808",58.21
TCS,EQ,2023-05-22,"3,222.85","3,230.00","3,308.45","3,217.05","3,292.00","3,298.70","3,272.82","13,33,243","4,36,34,57,756.40","1,16,693","7,49,287",56.2
TCS,EQ,2023-05-23,"3,298.70","3,306.00","3,327.95","3,290.10","3,295.00","3,297.05","3,310.23","16,87,418","5,58,57,48,304.90","1,40,257","11,91,550",70.61
TCS,EQ,2023-05-24,"3,297.05","3,276.00","3,317.20","3,276.00","3,303.50","3,303.35","3,302.83","10,16,555","3,35,75,04,888.10","57,423","7,07,192",69.57
TCS,EQ,2023-05-25,"3,303.35","3,294.00","3,306.00","3,267.10","3,295.00","3,293.50","3,287.20","13,74,917","4,51,96,33,216.35","76,662","6,42,540",46.73
TCS,EQ,2023-05-26,"3,293.50","3,293.50","3,338.65","3,291.00","3,331.70","3,328.90","3,310.97","17,91,115","5,93,03,31,787.45","1,03,741","12,75,664",71.22
TCS,EQ,2023-05-29,"3,328.90","3,360.80","3,372.00","3,312.00","3,320.70","3,320.35","3,333.70","12,10,372","4,03,50,20,143.50","89,980","7,10,296",58.68
TCS,EQ,2023-05-30,"3,320.35","3,315.00","3,326.95","3,301.35","3,315.15","3,316.20","3,311.75","13,44,224","4,45,17,39,910.30","1,05,175","9,28,751",69.09
TCS,EQ,2023-05-31,"3,316.20","3,309.00","3,327.70","3,265.15","3,286.00","3,289.50","3,294.05","58,15,424","19,15,62,82,297.40","1,71,593","47,24,406",81.24
TCS,EQ,2023-06-01,"3,289.50","3,314.00","3,340.00","3,297.50","3,322.00","3,324.00","3,325.54","11,77,314","3,91,52,00,315.10","1,07,605","7,03,106",59.72
TCS,EQ,2023-06-02,"3,324.00","3,326.25","3,335.90","3,297.45","3,306.40","3,305.60","3,310.69","20,30,661","6,72,28,79,743.50","1,32,777","14,91,358",73.44
TCS,EQ,2023-06-05,"3,305.60","3,315.00","3,327.00","3,285.05","3,289.30","3,288.90","3,301.42","18,61,468","6,14,54,82,702.90","94,288","14,23,821",76.49
TCS,EQ,2023-06-06,"3,288.90","3,280.00","3,288.85","3,220.60","3,237.00","3,232.30","3,235.85","20,22,849","6,54,56,33,590.60","1,58,147","11,96,281",59.14
TCS,EQ,2023-06-07,"3,232.30","3,253.00","3,278.85","3,241.00","3,274.55","3,274.90","3,261.20","15,67,196","5,11,09,39,240.45","82,630","9,08,370",57.96
TCS,EQ,2023-06-08,"3,274.90","3,261.00","3,270.00","3,233.00","3,236.00","3,236.45","3,246.40","17,59,366","5,71,16,13,268.75","1,05,766","11,90,503",67.67
TCS,EQ,2023-06-09,"3,236.45","3,245.00","3,250.00","3,205.35","3,210.00","3,209.30","3,219.25","17,75,689","5,71,63,88,482.00","1,19,166","12,86,294",72.44
TCS,EQ,2023-06-12,"3,209.30","3,215.00","3,254.40","3,211.00","3,248.40","3,246.90","3,238.21","23,24,605","7,52,75,61,262.20","99,385","15,86,137",68.23
TCS,EQ,2023-06-13,"3,246.90","3,260.00","3,265.00","3,239.00","3,244.90","3,243.70","3,249.64","13,71,928","4,45,82,73,417.90","90,189","9,25,622",67.47
TCS,EQ,2023-06-14,"3,243.70","3,243.70","3,255.85","3,225.85","3,245.30","3,251.05","3,244.95","16,58,544","5,38,18,90,991.70","92,990","10,90,597",65.76
TCS,EQ,2023-06-15,"3,251.05","3,245.30","3,247.45","3,210.00","3,215.30","3,216.30","3,225.77","22,73,810","7,33,47,85,641.40","1,04,925","13,40,142",58.94
TCS,EQ,2023-06-16,"3,216.30","3,197.00","3,199.40","3,156.00","3,177.30","3,174.90","3,175.76","41,56,189","13,19,90,71,871.50","2,14,155","28,70,473",69.07
TCS,EQ,2023-06-19,"3,174.90","3,190.00","3,214.90","3,175.00","3,207.10","3,210.40","3,194.51","14,68,186","4,69,01,30,908.90","88,271","9,60,753",65.44
TCS,EQ,2023-06-20,"3,210.40","3,214.00","3,232.50","3,201.05","3,229.90","3,227.70","3,218.86","15,28,452","4,91,98,76,426.10","72,353","11,07,358",72.45
TCS,EQ,2023-06-21,"3,227.70","3,250.00","3,261.40","3,223.95","3,257.00","3,258.20","3,247.51","16,45,987","5,34,53,59,097.25","91,009","11,59,778",70.46
TCS,EQ,2023-06-22,"3,258.20","3,260.00","3,267.65","3,230.10","3,240.50","3,238.50","3,246.23","15,29,603","4,96,54,44,088.75","83,159","8,62,059",56.36
TCS,EQ,2023-06-23,"3,238.50","3,237.30","3,249.40","3,209.15","3,213.90","3,216.35","3,221.22","11,19,505","3,60,61,76,034.70","67,908","7,22,267",64.52
TCS,EQ,2023-06-26,"3,216.35","3,205.00","3,213.90","3,173.00","3,190.00","3,189.65","3,189.39","19,78,803","6,31,11,73,590.25","1,07,706","14,18,808",71.7
TCS,EQ,2023-06-27,"3,189.65","3,202.00","3,209.65","3,182.30","3,197.30","3,197.35","3,194.42","8,63,542","2,75,85,15,355.75","67,679","4,82,048",55.82
TCS,EQ,2023-06-28,"3,197.35","3,208.00","3,230.95","3,193.40","3,221.00","3,215.45","3,215.84","15,75,872","5,06,77,55,614.75","1,25,121","10,31,195",65.44
TCS,EQ,2023-06-30,"3,215.45","3,220.00","3,310.00","3,214.10","3,298.40","3,302.25","3,280.38","26,72,406","8,76,65,01,093.15","2,05,777","16,83,039",62.98
TCS,EQ,2023-07-03,"3,302.25","3,314.30","3,318.80","3,268.75","3,274.00","3,272.30","3,286.37","16,87,264","5,54,49,70,019.55","1,20,543","11,12,511",65.94
TCS,EQ,2023-07-04,"3,272.30","3,290.00","3,315.00","3,277.30","3,307.00","3,308.85","3,298.36","16,56,681","5,46,43,37,453.05","1,00,235","9,65,070",58.25
TCS,EQ,2023-07-05,"3,308.85","3,320.00","3,329.00","3,305.00","3,322.00","3,319.95","3,318.57","14,53,008","4,82,19,06,492.95","92,949","8,57,588",59.02
TCS,EQ,2023-07-06,"3,319.95","3,306.55","3,328.45","3,302.00","3,321.30","3,322.90","3,314.41","18,48,238","6,12,58,14,363.75","82,587","9,42,979",51.02
TCS,EQ,2023-07-07,"3,322.90","3,302.00","3,356.90","3,302.00","3,321.00","3,329.25","3,334.15","17,89,326","5,96,58,81,074.45","1,30,328","8,22,068",45.94
TCS,EQ,2023-07-10,"3,329.25","3,324.75","3,324.75","3,265.20","3,277.00","3,271.95","3,283.62","14,07,431","4,62,14,63,700.65","1,13,059","7,85,441",55.81
TCS,EQ,2023-07-11,"3,271.95","3,295.00","3,295.00","3,260.80","3,272.00","3,272.40","3,277.42","11,10,172","3,63,85,01,368.95","89,756","6,13,854",55.29
TCS,EQ,2023-07-12,"3,272.40","3,280.95","3,289.15","3,250.10","3,260.95","3,259.90","3,266.42","15,15,240","4,94,94,16,309.10","1,20,424","8,85,374",58.43
TCS,EQ,2023-07-13,"3,259.90","3,284.00","3,367.45","3,272.75","3,344.50","3,340.55","3,338.97","45,85,146","15,30,96,71,101.45","2,45,158","20,61,479",44.96
TCS,EQ,2023-07-14,"3,340.55","3,365.00","3,524.85","3,352.00","3,509.00","3,514.65","3,443.41","63,06,101","21,71,45,18,276.50","3,18,436","34,28,771",54.37
TCS,EQ,2023-07-17,"3,514.65","3,510.00","3,549.90","3,477.05","3,488.00","3,491.70","3,512.83","27,43,228","9,63,64,96,606.90","2,21,755","11,10,810",40.49
TCS,EQ,2023-07-18,"3,491.70","3,476.00","3,524.00","3,465.00","3,492.45","3,496.85","3,496.72","26,00,090","9,09,17,81,942.50","1,59,053","15,50,758",59.64
TCS,EQ,2023-07-19,"3,496.85","3,500.00","3,516.85","3,445.65","3,469.00","3,470.05","3,476.09","24,05,370","8,36,12,86,032.75","1,31,215","15,63,755",65.01
TCS,EQ,2023-07-20,"3,470.05","3,453.10","3,478.90","3,436.05","3,461.60","3,463.30","3,453.22","17,15,404","5,92,36,59,535.20","99,611","9,24,750",53.91
TCS,EQ,2023-07-21,"3,463.30","3,404.05","3,434.90","3,359.05","3,374.00","3,368.30","3,396.22","37,70,223","12,80,45,01,433.35","1,67,464","23,65,927",62.75
TCS,EQ,2023-07-24,"3,368.30","3,381.00","3,413.45","3,372.10","3,393.00","3,394.75","3,397.83","16,80,132","5,70,87,98,867.65","1,24,293","11,29,015",67.2
TCS,EQ,2023-07-25,"3,394.75","3,397.50","3,406.80","3,380.20","3,400.00","3,399.15","3,396.67","12,72,980","4,32,38,95,800.15","1,34,482","9,00,644",70.75
TCS,EQ,2023-07-26,"3,399.15","3,400.35","3,420.85","3,385.00","3,394.00","3,388.30","3,399.91","10,66,803","3,62,70,35,565.20","1,01,692","6,15,587",57.7
TCS,EQ,2023-07-27,"3,388.30","3,394.95","3,411.65","3,385.05","3,398.00","3,396.90","3,395.09","17,01,769","5,77,76,60,069.25","1,25,535","12,42,876",73.03
TCS,EQ,2023-07-28,"3,396.90","3,385.00","3,393.70","3,331.00","3,354.00","3,355.40","3,352.74","25,99,831","8,71,65,57,269.30","1,27,470","18,87,794",72.61
TCS,EQ,2023-07-31,"3,355.40","3,364.40","3,426.65","3,360.90","3,415.00","3,421.45","3,406.98","27,43,678","9,34,76,45,416.85","1,21,298","19,33,444",70.47
TCS,EQ,2023-08-01,"3,421.45","3,415.00","3,460.00","3,415.00","3,450.10","3,452.05","3,443.71","19,56,167","6,73,64,74,356.40","1,01,249","12,45,505",63.67
TCS,EQ,2023-08-02,"3,452.05","3,434.95","3,446.40","3,413.60","3,433.00","3,440.65","3,435.39","19,14,899","6,57,84,28,884.55","1,16,337","13,98,129",73.01
TCS,EQ,2023-08-03,"3,440.65","3,420.00","3,433.25","3,368.00","3,397.00","3,399.95","3,397.85","20,26,351","6,88,52,30,549.20","1,36,745","12,53,208",61.85
TCS,EQ,2023-08-04,"3,399.95","3,401.25","3,471.00","3,401.25","3,441.05","3,443.55","3,445.20","22,48,493","7,74,65,18,305.90","1,18,974","14,34,557",63.8
TCS,EQ,2023-08-07,"3,443.55","3,453.95","3,488.00","3,441.25","3,482.90","3,484.05","3,467.58","18,53,889","6,42,85,12,875.30","1,08,103","12,89,089",69.53
TCS,EQ,2023-08-08,"3,484.05","3,484.05","3,489.95","3,456.60","3,469.00","3,470.60","3,470.86","16,34,225","5,67,21,69,905.30","1,19,523","12,71,634",77.81
TCS,EQ,2023-08-09,"3,470.60","3,464.90","3,467.00","3,425.05","3,460.85","3,462.50","3,449.06","17,94,589","6,18,96,41,425.50","89,275","13,05,254",72.73
TCS,EQ,2023-08-10,"3,462.50","3,450.00","3,464.90","3,430.05","3,448.25","3,442.10","3,442.07","10,96,701","3,77,49,18,908.55","76,539","6,12,492",55.85
TCS,EQ,2023-08-11,"3,442.10","3,438.10","3,466.65","3,414.00","3,444.50","3,448.80","3,444.54","16,79,974","5,78,67,38,907.20","1,42,622","10,51,850",62.61
TCS,EQ,2023-08-14,"3,448.80","3,440.70","3,455.00","3,411.00","3,448.00","3,449.85","3,434.19","11,90,425","4,08,81,41,282.40","1,45,261","6,97,765",58.61
TCS,EQ,2023-08-16,"3,449.85","3,450.00","3,466.00","3,435.20","3,450.70","3,458.40","3,453.07","13,28,445","4,58,72,15,413.45","1,02,457","8,98,417",67.63
TCS,EQ,2023-08-17,"3,458.40","3,455.00","3,460.80","3,413.20","3,425.90","3,435.75","3,435.28","18,43,241","6,33,20,40,272.50","1,22,489","11,72,604",63.62
TCS,EQ,2023-08-18,"3,435.75","3,410.00","3,410.00","3,356.50","3,368.00","3,367.10","3,373.82","25,26,749","8,52,47,93,143.10","1,50,157","14,24,519",56.38
TCS,EQ,2023-08-21,"3,367.10","3,375.00","3,409.75","3,372.00","3,400.05","3,401.65","3,396.90","13,75,579","4,67,27,10,451.45","90,178","9,48,914",68.98
TCS,EQ,2023-08-22,"3,401.65","3,400.00","3,411.00","3,365.05","3,383.10","3,382.15","3,379.46","12,22,012","4,12,97,42,131.95","1,05,529","7,65,907",62.68
TCS,EQ,2023-08-23,"3,382.15","3,388.00","3,402.00","3,376.00","3,389.20","3,398.25","3,392.66","13,30,046","4,51,23,93,621.55","74,093","8,46,626",63.65
TCS,EQ,2023-08-24,"3,398.25","3,408.00","3,413.05","3,378.10","3,391.00","3,387.75","3,392.89","11,52,881","3,91,16,01,781.55","83,377","7,03,679",61.04
TCS,EQ,2023-08-25,"3,387.75","3,375.00","3,385.80","3,350.25","3,374.00","3,381.30","3,371.84","11,58,046","3,90,47,44,950.05","87,415","7,41,009",63.99
TCS,EQ,2023-08-28,"3,381.30","3,394.00","3,394.00","3,360.10","3,373.00","3,375.55","3,374.18","10,37,485","3,50,06,63,941.25","80,009","7,18,921",69.29
TCS,EQ,2023-08-29,"3,375.55","3,381.05","3,389.55","3,365.00","3,375.00","3,376.15","3,375.62","9,44,517","3,18,83,33,020.15","68,937","6,42,831",68.06
TCS,EQ,2023-08-30,"3,376.15","3,398.00","3,408.10","3,383.05","3,391.00","3,390.95","3,397.70","11,88,200","4,03,71,49,090.80","83,244","8,18,723",68.9
TCS,EQ,2023-08-31,"3,390.95","3,401.00","3,417.40","3,343.65","3,361.00","3,356.80","3,369.12","34,17,652","11,51,44,68,309.55","1,25,169","24,21,119",70.84
TCS,EQ,2023-09-01,"3,356.80","3,366.00","3,389.00","3,356.80","3,374.00","3,379.20","3,379.92","12,77,950","4,31,93,72,822.65","1,48,744","8,72,552",68.28
TCS,EQ,2023-09-04,"3,379.20","3,378.00","3,432.85","3,370.05","3,418.50","3,418.50","3,405.13","18,28,332","6,22,57,11,646.35","1,14,654","12,30,246",67.29
TCS,EQ,2023-09-05,"3,418.50","3,420.00","3,447.00","3,405.15","3,425.65","3,429.35","3,430.40","15,01,842","5,15,19,24,571.65","1,00,120","9,22,625",61.43
TCS,EQ,2023-09-06,"3,429.35","3,434.00","3,443.90","3,398.10","3,421.60","3,429.90","3,424.44","13,14,818","4,50,25,11,185.60","99,523","8,41,418",64.0
TCS,EQ,2023-09-07,"3,429.90","3,430.80","3,460.00","3,422.30","3,458.00","3,455.25","3,443.88","18,85,092","6,49,20,39,521.45","1,43,528","8,42,814",44.71
TCS,EQ,2023-09-08,"3,455.25","3,455.25","3,465.00","3,435.05","3,445.00","3,441.90","3,446.91","15,18,917","5,23,55,63,741.25","88,984","9,70,792",63.91
TCS,EQ,2023-09-11,"3,441.90","3,462.00","3,485.70","3,445.00","3,481.00","3,480.65","3,471.77","17,83,604","6,19,22,69,892.25","1,11,418","12,46,670",69.9
TCS,EQ,2023-09-12,"3,480.65","3,492.00","3,589.90","3,483.00","3,572.60","3,580.80","3,550.35","44,76,016","15,89,14,01,853.45","2,42,752","25,46,536",56.89
TCS,EQ,2023-09-13,"3,580.80","3,571.10","3,588.85","3,545.00","3,561.50","3,567.85","3,568.13","17,54,929","6,26,18,06,697.40","1,38,829","10,31,177",58.76
TCS,EQ,2023-09-14,"3,567.85","3,570.05","3,597.70","3,545.60","3,562.35","3,560.05","3,563.35","26,04,721","9,28,15,27,868.20","1,46,192","11,62,755",44.64
TCS,EQ,2023-09-15,"3,560.05","3,567.85","3,607.35","3,562.45","3,591.55","3,598.30","3,591.93","29,52,897","10,60,66,11,878.75","1,39,252","17,49,955",59.26
TCS,EQ,2023-09-18,"3,598.30","3,580.05","3,619.30","3,575.25","3,605.00","3,606.15","3,605.10","13,95,753","5,03,18,35,082.65","97,296","10,05,563",72.04
TCS,EQ,2023-09-20,"3,606.15","3,580.00","3,625.00","3,580.00","3,600.10","3,606.05","3,612.14","16,49,396","5,95,78,55,338.40","1,27,927","9,76,624",59.21
TCS,EQ,2023-09-21,"3,606.05","3,588.55","3,605.00","3,528.00","3,586.00","3,585.30","3,559.97","20,04,073","7,13,44,47,228.50","1,51,219","8,92,038",44.51
TCS,EQ,2023-09-22,"3,585.30","3,584.00","3,633.75","3,565.05","3,604.00","3,603.65","3,605.09","19,89,083","7,17,08,27,508.35","1,52,937","10,63,284",53.46
TCS,EQ,2023-09-25,"3,603.65","3,602.50","3,620.00","3,558.65","3,569.80","3,577.15","3,579.70","12,38,778","4,43,44,48,253.85","82,519","8,47,701",68.43
TCS,EQ,2023-09-26,"3,577.15","3,567.60","3,594.95","3,536.00","3,590.00","3,585.70","3,561.51","17,26,062","6,14,73,86,173.95","1,13,798","12,20,758",70.73
TCS,EQ,2023-09-27,"3,585.70","3,590.00","3,614.00","3,555.70","3,586.00","3,589.30","3,587.16","15,41,134","5,52,82,96,992.85","1,04,230","9,91,891",64.36
TCS,EQ,2023-09-28,"3,589.30","3,600.00","3,602.80","3,527.35","3,549.00","3,536.75","3,558.09","17,55,753","6,24,71,35,882.45","1,27,091","7,75,346",44.16
TCS,EQ,2023-09-29,"3,536.75","3,537.20","3,568.45","3,505.55","3,525.00","3,528.60","3,536.95","22,43,791","7,93,61,67,438.85","1,34,776","12,82,164",57.14
TCS,EQ,2023-10-03,"3,528.60","3,534.20","3,534.20","3,480.10","3,507.10","3,513.85","3,508.19","19,48,148","6,83,44,65,531.05","1,34,041","11,88,071",60.98
TCS,EQ,2023-10-04,"3,513.85","3,486.30","3,548.00","3,477.30","3,545.00","3,537.75","3,504.95","17,88,138","6,26,73,37,422.00","1,02,259","11,15,764",62.4
TCS,EQ,2023-10-05,"3,537.75","3,554.00","3,624.00","3,551.20","3,590.00","3,589.35","3,589.48","29,90,768","10,73,53,00,327.60","1,95,202","13,44,658",44.96
TCS,EQ,2023-10-06,"3,589.35","3,591.00","3,634.95","3,575.05","3,621.25","3,621.40","3,606.29","20,75,691","7,48,55,47,134.95","1,57,117","12,17,280",58.64
TCS,EQ,2023-10-09,"3,621.40","3,645.05","3,679.00","3,631.00","3,633.00","3,638.35","3,652.75","42,33,074","15,46,23,57,801.50","3,37,303","23,13,193",54.65
TCS,EQ,2023-10-10,"3,638.35","3,640.05","3,648.00","3,601.35","3,629.50","3,628.90","3,623.90","18,48,148","6,69,75,11,578.25","1,70,957","8,98,605",48.62
TCS,EQ,2023-10-11,"3,628.90","3,650.00","3,650.00","3,605.00","3,613.00","3,609.90","3,625.72","24,26,417","8,79,75,00,442.75","1,51,957","14,77,594",60.9
TCS,EQ,2023-10-12,"3,609.90","3,575.00","3,588.65","3,538.10","3,543.00","3,542.55","3,555.40","42,41,281","15,07,94,40,683.50","3,14,201","21,49,379",50.68
TCS,EQ,2023-10-13,"3,542.55","3,530.00","3,577.00","3,525.00","3,574.30","3,570.85","3,562.28","28,90,357","10,29,62,67,661.05","2,62,330","17,70,918",61.27
TCS,EQ,2023-10-16,"3,570.85","3,566.00","3,574.65","3,519.10","3,521.00","3,524.05","3,539.03","16,71,104","5,91,40,86,791.50","1,62,600","11,13,479",66.63
TCS,EQ,2023-10-17,"3,524.05","3,530.00","3,534.15","3,503.35","3,509.00","3,507.05","3,516.16","16,72,065","5,87,92,54,819.95","1,25,942","12,00,270",71.78
TCS,EQ,2023-10-18,"3,507.05","3,511.00","3,522.70","3,484.00","3,492.50","3,487.25","3,500.28","14,08,245","4,92,92,45,451.05","1,47,692","9,15,176",64.99
TCS,EQ,2023-10-19,"3,487.25","3,469.50","3,476.85","3,451.90","3,454.80","3,455.65","3,461.86","15,14,545","5,24,31,45,783.65","1,64,438","8,14,343",53.77
TCS,EQ,2023-10-20,"3,455.65","3,450.40","3,499.50","3,444.05","3,491.85","3,494.55","3,485.40","14,81,211","5,16,26,09,717.10","1,42,361","8,11,900",54.81
TCS,EQ,2023-10-23,"3,494.55","3,473.00","3,478.95","3,401.30","3,409.15","3,410.15","3,442.60","11,06,272","3,80,84,55,848.35","1,26,787","6,35,413",57.44
TCS,EQ,2023-10-25,"3,410.15","3,390.50","3,425.00","3,377.20","3,390.55","3,390.10","3,398.15","15,18,537","5,16,02,13,346.45","1,33,032","9,59,916",63.21
TCS,EQ,2023-10-26,"3,390.10","3,368.05","3,373.70","3,330.00","3,331.80","3,336.75","3,346.35","19,84,471","6,64,07,34,038.60","2,03,800","12,06,477",60.8
TCS,EQ,2023-10-27,"3,336.75","3,350.00","3,362.00","3,337.00","3,350.00","3,350.95","3,351.03","11,08,851","3,71,57,95,757.45","1,12,673","6,26,899",56.54
TCS,EQ,2023-10-30,"3,350.95","3,350.00","3,382.85","3,333.75","3,381.00","3,378.55","3,368.57","9,10,972","3,06,86,72,170.25","74,251","4,42,422",48.57
TCS,EQ,2023-10-31,"3,378.55","3,399.00","3,399.00","3,350.05","3,371.80","3,368.75","3,368.00","9,99,811","3,36,73,64,685.15","1,09,355","5,84,532",58.46
TCS,EQ,2023-11-01,"3,368.75","3,355.00","3,371.60","3,311.00","3,311.40","3,330.65","3,347.22","15,63,475","5,23,32,96,947.80","1,12,623","11,48,529",73.46
TCS,EQ,2023-11-02,"3,330.65","3,343.20","3,375.95","3,343.20","3,363.00","3,360.10","3,363.98","12,45,384","4,18,94,48,412.50","97,073","5,42,537",43.56
TCS,EQ,2023-11-03,"3,360.10","3,382.00","3,387.90","3,344.30","3,351.00","3,350.90","3,362.79","14,02,598","4,71,66,46,465.75","1,11,516","9,55,820",68.15
TCS,EQ,2023-11-06,"3,350.90","3,375.00","3,392.30","3,359.00","3,385.00","3,380.25","3,374.03","10,99,852","3,71,09,28,578.40","69,041","8,64,446",78.6
TCS,EQ,2023-11-07,"3,380.25","3,378.00","3,404.15","3,366.00","3,371.55","3,370.45","3,378.26","11,91,144","4,02,39,94,967.20","82,322","8,53,147",71.62
TCS,EQ,2023-11-08,"3,370.45","3,371.45","3,401.95","3,369.55","3,382.65","3,381.55","3,387.91","9,92,899","3,36,38,52,490.70","91,615","6,30,418",63.49
TCS,EQ,2023-11-09,"3,381.55","3,390.10","3,391.50","3,342.05","3,350.00","3,347.45","3,363.59","21,12,352","7,10,50,80,612.55","1,46,431","12,60,477",59.67
TCS,EQ,2023-11-10,"3,347.45","3,338.00","3,347.45","3,322.35","3,341.00","3,333.45","3,331.70","13,38,557","4,45,96,65,543.60","93,667","9,30,907",69.55
TCS,EQ,2023-11-12,"3,333.45","3,350.00","3,359.00","3,345.00","3,358.90","3,357.30","3,355.70","1,73,346","58,16,97,254.35","22,226","1,16,967",67.48
TCS,EQ,2023-11-13,"3,357.30","3,356.00","3,356.00","3,327.00","3,332.00","3,331.55","3,333.43","10,30,990","3,43,67,31,318.90","92,128","8,25,729",80.09
TCS,EQ,2023-11-15,"3,331.55","3,383.10","3,413.00","3,356.05","3,408.60","3,404.30","3,390.15","20,59,802","6,98,30,37,380.85","1,17,652","14,49,421",70.37
TCS,EQ,2023-11-16,"3,404.30","3,430.05","3,529.35","3,414.20","3,497.00","3,497.85","3,484.46","39,51,984","13,77,05,16,229.10","2,56,300","18,66,641",47.23
TCS,EQ,2023-11-17,"3,497.85","3,497.85","3,524.50","3,492.55","3,499.00","3,502.45","3,510.08","20,21,292","7,09,48,91,279.55","1,59,877","11,11,855",55.01
TCS,EQ,2023-11-20,"3,502.45","3,491.25","3,533.90","3,491.25","3,520.00","3,519.60","3,518.20","14,75,621","5,19,15,24,462.85","1,33,758","9,17,412",62.17
TCS,EQ,2023-11-21,"3,519.60","3,519.60","3,539.05","3,501.00","3,510.00","3,510.20","3,525.61","18,07,236","6,37,16,10,015.95","1,41,954","13,60,143",75.26
TCS,EQ,2023-11-22,"3,510.20","3,500.00","3,532.65","3,481.10","3,530.50","3,530.15","3,510.71","17,98,051","6,31,24,27,531.70","1,21,170","11,49,027",63.9
TCS,EQ,2023-11-23,"3,530.15","3,530.00","3,544.00","3,500.00","3,507.00","3,508.25","3,516.84","27,29,804","9,60,02,72,250.30","1,70,315","19,33,265",70.82
TCS,EQ,2023-11-24,"3,508.25","3,494.25","3,504.55","3,453.00","3,454.00","3,457.10","3,474.52","19,89,733","6,91,33,59,986.45","1,37,682","10,75,004",54.03
TCS,EQ,2023-11-28,"3,457.10","3,457.10","3,481.25","3,433.00","3,473.30","3,470.15","3,454.10","16,89,195","5,83,46,49,202.90","1,20,747","11,25,100",66.61
TCS,EQ,2023-11-29,"3,470.15","3,481.00","3,518.00","3,475.80","3,514.60","3,513.75","3,503.48","14,41,634","5,05,07,29,225.70","1,40,282","9,20,188",63.83
TCS,EQ,2023-11-30,"3,513.75","3,499.45","3,516.65","3,481.00","3,487.90","3,487.60","3,492.69","32,66,235","11,40,79,56,559.40","1,36,958","23,62,566",72.33
TCS,EQ,2023-12-01,"3,487.60","3,500.00","3,516.95","3,490.05","3,512.00","3,511.65","3,503.53","11,72,141","4,10,66,36,662.55","90,309","7,10,553",60.62
TCS,EQ,2023-12-04,"3,511.65","3,544.65","3,547.80","3,498.00","3,514.45","3,512.45","3,514.58","16,25,213","5,71,19,34,381.15","1,05,864","9,58,947",59.0
TCS,EQ,2023-12-05,"3,512.45","3,538.00","3,538.00","3,502.80","3,533.60","3,531.60","3,520.66","13,77,656","4,85,02,57,950.20","74,749","8,18,570",59.42
TCS,EQ,2023-12-06,"3,531.60","3,532.60","3,612.85","3,525.15","3,600.60","3,604.10","3,573.48","18,96,572","6,77,73,60,136.50","1,09,178","10,28,717",54.24
TCS,EQ,2023-12-07,"3,604.10","3,605.00","3,630.55","3,591.70","3,618.00","3,614.90","3,615.53","19,67,653","7,11,41,13,153.35","1,69,670","11,57,011",58.8
TCS,EQ,2023-12-08,"3,614.90","3,633.00","3,645.00","3,602.05","3,625.00","3,626.70","3,622.26","16,41,155","5,94,46,90,506.00","1,11,965","7,74,207",47.17
TCS,EQ,2023-12-11,"3,626.70","3,622.90","3,653.00","3,615.00","3,643.00","3,642.90","3,638.96","11,02,503","4,01,19,62,538.60","79,129","7,63,415",69.24
TCS,EQ,2023-12-12,"3,642.90","3,638.95","3,698.40","3,631.00","3,665.50","3,672.10","3,673.19","22,36,866","8,21,64,32,575.75","1,93,557","13,98,051",62.5
TCS,EQ,2023-12-13,"3,672.10","3,643.55","3,650.00","3,563.00","3,597.00","3,593.55","3,596.72","38,50,968","13,85,08,61,323.25","3,07,799","24,93,877",64.76
TCS,EQ,2023-12-14,"3,593.55","3,630.00","3,678.00","3,627.60","3,670.00","3,667.25","3,664.15","32,90,396","12,05,64,88,520.30","2,17,977","21,36,355",64.93
TCS,EQ,2023-12-15,"3,667.25","3,666.70","3,895.95","3,666.70","3,871.00","3,861.00","3,810.10","85,31,230","32,50,48,50,648.60","3,63,820","48,17,725",56.47
TCS,EQ,2023-12-18,"3,861.00","3,858.10","3,929.00","3,830.15","3,856.00","3,859.20","3,872.72","25,21,612","9,76,55,02,705.80","1,78,532","11,56,164",45.85
TCS,EQ,2023-12-19,"3,859.20","3,845.00","3,855.10","3,790.00","3,808.00","3,816.20","3,814.98","20,04,435","7,64,68,76,716.95","1,33,647","10,88,070",54.28
TCS,EQ,2023-12-20,"3,816.20","3,827.25","3,898.80","3,766.55","3,774.00","3,780.05","3,841.02","25,86,083","9,93,31,85,211.45","1,73,222","13,45,951",52.05
TCS,EQ,2023-12-21,"3,780.05","3,756.25","3,806.70","3,743.35","3,796.65","3,787.50","3,783.40","15,17,562","5,74,15,45,164.75","1,41,897","6,61,412",43.58
TCS,EQ,2023-12-22,"3,787.50","3,800.00","3,845.95","3,762.00","3,814.00","3,824.00","3,805.11","24,13,058","9,18,19,61,989.95","2,10,826","13,29,736",55.11
TCS,EQ,2023-12-26,"3,824.00","3,819.85","3,834.00","3,790.15","3,798.10","3,795.55","3,806.25","12,85,231","4,89,19,12,408.60","1,05,834","7,46,906",58.11
TCS,EQ,2023-12-27,"3,795.55","3,799.00","3,818.20","3,768.00","3,808.00","3,811.20","3,792.62","12,93,976","4,90,75,56,179.85","1,35,647","7,79,111",60.21
TCS,EQ,2023-12-28,"3,811.20","3,824.00","3,838.00","3,792.10","3,796.15","3,799.90","3,811.22","16,82,889","6,41,38,55,833.10","1,33,761","10,16,895",60.43
TCS,EQ,2023-12-29,"3,799.90","3,792.00","3,822.60","3,765.40","3,800.00","3,793.40","3,796.92","15,74,996","5,98,01,29,693.80","1,31,434","10,04,864",63.8
TCS,EQ,2024-01-01,"3,793.40","3,790.00","3,832.00","3,773.00","3,803.00","3,811.10","3,804.27","8,25,907","3,14,19,74,600.85","94,008","4,21,397",51.02
TCS,EQ,2024-01-02,"3,811.10","3,811.10","3,811.10","3,767.25","3,781.15","3,783.20","3,787.05","13,44,068","5,09,00,55,959.15","1,33,902","9,28,322",69.07
TCS,EQ,2024-01-03,"3,783.20","3,767.00","3,771.85","3,687.05","3,692.60","3,691.75","3,711.76","18,03,075","6,69,25,84,987.50","2,08,012","11,88,251",65.9
TCS,EQ,2024-01-04,"3,691.75","3,701.75","3,719.00","3,651.00","3,668.60","3,666.80","3,668.32","35,98,144","13,19,91,52,251.35","2,20,494","26,70,094",74.21
TCS,EQ,2024-01-05,"3,666.80","3,675.00","3,747.75","3,674.85","3,738.60","3,737.90","3,721.70","19,63,127","7,30,61,70,829.65","1,55,406","10,33,124",52.63
TCS,EQ,2024-01-08,"3,737.90","3,737.90","3,739.75","3,672.40","3,680.85","3,678.30","3,696.43","10,67,805","3,94,70,62,246.40","1,37,547","6,29,551",58.96
TCS,EQ,2024-01-09,"3,678.30","3,709.95","3,752.35","3,682.75","3,696.00","3,689.90","3,716.16","13,70,944","5,09,46,42,955.85","1,12,174","7,56,812",55.2
TCS,EQ,2024-01-10,"3,689.90","3,690.00","3,729.25","3,688.00","3,707.05","3,713.05","3,706.94","12,92,227","4,79,02,02,220.40","1,11,912","7,55,246",58.45
TCS,EQ,2024-01-11,"3,713.05","3,724.00","3,773.00","3,707.00","3,726.70","3,735.55","3,738.42","17,77,909","6,64,65,66,140.90","1,35,916","8,99,818",50.61
TCS,EQ,2024-01-12,"3,735.55","3,848.00","3,905.25","3,821.60","3,881.90","3,882.80","3,873.63","68,13,450","26,39,28,05,818.30","3,37,824","37,68,543",55.31
TCS,EQ,2024-01-15,"3,882.80","3,960.00","3,965.00","3,885.00","3,902.00","3,903.80","3,922.67","28,01,505","10,98,93,86,687.15","2,65,310","15,62,049",55.76
TCS,EQ,2024-01-16,"3,903.80","3,899.00","3,899.00","3,855.55","3,861.05","3,861.30","3,873.57","14,32,672","5,54,95,55,027.65","1,57,027","9,00,573",62.86
TCS,EQ,2024-01-17,"3,861.30","3,819.00","3,909.95","3,812.55","3,880.00","3,884.60","3,882.57","34,58,696","13,42,86,30,127.85","1,61,556","22,30,573",64.49
TCS,EQ,2024-01-18,"3,884.60","3,898.00","3,908.80","3,862.00","3,902.00","3,902.60","3,887.98","22,39,110","8,70,56,05,580.15","2,00,495","13,62,977",60.87
TCS,EQ,2024-01-19,"3,902.60","3,945.00","3,963.55","3,915.05","3,947.00","3,943.05","3,942.73","29,41,975","11,59,94,14,329.35","2,72,591","19,33,463",65.72
TCS,EQ,2024-01-20,"3,943.05","3,948.00","3,955.65","3,855.55","3,859.30","3,860.65","3,896.81","5,16,477","2,01,26,14,827.20","47,373","2,22,448",43.07
TCS,EQ,2024-01-23,"3,860.65","3,900.00","3,933.90","3,842.75","3,860.05","3,858.25","3,881.80","26,18,854","10,16,58,79,227.30","2,14,176","17,56,285",67.06
TCS,EQ,2024-01-24,"3,858.25","3,880.00","3,883.65","3,805.60","3,859.40","3,841.80","3,842.01","26,57,709","10,21,09,48,798.05","1,19,466","19,84,308",74.66
TCS,EQ,2024-01-25,"3,841.80","3,839.90","3,861.00","3,778.70","3,807.00","3,810.30","3,803.09","22,05,154","8,38,63,94,648.75","1,86,169","13,32,663",60.43
TCS,EQ,2024-01-29,"3,810.30","3,800.80","3,820.00","3,780.85","3,807.00","3,801.00","3,798.49","16,46,747","6,25,51,55,335.60","1,14,028","11,42,824",69.4
TCS,EQ,2024-01-30,"3,801.00","3,807.45","3,847.80","3,787.00","3,801.40","3,800.55","3,816.76","14,11,621","5,38,78,16,849.15","96,931","9,14,543",64.79
TCS,EQ,2024-01-31,"3,800.55","3,811.20","3,834.00","3,796.45","3,804.00","3,815.95","3,814.91","24,59,358","9,38,22,20,705.45","1,66,663","18,24,652",74.19
TCS,EQ,2024-02-01,"3,815.95","3,820.00","3,904.90","3,805.05","3,842.65","3,854.15","3,863.88","23,63,107","9,13,07,67,055.90","2,00,156","12,67,308",53.63
TCS,EQ,2024-02-02,"3,854.15","3,875.05","3,984.40","3,872.00","3,959.20","3,966.30","3,944.48","28,26,510","11,14,91,16,302.85","2,71,200","14,35,372",50.78
TCS,EQ,2024-02-05,"3,966.30","3,983.00","4,022.00","3,962.10","3,966.95","3,973.30","3,996.07","16,91,523","6,75,94,38,477.25","1,56,341","10,15,070",60.01
TCS,EQ,2024-02-06,"3,973.30","3,997.00","4,149.90","3,990.00","4,129.35","4,136.00","4,106.33","44,74,396","18,37,33,68,282.15","3,25,723","24,79,611",55.42
TCS,EQ,2024-02-07,"4,136.00","4,153.00","4,155.00","4,073.95","4,085.00","4,083.40","4,115.33","21,24,267","8,74,20,61,109.55","1,77,689","14,33,758",67.49
TCS,EQ,2024-02-08,"4,083.40","4,090.00","4,158.00","4,086.05","4,137.85","4,134.10","4,122.74","23,45,173","9,66,85,40,283.35","2,12,471","9,46,960",40.38
TCS,EQ,2024-02-09,"4,134.10","4,136.55","4,184.75","4,100.00","4,132.00","4,133.70","4,135.50","21,00,596","8,68,70,13,883.30","2,04,415","8,36,221",39.81
TCS,EQ,2024-02-12,"4,133.70","4,130.00","4,159.60","4,105.55","4,119.00","4,120.70","4,128.10","10,13,716","4,18,47,16,444.45","1,10,339","5,45,028",53.77
TCS,EQ,2024-02-13,"4,120.70","4,125.45","4,170.00","4,081.50","4,145.00","4,149.50","4,130.03","12,57,415","5,19,31,63,729.60","1,40,800","7,57,833",60.27
TCS,EQ,2024-02-14,"4,149.50","4,107.00","4,114.90","4,049.50","4,106.00","4,100.10","4,092.10","13,91,283","5,69,32,75,185.95","1,26,863","8,44,545",60.7
TCS,EQ,2024-02-15,"4,100.10","4,128.00","4,146.30","4,083.00","4,106.00","4,103.20","4,107.34","10,91,582","4,48,34,99,686.35","1,17,286","4,79,725",43.95
TCS,EQ,2024-02-16,"4,103.20","4,113.25","4,147.95","4,100.10","4,122.30","4,128.30","4,124.07","13,07,556","5,39,24,47,497.55","1,25,414","6,60,555",50.52
TCS,EQ,2024-02-19,"4,128.30","4,123.05","4,128.30","4,055.00","4,099.85","4,103.80","4,092.76","7,72,291","3,16,08,00,378.55","70,873","3,43,479",44.48
TCS,EQ,2024-02-20,"4,103.80","4,082.10","4,098.00","4,010.00","4,035.00","4,030.65","4,047.78","11,93,648","4,83,16,25,596.80","1,08,310","6,28,009",52.61
TCS,EQ,2024-02-21,"4,030.65","4,013.00","4,063.35","3,980.60","3,987.00","3,991.50","4,025.98","18,85,939","7,59,27,48,600.05","1,35,075","10,93,371",57.97
TCS,EQ,2024-02-22,"3,991.50","3,971.00","4,094.95","3,971.00","4,082.55","4,087.10","4,036.74","29,82,052","12,03,77,60,611.30","2,33,453","14,65,287",49.14
TCS,EQ,2024-02-23,"4,087.10","4,130.00","4,130.00","4,046.40","4,046.40","4,052.10","4,086.76","25,38,072","10,37,24,88,169.05","2,07,942","17,64,308",69.51
TCS,EQ,2024-02-26,"4,052.10","4,036.00","4,050.00","3,982.75","4,001.90","4,001.05","4,001.89","13,79,284","5,51,97,38,697.40","1,68,908","9,43,439",68.4
TCS,EQ,2024-02-27,"4,001.05","3,999.00","4,124.00","3,999.00","4,100.50","4,104.40","4,083.47","29,60,475","12,08,90,17,645.25","2,35,296","17,32,919",58.54
TCS,EQ,2024-02-28,"4,104.40","4,095.60","4,154.90","4,089.00","4,109.90","4,118.95","4,126.35","19,39,225","8,00,19,15,262.30","1,39,242","10,44,776",53.88
TCS,EQ,2024-02-29,"4,118.95","4,099.00","4,138.10","4,064.55","4,113.00","4,095.10","4,098.60","37,72,719","15,46,28,63,779.50","1,65,001","22,23,680",58.94
TCS,EQ,2024-03-01,"4,095.10","4,107.20","4,140.00","4,086.80","4,093.00","4,094.35","4,110.85","20,43,265","8,39,95,55,212.15","1,57,981","12,02,586",58.86
TCS,EQ,2024-03-02,"4,094.35","4,112.70","4,129.50","4,090.15","4,110.00","4,107.10","4,110.65","65,057","26,74,26,764.05","8,974","34,991",53.79
TCS,EQ,2024-03-04,"4,107.10","4,105.00","4,117.90","4,075.90","4,082.00","4,080.70","4,090.25","17,49,271","7,15,49,55,206.30","1,14,412","12,95,900",74.08
TCS,EQ,2024-03-05,"4,080.70","4,062.00","4,064.00","3,980.00","4,010.90","4,012.10","4,017.34","20,70,859","8,31,93,42,582.80","1,52,615","13,47,590",65.07
TCS,EQ,2024-03-06,"4,012.10","3,994.05","4,072.00","3,958.45","4,058.00","4,064.30","4,012.65","17,44,204","6,99,88,78,535.55","1,40,908","8,94,364",51.28
TCS,EQ,2024-03-07,"4,064.30","4,065.00","4,124.00","4,037.70","4,105.00","4,108.60","4,099.00","26,88,905","11,02,18,20,076.20","1,54,179","16,36,303",60.85
TCS,EQ,2024-03-11,"4,108.60","4,089.00","4,153.00","4,089.00","4,120.00","4,122.35","4,124.96","23,04,068","9,50,41,84,843.45","1,88,233","15,10,509",65.56
TCS,EQ,2024-03-12,"4,122.35","4,122.35","4,229.95","4,121.05","4,194.55","4,192.25","4,198.28","40,39,801","16,96,02,33,961.30","2,16,551","18,14,985",44.93
TCS,EQ,2024-03-13,"4,192.25","4,205.00","4,241.00","4,131.90","4,139.00","4,149.00","4,177.33","28,37,260","11,85,21,84,104.80","2,08,881","16,55,638",58.35
TCS,EQ,2024-03-14,"4,149.00","4,153.45","4,225.00","4,086.00","4,207.75","4,207.60","4,166.30","29,19,608","12,16,39,65,941.70","2,62,125","14,59,709",50.0
TCS,EQ,2024-03-15,"4,207.60","4,192.60","4,239.00","4,177.00","4,220.00","4,219.25","4,213.31","33,73,143","14,21,20,88,365.25","1,76,623","21,28,963",63.12
TCS,EQ,2024-03-18,"4,219.25","4,215.25","4,254.75","4,117.85","4,144.25","4,152.50","4,196.78","15,26,904","6,40,80,84,083.05","1,29,335","8,08,311",52.94
TCS,EQ,2024-03-19,"4,152.50","4,051.25","4,058.00","3,966.60","3,971.00","3,977.30","4,022.55","89,31,209","35,92,62,06,807.15","2,93,529","35,95,481",40.26
TCS,EQ,2024-03-20,"3,977.30","3,986.00","4,018.00","3,960.20","3,974.95","3,970.90","3,995.10","18,17,913","7,26,27,45,848.35","1,34,030","8,83,011",48.57
TCS,EQ,2024-03-21,"3,970.90","3,990.05","4,008.40","3,948.00","3,979.45","3,972.95","3,972.92","38,29,582","15,21,46,04,392.05","2,27,156","24,07,623",62.87
TCS,EQ,2024-03-22,"3,972.95","3,897.00","3,938.00","3,855.00","3,909.00","3,910.90","3,903.24","58,52,485","22,84,36,70,096.35","4,31,155","32,46,731",55.48
TCS,EQ,2024-03-26,"3,910.90","3,875.00","3,946.70","3,871.45","3,883.00","3,877.50","3,894.29","34,40,925","13,39,99,53,628.95","1,76,329","25,22,467",73.31
TCS,EQ,2024-03-27,"3,877.50","3,888.50","3,895.00","3,829.40","3,854.15","3,840.90","3,861.60","19,68,575","7,60,18,45,471.00","1,52,258","13,85,664",70.39
TCS,EQ,2024-03-28,"3,840.90","3,850.10","3,915.00","3,840.50","3,882.10","3,876.30","3,880.57","43,11,783","16,73,21,86,615.05","2,42,073","23,46,012",54.41
TCS,EQ,2024-04-01,"3,876.30","3,897.70","3,933.30","3,888.05","3,924.00","3,916.75","3,905.77","15,69,676","6,13,07,99,234.60","1,42,337","10,35,605",65.98
TCS,EQ,2024-04-02,"3,916.75","3,890.00","3,909.85","3,873.00","3,890.20","3,883.80","3,886.53","21,42,666","8,32,75,25,479.35","1,52,218","16,49,088",76.96
TCS,EQ,2024-04-03,"3,883.80","3,851.00","3,981.00","3,851.00","3,950.05","3,947.30","3,940.47","39,73,090","15,65,58,36,798.60","2,32,561","24,47,069",61.59
TCS,EQ,2024-04-04,"3,947.30","3,975.90","4,028.65","3,935.25","4,000.00","4,003.30","3,983.10","33,94,637","13,52,11,78,797.20","1,96,204","15,81,295",46.58
TCS,EQ,2024-04-05,"4,003.30","3,978.00","4,002.00","3,960.50","3,983.00","3,979.25","3,983.17","16,36,819","6,51,97,23,297.55","95,801","10,36,981",63.35
TCS,EQ,2024-04-08,"3,979.25","3,983.00","4,032.65","3,960.00","3,964.90","3,972.55","4,000.29","23,02,538","9,21,08,23,451.50","1,45,126","16,49,249",71.63
TCS,EQ,2024-04-09,"3,972.55","3,984.00","4,015.85","3,925.05","3,948.75","3,946.55","3,967.73","18,76,992","7,44,74,01,521.40","1,02,114","11,76,639",62.69
TCS,EQ,2024-04-10,"3,946.55","3,956.40","3,990.20","3,918.00","3,980.75","3,984.65","3,956.43","21,01,965","8,31,62,67,625.30","1,08,594","13,44,752",63.98
TCS,EQ,2024-04-12,"3,984.65","3,971.00","4,013.35","3,945.50","4,003.80","4,001.40","3,990.61","43,54,821","17,37,83,76,127.55","2,00,517","23,12,553",53.1
TCS,EQ,2024-04-15,"4,001.40","4,001.40","4,064.20","3,919.05","3,940.80","3,941.20","3,990.50","42,00,329","16,76,14,16,762.10","2,45,404","14,65,213",34.88
TCS,EQ,2024-04-16,"3,941.20","3,902.00","3,928.70","3,862.85","3,875.95","3,872.80","3,888.73","30,51,420","11,86,61,47,836.30","1,47,341","20,40,122",66.86
TCS,EQ,2024-04-18,"3,872.80","3,876.80","3,936.00","3,850.00","3,871.00","3,862.00","3,891.42","34,76,284","13,52,76,91,591.60","1,91,254","17,60,108",50.63
TCS,EQ,2024-04-19,"3,862.00","3,838.00","3,852.55","3,800.90","3,822.15","3,826.20","3,827.74","29,57,749","11,32,15,04,897.25","2,52,913","17,31,769",58.55
TCS,EQ,2024-04-22,"3,826.20","3,837.00","3,878.00","3,812.00","3,875.90","3,864.60","3,841.58","17,28,883","6,64,16,43,736.05","99,078","11,48,694",66.44
TCS,EQ,2024-04-23,"3,864.60","3,877.05","3,895.00","3,860.60","3,875.00","3,874.70","3,877.69","18,07,586","7,00,92,50,573.80","1,32,941","12,25,651",67.81
TCS,EQ,2024-04-24,"3,874.70","3,890.00","3,898.00","3,824.45","3,835.00","3,831.05","3,853.73","13,17,312","5,07,65,58,245.00","1,13,695","8,34,223",63.33
TCS,EQ,2024-04-25,"3,831.05","3,811.20","3,873.65","3,811.00","3,851.00","3,852.20","3,850.53","28,56,271","10,99,81,53,736.80","2,11,754","15,34,697",53.73
TCS,EQ,2024-04-26,"3,852.20","3,855.15","3,876.80","3,802.55","3,823.45","3,821.35","3,838.36","20,39,178","7,82,70,90,898.40","1,65,343","11,99,318",58.81
TCS,EQ,2024-04-29,"3,821.35","3,838.00","3,877.80","3,819.20","3,865.00","3,870.20","3,860.41","11,10,693","4,28,77,35,190.85","1,09,485","6,66,831",60.04
TCS,EQ,2024-04-30,"3,870.20","3,872.00","3,881.75","3,810.00","3,823.95","3,820.65","3,841.42","22,03,078","8,46,29,54,749.45","1,44,940","16,28,645",73.93
TCS,EQ,2024-05-02,"3,820.65","3,778.05","3,871.10","3,778.05","3,865.00","3,863.30","3,846.89","24,91,044","9,58,27,66,032.85","2,20,245","10,31,270",41.4
TCS,EQ,2024-05-03,"3,863.30","3,890.15","3,893.60","3,797.60","3,838.00","3,843.40","3,839.84","29,62,234","11,37,45,19,156.95","1,93,038","15,31,052",51.69
TCS,EQ,2024-05-06,"3,843.40","3,853.00","3,939.95","3,853.00","3,922.20","3,921.05","3,917.99","20,53,831","8,04,68,88,044.00","1,62,185","10,92,024",53.17
TCS,EQ,2024-05-07,"3,921.05","3,930.80","3,988.00","3,913.50","3,975.20","3,978.95","3,951.55","20,62,112","8,14,85,36,133.15","1,28,480","12,74,679",61.81
TCS,EQ,2024-05-08,"3,978.95","3,961.00","3,984.30","3,938.60","3,968.10","3,976.95","3,968.11","12,47,685","4,95,09,48,533.20","1,10,637","7,80,055",62.52
TCS,EQ,2024-05-09,"3,976.95","3,962.00","3,971.00","3,910.05","3,956.00","3,960.20","3,948.51","17,26,486","6,81,70,49,440.40","1,56,265","7,86,275",45.54
TCS,EQ,2024-05-10,"3,960.20","3,962.60","3,973.60","3,885.05","3,895.00","3,893.90","3,914.05","16,72,489","6,54,62,06,693.50","1,42,144","8,33,333",49.83
TCS,EQ,2024-05-13,"3,893.90","3,884.50","3,955.00","3,870.00","3,947.00","3,947.80","3,923.12","9,31,326","3,65,37,00,402.95","96,702","4,76,483",51.16
TCS,EQ,2024-05-14,"3,947.80","3,936.00","3,945.80","3,892.90","3,902.00","3,901.20","3,916.22","10,58,317","4,14,46,02,576.75","96,233","6,01,739",56.86
TCS,EQ,2024-05-15,"3,901.20","3,904.50","3,926.95","3,875.50","3,882.70","3,880.40","3,891.38","11,15,021","4,33,89,65,538.50","88,516","6,92,445",62.1
TCS,EQ,2024-05-16,"3,880.40","3,891.10","3,909.50","3,843.50","3,892.00","3,900.95","3,882.17","25,99,399","10,09,13,00,479.85","1,87,465","10,51,041",40.43
TCS,EQ,2024-05-17,"3,900.95","3,919.00","3,920.00","3,830.00","3,839.00","3,834.10","3,866.19","27,65,804","10,69,31,18,517.05","1,97,919","18,21,715",65.87
TCS,EQ,2024-05-18,"3,834.10","3,847.00","3,861.90","3,840.00","3,853.35","3,851.45","3,849.42","91,066","35,05,51,405.70","7,224","44,715",49.1
TCS,EQ,2024-05-21,"3,851.45","3,830.60","3,844.75","3,810.05","3,825.00","3,820.20","3,820.18","19,08,117","7,28,93,43,660.90","2,00,205","12,88,624",67.53
TCS,EQ,2024-05-22,"3,820.20","3,835.00","3,841.25","3,817.55","3,831.50","3,832.00","3,830.73","13,11,168","5,02,27,30,247.75","1,01,531","8,05,048",61.4
TCS,EQ,2024-05-23,"3,832.00","3,840.95","3,905.00","3,825.50","3,899.00","3,893.45","3,871.28","20,95,742","8,11,32,03,579.00","1,31,534","9,38,015",44.76
TCS,EQ,2024-05-24,"3,893.45","3,878.25","3,883.80","3,844.30","3,850.95","3,849.50","3,857.62","13,09,452","5,05,13,69,874.45","88,592","7,62,209",58.21
TCS,EQ,2024-05-27,"3,849.50","3,855.00","3,908.35","3,841.35","3,847.65","3,847.05","3,879.60","18,41,538","7,14,44,26,662.95","1,60,642","11,43,209",62.08
TCS,EQ,2024-05-28,"3,847.05","3,858.00","3,870.00","3,830.00","3,836.90","3,839.90","3,853.34","18,01,993","6,94,36,92,168.50","1,23,639","12,51,465",69.45
TCS,EQ,2024-05-29,"3,839.90","3,848.90","3,848.90","3,800.00","3,803.00","3,803.65","3,817.18","15,68,095","5,98,57,00,080.40","1,18,150","11,16,629",71.21
TCS,EQ,2024-05-30,"3,803.65","3,777.00","3,794.40","3,715.45","3,739.00","3,736.10","3,747.95","29,19,230","10,94,11,16,841.40","1,86,630","19,98,660",68.47
TCS,EQ,2024-05-31,"3,736.10","3,740.00","3,749.80","3,653.75","3,698.00","3,670.95","3,684.36","1,09,56,800","40,36,88,44,653.20","3,23,000","82,18,394",75.01
TCS,EQ,2024-06-03,"3,670.95","3,732.80","3,751.55","3,696.00","3,706.00","3,702.85","3,713.72","21,56,773","8,00,96,53,406.45","2,03,491","14,85,357",68.87
TCS,EQ,2024-06-04,"3,702.85","3,700.00","3,745.00","3,591.50","3,732.55","3,715.00","3,694.29","33,95,997","12,54,57,96,705.45","2,74,839","18,75,330",55.22
TCS,EQ,2024-06-05,"3,715.00","3,716.00","3,783.80","3,700.00","3,755.10","3,746.45","3,747.69","27,99,670","10,49,23,04,940.65","2,05,741","17,53,337",62.63
TCS,EQ,2024-06-06,"3,746.45","3,781.00","3,839.90","3,741.50","3,836.00","3,830.40","3,796.58","43,28,036","16,43,17,36,429.50","2,81,068","23,54,986",54.41
TCS,EQ,2024-06-07,"3,830.40","3,837.30","3,915.00","3,837.30","3,888.55","3,893.95","3,891.54","45,52,445","17,71,60,23,957.40","2,77,984","23,56,808",51.77
TCS,EQ,2024-06-10,"3,893.95","3,895.00","3,905.90","3,841.90","3,859.00","3,858.70","3,864.83","17,34,661","6,70,41,74,826.45","1,17,061","10,87,215",62.68
TCS,EQ,2024-06-11,"3,858.70","3,845.00","3,879.95","3,841.00","3,855.65","3,852.10","3,860.66","14,19,898","5,48,17,42,091.60","94,929","9,68,128",68.18
TCS,EQ,2024-06-12,"3,852.10","3,874.40","3,893.50","3,827.45","3,837.00","3,831.65","3,853.40","21,77,001","8,38,88,48,726.55","1,42,302","15,98,098",73.41
TCS,EQ,2024-06-13,"3,831.65","3,856.80","3,890.00","3,852.00","3,873.00","3,878.15","3,872.82","19,32,323","7,48,35,32,564.55","1,28,094","11,60,787",60.07
TCS,EQ,2024-06-14,"3,878.15","3,889.00","3,889.00","3,828.00","3,833.00","3,832.05","3,842.00","18,60,730","7,14,89,28,964.95","1,33,590","11,01,634",59.2
TCS,EQ,2024-06-18,"3,832.05","3,826.05","3,842.00","3,795.05","3,819.00","3,815.10","3,819.14","17,74,045","6,77,53,33,799.50","1,26,236","11,06,791",62.39
TCS,EQ,2024-06-19,"3,815.10","3,827.65","3,833.85","3,792.95","3,801.00","3,801.70","3,806.93","15,09,050","5,74,48,44,872.30","1,11,353","9,81,626",65.05
TCS,EQ,2024-06-20,"3,801.70","3,796.00","3,809.95","3,780.05","3,789.85","3,787.25","3,791.92","28,46,526","10,79,38,10,411.95","2,26,469","17,13,903",60.21
TCS,EQ,2024-06-21,"3,787.25","3,827.00","3,877.80","3,798.05","3,802.00","3,810.75","3,827.86","46,42,195","17,76,96,72,677.30","2,06,639","22,64,402",48.78
TCS,EQ,2024-06-24,"3,810.75","3,808.75","3,857.00","3,791.30","3,815.00","3,816.80","3,834.36","17,02,154","6,52,66,63,734.20","1,15,165","10,73,981",63.1
TCS,EQ,2024-06-25,"3,816.80","3,817.00","3,847.65","3,792.90","3,840.00","3,838.45","3,822.40","13,38,808","5,11,74,58,194.40","1,40,971","9,26,061",69.17
TCS,EQ,2024-06-26,"3,838.45","3,844.50","3,866.95","3,841.00","3,853.30","3,855.85","3,856.13","16,39,845","6,32,34,55,478.65","1,59,513","11,31,357",68.99
TCS,EQ,2024-06-27,"3,855.85","3,831.00","3,942.00","3,818.10","3,928.00","3,934.15","3,897.23","45,26,556","17,64,10,07,616.50","3,08,765","23,62,282",52.19
TCS,EQ,2024-06-28,"3,934.15","3,917.80","3,960.00","3,897.85","3,906.75","3,904.15","3,924.69","27,31,571","10,72,05,56,955.70","1,78,435","15,53,691",56.88
TCS,EQ,2024-07-01,"3,904.15","3,884.00","4,001.70","3,884.00","3,963.45","3,978.20","3,968.40","26,58,723","10,55,08,77,400.50","1,52,648","15,49,138",58.27
TCS,EQ,2024-07-02,"3,978.20","3,993.60","4,023.40","3,982.55","4,009.80","4,017.40","4,005.25","23,07,449","9,24,19,06,331.90","1,93,878","13,03,944",56.51
TCS,EQ,2024-07-03,"4,017.40","4,020.00","4,026.10","3,955.00","3,968.00","3,965.25","3,969.17","18,21,198","7,22,86,50,456.40","1,31,803","10,82,619",59.45
TCS,EQ,2024-07-04,"3,965.25","3,999.85","4,047.35","3,982.10","4,019.95","4,020.95","4,024.81","25,18,001","10,13,44,77,139.90","1,40,694","13,90,028",55.2
TCS,EQ,2024-07-05,"4,020.95","4,010.00","4,026.75","3,988.00","4,010.00","4,011.80","4,007.40","16,68,616","6,68,68,08,295.40","1,20,737","9,03,753",54.16
TCS,EQ,2024-07-08,"4,011.80","4,022.00","4,031.25","3,978.05","3,997.00","3,993.20","3,995.83","17,58,882","7,02,81,92,322.85","1,09,949","11,70,916",66.57
TCS,EQ,2024-07-09,"3,993.20","3,985.00","4,006.95","3,975.10","3,983.70","3,985.50","3,990.33","13,05,801","5,21,05,79,214.45","1,42,268","8,96,047",68.62
TCS,EQ,2024-07-10,"3,985.50","3,983.70","4,003.30","3,902.00","3,915.00","3,909.15","3,925.50","26,69,716","10,47,99,63,237.85","1,37,357","17,13,731",64.19
TCS,EQ,2024-07-11,"3,909.15","3,931.00","3,980.00","3,895.60","3,902.00","3,923.70","3,928.74","48,72,189","19,14,15,49,805.05","2,14,372","29,51,068",60.57
TCS,EQ,2024-07-12,"3,923.70","3,980.00","4,199.95","3,971.30","4,182.45","4,183.95","4,117.02","1,35,09,164","55,61,74,54,764.65","8,00,145","59,60,225",44.12
TCS,EQ,2024-07-15,"4,183.95","4,235.70","4,240.00","4,157.05","4,167.35","4,169.20","4,204.15","48,48,030","20,38,18,43,135.15","2,38,210","34,67,248",71.52
TCS,EQ,2024-07-16,"4,169.20","4,172.00","4,194.55","4,144.90","4,171.05","4,178.45","4,173.42","20,29,521","8,47,00,51,366.65","1,23,240","14,81,176",72.98
TCS,EQ,2024-07-18,"4,178.45","4,160.00","4,325.00","4,160.00","4,297.20","4,315.55","4,271.66","56,13,364","23,97,83,61,639.45","3,61,931","30,43,655",54.22
TCS,EQ,2024-07-19,"4,315.55","4,317.40","4,358.75","4,285.25","4,298.00","4,302.40","4,319.15","39,03,354","16,85,91,78,396.20","2,90,294","21,60,304",55.34
TCS,EQ,2024-07-22,"4,302.40","4,299.95","4,319.95","4,265.00","4,282.10","4,287.35","4,292.14","18,96,386","8,13,95,60,522.25","1,32,112","12,95,930",68.34
TCS,EQ,2024-07-23,"4,287.35","4,283.00","4,361.70","4,266.30","4,311.00","4,302.35","4,302.19","23,65,208","10,17,55,78,824.25","1,80,645","14,66,191",61.99
TCS,EQ,2024-07-24,"4,302.35","4,287.50","4,339.10","4,268.10","4,305.00","4,306.25","4,309.50","18,09,793","7,79,93,03,896.95","1,18,444","11,52,683",63.69
TCS,EQ,2024-07-25,"4,306.25","4,295.00","4,343.00","4,274.20","4,332.25","4,322.50","4,314.53","28,10,342","12,12,53,10,419.40","1,96,421","18,30,024",65.12
TCS,EQ,2024-07-26,"4,322.50","4,350.00","4,422.45","4,337.05","4,393.65","4,387.85","4,390.46","35,52,210","15,59,58,41,522.45","1,67,036","22,59,693",63.61
TCS,EQ,2024-07-29,"4,387.85","4,415.00","4,431.00","4,371.00","4,380.00","4,381.10","4,390.57","17,46,803","7,66,94,54,915.15","1,19,852","12,60,177",72.14
TCS,EQ,2024-07-30,"4,381.10","4,391.10","4,398.00","4,327.30","4,353.15","4,365.35","4,358.33","17,97,906","7,83,58,71,346.10","1,45,705","12,75,115",70.92
TCS,EQ,2024-07-31,"4,365.35","4,350.00","4,414.00","4,345.00","4,392.00","4,385.35","4,387.35","23,30,091","10,22,29,33,214.05","1,66,542","17,26,235",74.08
TCS,EQ,2024-08-01,"4,385.35","4,399.40","4,419.30","4,365.05","4,387.00","4,397.10","4,390.04","22,02,244","9,66,79,30,574.85","1,25,252","14,06,101",63.85
TCS,EQ,2024-08-02,"4,397.10","4,365.00","4,398.00","4,270.00","4,283.85","4,283.05","4,309.34","28,11,282","12,11,47,77,969.55","2,13,069","17,05,592",60.67
TCS,EQ,2024-08-05,"4,283.05","4,239.00","4,239.00","4,110.50","4,160.00","4,155.05","4,165.25","27,87,771","11,61,17,60,562.20","1,69,844","17,92,731",64.31
TCS,EQ,2024-08-06,"4,155.05","4,170.95","4,258.25","4,160.80","4,175.10","4,171.20","4,193.98","22,03,067","9,23,96,08,320.05","1,34,281","14,28,036",64.82
TCS,EQ,2024-08-07,"4,171.20","4,228.00","4,244.95","4,180.30","4,201.00","4,200.45","4,201.58","12,37,666","5,20,01,50,778.85","1,02,627","7,96,283",64.34
TCS,EQ,2024-08-08,"4,200.45","4,181.00","4,232.00","4,160.00","4,174.00","4,172.55","4,190.47","24,41,283","10,23,01,19,942.80","1,20,490","16,84,925",69.02
TCS,EQ,2024-08-09,"4,172.55","4,217.00","4,253.65","4,205.55","4,220.00","4,228.75","4,233.82","13,02,536","5,51,47,05,150.35","79,876","8,35,330",64.13
TCS,EQ,2024-08-12,"4,228.75","4,230.00","4,239.00","4,186.35","4,193.10","4,195.65","4,210.62","9,36,912","3,94,49,78,151.60","86,028","5,93,190",63.31
TCS,EQ,2024-08-13,"4,195.65","4,213.00","4,234.00","4,183.00","4,197.00","4,196.95","4,209.09","14,95,593","6,29,50,91,175.55","99,105","9,81,192",65.61
TCS,EQ,2024-08-14,"4,196.95","4,209.00","4,306.20","4,188.15","4,293.00","4,295.25","4,265.75","32,26,545","13,76,36,19,690.80","1,82,461","20,58,456",63.8
TCS,EQ,2024-08-16,"4,295.25","4,350.00","4,427.00","4,325.10","4,414.20","4,416.05","4,395.48","34,57,058","15,19,54,30,172.75","2,33,969","21,17,237",61.24
TCS,EQ,2024-08-19,"4,416.05","4,421.00","4,494.25","4,390.35","4,490.00","4,490.00","4,459.62","20,55,210","9,16,54,57,457.55","1,18,736","11,82,630",57.54
TCS,EQ,2024-08-20,"4,490.00","4,505.00","4,565.00","4,500.00","4,505.00","4,523.30","4,529.50","22,12,298","10,02,06,13,301.75","1,28,019","13,29,501",60.1
TCS,EQ,2024-08-21,"4,523.30","4,518.00","4,560.00","4,492.55","4,550.00","4,551.50","4,529.61","18,96,990","8,59,26,17,038.50","1,15,023","14,47,546",76.31
TCS,EQ,2024-08-22,"4,551.50","4,560.00","4,560.95","4,497.20","4,502.00","4,502.00","4,515.52","18,29,872","8,26,28,19,007.85","1,14,303","11,60,455",63.42
TCS,EQ,2024-08-23,"4,502.00","4,500.00","4,506.00","4,455.00","4,473.05","4,463.90","4,469.04","18,09,253","8,08,56,19,687.40","1,01,893","11,35,736",62.77
TCS,EQ,2024-08-26,"4,463.90","4,489.00","4,552.15","4,485.00","4,506.60","4,502.45","4,517.26","18,44,164","8,33,05,71,610.15","1,18,509","11,52,094",62.47
TCS,EQ,2024-08-27,"4,502.45","4,505.00","4,510.00","4,486.80","4,491.00","4,497.15","4,496.77","9,30,697","4,18,51,34,647.00","65,265","5,99,149",64.38
TCS,EQ,2024-08-28,"4,497.15","4,498.75","4,562.50","4,457.30","4,513.00","4,506.05","4,515.24","18,48,058","8,34,44,30,539.80","1,27,744","11,10,045",60.07
TCS,EQ,2024-08-29,"4,506.05","4,460.00","4,556.00","4,460.00","4,507.00","4,511.80","4,515.71","21,33,641","9,63,48,99,513.20","1,38,513","11,17,184",52.36
TCS,EQ,2024-08-30,"4,511.80","4,500.00","4,592.25","4,487.80","4,562.70","4,553.75","4,545.75","36,37,222","16,53,39,15,087.45","1,55,239","23,08,090",63.46
TCS,EQ,2024-09-02,"4,553.75","4,576.00","4,588.00","4,512.00","4,526.40","4,521.05","4,545.25","12,16,500","5,52,92,99,899.10","1,09,365","7,07,749",58.18
TCS,EQ,2024-09-03,"4,521.05","4,521.05","4,555.90","4,495.90","4,512.65","4,512.35","4,523.60","17,17,263","7,76,82,15,760.70","1,17,744","11,82,755",68.87
TCS,EQ,2024-09-04,"4,512.35","4,476.95","4,487.00","4,436.70","4,484.00","4,479.25","4,468.96","12,65,505","5,65,54,96,454.35","1,23,447","8,24,480",65.15
TCS,EQ,2024-09-05,"4,479.25","4,481.00","4,499.00","4,454.15","4,490.00","4,475.95","4,469.15","16,88,793","7,54,74,77,632.90","1,05,236","11,26,276",66.69
TCS,EQ,2024-09-06,"4,475.95","4,473.95","4,518.95","4,440.00","4,460.50","4,456.75","4,466.80","16,49,179","7,36,65,46,120.25","1,48,566","7,54,328",45.74
TCS,EQ,2024-09-09,"4,456.75","4,455.00","4,490.25","4,430.50","4,458.00","4,449.55","4,459.58","11,84,938","5,28,43,28,321.15","92,569","8,03,470",67.81
TCS,EQ,2024-09-10,"4,449.55","4,442.45","4,539.95","4,440.45","4,510.00","4,507.85","4,499.44","13,85,591","6,23,43,77,452.20","1,25,535","7,74,002",55.86
TCS,EQ,2024-09-11,"4,507.85","4,521.45","4,549.35","4,471.25","4,495.50","4,479.35","4,504.96","13,25,919","5,97,32,12,660.05","1,27,870","8,85,040",66.75
TCS,EQ,2024-09-12,"4,479.35","4,510.25","4,532.60","4,431.30","4,495.30","4,517.70","4,485.01","27,42,216","12,29,88,52,603.60","1,79,765","13,36,809",48.75
TCS,EQ,2024-09-13,"4,517.70","4,530.00","4,547.00","4,505.00","4,521.75","4,522.60","4,526.87","14,58,786","6,60,37,40,972.90","78,892","7,73,596",53.03
TCS,EQ,2024-09-16,"4,522.60","4,527.00","4,546.05","4,494.45","4,509.00","4,513.25","4,516.51","11,55,120","5,21,71,13,716.25","61,456","8,19,874",70.98
TCS,EQ,2024-09-17,"4,513.25","4,513.25","4,535.80","4,466.00","4,511.00","4,505.65","4,505.75","16,99,364","7,65,69,02,882.20","88,562","12,05,365",70.93
TCS,EQ,2024-09-18,"4,505.65","4,497.05","4,497.05","4,321.00","4,347.90","4,346.15","4,370.07","29,61,779","12,94,31,88,817.60","2,44,673","15,63,431",52.79
TCS,EQ,2024-09-19,"4,346.15","4,390.05","4,422.20","4,281.80","4,307.00","4,296.15","4,321.08","29,27,551","12,65,01,87,150.25","2,32,656","15,09,863",51.57
TCS,EQ,2024-09-20,"4,296.15","4,316.90","4,330.70","4,227.50","4,295.00","4,284.90","4,278.76","54,47,908","23,31,03,16,503.10","2,91,115","28,01,478",51.42
TCS,EQ,2024-09-23,"4,284.90","4,300.00","4,309.40","4,253.00","4,266.05","4,268.50","4,270.40","17,02,319","7,26,95,88,108.95","1,69,788","10,44,526",61.36
TCS,EQ,2024-09-24,"4,268.50","4,251.65","4,291.00","4,240.00","4,282.00","4,271.30","4,265.03","30,12,026","12,84,63,72,402.70","1,40,428","24,25,914",80.54
TCS,EQ,2024-09-25,"4,271.30","4,252.35","4,289.60","4,240.00","4,275.35","4,274.75","4,263.61","27,13,073","11,56,74,83,701.95","1,53,942","20,71,060",76.34
TCS,EQ,2024-09-26,"4,274.75","4,260.00","4,316.80","4,260.00","4,295.00","4,292.50","4,288.28","39,64,251","16,99,98,20,745.85","1,85,888","27,44,141",69.22
TCS,EQ,2024-09-27,"4,292.50","4,335.00","4,378.00","4,300.05","4,305.00","4,308.70","4,327.38","30,12,477","13,03,61,44,375.45","2,31,071","16,29,655",54.1
TCS,EQ,2024-09-30,"4,308.70","4,286.90","4,298.75","4,260.05","4,271.00","4,268.50","4,272.29","25,03,416","10,69,53,20,177.30","2,12,084","19,80,983",79.13
TCS,EQ,2024-10-01,"4,268.50","4,255.55","4,295.75","4,242.95","4,283.25","4,287.90","4,271.73","18,23,365","7,78,89,15,830.70","1,21,772","10,82,513",59.37
TCS,EQ,2024-10-03,"4,287.90","4,262.60","4,279.00","4,210.00","4,232.50","4,232.75","4,233.39","33,50,119","14,18,23,64,569.60","1,68,212","22,93,281",68.45
TCS,EQ,2024-10-04,"4,232.75","4,225.00","4,298.00","4,224.05","4,251.90","4,252.25","4,256.15","29,65,463","12,62,14,65,329.55","1,94,588","14,74,539",49.72
TCS,EQ,2024-10-07,"4,252.25","4,273.90","4,297.25","4,229.40","4,274.00","4,272.85","4,263.80","14,72,619","6,27,89,60,109.95","1,17,843","9,40,293",63.85
TCS,EQ,2024-10-08,"4,272.85","4,272.60","4,279.40","4,203.95","4,259.40","4,253.25","4,239.02","15,41,867","6,53,60,12,531.70","1,63,898","9,04,607",58.67
TCS,EQ,2024-10-09,"4,253.25","4,260.00","4,295.00","4,246.70","4,258.95","4,252.95","4,267.11","10,82,504","4,61,91,61,345.70","1,02,574","5,96,826",55.13
TCS,EQ,2024-10-10,"4,252.95","4,253.25","4,293.85","4,198.60","4,227.90","4,227.40","4,242.82","23,78,875","10,09,31,43,863.45","1,76,710","12,19,923",51.28
TCS,EQ,2024-10-11,"4,227.40","4,143.00","4,241.95","4,112.45","4,146.00","4,149.20","4,164.41","57,59,183","23,98,35,86,815.70","3,77,816","29,42,450",51.09
TCS,EQ,2024-10-14,"4,149.20","4,140.00","4,165.40","4,122.20","4,139.00","4,136.65","4,144.11","21,37,590","8,85,83,98,067.15","1,40,166","14,14,698",66.18
TCS,EQ,2024-10-15,"4,136.65","4,131.05","4,169.95","4,095.00","4,119.00","4,116.80","4,119.31","27,59,474","11,36,71,23,225.35","1,54,340","20,22,225",73.28
TCS,EQ,2024-10-16,"4,116.80","4,085.00","4,115.00","4,067.20","4,094.00","4,094.95","4,089.04","23,59,151","9,64,66,55,679.40","1,92,691","16,11,752",68.32
TCS,EQ,2024-10-17,"4,094.95","4,112.80","4,129.95","4,092.95","4,111.25","4,109.00","4,108.84","25,22,659","10,36,51,90,148.65","2,15,233","18,79,351",74.5
TCS,EQ,2024-10-18,"4,109.00","4,090.00","4,146.15","4,080.00","4,130.50","4,123.05","4,121.27","23,61,000","9,73,03,15,576.70","1,60,733","12,97,484",54.95
TCS,EQ,2024-10-21,"4,123.05","4,132.60","4,139.95","4,070.00","4,071.00","4,079.85","4,096.64","15,95,450","6,53,59,79,616.10","1,18,454","10,55,061",66.13
TCS,EQ,2024-10-22,"4,079.85","4,066.00","4,089.80","4,006.35","4,020.00","4,015.50","4,054.80","19,28,049","7,81,78,58,767.15","1,78,215","13,41,203",69.56
TCS,EQ,2024-10-23,"4,015.50","3,999.60","4,113.55","3,995.15","4,065.15","4,066.25","4,069.32","19,66,476","8,00,22,29,160.45","1,29,950","11,91,908",60.61
TCS,EQ,2024-10-24,"4,066.25","4,004.00","4,079.00","4,004.00","4,050.00","4,047.90","4,048.73","26,76,744","10,83,74,00,632.35","1,11,747","19,48,709",72.8
TCS,EQ,2024-10-25,"4,047.90","4,057.05","4,092.00","4,032.70","4,060.00","4,057.55","4,063.37","17,59,676","7,15,02,08,882.35","1,32,353","9,64,642",54.82
TCS,EQ,2024-10-28,"4,057.55","4,068.95","4,134.00","4,051.00","4,090.05","4,090.85","4,092.04","15,32,534","6,27,11,97,563.70","95,406","10,50,314",68.53
TCS,EQ,2024-10-29,"4,090.85","4,095.85","4,103.50","4,060.10","4,080.00","4,075.25","4,075.78","14,45,885","5,89,31,06,996.85","1,01,205","10,15,147",70.21
TCS,EQ,2024-10-30,"4,075.25","4,075.00","4,107.00","4,060.05","4,071.20","4,084.65","4,093.47","19,35,002","7,92,08,76,293.30","1,09,837","14,97,222",77.38
TCS,EQ,2024-10-31,"4,084.65","4,070.00","4,078.30","3,960.00","3,975.00","3,968.45","3,980.19","37,40,372","14,88,73,81,076.25","2,48,757","24,48,263",65.46
TCS,EQ,2024-11-01,"3,968.45","3,989.85","3,998.95","3,976.05","3,983.05","3,984.20","3,987.41","1,54,895","61,76,30,511.60","18,588","82,548",53.29
TCS,EQ,2024-11-04,"3,984.20","3,966.30","3,991.90","3,913.25","3,967.00","3,964.15","3,950.51","22,69,192","8,96,44,63,071.95","1,99,030","14,90,900",65.7
TCS,EQ,2024-11-05,"3,964.15","3,941.10","3,986.00","3,941.10","3,971.55","3,971.35","3,969.47","9,67,590","3,84,08,20,731.70","92,042","5,52,605",57.11
TCS,EQ,2024-11-06,"3,971.35","4,003.60","4,149.80","3,975.25","4,143.00","4,139.65","4,102.32","37,92,017","15,55,60,64,937.35","2,33,333","24,91,090",65.69
TCS,EQ,2024-11-07,"4,139.65","4,169.70","4,205.80","4,085.05","4,146.00","4,150.90","4,144.54","37,24,349","15,43,57,05,018.25","1,89,460","25,79,748",69.27
TCS,EQ,2024-11-08,"4,150.90","4,155.00","4,169.75","4,117.65","4,135.65","4,147.00","4,141.50","16,48,039","6,82,53,48,802.40","1,39,776","9,45,596",57.38
TCS,EQ,2024-11-11,"4,147.00","4,128.20","4,234.30","4,117.65","4,186.50","4,198.70","4,195.46","14,06,487","5,90,08,64,157.10","1,49,144","7,41,937",52.75
TCS,EQ,2024-11-12,"4,198.70","4,216.00","4,218.00","4,164.35","4,180.00","4,197.40","4,195.93","15,87,640","6,66,16,21,166.75","1,02,025","11,06,602",69.7
TCS,EQ,2024-11-13,"4,197.40","4,178.10","4,196.75","4,131.05","4,151.65","4,150.35","4,155.05","10,98,813","4,56,56,28,216.20","1,14,945","7,02,561",63.94
TCS,EQ,2024-11-14,"4,150.35","4,135.00","4,160.00","4,116.45","4,148.00","4,145.90","4,142.32","18,25,432","7,56,15,31,479.90","1,65,379","11,22,028",61.47
TCS,EQ,2024-11-18,"4,145.90","4,213.00","4,213.00","3,990.20","4,017.15","4,019.50","4,071.97","33,13,944","13,49,42,96,959.70","1,78,320","18,93,074",57.12
TCS,EQ,2024-11-19,"4,019.50","4,019.90","4,132.15","4,014.10","4,042.00","4,039.55","4,080.53","17,76,233","7,24,79,68,687.60","1,33,137","10,42,954",58.72
TCS,EQ,2024-11-21,"4,039.55","4,044.90","4,092.45","4,024.00","4,068.00","4,072.85","4,058.28","23,84,347","9,67,63,46,995.65","1,58,009","13,67,616",57.36
TCS,EQ,2024-11-22,"4,072.85","4,071.00","4,254.95","4,054.00","4,221.95","4,244.60","4,186.15","30,96,553","12,96,26,40,957.15","1,63,715","18,48,709",59.7
TCS,EQ,2024-11-25,"4,244.60","4,280.00","4,328.10","4,252.20","4,320.00","4,315.10","4,303.42","40,52,167","17,43,81,78,815.15","1,54,060","28,98,609",71.53
TCS,EQ,2024-11-26,"4,315.10","4,321.05","4,366.60","4,310.00","4,351.00","4,352.70","4,337.42","20,60,669","8,93,79,80,540.10","1,56,578","14,04,367",68.15
TCS,EQ,2024-11-27,"4,352.70","4,358.95","4,377.40","4,324.05","4,332.95","4,332.55","4,348.89","15,58,993","6,77,98,87,252.40","1,18,269","9,48,396",60.83
TCS,EQ,2024-11-28,"4,332.55","4,319.00","4,339.95","4,233.00","4,250.80","4,244.90","4,265.99","25,58,544","10,91,47,33,802.80","1,65,049","15,39,671",60.18
TCS,EQ,2024-11-29,"4,244.90","4,220.00","4,298.70","4,195.65","4,266.00","4,270.85","4,262.53","20,17,425","8,59,93,33,668.25","1,33,480","12,06,191",59.79
TCS,EQ,2024-12-02,"4,270.85","4,270.00","4,288.20","4,230.05","4,268.85","4,276.65","4,267.97","16,70,944","7,13,15,39,607.80","1,58,372","11,14,673",66.71
TCS,EQ,2024-12-03,"4,276.65","4,314.35","4,325.00","4,265.45","4,303.00","4,302.75","4,298.86","20,10,905","8,64,45,99,154.70","1,44,243","13,14,577",65.37
TCS,EQ,2024-12-04,"4,302.75","4,313.55","4,386.95","4,289.05","4,342.00","4,354.40","4,360.32","33,02,642","14,40,05,89,848.00","2,17,385","22,23,011",67.31
TCS,EQ,2024-12-05,"4,354.40","4,400.80","4,489.00","4,360.00","4,455.15","4,464.05","4,430.75","37,46,747","16,60,09,10,836.35","2,60,982","19,01,325",50.75
TCS,EQ,2024-12-06,"4,464.05","4,453.00","4,465.00","4,412.75","4,444.15","4,445.50","4,439.27","18,42,087","8,17,75,21,134.60","1,38,417","11,45,887",62.21
TCS,EQ,2024-12-09,"4,445.50","4,430.45","4,469.40","4,415.55","4,445.60","4,452.15","4,446.54","20,66,639","9,18,93,99,351.95","1,27,439","15,01,391",72.65
TCS,EQ,2024-12-10,"4,452.15","4,426.15","4,493.80","4,412.10","4,437.80","4,432.55","4,440.97","20,87,828","9,27,19,71,917.90","1,42,478","12,19,085",58.39
TCS,EQ,2024-12-11,"4,432.55","4,431.85","4,448.65","4,407.00","4,423.00","4,427.45","4,425.28","16,35,256","7,23,64,72,507.40","1,08,588","10,05,439",61.49
TCS,EQ,2024-12-12,"4,427.45","4,430.05","4,485.00","4,426.00","4,460.00","4,454.95","4,461.52","19,14,642","8,54,22,15,590.15","1,49,188","10,47,595",54.71
TCS,EQ,2024-12-13,"4,454.95","4,434.95","4,494.90","4,394.40","4,474.90","4,473.90","4,457.63","19,67,048","8,76,83,79,842.00","1,53,642","10,69,246",54.36
TCS,EQ,2024-12-16,"4,473.90","4,459.00","4,475.00","4,397.00","4,416.00","4,415.20","4,425.19","16,46,224","7,28,48,53,956.40","1,32,903","9,49,508",57.68
TCS,EQ,2024-12-17,"4,415.20","4,410.00","4,432.95","4,318.00","4,322.70","4,328.50","4,346.26","32,25,027","14,01,68,05,137.00","1,72,049","22,49,458",69.75
TCS,EQ,2024-12-18,"4,328.50","4,311.70","4,362.00","4,289.60","4,355.65","4,347.85","4,333.96","15,75,404","6,82,77,36,370.00","1,06,590","9,08,340",57.66
TCS,EQ,2024-12-19,"4,347.85","4,282.00","4,364.00","4,262.00","4,281.00","4,271.90","4,302.28","30,15,763","12,97,46,63,426.65","2,17,876","19,01,387",63.05
TCS,EQ,2024-12-20,"4,271.90","4,329.00","4,382.00","4,152.50","4,177.05","4,170.30","4,239.81","41,16,989","17,45,52,42,238.80","2,14,598","19,96,120",48.48
TCS,EQ,2024-12-23,"4,170.30","4,200.05","4,217.00","4,114.90","4,157.05","4,158.30","4,150.99","21,95,338","9,11,28,20,726.95","1,49,845","11,54,260",52.58
TCS,EQ,2024-12-24,"4,158.30","4,158.30","4,218.00","4,158.30","4,182.00","4,179.50","4,186.17","11,81,886","4,94,75,71,708.95","77,609","5,33,344",45.13
TCS,EQ,2024-12-26,"4,179.50","4,179.50","4,199.95","4,143.15","4,170.00","4,169.10","4,163.43","12,08,464","5,03,13,52,687.20","1,06,756","7,59,763",62.87
TCS,EQ,2024-12-27,"4,169.10","4,163.00","4,180.95","4,147.25","4,157.10","4,164.85","4,163.19","8,58,100","3,57,24,37,410.85","88,194","5,09,029",59.32
TCS,EQ,2024-12-30,"4,164.85","4,151.00","4,199.30","4,112.00","4,150.00","4,158.80","4,152.08","15,27,169","6,34,09,28,576.30","1,16,250","9,13,896",59.84
TCS,EQ,2024-12-31,"4,158.80","4,135.00","4,139.95","4,032.05","4,106.00","4,094.80","4,079.71","15,55,429","6,34,57,00,031.05","1,62,877","8,54,601",54.94
TCS,EQ,2025-01-01,"4,094.80","4,094.40","4,134.00","4,085.45","4,112.00","4,112.45","4,112.75","7,63,161","3,13,86,92,117.15","99,498","3,69,867",48.47
TCS,EQ,2025-01-02,"4,112.45","4,120.00","4,183.00","4,096.95","4,166.00","4,175.75","4,159.77","17,20,835","7,15,82,73,705.25","1,24,549","9,10,701",52.92
TCS,EQ,2025-01-03,"4,175.75","4,179.95","4,179.95","4,092.30","4,097.00","4,099.90","4,114.17","17,91,953","7,37,24,04,407.85","1,25,354","9,83,880",54.91
TCS,EQ,2025-01-06,"4,099.90","4,105.50","4,149.65","4,066.40","4,090.00","4,095.00","4,107.14","20,85,593","8,56,58,22,653.70","1,58,660","13,88,663",66.58
TCS,EQ,2025-01-07,"4,095.00","4,114.95","4,140.35","4,011.55","4,031.00","4,028.30","4,045.86","26,69,054","10,79,86,29,271.20","1,77,825","15,85,862",59.42
TCS,EQ,2025-01-08,"4,028.30","4,034.90","4,126.00","4,017.75","4,095.05","4,108.40","4,056.18","21,81,277","8,84,76,52,251.50","1,80,073","12,58,381",57.69
TCS,EQ,2025-01-09,"4,108.40","4,101.00","4,137.75","4,025.30","4,044.00","4,038.85","4,073.67","23,92,472","9,74,61,49,398.35","1,83,446","11,62,001",48.57
TCS,EQ,2025-01-10,"4,038.85","4,200.00","4,297.00","4,170.00","4,265.00","4,265.65","4,240.63","78,94,300","33,47,68,09,439.65","4,36,975","29,78,124",37.72
TCS,EQ,2025-01-13,"4,265.65","4,245.00","4,322.95","4,227.40","4,299.00","4,291.10","4,294.04","40,03,771","17,19,23,53,666.25","2,70,932","22,26,104",55.6
TCS,EQ,2025-01-14,"4,291.10","4,302.00","4,313.90","4,219.05","4,241.15","4,233.05","4,252.06","34,41,709","14,63,43,69,218.50","1,80,842","24,70,988",71.8
TCS,EQ,2025-01-15,"4,233.05","4,218.00","4,256.45","4,207.45","4,255.40","4,249.60","4,229.68","16,53,474","6,99,36,67,215.60","1,30,857","11,86,396",71.75
TCS,EQ,2025-01-16,"4,249.60","4,260.00","4,294.00","4,191.85","4,215.00","4,206.30","4,212.91","26,37,705","11,11,24,18,871.40","1,76,306","17,10,860",64.86
TCS,EQ,2025-01-17,"4,206.30","4,159.90","4,160.60","4,100.05","4,130.00","4,124.30","4,132.60","17,61,466","7,27,94,36,408.25","1,57,671","11,15,204",63.31
TCS,EQ,2025-01-20,"4,124.30","4,145.80","4,145.80","4,068.10","4,080.00","4,077.80","4,085.51","12,87,799","5,26,13,20,398.80","1,48,489","8,44,130",65.55
TCS,EQ,2025-01-21,"4,077.80","4,095.30","4,111.00","4,030.00","4,038.00","4,035.85","4,065.27","19,71,591","8,01,50,45,148.00","1,48,666","7,99,046",40.53
TCS,EQ,2025-01-22,"4,035.85","4,050.00","4,163.15","4,044.20","4,152.00","4,156.60","4,132.48","24,09,223","9,95,60,65,096.70","1,53,702","12,85,687",53.37
TCS,EQ,2025-01-23,"4,156.60","4,168.00","4,191.35","4,140.05","4,148.00","4,145.45","4,161.12","18,22,998","7,58,57,18,475.40","1,39,860","11,24,451",61.68
TCS,EQ,2025-01-24,"4,145.45","4,104.00","4,178.00","4,104.00","4,153.10","4,152.35","4,155.62","19,10,099","7,93,76,40,859.20","99,760","13,17,211",68.96
TCS,EQ,2025-01-27,"4,152.35","4,102.00","4,156.35","4,041.05","4,067.00","4,065.15","4,088.62","15,51,782","6,34,46,44,149.25","1,43,859","10,13,049",65.28
TCS,EQ,2025-01-28,"4,065.15","4,070.80","4,102.00","4,028.30","4,040.00","4,040.30","4,057.30","24,68,272","10,01,45,14,674.15","1,50,121","15,05,478",60.99
TCS,EQ,2025-01-29,"4,040.30","4,054.00","4,107.85","4,054.00","4,105.00","4,099.80","4,091.12","12,17,089","4,97,92,53,773.00","1,08,284","6,97,347",57.3
TCS,EQ,2025-01-30,"4,099.80","4,099.90","4,129.90","4,058.50","4,100.00","4,100.05","4,098.87","15,31,251","6,27,64,04,777.90","97,767","8,59,803",56.15
TCS,EQ,2025-01-31,"4,100.05","4,110.00","4,128.45","4,085.25","4,114.15","4,112.40","4,106.05","14,92,943","6,13,01,03,902.20","1,21,858","10,42,620",69.84
TCS,EQ,2025-02-01,"4,112.40","4,113.00","4,135.90","4,056.00","4,073.00","4,073.15","4,082.48","4,37,172","1,78,47,47,121.10","49,186","1,75,483",40.14
TCS,EQ,2025-02-03,"4,073.15","4,030.90","4,077.00","3,998.70","4,064.00","4,068.65","4,045.97","12,65,713","5,12,10,41,211.00","1,55,134","7,82,762",61.84
TCS,EQ,2025-02-04,"4,068.65","4,083.70","4,118.85","4,066.05","4,105.15","4,107.05","4,098.00","25,47,132","10,43,81,41,551.80","1,41,942","18,43,488",72.38
TCS,EQ,2025-02-05,"4,107.05","4,150.00","4,150.00","4,076.00","4,086.00","4,091.10","4,096.29","16,93,912","6,93,87,52,665.75","1,30,235","11,99,334",70.8
TCS,EQ,2025-02-06,"4,091.10","4,105.40","4,139.50","4,051.55","4,087.00","4,082.75","4,080.65","22,84,536","9,32,23,89,842.50","1,83,903","13,96,375",61.12
TCS,EQ,2025-02-07,"4,082.75","4,090.00","4,090.00","4,008.00","4,032.00","4,029.40","4,033.06","15,48,940","6,24,69,65,406.40","1,77,110","9,93,255",64.12
TCS,EQ,2025-02-10,"4,029.40","4,040.00","4,052.00","4,014.35","4,034.00","4,036.95","4,035.26","13,39,511","5,40,52,79,190.45","1,33,697","8,91,261",66.54
TCS,EQ,2025-02-11,"4,036.95","4,018.40","4,040.00","3,955.00","3,967.00","3,963.55","3,989.58","18,10,908","7,22,47,58,107.05","1,21,478","10,10,823",55.82
TCS,EQ,2025-02-12,"3,963.55","3,971.10","4,021.75","3,940.15","3,956.25","3,950.15","3,978.32","16,78,002","6,67,56,28,781.95","1,28,576","8,77,252",52.28
TCS,EQ,2025-02-13,"3,950.15","3,968.00","3,984.45","3,902.25","3,920.00","3,910.15","3,930.80","22,77,310","8,95,16,39,767.60","1,63,030","14,98,339",65.79
TCS,EQ,2025-02-14,"3,910.15","3,925.00","3,948.00","3,900.00","3,928.00","3,934.85","3,921.57","16,81,975","6,59,59,86,554.05","1,63,805","11,23,005",66.77
TCS,EQ,2025-02-17,"3,934.85","3,856.50","3,934.00","3,856.20","3,908.00","3,904.50","3,911.78","17,99,806","7,04,04,39,519.80","1,68,626","12,24,845",68.05
TCS,EQ,2025-02-18,"3,904.50","3,898.40","3,924.40","3,864.50","3,873.00","3,873.20","3,891.66","21,49,879","8,36,65,96,747.55","1,35,773","15,16,041",70.52
TCS,EQ,2025-02-19,"3,873.20","3,872.20","3,874.95","3,768.15","3,785.00","3,784.10","3,796.48","43,66,672","16,57,80,04,180.70","2,29,923","31,34,639",71.79
TCS,EQ,2025-02-20,"3,784.10","3,761.50","3,788.00","3,751.30","3,788.00","3,779.40","3,772.99","28,88,572","10,89,85,64,437.85","1,84,053","21,95,342",76.0
TCS,EQ,2025-02-21,"3,779.40","3,776.10","3,817.00","3,775.00","3,789.90","3,786.00","3,792.04","18,33,931","6,95,43,38,537.80","1,25,392","11,59,950",63.25
TCS,EQ,2025-02-24,"3,786.00","3,743.15","3,763.20","3,670.00","3,671.00","3,675.60","3,701.20","25,08,516","9,28,45,23,845.20","1,72,279","18,28,578",72.89
TCS,EQ,2025-02-25,"3,675.60","3,625.00","3,658.00","3,621.25","3,627.00","3,629.55","3,638.67","41,01,954","14,92,56,47,967.55","1,98,489","28,71,986",70.02
TCS,EQ,2025-02-27,"3,629.55","3,611.70","3,638.00","3,600.70","3,608.05","3,612.55","3,613.50","38,23,856","13,81,74,96,735.80","2,12,465","30,58,793",79.99
TCS,EQ,2025-02-28,"3,612.55","3,584.95","3,600.00","3,457.00","3,478.00","3,483.25","3,491.80","70,85,018","24,73,94,64,379.85","3,40,110","50,87,477",71.81
TCS,EQ,2025-03-03,"3,483.25","3,485.00","3,523.25","3,476.15","3,506.00","3,493.05","3,497.97","49,90,439","17,45,63,99,246.20","2,48,034","39,03,959",78.23
TCS,EQ,2025-03-04,"3,493.05","3,474.00","3,551.00","3,464.30","3,533.00","3,532.05","3,518.16","27,97,737","9,84,28,80,030.30","1,57,084","18,37,354",65.67
TCS,EQ,2025-03-05,"3,532.05","3,520.85","3,600.35","3,520.85","3,557.00","3,547.05","3,561.68","25,01,894","8,91,09,37,236.55","1,45,336","16,95,934",67.79
TCS,EQ,2025-03-06,"3,547.05","3,557.00","3,609.45","3,536.10","3,592.10","3,601.60","3,571.61","27,86,513","9,95,23,39,476.20","2,01,910","17,92,915",64.34
TCS,EQ,2025-03-07,"3,601.60","3,600.00","3,625.00","3,574.40","3,602.00","3,611.20","3,605.34","20,51,315","7,39,56,90,221.35","1,31,372","13,92,501",67.88
TCS,EQ,2025-03-10,"3,611.20","3,606.50","3,622.10","3,582.60","3,589.00","3,589.65","3,602.11","10,04,626","3,61,87,76,661.30","75,981","6,54,716",65.17
TCS,EQ,2025-03-11,"3,589.65","3,558.00","3,588.75","3,537.65","3,585.00","3,575.30","3,567.93","19,95,450","7,11,96,17,263.55","1,42,820","13,05,684",65.43
TCS,EQ,2025-03-12,"3,575.30","3,565.00","3,569.25","3,486.85","3,507.80","3,506.20","3,504.81","31,74,167","11,12,48,52,701.55","1,75,588","20,49,932",64.58
TCS,EQ,2025-03-13,"3,506.20","3,502.30","3,524.30","3,484.10","3,509.05","3,511.05","3,504.71","16,93,004","5,93,34,91,139.45","98,963","10,74,125",63.44
TCS,EQ,2025-03-17,"3,511.05","3,489.00","3,530.45","3,477.35","3,499.90","3,497.70","3,496.62","26,90,906","9,40,90,68,295.75","1,71,510","18,91,043",70.28
TCS,EQ,2025-03-18,"3,497.70","3,502.35","3,556.95","3,478.45","3,545.65","3,552.45","3,530.44","30,69,109","10,83,52,99,304.90","1,39,204","20,47,199",66.7
TCS,EQ,2025-03-19,"3,552.45","3,547.00","3,547.00","3,462.75","3,505.00","3,497.10","3,484.81","30,51,244","10,63,29,94,898.70","1,81,144","18,64,625",61.11
TCS,EQ,2025-03-20,"3,497.10","3,512.00","3,578.95","3,512.00","3,556.50","3,563.15","3,559.81","28,45,192","10,12,83,43,015.65","1,56,792","18,73,064",65.83
TCS,EQ,2025-03-21,"3,563.15","3,475.00","3,616.25","3,465.00","3,578.00","3,578.10","3,561.68","41,61,925","14,82,34,64,307.85","1,88,951","25,15,047",60.43
TCS,EQ,2025-03-24,"3,578.10","3,600.00","3,649.75","3,566.60","3,633.00","3,628.95","3,615.19","18,34,751","6,63,29,70,557.70","1,07,825","11,06,270",60.3
TCS,EQ,2025-03-25,"3,628.95","3,645.00","3,710.00","3,638.00","3,641.00","3,657.75","3,673.54","31,35,390","11,51,79,85,340.80","1,81,313","16,75,966",53.45
TCS,EQ,2025-03-26,"3,657.75","3,647.75","3,680.50","3,625.85","3,630.55","3,635.80","3,656.16","17,34,499","6,34,15,97,992.40","1,41,204","11,25,435",64.89
TCS,EQ,2025-03-27,"3,635.80","3,614.85","3,663.00","3,610.50","3,645.00","3,651.20","3,649.02","25,28,474","9,22,64,48,354.45","1,25,080","17,51,050",69.25
TCS,EQ,2025-03-28,"3,651.20","3,651.00","3,660.95","3,591.90","3,604.00","3,606.15","3,613.75","20,51,919","7,41,51,24,946.40","1,29,740","14,28,630",69.62
TCS,EQ,2025-04-01,"3,606.15","3,572.70","3,584.00","3,525.00","3,556.45","3,550.80","3,548.01","26,18,493","9,29,04,45,221.40","1,67,344","16,72,092",63.86
TCS,EQ,2025-04-02,"3,550.80","3,544.00","3,564.10","3,530.05","3,545.00","3,543.95","3,547.15","17,64,313","6,25,82,90,323.80","80,651","12,04,853",68.29
TCS,EQ,2025-04-03,"3,543.95","3,491.00","3,502.00","3,396.15","3,403.30","3,403.15","3,422.75","45,37,821","15,53,18,09,156.15","2,48,807","29,83,469",65.75
TCS,EQ,2025-04-04,"3,403.15","3,362.60","3,399.65","3,295.50","3,304.85","3,299.40","3,318.10","53,17,367","17,64,35,41,008.05","2,16,133","38,55,516",72.51
TCS,EQ,2025-04-07,"3,299.40","3,100.00","3,291.40","3,056.05","3,285.00","3,274.05","3,167.51","66,23,955","20,98,14,63,559.10","3,86,019","43,78,585",66.1
TCS,EQ,2025-04-08,"3,274.05","3,302.05","3,349.00","3,255.30","3,292.80","3,292.95","3,296.22","55,57,558","18,31,89,27,917.45","2,36,248","32,24,046",58.01
TCS,EQ,2025-04-09,"3,292.95","3,260.55","3,270.00","3,212.05","3,239.00","3,246.60","3,248.58","29,90,265","9,71,41,05,049.50","1,84,251","18,85,168",63.04
TCS,EQ,2025-04-11,"3,246.60","3,289.55","3,298.95","3,206.00","3,238.00","3,231.50","3,243.04","71,08,961","23,05,46,18,625.45","3,54,463","41,01,170",57.69
TCS,EQ,2025-04-15,"3,231.50","3,314.40","3,314.40","3,238.60","3,255.00","3,248.20","3,257.87","35,12,160","11,44,21,74,035.70","1,66,106","22,97,346",65.41
TCS,EQ,2025-04-16,"3,248.20","3,248.20","3,278.10","3,229.00","3,274.00","3,273.80","3,260.92","23,84,391","7,77,53,04,840.90","1,31,199","14,11,198",59.18
TCS,EQ,2025-04-17,"3,273.80","3,245.50","3,303.60","3,218.00","3,297.40","3,298.90","3,262.86","29,32,346","9,56,78,36,127.70","1,83,984","14,37,783",49.03
TCS,EQ,2025-04-21,"3,298.90","3,290.10","3,354.00","3,284.10","3,319.00","3,321.60","3,325.96","24,32,946","8,09,18,78,392.80","1,27,748","14,26,351",58.63
TCS,EQ,2025-04-22,"3,321.60","3,322.60","3,333.90","3,295.00","3,312.50","3,314.40","3,315.22","27,10,498","8,98,58,99,446.70","1,51,282","16,10,606",59.42
TCS,EQ,2025-04-23,"3,314.40","3,365.00","3,420.90","3,337.30","3,405.00","3,413.00","3,398.75","35,43,923","12,04,48,99,557.30","1,64,989","20,82,133",58.75
TCS,EQ,2025-04-24,"3,413.00","3,401.10","3,412.50","3,387.70","3,406.00","3,401.60","3,398.95","22,52,175","7,65,50,36,870.70","1,58,061","15,66,847",69.57
TCS,EQ,2025-04-25,"3,401.60","3,420.00","3,477.80","3,405.00","3,434.00","3,448.00","3,442.01","27,42,991","9,44,14,14,787.60","1,51,400","14,29,795",52.13
TCS,EQ,2025-04-28,"3,448.00","3,435.00","3,457.80","3,405.00","3,441.00","3,443.50","3,438.58","15,93,296","5,47,86,82,188.50","94,204","9,43,941",59.24
TCS,EQ,2025-04-29,"3,443.50","3,455.00","3,495.00","3,430.40","3,473.00","3,472.50","3,470.18","15,78,332","5,47,70,91,995.80","95,060","8,34,027",52.84
TCS,EQ,2025-04-30,"3,472.50","3,472.00","3,509.90","3,366.00","3,431.80","3,453.70","3,464.02","28,09,332","9,73,15,86,389.30","1,29,048","19,27,631",68.62
TCS,EQ,2025-05-02,"3,453.70","3,472.00","3,491.50","3,420.00","3,438.00","3,444.70","3,450.76","21,15,624","7,30,05,05,304.30","1,24,212","13,44,455",63.55
TCS,EQ,2025-05-05,"3,444.70","3,450.00","3,504.50","3,446.40","3,454.60","3,454.30","3,466.59","12,84,443","4,45,26,37,028.70","96,657","7,20,885",56.12
TCS,EQ,2025-05-06,"3,454.30","3,460.00","3,473.00","3,437.00","3,451.60","3,460.00","3,458.05","13,24,763","4,58,11,01,196.30","65,526","8,43,965",63.71
TCS,EQ,2025-05-07,"3,460.00","3,420.60","3,459.50","3,420.60","3,448.00","3,445.10","3,442.07","14,77,128","5,08,43,83,270.50","89,334","9,49,257",64.26
TCS,EQ,2025-05-08,"3,445.10","3,448.00","3,477.00","3,428.70","3,434.20","3,448.90","3,451.58","25,43,591","8,77,94,05,820.40","1,16,139","15,28,153",60.08
TCS,EQ,2025-05-09,"3,448.90","3,399.00","3,446.20","3,398.10","3,439.90","3,440.30","3,428.44","25,31,757","8,67,99,86,664.60","1,51,453","15,75,315",62.22
TCS,EQ,2025-05-12,"3,440.30","3,505.00","3,630.50","3,502.20","3,626.50","3,620.40","3,577.93","22,28,678","7,97,40,51,782.10","1,46,104","11,89,063",53.35
TCS,EQ,2025-05-13,"3,620.40","3,620.40","3,623.00","3,510.50","3,518.00","3,515.00","3,541.51","30,62,887","10,84,72,50,162.20","2,21,289","17,62,852",57.56
TCS,EQ,2025-05-14,"3,515.00","3,521.00","3,561.00","3,508.60","3,547.00","3,548.70","3,543.04","21,19,499","7,50,94,59,955.30","1,36,543","14,04,895",66.28
TCS,EQ,2025-05-15,"3,548.70","3,564.00","3,600.00","3,514.10","3,576.50","3,579.90","3,565.55","35,48,330","12,65,17,35,793.00","1,72,937","16,78,653",47.31
TCS,EQ,2025-05-16,"3,579.90","3,593.90","3,593.90","3,546.10","3,561.30","3,561.30","3,559.81","16,66,727","5,93,32,24,873.80","1,17,749","10,56,392",63.38
TCS,EQ,2025-05-19,"3,561.30","3,550.00","3,550.00","3,503.70","3,518.00","3,518.80","3,522.37","25,37,377","8,93,75,85,448.80","1,29,050","15,87,809",62.58
TCS,EQ,2025-05-20,"3,518.80","3,531.80","3,558.00","3,494.00","3,503.00","3,498.30","3,515.81","20,38,374","7,16,65,41,410.90","1,38,343","12,46,214",61.14
TCS,EQ,2025-05-21,"3,498.30","3,508.00","3,537.00","3,498.30","3,521.10","3,525.80","3,523.98","14,40,153","5,07,50,75,089.30","72,782","9,59,668",66.64
TCS,EQ,2025-05-22,"3,525.80","3,495.00","3,497.80","3,451.30","3,483.40","3,477.00","3,473.54","20,34,383","7,06,65,03,817.80","1,38,574","9,94,931",48.91
TCS,EQ,2025-05-23,"3,477.00","3,477.00","3,535.00","3,465.60","3,508.00","3,514.60","3,511.99","12,74,331","4,47,54,40,377.40","71,383","6,74,867",52.96
TCS,EQ,2025-05-26,"3,514.60","3,521.00","3,545.00","3,510.10","3,538.00","3,537.30","3,536.37","9,67,470","3,42,13,30,419.50","67,043","5,23,834",54.14
TCS,EQ,2025-05-27,"3,537.30","3,532.00","3,540.00","3,483.10","3,501.00","3,498.70","3,500.34","24,67,680","8,63,77,18,829.70","1,65,908","12,51,300",50.71
TCS,EQ,2025-05-28,"3,498.70","3,520.00","3,529.00","3,493.00","3,500.10","3,497.70","3,501.32","12,22,933","4,28,18,80,586.60","80,594","7,74,223",63.31
TCS,EQ,2025-05-29,"3,497.70","3,504.70","3,532.50","3,486.50","3,494.00","3,498.10","3,500.24","31,88,072","11,15,90,21,439.90","1,46,463","16,13,813",50.62
TCS,EQ,2025-05-30,"3,498.10","3,490.00","3,506.70","3,453.10","3,460.00","3,463.40","3,473.80","34,04,365","11,82,60,74,213.60","1,04,081","25,32,800",74.4
TCS,EQ,2025-06-02,"3,463.40","3,450.00","3,460.00","3,418.60","3,445.80","3,449.80","3,441.46","18,77,585","6,46,16,35,240.30","1,05,414","11,88,069",63.28
TCS,EQ,2025-06-03,"3,449.80","3,446.00","3,473.50","3,400.50","3,411.40","3,405.20","3,418.44","28,48,125","9,73,61,54,029.80","1,95,278","17,46,886",61.33
TCS,EQ,2025-06-04,"3,405.20","3,389.00","3,394.80","3,370.00","3,381.00","3,380.90","3,382.86","25,44,807","8,60,87,17,239.60","1,85,107","17,14,119",67.36
TCS,EQ,2025-06-05,"3,380.90","3,409.00","3,409.00","3,363.70","3,374.00","3,371.10","3,380.39","35,84,683","12,11,76,23,680.00","1,29,913","22,61,231",63.08
TCS,EQ,2025-06-06,"3,371.10","3,371.10","3,390.90","3,358.70","3,388.00","3,384.20","3,376.59","20,70,390","6,99,08,55,288.40","94,941","14,82,546",71.61
TCS,EQ,2025-06-09,"3,384.20","3,400.00","3,434.00","3,390.90","3,423.00","3,421.90","3,420.68","17,18,678","5,87,90,53,289.40","73,412","12,57,044",73.14
TCS,EQ,2025-06-10,"3,421.90","3,440.00","3,485.80","3,423.20","3,461.90","3,462.90","3,462.61","24,19,874","8,37,90,90,971.30","1,09,195","15,24,141",62.98
TCS,EQ,2025-06-11,"3,462.90","3,470.00","3,489.00","3,449.10","3,470.80","3,471.90","3,471.90","28,47,013","9,88,45,49,517.90","1,63,525","21,72,976",76.32
TCS,EQ,2025-06-12,"3,471.90","3,471.90","3,474.70","3,423.20","3,432.00","3,434.20","3,447.13","40,60,134","13,99,57,94,452.10","1,64,333","24,20,793",59.62
TCS,EQ,2025-06-13,"3,434.20","3,393.20","3,450.50","3,393.20","3,447.40","3,445.70","3,436.18","21,78,493","7,48,56,89,915.90","1,40,820","15,21,002",69.82
TCS,EQ,2025-06-16,"3,445.70","3,440.00","3,509.00","3,426.20","3,496.20","3,496.30","3,493.01","19,34,088","6,75,57,88,711.20","1,09,847","11,81,835",61.11
TCS,EQ,2025-06-17,"3,496.30","3,510.00","3,520.00","3,488.10","3,512.00","3,515.30","3,511.25","21,11,940","7,41,55,51,942.20","1,45,498","13,31,538",63.05
TCS,EQ,2025-06-18,"3,515.30","3,519.10","3,538.00","3,443.10","3,455.00","3,451.40","3,483.78","26,96,327","9,39,33,97,237.60","1,03,359","12,85,029",47.66
TCS,EQ,2025-06-19,"3,451.40","3,450.00","3,451.00","3,413.00","3,420.00","3,424.00","3,426.54","26,72,768","9,15,83,51,862.50","1,25,292","14,33,831",53.65
TCS,EQ,2025-06-20,"3,424.00","3,425.00","3,446.30","3,410.90","3,429.10","3,435.70","3,432.16","23,51,248","8,06,98,55,528.70","1,00,374","16,74,052",71.2
TCS,EQ,2025-06-23,"3,435.70","3,415.00","3,425.00","3,370.00","3,392.00","3,393.60","3,392.20","31,23,421","10,59,52,71,627.80","1,53,401","21,60,111",69.16
TCS,EQ,2025-06-24,"3,393.60","3,434.60","3,442.10","3,382.00","3,392.00","3,390.40","3,408.47","34,03,048","11,59,91,75,864.40","1,78,183","20,73,351",60.93
TCS,EQ,2025-06-25,"3,390.40","3,407.30","3,450.00","3,400.00","3,443.00","3,444.80","3,422.33","17,57,699","6,01,54,21,913.00","1,01,280","10,44,025",59.4
TCS,EQ,2025-06-26,"3,444.80","3,444.80","3,451.40","3,415.30","3,443.00","3,441.80","3,437.70","28,79,106","9,89,75,01,153.90","1,43,687","17,17,081",59.64
TCS,EQ,2025-06-27,"3,441.80","3,455.00","3,466.40","3,431.00","3,445.00","3,441.10","3,445.16","17,78,433","6,12,69,78,962.50","1,22,369","11,39,101",64.05
TCS,EQ,2025-06-30,"3,441.10","3,439.90","3,464.90","3,430.00","3,460.00","3,462.00","3,452.05","14,68,351","5,06,88,27,379.20","1,30,938","9,52,875",64.89
TCS,EQ,2025-07-01,"3,462.00","3,455.00","3,485.00","3,413.50","3,430.00","3,429.70","3,439.04","23,75,183","8,16,83,54,151.00","1,25,874","13,76,618",57.96
TCS,EQ,2025-07-02,"3,429.70","3,487.20","3,489.90","3,420.00","3,423.50","3,423.30","3,445.44","30,90,585","10,64,84,36,048.10","1,11,947","17,16,364",55.54
TCS,EQ,2025-07-03,"3,423.30","3,430.00","3,435.30","3,397.60","3,400.00","3,400.80","3,414.55","25,31,870","8,64,52,07,975.40","1,31,370","18,19,603",71.87
TCS,EQ,2025-07-04,"3,400.80","3,408.00","3,427.00","3,390.10","3,420.00","3,419.80","3,413.91","11,09,320","3,78,71,17,009.90","87,593","6,44,036",58.06
TCS,EQ,2025-07-07,"3,419.80","3,418.30","3,426.10","3,408.40","3,410.60","3,411.70","3,417.70","16,39,174","5,60,22,06,127.80","73,810","11,18,374",68.23
TCS,EQ,2025-07-08,"3,411.70","3,405.00","3,425.00","3,393.40","3,406.00","3,406.20","3,407.01","23,25,242","7,92,21,16,743.70","1,78,045","16,61,198",71.44
TCS,EQ,2025-07-09,"3,406.20","3,410.00","3,414.00","3,367.00","3,386.00","3,383.80","3,387.16","20,34,938","6,89,26,61,354.30","1,91,376","12,79,329",62.87
TCS,EQ,2025-07-10,"3,383.80","3,380.00","3,399.00","3,356.00","3,395.00","3,382.00","3,379.02","30,35,012","10,25,53,61,029.90","1,76,792","17,19,068",56.64
TCS,EQ,2025-07-11,"3,382.00","3,299.90","3,335.00","3,261.10","3,264.50","3,266.00","3,295.45","76,35,550","25,16,25,51,686.40","5,52,284","50,62,574",66.3
TCS,EQ,2025-07-14,"3,266.00","3,266.00","3,272.00","3,200.00","3,227.50","3,222.70","3,224.72","39,24,009","12,65,38,11,861.80","3,96,894","27,60,493",70.35
TCS,EQ,2025-07-15,"3,222.70","3,206.00","3,259.40","3,206.00","3,252.00","3,252.30","3,243.32","25,90,889","8,40,30,81,368.10","1,71,257","17,62,338",68.02
TCS,EQ,2025-07-16,"3,252.30","3,227.00","3,244.90","3,220.60","3,230.90","3,233.10","3,235.91","25,40,733","8,22,15,86,412.60","1,72,998","18,36,366",72.28
TCS,EQ,2025-07-17,"3,233.10","3,224.10","3,242.00","3,204.10","3,207.70","3,209.20","3,220.48","29,47,640","9,49,28,07,475.50","1,57,207","18,67,207",63.35
TCS,EQ,2025-07-18,"3,209.20","3,225.00","3,228.80","3,187.00","3,189.60","3,189.90","3,201.13","34,32,645","10,98,83,48,160.40","1,95,464","26,99,991",78.66
TCS,EQ,2025-07-21,"3,189.90","3,190.00","3,197.60","3,152.00","3,158.90","3,158.20","3,162.44","38,44,346","12,15,75,19,336.90","1,95,683","30,15,136",78.43
TCS,EQ,2025-07-22,"3,158.20","3,159.60","3,180.10","3,154.60","3,164.70","3,159.60","3,163.54","31,98,036","10,11,71,07,299.10","1,38,279","23,68,727",74.07
TCS,EQ,2025-07-23,"3,159.60","3,159.60","3,182.00","3,157.60","3,175.00","3,179.10","3,169.59","19,22,875","6,09,47,30,938.80","96,628","14,44,368",75.12
TCS,EQ,2025-07-24,"3,179.10","3,165.10","3,173.70","3,140.00","3,144.90","3,148.00","3,155.37","29,34,778","9,26,03,12,011.30","1,02,612","20,78,166",70.81
TCS,EQ,2025-07-25,"3,148.00","3,140.00","3,156.90","3,125.60","3,140.00","3,135.80","3,140.77","25,68,917","8,06,83,75,805.90","1,05,704","18,65,883",72.63
TCS,EQ,2025-07-28,"3,135.80","3,110.00","3,118.00","3,069.90","3,085.80","3,079.30","3,092.56","33,74,473","10,43,57,52,450.00","2,73,133","22,28,745",66.05
TCS,EQ,2025-07-29,"3,079.30","3,060.00","3,074.00","3,041.20","3,057.00","3,056.00","3,056.04","47,85,312","14,62,40,90,930.70","2,47,039","37,01,660",77.35
TCS,EQ,2025-07-30,"3,056.00","3,060.00","3,069.00","3,047.20","3,052.10","3,053.60","3,058.58","28,80,121","8,80,90,78,906.80","1,27,490","22,97,558",79.77
TCS,EQ,2025-07-31,"3,053.60","3,041.70","3,059.80","3,015.00","3,033.20","3,036.80","3,034.36","29,68,371","9,00,71,05,954.30","1,99,367","18,43,385",62.1
TCS,EQ,2025-08-01,"3,036.80","3,029.90","3,036.80","3,000.00","3,001.10","3,003.00","3,013.79","20,53,847","6,18,98,63,144.50","1,54,119","13,78,316",67.11
TCS,EQ,2025-08-04,"3,003.00","3,009.10","3,079.40","2,991.60","3,078.70","3,074.40","3,046.24","25,19,252","7,67,42,44,863.50","1,54,005","17,75,012",70.46
TCS,EQ,2025-08-05,"3,074.40","3,074.40","3,077.50","3,042.00","3,060.00","3,063.90","3,057.96","19,27,996","5,89,57,39,286.30","1,18,848","13,80,270",71.59
TCS,EQ,2025-08-06,"3,063.90","3,063.00","3,066.80","3,026.00","3,031.60","3,032.30","3,037.10","14,87,081","4,51,64,12,670.50","1,09,992","10,06,545",67.69
TCS,EQ,2025-08-07,"3,032.30","3,016.00","3,051.60","3,010.90","3,049.10","3,047.00","3,032.09","25,43,076","7,71,08,29,083.30","1,38,156","16,64,541",65.45
TCS,EQ,2025-08-08,"3,047.00","3,048.10","3,059.80","3,025.00","3,031.90","3,036.40","3,043.58","27,62,140","8,40,68,05,181.00","1,19,961","19,11,858",69.22
TCS,EQ,2025-08-11,"3,036.40","3,036.40","3,049.90","3,021.30","3,042.00","3,040.80","3,040.50","18,84,215","5,72,89,58,255.60","1,32,617","13,40,095",71.12
TCS,EQ,2025-08-12,"3,040.80","3,041.00","3,096.40","3,026.90","3,039.80","3,035.40","3,057.38","33,58,232","10,26,73,95,734.80","1,65,565","20,92,242",62.3
TCS,EQ,2025-08-13,"3,035.40","3,036.10","3,044.40","3,028.60","3,035.00","3,036.20","3,037.72","21,48,166","6,52,55,33,464.30","1,17,340","14,87,436",69.24
TCS,EQ,2025-08-14,"3,036.20","3,034.00","3,055.90","3,019.10","3,022.50","3,022.30","3,032.52","33,42,174","10,13,52,12,616.40","1,94,661","22,90,360",68.53
TCS,EQ,2025-08-18,"3,022.30","3,046.50","3,049.00","3,003.40","3,013.00","3,011.20","3,015.34","29,45,609","8,88,20,05,616.60","1,37,367","20,14,568",68.39
TCS,EQ,2025-08-19,"3,011.20","3,011.20","3,025.00","3,011.10","3,018.00","3,016.20","3,016.58","26,50,784","7,99,62,91,836.90","1,19,303","20,72,920",78.2
TCS,EQ,2025-08-20,"3,016.20","3,010.90","3,103.40","3,010.90","3,094.80","3,098.60","3,078.21","49,52,358","15,24,44,01,986.40","1,90,110","32,10,074",64.82
TCS,EQ,2025-08-21,"3,098.60","3,130.00","3,130.00","3,083.10","3,100.00","3,102.60","3,107.84","32,30,726","10,04,05,86,025.70","1,19,697","20,28,606",62.79
TCS,EQ,2025-08-22,"3,102.60","3,086.00","3,095.70","3,050.00","3,054.70","3,054.00","3,068.45","15,93,791","4,89,04,62,450.30","82,740","8,36,020",52.45
TCS,EQ,2025-08-25,"3,054.00","3,087.30","3,152.00","3,077.10","3,142.10","3,140.60","3,133.79","34,48,370","10,80,64,64,376.70","2,00,973","17,96,383",52.09
TCS,EQ,2025-08-26,"3,140.60","3,129.00","3,162.00","3,120.00","3,157.00","3,157.20","3,152.41","55,22,097","17,40,79,35,331.00","1,73,962","39,83,150",72.13
TCS,EQ,2025-08-28,"3,157.20","3,145.00","3,146.50","3,086.50","3,098.00","3,093.70","3,110.39","31,16,051","9,69,21,21,881.30","2,04,600","17,52,435",56.24
TCS,EQ,2025-08-29,"3,093.70","3,093.00","3,115.00","3,077.20","3,083.80","3,084.70","3,093.86","22,71,789","7,02,86,04,709.30","1,09,782","13,74,444",60.5
TCS,EQ,2025-09-01,"3,084.70","3,090.00","3,131.10","3,090.00","3,111.00","3,112.60","3,118.12","12,46,862","3,88,78,60,373.50","85,857","4,95,607",39.75
TCS,EQ,2025-09-02,"3,112.60","3,121.10","3,155.00","3,103.10","3,112.00","3,111.50","3,125.54","21,85,229","6,83,00,18,367.90","1,54,171","11,34,456",51.91
TCS,EQ,2025-09-03,"3,111.50","3,129.90","3,141.90","3,088.00","3,100.00","3,097.50","3,102.69","17,99,774","5,58,41,47,665.60","1,06,698","10,25,073",56.96
TCS,EQ,2025-09-04,"3,097.50","3,116.00","3,118.00","3,090.80","3,095.80","3,095.70","3,101.37","14,81,391","4,59,43,43,759.60","1,04,731","7,69,710",51.96
TCS,EQ,2025-09-05,"3,095.70","3,097.10","3,103.40","3,028.60","3,048.00","3,048.30","3,052.10","28,02,055","8,55,21,62,278.60","2,03,461","14,65,593",52.3
TCS,EQ,2025-09-08,"3,048.30","3,050.00","3,064.90","3,016.00","3,023.20","3,019.00","3,028.84","26,26,187","7,95,42,91,229.00","1,12,429","17,20,345",65.51
TCS,EQ,2025-09-09,"3,019.00","3,032.10","3,060.00","3,030.80","3,052.00","3,049.40","3,048.62","24,89,301","7,58,89,29,067.90","1,64,479","10,49,895",42.18
TCS,EQ,2025-09-10,"3,049.40","3,056.40","3,122.70","3,053.40","3,110.00","3,110.00","3,104.63","20,79,428","6,45,58,61,143.70","1,27,545","9,38,263",45.12
TCS,EQ,2025-09-11,"3,110.00","3,139.00","3,139.00","3,110.10","3,125.20","3,124.20","3,121.51","22,63,446","7,06,53,62,076.90","1,26,730","11,77,834",52.04
TCS,EQ,2025-09-12,"3,124.20","3,144.00","3,148.70","3,121.00","3,133.00","3,133.40","3,134.12","14,47,167","4,53,55,89,799.80","1,03,589","9,93,836",68.67
TCS,EQ,2025-09-15,"3,133.40","3,134.00","3,134.00","3,096.00","3,112.50","3,111.90","3,108.20","17,32,539","5,38,50,83,002.30","1,45,801","12,23,812",70.64
TCS,EQ,2025-09-16,"3,111.90","3,128.00","3,150.00","3,109.10","3,147.90","3,145.70","3,132.70","25,73,429","8,06,17,82,019.30","96,675","14,89,928",57.9
TCS,EQ,2025-09-17,"3,145.70","3,152.00","3,182.40","3,142.40","3,175.00","3,172.80","3,170.19","24,18,271","7,66,63,88,043.20","1,00,973","16,47,994",68.15
TCS,EQ,2025-09-18,"3,172.80","3,185.00","3,203.00","3,161.40","3,177.00","3,176.70","3,179.00","26,33,138","8,37,07,38,058.40","1,47,801","14,58,914",55.41
TCS,EQ,2025-09-19,"3,176.70","3,170.00","3,180.50","3,144.00","3,171.00","3,169.20","3,163.36","49,01,694","15,50,58,26,514.10","1,09,280","36,74,528",74.96
TCS,EQ,2025-09-22,"3,169.20","3,095.00","3,106.90","3,065.00","3,075.50","3,073.80","3,082.86","36,34,901","11,20,58,89,441.10","3,21,272","19,89,475",54.73
TCS,EQ,2025-09-23,"3,073.80","3,070.00","3,080.70","3,052.00","3,065.00","3,062.40","3,063.85","31,77,741","9,73,61,21,756.20","1,41,198","16,80,183",52.87
TCS,EQ,2025-09-24,"3,062.40","3,050.00","3,057.00","3,033.00","3,036.80","3,035.40","3,044.04","16,25,714","4,94,87,46,206.60","1,01,133","10,77,171",66.26
TCS,EQ,2025-09-25,"3,035.40","3,022.00","3,029.60","2,951.00","2,958.00","2,957.40","2,977.56","49,74,361","14,81,14,52,426.90","4,18,858","34,33,593",69.03
TCS,EQ,2025-09-26,"2,957.40","2,941.00","2,954.80","2,891.30","2,905.40","2,899.10","2,915.19","39,34,636","11,47,02,04,570.00","3,90,339","25,54,500",64.92
TCS,EQ,2025-09-29,"2,899.10","2,916.00","2,929.30","2,894.00","2,904.30","2,896.10","2,904.37","31,10,035","9,03,26,90,025.70","1,79,197","21,20,974",68.2
TCS,EQ,2025-09-30,"2,896.10","2,911.00","2,915.30","2,885.10","2,891.00","2,888.40","2,895.89","22,53,458","6,52,57,55,380.40","2,01,510","13,19,728",58.56
TCS,EQ,2025-10-01,"2,888.40","2,891.00","2,924.80","2,866.60","2,915.10","2,914.20","2,897.26","19,52,902","5,65,80,70,903.00","1,24,217","9,53,174",48.81
TCS,EQ,2025-10-03,"2,914.20","2,924.00","2,924.00","2,891.10","2,903.00","2,901.90","2,902.27","28,99,519","8,41,51,75,156.20","1,56,466","21,06,576",72.65
TCS,EQ,2025-10-06,"2,901.90","2,902.00","2,993.60","2,895.60","2,988.00","2,988.40","2,959.88","21,12,774","6,25,35,56,716.30","1,00,920","8,76,175",41.47
TCS,EQ,2025-10-07,"2,988.40","2,995.00","3,004.50","2,955.50","2,975.00","2,973.70","2,971.70","30,62,943","9,10,21,39,525.60","1,41,987","14,93,126",48.75
TCS,EQ,2025-10-08,"2,973.70","2,975.00","3,043.00","2,968.00","3,031.50","3,027.20","3,024.78","41,21,889","12,46,78,11,108.50","1,54,336","22,90,062",55.56
TCS,EQ,2025-10-09,"3,027.20","3,034.00","3,066.00","3,020.00","3,060.20","3,061.70","3,046.36","32,11,304","9,78,27,98,225.60","1,33,703","15,13,007",47.12
TCS,EQ,2025-10-10,"3,061.70","3,050.00","3,070.00","3,006.90","3,028.00","3,028.30","3,032.16","88,17,365","26,73,56,29,672.60","2,44,153","45,24,359",51.31
TCS,EQ,2025-10-13,"3,028.30","3,027.00","3,035.50","2,998.20","3,006.00","3,007.20","3,011.37","28,66,865","8,63,31,80,149.10","1,69,572","16,77,710",58.52
TCS,EQ,2025-10-14,"3,007.20","3,021.00","3,027.20","2,955.50","2,960.00","2,960.30","2,976.34","36,11,416","10,74,87,94,587.50","1,83,673","21,06,071",58.32
TCS,EQ,2025-10-15,"2,960.30","2,971.00","2,979.70","2,951.00","2,970.00","2,969.80","2,967.01","42,82,226","12,70,53,86,117.20","1,46,773","29,06,314",67.87
TCS,EQ,2025-10-16,"2,969.80","2,969.90","2,975.00","2,943.10","2,971.80","2,970.70","2,961.98","32,51,495","9,63,08,75,594.50","1,97,293","19,09,746",58.73
TCS,EQ,2025-10-17,"2,970.70","2,970.00","2,988.80","2,955.40","2,963.00","2,962.20","2,967.59","43,74,683","12,98,22,48,748.30","1,65,312","29,44,104",67.3
TCS,EQ,2025-10-20,"2,962.20","2,985.50","3,023.00","2,978.50","3,016.30","3,015.20","3,007.54","31,33,039","9,42,27,54,243.30","1,63,532","17,65,113",56.34
TCS,EQ,2025-10-21,"3,015.20","3,031.10","3,031.80","2,996.00","3,000.00","3,006.70","3,013.14","3,10,644","93,60,15,414.70","29,319","1,99,309",64.17
TCS,EQ,2025-10-23,"3,006.70","3,055.00","3,098.00","3,036.10","3,070.00","3,073.20","3,075.63","55,64,758","17,11,51,35,296.00","2,90,229","35,39,362",63.6
TCS,EQ,2025-10-24,"3,073.20","3,080.00","3,090.00","3,058.30","3,060.60","3,063.20","3,073.62","26,84,318","8,25,05,73,087.80","1,87,127","17,40,995",64.86
TCS,EQ,2025-10-27,"3,063.20","3,066.50","3,094.20","3,060.20","3,083.00","3,084.90","3,083.94","19,46,312","6,00,23,14,206.60","85,517","12,79,790",65.75
TCS,EQ,2025-10-28,"3,084.90","3,076.00","3,090.20","3,040.20","3,059.80","3,057.90","3,059.27","34,70,737","10,61,79,38,168.30","1,40,326","18,58,414",53.55
TCS,EQ,2025-10-29,"3,057.90","3,057.90","3,076.00","3,046.10","3,060.00","3,057.60","3,061.14","28,95,420","8,86,32,86,092.50","1,16,138","20,28,880",70.07
TCS,EQ,2025-10-30,"3,057.60","3,049.10","3,063.80","3,032.80","3,035.50","3,035.30","3,039.99","22,41,536","6,81,42,45,032.00","1,15,244","14,19,911",63.35
TCS,EQ,2025-10-31,"3,035.30","3,035.00","3,067.40","3,025.10","3,060.00","3,058.00","3,055.61","18,68,085","5,70,81,36,334.30","81,376","10,61,052",56.8
TCS,EQ,2025-11-03,"3,058.00","3,046.90","3,058.00","3,010.00","3,019.50","3,016.80","3,024.83","21,94,877","6,63,91,24,030.70","1,01,452","13,36,910",60.91
TCS,EQ,2025-11-04,"3,016.80","3,019.60","3,029.30","2,976.00","2,987.70","2,990.20","2,992.11","26,70,720","7,99,10,78,689.60","1,68,525","14,83,484",55.55
TCS,EQ,2025-11-06,"2,990.20","2,990.10","3,024.00","2,990.00","3,010.00","3,010.90","3,010.50","25,42,721","7,65,48,60,638.80","2,00,775","14,13,297",55.58
TCS,EQ,2025-11-07,"3,010.90","3,001.00","3,004.00","2,960.50","2,993.50","2,991.80","2,979.65","18,30,520","5,45,43,08,584.30","1,06,949","11,09,024",60.59
TCS,EQ,2025-11-10,"2,991.80","2,993.00","3,047.90","2,992.00","3,025.00","3,025.20","3,022.51","15,56,656","4,70,50,08,219.70","78,119","8,16,069",52.42
TCS,EQ,2025-11-11,"3,025.20","3,045.00","3,055.70","3,018.00","3,049.00","3,047.00","3,037.03","28,06,868","8,52,45,41,738.50","1,12,361","13,42,988",47.85
TCS,EQ,2025-11-12,"3,047.00","3,060.00","3,136.40","3,057.10","3,125.10","3,131.80","3,114.78","44,60,315","13,89,29,02,410.20","1,75,446","30,15,019",67.6
TCS,EQ,2025-11-13,"3,131.80","3,131.80","3,131.90","3,102.00","3,104.80","3,105.70","3,113.07","17,40,435","5,41,80,91,012.50","1,20,845","10,55,344",60.64
TCS,EQ,2025-11-14,"3,105.70","3,090.00","3,113.10","3,077.30","3,112.00","3,106.00","3,095.35","22,10,794","6,84,31,77,119.90","1,05,008","15,41,959",69.75
TCS,EQ,2025-11-17,"3,106.00","3,106.00","3,123.50","3,086.60","3,100.00","3,102.20","3,099.87","22,32,853","6,92,15,46,326.90","96,155","13,88,889",62.2
TCS,EQ,2025-11-18,"3,102.20","3,102.00","3,105.00","3,078.00","3,080.10","3,087.10","3,090.92","25,48,350","7,87,67,55,648.90","1,10,903","14,03,839",55.09
TCS,EQ,2025-11-19,"3,087.10","3,097.00","3,155.00","3,083.50","3,147.00","3,147.70","3,136.67","31,51,053","9,88,38,20,509.80","1,60,625","17,88,158",56.75
TCS,EQ,2025-11-20,"3,147.70","3,148.00","3,164.50","3,138.10","3,149.80","3,144.80","3,152.05","27,00,767","8,51,29,40,687.70","1,13,822","14,67,605",54.34
TCS,EQ,2025-11-21,"3,144.80","3,144.80","3,170.00","3,135.20","3,150.00","3,150.60","3,153.22","41,77,037","13,17,11,33,172.80","1,36,571","22,77,567",54.53
TCS,EQ,2025-11-24,"3,150.60","3,158.00","3,178.90","3,131.00","3,134.00","3,141.20","3,151.71","67,03,764","21,12,83,17,183.50","1,76,937","47,63,581",71.06
TCS,EQ,2025-11-25,"3,141.20","3,145.30","3,149.80","3,115.00","3,115.70","3,119.20","3,127.55","27,37,920","8,56,29,68,101.70","1,44,573","16,19,081",59.14
TCS,EQ,2025-11-26,"3,119.20","3,118.80","3,178.00","3,117.00","3,162.90","3,162.90","3,157.95","25,08,527","7,92,18,09,747.00","1,12,405","16,16,953",64.46
TCS,EQ,2025-11-27,"3,162.90","3,180.00","3,180.00","3,125.00","3,134.00","3,136.60","3,142.97","28,36,233","8,91,41,92,099.10","1,71,374","16,56,213",58.39
TCS,EQ,2025-11-28,"3,136.60","3,140.00","3,147.30","3,125.00","3,135.90","3,137.50","3,137.82","16,16,690","5,07,28,88,841.30","79,463","10,02,178",61.99
TCS,EQ,2025-12-01,"3,137.50","3,137.90","3,154.00","3,122.20","3,138.00","3,133.40","3,133.29","17,47,647","5,47,58,78,282.20","1,30,698","10,72,880",61.39
TCS,EQ,2025-12-02,"3,133.40","3,131.00","3,144.00","3,120.40","3,137.50","3,135.70","3,133.36","25,12,003","7,87,10,11,640.60","1,27,701","16,03,990",63.85
TCS,EQ,2025-12-03,"3,135.70","3,140.00","3,211.90","3,139.00","3,180.00","3,180.00","3,185.48","39,52,112","12,58,93,78,283.40","1,92,454","21,22,464",53.7
TCS,EQ,2025-12-04,"3,180.00","3,194.00","3,250.00","3,187.40","3,227.00","3,229.20","3,231.21","50,25,905","16,23,97,49,623.20","1,85,585","33,63,573",66.92
TCS,EQ,2025-12-05,"3,229.20","3,230.00","3,271.60","3,222.40","3,241.00","3,238.20","3,246.03","52,44,013","17,02,22,14,888.30","1,78,219","32,39,404",61.77
TCS,EQ,2025-12-08,"3,238.20","3,243.00","3,259.90","3,208.60","3,237.90","3,236.50","3,236.92","25,44,725","8,23,70,58,645.90","1,21,186","15,36,350",60.37
TCS,EQ,2025-12-09,"3,236.50","3,230.00","3,233.70","3,181.20","3,208.00","3,208.30","3,201.08","27,34,893","8,75,46,08,897.60","1,38,787","12,62,341",46.16
TCS,EQ,2025-12-10,"3,208.30","3,225.00","3,225.00","3,178.10","3,185.00","3,189.20","3,191.56","13,86,849","4,42,62,07,513.50","82,261","7,22,010",52.06
TCS,EQ,2025-12-11,"3,189.20","3,205.00","3,208.40","3,153.10","3,193.90","3,191.90","3,184.35","19,14,362","6,09,59,95,407.30","1,00,793","9,44,111",49.32
TCS,EQ,2025-12-12,"3,191.90","3,197.70","3,223.00","3,185.70","3,220.10","3,220.50","3,209.12","11,46,554","3,67,94,24,706.90","83,968","7,40,058",64.55
TCS,EQ,2025-12-15,"3,220.50","3,211.10","3,238.20","3,197.30","3,227.00","3,230.20","3,220.97","15,62,190","5,03,17,66,680.70","1,07,289","9,70,452",62.12
TCS,EQ,2025-12-16,"3,230.20","3,220.00","3,220.00","3,191.10","3,206.60","3,205.10","3,204.68","17,34,623","5,55,89,13,487.80","97,265","10,29,972",59.38
TCS,EQ,2025-12-17,"3,205.10","3,200.50","3,236.90","3,200.50","3,217.80","3,217.80","3,218.60","13,76,350","4,42,99,15,958.70","88,357","8,21,318",59.67
TCS,EQ,2025-12-18,"3,217.80","3,228.00","3,287.80","3,221.00","3,281.20","3,280.80","3,260.45","23,07,422","7,52,32,25,819.80","1,66,551","11,85,210",51.37
TCS,EQ,2025-12-19,"3,280.80","3,299.00","3,317.90","3,278.80","3,285.00","3,282.00","3,295.00","39,02,511","12,85,87,80,664.30","1,22,711","24,37,494",62.46
TCS,EQ,2025-12-22,"3,282.00","3,310.00","3,328.60","3,291.00","3,324.90","3,324.90","3,314.14","26,32,816","8,72,55,23,457.10","1,01,733","17,33,705",65.85
TCS,EQ,2025-12-23,"3,324.90","3,319.90","3,319.90","3,293.50","3,305.10","3,310.00","3,304.76","23,65,420","7,81,71,55,849.90","1,39,216","10,69,663",45.22
TCS,EQ,2025-12-24,"3,310.00","3,304.10","3,327.10","3,296.10","3,313.10","3,319.00","3,312.41","13,67,708","4,53,04,13,590.90","84,873","7,53,755",55.11
TCS,EQ,2025-12-26,"3,319.00","3,313.10","3,320.00","3,271.80","3,276.80","3,280.00","3,287.91","11,76,664","3,86,87,59,940.60","89,363","7,38,341",62.75
TCS,EQ,2025-12-29,"3,280.00","3,280.00","3,288.00","3,242.90","3,256.00","3,251.50","3,254.98","20,79,473","6,76,86,50,796.40","1,17,390","14,03,152",67.48
TCS,EQ,2025-12-30,"3,251.50","3,250.00","3,267.50","3,239.50","3,255.00","3,246.80","3,250.64","28,07,593","9,12,64,73,823.50","1,84,541","19,39,014",69.06
TCS,EQ,2025-12-31,"3,246.80","3,240.00","3,246.00","3,198.50","3,210.00","3,206.20","3,216.08","33,62,634","10,81,45,02,991.90","1,45,683","24,28,193",72.21
